grid_schema_version,shard_id,log10_target_error,estimator_variant,trotter_reps,mpf_branch_count,mpf_segments,schema_version,run_id,generated_at_utc,config_digest,sweep,hamiltonian_model,hamiltonian_name,model_parameters_json,system_qubits,evolution_time,time_scaling_mode,time_scaling_coefficient,target_error,hamiltonian_alpha,hamiltonian_term_count,method_id,method_family,method_label,error_policy,estimate_category,trotter_order,mpf_term_count,mpf_formal_order,mpf_branch_count_policy,mpf_branch_count_policy_extensiveness_g,mpf_branch_count_policy_target_error,segment_count,mpf_r_error,mpf_r_time_1,mpf_r_time_2,mpf_active_constraints_json,mpf_mu_upper,mpf_truncation_order_p0,mpf_auxiliary_error,mpf_auxiliary_allocation_fraction,mpf_local_commutator_error,mpf_local_truncated_bch_error,mpf_refined_lemma9_remainder,mpf_refined_lemma10_remainder,mpf_total_branchwise_bch_remainder,mpf_local_step_error,mpf_repeated_global_error,mpf_legacy_first_time_limit,mpf_legacy_first_condition_passed,mpf_second_time_limit,mpf_schedule_weights_json,mpf_schedule_weighted_extensiveness,mpf_exact_commutator_cutoff,mpf_locality_fallback,mpf_locality_fallback_reason,mpf_refined_tail_fallback_status,mpf_local_error_dominance,mpf_bound_policy,mpf_bound_candidates_json,query_count,qsvt_degree,trotter_partition,trotter_group_count,bound_value,bound_prefactor,bound_method,bound_reference,bound_theorem_or_equations,bound_components_json,bound_rigorous,bound_scope,bound_target_satisfied,hamiltonian_decomposition,bound_assumptions_json,bound_fallback_reason,max_nested_commutator_order,max_exact_nested_commutator_order,locality_compatible,commutator_cap_fallback,commutator_bounds_json,circuit_bound_scope,circuit_bound_rigorous,circuit_target_satisfied,algorithm_error_budget,mpf_schedule,mpf_exponents_json,mpf_coefficients_json,mpf_coefficient_l1_norm,mpf_padding_weight,mpf_exponent_sum,mpf_exponent_sum_source,mpf_explicit_schedule_available,mpf_physical_branch_count,mpf_negative_coefficient_count,mpf_padding_branch_count,mpf_sign_branch_count,mpf_active_branch_count,mpf_unused_branch_state_count,mpf_prepare_calls_per_segment,mpf_select_calls_per_segment,mpf_good_reflections_per_segment,mpf_base_lcu_uses_per_segment,lcu_normalization,amplitude_amplification,amplitude_amplification_rounds,good_subspace,nominal_success_probability,total_qubits,rotation_count,toffoli_count,depth,t_count,cnot_count,counting_mode,rotation_synthesis_error,empirical_calibration_id,empirical_calibration_model,empirical_coefficient_model,empirical_coefficient_value,empirical_calibration_size_min,empirical_calibration_size_max,empirical_calibration_time_min,empirical_calibration_time_max,empirical_size_extrapolated,empirical_time_extrapolated,empirical_active_constraint,package_version,python_version,qiskit_version,git_commit,git_dirty,status,error_type,error_message
1.0,transverse_field_ising:N026,-1.0,commutator,8256.0,,,2.0,a8fa234e-a646-4911-8402-a67c302db4ae,2026-08-12T00:11:58.358108+00:00,c1ad72de628f71283ac69037e9bbe97c3e773952f5abde5eac91397ca322d1a6,resource-grid,transverse_field_ising,TFIM-26,"{""coupling"":1.0,""field"":3.0,""periodic"":false}",26,26.0,proportional,1.0,0.1,103.0,51,trotter-p2,trotter,Trotter p=2,analytical,analytical,2.0,,,,,,8256.0,,,,,,,,,,,,,,,,,,,,,,,,,,,,,,individual,51.0,0.0899924555690764,349.0,childs-commutator,"Childs, Su, Tran, Wiebe, and Zhu, arXiv:1912.08854",Propositions 9--10,"{""prefactor"":349.0}",True,implemented-product-formula,True,,"[""the resolved ordered Hamiltonian groups match the implemented formula""]",,,,,,,implemented-product-formula,True,True,0.09000000000000001,,,,,,,,,,,,,,,,,,,1.0,none,0.0,system register,1.0,26.0,833856.0,0.0,-1.0,70043904.0,817506.0,analytical-model,0.010000000000000002,,,,,,,,,,,,0.1.0,3.11.9,2.5.0,b58b31db18364511c43757e27fffc7abce8df2c1,True,ok,,
1.0,transverse_field_ising:N026,-1.0,empirical,2181.0,,,2.0,a8fa234e-a646-4911-8402-a67c302db4ae,2026-08-12T00:11:58.358108+00:00,c1ad72de628f71283ac69037e9bbe97c3e773952f5abde5eac91397ca322d1a6,resource-grid,transverse_field_ising,TFIM-26,"{""coupling"":1.0,""field"":3.0,""periodic"":false}",26,26.0,proportional,1.0,0.1,103.0,51,trotter-p2-empirical,trotter,Trotter p=2 [empirical],empirical-operator-norm,empirical,2.0,,,,,,2181.0,,,,,,,,,,,,,,,,,,,,,,,,,,,,,,individual,51.0,0.08999338984391086,24.3557719087,empirical-operator-norm,Repository empirical operator-norm calibration study v1 (2026-08-10),reviewed calibration opnorm-v1-tfim-open-trotter-p2; artifact docs/calibration_data/empirical_1d_v1_accepted.json,"{""prefactor"":24.3557719087}",False,implemented-product-formula,False,,"[""the resolved ordered Hamiltonian groups match the implemented formula"",""the fixed formal-order powers in time and segments apply"",""the reviewed affine size calibration extrapolates as flagged""]",,,,,,,implemented-product-formula,False,False,0.09000000000000001,,,,,,,,,,,,,,,,,,,1.0,none,0.0,system register,1.0,26.0,220281.0,0.0,-1.0,17181918.0,215962.0,analytical-model,0.010000000000000002,opnorm-v1-tfim-open-trotter-p2,transverse_field_ising,affine-aN-plus-b,24.3557719087,4.0,12.0,4.0,12.0,True,True,formula,0.1.0,3.11.9,2.5.0,b58b31db18364511c43757e27fffc7abce8df2c1,True,ok,,
1.0,transverse_field_ising:N026,-1.0,commutator,967.0,,,2.0,a8fa234e-a646-4911-8402-a67c302db4ae,2026-08-12T00:11:58.358108+00:00,c1ad72de628f71283ac69037e9bbe97c3e773952f5abde5eac91397ca322d1a6,resource-grid,transverse_field_ising,TFIM-26,"{""coupling"":1.0,""field"":3.0,""periodic"":false}",26,26.0,proportional,1.0,0.1,103.0,51,trotter-p4,trotter,Trotter p=4,analytical,analytical,4.0,,,,,,967.0,,,,,,,,,,,,,,,,,,,,,,,,,,,,,,commuting,2.0,0.0897625435249716,6605.935163086014,schubert-mendl-commutator,"Schubert and Mendl, arXiv:2306.10603",Theorem 1,"{""prefactor"":6605.935163086014}",True,implemented-product-formula,True,,"[""the resolved ordered Hamiltonian groups match the implemented formula""]",,,,,,,implemented-product-formula,True,True,0.09000000000000001,,,,,,,,,,,,,,,,,,,1.0,none,0.0,system register,1.0,26.0,372295.0,0.0,-1.0,30155895.0,364996.0,analytical-model,0.010000000000000002,,,,,,,,,,,,0.1.0,3.11.9,2.5.0,b58b31db18364511c43757e27fffc7abce8df2c1,True,ok,,
1.0,transverse_field_ising:N026,-1.0,empirical,208.0,,,2.0,a8fa234e-a646-4911-8402-a67c302db4ae,2026-08-12T00:11:58.358108+00:00,c1ad72de628f71283ac69037e9bbe97c3e773952f5abde5eac91397ca322d1a6,resource-grid,transverse_field_ising,TFIM-26,"{""coupling"":1.0,""field"":3.0,""periodic"":false}",26,26.0,proportional,1.0,0.1,103.0,51,trotter-p4-empirical,trotter,Trotter p=4 [empirical],empirical-operator-norm,empirical,4.0,,,,,,208.0,,,,,,,,,,,,,,,,,,,,,,,,,,,,,,commuting,2.0,0.06791517550073242,10.6992522635,empirical-operator-norm,Repository empirical operator-norm calibration study v1 (2026-08-10),reviewed calibration opnorm-v1-tfim-open-trotter-p4; artifact docs/calibration_data/empirical_1d_v1_accepted.json,"{""prefactor"":10.6992522635}",False,implemented-product-formula,False,,"[""the resolved ordered Hamiltonian groups match the implemented formula"",""the fixed formal-order powers in time and segments apply"",""the reviewed affine size calibration extrapolates as flagged""]",,,,,,,implemented-product-formula,False,False,0.09000000000000001,,,,,,,,,,,,,,,,,,,1.0,none,0.0,system register,1.0,26.0,80080.0,0.0,-1.0,5925920.0,78510.0,analytical-model,0.010000000000000002,opnorm-v1-tfim-open-trotter-p4,transverse_field_ising,affine-aN-plus-b,10.6992522635,4.0,12.0,4.0,12.0,True,True,asymptotic-domain,0.1.0,3.11.9,2.5.0,b58b31db18364511c43757e27fffc7abce8df2c1,True,ok,,
1.0,transverse_field_ising:N026,-1.0,commutator,684.0,,,2.0,a8fa234e-a646-4911-8402-a67c302db4ae,2026-08-12T00:11:58.358108+00:00,c1ad72de628f71283ac69037e9bbe97c3e773952f5abde5eac91397ca322d1a6,resource-grid,transverse_field_ising,TFIM-26,"{""coupling"":1.0,""field"":3.0,""periodic"":false}",26,26.0,proportional,1.0,0.1,103.0,51,trotter-p6,trotter,Trotter p=6,analytical,analytical,6.0,,,,,,684.0,,,,,,,,,,,,,,,,,,,,,,,,,,,,,,commuting,2.0,0.08924382562976776,1137892.810662982,schubert-mendl-commutator,"Schubert and Mendl, arXiv:2306.10603",Theorem 1,"{""prefactor"":1137892.810662982}",True,implemented-product-formula,True,,"[""the resolved ordered Hamiltonian groups match the implemented formula""]",,,,,,,implemented-product-formula,True,True,0.09000000000000001,,,,,,,,,,,,,,,,,,,1.0,none,0.0,system register,1.0,26.0,1316700.0,0.0,-1.0,113236200.0,1290883.0,analytical-model,0.010000000000000002,,,,,,,,,,,,0.1.0,3.11.9,2.5.0,b58b31db18364511c43757e27fffc7abce8df2c1,True,ok,,
1.0,transverse_field_ising:N026,-1.0,empirical,208.0,,,2.0,a8fa234e-a646-4911-8402-a67c302db4ae,2026-08-12T00:11:58.358108+00:00,c1ad72de628f71283ac69037e9bbe97c3e773952f5abde5eac91397ca322d1a6,resource-grid,transverse_field_ising,TFIM-26,"{""coupling"":1.0,""field"":3.0,""periodic"":false}",26,26.0,proportional,1.0,0.1,103.0,51,trotter-p6-empirical,trotter,Trotter p=6 [empirical],empirical-operator-norm,empirical,6.0,,,,,,208.0,,,,,,,,,,,,,,,,,,,,,,,,,,,,,,commuting,2.0,1.9291067797088607e-05,0.1945014491,empirical-operator-norm,Repository empirical operator-norm calibration study v1 (2026-08-10),reviewed calibration opnorm-v1-tfim-open-trotter-p6; artifact docs/calibration_data/empirical_1d_v1_accepted.json,"{""prefactor"":0.1945014491}",False,implemented-product-formula,False,,"[""the resolved ordered Hamiltonian groups match the implemented formula"",""the fixed formal-order powers in time and segments apply"",""the reviewed affine size calibration extrapolates as flagged""]",,,,,,,implemented-product-formula,False,False,0.09000000000000001,,,,,,,,,,,,,,,,,,,1.0,none,0.0,system register,1.0,26.0,400400.0,0.0,-1.0,32432400.0,392550.0,analytical-model,0.010000000000000002,opnorm-v1-tfim-open-trotter-p6,transverse_field_ising,affine-aN-plus-b,0.1945014491,4.0,12.0,4.0,12.0,True,True,asymptotic-domain,0.1.0,3.11.9,2.5.0,b58b31db18364511c43757e27fffc7abce8df2c1,True,ok,,
1.0,transverse_field_ising:N026,-1.0,jacobi-anger,,,,2.0,a8fa234e-a646-4911-8402-a67c302db4ae,2026-08-12T00:11:58.358108+00:00,c1ad72de628f71283ac69037e9bbe97c3e773952f5abde5eac91397ca322d1a6,resource-grid,transverse_field_ising,TFIM-26,"{""coupling"":1.0,""field"":3.0,""periodic"":false}",26,26.0,proportional,1.0,0.1,103.0,51,qsvt,qsvt,QSVT,jacobi-anger-rigorous,analytical,,,,,,,,,,,,,,,,,,,,,,,,,,,,,,,,,,,21843.0,3641.0,,,0.01529038422287534,,jacobi-anger-polynomial-oaa,"Martyn et al., arXiv:2105.02859, Eqs. (76)--(77)",Jacobi--Anger tails plus exact cubic OAA identity,"{""oaa-unitarity-defect-distortion"":0.007688641796870364,""scaled-polynomial-error"":0.007601742426004976}",True,ideal-qsvt-oaa-good-block,True,,"[""the cosine and sine polynomials are implemented exactly"",""the unamplified good block is exactly Q/2""]",,,,,,,implemented-qsvt-floating-phase-circuit,False,False,0.09000000000000001,,,,,,,,,,,,,,,,,,,2.0,one robust OAA round,1.0,"component, quadrature, and index registers all-zero",,40.0,2795916.0,6989858.0,-1.0,276795956.0,46307748.0,analytical-model,0.010000000000000002,,,,,,,,,,,,0.1.0,3.11.9,2.5.0,b58b31db18364511c43757e27fffc7abce8df2c1,True,ok,,
1.0,transverse_field_ising:N026,-1.0,empirical,,6.0,39.0,2.0,a8fa234e-a646-4911-8402-a67c302db4ae,2026-08-12T00:11:58.358108+00:00,c1ad72de628f71283ac69037e9bbe97c3e773952f5abde5eac91397ca322d1a6,resource-grid,transverse_field_ising,TFIM-26,"{""coupling"":1.0,""field"":3.0,""periodic"":false}",26,26.0,proportional,1.0,0.1,103.0,51,mpf-j-mizuta2026-theorem6-empirical-operator-norm,multiproduct,MPF J=Mizuta Theorem 6 (resolved per point) [empirical operator norm],empirical-operator-norm,empirical,,6.0,12.0,mizuta2026-theorem6,5.000000000000001,0.09000000000000001,39.0,,,,[],,,,,,,,,,,,,,,[],,,,,,,empirical-operator-norm,[],3744.0,,,,0.00677686285327936,0.0338181976,empirical-operator-norm,Repository empirical operator-norm calibration study v1 (2026-08-10),reviewed calibration opnorm-v1-tfim-open-mpf-new-m6; fixed formal powers,"{""empirical_coefficient"":0.0338181976}",False,ideal-mpf,False,ordered individual Pauli terms,"[""the fixed formal-order powers in time and segments apply"",""the empirical estimate concerns the repeated ideal MPF operator"",""the reviewed affine size calibration extrapolates as flagged""]",,0.0,0.0,False,False,{},repeated-shared-ancilla-good-block,False,False,0.09000000000000001,new,"[1,2,3,4,6,16]","[-3.1123560535325236e-07,0.0007054673721340386,-0.031622325043377676,0.17337566137566138,-0.4544415584415584,1.311983065972746]",1.9721283894410828,0.02787161055891696,32.0,registered-exact,True,6.0,3.0,2.0,4.0,8.0,0.0,6.0,3.0,2.0,3.0,2.0,one robust OAA round per segment,39.0,branch register all-zero,,31.0,757926.0,1950.0,-1.0,63673584.0,1140668.0,analytical-model,0.010000000000000002,opnorm-v1-tfim-open-mpf-new-m6,transverse_field_ising,affine-aN-plus-b,0.0338181976,4.0,12.0,4.0,12.0,True,True,asymptotic-domain,0.1.0,3.11.9,2.5.0,b58b31db18364511c43757e27fffc7abce8df2c1,True,ok,,
1.0,transverse_field_ising:N026,-1.0,commutator,,6.0,3705.0,2.0,a8fa234e-a646-4911-8402-a67c302db4ae,2026-08-12T00:11:58.358108+00:00,c1ad72de628f71283ac69037e9bbe97c3e773952f5abde5eac91397ca322d1a6,resource-grid,transverse_field_ising,TFIM-26,"{""coupling"":1.0,""field"":3.0,""periodic"":false}",26,26.0,proportional,1.0,0.1,103.0,51,mpf-j-mizuta2026-theorem6-mizuta2026-commutator-ideal-rigorous,multiproduct,MPF J=Mizuta Theorem 6 (resolved per point) [Mizuta 2026 refined commutator],mizuta2026-commutator-ideal-rigorous,analytical,,6.0,12.0,mizuta2026-theorem6,5.000000000000001,0.09000000000000001,3705.0,3705.0,,2815.0,"[""error""]",27.066717758614857,12.0,,,2.2313713610456684e-05,1.603215314215185e-09,1.0921026881964332e-13,1.6031061039463652e-09,1.603215314215185e-09,2.2315316825770902e-05,0.08980238786704985,2.5930764774929136e-05,False,0.009236435766964372,"[1.0000000000000002,1.0000000000000002,1.0000000000000002,1.0000000000000002,1.0000000000000002,1.0000000000000002,1.0000000000000002,1.0000000000000002,1.0000000000000002,1.0000000000000002,1.0000000000000002,1.0000000000000002,1.0000000000000002,1.0000000000000002,1.0000000000000002,1.0000000000000002,1.0000000000000002,1.0000000000000002,1.0000000000000002,1.0000000000000002,1.0000000000000002,1.0000000000000002,1.0000000000000002,1.0000000000000002,1.0000000000000002,1.0000000000000002,1.0000000000000002,1.0000000000000002,1.0000000000000002,1.0000000000000002,1.0000000000000002,1.0000000000000002,1.0000000000000002,1.0000000000000002,1.0000000000000002,1.0000000000000002,1.0000000000000002,1.0000000000000002,1.0000000000000002,1.0000000000000002,1.0000000000000002,1.0000000000000002,1.0000000000000002,1.0000000000000002,1.0000000000000002,1.0000000000000002,1.0000000000000002,1.0000000000000002,1.0000000000000002,1.0000000000000002,1.0000000000000002]",5.0000000000000036,12.0,False,,not-used,commutator,mizuta2026-commutator-ideal-rigorous,[],355680.0,,,,0.08980238786704985,2.229282420037344e+23,mizuta2026-commutator-ideal-rigorous,"Mizuta, Quantum 10, 1974 (2026), arXiv:2507.06557v4","Theorem 4, Eqs. (47)--(49), with direct Lemmas 9--10 BCH remainder","{""error_predicate_satisfied"":1.0,""extensiveness_g"":5.000000000000001,""joint_predicate_satisfied"":1.0,""legacy_first_condition_passed"":0.0,""legacy_first_time_limit"":2.5930764774929136e-05,""local_commutator_error"":2.2313713610456684e-05,""local_step_error"":2.2315316825770902e-05,""local_truncated_bch_error"":1.603215314215185e-09,""locality_k"":2.0,""mu_upper"":27.066717758614857,""refined_lemma10_remainder"":1.6031061039463652e-09,""refined_lemma9_remainder"":1.0921026881964332e-13,""refined_tail_fallback"":0.0,""repeated_global_error"":0.08980238786704985,""schedule_weighted_extensiveness"":5.0000000000000036,""second_time_limit"":0.009236435766964372,""time_2_predicate_satisfied"":1.0,""total_branchwise_bch_remainder"":1.603215314215185e-09,""truncation_order_p0"":12.0}",True,ideal-mpf,True,ordered individual Pauli terms,"[""individual Pauli summands define the ordered H_gamma decomposition"",""the actual Strang factors define schedule-weighted g_alpha extensiveness"",""Lemma 9 and Lemma 10 positive majorants directly certify the BCH remainder"",""the scalar-flow/Cauchy refined tail certificate is used"",""Theorem 4 second time hypothesis is satisfied"",""the repeated ideal MPF is composed with the Eq. (15) telescoping argument""]",,12.0,12.0,True,False,"{""2"":600.0000000000006,""3"":9552.000000000015,""4"":123360.00000000028,""5"":1964352.0000000058,""6"":26700288.0000001,""7"":425270784.0000019,""8"":5979429888.000031,""9"":95261352960.00056,""10"":1370647707648.0093,""11"":21841531576320.16,""12"":319438646181890.56}",repeated-shared-ancilla-good-block,True,False,0.09000000000000001,new,"[1,2,3,4,6,16]","[-3.1123560535325236e-07,0.0007054673721340386,-0.031622325043377676,0.17337566137566138,-0.4544415584415584,1.311983065972746]",1.9721283894410828,0.02787161055891696,32.0,registered-exact,True,6.0,3.0,2.0,4.0,8.0,0.0,6.0,3.0,2.0,3.0,2.0,one robust OAA round per segment,3705.0,branch register all-zero,,31.0,72002970.0,185250.0,-1.0,7489049880.0,108363405.0,analytical-model,0.010000000000000002,,,,,,,,,,,,0.1.0,3.11.9,2.5.0,b58b31db18364511c43757e27fffc7abce8df2c1,True,ok,,
1.0,transverse_field_ising:N026,-1.1,commutator,9263.0,,,2.0,a8fa234e-a646-4911-8402-a67c302db4ae,2026-08-12T00:11:58.358108+00:00,c1ad72de628f71283ac69037e9bbe97c3e773952f5abde5eac91397ca322d1a6,resource-grid,transverse_field_ising,TFIM-26,"{""coupling"":1.0,""field"":3.0,""periodic"":false}",26,26.0,proportional,1.0,0.07943282347242814,103.0,51,trotter-p2,trotter,Trotter p=2,analytical,analytical,2.0,,,,,,9263.0,,,,,,,,,,,,,,,,,,,,,,,,,,,,,,individual,51.0,0.07148948076731293,349.0,childs-commutator,"Childs, Su, Tran, Wiebe, and Zhu, arXiv:1912.08854",Propositions 9--10,"{""prefactor"":349.0}",True,implemented-product-formula,True,,"[""the resolved ordered Hamiltonian groups match the implemented formula""]",,,,,,,implemented-product-formula,True,True,0.07148954112518532,,,,,,,,,,,,,,,,,,,1.0,none,0.0,system register,1.0,26.0,935563.0,0.0,-1.0,80458418.0,917219.0,analytical-model,0.007943282347242814,,,,,,,,,,,,0.1.0,3.11.9,2.5.0,b58b31db18364511c43757e27fffc7abce8df2c1,True,ok,,
1.0,transverse_field_ising:N026,-1.1,empirical,2448.0,,,2.0,a8fa234e-a646-4911-8402-a67c302db4ae,2026-08-12T00:11:58.358108+00:00,c1ad72de628f71283ac69037e9bbe97c3e773952f5abde5eac91397ca322d1a6,resource-grid,transverse_field_ising,TFIM-26,"{""coupling"":1.0,""field"":3.0,""periodic"":false}",26,26.0,proportional,1.0,0.07943282347242814,103.0,51,trotter-p2-empirical,trotter,Trotter p=2 [empirical],empirical-operator-norm,empirical,2.0,,,,,,2448.0,,,,,,,,,,,,,,,,,,,,,,,,,,,,,,individual,51.0,0.07143303708431308,24.3557719087,empirical-operator-norm,Repository empirical operator-norm calibration study v1 (2026-08-10),reviewed calibration opnorm-v1-tfim-open-trotter-p2; artifact docs/calibration_data/empirical_1d_v1_accepted.json,"{""prefactor"":24.3557719087}",False,implemented-product-formula,False,,"[""the resolved ordered Hamiltonian groups match the implemented formula"",""the fixed formal-order powers in time and segments apply"",""the reviewed affine size calibration extrapolates as flagged""]",,,,,,,implemented-product-formula,False,False,0.07148954112518532,,,,,,,,,,,,,,,,,,,1.0,none,0.0,system register,1.0,26.0,247248.0,0.0,-1.0,19779840.0,242400.0,analytical-model,0.007943282347242814,opnorm-v1-tfim-open-trotter-p2,transverse_field_ising,affine-aN-plus-b,24.3557719087,4.0,12.0,4.0,12.0,True,True,formula,0.1.0,3.11.9,2.5.0,b58b31db18364511c43757e27fffc7abce8df2c1,True,ok,,
1.0,transverse_field_ising:N026,-1.1,commutator,1024.0,,,2.0,a8fa234e-a646-4911-8402-a67c302db4ae,2026-08-12T00:11:58.358108+00:00,c1ad72de628f71283ac69037e9bbe97c3e773952f5abde5eac91397ca322d1a6,resource-grid,transverse_field_ising,TFIM-26,"{""coupling"":1.0,""field"":3.0,""periodic"":false}",26,26.0,proportional,1.0,0.07943282347242814,103.0,51,trotter-p4,trotter,Trotter p=4,analytical,analytical,4.0,,,,,,1024.0,,,,,,,,,,,,,,,,,,,,,,,,,,,,,,commuting,2.0,0.07138405590398748,6605.935163086014,schubert-mendl-commutator,"Schubert and Mendl, arXiv:2306.10603",Theorem 1,"{""prefactor"":6605.935163086014}",True,implemented-product-formula,True,,"[""the resolved ordered Hamiltonian groups match the implemented formula""]",,,,,,,implemented-product-formula,True,True,0.07148954112518532,,,,,,,,,,,,,,,,,,,1.0,none,0.0,system register,1.0,26.0,394240.0,0.0,-1.0,32327680.0,386510.0,analytical-model,0.007943282347242814,,,,,,,,,,,,0.1.0,3.11.9,2.5.0,b58b31db18364511c43757e27fffc7abce8df2c1,True,ok,,
1.0,transverse_field_ising:N026,-1.1,empirical,208.0,,,2.0,a8fa234e-a646-4911-8402-a67c302db4ae,2026-08-12T00:11:58.358108+00:00,c1ad72de628f71283ac69037e9bbe97c3e773952f5abde5eac91397ca322d1a6,resource-grid,transverse_field_ising,TFIM-26,"{""coupling"":1.0,""field"":3.0,""periodic"":false}",26,26.0,proportional,1.0,0.07943282347242814,103.0,51,trotter-p4-empirical,trotter,Trotter p=4 [empirical],empirical-operator-norm,empirical,4.0,,,,,,208.0,,,,,,,,,,,,,,,,,,,,,,,,,,,,,,commuting,2.0,0.06791517550073242,10.6992522635,empirical-operator-norm,Repository empirical operator-norm calibration study v1 (2026-08-10),reviewed calibration opnorm-v1-tfim-open-trotter-p4; artifact docs/calibration_data/empirical_1d_v1_accepted.json,"{""prefactor"":10.6992522635}",False,implemented-product-formula,False,,"[""the resolved ordered Hamiltonian groups match the implemented formula"",""the fixed formal-order powers in time and segments apply"",""the reviewed affine size calibration extrapolates as flagged""]",,,,,,,implemented-product-formula,False,False,0.07148954112518532,,,,,,,,,,,,,,,,,,,1.0,none,0.0,system register,1.0,26.0,80080.0,0.0,-1.0,6006000.0,78510.0,analytical-model,0.007943282347242814,opnorm-v1-tfim-open-trotter-p4,transverse_field_ising,affine-aN-plus-b,10.6992522635,4.0,12.0,4.0,12.0,True,True,asymptotic-domain,0.1.0,3.11.9,2.5.0,b58b31db18364511c43757e27fffc7abce8df2c1,True,ok,,
1.0,transverse_field_ising:N026,-1.1,commutator,710.0,,,2.0,a8fa234e-a646-4911-8402-a67c302db4ae,2026-08-12T00:11:58.358108+00:00,c1ad72de628f71283ac69037e9bbe97c3e773952f5abde5eac91397ca322d1a6,resource-grid,transverse_field_ising,TFIM-26,"{""coupling"":1.0,""field"":3.0,""periodic"":false}",26,26.0,proportional,1.0,0.07943282347242814,103.0,51,trotter-p6,trotter,Trotter p=6,analytical,analytical,6.0,,,,,,710.0,,,,,,,,,,,,,,,,,,,,,,,,,,,,,,commuting,2.0,0.07134518969151116,1137892.810662982,schubert-mendl-commutator,"Schubert and Mendl, arXiv:2306.10603",Theorem 1,"{""prefactor"":1137892.810662982}",True,implemented-product-formula,True,,"[""the resolved ordered Hamiltonian groups match the implemented formula""]",,,,,,,implemented-product-formula,True,True,0.07148954112518532,,,,,,,,,,,,,,,,,,,1.0,none,0.0,system register,1.0,26.0,1366750.0,0.0,-1.0,118907250.0,1339951.0,analytical-model,0.007943282347242814,,,,,,,,,,,,0.1.0,3.11.9,2.5.0,b58b31db18364511c43757e27fffc7abce8df2c1,True,ok,,
1.0,transverse_field_ising:N026,-1.1,empirical,208.0,,,2.0,a8fa234e-a646-4911-8402-a67c302db4ae,2026-08-12T00:11:58.358108+00:00,c1ad72de628f71283ac69037e9bbe97c3e773952f5abde5eac91397ca322d1a6,resource-grid,transverse_field_ising,TFIM-26,"{""coupling"":1.0,""field"":3.0,""periodic"":false}",26,26.0,proportional,1.0,0.07943282347242814,103.0,51,trotter-p6-empirical,trotter,Trotter p=6 [empirical],empirical-operator-norm,empirical,6.0,,,,,,208.0,,,,,,,,,,,,,,,,,,,,,,,,,,,,,,commuting,2.0,1.9291067797088607e-05,0.1945014491,empirical-operator-norm,Repository empirical operator-norm calibration study v1 (2026-08-10),reviewed calibration opnorm-v1-tfim-open-trotter-p6; artifact docs/calibration_data/empirical_1d_v1_accepted.json,"{""prefactor"":0.1945014491}",False,implemented-product-formula,False,,"[""the resolved ordered Hamiltonian groups match the implemented formula"",""the fixed formal-order powers in time and segments apply"",""the reviewed affine size calibration extrapolates as flagged""]",,,,,,,implemented-product-formula,False,False,0.07148954112518532,,,,,,,,,,,,,,,,,,,1.0,none,0.0,system register,1.0,26.0,400400.0,0.0,-1.0,32832800.0,392550.0,analytical-model,0.007943282347242814,opnorm-v1-tfim-open-trotter-p6,transverse_field_ising,affine-aN-plus-b,0.1945014491,4.0,12.0,4.0,12.0,True,True,asymptotic-domain,0.1.0,3.11.9,2.5.0,b58b31db18364511c43757e27fffc7abce8df2c1,True,ok,,
1.0,transverse_field_ising:N026,-1.1,jacobi-anger,,,,2.0,a8fa234e-a646-4911-8402-a67c302db4ae,2026-08-12T00:11:58.358108+00:00,c1ad72de628f71283ac69037e9bbe97c3e773952f5abde5eac91397ca322d1a6,resource-grid,transverse_field_ising,TFIM-26,"{""coupling"":1.0,""field"":3.0,""periodic"":false}",26,26.0,proportional,1.0,0.07943282347242814,103.0,51,qsvt,qsvt,QSVT,jacobi-anger-rigorous,analytical,,,,,,,,,,,,,,,,,,,,,,,,,,,,,,,,,,,21843.0,3641.0,,,0.013217154424421625,,jacobi-anger-polynomial-oaa,"Martyn et al., arXiv:2105.02859, Eqs. (76)--(77)",Jacobi--Anger tails plus exact cubic OAA identity,"{""oaa-unitarity-defect-distortion"":0.006641081855159362,""scaled-polynomial-error"":0.006576072569262263}",True,ideal-qsvt-oaa-good-block,True,,"[""the cosine and sine polynomials are implemented exactly"",""the unamplified good block is exactly Q/2""]",,,,,,,implemented-qsvt-floating-phase-circuit,False,False,0.07148954112518532,,,,,,,,,,,,,,,,,,,2.0,one robust OAA round,1.0,"component, quadrature, and index registers all-zero",,40.0,2795916.0,6989858.0,-1.0,282387788.0,46307748.0,analytical-model,0.007943282347242814,,,,,,,,,,,,0.1.0,3.11.9,2.5.0,b58b31db18364511c43757e27fffc7abce8df2c1,True,ok,,
1.0,transverse_field_ising:N026,-1.1,empirical,,6.0,39.0,2.0,a8fa234e-a646-4911-8402-a67c302db4ae,2026-08-12T00:11:58.358108+00:00,c1ad72de628f71283ac69037e9bbe97c3e773952f5abde5eac91397ca322d1a6,resource-grid,transverse_field_ising,TFIM-26,"{""coupling"":1.0,""field"":3.0,""periodic"":false}",26,26.0,proportional,1.0,0.07943282347242814,103.0,51,mpf-j-mizuta2026-theorem6-empirical-operator-norm,multiproduct,MPF J=Mizuta Theorem 6 (resolved per point) [empirical operator norm],empirical-operator-norm,empirical,,6.0,12.0,mizuta2026-theorem6,5.000000000000001,0.07148954112518532,39.0,,,,[],,,,,,,,,,,,,,,[],,,,,,,empirical-operator-norm,[],3744.0,,,,0.00677686285327936,0.0338181976,empirical-operator-norm,Repository empirical operator-norm calibration study v1 (2026-08-10),reviewed calibration opnorm-v1-tfim-open-mpf-new-m6; fixed formal powers,"{""empirical_coefficient"":0.0338181976}",False,ideal-mpf,False,ordered individual Pauli terms,"[""the fixed formal-order powers in time and segments apply"",""the empirical estimate concerns the repeated ideal MPF operator"",""the reviewed affine size calibration extrapolates as flagged""]",,0.0,0.0,False,False,{},repeated-shared-ancilla-good-block,False,False,0.07148954112518532,new,"[1,2,3,4,6,16]","[-3.1123560535325236e-07,0.0007054673721340386,-0.031622325043377676,0.17337566137566138,-0.4544415584415584,1.311983065972746]",1.9721283894410828,0.02787161055891696,32.0,registered-exact,True,6.0,3.0,2.0,4.0,8.0,0.0,6.0,3.0,2.0,3.0,2.0,one robust OAA round per segment,39.0,branch register all-zero,,31.0,757926.0,1950.0,-1.0,64431510.0,1140668.0,analytical-model,0.007943282347242814,opnorm-v1-tfim-open-mpf-new-m6,transverse_field_ising,affine-aN-plus-b,0.0338181976,4.0,12.0,4.0,12.0,True,True,asymptotic-domain,0.1.0,3.11.9,2.5.0,b58b31db18364511c43757e27fffc7abce8df2c1,True,ok,,
1.0,transverse_field_ising:N026,-1.1,commutator,,6.0,3772.0,2.0,a8fa234e-a646-4911-8402-a67c302db4ae,2026-08-12T00:11:58.358108+00:00,c1ad72de628f71283ac69037e9bbe97c3e773952f5abde5eac91397ca322d1a6,resource-grid,transverse_field_ising,TFIM-26,"{""coupling"":1.0,""field"":3.0,""periodic"":false}",26,26.0,proportional,1.0,0.07943282347242814,103.0,51,mpf-j-mizuta2026-theorem6-mizuta2026-commutator-ideal-rigorous,multiproduct,MPF J=Mizuta Theorem 6 (resolved per point) [Mizuta 2026 refined commutator],mizuta2026-commutator-ideal-rigorous,analytical,,6.0,12.0,mizuta2026-theorem6,5.000000000000001,0.07148954112518532,3772.0,3772.0,,2815.0,"[""error""]",27.066717758614857,12.0,,,1.7676111076265334e-05,1.248499485652454e-09,9.063201256777949e-14,1.2484088536398862e-09,1.248499485652454e-09,1.767735957575099e-05,0.07127536810317676,2.5930764774929136e-05,False,0.009236435766964372,"[1.0000000000000002,1.0000000000000002,1.0000000000000002,1.0000000000000002,1.0000000000000002,1.0000000000000002,1.0000000000000002,1.0000000000000002,1.0000000000000002,1.0000000000000002,1.0000000000000002,1.0000000000000002,1.0000000000000002,1.0000000000000002,1.0000000000000002,1.0000000000000002,1.0000000000000002,1.0000000000000002,1.0000000000000002,1.0000000000000002,1.0000000000000002,1.0000000000000002,1.0000000000000002,1.0000000000000002,1.0000000000000002,1.0000000000000002,1.0000000000000002,1.0000000000000002,1.0000000000000002,1.0000000000000002,1.0000000000000002,1.0000000000000002,1.0000000000000002,1.0000000000000002,1.0000000000000002,1.0000000000000002,1.0000000000000002,1.0000000000000002,1.0000000000000002,1.0000000000000002,1.0000000000000002,1.0000000000000002,1.0000000000000002,1.0000000000000002,1.0000000000000002,1.0000000000000002,1.0000000000000002,1.0000000000000002,1.0000000000000002,1.0000000000000002,1.0000000000000002]",5.0000000000000036,12.0,False,,not-used,commutator,mizuta2026-commutator-ideal-rigorous,[],362112.0,,,,0.07127536810317676,2.229282420037344e+23,mizuta2026-commutator-ideal-rigorous,"Mizuta, Quantum 10, 1974 (2026), arXiv:2507.06557v4","Theorem 4, Eqs. (47)--(49), with direct Lemmas 9--10 BCH remainder","{""error_predicate_satisfied"":1.0,""extensiveness_g"":5.000000000000001,""joint_predicate_satisfied"":1.0,""legacy_first_condition_passed"":0.0,""legacy_first_time_limit"":2.5930764774929136e-05,""local_commutator_error"":1.7676111076265334e-05,""local_step_error"":1.767735957575099e-05,""local_truncated_bch_error"":1.248499485652454e-09,""locality_k"":2.0,""mu_upper"":27.066717758614857,""refined_lemma10_remainder"":1.2484088536398862e-09,""refined_lemma9_remainder"":9.063201256777949e-14,""refined_tail_fallback"":0.0,""repeated_global_error"":0.07127536810317676,""schedule_weighted_extensiveness"":5.0000000000000036,""second_time_limit"":0.009236435766964372,""time_2_predicate_satisfied"":1.0,""total_branchwise_bch_remainder"":1.248499485652454e-09,""truncation_order_p0"":12.0}",True,ideal-mpf,True,ordered individual Pauli terms,"[""individual Pauli summands define the ordered H_gamma decomposition"",""the actual Strang factors define schedule-weighted g_alpha extensiveness"",""Lemma 9 and Lemma 10 positive majorants directly certify the BCH remainder"",""the scalar-flow/Cauchy refined tail certificate is used"",""Theorem 4 second time hypothesis is satisfied"",""the repeated ideal MPF is composed with the Eq. (15) telescoping argument""]",,12.0,12.0,True,False,"{""2"":600.0000000000006,""3"":9552.000000000015,""4"":123360.00000000028,""5"":1964352.0000000058,""6"":26700288.0000001,""7"":425270784.0000019,""8"":5979429888.000031,""9"":95261352960.00056,""10"":1370647707648.0093,""11"":21841531576320.16,""12"":319438646181890.56}",repeated-shared-ancilla-good-block,True,False,0.07148954112518532,new,"[1,2,3,4,6,16]","[-3.1123560535325236e-07,0.0007054673721340386,-0.031622325043377676,0.17337566137566138,-0.4544415584415584,1.311983065972746]",1.9721283894410828,0.02787161055891696,32.0,registered-exact,True,6.0,3.0,2.0,4.0,8.0,0.0,6.0,3.0,2.0,3.0,2.0,one robust OAA round per segment,3772.0,branch register all-zero,,31.0,73305048.0,188600.0,-1.0,7697784440.0,110323013.0,analytical-model,0.007943282347242814,,,,,,,,,,,,0.1.0,3.11.9,2.5.0,b58b31db18364511c43757e27fffc7abce8df2c1,True,ok,,
1.0,transverse_field_ising:N026,-1.2,commutator,10394.0,,,2.0,a8fa234e-a646-4911-8402-a67c302db4ae,2026-08-12T00:11:58.358108+00:00,c1ad72de628f71283ac69037e9bbe97c3e773952f5abde5eac91397ca322d1a6,resource-grid,transverse_field_ising,TFIM-26,"{""coupling"":1.0,""field"":3.0,""periodic"":false}",26,26.0,proportional,1.0,0.06309573444801933,103.0,51,trotter-p2,trotter,Trotter p=2,analytical,analytical,2.0,,,,,,10394.0,,,,,,,,,,,,,,,,,,,,,,,,,,,,,,individual,51.0,0.05677799417219768,349.0,childs-commutator,"Childs, Su, Tran, Wiebe, and Zhu, arXiv:1912.08854",Propositions 9--10,"{""prefactor"":349.0}",True,implemented-product-formula,True,,"[""the resolved ordered Hamiltonian groups match the implemented formula""]",,,,,,,implemented-product-formula,True,True,0.0567861610032174,,,,,,,,,,,,,,,,,,,1.0,none,0.0,system register,1.0,26.0,1049794.0,0.0,-1.0,91332078.0,1029210.0,analytical-model,0.006309573444801934,,,,,,,,,,,,0.1.0,3.11.9,2.5.0,b58b31db18364511c43757e27fffc7abce8df2c1,True,ok,,
1.0,transverse_field_ising:N026,-1.2,empirical,2746.0,,,2.0,a8fa234e-a646-4911-8402-a67c302db4ae,2026-08-12T00:11:58.358108+00:00,c1ad72de628f71283ac69037e9bbe97c3e773952f5abde5eac91397ca322d1a6,resource-grid,transverse_field_ising,TFIM-26,"{""coupling"":1.0,""field"":3.0,""periodic"":false}",26,26.0,proportional,1.0,0.06309573444801933,103.0,51,trotter-p2-empirical,trotter,Trotter p=2 [empirical],empirical-operator-norm,empirical,2.0,,,,,,2746.0,,,,,,,,,,,,,,,,,,,,,,,,,,,,,,individual,51.0,0.05677025909994905,24.3557719087,empirical-operator-norm,Repository empirical operator-norm calibration study v1 (2026-08-10),reviewed calibration opnorm-v1-tfim-open-trotter-p2; artifact docs/calibration_data/empirical_1d_v1_accepted.json,"{""prefactor"":24.3557719087}",False,implemented-product-formula,False,,"[""the resolved ordered Hamiltonian groups match the implemented formula"",""the fixed formal-order powers in time and segments apply"",""the reviewed affine size calibration extrapolates as flagged""]",,,,,,,implemented-product-formula,False,False,0.0567861610032174,,,,,,,,,,,,,,,,,,,1.0,none,0.0,system register,1.0,26.0,277346.0,0.0,-1.0,22465026.0,271908.0,analytical-model,0.006309573444801934,opnorm-v1-tfim-open-trotter-p2,transverse_field_ising,affine-aN-plus-b,24.3557719087,4.0,12.0,4.0,12.0,True,True,formula,0.1.0,3.11.9,2.5.0,b58b31db18364511c43757e27fffc7abce8df2c1,True,ok,,
1.0,transverse_field_ising:N026,-1.2,commutator,1085.0,,,2.0,a8fa234e-a646-4911-8402-a67c302db4ae,2026-08-12T00:11:58.358108+00:00,c1ad72de628f71283ac69037e9bbe97c3e773952f5abde5eac91397ca322d1a6,resource-grid,transverse_field_ising,TFIM-26,"{""coupling"":1.0,""field"":3.0,""periodic"":false}",26,26.0,proportional,1.0,0.06309573444801933,103.0,51,trotter-p4,trotter,Trotter p=4,analytical,analytical,4.0,,,,,,1085.0,,,,,,,,,,,,,,,,,,,,,,,,,,,,,,commuting,2.0,0.05663463343618625,6605.935163086014,schubert-mendl-commutator,"Schubert and Mendl, arXiv:2306.10603",Theorem 1,"{""prefactor"":6605.935163086014}",True,implemented-product-formula,True,,"[""the resolved ordered Hamiltonian groups match the implemented formula""]",,,,,,,implemented-product-formula,True,True,0.0567861610032174,,,,,,,,,,,,,,,,,,,1.0,none,0.0,system register,1.0,26.0,417725.0,0.0,-1.0,34671175.0,409535.0,analytical-model,0.006309573444801934,,,,,,,,,,,,0.1.0,3.11.9,2.5.0,b58b31db18364511c43757e27fffc7abce8df2c1,True,ok,,
1.0,transverse_field_ising:N026,-1.2,empirical,218.0,,,2.0,a8fa234e-a646-4911-8402-a67c302db4ae,2026-08-12T00:11:58.358108+00:00,c1ad72de628f71283ac69037e9bbe97c3e773952f5abde5eac91397ca322d1a6,resource-grid,transverse_field_ising,TFIM-26,"{""coupling"":1.0,""field"":3.0,""periodic"":false}",26,26.0,proportional,1.0,0.06309573444801933,103.0,51,trotter-p4-empirical,trotter,Trotter p=4 [empirical],empirical-operator-norm,empirical,4.0,,,,,,218.0,,,,,,,,,,,,,,,,,,,,,,,,,,,,,,commuting,2.0,0.05628519729258454,10.6992522635,empirical-operator-norm,Repository empirical operator-norm calibration study v1 (2026-08-10),reviewed calibration opnorm-v1-tfim-open-trotter-p4; artifact docs/calibration_data/empirical_1d_v1_accepted.json,"{""prefactor"":10.6992522635}",False,implemented-product-formula,False,,"[""the resolved ordered Hamiltonian groups match the implemented formula"",""the fixed formal-order powers in time and segments apply"",""the reviewed affine size calibration extrapolates as flagged""]",,,,,,,implemented-product-formula,False,False,0.0567861610032174,,,,,,,,,,,,,,,,,,,1.0,none,0.0,system register,1.0,26.0,83930.0,0.0,-1.0,6378680.0,82285.0,analytical-model,0.006309573444801934,opnorm-v1-tfim-open-trotter-p4,transverse_field_ising,affine-aN-plus-b,10.6992522635,4.0,12.0,4.0,12.0,True,True,formula,0.1.0,3.11.9,2.5.0,b58b31db18364511c43757e27fffc7abce8df2c1,True,ok,,
1.0,transverse_field_ising:N026,-1.2,commutator,738.0,,,2.0,a8fa234e-a646-4911-8402-a67c302db4ae,2026-08-12T00:11:58.358108+00:00,c1ad72de628f71283ac69037e9bbe97c3e773952f5abde5eac91397ca322d1a6,resource-grid,transverse_field_ising,TFIM-26,"{""coupling"":1.0,""field"":3.0,""periodic"":false}",26,26.0,proportional,1.0,0.06309573444801933,103.0,51,trotter-p6,trotter,Trotter p=6,analytical,analytical,6.0,,,,,,738.0,,,,,,,,,,,,,,,,,,,,,,,,,,,,,,commuting,2.0,0.05656875470578109,1137892.810662982,schubert-mendl-commutator,"Schubert and Mendl, arXiv:2306.10603",Theorem 1,"{""prefactor"":1137892.810662982}",True,implemented-product-formula,True,,"[""the resolved ordered Hamiltonian groups match the implemented formula""]",,,,,,,implemented-product-formula,True,True,0.0567861610032174,,,,,,,,,,,,,,,,,,,1.0,none,0.0,system register,1.0,26.0,1420650.0,0.0,-1.0,126437850.0,1392795.0,analytical-model,0.006309573444801934,,,,,,,,,,,,0.1.0,3.11.9,2.5.0,b58b31db18364511c43757e27fffc7abce8df2c1,True,ok,,
1.0,transverse_field_ising:N026,-1.2,empirical,208.0,,,2.0,a8fa234e-a646-4911-8402-a67c302db4ae,2026-08-12T00:11:58.358108+00:00,c1ad72de628f71283ac69037e9bbe97c3e773952f5abde5eac91397ca322d1a6,resource-grid,transverse_field_ising,TFIM-26,"{""coupling"":1.0,""field"":3.0,""periodic"":false}",26,26.0,proportional,1.0,0.06309573444801933,103.0,51,trotter-p6-empirical,trotter,Trotter p=6 [empirical],empirical-operator-norm,empirical,6.0,,,,,,208.0,,,,,,,,,,,,,,,,,,,,,,,,,,,,,,commuting,2.0,1.9291067797088607e-05,0.1945014491,empirical-operator-norm,Repository empirical operator-norm calibration study v1 (2026-08-10),reviewed calibration opnorm-v1-tfim-open-trotter-p6; artifact docs/calibration_data/empirical_1d_v1_accepted.json,"{""prefactor"":0.1945014491}",False,implemented-product-formula,False,,"[""the resolved ordered Hamiltonian groups match the implemented formula"",""the fixed formal-order powers in time and segments apply"",""the reviewed affine size calibration extrapolates as flagged""]",,,,,,,implemented-product-formula,False,False,0.0567861610032174,,,,,,,,,,,,,,,,,,,1.0,none,0.0,system register,1.0,26.0,400400.0,0.0,-1.0,33233200.0,392550.0,analytical-model,0.006309573444801934,opnorm-v1-tfim-open-trotter-p6,transverse_field_ising,affine-aN-plus-b,0.1945014491,4.0,12.0,4.0,12.0,True,True,asymptotic-domain,0.1.0,3.11.9,2.5.0,b58b31db18364511c43757e27fffc7abce8df2c1,True,ok,,
1.0,transverse_field_ising:N026,-1.2,jacobi-anger,,,,2.0,a8fa234e-a646-4911-8402-a67c302db4ae,2026-08-12T00:11:58.358108+00:00,c1ad72de628f71283ac69037e9bbe97c3e773952f5abde5eac91397ca322d1a6,resource-grid,transverse_field_ising,TFIM-26,"{""coupling"":1.0,""field"":3.0,""periodic"":false}",26,26.0,proportional,1.0,0.06309573444801933,103.0,51,qsvt,qsvt,QSVT,jacobi-anger-rigorous,analytical,,,,,,,,,,,,,,,,,,,,,,,,,,,,,,,,,,,21843.0,3641.0,,,0.011572593504587052,,jacobi-anger-polynomial-oaa,"Martyn et al., arXiv:2105.02859, Eqs. (76)--(77)",Jacobi--Anger tails plus exact cubic OAA identity,"{""oaa-unitarity-defect-distortion"":0.00581123946204103,""scaled-polynomial-error"":0.005761354042546022}",True,ideal-qsvt-oaa-good-block,True,,"[""the cosine and sine polynomials are implemented exactly"",""the unamplified good block is exactly Q/2""]",,,,,,,implemented-qsvt-floating-phase-circuit,False,False,0.0567861610032174,,,,,,,,,,,,,,,,,,,2.0,one robust OAA round,1.0,"component, quadrature, and index registers all-zero",,40.0,2795916.0,6989858.0,-1.0,285183704.0,46307748.0,analytical-model,0.006309573444801934,,,,,,,,,,,,0.1.0,3.11.9,2.5.0,b58b31db18364511c43757e27fffc7abce8df2c1,True,ok,,
1.0,transverse_field_ising:N026,-1.2,empirical,,6.0,39.0,2.0,a8fa234e-a646-4911-8402-a67c302db4ae,2026-08-12T00:11:58.358108+00:00,c1ad72de628f71283ac69037e9bbe97c3e773952f5abde5eac91397ca322d1a6,resource-grid,transverse_field_ising,TFIM-26,"{""coupling"":1.0,""field"":3.0,""periodic"":false}",26,26.0,proportional,1.0,0.06309573444801933,103.0,51,mpf-j-mizuta2026-theorem6-empirical-operator-norm,multiproduct,MPF J=Mizuta Theorem 6 (resolved per point) [empirical operator norm],empirical-operator-norm,empirical,,6.0,12.0,mizuta2026-theorem6,5.000000000000001,0.0567861610032174,39.0,,,,[],,,,,,,,,,,,,,,[],,,,,,,empirical-operator-norm,[],3744.0,,,,0.00677686285327936,0.0338181976,empirical-operator-norm,Repository empirical operator-norm calibration study v1 (2026-08-10),reviewed calibration opnorm-v1-tfim-open-mpf-new-m6; fixed formal powers,"{""empirical_coefficient"":0.0338181976}",False,ideal-mpf,False,ordered individual Pauli terms,"[""the fixed formal-order powers in time and segments apply"",""the empirical estimate concerns the repeated ideal MPF operator"",""the reviewed affine size calibration extrapolates as flagged""]",,0.0,0.0,False,False,{},repeated-shared-ancilla-good-block,False,False,0.0567861610032174,new,"[1,2,3,4,6,16]","[-3.1123560535325236e-07,0.0007054673721340386,-0.031622325043377676,0.17337566137566138,-0.4544415584415584,1.311983065972746]",1.9721283894410828,0.02787161055891696,32.0,registered-exact,True,6.0,3.0,2.0,4.0,8.0,0.0,6.0,3.0,2.0,3.0,2.0,one robust OAA round per segment,39.0,branch register all-zero,,31.0,757926.0,1950.0,-1.0,65189436.0,1140668.0,analytical-model,0.006309573444801934,opnorm-v1-tfim-open-mpf-new-m6,transverse_field_ising,affine-aN-plus-b,0.0338181976,4.0,12.0,4.0,12.0,True,True,asymptotic-domain,0.1.0,3.11.9,2.5.0,b58b31db18364511c43757e27fffc7abce8df2c1,True,ok,,
1.0,transverse_field_ising:N026,-1.2,commutator,,6.0,3840.0,2.0,a8fa234e-a646-4911-8402-a67c302db4ae,2026-08-12T00:11:58.358108+00:00,c1ad72de628f71283ac69037e9bbe97c3e773952f5abde5eac91397ca322d1a6,resource-grid,transverse_field_ising,TFIM-26,"{""coupling"":1.0,""field"":3.0,""periodic"":false}",26,26.0,proportional,1.0,0.06309573444801933,103.0,51,mpf-j-mizuta2026-theorem6-mizuta2026-commutator-ideal-rigorous,multiproduct,MPF J=Mizuta Theorem 6 (resolved per point) [Mizuta 2026 refined commutator],mizuta2026-commutator-ideal-rigorous,analytical,,6.0,12.0,mizuta2026-theorem6,5.000000000000001,0.0567861610032174,3840.0,3840.0,,2815.0,"[""error""]",27.066717758614857,12.0,,,1.4012405543413105e-05,9.736406432026867e-10,5.896547361693696e-16,9.736400535479503e-10,9.736406432026867e-10,1.401337918405631e-05,0.05678554941323494,2.5930764774929136e-05,False,0.009236435766964372,"[1.0000000000000002,1.0000000000000002,1.0000000000000002,1.0000000000000002,1.0000000000000002,1.0000000000000002,1.0000000000000002,1.0000000000000002,1.0000000000000002,1.0000000000000002,1.0000000000000002,1.0000000000000002,1.0000000000000002,1.0000000000000002,1.0000000000000002,1.0000000000000002,1.0000000000000002,1.0000000000000002,1.0000000000000002,1.0000000000000002,1.0000000000000002,1.0000000000000002,1.0000000000000002,1.0000000000000002,1.0000000000000002,1.0000000000000002,1.0000000000000002,1.0000000000000002,1.0000000000000002,1.0000000000000002,1.0000000000000002,1.0000000000000002,1.0000000000000002,1.0000000000000002,1.0000000000000002,1.0000000000000002,1.0000000000000002,1.0000000000000002,1.0000000000000002,1.0000000000000002,1.0000000000000002,1.0000000000000002,1.0000000000000002,1.0000000000000002,1.0000000000000002,1.0000000000000002,1.0000000000000002,1.0000000000000002,1.0000000000000002,1.0000000000000002,1.0000000000000002]",5.0000000000000036,12.0,False,,not-used,commutator,mizuta2026-commutator-ideal-rigorous,[],368640.0,,,,0.05678554941323494,2.229282420037344e+23,mizuta2026-commutator-ideal-rigorous,"Mizuta, Quantum 10, 1974 (2026), arXiv:2507.06557v4","Theorem 4, Eqs. (47)--(49), with direct Lemmas 9--10 BCH remainder","{""error_predicate_satisfied"":1.0,""extensiveness_g"":5.000000000000001,""joint_predicate_satisfied"":1.0,""legacy_first_condition_passed"":0.0,""legacy_first_time_limit"":2.5930764774929136e-05,""local_commutator_error"":1.4012405543413105e-05,""local_step_error"":1.401337918405631e-05,""local_truncated_bch_error"":9.736406432026867e-10,""locality_k"":2.0,""mu_upper"":27.066717758614857,""refined_lemma10_remainder"":9.736400535479503e-10,""refined_lemma9_remainder"":5.896547361693696e-16,""refined_tail_fallback"":0.0,""repeated_global_error"":0.05678554941323494,""schedule_weighted_extensiveness"":5.0000000000000036,""second_time_limit"":0.009236435766964372,""time_2_predicate_satisfied"":1.0,""total_branchwise_bch_remainder"":9.736406432026867e-10,""truncation_order_p0"":12.0}",True,ideal-mpf,True,ordered individual Pauli terms,"[""individual Pauli summands define the ordered H_gamma decomposition"",""the actual Strang factors define schedule-weighted g_alpha extensiveness"",""Lemma 9 and Lemma 10 positive majorants directly certify the BCH remainder"",""the scalar-flow/Cauchy refined tail certificate is used"",""Theorem 4 second time hypothesis is satisfied"",""the repeated ideal MPF is composed with the Eq. (15) telescoping argument""]",,12.0,12.0,True,False,"{""2"":600.0000000000006,""3"":9552.000000000015,""4"":123360.00000000028,""5"":1964352.0000000058,""6"":26700288.0000001,""7"":425270784.0000019,""8"":5979429888.000031,""9"":95261352960.00056,""10"":1370647707648.0093,""11"":21841531576320.16,""12"":319438646181890.56}",repeated-shared-ancilla-good-block,True,False,0.0567861610032174,new,"[1,2,3,4,6,16]","[-3.1123560535325236e-07,0.0007054673721340386,-0.031622325043377676,0.17337566137566138,-0.4544415584415584,1.311983065972746]",1.9721283894410828,0.02787161055891696,32.0,registered-exact,True,6.0,3.0,2.0,4.0,8.0,0.0,6.0,3.0,2.0,3.0,2.0,one robust OAA round per segment,3840.0,branch register all-zero,,31.0,74626560.0,192000.0,-1.0,7911183360.0,112311869.0,analytical-model,0.006309573444801934,,,,,,,,,,,,0.1.0,3.11.9,2.5.0,b58b31db18364511c43757e27fffc7abce8df2c1,True,ok,,
1.0,transverse_field_ising:N026,-1.3,commutator,11662.0,,,2.0,a8fa234e-a646-4911-8402-a67c302db4ae,2026-08-12T00:11:58.358108+00:00,c1ad72de628f71283ac69037e9bbe97c3e773952f5abde5eac91397ca322d1a6,resource-grid,transverse_field_ising,TFIM-26,"{""coupling"":1.0,""field"":3.0,""periodic"":false}",26,26.0,proportional,1.0,0.05011872336272722,103.0,51,trotter-p2,trotter,Trotter p=2,analytical,analytical,2.0,,,,,,11662.0,,,,,,,,,,,,,,,,,,,,,,,,,,,,,,individual,51.0,0.04510237345789678,349.0,childs-commutator,"Childs, Su, Tran, Wiebe, and Zhu, arXiv:1912.08854",Propositions 9--10,"{""prefactor"":349.0}",True,implemented-product-formula,True,,"[""the resolved ordered Hamiltonian groups match the implemented formula""]",,,,,,,implemented-product-formula,True,True,0.0451068510264545,,,,,,,,,,,,,,,,,,,1.0,none,0.0,system register,1.0,26.0,1177862.0,0.0,-1.0,104829718.0,1154767.0,analytical-model,0.005011872336272722,,,,,,,,,,,,0.1.0,3.11.9,2.5.0,b58b31db18364511c43757e27fffc7abce8df2c1,True,ok,,
1.0,transverse_field_ising:N026,-1.3,empirical,3081.0,,,2.0,a8fa234e-a646-4911-8402-a67c302db4ae,2026-08-12T00:11:58.358108+00:00,c1ad72de628f71283ac69037e9bbe97c3e773952f5abde5eac91397ca322d1a6,resource-grid,transverse_field_ising,TFIM-26,"{""coupling"":1.0,""field"":3.0,""periodic"":false}",26,26.0,proportional,1.0,0.05011872336272722,103.0,51,trotter-p2-empirical,trotter,Trotter p=2 [empirical],empirical-operator-norm,empirical,2.0,,,,,,3081.0,,,,,,,,,,,,,,,,,,,,,,,,,,,,,,individual,51.0,0.04509605438061568,24.3557719087,empirical-operator-norm,Repository empirical operator-norm calibration study v1 (2026-08-10),reviewed calibration opnorm-v1-tfim-open-trotter-p2; artifact docs/calibration_data/empirical_1d_v1_accepted.json,"{""prefactor"":24.3557719087}",False,implemented-product-formula,False,,"[""the resolved ordered Hamiltonian groups match the implemented formula"",""the fixed formal-order powers in time and segments apply"",""the reviewed affine size calibration extrapolates as flagged""]",,,,,,,implemented-product-formula,False,False,0.0451068510264545,,,,,,,,,,,,,,,,,,,1.0,none,0.0,system register,1.0,26.0,311181.0,0.0,-1.0,25828023.0,305080.0,analytical-model,0.005011872336272722,opnorm-v1-tfim-open-trotter-p2,transverse_field_ising,affine-aN-plus-b,24.3557719087,4.0,12.0,4.0,12.0,True,True,formula,0.1.0,3.11.9,2.5.0,b58b31db18364511c43757e27fffc7abce8df2c1,True,ok,,
1.0,transverse_field_ising:N026,-1.3,commutator,1149.0,,,2.0,a8fa234e-a646-4911-8402-a67c302db4ae,2026-08-12T00:11:58.358108+00:00,c1ad72de628f71283ac69037e9bbe97c3e773952f5abde5eac91397ca322d1a6,resource-grid,transverse_field_ising,TFIM-26,"{""coupling"":1.0,""field"":3.0,""periodic"":false}",26,26.0,proportional,1.0,0.05011872336272722,103.0,51,trotter-p4,trotter,Trotter p=4,analytical,analytical,4.0,,,,,,1149.0,,,,,,,,,,,,,,,,,,,,,,,,,,,,,,commuting,2.0,0.04503196850386984,6605.935163086014,schubert-mendl-commutator,"Schubert and Mendl, arXiv:2306.10603",Theorem 1,"{""prefactor"":6605.935163086014}",True,implemented-product-formula,True,,"[""the resolved ordered Hamiltonian groups match the implemented formula""]",,,,,,,implemented-product-formula,True,True,0.0451068510264545,,,,,,,,,,,,,,,,,,,1.0,none,0.0,system register,1.0,26.0,442365.0,0.0,-1.0,37158660.0,433692.0,analytical-model,0.005011872336272722,,,,,,,,,,,,0.1.0,3.11.9,2.5.0,b58b31db18364511c43757e27fffc7abce8df2c1,True,ok,,
1.0,transverse_field_ising:N026,-1.3,empirical,231.0,,,2.0,a8fa234e-a646-4911-8402-a67c302db4ae,2026-08-12T00:11:58.358108+00:00,c1ad72de628f71283ac69037e9bbe97c3e773952f5abde5eac91397ca322d1a6,resource-grid,transverse_field_ising,TFIM-26,"{""coupling"":1.0,""field"":3.0,""periodic"":false}",26,26.0,proportional,1.0,0.05011872336272722,103.0,51,trotter-p4-empirical,trotter,Trotter p=4 [empirical],empirical-operator-norm,empirical,4.0,,,,,,231.0,,,,,,,,,,,,,,,,,,,,,,,,,,,,,,commuting,2.0,0.04464494040536294,10.6992522635,empirical-operator-norm,Repository empirical operator-norm calibration study v1 (2026-08-10),reviewed calibration opnorm-v1-tfim-open-trotter-p4; artifact docs/calibration_data/empirical_1d_v1_accepted.json,"{""prefactor"":10.6992522635}",False,implemented-product-formula,False,,"[""the resolved ordered Hamiltonian groups match the implemented formula"",""the fixed formal-order powers in time and segments apply"",""the reviewed affine size calibration extrapolates as flagged""]",,,,,,,implemented-product-formula,False,False,0.0451068510264545,,,,,,,,,,,,,,,,,,,1.0,none,0.0,system register,1.0,26.0,88935.0,0.0,-1.0,6847995.0,87192.0,analytical-model,0.005011872336272722,opnorm-v1-tfim-open-trotter-p4,transverse_field_ising,affine-aN-plus-b,10.6992522635,4.0,12.0,4.0,12.0,True,True,formula,0.1.0,3.11.9,2.5.0,b58b31db18364511c43757e27fffc7abce8df2c1,True,ok,,
1.0,transverse_field_ising:N026,-1.3,commutator,767.0,,,2.0,a8fa234e-a646-4911-8402-a67c302db4ae,2026-08-12T00:11:58.358108+00:00,c1ad72de628f71283ac69037e9bbe97c3e773952f5abde5eac91397ca322d1a6,resource-grid,transverse_field_ising,TFIM-26,"{""coupling"":1.0,""field"":3.0,""periodic"":false}",26,26.0,proportional,1.0,0.05011872336272722,103.0,51,trotter-p6,trotter,Trotter p=6,analytical,analytical,6.0,,,,,,767.0,,,,,,,,,,,,,,,,,,,,,,,,,,,,,,commuting,2.0,0.04488927648612634,1137892.810662982,schubert-mendl-commutator,"Schubert and Mendl, arXiv:2306.10603",Theorem 1,"{""prefactor"":1137892.810662982}",True,implemented-product-formula,True,,"[""the resolved ordered Hamiltonian groups match the implemented formula""]",,,,,,,implemented-product-formula,True,True,0.0451068510264545,,,,,,,,,,,,,,,,,,,1.0,none,0.0,system register,1.0,26.0,1476475.0,0.0,-1.0,132882750.0,1447525.0,analytical-model,0.005011872336272722,,,,,,,,,,,,0.1.0,3.11.9,2.5.0,b58b31db18364511c43757e27fffc7abce8df2c1,True,ok,,
1.0,transverse_field_ising:N026,-1.3,empirical,208.0,,,2.0,a8fa234e-a646-4911-8402-a67c302db4ae,2026-08-12T00:11:58.358108+00:00,c1ad72de628f71283ac69037e9bbe97c3e773952f5abde5eac91397ca322d1a6,resource-grid,transverse_field_ising,TFIM-26,"{""coupling"":1.0,""field"":3.0,""periodic"":false}",26,26.0,proportional,1.0,0.05011872336272722,103.0,51,trotter-p6-empirical,trotter,Trotter p=6 [empirical],empirical-operator-norm,empirical,6.0,,,,,,208.0,,,,,,,,,,,,,,,,,,,,,,,,,,,,,,commuting,2.0,1.9291067797088607e-05,0.1945014491,empirical-operator-norm,Repository empirical operator-norm calibration study v1 (2026-08-10),reviewed calibration opnorm-v1-tfim-open-trotter-p6; artifact docs/calibration_data/empirical_1d_v1_accepted.json,"{""prefactor"":0.1945014491}",False,implemented-product-formula,False,,"[""the resolved ordered Hamiltonian groups match the implemented formula"",""the fixed formal-order powers in time and segments apply"",""the reviewed affine size calibration extrapolates as flagged""]",,,,,,,implemented-product-formula,False,False,0.0451068510264545,,,,,,,,,,,,,,,,,,,1.0,none,0.0,system register,1.0,26.0,400400.0,0.0,-1.0,33633600.0,392550.0,analytical-model,0.005011872336272722,opnorm-v1-tfim-open-trotter-p6,transverse_field_ising,affine-aN-plus-b,0.1945014491,4.0,12.0,4.0,12.0,True,True,asymptotic-domain,0.1.0,3.11.9,2.5.0,b58b31db18364511c43757e27fffc7abce8df2c1,True,ok,,
1.0,transverse_field_ising:N026,-1.3,jacobi-anger,,,,2.0,a8fa234e-a646-4911-8402-a67c302db4ae,2026-08-12T00:11:58.358108+00:00,c1ad72de628f71283ac69037e9bbe97c3e773952f5abde5eac91397ca322d1a6,resource-grid,transverse_field_ising,TFIM-26,"{""coupling"":1.0,""field"":3.0,""periodic"":false}",26,26.0,proportional,1.0,0.05011872336272722,103.0,51,qsvt,qsvt,QSVT,jacobi-anger-rigorous,analytical,,,,,,,,,,,,,,,,,,,,,,,,,,,,,,,,,,,21843.0,3641.0,,,0.01026769967210607,,jacobi-anger-polynomial-oaa,"Martyn et al., arXiv:2105.02859, Eqs. (76)--(77)",Jacobi--Anger tails plus exact cubic OAA identity,"{""oaa-unitarity-defect-distortion"":0.005153499558683845,""scaled-polynomial-error"":0.005114200113422226}",True,ideal-qsvt-oaa-good-block,True,,"[""the cosine and sine polynomials are implemented exactly"",""the unamplified good block is exactly Q/2""]",,,,,,,implemented-qsvt-floating-phase-circuit,False,False,0.0451068510264545,,,,,,,,,,,,,,,,,,,2.0,one robust OAA round,1.0,"component, quadrature, and index registers all-zero",,40.0,2795916.0,6989858.0,-1.0,287979620.0,46307748.0,analytical-model,0.005011872336272722,,,,,,,,,,,,0.1.0,3.11.9,2.5.0,b58b31db18364511c43757e27fffc7abce8df2c1,True,ok,,
1.0,transverse_field_ising:N026,-1.3,empirical,,6.0,39.0,2.0,a8fa234e-a646-4911-8402-a67c302db4ae,2026-08-12T00:11:58.358108+00:00,c1ad72de628f71283ac69037e9bbe97c3e773952f5abde5eac91397ca322d1a6,resource-grid,transverse_field_ising,TFIM-26,"{""coupling"":1.0,""field"":3.0,""periodic"":false}",26,26.0,proportional,1.0,0.05011872336272722,103.0,51,mpf-j-mizuta2026-theorem6-empirical-operator-norm,multiproduct,MPF J=Mizuta Theorem 6 (resolved per point) [empirical operator norm],empirical-operator-norm,empirical,,6.0,12.0,mizuta2026-theorem6,5.000000000000001,0.0451068510264545,39.0,,,,[],,,,,,,,,,,,,,,[],,,,,,,empirical-operator-norm,[],3744.0,,,,0.00677686285327936,0.0338181976,empirical-operator-norm,Repository empirical operator-norm calibration study v1 (2026-08-10),reviewed calibration opnorm-v1-tfim-open-mpf-new-m6; fixed formal powers,"{""empirical_coefficient"":0.0338181976}",False,ideal-mpf,False,ordered individual Pauli terms,"[""the fixed formal-order powers in time and segments apply"",""the empirical estimate concerns the repeated ideal MPF operator"",""the reviewed affine size calibration extrapolates as flagged""]",,0.0,0.0,False,False,{},repeated-shared-ancilla-good-block,False,False,0.0451068510264545,new,"[1,2,3,4,6,16]","[-3.1123560535325236e-07,0.0007054673721340386,-0.031622325043377676,0.17337566137566138,-0.4544415584415584,1.311983065972746]",1.9721283894410828,0.02787161055891696,32.0,registered-exact,True,6.0,3.0,2.0,4.0,8.0,0.0,6.0,3.0,2.0,3.0,2.0,one robust OAA round per segment,39.0,branch register all-zero,,31.0,757926.0,1950.0,-1.0,65947362.0,1140668.0,analytical-model,0.005011872336272722,opnorm-v1-tfim-open-mpf-new-m6,transverse_field_ising,affine-aN-plus-b,0.0338181976,4.0,12.0,4.0,12.0,True,True,asymptotic-domain,0.1.0,3.11.9,2.5.0,b58b31db18364511c43757e27fffc7abce8df2c1,True,ok,,
1.0,transverse_field_ising:N026,-1.3,commutator,,6.0,3911.0,2.0,a8fa234e-a646-4911-8402-a67c302db4ae,2026-08-12T00:11:58.358108+00:00,c1ad72de628f71283ac69037e9bbe97c3e773952f5abde5eac91397ca322d1a6,resource-grid,transverse_field_ising,TFIM-26,"{""coupling"":1.0,""field"":3.0,""periodic"":false}",26,26.0,proportional,1.0,0.05011872336272722,103.0,51,mpf-j-mizuta2026-theorem6-mizuta2026-commutator-ideal-rigorous,multiproduct,MPF J=Mizuta Theorem 6 (resolved per point) [Mizuta 2026 refined commutator],mizuta2026-commutator-ideal-rigorous,analytical,,6.0,12.0,mizuta2026-theorem6,5.000000000000001,0.0451068510264545,3911.0,3911.0,,2815.0,"[""error""]",27.066717758614857,12.0,,,1.1042744083334294e-05,7.55192428780559e-10,4.656358636911582e-16,7.551919631446952e-10,7.55192428780559e-10,1.1043499275763076e-05,0.045096962482721804,2.5930764774929136e-05,False,0.009236435766964372,"[1.0000000000000002,1.0000000000000002,1.0000000000000002,1.0000000000000002,1.0000000000000002,1.0000000000000002,1.0000000000000002,1.0000000000000002,1.0000000000000002,1.0000000000000002,1.0000000000000002,1.0000000000000002,1.0000000000000002,1.0000000000000002,1.0000000000000002,1.0000000000000002,1.0000000000000002,1.0000000000000002,1.0000000000000002,1.0000000000000002,1.0000000000000002,1.0000000000000002,1.0000000000000002,1.0000000000000002,1.0000000000000002,1.0000000000000002,1.0000000000000002,1.0000000000000002,1.0000000000000002,1.0000000000000002,1.0000000000000002,1.0000000000000002,1.0000000000000002,1.0000000000000002,1.0000000000000002,1.0000000000000002,1.0000000000000002,1.0000000000000002,1.0000000000000002,1.0000000000000002,1.0000000000000002,1.0000000000000002,1.0000000000000002,1.0000000000000002,1.0000000000000002,1.0000000000000002,1.0000000000000002,1.0000000000000002,1.0000000000000002,1.0000000000000002,1.0000000000000002]",5.0000000000000036,12.0,False,,not-used,commutator,mizuta2026-commutator-ideal-rigorous,[],375456.0,,,,0.045096962482721804,2.229282420037344e+23,mizuta2026-commutator-ideal-rigorous,"Mizuta, Quantum 10, 1974 (2026), arXiv:2507.06557v4","Theorem 4, Eqs. (47)--(49), with direct Lemmas 9--10 BCH remainder","{""error_predicate_satisfied"":1.0,""extensiveness_g"":5.000000000000001,""joint_predicate_satisfied"":1.0,""legacy_first_condition_passed"":0.0,""legacy_first_time_limit"":2.5930764774929136e-05,""local_commutator_error"":1.1042744083334294e-05,""local_step_error"":1.1043499275763076e-05,""local_truncated_bch_error"":7.55192428780559e-10,""locality_k"":2.0,""mu_upper"":27.066717758614857,""refined_lemma10_remainder"":7.551919631446952e-10,""refined_lemma9_remainder"":4.656358636911582e-16,""refined_tail_fallback"":0.0,""repeated_global_error"":0.045096962482721804,""schedule_weighted_extensiveness"":5.0000000000000036,""second_time_limit"":0.009236435766964372,""time_2_predicate_satisfied"":1.0,""total_branchwise_bch_remainder"":7.55192428780559e-10,""truncation_order_p0"":12.0}",True,ideal-mpf,True,ordered individual Pauli terms,"[""individual Pauli summands define the ordered H_gamma decomposition"",""the actual Strang factors define schedule-weighted g_alpha extensiveness"",""Lemma 9 and Lemma 10 positive majorants directly certify the BCH remainder"",""the scalar-flow/Cauchy refined tail certificate is used"",""Theorem 4 second time hypothesis is satisfied"",""the repeated ideal MPF is composed with the Eq. (15) telescoping argument""]",,12.0,12.0,True,False,"{""2"":600.0000000000006,""3"":9552.000000000015,""4"":123360.00000000028,""5"":1964352.0000000058,""6"":26700288.0000001,""7"":425270784.0000019,""8"":5979429888.000031,""9"":95261352960.00056,""10"":1370647707648.0093,""11"":21841531576320.16,""12"":319438646181890.56}",repeated-shared-ancilla-good-block,True,False,0.0451068510264545,new,"[1,2,3,4,6,16]","[-3.1123560535325236e-07,0.0007054673721340386,-0.031622325043377676,0.17337566137566138,-0.4544415584415584,1.311983065972746]",1.9721283894410828,0.02787161055891696,32.0,registered-exact,True,6.0,3.0,2.0,4.0,8.0,0.0,6.0,3.0,2.0,3.0,2.0,one robust OAA round per segment,3911.0,branch register all-zero,,31.0,76006374.0,195550.0,-1.0,8133464218.0,114388468.0,analytical-model,0.005011872336272722,,,,,,,,,,,,0.1.0,3.11.9,2.5.0,b58b31db18364511c43757e27fffc7abce8df2c1,True,ok,,
1.0,transverse_field_ising:N026,-1.4,commutator,13085.0,,,2.0,a8fa234e-a646-4911-8402-a67c302db4ae,2026-08-12T00:11:58.358108+00:00,c1ad72de628f71283ac69037e9bbe97c3e773952f5abde5eac91397ca322d1a6,resource-grid,transverse_field_ising,TFIM-26,"{""coupling"":1.0,""field"":3.0,""periodic"":false}",26,26.0,proportional,1.0,0.039810717055349734,103.0,51,trotter-p2,trotter,Trotter p=2,analytical,analytical,2.0,,,,,,13085.0,,,,,,,,,,,,,,,,,,,,,,,,,,,,,,individual,51.0,0.03582597486905889,349.0,childs-commutator,"Childs, Su, Tran, Wiebe, and Zhu, arXiv:1912.08854",Propositions 9--10,"{""prefactor"":349.0}",True,implemented-product-formula,True,,"[""the resolved ordered Hamiltonian groups match the implemented formula""]",,,,,,,implemented-product-formula,True,True,0.03582964534981476,,,,,,,,,,,,,,,,,,,1.0,none,0.0,system register,1.0,26.0,1321585.0,0.0,-1.0,118942650.0,1295672.0,analytical-model,0.003981071705534973,,,,,,,,,,,,0.1.0,3.11.9,2.5.0,b58b31db18364511c43757e27fffc7abce8df2c1,True,ok,,
1.0,transverse_field_ising:N026,-1.4,empirical,3457.0,,,2.0,a8fa234e-a646-4911-8402-a67c302db4ae,2026-08-12T00:11:58.358108+00:00,c1ad72de628f71283ac69037e9bbe97c3e773952f5abde5eac91397ca322d1a6,resource-grid,transverse_field_ising,TFIM-26,"{""coupling"":1.0,""field"":3.0,""periodic"":false}",26,26.0,proportional,1.0,0.039810717055349734,103.0,51,trotter-p2-empirical,trotter,Trotter p=2 [empirical],empirical-operator-norm,empirical,2.0,,,,,,3457.0,,,,,,,,,,,,,,,,,,,,,,,,,,,,,,individual,51.0,0.035819802180356505,24.3557719087,empirical-operator-norm,Repository empirical operator-norm calibration study v1 (2026-08-10),reviewed calibration opnorm-v1-tfim-open-trotter-p2; artifact docs/calibration_data/empirical_1d_v1_accepted.json,"{""prefactor"":24.3557719087}",False,implemented-product-formula,False,,"[""the resolved ordered Hamiltonian groups match the implemented formula"",""the fixed formal-order powers in time and segments apply"",""the reviewed affine size calibration extrapolates as flagged""]",,,,,,,implemented-product-formula,False,False,0.03582964534981476,,,,,,,,,,,,,,,,,,,1.0,none,0.0,system register,1.0,26.0,349157.0,0.0,-1.0,29329188.0,342311.0,analytical-model,0.003981071705534973,opnorm-v1-tfim-open-trotter-p2,transverse_field_ising,affine-aN-plus-b,24.3557719087,4.0,12.0,4.0,12.0,True,True,formula,0.1.0,3.11.9,2.5.0,b58b31db18364511c43757e27fffc7abce8df2c1,True,ok,,
1.0,transverse_field_ising:N026,-1.4,commutator,1217.0,,,2.0,a8fa234e-a646-4911-8402-a67c302db4ae,2026-08-12T00:11:58.358108+00:00,c1ad72de628f71283ac69037e9bbe97c3e773952f5abde5eac91397ca322d1a6,resource-grid,transverse_field_ising,TFIM-26,"{""coupling"":1.0,""field"":3.0,""periodic"":false}",26,26.0,proportional,1.0,0.039810717055349734,103.0,51,trotter-p4,trotter,Trotter p=4,analytical,analytical,4.0,,,,,,1217.0,,,,,,,,,,,,,,,,,,,,,,,,,,,,,,commuting,2.0,0.03577986797595008,6605.935163086014,schubert-mendl-commutator,"Schubert and Mendl, arXiv:2306.10603",Theorem 1,"{""prefactor"":6605.935163086014}",True,implemented-product-formula,True,,"[""the resolved ordered Hamiltonian groups match the implemented formula""]",,,,,,,implemented-product-formula,True,True,0.03582964534981476,,,,,,,,,,,,,,,,,,,1.0,none,0.0,system register,1.0,26.0,468545.0,0.0,-1.0,40294870.0,459358.0,analytical-model,0.003981071705534973,,,,,,,,,,,,0.1.0,3.11.9,2.5.0,b58b31db18364511c43757e27fffc7abce8df2c1,True,ok,,
1.0,transverse_field_ising:N026,-1.4,empirical,245.0,,,2.0,a8fa234e-a646-4911-8402-a67c302db4ae,2026-08-12T00:11:58.358108+00:00,c1ad72de628f71283ac69037e9bbe97c3e773952f5abde5eac91397ca322d1a6,resource-grid,transverse_field_ising,TFIM-26,"{""coupling"":1.0,""field"":3.0,""periodic"":false}",26,26.0,proportional,1.0,0.039810717055349734,103.0,51,trotter-p4-empirical,trotter,Trotter p=4 [empirical],empirical-operator-norm,empirical,4.0,,,,,,245.0,,,,,,,,,,,,,,,,,,,,,,,,,,,,,,commuting,2.0,0.0352822139911492,10.6992522635,empirical-operator-norm,Repository empirical operator-norm calibration study v1 (2026-08-10),reviewed calibration opnorm-v1-tfim-open-trotter-p4; artifact docs/calibration_data/empirical_1d_v1_accepted.json,"{""prefactor"":10.6992522635}",False,implemented-product-formula,False,,"[""the resolved ordered Hamiltonian groups match the implemented formula"",""the fixed formal-order powers in time and segments apply"",""the reviewed affine size calibration extrapolates as flagged""]",,,,,,,implemented-product-formula,False,False,0.03582964534981476,,,,,,,,,,,,,,,,,,,1.0,none,0.0,system register,1.0,26.0,94325.0,0.0,-1.0,7451675.0,92476.0,analytical-model,0.003981071705534973,opnorm-v1-tfim-open-trotter-p4,transverse_field_ising,affine-aN-plus-b,10.6992522635,4.0,12.0,4.0,12.0,True,True,formula,0.1.0,3.11.9,2.5.0,b58b31db18364511c43757e27fffc7abce8df2c1,True,ok,,
1.0,transverse_field_ising:N026,-1.4,commutator,797.0,,,2.0,a8fa234e-a646-4911-8402-a67c302db4ae,2026-08-12T00:11:58.358108+00:00,c1ad72de628f71283ac69037e9bbe97c3e773952f5abde5eac91397ca322d1a6,resource-grid,transverse_field_ising,TFIM-26,"{""coupling"":1.0,""field"":3.0,""periodic"":false}",26,26.0,proportional,1.0,0.039810717055349734,103.0,51,trotter-p6,trotter,Trotter p=6,analytical,analytical,6.0,,,,,,797.0,,,,,,,,,,,,,,,,,,,,,,,,,,,,,,commuting,2.0,0.035658647021322896,1137892.810662982,schubert-mendl-commutator,"Schubert and Mendl, arXiv:2306.10603",Theorem 1,"{""prefactor"":1137892.810662982}",True,implemented-product-formula,True,,"[""the resolved ordered Hamiltonian groups match the implemented formula""]",,,,,,,implemented-product-formula,True,True,0.03582964534981476,,,,,,,,,,,,,,,,,,,1.0,none,0.0,system register,1.0,26.0,1534225.0,0.0,-1.0,139614475.0,1504143.0,analytical-model,0.003981071705534973,,,,,,,,,,,,0.1.0,3.11.9,2.5.0,b58b31db18364511c43757e27fffc7abce8df2c1,True,ok,,
1.0,transverse_field_ising:N026,-1.4,empirical,208.0,,,2.0,a8fa234e-a646-4911-8402-a67c302db4ae,2026-08-12T00:11:58.358108+00:00,c1ad72de628f71283ac69037e9bbe97c3e773952f5abde5eac91397ca322d1a6,resource-grid,transverse_field_ising,TFIM-26,"{""coupling"":1.0,""field"":3.0,""periodic"":false}",26,26.0,proportional,1.0,0.039810717055349734,103.0,51,trotter-p6-empirical,trotter,Trotter p=6 [empirical],empirical-operator-norm,empirical,6.0,,,,,,208.0,,,,,,,,,,,,,,,,,,,,,,,,,,,,,,commuting,2.0,1.9291067797088607e-05,0.1945014491,empirical-operator-norm,Repository empirical operator-norm calibration study v1 (2026-08-10),reviewed calibration opnorm-v1-tfim-open-trotter-p6; artifact docs/calibration_data/empirical_1d_v1_accepted.json,"{""prefactor"":0.1945014491}",False,implemented-product-formula,False,,"[""the resolved ordered Hamiltonian groups match the implemented formula"",""the fixed formal-order powers in time and segments apply"",""the reviewed affine size calibration extrapolates as flagged""]",,,,,,,implemented-product-formula,False,False,0.03582964534981476,,,,,,,,,,,,,,,,,,,1.0,none,0.0,system register,1.0,26.0,400400.0,0.0,-1.0,34034000.0,392550.0,analytical-model,0.003981071705534973,opnorm-v1-tfim-open-trotter-p6,transverse_field_ising,affine-aN-plus-b,0.1945014491,4.0,12.0,4.0,12.0,True,True,asymptotic-domain,0.1.0,3.11.9,2.5.0,b58b31db18364511c43757e27fffc7abce8df2c1,True,ok,,
1.0,transverse_field_ising:N026,-1.4,jacobi-anger,,,,2.0,a8fa234e-a646-4911-8402-a67c302db4ae,2026-08-12T00:11:58.358108+00:00,c1ad72de628f71283ac69037e9bbe97c3e773952f5abde5eac91397ca322d1a6,resource-grid,transverse_field_ising,TFIM-26,"{""coupling"":1.0,""field"":3.0,""periodic"":false}",26,26.0,proportional,1.0,0.039810717055349734,103.0,51,qsvt,qsvt,QSVT,jacobi-anger-rigorous,analytical,,,,,,,,,,,,,,,,,,,,,,,,,,,,,,,,,,,21843.0,3641.0,,,0.009232085658486024,,jacobi-anger-polynomial-oaa,"Martyn et al., arXiv:2105.02859, Eqs. (76)--(77)",Jacobi--Anger tails plus exact cubic OAA identity,"{""oaa-unitarity-defect-distortion"":0.004631938183179447,""scaled-polynomial-error"":0.004600147475306577}",True,ideal-qsvt-oaa-good-block,True,,"[""the cosine and sine polynomials are implemented exactly"",""the unamplified good block is exactly Q/2""]",,,,,,,implemented-qsvt-floating-phase-circuit,False,False,0.03582964534981476,,,,,,,,,,,,,,,,,,,2.0,one robust OAA round,1.0,"component, quadrature, and index registers all-zero",,40.0,2795916.0,6989858.0,-1.0,290775536.0,46307748.0,analytical-model,0.003981071705534973,,,,,,,,,,,,0.1.0,3.11.9,2.5.0,b58b31db18364511c43757e27fffc7abce8df2c1,True,ok,,
1.0,transverse_field_ising:N026,-1.4,empirical,,6.0,39.0,2.0,a8fa234e-a646-4911-8402-a67c302db4ae,2026-08-12T00:11:58.358108+00:00,c1ad72de628f71283ac69037e9bbe97c3e773952f5abde5eac91397ca322d1a6,resource-grid,transverse_field_ising,TFIM-26,"{""coupling"":1.0,""field"":3.0,""periodic"":false}",26,26.0,proportional,1.0,0.039810717055349734,103.0,51,mpf-j-mizuta2026-theorem6-empirical-operator-norm,multiproduct,MPF J=Mizuta Theorem 6 (resolved per point) [empirical operator norm],empirical-operator-norm,empirical,,6.0,12.0,mizuta2026-theorem6,5.000000000000001,0.03582964534981476,39.0,,,,[],,,,,,,,,,,,,,,[],,,,,,,empirical-operator-norm,[],3744.0,,,,0.00677686285327936,0.0338181976,empirical-operator-norm,Repository empirical operator-norm calibration study v1 (2026-08-10),reviewed calibration opnorm-v1-tfim-open-mpf-new-m6; fixed formal powers,"{""empirical_coefficient"":0.0338181976}",False,ideal-mpf,False,ordered individual Pauli terms,"[""the fixed formal-order powers in time and segments apply"",""the empirical estimate concerns the repeated ideal MPF operator"",""the reviewed affine size calibration extrapolates as flagged""]",,0.0,0.0,False,False,{},repeated-shared-ancilla-good-block,False,False,0.03582964534981476,new,"[1,2,3,4,6,16]","[-3.1123560535325236e-07,0.0007054673721340386,-0.031622325043377676,0.17337566137566138,-0.4544415584415584,1.311983065972746]",1.9721283894410828,0.02787161055891696,32.0,registered-exact,True,6.0,3.0,2.0,4.0,8.0,0.0,6.0,3.0,2.0,3.0,2.0,one robust OAA round per segment,39.0,branch register all-zero,,31.0,757926.0,1950.0,-1.0,66705288.0,1140668.0,analytical-model,0.003981071705534973,opnorm-v1-tfim-open-mpf-new-m6,transverse_field_ising,affine-aN-plus-b,0.0338181976,4.0,12.0,4.0,12.0,True,True,asymptotic-domain,0.1.0,3.11.9,2.5.0,b58b31db18364511c43757e27fffc7abce8df2c1,True,ok,,
1.0,transverse_field_ising:N026,-1.4,commutator,,6.0,3984.0,2.0,a8fa234e-a646-4911-8402-a67c302db4ae,2026-08-12T00:11:58.358108+00:00,c1ad72de628f71283ac69037e9bbe97c3e773952f5abde5eac91397ca322d1a6,resource-grid,transverse_field_ising,TFIM-26,"{""coupling"":1.0,""field"":3.0,""periodic"":false}",26,26.0,proportional,1.0,0.039810717055349734,103.0,51,mpf-j-mizuta2026-theorem6-mizuta2026-commutator-ideal-rigorous,multiproduct,MPF J=Mizuta Theorem 6 (resolved per point) [Mizuta 2026 refined commutator],mizuta2026-commutator-ideal-rigorous,analytical,,6.0,12.0,mizuta2026-theorem6,5.000000000000001,0.03582964534981476,3984.0,3984.0,,2815.0,"[""error""]",27.066717758614857,12.0,,,8.68295055758723e-06,5.847651932660795e-10,3.669230758640919e-16,5.847648263430036e-10,5.847651932660795e-10,8.683535322780498e-06,0.03581265962646406,2.5930764774929136e-05,False,0.009236435766964372,"[1.0000000000000002,1.0000000000000002,1.0000000000000002,1.0000000000000002,1.0000000000000002,1.0000000000000002,1.0000000000000002,1.0000000000000002,1.0000000000000002,1.0000000000000002,1.0000000000000002,1.0000000000000002,1.0000000000000002,1.0000000000000002,1.0000000000000002,1.0000000000000002,1.0000000000000002,1.0000000000000002,1.0000000000000002,1.0000000000000002,1.0000000000000002,1.0000000000000002,1.0000000000000002,1.0000000000000002,1.0000000000000002,1.0000000000000002,1.0000000000000002,1.0000000000000002,1.0000000000000002,1.0000000000000002,1.0000000000000002,1.0000000000000002,1.0000000000000002,1.0000000000000002,1.0000000000000002,1.0000000000000002,1.0000000000000002,1.0000000000000002,1.0000000000000002,1.0000000000000002,1.0000000000000002,1.0000000000000002,1.0000000000000002,1.0000000000000002,1.0000000000000002,1.0000000000000002,1.0000000000000002,1.0000000000000002,1.0000000000000002,1.0000000000000002,1.0000000000000002]",5.0000000000000036,12.0,False,,not-used,commutator,mizuta2026-commutator-ideal-rigorous,[],382464.0,,,,0.03581265962646406,2.229282420037344e+23,mizuta2026-commutator-ideal-rigorous,"Mizuta, Quantum 10, 1974 (2026), arXiv:2507.06557v4","Theorem 4, Eqs. (47)--(49), with direct Lemmas 9--10 BCH remainder","{""error_predicate_satisfied"":1.0,""extensiveness_g"":5.000000000000001,""joint_predicate_satisfied"":1.0,""legacy_first_condition_passed"":0.0,""legacy_first_time_limit"":2.5930764774929136e-05,""local_commutator_error"":8.68295055758723e-06,""local_step_error"":8.683535322780498e-06,""local_truncated_bch_error"":5.847651932660795e-10,""locality_k"":2.0,""mu_upper"":27.066717758614857,""refined_lemma10_remainder"":5.847648263430036e-10,""refined_lemma9_remainder"":3.669230758640919e-16,""refined_tail_fallback"":0.0,""repeated_global_error"":0.03581265962646406,""schedule_weighted_extensiveness"":5.0000000000000036,""second_time_limit"":0.009236435766964372,""time_2_predicate_satisfied"":1.0,""total_branchwise_bch_remainder"":5.847651932660795e-10,""truncation_order_p0"":12.0}",True,ideal-mpf,True,ordered individual Pauli terms,"[""individual Pauli summands define the ordered H_gamma decomposition"",""the actual Strang factors define schedule-weighted g_alpha extensiveness"",""Lemma 9 and Lemma 10 positive majorants directly certify the BCH remainder"",""the scalar-flow/Cauchy refined tail certificate is used"",""Theorem 4 second time hypothesis is satisfied"",""the repeated ideal MPF is composed with the Eq. (15) telescoping argument""]",,12.0,12.0,True,False,"{""2"":600.0000000000006,""3"":9552.000000000015,""4"":123360.00000000028,""5"":1964352.0000000058,""6"":26700288.0000001,""7"":425270784.0000019,""8"":5979429888.000031,""9"":95261352960.00056,""10"":1370647707648.0093,""11"":21841531576320.16,""12"":319438646181890.56}",repeated-shared-ancilla-good-block,True,False,0.03582964534981476,new,"[1,2,3,4,6,16]","[-3.1123560535325236e-07,0.0007054673721340386,-0.031622325043377676,0.17337566137566138,-0.4544415584415584,1.311983065972746]",1.9721283894410828,0.02787161055891696,32.0,registered-exact,True,6.0,3.0,2.0,4.0,8.0,0.0,6.0,3.0,2.0,3.0,2.0,one robust OAA round per segment,3984.0,branch register all-zero,,31.0,77425056.0,199200.0,-1.0,8362702848.0,116523564.0,analytical-model,0.003981071705534973,,,,,,,,,,,,0.1.0,3.11.9,2.5.0,b58b31db18364511c43757e27fffc7abce8df2c1,True,ok,,
1.0,transverse_field_ising:N026,-1.5,commutator,14681.0,,,2.0,a8fa234e-a646-4911-8402-a67c302db4ae,2026-08-12T00:11:58.358108+00:00,c1ad72de628f71283ac69037e9bbe97c3e773952f5abde5eac91397ca322d1a6,resource-grid,transverse_field_ising,TFIM-26,"{""coupling"":1.0,""field"":3.0,""periodic"":false}",26,26.0,proportional,1.0,0.03162277660168379,103.0,51,trotter-p2,trotter,Trotter p=2,analytical,analytical,2.0,,,,,,14681.0,,,,,,,,,,,,,,,,,,,,,,,,,,,,,,individual,51.0,0.028459953983301797,349.0,childs-commutator,"Childs, Su, Tran, Wiebe, and Zhu, arXiv:1912.08854",Propositions 9--10,"{""prefactor"":349.0}",True,implemented-product-formula,True,,"[""the resolved ordered Hamiltonian groups match the implemented formula""]",,,,,,,implemented-product-formula,True,True,0.02846049894151541,,,,,,,,,,,,,,,,,,,1.0,none,0.0,system register,1.0,26.0,1482781.0,0.0,-1.0,136415852.0,1453707.0,analytical-model,0.0031622776601683794,,,,,,,,,,,,0.1.0,3.11.9,2.5.0,b58b31db18364511c43757e27fffc7abce8df2c1,True,ok,,
1.0,transverse_field_ising:N026,-1.5,empirical,3879.0,,,2.0,a8fa234e-a646-4911-8402-a67c302db4ae,2026-08-12T00:11:58.358108+00:00,c1ad72de628f71283ac69037e9bbe97c3e773952f5abde5eac91397ca322d1a6,resource-grid,transverse_field_ising,TFIM-26,"{""coupling"":1.0,""field"":3.0,""periodic"":false}",26,26.0,proportional,1.0,0.03162277660168379,103.0,51,trotter-p2-empirical,trotter,Trotter p=2 [empirical],empirical-operator-norm,empirical,2.0,,,,,,3879.0,,,,,,,,,,,,,,,,,,,,,,,,,,,,,,individual,51.0,0.028450007351628316,24.3557719087,empirical-operator-norm,Repository empirical operator-norm calibration study v1 (2026-08-10),reviewed calibration opnorm-v1-tfim-open-trotter-p2; artifact docs/calibration_data/empirical_1d_v1_accepted.json,"{""prefactor"":24.3557719087}",False,implemented-product-formula,False,,"[""the resolved ordered Hamiltonian groups match the implemented formula"",""the fixed formal-order powers in time and segments apply"",""the reviewed affine size calibration extrapolates as flagged""]",,,,,,,implemented-product-formula,False,False,0.02846049894151541,,,,,,,,,,,,,,,,,,,1.0,none,0.0,system register,1.0,26.0,391779.0,0.0,-1.0,33692994.0,384098.0,analytical-model,0.0031622776601683794,opnorm-v1-tfim-open-trotter-p2,transverse_field_ising,affine-aN-plus-b,24.3557719087,4.0,12.0,4.0,12.0,True,True,formula,0.1.0,3.11.9,2.5.0,b58b31db18364511c43757e27fffc7abce8df2c1,True,ok,,
1.0,transverse_field_ising:N026,-1.5,commutator,1289.0,,,2.0,a8fa234e-a646-4911-8402-a67c302db4ae,2026-08-12T00:11:58.358108+00:00,c1ad72de628f71283ac69037e9bbe97c3e773952f5abde5eac91397ca322d1a6,resource-grid,transverse_field_ising,TFIM-26,"{""coupling"":1.0,""field"":3.0,""periodic"":false}",26,26.0,proportional,1.0,0.03162277660168379,103.0,51,trotter-p4,trotter,Trotter p=4,analytical,analytical,4.0,,,,,,1289.0,,,,,,,,,,,,,,,,,,,,,,,,,,,,,,commuting,2.0,0.02843081944174464,6605.935163086014,schubert-mendl-commutator,"Schubert and Mendl, arXiv:2306.10603",Theorem 1,"{""prefactor"":6605.935163086014}",True,implemented-product-formula,True,,"[""the resolved ordered Hamiltonian groups match the implemented formula""]",,,,,,,implemented-product-formula,True,True,0.02846049894151541,,,,,,,,,,,,,,,,,,,1.0,none,0.0,system register,1.0,26.0,496265.0,0.0,-1.0,43175055.0,486535.0,analytical-model,0.0031622776601683794,,,,,,,,,,,,0.1.0,3.11.9,2.5.0,b58b31db18364511c43757e27fffc7abce8df2c1,True,ok,,
1.0,transverse_field_ising:N026,-1.5,empirical,259.0,,,2.0,a8fa234e-a646-4911-8402-a67c302db4ae,2026-08-12T00:11:58.358108+00:00,c1ad72de628f71283ac69037e9bbe97c3e773952f5abde5eac91397ca322d1a6,resource-grid,transverse_field_ising,TFIM-26,"{""coupling"":1.0,""field"":3.0,""periodic"":false}",26,26.0,proportional,1.0,0.03162277660168379,103.0,51,trotter-p4-empirical,trotter,Trotter p=4 [empirical],empirical-operator-norm,empirical,4.0,,,,,,259.0,,,,,,,,,,,,,,,,,,,,,,,,,,,,,,commuting,2.0,0.028250172941635454,10.6992522635,empirical-operator-norm,Repository empirical operator-norm calibration study v1 (2026-08-10),reviewed calibration opnorm-v1-tfim-open-trotter-p4; artifact docs/calibration_data/empirical_1d_v1_accepted.json,"{""prefactor"":10.6992522635}",False,implemented-product-formula,False,,"[""the resolved ordered Hamiltonian groups match the implemented formula"",""the fixed formal-order powers in time and segments apply"",""the reviewed affine size calibration extrapolates as flagged""]",,,,,,,implemented-product-formula,False,False,0.02846049894151541,,,,,,,,,,,,,,,,,,,1.0,none,0.0,system register,1.0,26.0,99715.0,0.0,-1.0,7977200.0,97760.0,analytical-model,0.0031622776601683794,opnorm-v1-tfim-open-trotter-p4,transverse_field_ising,affine-aN-plus-b,10.6992522635,4.0,12.0,4.0,12.0,True,True,formula,0.1.0,3.11.9,2.5.0,b58b31db18364511c43757e27fffc7abce8df2c1,True,ok,,
1.0,transverse_field_ising:N026,-1.5,commutator,828.0,,,2.0,a8fa234e-a646-4911-8402-a67c302db4ae,2026-08-12T00:11:58.358108+00:00,c1ad72de628f71283ac69037e9bbe97c3e773952f5abde5eac91397ca322d1a6,resource-grid,transverse_field_ising,TFIM-26,"{""coupling"":1.0,""field"":3.0,""periodic"":false}",26,26.0,proportional,1.0,0.03162277660168379,103.0,51,trotter-p6,trotter,Trotter p=6,analytical,analytical,6.0,,,,,,828.0,,,,,,,,,,,,,,,,,,,,,,,,,,,,,,commuting,2.0,0.02836173328592504,1137892.810662982,schubert-mendl-commutator,"Schubert and Mendl, arXiv:2306.10603",Theorem 1,"{""prefactor"":1137892.810662982}",True,implemented-product-formula,True,,"[""the resolved ordered Hamiltonian groups match the implemented formula""]",,,,,,,implemented-product-formula,True,True,0.02846049894151541,,,,,,,,,,,,,,,,,,,1.0,none,0.0,system register,1.0,26.0,1593900.0,0.0,-1.0,146638800.0,1562648.0,analytical-model,0.0031622776601683794,,,,,,,,,,,,0.1.0,3.11.9,2.5.0,b58b31db18364511c43757e27fffc7abce8df2c1,True,ok,,
1.0,transverse_field_ising:N026,-1.5,empirical,208.0,,,2.0,a8fa234e-a646-4911-8402-a67c302db4ae,2026-08-12T00:11:58.358108+00:00,c1ad72de628f71283ac69037e9bbe97c3e773952f5abde5eac91397ca322d1a6,resource-grid,transverse_field_ising,TFIM-26,"{""coupling"":1.0,""field"":3.0,""periodic"":false}",26,26.0,proportional,1.0,0.03162277660168379,103.0,51,trotter-p6-empirical,trotter,Trotter p=6 [empirical],empirical-operator-norm,empirical,6.0,,,,,,208.0,,,,,,,,,,,,,,,,,,,,,,,,,,,,,,commuting,2.0,1.9291067797088607e-05,0.1945014491,empirical-operator-norm,Repository empirical operator-norm calibration study v1 (2026-08-10),reviewed calibration opnorm-v1-tfim-open-trotter-p6; artifact docs/calibration_data/empirical_1d_v1_accepted.json,"{""prefactor"":0.1945014491}",False,implemented-product-formula,False,,"[""the resolved ordered Hamiltonian groups match the implemented formula"",""the fixed formal-order powers in time and segments apply"",""the reviewed affine size calibration extrapolates as flagged""]",,,,,,,implemented-product-formula,False,False,0.02846049894151541,,,,,,,,,,,,,,,,,,,1.0,none,0.0,system register,1.0,26.0,400400.0,0.0,-1.0,34434400.0,392550.0,analytical-model,0.0031622776601683794,opnorm-v1-tfim-open-trotter-p6,transverse_field_ising,affine-aN-plus-b,0.1945014491,4.0,12.0,4.0,12.0,True,True,asymptotic-domain,0.1.0,3.11.9,2.5.0,b58b31db18364511c43757e27fffc7abce8df2c1,True,ok,,
1.0,transverse_field_ising:N026,-1.5,jacobi-anger,,,,2.0,a8fa234e-a646-4911-8402-a67c302db4ae,2026-08-12T00:11:58.358108+00:00,c1ad72de628f71283ac69037e9bbe97c3e773952f5abde5eac91397ca322d1a6,resource-grid,transverse_field_ising,TFIM-26,"{""coupling"":1.0,""field"":3.0,""periodic"":false}",26,26.0,proportional,1.0,0.03162277660168379,103.0,51,qsvt,qsvt,QSVT,jacobi-anger-rigorous,analytical,,,,,,,,,,,,,,,,,,,,,,,,,,,,,,,,,,,21855.0,3643.0,,,0.0038729783448187855,,jacobi-anger-polynomial-oaa,"Martyn et al., arXiv:2105.02859, Eqs. (76)--(77)",Jacobi--Anger tails plus exact cubic OAA identity,"{""oaa-unitarity-defect-distortion"":0.0019392953274910696,""scaled-polynomial-error"":0.001933683017327716}",True,ideal-qsvt-oaa-good-block,True,,"[""the cosine and sine polynomials are implemented exactly"",""the unamplified good block is exactly Q/2""]",,,,,,,implemented-qsvt-floating-phase-circuit,False,False,0.02846049894151541,,,,,,,,,,,,,,,,,,,2.0,one robust OAA round,1.0,"component, quadrature, and index registers all-zero",,40.0,2797452.0,6993698.0,-1.0,293732732.0,46333188.0,analytical-model,0.0031622776601683794,,,,,,,,,,,,0.1.0,3.11.9,2.5.0,b58b31db18364511c43757e27fffc7abce8df2c1,True,ok,,
1.0,transverse_field_ising:N026,-1.5,empirical,,6.0,39.0,2.0,a8fa234e-a646-4911-8402-a67c302db4ae,2026-08-12T00:11:58.358108+00:00,c1ad72de628f71283ac69037e9bbe97c3e773952f5abde5eac91397ca322d1a6,resource-grid,transverse_field_ising,TFIM-26,"{""coupling"":1.0,""field"":3.0,""periodic"":false}",26,26.0,proportional,1.0,0.03162277660168379,103.0,51,mpf-j-mizuta2026-theorem6-empirical-operator-norm,multiproduct,MPF J=Mizuta Theorem 6 (resolved per point) [empirical operator norm],empirical-operator-norm,empirical,,6.0,12.0,mizuta2026-theorem6,5.000000000000001,0.02846049894151541,39.0,,,,[],,,,,,,,,,,,,,,[],,,,,,,empirical-operator-norm,[],3744.0,,,,0.00677686285327936,0.0338181976,empirical-operator-norm,Repository empirical operator-norm calibration study v1 (2026-08-10),reviewed calibration opnorm-v1-tfim-open-mpf-new-m6; fixed formal powers,"{""empirical_coefficient"":0.0338181976}",False,ideal-mpf,False,ordered individual Pauli terms,"[""the fixed formal-order powers in time and segments apply"",""the empirical estimate concerns the repeated ideal MPF operator"",""the reviewed affine size calibration extrapolates as flagged""]",,0.0,0.0,False,False,{},repeated-shared-ancilla-good-block,False,False,0.02846049894151541,new,"[1,2,3,4,6,16]","[-3.1123560535325236e-07,0.0007054673721340386,-0.031622325043377676,0.17337566137566138,-0.4544415584415584,1.311983065972746]",1.9721283894410828,0.02787161055891696,32.0,registered-exact,True,6.0,3.0,2.0,4.0,8.0,0.0,6.0,3.0,2.0,3.0,2.0,one robust OAA round per segment,39.0,branch register all-zero,,31.0,757926.0,1950.0,-1.0,67463214.0,1140668.0,analytical-model,0.0031622776601683794,opnorm-v1-tfim-open-mpf-new-m6,transverse_field_ising,affine-aN-plus-b,0.0338181976,4.0,12.0,4.0,12.0,True,True,asymptotic-domain,0.1.0,3.11.9,2.5.0,b58b31db18364511c43757e27fffc7abce8df2c1,True,ok,,
1.0,transverse_field_ising:N026,-1.5,commutator,,6.0,4059.0,2.0,a8fa234e-a646-4911-8402-a67c302db4ae,2026-08-12T00:11:58.358108+00:00,c1ad72de628f71283ac69037e9bbe97c3e773952f5abde5eac91397ca322d1a6,resource-grid,transverse_field_ising,TFIM-26,"{""coupling"":1.0,""field"":3.0,""periodic"":false}",26,26.0,proportional,1.0,0.03162277660168379,103.0,51,mpf-j-mizuta2026-theorem6-mizuta2026-commutator-ideal-rigorous,multiproduct,MPF J=Mizuta Theorem 6 (resolved per point) [Mizuta 2026 refined commutator],mizuta2026-commutator-ideal-rigorous,analytical,,6.0,12.0,mizuta2026-theorem6,5.000000000000001,0.02846049894151541,4059.0,4059.0,,2815.0,"[""error""]",27.066717758614857,12.0,,,6.813510785402707e-06,4.521103285816178e-10,2.8858278466222005e-16,4.521100399988331e-10,4.521103285816178e-10,6.813962895731289e-06,0.028433313804662616,2.5930764774929136e-05,False,0.009236435766964372,"[1.0000000000000002,1.0000000000000002,1.0000000000000002,1.0000000000000002,1.0000000000000002,1.0000000000000002,1.0000000000000002,1.0000000000000002,1.0000000000000002,1.0000000000000002,1.0000000000000002,1.0000000000000002,1.0000000000000002,1.0000000000000002,1.0000000000000002,1.0000000000000002,1.0000000000000002,1.0000000000000002,1.0000000000000002,1.0000000000000002,1.0000000000000002,1.0000000000000002,1.0000000000000002,1.0000000000000002,1.0000000000000002,1.0000000000000002,1.0000000000000002,1.0000000000000002,1.0000000000000002,1.0000000000000002,1.0000000000000002,1.0000000000000002,1.0000000000000002,1.0000000000000002,1.0000000000000002,1.0000000000000002,1.0000000000000002,1.0000000000000002,1.0000000000000002,1.0000000000000002,1.0000000000000002,1.0000000000000002,1.0000000000000002,1.0000000000000002,1.0000000000000002,1.0000000000000002,1.0000000000000002,1.0000000000000002,1.0000000000000002,1.0000000000000002,1.0000000000000002]",5.0000000000000036,12.0,False,,not-used,commutator,mizuta2026-commutator-ideal-rigorous,[],389664.0,,,,0.028433313804662616,2.229282420037344e+23,mizuta2026-commutator-ideal-rigorous,"Mizuta, Quantum 10, 1974 (2026), arXiv:2507.06557v4","Theorem 4, Eqs. (47)--(49), with direct Lemmas 9--10 BCH remainder","{""error_predicate_satisfied"":1.0,""extensiveness_g"":5.000000000000001,""joint_predicate_satisfied"":1.0,""legacy_first_condition_passed"":0.0,""legacy_first_time_limit"":2.5930764774929136e-05,""local_commutator_error"":6.813510785402707e-06,""local_step_error"":6.813962895731289e-06,""local_truncated_bch_error"":4.521103285816178e-10,""locality_k"":2.0,""mu_upper"":27.066717758614857,""refined_lemma10_remainder"":4.521100399988331e-10,""refined_lemma9_remainder"":2.8858278466222005e-16,""refined_tail_fallback"":0.0,""repeated_global_error"":0.028433313804662616,""schedule_weighted_extensiveness"":5.0000000000000036,""second_time_limit"":0.009236435766964372,""time_2_predicate_satisfied"":1.0,""total_branchwise_bch_remainder"":4.521103285816178e-10,""truncation_order_p0"":12.0}",True,ideal-mpf,True,ordered individual Pauli terms,"[""individual Pauli summands define the ordered H_gamma decomposition"",""the actual Strang factors define schedule-weighted g_alpha extensiveness"",""Lemma 9 and Lemma 10 positive majorants directly certify the BCH remainder"",""the scalar-flow/Cauchy refined tail certificate is used"",""Theorem 4 second time hypothesis is satisfied"",""the repeated ideal MPF is composed with the Eq. (15) telescoping argument""]",,12.0,12.0,True,False,"{""2"":600.0000000000006,""3"":9552.000000000015,""4"":123360.00000000028,""5"":1964352.0000000058,""6"":26700288.0000001,""7"":425270784.0000019,""8"":5979429888.000031,""9"":95261352960.00056,""10"":1370647707648.0093,""11"":21841531576320.16,""12"":319438646181890.56}",repeated-shared-ancilla-good-block,True,False,0.02846049894151541,new,"[1,2,3,4,6,16]","[-3.1123560535325236e-07,0.0007054673721340386,-0.031622325043377676,0.17337566137566138,-0.4544415584415584,1.311983065972746]",1.9721283894410828,0.02787161055891696,32.0,registered-exact,True,6.0,3.0,2.0,4.0,8.0,0.0,6.0,3.0,2.0,3.0,2.0,one robust OAA round per segment,4059.0,branch register all-zero,,31.0,78882606.0,202950.0,-1.0,8599015854.0,118717155.0,analytical-model,0.0031622776601683794,,,,,,,,,,,,0.1.0,3.11.9,2.5.0,b58b31db18364511c43757e27fffc7abce8df2c1,True,ok,,
1.0,transverse_field_ising:N026,-1.6,commutator,16473.0,,,2.0,a8fa234e-a646-4911-8402-a67c302db4ae,2026-08-12T00:11:58.358108+00:00,c1ad72de628f71283ac69037e9bbe97c3e773952f5abde5eac91397ca322d1a6,resource-grid,transverse_field_ising,TFIM-26,"{""coupling"":1.0,""field"":3.0,""periodic"":false}",26,26.0,proportional,1.0,0.025118864315095794,103.0,51,trotter-p2,trotter,Trotter p=2,analytical,analytical,2.0,,,,,,16473.0,,,,,,,,,,,,,,,,,,,,,,,,,,,,,,individual,51.0,0.02260476903704455,349.0,childs-commutator,"Childs, Su, Tran, Wiebe, and Zhu, arXiv:1912.08854",Propositions 9--10,"{""prefactor"":349.0}",True,implemented-product-formula,True,,"[""the resolved ordered Hamiltonian groups match the implemented formula""]",,,,,,,implemented-product-formula,True,True,0.022606977883586215,,,,,,,,,,,,,,,,,,,1.0,none,0.0,system register,1.0,26.0,1663773.0,0.0,-1.0,154730889.0,1631150.0,analytical-model,0.0025118864315095794,,,,,,,,,,,,0.1.0,3.11.9,2.5.0,b58b31db18364511c43757e27fffc7abce8df2c1,True,ok,,
1.0,transverse_field_ising:N026,-1.6,empirical,4352.0,,,2.0,a8fa234e-a646-4911-8402-a67c302db4ae,2026-08-12T00:11:58.358108+00:00,c1ad72de628f71283ac69037e9bbe97c3e773952f5abde5eac91397ca322d1a6,resource-grid,transverse_field_ising,TFIM-26,"{""coupling"":1.0,""field"":3.0,""periodic"":false}",26,26.0,proportional,1.0,0.025118864315095794,103.0,51,trotter-p2-empirical,trotter,Trotter p=2 [empirical],empirical-operator-norm,empirical,2.0,,,,,,4352.0,,,,,,,,,,,,,,,,,,,,,,,,,,,,,,individual,51.0,0.022601859389958446,24.3557719087,empirical-operator-norm,Repository empirical operator-norm calibration study v1 (2026-08-10),reviewed calibration opnorm-v1-tfim-open-trotter-p2; artifact docs/calibration_data/empirical_1d_v1_accepted.json,"{""prefactor"":24.3557719087}",False,implemented-product-formula,False,,"[""the resolved ordered Hamiltonian groups match the implemented formula"",""the fixed formal-order powers in time and segments apply"",""the reviewed affine size calibration extrapolates as flagged""]",,,,,,,implemented-product-formula,False,False,0.022606977883586215,,,,,,,,,,,,,,,,,,,1.0,none,0.0,system register,1.0,26.0,439552.0,0.0,-1.0,38241024.0,430934.0,analytical-model,0.0025118864315095794,opnorm-v1-tfim-open-trotter-p2,transverse_field_ising,affine-aN-plus-b,24.3557719087,4.0,12.0,4.0,12.0,True,True,formula,0.1.0,3.11.9,2.5.0,b58b31db18364511c43757e27fffc7abce8df2c1,True,ok,,
1.0,transverse_field_ising:N026,-1.6,commutator,1366.0,,,2.0,a8fa234e-a646-4911-8402-a67c302db4ae,2026-08-12T00:11:58.358108+00:00,c1ad72de628f71283ac69037e9bbe97c3e773952f5abde5eac91397ca322d1a6,resource-grid,transverse_field_ising,TFIM-26,"{""coupling"":1.0,""field"":3.0,""periodic"":false}",26,26.0,proportional,1.0,0.025118864315095794,103.0,51,trotter-p4,trotter,Trotter p=4,analytical,analytical,4.0,,,,,,1366.0,,,,,,,,,,,,,,,,,,,,,,,,,,,,,,commuting,2.0,0.022542301248725662,6605.935163086014,schubert-mendl-commutator,"Schubert and Mendl, arXiv:2306.10603",Theorem 1,"{""prefactor"":6605.935163086014}",True,implemented-product-formula,True,,"[""the resolved ordered Hamiltonian groups match the implemented formula""]",,,,,,,implemented-product-formula,True,True,0.022606977883586215,,,,,,,,,,,,,,,,,,,1.0,none,0.0,system register,1.0,26.0,525910.0,0.0,-1.0,46280080.0,515599.0,analytical-model,0.0025118864315095794,,,,,,,,,,,,0.1.0,3.11.9,2.5.0,b58b31db18364511c43757e27fffc7abce8df2c1,True,ok,,
1.0,transverse_field_ising:N026,-1.6,empirical,274.0,,,2.0,a8fa234e-a646-4911-8402-a67c302db4ae,2026-08-12T00:11:58.358108+00:00,c1ad72de628f71283ac69037e9bbe97c3e773952f5abde5eac91397ca322d1a6,resource-grid,transverse_field_ising,TFIM-26,"{""coupling"":1.0,""field"":3.0,""periodic"":false}",26,26.0,proportional,1.0,0.025118864315095794,103.0,51,trotter-p4-empirical,trotter,Trotter p=4 [empirical],empirical-operator-norm,empirical,4.0,,,,,,274.0,,,,,,,,,,,,,,,,,,,,,,,,,,,,,,commuting,2.0,0.022553706051963707,10.6992522635,empirical-operator-norm,Repository empirical operator-norm calibration study v1 (2026-08-10),reviewed calibration opnorm-v1-tfim-open-trotter-p4; artifact docs/calibration_data/empirical_1d_v1_accepted.json,"{""prefactor"":10.6992522635}",False,implemented-product-formula,False,,"[""the resolved ordered Hamiltonian groups match the implemented formula"",""the fixed formal-order powers in time and segments apply"",""the reviewed affine size calibration extrapolates as flagged""]",,,,,,,implemented-product-formula,False,False,0.022606977883586215,,,,,,,,,,,,,,,,,,,1.0,none,0.0,system register,1.0,26.0,105490.0,0.0,-1.0,8544690.0,103422.0,analytical-model,0.0025118864315095794,opnorm-v1-tfim-open-trotter-p4,transverse_field_ising,affine-aN-plus-b,10.6992522635,4.0,12.0,4.0,12.0,True,True,formula,0.1.0,3.11.9,2.5.0,b58b31db18364511c43757e27fffc7abce8df2c1,True,ok,,
1.0,transverse_field_ising:N026,-1.6,commutator,860.0,,,2.0,a8fa234e-a646-4911-8402-a67c302db4ae,2026-08-12T00:11:58.358108+00:00,c1ad72de628f71283ac69037e9bbe97c3e773952f5abde5eac91397ca322d1a6,resource-grid,transverse_field_ising,TFIM-26,"{""coupling"":1.0,""field"":3.0,""periodic"":false}",26,26.0,proportional,1.0,0.025118864315095794,103.0,51,trotter-p6,trotter,Trotter p=6,analytical,analytical,6.0,,,,,,860.0,,,,,,,,,,,,,,,,,,,,,,,,,,,,,,commuting,2.0,0.02259040837256108,1137892.810662982,schubert-mendl-commutator,"Schubert and Mendl, arXiv:2306.10603",Theorem 1,"{""prefactor"":1137892.810662982}",True,implemented-product-formula,True,,"[""the resolved ordered Hamiltonian groups match the implemented formula""]",,,,,,,implemented-product-formula,True,True,0.022606977883586215,,,,,,,,,,,,,,,,,,,1.0,none,0.0,system register,1.0,26.0,1655500.0,0.0,-1.0,153961500.0,1623040.0,analytical-model,0.0025118864315095794,,,,,,,,,,,,0.1.0,3.11.9,2.5.0,b58b31db18364511c43757e27fffc7abce8df2c1,True,ok,,
1.0,transverse_field_ising:N026,-1.6,empirical,208.0,,,2.0,a8fa234e-a646-4911-8402-a67c302db4ae,2026-08-12T00:11:58.358108+00:00,c1ad72de628f71283ac69037e9bbe97c3e773952f5abde5eac91397ca322d1a6,resource-grid,transverse_field_ising,TFIM-26,"{""coupling"":1.0,""field"":3.0,""periodic"":false}",26,26.0,proportional,1.0,0.025118864315095794,103.0,51,trotter-p6-empirical,trotter,Trotter p=6 [empirical],empirical-operator-norm,empirical,6.0,,,,,,208.0,,,,,,,,,,,,,,,,,,,,,,,,,,,,,,commuting,2.0,1.9291067797088607e-05,0.1945014491,empirical-operator-norm,Repository empirical operator-norm calibration study v1 (2026-08-10),reviewed calibration opnorm-v1-tfim-open-trotter-p6; artifact docs/calibration_data/empirical_1d_v1_accepted.json,"{""prefactor"":0.1945014491}",False,implemented-product-formula,False,,"[""the resolved ordered Hamiltonian groups match the implemented formula"",""the fixed formal-order powers in time and segments apply"",""the reviewed affine size calibration extrapolates as flagged""]",,,,,,,implemented-product-formula,False,False,0.022606977883586215,,,,,,,,,,,,,,,,,,,1.0,none,0.0,system register,1.0,26.0,400400.0,0.0,-1.0,34834800.0,392550.0,analytical-model,0.0025118864315095794,opnorm-v1-tfim-open-trotter-p6,transverse_field_ising,affine-aN-plus-b,0.1945014491,4.0,12.0,4.0,12.0,True,True,asymptotic-domain,0.1.0,3.11.9,2.5.0,b58b31db18364511c43757e27fffc7abce8df2c1,True,ok,,
1.0,transverse_field_ising:N026,-1.6,jacobi-anger,,,,2.0,a8fa234e-a646-4911-8402-a67c302db4ae,2026-08-12T00:11:58.358108+00:00,c1ad72de628f71283ac69037e9bbe97c3e773952f5abde5eac91397ca322d1a6,resource-grid,transverse_field_ising,TFIM-26,"{""coupling"":1.0,""field"":3.0,""periodic"":false}",26,26.0,proportional,1.0,0.025118864315095794,103.0,51,qsvt,qsvt,QSVT,jacobi-anger-rigorous,analytical,,,,,,,,,,,,,,,,,,,,,,,,,,,,,,,,,,,21855.0,3643.0,,,0.0032210879436738275,,jacobi-anger-polynomial-oaa,"Martyn et al., arXiv:2105.02859, Eqs. (76)--(77)",Jacobi--Anger tails plus exact cubic OAA identity,"{""oaa-unitarity-defect-distortion"":0.001612485713293841,""scaled-polynomial-error"":0.0016086022303799866}",True,ideal-qsvt-oaa-good-block,True,,"[""the cosine and sine polynomials are implemented exactly"",""the unamplified good block is exactly Q/2""]",,,,,,,implemented-qsvt-floating-phase-circuit,False,False,0.022606977883586215,,,,,,,,,,,,,,,,,,,2.0,one robust OAA round,1.0,"component, quadrature, and index registers all-zero",,40.0,2797452.0,6993698.0,-1.0,296530184.0,46333188.0,analytical-model,0.0025118864315095794,,,,,,,,,,,,0.1.0,3.11.9,2.5.0,b58b31db18364511c43757e27fffc7abce8df2c1,True,ok,,
1.0,transverse_field_ising:N026,-1.6,empirical,,6.0,39.0,2.0,a8fa234e-a646-4911-8402-a67c302db4ae,2026-08-12T00:11:58.358108+00:00,c1ad72de628f71283ac69037e9bbe97c3e773952f5abde5eac91397ca322d1a6,resource-grid,transverse_field_ising,TFIM-26,"{""coupling"":1.0,""field"":3.0,""periodic"":false}",26,26.0,proportional,1.0,0.025118864315095794,103.0,51,mpf-j-mizuta2026-theorem6-empirical-operator-norm,multiproduct,MPF J=Mizuta Theorem 6 (resolved per point) [empirical operator norm],empirical-operator-norm,empirical,,6.0,12.0,mizuta2026-theorem6,5.000000000000001,0.022606977883586215,39.0,,,,[],,,,,,,,,,,,,,,[],,,,,,,empirical-operator-norm,[],3744.0,,,,0.00677686285327936,0.0338181976,empirical-operator-norm,Repository empirical operator-norm calibration study v1 (2026-08-10),reviewed calibration opnorm-v1-tfim-open-mpf-new-m6; fixed formal powers,"{""empirical_coefficient"":0.0338181976}",False,ideal-mpf,False,ordered individual Pauli terms,"[""the fixed formal-order powers in time and segments apply"",""the empirical estimate concerns the repeated ideal MPF operator"",""the reviewed affine size calibration extrapolates as flagged""]",,0.0,0.0,False,False,{},repeated-shared-ancilla-good-block,False,False,0.022606977883586215,new,"[1,2,3,4,6,16]","[-3.1123560535325236e-07,0.0007054673721340386,-0.031622325043377676,0.17337566137566138,-0.4544415584415584,1.311983065972746]",1.9721283894410828,0.02787161055891696,32.0,registered-exact,True,6.0,3.0,2.0,4.0,8.0,0.0,6.0,3.0,2.0,3.0,2.0,one robust OAA round per segment,39.0,branch register all-zero,,31.0,757926.0,1950.0,-1.0,68221140.0,1140668.0,analytical-model,0.0025118864315095794,opnorm-v1-tfim-open-mpf-new-m6,transverse_field_ising,affine-aN-plus-b,0.0338181976,4.0,12.0,4.0,12.0,True,True,asymptotic-domain,0.1.0,3.11.9,2.5.0,b58b31db18364511c43757e27fffc7abce8df2c1,True,ok,,
1.0,transverse_field_ising:N026,-1.6,commutator,,6.0,4136.0,2.0,a8fa234e-a646-4911-8402-a67c302db4ae,2026-08-12T00:11:58.358108+00:00,c1ad72de628f71283ac69037e9bbe97c3e773952f5abde5eac91397ca322d1a6,resource-grid,transverse_field_ising,TFIM-26,"{""coupling"":1.0,""field"":3.0,""periodic"":false}",26,26.0,proportional,1.0,0.025118864315095794,103.0,51,mpf-j-mizuta2026-theorem6-mizuta2026-commutator-ideal-rigorous,multiproduct,MPF J=Mizuta Theorem 6 (resolved per point) [Mizuta 2026 refined commutator],mizuta2026-commutator-ideal-rigorous,analytical,,6.0,12.0,mizuta2026-theorem6,5.000000000000001,0.022606977883586215,4136.0,4136.0,,2815.0,"[""error""]",27.066717758614857,12.0,,,5.336686899450494e-06,3.4907474813595824e-10,2.2657702525510777e-16,3.4907452155893295e-10,3.4907474813595824e-10,5.33703597419863e-06,0.02256653733016301,2.5930764774929136e-05,False,0.009236435766964372,"[1.0000000000000002,1.0000000000000002,1.0000000000000002,1.0000000000000002,1.0000000000000002,1.0000000000000002,1.0000000000000002,1.0000000000000002,1.0000000000000002,1.0000000000000002,1.0000000000000002,1.0000000000000002,1.0000000000000002,1.0000000000000002,1.0000000000000002,1.0000000000000002,1.0000000000000002,1.0000000000000002,1.0000000000000002,1.0000000000000002,1.0000000000000002,1.0000000000000002,1.0000000000000002,1.0000000000000002,1.0000000000000002,1.0000000000000002,1.0000000000000002,1.0000000000000002,1.0000000000000002,1.0000000000000002,1.0000000000000002,1.0000000000000002,1.0000000000000002,1.0000000000000002,1.0000000000000002,1.0000000000000002,1.0000000000000002,1.0000000000000002,1.0000000000000002,1.0000000000000002,1.0000000000000002,1.0000000000000002,1.0000000000000002,1.0000000000000002,1.0000000000000002,1.0000000000000002,1.0000000000000002,1.0000000000000002,1.0000000000000002,1.0000000000000002,1.0000000000000002]",5.0000000000000036,12.0,False,,not-used,commutator,mizuta2026-commutator-ideal-rigorous,[],397056.0,,,,0.02256653733016301,2.229282420037344e+23,mizuta2026-commutator-ideal-rigorous,"Mizuta, Quantum 10, 1974 (2026), arXiv:2507.06557v4","Theorem 4, Eqs. (47)--(49), with direct Lemmas 9--10 BCH remainder","{""error_predicate_satisfied"":1.0,""extensiveness_g"":5.000000000000001,""joint_predicate_satisfied"":1.0,""legacy_first_condition_passed"":0.0,""legacy_first_time_limit"":2.5930764774929136e-05,""local_commutator_error"":5.336686899450494e-06,""local_step_error"":5.33703597419863e-06,""local_truncated_bch_error"":3.4907474813595824e-10,""locality_k"":2.0,""mu_upper"":27.066717758614857,""refined_lemma10_remainder"":3.4907452155893295e-10,""refined_lemma9_remainder"":2.2657702525510777e-16,""refined_tail_fallback"":0.0,""repeated_global_error"":0.02256653733016301,""schedule_weighted_extensiveness"":5.0000000000000036,""second_time_limit"":0.009236435766964372,""time_2_predicate_satisfied"":1.0,""total_branchwise_bch_remainder"":3.4907474813595824e-10,""truncation_order_p0"":12.0}",True,ideal-mpf,True,ordered individual Pauli terms,"[""individual Pauli summands define the ordered H_gamma decomposition"",""the actual Strang factors define schedule-weighted g_alpha extensiveness"",""Lemma 9 and Lemma 10 positive majorants directly certify the BCH remainder"",""the scalar-flow/Cauchy refined tail certificate is used"",""Theorem 4 second time hypothesis is satisfied"",""the repeated ideal MPF is composed with the Eq. (15) telescoping argument""]",,12.0,12.0,True,False,"{""2"":600.0000000000006,""3"":9552.000000000015,""4"":123360.00000000028,""5"":1964352.0000000058,""6"":26700288.0000001,""7"":425270784.0000019,""8"":5979429888.000031,""9"":95261352960.00056,""10"":1370647707648.0093,""11"":21841531576320.16,""12"":319438646181890.56}",repeated-shared-ancilla-good-block,True,False,0.022606977883586215,new,"[1,2,3,4,6,16]","[-3.1123560535325236e-07,0.0007054673721340386,-0.031622325043377676,0.17337566137566138,-0.4544415584415584,1.311983065972746]",1.9721283894410828,0.02787161055891696,32.0,registered-exact,True,6.0,3.0,2.0,4.0,8.0,0.0,6.0,3.0,2.0,3.0,2.0,one robust OAA round per segment,4136.0,branch register all-zero,,31.0,80379024.0,206800.0,-1.0,8842519840.0,120969242.0,analytical-model,0.0025118864315095794,,,,,,,,,,,,0.1.0,3.11.9,2.5.0,b58b31db18364511c43757e27fffc7abce8df2c1,True,ok,,
1.0,transverse_field_ising:N026,-1.7,commutator,18483.0,,,2.0,a8fa234e-a646-4911-8402-a67c302db4ae,2026-08-12T00:11:58.358108+00:00,c1ad72de628f71283ac69037e9bbe97c3e773952f5abde5eac91397ca322d1a6,resource-grid,transverse_field_ising,TFIM-26,"{""coupling"":1.0,""field"":3.0,""periodic"":false}",26,26.0,proportional,1.0,0.0199526231496888,103.0,51,trotter-p2,trotter,Trotter p=2,analytical,analytical,2.0,,,,,,18483.0,,,,,,,,,,,,,,,,,,,,,,,,,,,,,,individual,51.0,0.017955625710433992,349.0,childs-commutator,"Childs, Su, Tran, Wiebe, and Zhu, arXiv:1912.08854",Propositions 9--10,"{""prefactor"":349.0}",True,implemented-product-formula,True,,"[""the resolved ordered Hamiltonian groups match the implemented formula""]",,,,,,,implemented-product-formula,True,True,0.01795736083471992,,,,,,,,,,,,,,,,,,,1.0,none,0.0,system register,1.0,26.0,1866783.0,0.0,-1.0,177344385.0,1830180.0,analytical-model,0.00199526231496888,,,,,,,,,,,,0.1.0,3.11.9,2.5.0,b58b31db18364511c43757e27fffc7abce8df2c1,True,ok,,
1.0,transverse_field_ising:N026,-1.7,empirical,4883.0,,,2.0,a8fa234e-a646-4911-8402-a67c302db4ae,2026-08-12T00:11:58.358108+00:00,c1ad72de628f71283ac69037e9bbe97c3e773952f5abde5eac91397ca322d1a6,resource-grid,transverse_field_ising,TFIM-26,"{""coupling"":1.0,""field"":3.0,""periodic"":false}",26,26.0,proportional,1.0,0.0199526231496888,103.0,51,trotter-p2-empirical,trotter,Trotter p=2 [empirical],empirical-operator-norm,empirical,2.0,,,,,,4883.0,,,,,,,,,,,,,,,,,,,,,,,,,,,,,,individual,51.0,0.01795347385496062,24.3557719087,empirical-operator-norm,Repository empirical operator-norm calibration study v1 (2026-08-10),reviewed calibration opnorm-v1-tfim-open-trotter-p2; artifact docs/calibration_data/empirical_1d_v1_accepted.json,"{""prefactor"":24.3557719087}",False,implemented-product-formula,False,,"[""the resolved ordered Hamiltonian groups match the implemented formula"",""the fixed formal-order powers in time and segments apply"",""the reviewed affine size calibration extrapolates as flagged""]",,,,,,,implemented-product-formula,False,False,0.01795736083471992,,,,,,,,,,,,,,,,,,,1.0,none,0.0,system register,1.0,26.0,493183.0,0.0,-1.0,43893287.0,483513.0,analytical-model,0.00199526231496888,opnorm-v1-tfim-open-trotter-p2,transverse_field_ising,affine-aN-plus-b,24.3557719087,4.0,12.0,4.0,12.0,True,True,formula,0.1.0,3.11.9,2.5.0,b58b31db18364511c43757e27fffc7abce8df2c1,True,ok,,
1.0,transverse_field_ising:N026,-1.7,commutator,1446.0,,,2.0,a8fa234e-a646-4911-8402-a67c302db4ae,2026-08-12T00:11:58.358108+00:00,c1ad72de628f71283ac69037e9bbe97c3e773952f5abde5eac91397ca322d1a6,resource-grid,transverse_field_ising,TFIM-26,"{""coupling"":1.0,""field"":3.0,""periodic"":false}",26,26.0,proportional,1.0,0.0199526231496888,103.0,51,trotter-p4,trotter,Trotter p=4,analytical,analytical,4.0,,,,,,1446.0,,,,,,,,,,,,,,,,,,,,,,,,,,,,,,commuting,2.0,0.017952621507647093,6605.935163086014,schubert-mendl-commutator,"Schubert and Mendl, arXiv:2306.10603",Theorem 1,"{""prefactor"":6605.935163086014}",True,implemented-product-formula,True,,"[""the resolved ordered Hamiltonian groups match the implemented formula""]",,,,,,,implemented-product-formula,True,True,0.01795736083471992,,,,,,,,,,,,,,,,,,,1.0,none,0.0,system register,1.0,26.0,556710.0,0.0,-1.0,49547190.0,545795.0,analytical-model,0.00199526231496888,,,,,,,,,,,,0.1.0,3.11.9,2.5.0,b58b31db18364511c43757e27fffc7abce8df2c1,True,ok,,
1.0,transverse_field_ising:N026,-1.7,empirical,291.0,,,2.0,a8fa234e-a646-4911-8402-a67c302db4ae,2026-08-12T00:11:58.358108+00:00,c1ad72de628f71283ac69037e9bbe97c3e773952f5abde5eac91397ca322d1a6,resource-grid,transverse_field_ising,TFIM-26,"{""coupling"":1.0,""field"":3.0,""periodic"":false}",26,26.0,proportional,1.0,0.0199526231496888,103.0,51,trotter-p4-empirical,trotter,Trotter p=4 [empirical],empirical-operator-norm,empirical,4.0,,,,,,291.0,,,,,,,,,,,,,,,,,,,,,,,,,,,,,,commuting,2.0,0.01772752927375832,10.6992522635,empirical-operator-norm,Repository empirical operator-norm calibration study v1 (2026-08-10),reviewed calibration opnorm-v1-tfim-open-trotter-p4; artifact docs/calibration_data/empirical_1d_v1_accepted.json,"{""prefactor"":10.6992522635}",False,implemented-product-formula,False,,"[""the resolved ordered Hamiltonian groups match the implemented formula"",""the fixed formal-order powers in time and segments apply"",""the reviewed affine size calibration extrapolates as flagged""]",,,,,,,implemented-product-formula,False,False,0.01795736083471992,,,,,,,,,,,,,,,,,,,1.0,none,0.0,system register,1.0,26.0,112035.0,0.0,-1.0,9186870.0,109839.0,analytical-model,0.00199526231496888,opnorm-v1-tfim-open-trotter-p4,transverse_field_ising,affine-aN-plus-b,10.6992522635,4.0,12.0,4.0,12.0,True,True,formula,0.1.0,3.11.9,2.5.0,b58b31db18364511c43757e27fffc7abce8df2c1,True,ok,,
1.0,transverse_field_ising:N026,-1.7,commutator,894.0,,,2.0,a8fa234e-a646-4911-8402-a67c302db4ae,2026-08-12T00:11:58.358108+00:00,c1ad72de628f71283ac69037e9bbe97c3e773952f5abde5eac91397ca322d1a6,resource-grid,transverse_field_ising,TFIM-26,"{""coupling"":1.0,""field"":3.0,""periodic"":false}",26,26.0,proportional,1.0,0.0199526231496888,103.0,51,trotter-p6,trotter,Trotter p=6,analytical,analytical,6.0,,,,,,894.0,,,,,,,,,,,,,,,,,,,,,,,,,,,,,,commuting,2.0,0.017901510456691104,1137892.810662982,schubert-mendl-commutator,"Schubert and Mendl, arXiv:2306.10603",Theorem 1,"{""prefactor"":1137892.810662982}",True,implemented-product-formula,True,,"[""the resolved ordered Hamiltonian groups match the implemented formula""]",,,,,,,implemented-product-formula,True,True,0.01795736083471992,,,,,,,,,,,,,,,,,,,1.0,none,0.0,system register,1.0,26.0,1720950.0,0.0,-1.0,161769300.0,1687206.0,analytical-model,0.00199526231496888,,,,,,,,,,,,0.1.0,3.11.9,2.5.0,b58b31db18364511c43757e27fffc7abce8df2c1,True,ok,,
1.0,transverse_field_ising:N026,-1.7,empirical,208.0,,,2.0,a8fa234e-a646-4911-8402-a67c302db4ae,2026-08-12T00:11:58.358108+00:00,c1ad72de628f71283ac69037e9bbe97c3e773952f5abde5eac91397ca322d1a6,resource-grid,transverse_field_ising,TFIM-26,"{""coupling"":1.0,""field"":3.0,""periodic"":false}",26,26.0,proportional,1.0,0.0199526231496888,103.0,51,trotter-p6-empirical,trotter,Trotter p=6 [empirical],empirical-operator-norm,empirical,6.0,,,,,,208.0,,,,,,,,,,,,,,,,,,,,,,,,,,,,,,commuting,2.0,1.9291067797088607e-05,0.1945014491,empirical-operator-norm,Repository empirical operator-norm calibration study v1 (2026-08-10),reviewed calibration opnorm-v1-tfim-open-trotter-p6; artifact docs/calibration_data/empirical_1d_v1_accepted.json,"{""prefactor"":0.1945014491}",False,implemented-product-formula,False,,"[""the resolved ordered Hamiltonian groups match the implemented formula"",""the fixed formal-order powers in time and segments apply"",""the reviewed affine size calibration extrapolates as flagged""]",,,,,,,implemented-product-formula,False,False,0.01795736083471992,,,,,,,,,,,,,,,,,,,1.0,none,0.0,system register,1.0,26.0,400400.0,0.0,-1.0,35235200.0,392550.0,analytical-model,0.00199526231496888,opnorm-v1-tfim-open-trotter-p6,transverse_field_ising,affine-aN-plus-b,0.1945014491,4.0,12.0,4.0,12.0,True,True,asymptotic-domain,0.1.0,3.11.9,2.5.0,b58b31db18364511c43757e27fffc7abce8df2c1,True,ok,,
1.0,transverse_field_ising:N026,-1.7,jacobi-anger,,,,2.0,a8fa234e-a646-4911-8402-a67c302db4ae,2026-08-12T00:11:58.358108+00:00,c1ad72de628f71283ac69037e9bbe97c3e773952f5abde5eac91397ca322d1a6,resource-grid,transverse_field_ising,TFIM-26,"{""coupling"":1.0,""field"":3.0,""periodic"":false}",26,26.0,proportional,1.0,0.0199526231496888,103.0,51,qsvt,qsvt,QSVT,jacobi-anger-rigorous,analytical,,,,,,,,,,,,,,,,,,,,,,,,,,,,,,,,,,,21855.0,3643.0,,,0.002703499291530417,,jacobi-anger-polynomial-oaa,"Martyn et al., arXiv:2105.02859, Eqs. (76)--(77)",Jacobi--Anger tails plus exact cubic OAA identity,"{""oaa-unitarity-defect-distortion"":0.001353117908789548,""scaled-polynomial-error"":0.0013503813827408688}",True,ideal-qsvt-oaa-good-block,True,,"[""the cosine and sine polynomials are implemented exactly"",""the unamplified good block is exactly Q/2""]",,,,,,,implemented-qsvt-floating-phase-circuit,False,False,0.01795736083471992,,,,,,,,,,,,,,,,,,,2.0,one robust OAA round,1.0,"component, quadrature, and index registers all-zero",,40.0,2797452.0,6993698.0,-1.0,299327636.0,46333188.0,analytical-model,0.00199526231496888,,,,,,,,,,,,0.1.0,3.11.9,2.5.0,b58b31db18364511c43757e27fffc7abce8df2c1,True,ok,,
1.0,transverse_field_ising:N026,-1.7,empirical,,7.0,33.0,2.0,a8fa234e-a646-4911-8402-a67c302db4ae,2026-08-12T00:11:58.358108+00:00,c1ad72de628f71283ac69037e9bbe97c3e773952f5abde5eac91397ca322d1a6,resource-grid,transverse_field_ising,TFIM-26,"{""coupling"":1.0,""field"":3.0,""periodic"":false}",26,26.0,proportional,1.0,0.0199526231496888,103.0,51,mpf-j-mizuta2026-theorem6-empirical-operator-norm,multiproduct,MPF J=Mizuta Theorem 6 (resolved per point) [empirical operator norm],empirical-operator-norm,empirical,,7.0,14.0,mizuta2026-theorem6,5.000000000000001,0.01795736083471992,33.0,,,,[],,,,,,,,,,,,,,,[],,,,,,,empirical-operator-norm,[],4554.0,,,,0.0015161994685799624,0.0016419173,empirical-operator-norm,Repository empirical operator-norm calibration study v1 (2026-08-10),reviewed calibration opnorm-v1-tfim-open-mpf-new-m7; fixed formal powers,"{""empirical_coefficient"":0.0016419173}",False,ideal-mpf,False,ordered individual Pauli terms,"[""the fixed formal-order powers in time and segments apply"",""the empirical estimate concerns the repeated ideal MPF operator"",""the reviewed affine size calibration extrapolates as flagged""]",,0.0,0.0,False,False,{},repeated-shared-ancilla-good-block,False,False,0.01795736083471992,new,"[1,2,3,4,5,9,22]","[2.9953607852158573e-09,-2.9318124556219793e-05,0.003468573778195489,-0.04863485570038276,0.1308718708891307,-0.4341006887393225,1.3484244149015747]",1.965529725128523,0.034470274871476914,46.0,registered-exact,True,7.0,3.0,2.0,4.0,9.0,7.0,6.0,3.0,2.0,3.0,2.0,one robust OAA round per segment,33.0,branch register all-zero,,33.0,922878.0,3003.0,-1.0,84916788.0,1392096.0,analytical-model,0.00199526231496888,opnorm-v1-tfim-open-mpf-new-m7,transverse_field_ising,affine-aN-plus-b,0.0016419173,4.0,12.0,4.0,12.0,True,True,asymptotic-domain,0.1.0,3.11.9,2.5.0,b58b31db18364511c43757e27fffc7abce8df2c1,True,ok,,
1.0,transverse_field_ising:N026,-1.7,commutator,,7.0,3604.0,2.0,a8fa234e-a646-4911-8402-a67c302db4ae,2026-08-12T00:11:58.358108+00:00,c1ad72de628f71283ac69037e9bbe97c3e773952f5abde5eac91397ca322d1a6,resource-grid,transverse_field_ising,TFIM-26,"{""coupling"":1.0,""field"":3.0,""periodic"":false}",26,26.0,proportional,1.0,0.0199526231496888,103.0,51,mpf-j-mizuta2026-theorem6-mizuta2026-commutator-ideal-rigorous,multiproduct,MPF J=Mizuta Theorem 6 (resolved per point) [Mizuta 2026 refined commutator],mizuta2026-commutator-ideal-rigorous,analytical,,7.0,14.0,mizuta2026-theorem6,5.000000000000001,0.01795736083471992,3604.0,3604.0,,2817.0,"[""error""]",27.078977038264874,14.0,,,4.891241233837203e-06,1.1134104734052364e-10,1.350928843860741e-11,9.783175890191622e-11,1.1134104734052364e-10,4.891352574884544e-06,0.017941863143536584,2.222636980708212e-05,False,0.009232254218714724,"[1.0000000000000002,1.0000000000000002,1.0000000000000002,1.0000000000000002,1.0000000000000002,1.0000000000000002,1.0000000000000002,1.0000000000000002,1.0000000000000002,1.0000000000000002,1.0000000000000002,1.0000000000000002,1.0000000000000002,1.0000000000000002,1.0000000000000002,1.0000000000000002,1.0000000000000002,1.0000000000000002,1.0000000000000002,1.0000000000000002,1.0000000000000002,1.0000000000000002,1.0000000000000002,1.0000000000000002,1.0000000000000002,1.0000000000000002,1.0000000000000002,1.0000000000000002,1.0000000000000002,1.0000000000000002,1.0000000000000002,1.0000000000000002,1.0000000000000002,1.0000000000000002,1.0000000000000002,1.0000000000000002,1.0000000000000002,1.0000000000000002,1.0000000000000002,1.0000000000000002,1.0000000000000002,1.0000000000000002,1.0000000000000002,1.0000000000000002,1.0000000000000002,1.0000000000000002,1.0000000000000002,1.0000000000000002,1.0000000000000002,1.0000000000000002,1.0000000000000002]",5.0000000000000036,14.0,False,,not-used,commutator,mizuta2026-commutator-ideal-rigorous,[],497352.0,,,,0.017941863143536584,6.555270202038003e+26,mizuta2026-commutator-ideal-rigorous,"Mizuta, Quantum 10, 1974 (2026), arXiv:2507.06557v4","Theorem 4, Eqs. (47)--(49), with direct Lemmas 9--10 BCH remainder","{""error_predicate_satisfied"":1.0,""extensiveness_g"":5.000000000000001,""joint_predicate_satisfied"":1.0,""legacy_first_condition_passed"":0.0,""legacy_first_time_limit"":2.222636980708212e-05,""local_commutator_error"":4.891241233837203e-06,""local_step_error"":4.891352574884544e-06,""local_truncated_bch_error"":1.1134104734052364e-10,""locality_k"":2.0,""mu_upper"":27.078977038264874,""refined_lemma10_remainder"":9.783175890191622e-11,""refined_lemma9_remainder"":1.350928843860741e-11,""refined_tail_fallback"":0.0,""repeated_global_error"":0.017941863143536584,""schedule_weighted_extensiveness"":5.0000000000000036,""second_time_limit"":0.009232254218714724,""time_2_predicate_satisfied"":1.0,""total_branchwise_bch_remainder"":1.1134104734052364e-10,""truncation_order_p0"":14.0}",True,ideal-mpf,True,ordered individual Pauli terms,"[""individual Pauli summands define the ordered H_gamma decomposition"",""the actual Strang factors define schedule-weighted g_alpha extensiveness"",""Lemma 9 and Lemma 10 positive majorants directly certify the BCH remainder"",""the scalar-flow/Cauchy refined tail certificate is used"",""Theorem 4 second time hypothesis is satisfied"",""the repeated ideal MPF is composed with the Eq. (15) telescoping argument""]",,14.0,14.0,True,False,"{""2"":600.0000000000006,""3"":9552.000000000015,""4"":123360.00000000028,""5"":1964352.0000000058,""6"":26700288.0000001,""7"":425270784.0000019,""8"":5979429888.000031,""9"":95261352960.00056,""10"":1370647707648.0093,""11"":21841531576320.16,""12"":319438646181890.56,""13"":5091367662354477.0,""14"":7.536422163185736e+16}",repeated-shared-ancilla-good-block,True,False,0.01795736083471992,new,"[1,2,3,4,5,9,22]","[2.9953607852158573e-09,-2.9318124556219793e-05,0.003468573778195489,-0.04863485570038276,0.1308718708891307,-0.4341006887393225,1.3484244149015747]",1.965529725128523,0.034470274871476914,46.0,registered-exact,True,7.0,3.0,2.0,4.0,9.0,7.0,6.0,3.0,2.0,3.0,2.0,one robust OAA round per segment,3604.0,branch register all-zero,,33.0,100789464.0,327964.0,-1.0,11289731824.0,152033680.0,analytical-model,0.00199526231496888,,,,,,,,,,,,0.1.0,3.11.9,2.5.0,b58b31db18364511c43757e27fffc7abce8df2c1,True,ok,,
1.0,transverse_field_ising:N026,-1.8,commutator,20738.0,,,2.0,a8fa234e-a646-4911-8402-a67c302db4ae,2026-08-12T00:11:58.358108+00:00,c1ad72de628f71283ac69037e9bbe97c3e773952f5abde5eac91397ca322d1a6,resource-grid,transverse_field_ising,TFIM-26,"{""coupling"":1.0,""field"":3.0,""periodic"":false}",26,26.0,proportional,1.0,0.015848931924611134,103.0,51,trotter-p2,trotter,Trotter p=2,analytical,analytical,2.0,,,,,,20738.0,,,,,,,,,,,,,,,,,,,,,,,,,,,,,,individual,51.0,0.014263027862388058,349.0,childs-commutator,"Childs, Su, Tran, Wiebe, and Zhu, arXiv:1912.08854",Propositions 9--10,"{""prefactor"":349.0}",True,implemented-product-formula,True,,"[""the resolved ordered Hamiltonian groups match the implemented formula""]",,,,,,,implemented-product-formula,True,True,0.014264038732150021,,,,,,,,,,,,,,,,,,,1.0,none,0.0,system register,1.0,26.0,2094538.0,0.0,-1.0,201075648.0,2053469.0,analytical-model,0.0015848931924611134,,,,,,,,,,,,0.1.0,3.11.9,2.5.0,b58b31db18364511c43757e27fffc7abce8df2c1,True,ok,,
1.0,transverse_field_ising:N026,-1.8,empirical,5479.0,,,2.0,a8fa234e-a646-4911-8402-a67c302db4ae,2026-08-12T00:11:58.358108+00:00,c1ad72de628f71283ac69037e9bbe97c3e773952f5abde5eac91397ca322d1a6,resource-grid,transverse_field_ising,TFIM-26,"{""coupling"":1.0,""field"":3.0,""periodic"":false}",26,26.0,proportional,1.0,0.015848931924611134,103.0,51,trotter-p2-empirical,trotter,Trotter p=2 [empirical],empirical-operator-norm,empirical,2.0,,,,,,5479.0,,,,,,,,,,,,,,,,,,,,,,,,,,,,,,individual,51.0,0.014259993950830446,24.3557719087,empirical-operator-norm,Repository empirical operator-norm calibration study v1 (2026-08-10),reviewed calibration opnorm-v1-tfim-open-trotter-p2; artifact docs/calibration_data/empirical_1d_v1_accepted.json,"{""prefactor"":24.3557719087}",False,implemented-product-formula,False,,"[""the resolved ordered Hamiltonian groups match the implemented formula"",""the fixed formal-order powers in time and segments apply"",""the reviewed affine size calibration extrapolates as flagged""]",,,,,,,implemented-product-formula,False,False,0.014264038732150021,,,,,,,,,,,,,,,,,,,1.0,none,0.0,system register,1.0,26.0,553379.0,0.0,-1.0,49804110.0,542529.0,analytical-model,0.0015848931924611134,opnorm-v1-tfim-open-trotter-p2,transverse_field_ising,affine-aN-plus-b,24.3557719087,4.0,12.0,4.0,12.0,True,True,formula,0.1.0,3.11.9,2.5.0,b58b31db18364511c43757e27fffc7abce8df2c1,True,ok,,
1.0,transverse_field_ising:N026,-1.8,commutator,1532.0,,,2.0,a8fa234e-a646-4911-8402-a67c302db4ae,2026-08-12T00:11:58.358108+00:00,c1ad72de628f71283ac69037e9bbe97c3e773952f5abde5eac91397ca322d1a6,resource-grid,transverse_field_ising,TFIM-26,"{""coupling"":1.0,""field"":3.0,""periodic"":false}",26,26.0,proportional,1.0,0.015848931924611134,103.0,51,trotter-p4,trotter,Trotter p=4,analytical,analytical,4.0,,,,,,1532.0,,,,,,,,,,,,,,,,,,,,,,,,,,,,,,commuting,2.0,0.014248396284427565,6605.935163086014,schubert-mendl-commutator,"Schubert and Mendl, arXiv:2306.10603",Theorem 1,"{""prefactor"":6605.935163086014}",True,implemented-product-formula,True,,"[""the resolved ordered Hamiltonian groups match the implemented formula""]",,,,,,,implemented-product-formula,True,True,0.014264038732150021,,,,,,,,,,,,,,,,,,,1.0,none,0.0,system register,1.0,26.0,589820.0,0.0,-1.0,53673620.0,578255.0,analytical-model,0.0015848931924611134,,,,,,,,,,,,0.1.0,3.11.9,2.5.0,b58b31db18364511c43757e27fffc7abce8df2c1,True,ok,,
1.0,transverse_field_ising:N026,-1.8,empirical,308.0,,,2.0,a8fa234e-a646-4911-8402-a67c302db4ae,2026-08-12T00:11:58.358108+00:00,c1ad72de628f71283ac69037e9bbe97c3e773952f5abde5eac91397ca322d1a6,resource-grid,transverse_field_ising,TFIM-26,"{""coupling"":1.0,""field"":3.0,""periodic"":false}",26,26.0,proportional,1.0,0.015848931924611134,103.0,51,trotter-p4-empirical,trotter,Trotter p=4 [empirical],empirical-operator-norm,empirical,4.0,,,,,,308.0,,,,,,,,,,,,,,,,,,,,,,,,,,,,,,commuting,2.0,0.014125938175134375,10.6992522635,empirical-operator-norm,Repository empirical operator-norm calibration study v1 (2026-08-10),reviewed calibration opnorm-v1-tfim-open-trotter-p4; artifact docs/calibration_data/empirical_1d_v1_accepted.json,"{""prefactor"":10.6992522635}",False,implemented-product-formula,False,,"[""the resolved ordered Hamiltonian groups match the implemented formula"",""the fixed formal-order powers in time and segments apply"",""the reviewed affine size calibration extrapolates as flagged""]",,,,,,,implemented-product-formula,False,False,0.014264038732150021,,,,,,,,,,,,,,,,,,,1.0,none,0.0,system register,1.0,26.0,118580.0,0.0,-1.0,9960720.0,116255.0,analytical-model,0.0015848931924611134,opnorm-v1-tfim-open-trotter-p4,transverse_field_ising,affine-aN-plus-b,10.6992522635,4.0,12.0,4.0,12.0,True,True,formula,0.1.0,3.11.9,2.5.0,b58b31db18364511c43757e27fffc7abce8df2c1,True,ok,,
1.0,transverse_field_ising:N026,-1.8,commutator,929.0,,,2.0,a8fa234e-a646-4911-8402-a67c302db4ae,2026-08-12T00:11:58.358108+00:00,c1ad72de628f71283ac69037e9bbe97c3e773952f5abde5eac91397ca322d1a6,resource-grid,transverse_field_ising,TFIM-26,"{""coupling"":1.0,""field"":3.0,""periodic"":false}",26,26.0,proportional,1.0,0.015848931924611134,103.0,51,trotter-p6,trotter,Trotter p=6,analytical,analytical,6.0,,,,,,929.0,,,,,,,,,,,,,,,,,,,,,,,,,,,,,,commuting,2.0,0.01421741057648945,1137892.810662982,schubert-mendl-commutator,"Schubert and Mendl, arXiv:2306.10603",Theorem 1,"{""prefactor"":1137892.810662982}",True,implemented-product-formula,True,,"[""the resolved ordered Hamiltonian groups match the implemented formula""]",,,,,,,implemented-product-formula,True,True,0.014264038732150021,,,,,,,,,,,,,,,,,,,1.0,none,0.0,system register,1.0,26.0,1788325.0,0.0,-1.0,171679200.0,1753260.0,analytical-model,0.0015848931924611134,,,,,,,,,,,,0.1.0,3.11.9,2.5.0,b58b31db18364511c43757e27fffc7abce8df2c1,True,ok,,
1.0,transverse_field_ising:N026,-1.8,empirical,208.0,,,2.0,a8fa234e-a646-4911-8402-a67c302db4ae,2026-08-12T00:11:58.358108+00:00,c1ad72de628f71283ac69037e9bbe97c3e773952f5abde5eac91397ca322d1a6,resource-grid,transverse_field_ising,TFIM-26,"{""coupling"":1.0,""field"":3.0,""periodic"":false}",26,26.0,proportional,1.0,0.015848931924611134,103.0,51,trotter-p6-empirical,trotter,Trotter p=6 [empirical],empirical-operator-norm,empirical,6.0,,,,,,208.0,,,,,,,,,,,,,,,,,,,,,,,,,,,,,,commuting,2.0,1.9291067797088607e-05,0.1945014491,empirical-operator-norm,Repository empirical operator-norm calibration study v1 (2026-08-10),reviewed calibration opnorm-v1-tfim-open-trotter-p6; artifact docs/calibration_data/empirical_1d_v1_accepted.json,"{""prefactor"":0.1945014491}",False,implemented-product-formula,False,,"[""the resolved ordered Hamiltonian groups match the implemented formula"",""the fixed formal-order powers in time and segments apply"",""the reviewed affine size calibration extrapolates as flagged""]",,,,,,,implemented-product-formula,False,False,0.014264038732150021,,,,,,,,,,,,,,,,,,,1.0,none,0.0,system register,1.0,26.0,400400.0,0.0,-1.0,35635600.0,392550.0,analytical-model,0.0015848931924611134,opnorm-v1-tfim-open-trotter-p6,transverse_field_ising,affine-aN-plus-b,0.1945014491,4.0,12.0,4.0,12.0,True,True,asymptotic-domain,0.1.0,3.11.9,2.5.0,b58b31db18364511c43757e27fffc7abce8df2c1,True,ok,,
1.0,transverse_field_ising:N026,-1.8,jacobi-anger,,,,2.0,a8fa234e-a646-4911-8402-a67c302db4ae,2026-08-12T00:11:58.358108+00:00,c1ad72de628f71283ac69037e9bbe97c3e773952f5abde5eac91397ca322d1a6,resource-grid,transverse_field_ising,TFIM-26,"{""coupling"":1.0,""field"":3.0,""periodic"":false}",26,26.0,proportional,1.0,0.015848931924611134,103.0,51,qsvt,qsvt,QSVT,jacobi-anger-rigorous,analytical,,,,,,,,,,,,,,,,,,,,,,,,,,,,,,,,,,,21855.0,3643.0,,,0.0022925067589854007,,jacobi-anger-polynomial-oaa,"Martyn et al., arXiv:2105.02859, Eqs. (76)--(77)",Jacobi--Anger tails plus exact cubic OAA identity,"{""oaa-unitarity-defect-distortion"":0.0011472374863186223,""scaled-polynomial-error"":0.0011452692726667785}",True,ideal-qsvt-oaa-good-block,True,,"[""the cosine and sine polynomials are implemented exactly"",""the unamplified good block is exactly Q/2""]",,,,,,,implemented-qsvt-floating-phase-circuit,False,False,0.014264038732150021,,,,,,,,,,,,,,,,,,,2.0,one robust OAA round,1.0,"component, quadrature, and index registers all-zero",,40.0,2797452.0,6993698.0,-1.0,302125088.0,46333188.0,analytical-model,0.0015848931924611134,,,,,,,,,,,,0.1.0,3.11.9,2.5.0,b58b31db18364511c43757e27fffc7abce8df2c1,True,ok,,
1.0,transverse_field_ising:N026,-1.8,empirical,,7.0,33.0,2.0,a8fa234e-a646-4911-8402-a67c302db4ae,2026-08-12T00:11:58.358108+00:00,c1ad72de628f71283ac69037e9bbe97c3e773952f5abde5eac91397ca322d1a6,resource-grid,transverse_field_ising,TFIM-26,"{""coupling"":1.0,""field"":3.0,""periodic"":false}",26,26.0,proportional,1.0,0.015848931924611134,103.0,51,mpf-j-mizuta2026-theorem6-empirical-operator-norm,multiproduct,MPF J=Mizuta Theorem 6 (resolved per point) [empirical operator norm],empirical-operator-norm,empirical,,7.0,14.0,mizuta2026-theorem6,5.000000000000001,0.014264038732150021,33.0,,,,[],,,,,,,,,,,,,,,[],,,,,,,empirical-operator-norm,[],4554.0,,,,0.0015161994685799624,0.0016419173,empirical-operator-norm,Repository empirical operator-norm calibration study v1 (2026-08-10),reviewed calibration opnorm-v1-tfim-open-mpf-new-m7; fixed formal powers,"{""empirical_coefficient"":0.0016419173}",False,ideal-mpf,False,ordered individual Pauli terms,"[""the fixed formal-order powers in time and segments apply"",""the empirical estimate concerns the repeated ideal MPF operator"",""the reviewed affine size calibration extrapolates as flagged""]",,0.0,0.0,False,False,{},repeated-shared-ancilla-good-block,False,False,0.014264038732150021,new,"[1,2,3,4,5,9,22]","[2.9953607852158573e-09,-2.9318124556219793e-05,0.003468573778195489,-0.04863485570038276,0.1308718708891307,-0.4341006887393225,1.3484244149015747]",1.965529725128523,0.034470274871476914,46.0,registered-exact,True,7.0,3.0,2.0,4.0,9.0,7.0,6.0,3.0,2.0,3.0,2.0,one robust OAA round per segment,33.0,branch register all-zero,,33.0,922878.0,3003.0,-1.0,85839666.0,1392096.0,analytical-model,0.0015848931924611134,opnorm-v1-tfim-open-mpf-new-m7,transverse_field_ising,affine-aN-plus-b,0.0016419173,4.0,12.0,4.0,12.0,True,True,asymptotic-domain,0.1.0,3.11.9,2.5.0,b58b31db18364511c43757e27fffc7abce8df2c1,True,ok,,
1.0,transverse_field_ising:N026,-1.8,commutator,,7.0,3663.0,2.0,a8fa234e-a646-4911-8402-a67c302db4ae,2026-08-12T00:11:58.358108+00:00,c1ad72de628f71283ac69037e9bbe97c3e773952f5abde5eac91397ca322d1a6,resource-grid,transverse_field_ising,TFIM-26,"{""coupling"":1.0,""field"":3.0,""periodic"":false}",26,26.0,proportional,1.0,0.015848931924611134,103.0,51,mpf-j-mizuta2026-theorem6-mizuta2026-commutator-ideal-rigorous,multiproduct,MPF J=Mizuta Theorem 6 (resolved per point) [Mizuta 2026 refined commutator],mizuta2026-commutator-ideal-rigorous,analytical,,7.0,14.0,mizuta2026-theorem6,5.000000000000001,0.014264038732150021,3663.0,3663.0,,2817.0,"[""error""]",27.078977038264874,14.0,,,3.8338669507975e-06,6.441412443344152e-11,5.798458904491122e-14,6.435613984439659e-11,6.441412443344152e-11,3.833931364921934e-06,0.014242252238803724,2.222636980708212e-05,False,0.009232254218714724,"[1.0000000000000002,1.0000000000000002,1.0000000000000002,1.0000000000000002,1.0000000000000002,1.0000000000000002,1.0000000000000002,1.0000000000000002,1.0000000000000002,1.0000000000000002,1.0000000000000002,1.0000000000000002,1.0000000000000002,1.0000000000000002,1.0000000000000002,1.0000000000000002,1.0000000000000002,1.0000000000000002,1.0000000000000002,1.0000000000000002,1.0000000000000002,1.0000000000000002,1.0000000000000002,1.0000000000000002,1.0000000000000002,1.0000000000000002,1.0000000000000002,1.0000000000000002,1.0000000000000002,1.0000000000000002,1.0000000000000002,1.0000000000000002,1.0000000000000002,1.0000000000000002,1.0000000000000002,1.0000000000000002,1.0000000000000002,1.0000000000000002,1.0000000000000002,1.0000000000000002,1.0000000000000002,1.0000000000000002,1.0000000000000002,1.0000000000000002,1.0000000000000002,1.0000000000000002,1.0000000000000002,1.0000000000000002,1.0000000000000002,1.0000000000000002,1.0000000000000002]",5.0000000000000036,14.0,False,,not-used,commutator,mizuta2026-commutator-ideal-rigorous,[],505494.0,,,,0.014242252238803724,6.555270202038003e+26,mizuta2026-commutator-ideal-rigorous,"Mizuta, Quantum 10, 1974 (2026), arXiv:2507.06557v4","Theorem 4, Eqs. (47)--(49), with direct Lemmas 9--10 BCH remainder","{""error_predicate_satisfied"":1.0,""extensiveness_g"":5.000000000000001,""joint_predicate_satisfied"":1.0,""legacy_first_condition_passed"":0.0,""legacy_first_time_limit"":2.222636980708212e-05,""local_commutator_error"":3.8338669507975e-06,""local_step_error"":3.833931364921934e-06,""local_truncated_bch_error"":6.441412443344152e-11,""locality_k"":2.0,""mu_upper"":27.078977038264874,""refined_lemma10_remainder"":6.435613984439659e-11,""refined_lemma9_remainder"":5.798458904491122e-14,""refined_tail_fallback"":0.0,""repeated_global_error"":0.014242252238803724,""schedule_weighted_extensiveness"":5.0000000000000036,""second_time_limit"":0.009232254218714724,""time_2_predicate_satisfied"":1.0,""total_branchwise_bch_remainder"":6.441412443344152e-11,""truncation_order_p0"":14.0}",True,ideal-mpf,True,ordered individual Pauli terms,"[""individual Pauli summands define the ordered H_gamma decomposition"",""the actual Strang factors define schedule-weighted g_alpha extensiveness"",""Lemma 9 and Lemma 10 positive majorants directly certify the BCH remainder"",""the scalar-flow/Cauchy refined tail certificate is used"",""Theorem 4 second time hypothesis is satisfied"",""the repeated ideal MPF is composed with the Eq. (15) telescoping argument""]",,14.0,14.0,True,False,"{""2"":600.0000000000006,""3"":9552.000000000015,""4"":123360.00000000028,""5"":1964352.0000000058,""6"":26700288.0000001,""7"":425270784.0000019,""8"":5979429888.000031,""9"":95261352960.00056,""10"":1370647707648.0093,""11"":21841531576320.16,""12"":319438646181890.56,""13"":5091367662354477.0,""14"":7.536422163185736e+16}",repeated-shared-ancilla-good-block,True,False,0.014264038732150021,new,"[1,2,3,4,5,9,22]","[2.9953607852158573e-09,-2.9318124556219793e-05,0.003468573778195489,-0.04863485570038276,0.1308718708891307,-0.4341006887393225,1.3484244149015747]",1.965529725128523,0.034470274871476914,46.0,registered-exact,True,7.0,3.0,2.0,4.0,9.0,7.0,6.0,3.0,2.0,3.0,2.0,one robust OAA round per segment,3663.0,branch register all-zero,,33.0,102439458.0,333333.0,-1.0,11576992086.0,154522578.0,analytical-model,0.0015848931924611134,,,,,,,,,,,,0.1.0,3.11.9,2.5.0,b58b31db18364511c43757e27fffc7abce8df2c1,True,ok,,
1.0,transverse_field_ising:N026,-1.9,commutator,23268.0,,,2.0,a8fa234e-a646-4911-8402-a67c302db4ae,2026-08-12T00:11:58.358108+00:00,c1ad72de628f71283ac69037e9bbe97c3e773952f5abde5eac91397ca322d1a6,resource-grid,transverse_field_ising,TFIM-26,"{""coupling"":1.0,""field"":3.0,""periodic"":false}",26,26.0,proportional,1.0,0.012589254117941675,103.0,51,trotter-p2,trotter,Trotter p=2,analytical,analytical,2.0,,,,,,23268.0,,,,,,,,,,,,,,,,,,,,,,,,,,,,,,individual,51.0,0.011329933494769663,349.0,childs-commutator,"Childs, Su, Tran, Wiebe, and Zhu, arXiv:1912.08854",Propositions 9--10,"{""prefactor"":349.0}",True,implemented-product-formula,True,,"[""the resolved ordered Hamiltonian groups match the implemented formula""]",,,,,,,implemented-product-formula,True,True,0.011330328706147507,,,,,,,,,,,,,,,,,,,1.0,none,0.0,system register,1.0,26.0,2350068.0,0.0,-1.0,230306664.0,2303989.0,analytical-model,0.0012589254117941675,,,,,,,,,,,,0.1.0,3.11.9,2.5.0,b58b31db18364511c43757e27fffc7abce8df2c1,True,ok,,
1.0,transverse_field_ising:N026,-1.9,empirical,6147.0,,,2.0,a8fa234e-a646-4911-8402-a67c302db4ae,2026-08-12T00:11:58.358108+00:00,c1ad72de628f71283ac69037e9bbe97c3e773952f5abde5eac91397ca322d1a6,resource-grid,transverse_field_ising,TFIM-26,"{""coupling"":1.0,""field"":3.0,""periodic"":false}",26,26.0,proportional,1.0,0.012589254117941675,103.0,51,trotter-p2-empirical,trotter,Trotter p=2 [empirical],empirical-operator-norm,empirical,2.0,,,,,,6147.0,,,,,,,,,,,,,,,,,,,,,,,,,,,,,,individual,51.0,0.011329102756218953,24.3557719087,empirical-operator-norm,Repository empirical operator-norm calibration study v1 (2026-08-10),reviewed calibration opnorm-v1-tfim-open-trotter-p2; artifact docs/calibration_data/empirical_1d_v1_accepted.json,"{""prefactor"":24.3557719087}",False,implemented-product-formula,False,,"[""the resolved ordered Hamiltonian groups match the implemented formula"",""the fixed formal-order powers in time and segments apply"",""the reviewed affine size calibration extrapolates as flagged""]",,,,,,,implemented-product-formula,False,False,0.011330328706147507,,,,,,,,,,,,,,,,,,,1.0,none,0.0,system register,1.0,26.0,620847.0,0.0,-1.0,57117924.0,608674.0,analytical-model,0.0012589254117941675,opnorm-v1-tfim-open-trotter-p2,transverse_field_ising,affine-aN-plus-b,24.3557719087,4.0,12.0,4.0,12.0,True,True,formula,0.1.0,3.11.9,2.5.0,b58b31db18364511c43757e27fffc7abce8df2c1,True,ok,,
1.0,transverse_field_ising:N026,-1.9,commutator,1623.0,,,2.0,a8fa234e-a646-4911-8402-a67c302db4ae,2026-08-12T00:11:58.358108+00:00,c1ad72de628f71283ac69037e9bbe97c3e773952f5abde5eac91397ca322d1a6,resource-grid,transverse_field_ising,TFIM-26,"{""coupling"":1.0,""field"":3.0,""periodic"":false}",26,26.0,proportional,1.0,0.012589254117941675,103.0,51,trotter-p4,trotter,Trotter p=4,analytical,analytical,4.0,,,,,,1623.0,,,,,,,,,,,,,,,,,,,,,,,,,,,,,,commuting,2.0,0.011311676265681914,6605.935163086014,schubert-mendl-commutator,"Schubert and Mendl, arXiv:2306.10603",Theorem 1,"{""prefactor"":6605.935163086014}",True,implemented-product-formula,True,,"[""the resolved ordered Hamiltonian groups match the implemented formula""]",,,,,,,implemented-product-formula,True,True,0.011330328706147507,,,,,,,,,,,,,,,,,,,1.0,none,0.0,system register,1.0,26.0,624855.0,0.0,-1.0,57486660.0,612603.0,analytical-model,0.0012589254117941675,,,,,,,,,,,,0.1.0,3.11.9,2.5.0,b58b31db18364511c43757e27fffc7abce8df2c1,True,ok,,
1.0,transverse_field_ising:N026,-1.9,empirical,326.0,,,2.0,a8fa234e-a646-4911-8402-a67c302db4ae,2026-08-12T00:11:58.358108+00:00,c1ad72de628f71283ac69037e9bbe97c3e773952f5abde5eac91397ca322d1a6,resource-grid,transverse_field_ising,TFIM-26,"{""coupling"":1.0,""field"":3.0,""periodic"":false}",26,26.0,proportional,1.0,0.012589254117941675,103.0,51,trotter-p4-empirical,trotter,Trotter p=4 [empirical],empirical-operator-norm,empirical,4.0,,,,,,326.0,,,,,,,,,,,,,,,,,,,,,,,,,,,,,,commuting,2.0,0.011255110596384305,10.6992522635,empirical-operator-norm,Repository empirical operator-norm calibration study v1 (2026-08-10),reviewed calibration opnorm-v1-tfim-open-trotter-p4; artifact docs/calibration_data/empirical_1d_v1_accepted.json,"{""prefactor"":10.6992522635}",False,implemented-product-formula,False,,"[""the resolved ordered Hamiltonian groups match the implemented formula"",""the fixed formal-order powers in time and segments apply"",""the reviewed affine size calibration extrapolates as flagged""]",,,,,,,implemented-product-formula,False,False,0.011330328706147507,,,,,,,,,,,,,,,,,,,1.0,none,0.0,system register,1.0,26.0,125510.0,0.0,-1.0,10668350.0,123050.0,analytical-model,0.0012589254117941675,opnorm-v1-tfim-open-trotter-p4,transverse_field_ising,affine-aN-plus-b,10.6992522635,4.0,12.0,4.0,12.0,True,True,formula,0.1.0,3.11.9,2.5.0,b58b31db18364511c43757e27fffc7abce8df2c1,True,ok,,
1.0,transverse_field_ising:N026,-1.9,commutator,965.0,,,2.0,a8fa234e-a646-4911-8402-a67c302db4ae,2026-08-12T00:11:58.358108+00:00,c1ad72de628f71283ac69037e9bbe97c3e773952f5abde5eac91397ca322d1a6,resource-grid,transverse_field_ising,TFIM-26,"{""coupling"":1.0,""field"":3.0,""periodic"":false}",26,26.0,proportional,1.0,0.012589254117941675,103.0,51,trotter-p6,trotter,Trotter p=6,analytical,analytical,6.0,,,,,,965.0,,,,,,,,,,,,,,,,,,,,,,,,,,,,,,commuting,2.0,0.011317510582107618,1137892.810662982,schubert-mendl-commutator,"Schubert and Mendl, arXiv:2306.10603",Theorem 1,"{""prefactor"":1137892.810662982}",True,implemented-product-formula,True,,"[""the resolved ordered Hamiltonian groups match the implemented formula""]",,,,,,,implemented-product-formula,True,True,0.011330328706147507,,,,,,,,,,,,,,,,,,,1.0,none,0.0,system register,1.0,26.0,1857625.0,0.0,-1.0,180189625.0,1821201.0,analytical-model,0.0012589254117941675,,,,,,,,,,,,0.1.0,3.11.9,2.5.0,b58b31db18364511c43757e27fffc7abce8df2c1,True,ok,,
1.0,transverse_field_ising:N026,-1.9,empirical,208.0,,,2.0,a8fa234e-a646-4911-8402-a67c302db4ae,2026-08-12T00:11:58.358108+00:00,c1ad72de628f71283ac69037e9bbe97c3e773952f5abde5eac91397ca322d1a6,resource-grid,transverse_field_ising,TFIM-26,"{""coupling"":1.0,""field"":3.0,""periodic"":false}",26,26.0,proportional,1.0,0.012589254117941675,103.0,51,trotter-p6-empirical,trotter,Trotter p=6 [empirical],empirical-operator-norm,empirical,6.0,,,,,,208.0,,,,,,,,,,,,,,,,,,,,,,,,,,,,,,commuting,2.0,1.9291067797088607e-05,0.1945014491,empirical-operator-norm,Repository empirical operator-norm calibration study v1 (2026-08-10),reviewed calibration opnorm-v1-tfim-open-trotter-p6; artifact docs/calibration_data/empirical_1d_v1_accepted.json,"{""prefactor"":0.1945014491}",False,implemented-product-formula,False,,"[""the resolved ordered Hamiltonian groups match the implemented formula"",""the fixed formal-order powers in time and segments apply"",""the reviewed affine size calibration extrapolates as flagged""]",,,,,,,implemented-product-formula,False,False,0.011330328706147507,,,,,,,,,,,,,,,,,,,1.0,none,0.0,system register,1.0,26.0,400400.0,0.0,-1.0,36036000.0,392550.0,analytical-model,0.0012589254117941675,opnorm-v1-tfim-open-trotter-p6,transverse_field_ising,affine-aN-plus-b,0.1945014491,4.0,12.0,4.0,12.0,True,True,asymptotic-domain,0.1.0,3.11.9,2.5.0,b58b31db18364511c43757e27fffc7abce8df2c1,True,ok,,
1.0,transverse_field_ising:N026,-1.9,jacobi-anger,,,,2.0,a8fa234e-a646-4911-8402-a67c302db4ae,2026-08-12T00:11:58.358108+00:00,c1ad72de628f71283ac69037e9bbe97c3e773952f5abde5eac91397ca322d1a6,resource-grid,transverse_field_ising,TFIM-26,"{""coupling"":1.0,""field"":3.0,""periodic"":false}",26,26.0,proportional,1.0,0.012589254117941675,103.0,51,qsvt,qsvt,QSVT,jacobi-anger-rigorous,analytical,,,,,,,,,,,,,,,,,,,,,,,,,,,,,,,,,,,21855.0,3643.0,,,0.0019661338351363395,,jacobi-anger-polynomial-oaa,"Martyn et al., arXiv:2105.02859, Eqs. (76)--(77)",Jacobi--Anger tails plus exact cubic OAA identity,"{""oaa-unitarity-defect-distortion"":0.0009837909027853766,""scaled-polynomial-error"":0.000982342932350963}",True,ideal-qsvt-oaa-good-block,True,,"[""the cosine and sine polynomials are implemented exactly"",""the unamplified good block is exactly Q/2""]",,,,,,,implemented-qsvt-floating-phase-circuit,False,False,0.011330328706147507,,,,,,,,,,,,,,,,,,,2.0,one robust OAA round,1.0,"component, quadrature, and index registers all-zero",,40.0,2797452.0,6993698.0,-1.0,304922540.0,46333188.0,analytical-model,0.0012589254117941675,,,,,,,,,,,,0.1.0,3.11.9,2.5.0,b58b31db18364511c43757e27fffc7abce8df2c1,True,ok,,
1.0,transverse_field_ising:N026,-1.9,empirical,,7.0,33.0,2.0,a8fa234e-a646-4911-8402-a67c302db4ae,2026-08-12T00:11:58.358108+00:00,c1ad72de628f71283ac69037e9bbe97c3e773952f5abde5eac91397ca322d1a6,resource-grid,transverse_field_ising,TFIM-26,"{""coupling"":1.0,""field"":3.0,""periodic"":false}",26,26.0,proportional,1.0,0.012589254117941675,103.0,51,mpf-j-mizuta2026-theorem6-empirical-operator-norm,multiproduct,MPF J=Mizuta Theorem 6 (resolved per point) [empirical operator norm],empirical-operator-norm,empirical,,7.0,14.0,mizuta2026-theorem6,5.000000000000001,0.011330328706147507,33.0,,,,[],,,,,,,,,,,,,,,[],,,,,,,empirical-operator-norm,[],4554.0,,,,0.0015161994685799624,0.0016419173,empirical-operator-norm,Repository empirical operator-norm calibration study v1 (2026-08-10),reviewed calibration opnorm-v1-tfim-open-mpf-new-m7; fixed formal powers,"{""empirical_coefficient"":0.0016419173}",False,ideal-mpf,False,ordered individual Pauli terms,"[""the fixed formal-order powers in time and segments apply"",""the empirical estimate concerns the repeated ideal MPF operator"",""the reviewed affine size calibration extrapolates as flagged""]",,0.0,0.0,False,False,{},repeated-shared-ancilla-good-block,False,False,0.011330328706147507,new,"[1,2,3,4,5,9,22]","[2.9953607852158573e-09,-2.9318124556219793e-05,0.003468573778195489,-0.04863485570038276,0.1308718708891307,-0.4341006887393225,1.3484244149015747]",1.965529725128523,0.034470274871476914,46.0,registered-exact,True,7.0,3.0,2.0,4.0,9.0,7.0,6.0,3.0,2.0,3.0,2.0,one robust OAA round per segment,33.0,branch register all-zero,,33.0,922878.0,3003.0,-1.0,86762544.0,1392096.0,analytical-model,0.0012589254117941675,opnorm-v1-tfim-open-mpf-new-m7,transverse_field_ising,affine-aN-plus-b,0.0016419173,4.0,12.0,4.0,12.0,True,True,asymptotic-domain,0.1.0,3.11.9,2.5.0,b58b31db18364511c43757e27fffc7abce8df2c1,True,ok,,
1.0,transverse_field_ising:N026,-1.9,commutator,,7.0,3723.0,2.0,a8fa234e-a646-4911-8402-a67c302db4ae,2026-08-12T00:11:58.358108+00:00,c1ad72de628f71283ac69037e9bbe97c3e773952f5abde5eac91397ca322d1a6,resource-grid,transverse_field_ising,TFIM-26,"{""coupling"":1.0,""field"":3.0,""periodic"":false}",26,26.0,proportional,1.0,0.012589254117941675,103.0,51,mpf-j-mizuta2026-theorem6-mizuta2026-commutator-ideal-rigorous,multiproduct,MPF J=Mizuta Theorem 6 (resolved per point) [Mizuta 2026 refined commutator],mizuta2026-commutator-ideal-rigorous,analytical,,7.0,14.0,mizuta2026-theorem6,5.000000000000001,0.011330328706147507,3723.0,3723.0,,2817.0,"[""error""]",27.078977038264874,14.0,,,3.0046595743397334e-06,4.93252806405605e-11,5.0538331969646566e-14,4.927474230859085e-11,4.93252806405605e-11,3.0047088996203745e-06,0.011312338083938767,2.222636980708212e-05,False,0.009232254218714724,"[1.0000000000000002,1.0000000000000002,1.0000000000000002,1.0000000000000002,1.0000000000000002,1.0000000000000002,1.0000000000000002,1.0000000000000002,1.0000000000000002,1.0000000000000002,1.0000000000000002,1.0000000000000002,1.0000000000000002,1.0000000000000002,1.0000000000000002,1.0000000000000002,1.0000000000000002,1.0000000000000002,1.0000000000000002,1.0000000000000002,1.0000000000000002,1.0000000000000002,1.0000000000000002,1.0000000000000002,1.0000000000000002,1.0000000000000002,1.0000000000000002,1.0000000000000002,1.0000000000000002,1.0000000000000002,1.0000000000000002,1.0000000000000002,1.0000000000000002,1.0000000000000002,1.0000000000000002,1.0000000000000002,1.0000000000000002,1.0000000000000002,1.0000000000000002,1.0000000000000002,1.0000000000000002,1.0000000000000002,1.0000000000000002,1.0000000000000002,1.0000000000000002,1.0000000000000002,1.0000000000000002,1.0000000000000002,1.0000000000000002,1.0000000000000002,1.0000000000000002]",5.0000000000000036,14.0,False,,not-used,commutator,mizuta2026-commutator-ideal-rigorous,[],513774.0,,,,0.011312338083938767,6.555270202038003e+26,mizuta2026-commutator-ideal-rigorous,"Mizuta, Quantum 10, 1974 (2026), arXiv:2507.06557v4","Theorem 4, Eqs. (47)--(49), with direct Lemmas 9--10 BCH remainder","{""error_predicate_satisfied"":1.0,""extensiveness_g"":5.000000000000001,""joint_predicate_satisfied"":1.0,""legacy_first_condition_passed"":0.0,""legacy_first_time_limit"":2.222636980708212e-05,""local_commutator_error"":3.0046595743397334e-06,""local_step_error"":3.0047088996203745e-06,""local_truncated_bch_error"":4.93252806405605e-11,""locality_k"":2.0,""mu_upper"":27.078977038264874,""refined_lemma10_remainder"":4.927474230859085e-11,""refined_lemma9_remainder"":5.0538331969646566e-14,""refined_tail_fallback"":0.0,""repeated_global_error"":0.011312338083938767,""schedule_weighted_extensiveness"":5.0000000000000036,""second_time_limit"":0.009232254218714724,""time_2_predicate_satisfied"":1.0,""total_branchwise_bch_remainder"":4.93252806405605e-11,""truncation_order_p0"":14.0}",True,ideal-mpf,True,ordered individual Pauli terms,"[""individual Pauli summands define the ordered H_gamma decomposition"",""the actual Strang factors define schedule-weighted g_alpha extensiveness"",""Lemma 9 and Lemma 10 positive majorants directly certify the BCH remainder"",""the scalar-flow/Cauchy refined tail certificate is used"",""Theorem 4 second time hypothesis is satisfied"",""the repeated ideal MPF is composed with the Eq. (15) telescoping argument""]",,14.0,14.0,True,False,"{""2"":600.0000000000006,""3"":9552.000000000015,""4"":123360.00000000028,""5"":1964352.0000000058,""6"":26700288.0000001,""7"":425270784.0000019,""8"":5979429888.000031,""9"":95261352960.00056,""10"":1370647707648.0093,""11"":21841531576320.16,""12"":319438646181890.56,""13"":5091367662354477.0,""14"":7.536422163185736e+16}",repeated-shared-ancilla-good-block,True,False,0.011330328706147507,new,"[1,2,3,4,5,9,22]","[2.9953607852158573e-09,-2.9318124556219793e-05,0.003468573778195489,-0.04863485570038276,0.1308718708891307,-0.4341006887393225,1.3484244149015747]",1.965529725128523,0.034470274871476914,46.0,registered-exact,True,7.0,3.0,2.0,4.0,9.0,7.0,6.0,3.0,2.0,3.0,2.0,one robust OAA round per segment,3723.0,branch register all-zero,,33.0,104117418.0,338793.0,-1.0,11870740824.0,157053660.0,analytical-model,0.0012589254117941675,,,,,,,,,,,,0.1.0,3.11.9,2.5.0,b58b31db18364511c43757e27fffc7abce8df2c1,True,ok,,
1.0,transverse_field_ising:N026,-2.0,commutator,26107.0,,,2.0,a8fa234e-a646-4911-8402-a67c302db4ae,2026-08-12T00:11:58.358108+00:00,c1ad72de628f71283ac69037e9bbe97c3e773952f5abde5eac91397ca322d1a6,resource-grid,transverse_field_ising,TFIM-26,"{""coupling"":1.0,""field"":3.0,""periodic"":false}",26,26.0,proportional,1.0,0.01,103.0,51,trotter-p2,trotter,Trotter p=2,analytical,analytical,2.0,,,,,,26107.0,,,,,,,,,,,,,,,,,,,,,,,,,,,,,,individual,51.0,0.00899977252555058,349.0,childs-commutator,"Childs, Su, Tran, Wiebe, and Zhu, arXiv:1912.08854",Propositions 9--10,"{""prefactor"":349.0}",True,implemented-product-formula,True,,"[""the resolved ordered Hamiltonian groups match the implemented formula""]",,,,,,,implemented-product-formula,True,True,0.009000000000000001,,,,,,,,,,,,,,,,,,,1.0,none,0.0,system register,1.0,26.0,2636807.0,0.0,-1.0,261043893.0,2585105.0,analytical-model,0.001,,,,,,,,,,,,0.1.0,3.11.9,2.5.0,b58b31db18364511c43757e27fffc7abce8df2c1,True,ok,,
1.0,transverse_field_ising:N026,-2.0,empirical,6897.0,,,2.0,a8fa234e-a646-4911-8402-a67c302db4ae,2026-08-12T00:11:58.358108+00:00,c1ad72de628f71283ac69037e9bbe97c3e773952f5abde5eac91397ca322d1a6,resource-grid,transverse_field_ising,TFIM-26,"{""coupling"":1.0,""field"":3.0,""periodic"":false}",26,26.0,proportional,1.0,0.01,103.0,51,trotter-p2-empirical,trotter,Trotter p=2 [empirical],empirical-operator-norm,empirical,2.0,,,,,,6897.0,,,,,,,,,,,,,,,,,,,,,,,,,,,,,,individual,51.0,0.008999149987070505,24.3557719087,empirical-operator-norm,Repository empirical operator-norm calibration study v1 (2026-08-10),reviewed calibration opnorm-v1-tfim-open-trotter-p2; artifact docs/calibration_data/empirical_1d_v1_accepted.json,"{""prefactor"":24.3557719087}",False,implemented-product-formula,False,,"[""the resolved ordered Hamiltonian groups match the implemented formula"",""the fixed formal-order powers in time and segments apply"",""the reviewed affine size calibration extrapolates as flagged""]",,,,,,,implemented-product-formula,False,False,0.009000000000000001,,,,,,,,,,,,,,,,,,,1.0,none,0.0,system register,1.0,26.0,696597.0,0.0,-1.0,65480118.0,682939.0,analytical-model,0.001,opnorm-v1-tfim-open-trotter-p2,transverse_field_ising,affine-aN-plus-b,24.3557719087,4.0,12.0,4.0,12.0,True,True,formula,0.1.0,3.11.9,2.5.0,b58b31db18364511c43757e27fffc7abce8df2c1,True,ok,,
1.0,transverse_field_ising:N026,-2.0,commutator,1719.0,,,2.0,a8fa234e-a646-4911-8402-a67c302db4ae,2026-08-12T00:11:58.358108+00:00,c1ad72de628f71283ac69037e9bbe97c3e773952f5abde5eac91397ca322d1a6,resource-grid,transverse_field_ising,TFIM-26,"{""coupling"":1.0,""field"":3.0,""periodic"":false}",26,26.0,proportional,1.0,0.01,103.0,51,trotter-p4,trotter,Trotter p=4,analytical,analytical,4.0,,,,,,1719.0,,,,,,,,,,,,,,,,,,,,,,,,,,,,,,commuting,2.0,0.008988713534278355,6605.935163086014,schubert-mendl-commutator,"Schubert and Mendl, arXiv:2306.10603",Theorem 1,"{""prefactor"":6605.935163086014}",True,implemented-product-formula,True,,"[""the resolved ordered Hamiltonian groups match the implemented formula""]",,,,,,,implemented-product-formula,True,True,0.009000000000000001,,,,,,,,,,,,,,,,,,,1.0,none,0.0,system register,1.0,26.0,661815.0,0.0,-1.0,61548795.0,648839.0,analytical-model,0.001,,,,,,,,,,,,0.1.0,3.11.9,2.5.0,b58b31db18364511c43757e27fffc7abce8df2c1,True,ok,,
1.0,transverse_field_ising:N026,-2.0,empirical,345.0,,,2.0,a8fa234e-a646-4911-8402-a67c302db4ae,2026-08-12T00:11:58.358108+00:00,c1ad72de628f71283ac69037e9bbe97c3e773952f5abde5eac91397ca322d1a6,resource-grid,transverse_field_ising,TFIM-26,"{""coupling"":1.0,""field"":3.0,""periodic"":false}",26,26.0,proportional,1.0,0.01,103.0,51,trotter-p4-empirical,trotter,Trotter p=4 [empirical],empirical-operator-norm,empirical,4.0,,,,,,345.0,,,,,,,,,,,,,,,,,,,,,,,,,,,,,,commuting,2.0,0.008973126428291926,10.6992522635,empirical-operator-norm,Repository empirical operator-norm calibration study v1 (2026-08-10),reviewed calibration opnorm-v1-tfim-open-trotter-p4; artifact docs/calibration_data/empirical_1d_v1_accepted.json,"{""prefactor"":10.6992522635}",False,implemented-product-formula,False,,"[""the resolved ordered Hamiltonian groups match the implemented formula"",""the fixed formal-order powers in time and segments apply"",""the reviewed affine size calibration extrapolates as flagged""]",,,,,,,implemented-product-formula,False,False,0.009000000000000001,,,,,,,,,,,,,,,,,,,1.0,none,0.0,system register,1.0,26.0,132825.0,0.0,-1.0,11422950.0,130221.0,analytical-model,0.001,opnorm-v1-tfim-open-trotter-p4,transverse_field_ising,affine-aN-plus-b,10.6992522635,4.0,12.0,4.0,12.0,True,True,formula,0.1.0,3.11.9,2.5.0,b58b31db18364511c43757e27fffc7abce8df2c1,True,ok,,
1.0,transverse_field_ising:N026,-2.0,commutator,1003.0,,,2.0,a8fa234e-a646-4911-8402-a67c302db4ae,2026-08-12T00:11:58.358108+00:00,c1ad72de628f71283ac69037e9bbe97c3e773952f5abde5eac91397ca322d1a6,resource-grid,transverse_field_ising,TFIM-26,"{""coupling"":1.0,""field"":3.0,""periodic"":false}",26,26.0,proportional,1.0,0.01,103.0,51,trotter-p6,trotter,Trotter p=6,analytical,analytical,6.0,,,,,,1003.0,,,,,,,,,,,,,,,,,,,,,,,,,,,,,,commuting,2.0,0.008976544561994747,1137892.810662982,schubert-mendl-commutator,"Schubert and Mendl, arXiv:2306.10603",Theorem 1,"{""prefactor"":1137892.810662982}",True,implemented-product-formula,True,,"[""the resolved ordered Hamiltonian groups match the implemented formula""]",,,,,,,implemented-product-formula,True,True,0.009000000000000001,,,,,,,,,,,,,,,,,,,1.0,none,0.0,system register,1.0,26.0,1930775.0,0.0,-1.0,189215950.0,1892917.0,analytical-model,0.001,,,,,,,,,,,,0.1.0,3.11.9,2.5.0,b58b31db18364511c43757e27fffc7abce8df2c1,True,ok,,
1.0,transverse_field_ising:N026,-2.0,empirical,208.0,,,2.0,a8fa234e-a646-4911-8402-a67c302db4ae,2026-08-12T00:11:58.358108+00:00,c1ad72de628f71283ac69037e9bbe97c3e773952f5abde5eac91397ca322d1a6,resource-grid,transverse_field_ising,TFIM-26,"{""coupling"":1.0,""field"":3.0,""periodic"":false}",26,26.0,proportional,1.0,0.01,103.0,51,trotter-p6-empirical,trotter,Trotter p=6 [empirical],empirical-operator-norm,empirical,6.0,,,,,,208.0,,,,,,,,,,,,,,,,,,,,,,,,,,,,,,commuting,2.0,1.9291067797088607e-05,0.1945014491,empirical-operator-norm,Repository empirical operator-norm calibration study v1 (2026-08-10),reviewed calibration opnorm-v1-tfim-open-trotter-p6; artifact docs/calibration_data/empirical_1d_v1_accepted.json,"{""prefactor"":0.1945014491}",False,implemented-product-formula,False,,"[""the resolved ordered Hamiltonian groups match the implemented formula"",""the fixed formal-order powers in time and segments apply"",""the reviewed affine size calibration extrapolates as flagged""]",,,,,,,implemented-product-formula,False,False,0.009000000000000001,,,,,,,,,,,,,,,,,,,1.0,none,0.0,system register,1.0,26.0,400400.0,0.0,-1.0,36436400.0,392550.0,analytical-model,0.001,opnorm-v1-tfim-open-trotter-p6,transverse_field_ising,affine-aN-plus-b,0.1945014491,4.0,12.0,4.0,12.0,True,True,asymptotic-domain,0.1.0,3.11.9,2.5.0,b58b31db18364511c43757e27fffc7abce8df2c1,True,ok,,
1.0,transverse_field_ising:N026,-2.0,jacobi-anger,,,,2.0,a8fa234e-a646-4911-8402-a67c302db4ae,2026-08-12T00:11:58.358108+00:00,c1ad72de628f71283ac69037e9bbe97c3e773952f5abde5eac91397ca322d1a6,resource-grid,transverse_field_ising,TFIM-26,"{""coupling"":1.0,""field"":3.0,""periodic"":false}",26,26.0,proportional,1.0,0.01,103.0,51,qsvt,qsvt,QSVT,jacobi-anger-rigorous,analytical,,,,,,,,,,,,,,,,,,,,,,,,,,,,,,,,,,,21855.0,3643.0,,,0.0017069434143489677,,jacobi-anger-polynomial-oaa,"Martyn et al., arXiv:2105.02859, Eqs. (76)--(77)",Jacobi--Anger tails plus exact cubic OAA identity,"{""oaa-unitarity-defect-distortion"":0.0008540174742911093,""scaled-polynomial-error"":0.0008529259400578584}",True,ideal-qsvt-oaa-good-block,True,,"[""the cosine and sine polynomials are implemented exactly"",""the unamplified good block is exactly Q/2""]",,,,,,,implemented-qsvt-floating-phase-circuit,False,False,0.009000000000000001,,,,,,,,,,,,,,,,,,,2.0,one robust OAA round,1.0,"component, quadrature, and index registers all-zero",,40.0,2797452.0,6993698.0,-1.0,307719992.0,46333188.0,analytical-model,0.001,,,,,,,,,,,,0.1.0,3.11.9,2.5.0,b58b31db18364511c43757e27fffc7abce8df2c1,True,ok,,
1.0,transverse_field_ising:N026,-2.0,empirical,,7.0,33.0,2.0,a8fa234e-a646-4911-8402-a67c302db4ae,2026-08-12T00:11:58.358108+00:00,c1ad72de628f71283ac69037e9bbe97c3e773952f5abde5eac91397ca322d1a6,resource-grid,transverse_field_ising,TFIM-26,"{""coupling"":1.0,""field"":3.0,""periodic"":false}",26,26.0,proportional,1.0,0.01,103.0,51,mpf-j-mizuta2026-theorem6-empirical-operator-norm,multiproduct,MPF J=Mizuta Theorem 6 (resolved per point) [empirical operator norm],empirical-operator-norm,empirical,,7.0,14.0,mizuta2026-theorem6,5.000000000000001,0.009000000000000001,33.0,,,,[],,,,,,,,,,,,,,,[],,,,,,,empirical-operator-norm,[],4554.0,,,,0.0015161994685799624,0.0016419173,empirical-operator-norm,Repository empirical operator-norm calibration study v1 (2026-08-10),reviewed calibration opnorm-v1-tfim-open-mpf-new-m7; fixed formal powers,"{""empirical_coefficient"":0.0016419173}",False,ideal-mpf,False,ordered individual Pauli terms,"[""the fixed formal-order powers in time and segments apply"",""the empirical estimate concerns the repeated ideal MPF operator"",""the reviewed affine size calibration extrapolates as flagged""]",,0.0,0.0,False,False,{},repeated-shared-ancilla-good-block,False,False,0.009000000000000001,new,"[1,2,3,4,5,9,22]","[2.9953607852158573e-09,-2.9318124556219793e-05,0.003468573778195489,-0.04863485570038276,0.1308718708891307,-0.4341006887393225,1.3484244149015747]",1.965529725128523,0.034470274871476914,46.0,registered-exact,True,7.0,3.0,2.0,4.0,9.0,7.0,6.0,3.0,2.0,3.0,2.0,one robust OAA round per segment,33.0,branch register all-zero,,33.0,922878.0,3003.0,-1.0,87685422.0,1392096.0,analytical-model,0.001,opnorm-v1-tfim-open-mpf-new-m7,transverse_field_ising,affine-aN-plus-b,0.0016419173,4.0,12.0,4.0,12.0,True,True,asymptotic-domain,0.1.0,3.11.9,2.5.0,b58b31db18364511c43757e27fffc7abce8df2c1,True,ok,,
1.0,transverse_field_ising:N026,-2.0,commutator,,7.0,3784.0,2.0,a8fa234e-a646-4911-8402-a67c302db4ae,2026-08-12T00:11:58.358108+00:00,c1ad72de628f71283ac69037e9bbe97c3e773952f5abde5eac91397ca322d1a6,resource-grid,transverse_field_ising,TFIM-26,"{""coupling"":1.0,""field"":3.0,""periodic"":false}",26,26.0,proportional,1.0,0.01,103.0,51,mpf-j-mizuta2026-theorem6-mizuta2026-commutator-ideal-rigorous,multiproduct,MPF J=Mizuta Theorem 6 (resolved per point) [Mizuta 2026 refined commutator],mizuta2026-commutator-ideal-rigorous,analytical,,7.0,14.0,mizuta2026-theorem6,5.000000000000001,0.009000000000000001,3784.0,3784.0,,2817.0,"[""error""]",27.078977038264874,14.0,,,2.3546366590824963e-06,3.7875451652745864e-11,4.405040929228601e-14,3.783140124345357e-11,3.7875451652745864e-11,2.3546745345341494e-06,0.008989811589591633,2.222636980708212e-05,False,0.009232254218714724,"[1.0000000000000002,1.0000000000000002,1.0000000000000002,1.0000000000000002,1.0000000000000002,1.0000000000000002,1.0000000000000002,1.0000000000000002,1.0000000000000002,1.0000000000000002,1.0000000000000002,1.0000000000000002,1.0000000000000002,1.0000000000000002,1.0000000000000002,1.0000000000000002,1.0000000000000002,1.0000000000000002,1.0000000000000002,1.0000000000000002,1.0000000000000002,1.0000000000000002,1.0000000000000002,1.0000000000000002,1.0000000000000002,1.0000000000000002,1.0000000000000002,1.0000000000000002,1.0000000000000002,1.0000000000000002,1.0000000000000002,1.0000000000000002,1.0000000000000002,1.0000000000000002,1.0000000000000002,1.0000000000000002,1.0000000000000002,1.0000000000000002,1.0000000000000002,1.0000000000000002,1.0000000000000002,1.0000000000000002,1.0000000000000002,1.0000000000000002,1.0000000000000002,1.0000000000000002,1.0000000000000002,1.0000000000000002,1.0000000000000002,1.0000000000000002,1.0000000000000002]",5.0000000000000036,14.0,False,,not-used,commutator,mizuta2026-commutator-ideal-rigorous,[],522192.0,,,,0.008989811589591633,6.555270202038003e+26,mizuta2026-commutator-ideal-rigorous,"Mizuta, Quantum 10, 1974 (2026), arXiv:2507.06557v4","Theorem 4, Eqs. (47)--(49), with direct Lemmas 9--10 BCH remainder","{""error_predicate_satisfied"":1.0,""extensiveness_g"":5.000000000000001,""joint_predicate_satisfied"":1.0,""legacy_first_condition_passed"":0.0,""legacy_first_time_limit"":2.222636980708212e-05,""local_commutator_error"":2.3546366590824963e-06,""local_step_error"":2.3546745345341494e-06,""local_truncated_bch_error"":3.7875451652745864e-11,""locality_k"":2.0,""mu_upper"":27.078977038264874,""refined_lemma10_remainder"":3.783140124345357e-11,""refined_lemma9_remainder"":4.405040929228601e-14,""refined_tail_fallback"":0.0,""repeated_global_error"":0.008989811589591633,""schedule_weighted_extensiveness"":5.0000000000000036,""second_time_limit"":0.009232254218714724,""time_2_predicate_satisfied"":1.0,""total_branchwise_bch_remainder"":3.7875451652745864e-11,""truncation_order_p0"":14.0}",True,ideal-mpf,True,ordered individual Pauli terms,"[""individual Pauli summands define the ordered H_gamma decomposition"",""the actual Strang factors define schedule-weighted g_alpha extensiveness"",""Lemma 9 and Lemma 10 positive majorants directly certify the BCH remainder"",""the scalar-flow/Cauchy refined tail certificate is used"",""Theorem 4 second time hypothesis is satisfied"",""the repeated ideal MPF is composed with the Eq. (15) telescoping argument""]",,14.0,14.0,True,False,"{""2"":600.0000000000006,""3"":9552.000000000015,""4"":123360.00000000028,""5"":1964352.0000000058,""6"":26700288.0000001,""7"":425270784.0000019,""8"":5979429888.000031,""9"":95261352960.00056,""10"":1370647707648.0093,""11"":21841531576320.16,""12"":319438646181890.56,""13"":5091367662354477.0,""14"":7.536422163185736e+16}",repeated-shared-ancilla-good-block,True,False,0.009000000000000001,new,"[1,2,3,4,5,9,22]","[2.9953607852158573e-09,-2.9318124556219793e-05,0.003468573778195489,-0.04863485570038276,0.1308718708891307,-0.4341006887393225,1.3484244149015747]",1.965529725128523,0.034470274871476914,46.0,registered-exact,True,7.0,3.0,2.0,4.0,9.0,7.0,6.0,3.0,2.0,3.0,2.0,one robust OAA round per segment,3784.0,branch register all-zero,,33.0,105823344.0,344344.0,-1.0,12276885280.0,159626928.0,analytical-model,0.001,,,,,,,,,,,,0.1.0,3.11.9,2.5.0,b58b31db18364511c43757e27fffc7abce8df2c1,True,ok,,
1.0,transverse_field_ising:N026,-2.1,commutator,29293.0,,,2.0,a8fa234e-a646-4911-8402-a67c302db4ae,2026-08-12T00:11:58.358108+00:00,c1ad72de628f71283ac69037e9bbe97c3e773952f5abde5eac91397ca322d1a6,resource-grid,transverse_field_ising,TFIM-26,"{""coupling"":1.0,""field"":3.0,""periodic"":false}",26,26.0,proportional,1.0,0.007943282347242814,103.0,51,trotter-p2,trotter,Trotter p=2,analytical,analytical,2.0,,,,,,29293.0,,,,,,,,,,,,,,,,,,,,,,,,,,,,,,individual,51.0,0.007148546848115065,349.0,childs-commutator,"Childs, Su, Tran, Wiebe, and Zhu, arXiv:1912.08854",Propositions 9--10,"{""prefactor"":349.0}",True,implemented-product-formula,True,,"[""the resolved ordered Hamiltonian groups match the implemented formula""]",,,,,,,implemented-product-formula,True,True,0.007148954112518533,,,,,,,,,,,,,,,,,,,1.0,none,0.0,system register,1.0,26.0,2958593.0,0.0,-1.0,298817893.0,2900582.0,analytical-model,0.0007943282347242814,,,,,,,,,,,,0.1.0,3.11.9,2.5.0,b58b31db18364511c43757e27fffc7abce8df2c1,True,ok,,
1.0,transverse_field_ising:N026,-2.1,empirical,7739.0,,,2.0,a8fa234e-a646-4911-8402-a67c302db4ae,2026-08-12T00:11:58.358108+00:00,c1ad72de628f71283ac69037e9bbe97c3e773952f5abde5eac91397ca322d1a6,resource-grid,transverse_field_ising,TFIM-26,"{""coupling"":1.0,""field"":3.0,""periodic"":false}",26,26.0,proportional,1.0,0.007943282347242814,103.0,51,trotter-p2-empirical,trotter,Trotter p=2 [empirical],empirical-operator-norm,empirical,2.0,,,,,,7739.0,,,,,,,,,,,,,,,,,,,,,,,,,,,,,,individual,51.0,0.007147468480324997,24.3557719087,empirical-operator-norm,Repository empirical operator-norm calibration study v1 (2026-08-10),reviewed calibration opnorm-v1-tfim-open-trotter-p2; artifact docs/calibration_data/empirical_1d_v1_accepted.json,"{""prefactor"":24.3557719087}",False,implemented-product-formula,False,,"[""the resolved ordered Hamiltonian groups match the implemented formula"",""the fixed formal-order powers in time and segments apply"",""the reviewed affine size calibration extrapolates as flagged""]",,,,,,,implemented-product-formula,False,False,0.007148954112518533,,,,,,,,,,,,,,,,,,,1.0,none,0.0,system register,1.0,26.0,781639.0,0.0,-1.0,74255705.0,766313.0,analytical-model,0.0007943282347242814,opnorm-v1-tfim-open-trotter-p2,transverse_field_ising,affine-aN-plus-b,24.3557719087,4.0,12.0,4.0,12.0,True,True,formula,0.1.0,3.11.9,2.5.0,b58b31db18364511c43757e27fffc7abce8df2c1,True,ok,,
1.0,transverse_field_ising:N026,-2.1,commutator,1821.0,,,2.0,a8fa234e-a646-4911-8402-a67c302db4ae,2026-08-12T00:11:58.358108+00:00,c1ad72de628f71283ac69037e9bbe97c3e773952f5abde5eac91397ca322d1a6,resource-grid,transverse_field_ising,TFIM-26,"{""coupling"":1.0,""field"":3.0,""periodic"":false}",26,26.0,proportional,1.0,0.007943282347242814,103.0,51,trotter-p4,trotter,Trotter p=4,analytical,analytical,4.0,,,,,,1821.0,,,,,,,,,,,,,,,,,,,,,,,,,,,,,,commuting,2.0,0.007137748862178541,6605.935163086014,schubert-mendl-commutator,"Schubert and Mendl, arXiv:2306.10603",Theorem 1,"{""prefactor"":6605.935163086014}",True,implemented-product-formula,True,,"[""the resolved ordered Hamiltonian groups match the implemented formula""]",,,,,,,implemented-product-formula,True,True,0.007148954112518533,,,,,,,,,,,,,,,,,,,1.0,none,0.0,system register,1.0,26.0,701085.0,0.0,-1.0,66603075.0,687339.0,analytical-model,0.0007943282347242814,,,,,,,,,,,,0.1.0,3.11.9,2.5.0,b58b31db18364511c43757e27fffc7abce8df2c1,True,ok,,
1.0,transverse_field_ising:N026,-2.1,empirical,366.0,,,2.0,a8fa234e-a646-4911-8402-a67c302db4ae,2026-08-12T00:11:58.358108+00:00,c1ad72de628f71283ac69037e9bbe97c3e773952f5abde5eac91397ca322d1a6,resource-grid,transverse_field_ising,TFIM-26,"{""coupling"":1.0,""field"":3.0,""periodic"":false}",26,26.0,proportional,1.0,0.007943282347242814,103.0,51,trotter-p4-empirical,trotter,Trotter p=4 [empirical],empirical-operator-norm,empirical,4.0,,,,,,366.0,,,,,,,,,,,,,,,,,,,,,,,,,,,,,,commuting,2.0,0.0070842817552229246,10.6992522635,empirical-operator-norm,Repository empirical operator-norm calibration study v1 (2026-08-10),reviewed calibration opnorm-v1-tfim-open-trotter-p4; artifact docs/calibration_data/empirical_1d_v1_accepted.json,"{""prefactor"":10.6992522635}",False,implemented-product-formula,False,,"[""the resolved ordered Hamiltonian groups match the implemented formula"",""the fixed formal-order powers in time and segments apply"",""the reviewed affine size calibration extrapolates as flagged""]",,,,,,,implemented-product-formula,False,False,0.007148954112518533,,,,,,,,,,,,,,,,,,,1.0,none,0.0,system register,1.0,26.0,140910.0,0.0,-1.0,12259170.0,138148.0,analytical-model,0.0007943282347242814,opnorm-v1-tfim-open-trotter-p4,transverse_field_ising,affine-aN-plus-b,10.6992522635,4.0,12.0,4.0,12.0,True,True,formula,0.1.0,3.11.9,2.5.0,b58b31db18364511c43757e27fffc7abce8df2c1,True,ok,,
1.0,transverse_field_ising:N026,-2.1,commutator,1042.0,,,2.0,a8fa234e-a646-4911-8402-a67c302db4ae,2026-08-12T00:11:58.358108+00:00,c1ad72de628f71283ac69037e9bbe97c3e773952f5abde5eac91397ca322d1a6,resource-grid,transverse_field_ising,TFIM-26,"{""coupling"":1.0,""field"":3.0,""periodic"":false}",26,26.0,proportional,1.0,0.007943282347242814,103.0,51,trotter-p6,trotter,Trotter p=6,analytical,analytical,6.0,,,,,,1042.0,,,,,,,,,,,,,,,,,,,,,,,,,,,,,,commuting,2.0,0.007140168742697427,1137892.810662982,schubert-mendl-commutator,"Schubert and Mendl, arXiv:2306.10603",Theorem 1,"{""prefactor"":1137892.810662982}",True,implemented-product-formula,True,,"[""the resolved ordered Hamiltonian groups match the implemented formula""]",,,,,,,implemented-product-formula,True,True,0.007148954112518533,,,,,,,,,,,,,,,,,,,1.0,none,0.0,system register,1.0,26.0,2005850.0,0.0,-1.0,198579150.0,1966520.0,analytical-model,0.0007943282347242814,,,,,,,,,,,,0.1.0,3.11.9,2.5.0,b58b31db18364511c43757e27fffc7abce8df2c1,True,ok,,
1.0,transverse_field_ising:N026,-2.1,empirical,208.0,,,2.0,a8fa234e-a646-4911-8402-a67c302db4ae,2026-08-12T00:11:58.358108+00:00,c1ad72de628f71283ac69037e9bbe97c3e773952f5abde5eac91397ca322d1a6,resource-grid,transverse_field_ising,TFIM-26,"{""coupling"":1.0,""field"":3.0,""periodic"":false}",26,26.0,proportional,1.0,0.007943282347242814,103.0,51,trotter-p6-empirical,trotter,Trotter p=6 [empirical],empirical-operator-norm,empirical,6.0,,,,,,208.0,,,,,,,,,,,,,,,,,,,,,,,,,,,,,,commuting,2.0,1.9291067797088607e-05,0.1945014491,empirical-operator-norm,Repository empirical operator-norm calibration study v1 (2026-08-10),reviewed calibration opnorm-v1-tfim-open-trotter-p6; artifact docs/calibration_data/empirical_1d_v1_accepted.json,"{""prefactor"":0.1945014491}",False,implemented-product-formula,False,,"[""the resolved ordered Hamiltonian groups match the implemented formula"",""the fixed formal-order powers in time and segments apply"",""the reviewed affine size calibration extrapolates as flagged""]",,,,,,,implemented-product-formula,False,False,0.007148954112518533,,,,,,,,,,,,,,,,,,,1.0,none,0.0,system register,1.0,26.0,400400.0,0.0,-1.0,36836800.0,392550.0,analytical-model,0.0007943282347242814,opnorm-v1-tfim-open-trotter-p6,transverse_field_ising,affine-aN-plus-b,0.1945014491,4.0,12.0,4.0,12.0,True,True,asymptotic-domain,0.1.0,3.11.9,2.5.0,b58b31db18364511c43757e27fffc7abce8df2c1,True,ok,,
1.0,transverse_field_ising:N026,-2.1,jacobi-anger,,,,2.0,a8fa234e-a646-4911-8402-a67c302db4ae,2026-08-12T00:11:58.358108+00:00,c1ad72de628f71283ac69037e9bbe97c3e773952f5abde5eac91397ca322d1a6,resource-grid,transverse_field_ising,TFIM-26,"{""coupling"":1.0,""field"":3.0,""periodic"":false}",26,26.0,proportional,1.0,0.007943282347242814,103.0,51,qsvt,qsvt,QSVT,jacobi-anger-rigorous,analytical,,,,,,,,,,,,,,,,,,,,,,,,,,,,,,,,,,,21855.0,3643.0,,,0.0015010969834511924,,jacobi-anger-polynomial-oaa,"Martyn et al., arXiv:2105.02859, Eqs. (76)--(77)",Jacobi--Anger tails plus exact cubic OAA identity,"{""oaa-unitarity-defect-distortion"":0.0007509706144247986,""scaled-polynomial-error"":0.0007501263690263938}",True,ideal-qsvt-oaa-good-block,True,,"[""the cosine and sine polynomials are implemented exactly"",""the unamplified good block is exactly Q/2""]",,,,,,,implemented-qsvt-floating-phase-circuit,False,False,0.007148954112518533,,,,,,,,,,,,,,,,,,,2.0,one robust OAA round,1.0,"component, quadrature, and index registers all-zero",,40.0,2797452.0,6993698.0,-1.0,310517444.0,46333188.0,analytical-model,0.0007943282347242814,,,,,,,,,,,,0.1.0,3.11.9,2.5.0,b58b31db18364511c43757e27fffc7abce8df2c1,True,ok,,
1.0,transverse_field_ising:N026,-2.1,empirical,,7.0,33.0,2.0,a8fa234e-a646-4911-8402-a67c302db4ae,2026-08-12T00:11:58.358108+00:00,c1ad72de628f71283ac69037e9bbe97c3e773952f5abde5eac91397ca322d1a6,resource-grid,transverse_field_ising,TFIM-26,"{""coupling"":1.0,""field"":3.0,""periodic"":false}",26,26.0,proportional,1.0,0.007943282347242814,103.0,51,mpf-j-mizuta2026-theorem6-empirical-operator-norm,multiproduct,MPF J=Mizuta Theorem 6 (resolved per point) [empirical operator norm],empirical-operator-norm,empirical,,7.0,14.0,mizuta2026-theorem6,5.000000000000001,0.007148954112518533,33.0,,,,[],,,,,,,,,,,,,,,[],,,,,,,empirical-operator-norm,[],4554.0,,,,0.0015161994685799624,0.0016419173,empirical-operator-norm,Repository empirical operator-norm calibration study v1 (2026-08-10),reviewed calibration opnorm-v1-tfim-open-mpf-new-m7; fixed formal powers,"{""empirical_coefficient"":0.0016419173}",False,ideal-mpf,False,ordered individual Pauli terms,"[""the fixed formal-order powers in time and segments apply"",""the empirical estimate concerns the repeated ideal MPF operator"",""the reviewed affine size calibration extrapolates as flagged""]",,0.0,0.0,False,False,{},repeated-shared-ancilla-good-block,False,False,0.007148954112518533,new,"[1,2,3,4,5,9,22]","[2.9953607852158573e-09,-2.9318124556219793e-05,0.003468573778195489,-0.04863485570038276,0.1308718708891307,-0.4341006887393225,1.3484244149015747]",1.965529725128523,0.034470274871476914,46.0,registered-exact,True,7.0,3.0,2.0,4.0,9.0,7.0,6.0,3.0,2.0,3.0,2.0,one robust OAA round per segment,33.0,branch register all-zero,,33.0,922878.0,3003.0,-1.0,88608300.0,1392096.0,analytical-model,0.0007943282347242814,opnorm-v1-tfim-open-mpf-new-m7,transverse_field_ising,affine-aN-plus-b,0.0016419173,4.0,12.0,4.0,12.0,True,True,asymptotic-domain,0.1.0,3.11.9,2.5.0,b58b31db18364511c43757e27fffc7abce8df2c1,True,ok,,
1.0,transverse_field_ising:N026,-2.1,commutator,,7.0,3846.0,2.0,a8fa234e-a646-4911-8402-a67c302db4ae,2026-08-12T00:11:58.358108+00:00,c1ad72de628f71283ac69037e9bbe97c3e773952f5abde5eac91397ca322d1a6,resource-grid,transverse_field_ising,TFIM-26,"{""coupling"":1.0,""field"":3.0,""periodic"":false}",26,26.0,proportional,1.0,0.007943282347242814,103.0,51,mpf-j-mizuta2026-theorem6-mizuta2026-commutator-ideal-rigorous,multiproduct,MPF J=Mizuta Theorem 6 (resolved per point) [Mizuta 2026 refined commutator],mizuta2026-commutator-ideal-rigorous,analytical,,7.0,14.0,mizuta2026-theorem6,5.000000000000001,0.007148954112518533,3846.0,3846.0,,2817.0,"[""error""]",27.078977038264874,14.0,,,1.8452347238884304e-06,2.912565352308352e-11,3.8398585170632464e-14,2.908725493791288e-11,2.912565352308352e-11,1.8452638495419537e-06,0.007147416446622929,2.222636980708212e-05,False,0.009232254218714724,"[1.0000000000000002,1.0000000000000002,1.0000000000000002,1.0000000000000002,1.0000000000000002,1.0000000000000002,1.0000000000000002,1.0000000000000002,1.0000000000000002,1.0000000000000002,1.0000000000000002,1.0000000000000002,1.0000000000000002,1.0000000000000002,1.0000000000000002,1.0000000000000002,1.0000000000000002,1.0000000000000002,1.0000000000000002,1.0000000000000002,1.0000000000000002,1.0000000000000002,1.0000000000000002,1.0000000000000002,1.0000000000000002,1.0000000000000002,1.0000000000000002,1.0000000000000002,1.0000000000000002,1.0000000000000002,1.0000000000000002,1.0000000000000002,1.0000000000000002,1.0000000000000002,1.0000000000000002,1.0000000000000002,1.0000000000000002,1.0000000000000002,1.0000000000000002,1.0000000000000002,1.0000000000000002,1.0000000000000002,1.0000000000000002,1.0000000000000002,1.0000000000000002,1.0000000000000002,1.0000000000000002,1.0000000000000002,1.0000000000000002,1.0000000000000002,1.0000000000000002]",5.0000000000000036,14.0,False,,not-used,commutator,mizuta2026-commutator-ideal-rigorous,[],530748.0,,,,0.007147416446622929,6.555270202038003e+26,mizuta2026-commutator-ideal-rigorous,"Mizuta, Quantum 10, 1974 (2026), arXiv:2507.06557v4","Theorem 4, Eqs. (47)--(49), with direct Lemmas 9--10 BCH remainder","{""error_predicate_satisfied"":1.0,""extensiveness_g"":5.000000000000001,""joint_predicate_satisfied"":1.0,""legacy_first_condition_passed"":0.0,""legacy_first_time_limit"":2.222636980708212e-05,""local_commutator_error"":1.8452347238884304e-06,""local_step_error"":1.8452638495419537e-06,""local_truncated_bch_error"":2.912565352308352e-11,""locality_k"":2.0,""mu_upper"":27.078977038264874,""refined_lemma10_remainder"":2.908725493791288e-11,""refined_lemma9_remainder"":3.8398585170632464e-14,""refined_tail_fallback"":0.0,""repeated_global_error"":0.007147416446622929,""schedule_weighted_extensiveness"":5.0000000000000036,""second_time_limit"":0.009232254218714724,""time_2_predicate_satisfied"":1.0,""total_branchwise_bch_remainder"":2.912565352308352e-11,""truncation_order_p0"":14.0}",True,ideal-mpf,True,ordered individual Pauli terms,"[""individual Pauli summands define the ordered H_gamma decomposition"",""the actual Strang factors define schedule-weighted g_alpha extensiveness"",""Lemma 9 and Lemma 10 positive majorants directly certify the BCH remainder"",""the scalar-flow/Cauchy refined tail certificate is used"",""Theorem 4 second time hypothesis is satisfied"",""the repeated ideal MPF is composed with the Eq. (15) telescoping argument""]",,14.0,14.0,True,False,"{""2"":600.0000000000006,""3"":9552.000000000015,""4"":123360.00000000028,""5"":1964352.0000000058,""6"":26700288.0000001,""7"":425270784.0000019,""8"":5979429888.000031,""9"":95261352960.00056,""10"":1370647707648.0093,""11"":21841531576320.16,""12"":319438646181890.56,""13"":5091367662354477.0,""14"":7.536422163185736e+16}",repeated-shared-ancilla-good-block,True,False,0.007148954112518533,new,"[1,2,3,4,5,9,22]","[2.9953607852158573e-09,-2.9318124556219793e-05,0.003468573778195489,-0.04863485570038276,0.1308718708891307,-0.4341006887393225,1.3484244149015747]",1.965529725128523,0.034470274871476914,46.0,registered-exact,True,7.0,3.0,2.0,4.0,9.0,7.0,6.0,3.0,2.0,3.0,2.0,one robust OAA round per segment,3846.0,branch register all-zero,,33.0,107557236.0,349986.0,-1.0,12585596556.0,162242379.0,analytical-model,0.0007943282347242814,,,,,,,,,,,,0.1.0,3.11.9,2.5.0,b58b31db18364511c43757e27fffc7abce8df2c1,True,ok,,
1.0,transverse_field_ising:N026,-2.2,commutator,32867.0,,,2.0,a8fa234e-a646-4911-8402-a67c302db4ae,2026-08-12T00:11:58.358108+00:00,c1ad72de628f71283ac69037e9bbe97c3e773952f5abde5eac91397ca322d1a6,resource-grid,transverse_field_ising,TFIM-26,"{""coupling"":1.0,""field"":3.0,""periodic"":false}",26,26.0,proportional,1.0,0.00630957344480193,103.0,51,trotter-p2,trotter,Trotter p=2,analytical,analytical,2.0,,,,,,32867.0,,,,,,,,,,,,,,,,,,,,,,,,,,,,,,individual,51.0,0.0056783916222133924,349.0,childs-commutator,"Childs, Su, Tran, Wiebe, and Zhu, arXiv:1912.08854",Propositions 9--10,"{""prefactor"":349.0}",True,implemented-product-formula,True,,"[""the resolved ordered Hamiltonian groups match the implemented formula""]",,,,,,,implemented-product-formula,True,True,0.005678616100321737,,,,,,,,,,,,,,,,,,,1.0,none,0.0,system register,1.0,26.0,3319567.0,0.0,-1.0,338595834.0,3254478.0,analytical-model,0.0006309573444801931,,,,,,,,,,,,0.1.0,3.11.9,2.5.0,b58b31db18364511c43757e27fffc7abce8df2c1,True,ok,,
1.0,transverse_field_ising:N026,-2.2,empirical,8683.0,,,2.0,a8fa234e-a646-4911-8402-a67c302db4ae,2026-08-12T00:11:58.358108+00:00,c1ad72de628f71283ac69037e9bbe97c3e773952f5abde5eac91397ca322d1a6,resource-grid,transverse_field_ising,TFIM-26,"{""coupling"":1.0,""field"":3.0,""periodic"":false}",26,26.0,proportional,1.0,0.00630957344480193,103.0,51,trotter-p2-empirical,trotter,Trotter p=2 [empirical],empirical-operator-norm,empirical,2.0,,,,,,8683.0,,,,,,,,,,,,,,,,,,,,,,,,,,,,,,individual,51.0,0.005677829410944231,24.3557719087,empirical-operator-norm,Repository empirical operator-norm calibration study v1 (2026-08-10),reviewed calibration opnorm-v1-tfim-open-trotter-p2; artifact docs/calibration_data/empirical_1d_v1_accepted.json,"{""prefactor"":24.3557719087}",False,implemented-product-formula,False,,"[""the resolved ordered Hamiltonian groups match the implemented formula"",""the fixed formal-order powers in time and segments apply"",""the reviewed affine size calibration extrapolates as flagged""]",,,,,,,implemented-product-formula,False,False,0.005678616100321737,,,,,,,,,,,,,,,,,,,1.0,none,0.0,system register,1.0,26.0,876983.0,0.0,-1.0,85067351.0,859788.0,analytical-model,0.0006309573444801931,opnorm-v1-tfim-open-trotter-p2,transverse_field_ising,affine-aN-plus-b,24.3557719087,4.0,12.0,4.0,12.0,True,True,formula,0.1.0,3.11.9,2.5.0,b58b31db18364511c43757e27fffc7abce8df2c1,True,ok,,
1.0,transverse_field_ising:N026,-2.2,commutator,1929.0,,,2.0,a8fa234e-a646-4911-8402-a67c302db4ae,2026-08-12T00:11:58.358108+00:00,c1ad72de628f71283ac69037e9bbe97c3e773952f5abde5eac91397ca322d1a6,resource-grid,transverse_field_ising,TFIM-26,"{""coupling"":1.0,""field"":3.0,""periodic"":false}",26,26.0,proportional,1.0,0.00630957344480193,103.0,51,trotter-p4,trotter,Trotter p=4,analytical,analytical,4.0,,,,,,1929.0,,,,,,,,,,,,,,,,,,,,,,,,,,,,,,commuting,2.0,0.0056685520146294915,6605.935163086014,schubert-mendl-commutator,"Schubert and Mendl, arXiv:2306.10603",Theorem 1,"{""prefactor"":6605.935163086014}",True,implemented-product-formula,True,,"[""the resolved ordered Hamiltonian groups match the implemented formula""]",,,,,,,implemented-product-formula,True,True,0.005678616100321737,,,,,,,,,,,,,,,,,,,1.0,none,0.0,system register,1.0,26.0,742665.0,0.0,-1.0,71295840.0,728103.0,analytical-model,0.0006309573444801931,,,,,,,,,,,,0.1.0,3.11.9,2.5.0,b58b31db18364511c43757e27fffc7abce8df2c1,True,ok,,
1.0,transverse_field_ising:N026,-2.2,empirical,387.0,,,2.0,a8fa234e-a646-4911-8402-a67c302db4ae,2026-08-12T00:11:58.358108+00:00,c1ad72de628f71283ac69037e9bbe97c3e773952f5abde5eac91397ca322d1a6,resource-grid,transverse_field_ising,TFIM-26,"{""coupling"":1.0,""field"":3.0,""periodic"":false}",26,26.0,proportional,1.0,0.00630957344480193,103.0,51,trotter-p4-empirical,trotter,Trotter p=4 [empirical],empirical-operator-norm,empirical,4.0,,,,,,387.0,,,,,,,,,,,,,,,,,,,,,,,,,,,,,,commuting,2.0,0.0056673013614656036,10.6992522635,empirical-operator-norm,Repository empirical operator-norm calibration study v1 (2026-08-10),reviewed calibration opnorm-v1-tfim-open-trotter-p4; artifact docs/calibration_data/empirical_1d_v1_accepted.json,"{""prefactor"":10.6992522635}",False,implemented-product-formula,False,,"[""the resolved ordered Hamiltonian groups match the implemented formula"",""the fixed formal-order powers in time and segments apply"",""the reviewed affine size calibration extrapolates as flagged""]",,,,,,,implemented-product-formula,False,False,0.005678616100321737,,,,,,,,,,,,,,,,,,,1.0,none,0.0,system register,1.0,26.0,148995.0,0.0,-1.0,13260555.0,146074.0,analytical-model,0.0006309573444801931,opnorm-v1-tfim-open-trotter-p4,transverse_field_ising,affine-aN-plus-b,10.6992522635,4.0,12.0,4.0,12.0,True,True,formula,0.1.0,3.11.9,2.5.0,b58b31db18364511c43757e27fffc7abce8df2c1,True,ok,,
1.0,transverse_field_ising:N026,-2.2,commutator,1083.0,,,2.0,a8fa234e-a646-4911-8402-a67c302db4ae,2026-08-12T00:11:58.358108+00:00,c1ad72de628f71283ac69037e9bbe97c3e773952f5abde5eac91397ca322d1a6,resource-grid,transverse_field_ising,TFIM-26,"{""coupling"":1.0,""field"":3.0,""periodic"":false}",26,26.0,proportional,1.0,0.00630957344480193,103.0,51,trotter-p6,trotter,Trotter p=6,analytical,analytical,6.0,,,,,,1083.0,,,,,,,,,,,,,,,,,,,,,,,,,,,,,,commuting,2.0,0.005664271340338519,1137892.810662982,schubert-mendl-commutator,"Schubert and Mendl, arXiv:2306.10603",Theorem 1,"{""prefactor"":1137892.810662982}",True,implemented-product-formula,True,,"[""the resolved ordered Hamiltonian groups match the implemented formula""]",,,,,,,implemented-product-formula,True,True,0.005678616100321737,,,,,,,,,,,,,,,,,,,1.0,none,0.0,system register,1.0,26.0,2084775.0,0.0,-1.0,208477500.0,2043898.0,analytical-model,0.0006309573444801931,,,,,,,,,,,,0.1.0,3.11.9,2.5.0,b58b31db18364511c43757e27fffc7abce8df2c1,True,ok,,
1.0,transverse_field_ising:N026,-2.2,empirical,208.0,,,2.0,a8fa234e-a646-4911-8402-a67c302db4ae,2026-08-12T00:11:58.358108+00:00,c1ad72de628f71283ac69037e9bbe97c3e773952f5abde5eac91397ca322d1a6,resource-grid,transverse_field_ising,TFIM-26,"{""coupling"":1.0,""field"":3.0,""periodic"":false}",26,26.0,proportional,1.0,0.00630957344480193,103.0,51,trotter-p6-empirical,trotter,Trotter p=6 [empirical],empirical-operator-norm,empirical,6.0,,,,,,208.0,,,,,,,,,,,,,,,,,,,,,,,,,,,,,,commuting,2.0,1.9291067797088607e-05,0.1945014491,empirical-operator-norm,Repository empirical operator-norm calibration study v1 (2026-08-10),reviewed calibration opnorm-v1-tfim-open-trotter-p6; artifact docs/calibration_data/empirical_1d_v1_accepted.json,"{""prefactor"":0.1945014491}",False,implemented-product-formula,False,,"[""the resolved ordered Hamiltonian groups match the implemented formula"",""the fixed formal-order powers in time and segments apply"",""the reviewed affine size calibration extrapolates as flagged""]",,,,,,,implemented-product-formula,False,False,0.005678616100321737,,,,,,,,,,,,,,,,,,,1.0,none,0.0,system register,1.0,26.0,400400.0,0.0,-1.0,37237200.0,392550.0,analytical-model,0.0006309573444801931,opnorm-v1-tfim-open-trotter-p6,transverse_field_ising,affine-aN-plus-b,0.1945014491,4.0,12.0,4.0,12.0,True,True,asymptotic-domain,0.1.0,3.11.9,2.5.0,b58b31db18364511c43757e27fffc7abce8df2c1,True,ok,,
1.0,transverse_field_ising:N026,-2.2,jacobi-anger,,,,2.0,a8fa234e-a646-4911-8402-a67c302db4ae,2026-08-12T00:11:58.358108+00:00,c1ad72de628f71283ac69037e9bbe97c3e773952f5abde5eac91397ca322d1a6,resource-grid,transverse_field_ising,TFIM-26,"{""coupling"":1.0,""field"":3.0,""periodic"":false}",26,26.0,proportional,1.0,0.00630957344480193,103.0,51,qsvt,qsvt,QSVT,jacobi-anger-rigorous,analytical,,,,,,,,,,,,,,,,,,,,,,,,,,,,,,,,,,,21855.0,3643.0,,,0.0013376099615751908,,jacobi-anger-polynomial-oaa,"Martyn et al., arXiv:2105.02859, Eqs. (76)--(77)",Jacobi--Anger tails plus exact cubic OAA identity,"{""oaa-unitarity-defect-distortion"":0.000669140194336614,""scaled-polynomial-error"":0.0006684697672385768}",True,ideal-qsvt-oaa-good-block,True,,"[""the cosine and sine polynomials are implemented exactly"",""the unamplified good block is exactly Q/2""]",,,,,,,implemented-qsvt-floating-phase-circuit,False,False,0.005678616100321737,,,,,,,,,,,,,,,,,,,2.0,one robust OAA round,1.0,"component, quadrature, and index registers all-zero",,40.0,2797452.0,6993698.0,-1.0,313314896.0,46333188.0,analytical-model,0.0006309573444801931,,,,,,,,,,,,0.1.0,3.11.9,2.5.0,b58b31db18364511c43757e27fffc7abce8df2c1,True,ok,,
1.0,transverse_field_ising:N026,-2.2,empirical,,7.0,33.0,2.0,a8fa234e-a646-4911-8402-a67c302db4ae,2026-08-12T00:11:58.358108+00:00,c1ad72de628f71283ac69037e9bbe97c3e773952f5abde5eac91397ca322d1a6,resource-grid,transverse_field_ising,TFIM-26,"{""coupling"":1.0,""field"":3.0,""periodic"":false}",26,26.0,proportional,1.0,0.00630957344480193,103.0,51,mpf-j-mizuta2026-theorem6-empirical-operator-norm,multiproduct,MPF J=Mizuta Theorem 6 (resolved per point) [empirical operator norm],empirical-operator-norm,empirical,,7.0,14.0,mizuta2026-theorem6,5.000000000000001,0.005678616100321737,33.0,,,,[],,,,,,,,,,,,,,,[],,,,,,,empirical-operator-norm,[],4554.0,,,,0.0015161994685799624,0.0016419173,empirical-operator-norm,Repository empirical operator-norm calibration study v1 (2026-08-10),reviewed calibration opnorm-v1-tfim-open-mpf-new-m7; fixed formal powers,"{""empirical_coefficient"":0.0016419173}",False,ideal-mpf,False,ordered individual Pauli terms,"[""the fixed formal-order powers in time and segments apply"",""the empirical estimate concerns the repeated ideal MPF operator"",""the reviewed affine size calibration extrapolates as flagged""]",,0.0,0.0,False,False,{},repeated-shared-ancilla-good-block,False,False,0.005678616100321737,new,"[1,2,3,4,5,9,22]","[2.9953607852158573e-09,-2.9318124556219793e-05,0.003468573778195489,-0.04863485570038276,0.1308718708891307,-0.4341006887393225,1.3484244149015747]",1.965529725128523,0.034470274871476914,46.0,registered-exact,True,7.0,3.0,2.0,4.0,9.0,7.0,6.0,3.0,2.0,3.0,2.0,one robust OAA round per segment,33.0,branch register all-zero,,33.0,922878.0,3003.0,-1.0,89531178.0,1392096.0,analytical-model,0.0006309573444801931,opnorm-v1-tfim-open-mpf-new-m7,transverse_field_ising,affine-aN-plus-b,0.0016419173,4.0,12.0,4.0,12.0,True,True,asymptotic-domain,0.1.0,3.11.9,2.5.0,b58b31db18364511c43757e27fffc7abce8df2c1,True,ok,,
1.0,transverse_field_ising:N026,-2.2,commutator,,7.0,3910.0,2.0,a8fa234e-a646-4911-8402-a67c302db4ae,2026-08-12T00:11:58.358108+00:00,c1ad72de628f71283ac69037e9bbe97c3e773952f5abde5eac91397ca322d1a6,resource-grid,transverse_field_ising,TFIM-26,"{""coupling"":1.0,""field"":3.0,""periodic"":false}",26,26.0,proportional,1.0,0.00630957344480193,103.0,51,mpf-j-mizuta2026-theorem6-mizuta2026-commutator-ideal-rigorous,multiproduct,MPF J=Mizuta Theorem 6 (resolved per point) [Mizuta 2026 refined commutator],mizuta2026-commutator-ideal-rigorous,analytical,,7.0,14.0,mizuta2026-theorem6,5.000000000000001,0.005678616100321737,3910.0,3910.0,,2817.0,"[""error""]",27.078977038264874,14.0,,,1.4405868835218068e-06,2.2334098205578305e-11,3.340363406632944e-14,2.230069457151197e-11,2.2334098205578305e-11,1.4406092176200126e-06,0.005664591618097161,2.222636980708212e-05,False,0.009232254218714724,"[1.0000000000000002,1.0000000000000002,1.0000000000000002,1.0000000000000002,1.0000000000000002,1.0000000000000002,1.0000000000000002,1.0000000000000002,1.0000000000000002,1.0000000000000002,1.0000000000000002,1.0000000000000002,1.0000000000000002,1.0000000000000002,1.0000000000000002,1.0000000000000002,1.0000000000000002,1.0000000000000002,1.0000000000000002,1.0000000000000002,1.0000000000000002,1.0000000000000002,1.0000000000000002,1.0000000000000002,1.0000000000000002,1.0000000000000002,1.0000000000000002,1.0000000000000002,1.0000000000000002,1.0000000000000002,1.0000000000000002,1.0000000000000002,1.0000000000000002,1.0000000000000002,1.0000000000000002,1.0000000000000002,1.0000000000000002,1.0000000000000002,1.0000000000000002,1.0000000000000002,1.0000000000000002,1.0000000000000002,1.0000000000000002,1.0000000000000002,1.0000000000000002,1.0000000000000002,1.0000000000000002,1.0000000000000002,1.0000000000000002,1.0000000000000002,1.0000000000000002]",5.0000000000000036,14.0,False,,not-used,commutator,mizuta2026-commutator-ideal-rigorous,[],539580.0,,,,0.005664591618097161,6.555270202038003e+26,mizuta2026-commutator-ideal-rigorous,"Mizuta, Quantum 10, 1974 (2026), arXiv:2507.06557v4","Theorem 4, Eqs. (47)--(49), with direct Lemmas 9--10 BCH remainder","{""error_predicate_satisfied"":1.0,""extensiveness_g"":5.000000000000001,""joint_predicate_satisfied"":1.0,""legacy_first_condition_passed"":0.0,""legacy_first_time_limit"":2.222636980708212e-05,""local_commutator_error"":1.4405868835218068e-06,""local_step_error"":1.4406092176200126e-06,""local_truncated_bch_error"":2.2334098205578305e-11,""locality_k"":2.0,""mu_upper"":27.078977038264874,""refined_lemma10_remainder"":2.230069457151197e-11,""refined_lemma9_remainder"":3.340363406632944e-14,""refined_tail_fallback"":0.0,""repeated_global_error"":0.005664591618097161,""schedule_weighted_extensiveness"":5.0000000000000036,""second_time_limit"":0.009232254218714724,""time_2_predicate_satisfied"":1.0,""total_branchwise_bch_remainder"":2.2334098205578305e-11,""truncation_order_p0"":14.0}",True,ideal-mpf,True,ordered individual Pauli terms,"[""individual Pauli summands define the ordered H_gamma decomposition"",""the actual Strang factors define schedule-weighted g_alpha extensiveness"",""Lemma 9 and Lemma 10 positive majorants directly certify the BCH remainder"",""the scalar-flow/Cauchy refined tail certificate is used"",""Theorem 4 second time hypothesis is satisfied"",""the repeated ideal MPF is composed with the Eq. (15) telescoping argument""]",,14.0,14.0,True,False,"{""2"":600.0000000000006,""3"":9552.000000000015,""4"":123360.00000000028,""5"":1964352.0000000058,""6"":26700288.0000001,""7"":425270784.0000019,""8"":5979429888.000031,""9"":95261352960.00056,""10"":1370647707648.0093,""11"":21841531576320.16,""12"":319438646181890.56,""13"":5091367662354477.0,""14"":7.536422163185736e+16}",repeated-shared-ancilla-good-block,True,False,0.005678616100321737,new,"[1,2,3,4,5,9,22]","[2.9953607852158573e-09,-2.9318124556219793e-05,0.003468573778195489,-0.04863485570038276,0.1308718708891307,-0.4341006887393225,1.3484244149015747]",1.965529725128523,0.034470274871476914,46.0,registered-exact,True,7.0,3.0,2.0,4.0,9.0,7.0,6.0,3.0,2.0,3.0,2.0,one robust OAA round per segment,3910.0,branch register all-zero,,33.0,109347060.0,355810.0,-1.0,12904376320.0,164942200.0,analytical-model,0.0006309573444801931,,,,,,,,,,,,0.1.0,3.11.9,2.5.0,b58b31db18364511c43757e27fffc7abce8df2c1,True,ok,,
1.0,transverse_field_ising:N026,-2.3,commutator,36877.0,,,2.0,a8fa234e-a646-4911-8402-a67c302db4ae,2026-08-12T00:11:58.358108+00:00,c1ad72de628f71283ac69037e9bbe97c3e773952f5abde5eac91397ca322d1a6,resource-grid,transverse_field_ising,TFIM-26,"{""coupling"":1.0,""field"":3.0,""periodic"":false}",26,26.0,proportional,1.0,0.005011872336272725,103.0,51,trotter-p2,trotter,Trotter p=2,analytical,analytical,2.0,,,,,,36877.0,,,,,,,,,,,,,,,,,,,,,,,,,,,,,,individual,51.0,0.004510599882590002,349.0,childs-commutator,"Childs, Su, Tran, Wiebe, and Zhu, arXiv:1912.08854",Propositions 9--10,"{""prefactor"":349.0}",True,implemented-product-formula,True,,"[""the resolved ordered Hamiltonian groups match the implemented formula""]",,,,,,,implemented-product-formula,True,True,0.004510685102645452,,,,,,,,,,,,,,,,,,,1.0,none,0.0,system register,1.0,26.0,3724577.0,0.0,-1.0,387356008.0,3651547.0,analytical-model,0.0005011872336272725,,,,,,,,,,,,0.1.0,3.11.9,2.5.0,b58b31db18364511c43757e27fffc7abce8df2c1,True,ok,,
1.0,transverse_field_ising:N026,-2.3,empirical,9742.0,,,2.0,a8fa234e-a646-4911-8402-a67c302db4ae,2026-08-12T00:11:58.358108+00:00,c1ad72de628f71283ac69037e9bbe97c3e773952f5abde5eac91397ca322d1a6,resource-grid,transverse_field_ising,TFIM-26,"{""coupling"":1.0,""field"":3.0,""periodic"":false}",26,26.0,proportional,1.0,0.005011872336272725,103.0,51,trotter-p2-empirical,trotter,Trotter p=2 [empirical],empirical-operator-norm,empirical,2.0,,,,,,9742.0,,,,,,,,,,,,,,,,,,,,,,,,,,,,,,individual,51.0,0.004510510432843316,24.3557719087,empirical-operator-norm,Repository empirical operator-norm calibration study v1 (2026-08-10),reviewed calibration opnorm-v1-tfim-open-trotter-p2; artifact docs/calibration_data/empirical_1d_v1_accepted.json,"{""prefactor"":24.3557719087}",False,implemented-product-formula,False,,"[""the resolved ordered Hamiltonian groups match the implemented formula"",""the fixed formal-order powers in time and segments apply"",""the reviewed affine size calibration extrapolates as flagged""]",,,,,,,implemented-product-formula,False,False,0.004510685102645452,,,,,,,,,,,,,,,,,,,1.0,none,0.0,system register,1.0,26.0,983942.0,0.0,-1.0,96426316.0,964650.0,analytical-model,0.0005011872336272725,opnorm-v1-tfim-open-trotter-p2,transverse_field_ising,affine-aN-plus-b,24.3557719087,4.0,12.0,4.0,12.0,True,True,formula,0.1.0,3.11.9,2.5.0,b58b31db18364511c43757e27fffc7abce8df2c1,True,ok,,
1.0,transverse_field_ising:N026,-2.3,commutator,2043.0,,,2.0,a8fa234e-a646-4911-8402-a67c302db4ae,2026-08-12T00:11:58.358108+00:00,c1ad72de628f71283ac69037e9bbe97c3e773952f5abde5eac91397ca322d1a6,resource-grid,transverse_field_ising,TFIM-26,"{""coupling"":1.0,""field"":3.0,""periodic"":false}",26,26.0,proportional,1.0,0.005011872336272725,103.0,51,trotter-p4,trotter,Trotter p=4,analytical,analytical,4.0,,,,,,2043.0,,,,,,,,,,,,,,,,,,,,,,,,,,,,,,commuting,2.0,0.0045053400944265465,6605.935163086014,schubert-mendl-commutator,"Schubert and Mendl, arXiv:2306.10603",Theorem 1,"{""prefactor"":6605.935163086014}",True,implemented-product-formula,True,,"[""the resolved ordered Hamiltonian groups match the implemented formula""]",,,,,,,implemented-product-formula,True,True,0.004510685102645452,,,,,,,,,,,,,,,,,,,1.0,none,0.0,system register,1.0,26.0,786555.0,0.0,-1.0,76295835.0,771133.0,analytical-model,0.0005011872336272725,,,,,,,,,,,,0.1.0,3.11.9,2.5.0,b58b31db18364511c43757e27fffc7abce8df2c1,True,ok,,
1.0,transverse_field_ising:N026,-2.3,empirical,410.0,,,2.0,a8fa234e-a646-4911-8402-a67c302db4ae,2026-08-12T00:11:58.358108+00:00,c1ad72de628f71283ac69037e9bbe97c3e773952f5abde5eac91397ca322d1a6,resource-grid,transverse_field_ising,TFIM-26,"{""coupling"":1.0,""field"":3.0,""periodic"":false}",26,26.0,proportional,1.0,0.005011872336272725,103.0,51,trotter-p4-empirical,trotter,Trotter p=4 [empirical],empirical-operator-norm,empirical,4.0,,,,,,410.0,,,,,,,,,,,,,,,,,,,,,,,,,,,,,,commuting,2.0,0.0044986762525738855,10.6992522635,empirical-operator-norm,Repository empirical operator-norm calibration study v1 (2026-08-10),reviewed calibration opnorm-v1-tfim-open-trotter-p4; artifact docs/calibration_data/empirical_1d_v1_accepted.json,"{""prefactor"":10.6992522635}",False,implemented-product-formula,False,,"[""the resolved ordered Hamiltonian groups match the implemented formula"",""the fixed formal-order powers in time and segments apply"",""the reviewed affine size calibration extrapolates as flagged""]",,,,,,,implemented-product-formula,False,False,0.004510685102645452,,,,,,,,,,,,,,,,,,,1.0,none,0.0,system register,1.0,26.0,157850.0,0.0,-1.0,14206500.0,154755.0,analytical-model,0.0005011872336272725,opnorm-v1-tfim-open-trotter-p4,transverse_field_ising,affine-aN-plus-b,10.6992522635,4.0,12.0,4.0,12.0,True,True,formula,0.1.0,3.11.9,2.5.0,b58b31db18364511c43757e27fffc7abce8df2c1,True,ok,,
1.0,transverse_field_ising:N026,-2.3,commutator,1125.0,,,2.0,a8fa234e-a646-4911-8402-a67c302db4ae,2026-08-12T00:11:58.358108+00:00,c1ad72de628f71283ac69037e9bbe97c3e773952f5abde5eac91397ca322d1a6,resource-grid,transverse_field_ising,TFIM-26,"{""coupling"":1.0,""field"":3.0,""periodic"":false}",26,26.0,proportional,1.0,0.005011872336272725,103.0,51,trotter-p6,trotter,Trotter p=6,analytical,analytical,6.0,,,,,,1125.0,,,,,,,,,,,,,,,,,,,,,,,,,,,,,,commuting,2.0,0.004508163460223533,1137892.810662982,schubert-mendl-commutator,"Schubert and Mendl, arXiv:2306.10603",Theorem 1,"{""prefactor"":1137892.810662982}",True,implemented-product-formula,True,,"[""the resolved ordered Hamiltonian groups match the implemented formula""]",,,,,,,implemented-product-formula,True,True,0.004510685102645452,,,,,,,,,,,,,,,,,,,1.0,none,0.0,system register,1.0,26.0,2165625.0,0.0,-1.0,220893750.0,2123162.0,analytical-model,0.0005011872336272725,,,,,,,,,,,,0.1.0,3.11.9,2.5.0,b58b31db18364511c43757e27fffc7abce8df2c1,True,ok,,
1.0,transverse_field_ising:N026,-2.3,empirical,208.0,,,2.0,a8fa234e-a646-4911-8402-a67c302db4ae,2026-08-12T00:11:58.358108+00:00,c1ad72de628f71283ac69037e9bbe97c3e773952f5abde5eac91397ca322d1a6,resource-grid,transverse_field_ising,TFIM-26,"{""coupling"":1.0,""field"":3.0,""periodic"":false}",26,26.0,proportional,1.0,0.005011872336272725,103.0,51,trotter-p6-empirical,trotter,Trotter p=6 [empirical],empirical-operator-norm,empirical,6.0,,,,,,208.0,,,,,,,,,,,,,,,,,,,,,,,,,,,,,,commuting,2.0,1.9291067797088607e-05,0.1945014491,empirical-operator-norm,Repository empirical operator-norm calibration study v1 (2026-08-10),reviewed calibration opnorm-v1-tfim-open-trotter-p6; artifact docs/calibration_data/empirical_1d_v1_accepted.json,"{""prefactor"":0.1945014491}",False,implemented-product-formula,False,,"[""the resolved ordered Hamiltonian groups match the implemented formula"",""the fixed formal-order powers in time and segments apply"",""the reviewed affine size calibration extrapolates as flagged""]",,,,,,,implemented-product-formula,False,False,0.004510685102645452,,,,,,,,,,,,,,,,,,,1.0,none,0.0,system register,1.0,26.0,400400.0,0.0,-1.0,37637600.0,392550.0,analytical-model,0.0005011872336272725,opnorm-v1-tfim-open-trotter-p6,transverse_field_ising,affine-aN-plus-b,0.1945014491,4.0,12.0,4.0,12.0,True,True,asymptotic-domain,0.1.0,3.11.9,2.5.0,b58b31db18364511c43757e27fffc7abce8df2c1,True,ok,,
1.0,transverse_field_ising:N026,-2.3,jacobi-anger,,,,2.0,a8fa234e-a646-4911-8402-a67c302db4ae,2026-08-12T00:11:58.358108+00:00,c1ad72de628f71283ac69037e9bbe97c3e773952f5abde5eac91397ca322d1a6,resource-grid,transverse_field_ising,TFIM-26,"{""coupling"":1.0,""field"":3.0,""periodic"":false}",26,26.0,proportional,1.0,0.005011872336272725,103.0,51,qsvt,qsvt,QSVT,jacobi-anger-rigorous,analytical,,,,,,,,,,,,,,,,,,,,,,,,,,,,,,,,,,,21867.0,3645.0,,,0.0005965574654784799,,jacobi-anger-polynomial-oaa,"Martyn et al., arXiv:2105.02859, Eqs. (76)--(77)",Jacobi--Anger tails plus exact cubic OAA identity,"{""oaa-unitarity-defect-distortion"":0.0002983454371796363,""scaled-polynomial-error"":0.00029821202829884364}",True,ideal-qsvt-oaa-good-block,True,,"[""the cosine and sine polynomials are implemented exactly"",""the unamplified good block is exactly Q/2""]",,,,,,,implemented-qsvt-floating-phase-circuit,False,False,0.004510685102645452,,,,,,,,,,,,,,,,,,,2.0,one robust OAA round,1.0,"component, quadrature, and index registers all-zero",,40.0,2798988.0,6997538.0,-1.0,316285916.0,46358628.0,analytical-model,0.0005011872336272725,,,,,,,,,,,,0.1.0,3.11.9,2.5.0,b58b31db18364511c43757e27fffc7abce8df2c1,True,ok,,
1.0,transverse_field_ising:N026,-2.3,empirical,,7.0,33.0,2.0,a8fa234e-a646-4911-8402-a67c302db4ae,2026-08-12T00:11:58.358108+00:00,c1ad72de628f71283ac69037e9bbe97c3e773952f5abde5eac91397ca322d1a6,resource-grid,transverse_field_ising,TFIM-26,"{""coupling"":1.0,""field"":3.0,""periodic"":false}",26,26.0,proportional,1.0,0.005011872336272725,103.0,51,mpf-j-mizuta2026-theorem6-empirical-operator-norm,multiproduct,MPF J=Mizuta Theorem 6 (resolved per point) [empirical operator norm],empirical-operator-norm,empirical,,7.0,14.0,mizuta2026-theorem6,5.000000000000001,0.004510685102645452,33.0,,,,[],,,,,,,,,,,,,,,[],,,,,,,empirical-operator-norm,[],4554.0,,,,0.0015161994685799624,0.0016419173,empirical-operator-norm,Repository empirical operator-norm calibration study v1 (2026-08-10),reviewed calibration opnorm-v1-tfim-open-mpf-new-m7; fixed formal powers,"{""empirical_coefficient"":0.0016419173}",False,ideal-mpf,False,ordered individual Pauli terms,"[""the fixed formal-order powers in time and segments apply"",""the empirical estimate concerns the repeated ideal MPF operator"",""the reviewed affine size calibration extrapolates as flagged""]",,0.0,0.0,False,False,{},repeated-shared-ancilla-good-block,False,False,0.004510685102645452,new,"[1,2,3,4,5,9,22]","[2.9953607852158573e-09,-2.9318124556219793e-05,0.003468573778195489,-0.04863485570038276,0.1308718708891307,-0.4341006887393225,1.3484244149015747]",1.965529725128523,0.034470274871476914,46.0,registered-exact,True,7.0,3.0,2.0,4.0,9.0,7.0,6.0,3.0,2.0,3.0,2.0,one robust OAA round per segment,33.0,branch register all-zero,,33.0,922878.0,3003.0,-1.0,90454056.0,1392096.0,analytical-model,0.0005011872336272725,opnorm-v1-tfim-open-mpf-new-m7,transverse_field_ising,affine-aN-plus-b,0.0016419173,4.0,12.0,4.0,12.0,True,True,asymptotic-domain,0.1.0,3.11.9,2.5.0,b58b31db18364511c43757e27fffc7abce8df2c1,True,ok,,
1.0,transverse_field_ising:N026,-2.3,commutator,,7.0,3974.0,2.0,a8fa234e-a646-4911-8402-a67c302db4ae,2026-08-12T00:11:58.358108+00:00,c1ad72de628f71283ac69037e9bbe97c3e773952f5abde5eac91397ca322d1a6,resource-grid,transverse_field_ising,TFIM-26,"{""coupling"":1.0,""field"":3.0,""periodic"":false}",26,26.0,proportional,1.0,0.005011872336272725,103.0,51,mpf-j-mizuta2026-theorem6-mizuta2026-commutator-ideal-rigorous,multiproduct,MPF J=Mizuta Theorem 6 (resolved per point) [Mizuta 2026 refined commutator],mizuta2026-commutator-ideal-rigorous,analytical,,7.0,14.0,mizuta2026-theorem6,5.000000000000001,0.004510685102645452,3974.0,3974.0,,2817.0,"[""error""]",27.078977038264874,14.0,,,1.1292052159872695e-06,1.721831843136989e-11,2.9126646793143633e-14,1.7189191784576742e-11,1.721831843136989e-11,1.1292224343057012e-06,0.004507708029828275,2.222636980708212e-05,False,0.009232254218714724,"[1.0000000000000002,1.0000000000000002,1.0000000000000002,1.0000000000000002,1.0000000000000002,1.0000000000000002,1.0000000000000002,1.0000000000000002,1.0000000000000002,1.0000000000000002,1.0000000000000002,1.0000000000000002,1.0000000000000002,1.0000000000000002,1.0000000000000002,1.0000000000000002,1.0000000000000002,1.0000000000000002,1.0000000000000002,1.0000000000000002,1.0000000000000002,1.0000000000000002,1.0000000000000002,1.0000000000000002,1.0000000000000002,1.0000000000000002,1.0000000000000002,1.0000000000000002,1.0000000000000002,1.0000000000000002,1.0000000000000002,1.0000000000000002,1.0000000000000002,1.0000000000000002,1.0000000000000002,1.0000000000000002,1.0000000000000002,1.0000000000000002,1.0000000000000002,1.0000000000000002,1.0000000000000002,1.0000000000000002,1.0000000000000002,1.0000000000000002,1.0000000000000002,1.0000000000000002,1.0000000000000002,1.0000000000000002,1.0000000000000002,1.0000000000000002,1.0000000000000002]",5.0000000000000036,14.0,False,,not-used,commutator,mizuta2026-commutator-ideal-rigorous,[],548412.0,,,,0.004507708029828275,6.555270202038003e+26,mizuta2026-commutator-ideal-rigorous,"Mizuta, Quantum 10, 1974 (2026), arXiv:2507.06557v4","Theorem 4, Eqs. (47)--(49), with direct Lemmas 9--10 BCH remainder","{""error_predicate_satisfied"":1.0,""extensiveness_g"":5.000000000000001,""joint_predicate_satisfied"":1.0,""legacy_first_condition_passed"":0.0,""legacy_first_time_limit"":2.222636980708212e-05,""local_commutator_error"":1.1292052159872695e-06,""local_step_error"":1.1292224343057012e-06,""local_truncated_bch_error"":1.721831843136989e-11,""locality_k"":2.0,""mu_upper"":27.078977038264874,""refined_lemma10_remainder"":1.7189191784576742e-11,""refined_lemma9_remainder"":2.9126646793143633e-14,""refined_tail_fallback"":0.0,""repeated_global_error"":0.004507708029828275,""schedule_weighted_extensiveness"":5.0000000000000036,""second_time_limit"":0.009232254218714724,""time_2_predicate_satisfied"":1.0,""total_branchwise_bch_remainder"":1.721831843136989e-11,""truncation_order_p0"":14.0}",True,ideal-mpf,True,ordered individual Pauli terms,"[""individual Pauli summands define the ordered H_gamma decomposition"",""the actual Strang factors define schedule-weighted g_alpha extensiveness"",""Lemma 9 and Lemma 10 positive majorants directly certify the BCH remainder"",""the scalar-flow/Cauchy refined tail certificate is used"",""Theorem 4 second time hypothesis is satisfied"",""the repeated ideal MPF is composed with the Eq. (15) telescoping argument""]",,14.0,14.0,True,False,"{""2"":600.0000000000006,""3"":9552.000000000015,""4"":123360.00000000028,""5"":1964352.0000000058,""6"":26700288.0000001,""7"":425270784.0000019,""8"":5979429888.000031,""9"":95261352960.00056,""10"":1370647707648.0093,""11"":21841531576320.16,""12"":319438646181890.56,""13"":5091367662354477.0,""14"":7.536422163185736e+16}",repeated-shared-ancilla-good-block,True,False,0.004510685102645452,new,"[1,2,3,4,5,9,22]","[2.9953607852158573e-09,-2.9318124556219793e-05,0.003468573778195489,-0.04863485570038276,0.1308718708891307,-0.4341006887393225,1.3484244149015747]",1.965529725128523,0.034470274871476914,46.0,registered-exact,True,7.0,3.0,2.0,4.0,9.0,7.0,6.0,3.0,2.0,3.0,2.0,one robust OAA round per segment,3974.0,branch register all-zero,,33.0,111136884.0,361634.0,-1.0,13226735732.0,167642022.0,analytical-model,0.0005011872336272725,,,,,,,,,,,,0.1.0,3.11.9,2.5.0,b58b31db18364511c43757e27fffc7abce8df2c1,True,ok,,
1.0,transverse_field_ising:N026,-2.4,commutator,41377.0,,,2.0,a8fa234e-a646-4911-8402-a67c302db4ae,2026-08-12T00:11:58.358108+00:00,c1ad72de628f71283ac69037e9bbe97c3e773952f5abde5eac91397ca322d1a6,resource-grid,transverse_field_ising,TFIM-26,"{""coupling"":1.0,""field"":3.0,""periodic"":false}",26,26.0,proportional,1.0,0.003981071705534973,103.0,51,trotter-p2,trotter,Trotter p=2,analytical,analytical,2.0,,,,,,41377.0,,,,,,,,,,,,,,,,,,,,,,,,,,,,,,individual,51.0,0.003582840478239952,349.0,childs-commutator,"Childs, Su, Tran, Wiebe, and Zhu, arXiv:1912.08854",Propositions 9--10,"{""prefactor"":349.0}",True,implemented-product-formula,True,,"[""the resolved ordered Hamiltonian groups match the implemented formula""]",,,,,,,implemented-product-formula,True,True,0.0035829645349814763,,,,,,,,,,,,,,,,,,,1.0,none,0.0,system register,1.0,26.0,4179077.0,0.0,-1.0,438803085.0,4097135.0,analytical-model,0.00039810717055349735,,,,,,,,,,,,0.1.0,3.11.9,2.5.0,b58b31db18364511c43757e27fffc7abce8df2c1,True,ok,,
1.0,transverse_field_ising:N026,-2.4,empirical,10931.0,,,2.0,a8fa234e-a646-4911-8402-a67c302db4ae,2026-08-12T00:11:58.358108+00:00,c1ad72de628f71283ac69037e9bbe97c3e773952f5abde5eac91397ca322d1a6,resource-grid,transverse_field_ising,TFIM-26,"{""coupling"":1.0,""field"":3.0,""periodic"":false}",26,26.0,proportional,1.0,0.003981071705534973,103.0,51,trotter-p2-empirical,trotter,Trotter p=2 [empirical],empirical-operator-norm,empirical,2.0,,,,,,10931.0,,,,,,,,,,,,,,,,,,,,,,,,,,,,,,individual,51.0,0.0035826316111063623,24.3557719087,empirical-operator-norm,Repository empirical operator-norm calibration study v1 (2026-08-10),reviewed calibration opnorm-v1-tfim-open-trotter-p2; artifact docs/calibration_data/empirical_1d_v1_accepted.json,"{""prefactor"":24.3557719087}",False,implemented-product-formula,False,,"[""the resolved ordered Hamiltonian groups match the implemented formula"",""the fixed formal-order powers in time and segments apply"",""the reviewed affine size calibration extrapolates as flagged""]",,,,,,,implemented-product-formula,False,False,0.0035829645349814763,,,,,,,,,,,,,,,,,,,1.0,none,0.0,system register,1.0,26.0,1104031.0,0.0,-1.0,110403100.0,1082384.0,analytical-model,0.00039810717055349735,opnorm-v1-tfim-open-trotter-p2,transverse_field_ising,affine-aN-plus-b,24.3557719087,4.0,12.0,4.0,12.0,True,True,formula,0.1.0,3.11.9,2.5.0,b58b31db18364511c43757e27fffc7abce8df2c1,True,ok,,
1.0,transverse_field_ising:N026,-2.4,commutator,2164.0,,,2.0,a8fa234e-a646-4911-8402-a67c302db4ae,2026-08-12T00:11:58.358108+00:00,c1ad72de628f71283ac69037e9bbe97c3e773952f5abde5eac91397ca322d1a6,resource-grid,transverse_field_ising,TFIM-26,"{""coupling"":1.0,""field"":3.0,""periodic"":false}",26,26.0,proportional,1.0,0.003981071705534973,103.0,51,trotter-p4,trotter,Trotter p=4,analytical,analytical,4.0,,,,,,2164.0,,,,,,,,,,,,,,,,,,,,,,,,,,,,,,commuting,2.0,0.003579085068438418,6605.935163086014,schubert-mendl-commutator,"Schubert and Mendl, arXiv:2306.10603",Theorem 1,"{""prefactor"":6605.935163086014}",True,implemented-product-formula,True,,"[""the resolved ordered Hamiltonian groups match the implemented formula""]",,,,,,,implemented-product-formula,True,True,0.0035829645349814763,,,,,,,,,,,,,,,,,,,1.0,none,0.0,system register,1.0,26.0,833140.0,0.0,-1.0,81647720.0,816804.0,analytical-model,0.00039810717055349735,,,,,,,,,,,,0.1.0,3.11.9,2.5.0,b58b31db18364511c43757e27fffc7abce8df2c1,True,ok,,
1.0,transverse_field_ising:N026,-2.4,empirical,435.0,,,2.0,a8fa234e-a646-4911-8402-a67c302db4ae,2026-08-12T00:11:58.358108+00:00,c1ad72de628f71283ac69037e9bbe97c3e773952f5abde5eac91397ca322d1a6,resource-grid,transverse_field_ising,TFIM-26,"{""coupling"":1.0,""field"":3.0,""periodic"":false}",26,26.0,proportional,1.0,0.003981071705534973,103.0,51,trotter-p4-empirical,trotter,Trotter p=4 [empirical],empirical-operator-norm,empirical,4.0,,,,,,435.0,,,,,,,,,,,,,,,,,,,,,,,,,,,,,,commuting,2.0,0.003550284360557747,10.6992522635,empirical-operator-norm,Repository empirical operator-norm calibration study v1 (2026-08-10),reviewed calibration opnorm-v1-tfim-open-trotter-p4; artifact docs/calibration_data/empirical_1d_v1_accepted.json,"{""prefactor"":10.6992522635}",False,implemented-product-formula,False,,"[""the resolved ordered Hamiltonian groups match the implemented formula"",""the fixed formal-order powers in time and segments apply"",""the reviewed affine size calibration extrapolates as flagged""]",,,,,,,implemented-product-formula,False,False,0.0035829645349814763,,,,,,,,,,,,,,,,,,,1.0,none,0.0,system register,1.0,26.0,167475.0,0.0,-1.0,15240225.0,164192.0,analytical-model,0.00039810717055349735,opnorm-v1-tfim-open-trotter-p4,transverse_field_ising,affine-aN-plus-b,10.6992522635,4.0,12.0,4.0,12.0,True,True,formula,0.1.0,3.11.9,2.5.0,b58b31db18364511c43757e27fffc7abce8df2c1,True,ok,,
1.0,transverse_field_ising:N026,-2.4,commutator,1169.0,,,2.0,a8fa234e-a646-4911-8402-a67c302db4ae,2026-08-12T00:11:58.358108+00:00,c1ad72de628f71283ac69037e9bbe97c3e773952f5abde5eac91397ca322d1a6,resource-grid,transverse_field_ising,TFIM-26,"{""coupling"":1.0,""field"":3.0,""periodic"":false}",26,26.0,proportional,1.0,0.003981071705534973,103.0,51,trotter-p6,trotter,Trotter p=6,analytical,analytical,6.0,,,,,,1169.0,,,,,,,,,,,,,,,,,,,,,,,,,,,,,,commuting,2.0,0.0035811929621354065,1137892.810662982,schubert-mendl-commutator,"Schubert and Mendl, arXiv:2306.10603",Theorem 1,"{""prefactor"":1137892.810662982}",True,implemented-product-formula,True,,"[""the resolved ordered Hamiltonian groups match the implemented formula""]",,,,,,,implemented-product-formula,True,True,0.0035829645349814763,,,,,,,,,,,,,,,,,,,1.0,none,0.0,system register,1.0,26.0,2250325.0,0.0,-1.0,231783475.0,2206201.0,analytical-model,0.00039810717055349735,,,,,,,,,,,,0.1.0,3.11.9,2.5.0,b58b31db18364511c43757e27fffc7abce8df2c1,True,ok,,
1.0,transverse_field_ising:N026,-2.4,empirical,208.0,,,2.0,a8fa234e-a646-4911-8402-a67c302db4ae,2026-08-12T00:11:58.358108+00:00,c1ad72de628f71283ac69037e9bbe97c3e773952f5abde5eac91397ca322d1a6,resource-grid,transverse_field_ising,TFIM-26,"{""coupling"":1.0,""field"":3.0,""periodic"":false}",26,26.0,proportional,1.0,0.003981071705534973,103.0,51,trotter-p6-empirical,trotter,Trotter p=6 [empirical],empirical-operator-norm,empirical,6.0,,,,,,208.0,,,,,,,,,,,,,,,,,,,,,,,,,,,,,,commuting,2.0,1.9291067797088607e-05,0.1945014491,empirical-operator-norm,Repository empirical operator-norm calibration study v1 (2026-08-10),reviewed calibration opnorm-v1-tfim-open-trotter-p6; artifact docs/calibration_data/empirical_1d_v1_accepted.json,"{""prefactor"":0.1945014491}",False,implemented-product-formula,False,,"[""the resolved ordered Hamiltonian groups match the implemented formula"",""the fixed formal-order powers in time and segments apply"",""the reviewed affine size calibration extrapolates as flagged""]",,,,,,,implemented-product-formula,False,False,0.0035829645349814763,,,,,,,,,,,,,,,,,,,1.0,none,0.0,system register,1.0,26.0,400400.0,0.0,-1.0,38038000.0,392550.0,analytical-model,0.00039810717055349735,opnorm-v1-tfim-open-trotter-p6,transverse_field_ising,affine-aN-plus-b,0.1945014491,4.0,12.0,4.0,12.0,True,True,asymptotic-domain,0.1.0,3.11.9,2.5.0,b58b31db18364511c43757e27fffc7abce8df2c1,True,ok,,
1.0,transverse_field_ising:N026,-2.4,jacobi-anger,,,,2.0,a8fa234e-a646-4911-8402-a67c302db4ae,2026-08-12T00:11:58.358108+00:00,c1ad72de628f71283ac69037e9bbe97c3e773952f5abde5eac91397ca322d1a6,resource-grid,transverse_field_ising,TFIM-26,"{""coupling"":1.0,""field"":3.0,""periodic"":false}",26,26.0,proportional,1.0,0.003981071705534973,103.0,51,qsvt,qsvt,QSVT,jacobi-anger-rigorous,analytical,,,,,,,,,,,,,,,,,,,,,,,,,,,,,,,,,,,21867.0,3645.0,,,0.0004934401831954735,,jacobi-anger-polynomial-oaa,"Martyn et al., arXiv:2105.02859, Eqs. (76)--(77)",Jacobi--Anger tails plus exact cubic OAA identity,"{""oaa-unitarity-defect-distortion"":0.00024676573156398184,""scaled-polynomial-error"":0.00024667445163149165}",True,ideal-qsvt-oaa-good-block,True,,"[""the cosine and sine polynomials are implemented exactly"",""the unamplified good block is exactly Q/2""]",,,,,,,implemented-qsvt-floating-phase-circuit,False,False,0.0035829645349814763,,,,,,,,,,,,,,,,,,,2.0,one robust OAA round,1.0,"component, quadrature, and index registers all-zero",,40.0,2798988.0,6997538.0,-1.0,319084904.0,46358628.0,analytical-model,0.00039810717055349735,,,,,,,,,,,,0.1.0,3.11.9,2.5.0,b58b31db18364511c43757e27fffc7abce8df2c1,True,ok,,
1.0,transverse_field_ising:N026,-2.4,empirical,,7.0,33.0,2.0,a8fa234e-a646-4911-8402-a67c302db4ae,2026-08-12T00:11:58.358108+00:00,c1ad72de628f71283ac69037e9bbe97c3e773952f5abde5eac91397ca322d1a6,resource-grid,transverse_field_ising,TFIM-26,"{""coupling"":1.0,""field"":3.0,""periodic"":false}",26,26.0,proportional,1.0,0.003981071705534973,103.0,51,mpf-j-mizuta2026-theorem6-empirical-operator-norm,multiproduct,MPF J=Mizuta Theorem 6 (resolved per point) [empirical operator norm],empirical-operator-norm,empirical,,7.0,14.0,mizuta2026-theorem6,5.000000000000001,0.0035829645349814763,33.0,,,,[],,,,,,,,,,,,,,,[],,,,,,,empirical-operator-norm,[],4554.0,,,,0.0015161994685799624,0.0016419173,empirical-operator-norm,Repository empirical operator-norm calibration study v1 (2026-08-10),reviewed calibration opnorm-v1-tfim-open-mpf-new-m7; fixed formal powers,"{""empirical_coefficient"":0.0016419173}",False,ideal-mpf,False,ordered individual Pauli terms,"[""the fixed formal-order powers in time and segments apply"",""the empirical estimate concerns the repeated ideal MPF operator"",""the reviewed affine size calibration extrapolates as flagged""]",,0.0,0.0,False,False,{},repeated-shared-ancilla-good-block,False,False,0.0035829645349814763,new,"[1,2,3,4,5,9,22]","[2.9953607852158573e-09,-2.9318124556219793e-05,0.003468573778195489,-0.04863485570038276,0.1308718708891307,-0.4341006887393225,1.3484244149015747]",1.965529725128523,0.034470274871476914,46.0,registered-exact,True,7.0,3.0,2.0,4.0,9.0,7.0,6.0,3.0,2.0,3.0,2.0,one robust OAA round per segment,33.0,branch register all-zero,,33.0,922878.0,3003.0,-1.0,91376934.0,1392096.0,analytical-model,0.00039810717055349735,opnorm-v1-tfim-open-mpf-new-m7,transverse_field_ising,affine-aN-plus-b,0.0016419173,4.0,12.0,4.0,12.0,True,True,asymptotic-domain,0.1.0,3.11.9,2.5.0,b58b31db18364511c43757e27fffc7abce8df2c1,True,ok,,
1.0,transverse_field_ising:N026,-2.4,commutator,,7.0,4040.0,2.0,a8fa234e-a646-4911-8402-a67c302db4ae,2026-08-12T00:11:58.358108+00:00,c1ad72de628f71283ac69037e9bbe97c3e773952f5abde5eac91397ca322d1a6,resource-grid,transverse_field_ising,TFIM-26,"{""coupling"":1.0,""field"":3.0,""periodic"":false}",26,26.0,proportional,1.0,0.003981071705534973,103.0,51,mpf-j-mizuta2026-theorem6-mizuta2026-commutator-ideal-rigorous,multiproduct,MPF J=Mizuta Theorem 6 (resolved per point) [Mizuta 2026 refined commutator],mizuta2026-commutator-ideal-rigorous,analytical,,7.0,14.0,mizuta2026-theorem6,5.000000000000001,0.0035829645349814763,4040.0,4040.0,,2817.0,"[""error""]",27.078977038264874,14.0,,,8.820035649617078e-07,1.3186119948141569e-11,1.0290106595740261e-16,1.318601704707561e-11,1.3186119948141569e-11,8.82016751081656e-07,0.003576064610853077,2.222636980708212e-05,False,0.009232254218714724,"[1.0000000000000002,1.0000000000000002,1.0000000000000002,1.0000000000000002,1.0000000000000002,1.0000000000000002,1.0000000000000002,1.0000000000000002,1.0000000000000002,1.0000000000000002,1.0000000000000002,1.0000000000000002,1.0000000000000002,1.0000000000000002,1.0000000000000002,1.0000000000000002,1.0000000000000002,1.0000000000000002,1.0000000000000002,1.0000000000000002,1.0000000000000002,1.0000000000000002,1.0000000000000002,1.0000000000000002,1.0000000000000002,1.0000000000000002,1.0000000000000002,1.0000000000000002,1.0000000000000002,1.0000000000000002,1.0000000000000002,1.0000000000000002,1.0000000000000002,1.0000000000000002,1.0000000000000002,1.0000000000000002,1.0000000000000002,1.0000000000000002,1.0000000000000002,1.0000000000000002,1.0000000000000002,1.0000000000000002,1.0000000000000002,1.0000000000000002,1.0000000000000002,1.0000000000000002,1.0000000000000002,1.0000000000000002,1.0000000000000002,1.0000000000000002,1.0000000000000002]",5.0000000000000036,14.0,False,,not-used,commutator,mizuta2026-commutator-ideal-rigorous,[],557520.0,,,,0.003576064610853077,6.555270202038003e+26,mizuta2026-commutator-ideal-rigorous,"Mizuta, Quantum 10, 1974 (2026), arXiv:2507.06557v4","Theorem 4, Eqs. (47)--(49), with direct Lemmas 9--10 BCH remainder","{""error_predicate_satisfied"":1.0,""extensiveness_g"":5.000000000000001,""joint_predicate_satisfied"":1.0,""legacy_first_condition_passed"":0.0,""legacy_first_time_limit"":2.222636980708212e-05,""local_commutator_error"":8.820035649617078e-07,""local_step_error"":8.82016751081656e-07,""local_truncated_bch_error"":1.3186119948141569e-11,""locality_k"":2.0,""mu_upper"":27.078977038264874,""refined_lemma10_remainder"":1.318601704707561e-11,""refined_lemma9_remainder"":1.0290106595740261e-16,""refined_tail_fallback"":0.0,""repeated_global_error"":0.003576064610853077,""schedule_weighted_extensiveness"":5.0000000000000036,""second_time_limit"":0.009232254218714724,""time_2_predicate_satisfied"":1.0,""total_branchwise_bch_remainder"":1.3186119948141569e-11,""truncation_order_p0"":14.0}",True,ideal-mpf,True,ordered individual Pauli terms,"[""individual Pauli summands define the ordered H_gamma decomposition"",""the actual Strang factors define schedule-weighted g_alpha extensiveness"",""Lemma 9 and Lemma 10 positive majorants directly certify the BCH remainder"",""the scalar-flow/Cauchy refined tail certificate is used"",""Theorem 4 second time hypothesis is satisfied"",""the repeated ideal MPF is composed with the Eq. (15) telescoping argument""]",,14.0,14.0,True,False,"{""2"":600.0000000000006,""3"":9552.000000000015,""4"":123360.00000000028,""5"":1964352.0000000058,""6"":26700288.0000001,""7"":425270784.0000019,""8"":5979429888.000031,""9"":95261352960.00056,""10"":1370647707648.0093,""11"":21841531576320.16,""12"":319438646181890.56,""13"":5091367662354477.0,""14"":7.536422163185736e+16}",repeated-shared-ancilla-good-block,True,False,0.0035829645349814763,new,"[1,2,3,4,5,9,22]","[2.9953607852158573e-09,-2.9318124556219793e-05,0.003468573778195489,-0.04863485570038276,0.1308718708891307,-0.4341006887393225,1.3484244149015747]",1.965529725128523,0.034470274871476914,46.0,registered-exact,True,7.0,3.0,2.0,4.0,9.0,7.0,6.0,3.0,2.0,3.0,2.0,one robust OAA round per segment,4040.0,branch register all-zero,,33.0,112982640.0,367640.0,-1.0,13559387360.0,170426212.0,analytical-model,0.00039810717055349735,,,,,,,,,,,,0.1.0,3.11.9,2.5.0,b58b31db18364511c43757e27fffc7abce8df2c1,True,ok,,
1.0,transverse_field_ising:N026,-2.5,commutator,46425.0,,,2.0,a8fa234e-a646-4911-8402-a67c302db4ae,2026-08-12T00:11:58.358108+00:00,c1ad72de628f71283ac69037e9bbe97c3e773952f5abde5eac91397ca322d1a6,resource-grid,transverse_field_ising,TFIM-26,"{""coupling"":1.0,""field"":3.0,""periodic"":false}",26,26.0,proportional,1.0,0.0031622776601683794,103.0,51,trotter-p2,trotter,Trotter p=2,analytical,analytical,2.0,,,,,,46425.0,,,,,,,,,,,,,,,,,,,,,,,,,,,,,,individual,51.0,0.002846044236118905,349.0,childs-commutator,"Childs, Su, Tran, Wiebe, and Zhu, arXiv:1912.08854",Propositions 9--10,"{""prefactor"":349.0}",True,implemented-product-formula,True,,"[""the resolved ordered Hamiltonian groups match the implemented formula""]",,,,,,,implemented-product-formula,True,True,0.0028460498941515417,,,,,,,,,,,,,,,,,,,1.0,none,0.0,system register,1.0,26.0,4688925.0,0.0,-1.0,501714975.0,4596986.0,analytical-model,0.00031622776601683794,,,,,,,,,,,,0.1.0,3.11.9,2.5.0,b58b31db18364511c43757e27fffc7abce8df2c1,True,ok,,
1.0,transverse_field_ising:N026,-2.5,empirical,12265.0,,,2.0,a8fa234e-a646-4911-8402-a67c302db4ae,2026-08-12T00:11:58.358108+00:00,c1ad72de628f71283ac69037e9bbe97c3e773952f5abde5eac91397ca322d1a6,resource-grid,transverse_field_ising,TFIM-26,"{""coupling"":1.0,""field"":3.0,""periodic"":false}",26,26.0,proportional,1.0,0.0031622776601683794,103.0,51,trotter-p2-empirical,trotter,Trotter p=2 [empirical],empirical-operator-norm,empirical,2.0,,,,,,12265.0,,,,,,,,,,,,,,,,,,,,,,,,,,,,,,individual,51.0,0.0028456850813545743,24.3557719087,empirical-operator-norm,Repository empirical operator-norm calibration study v1 (2026-08-10),reviewed calibration opnorm-v1-tfim-open-trotter-p2; artifact docs/calibration_data/empirical_1d_v1_accepted.json,"{""prefactor"":24.3557719087}",False,implemented-product-formula,False,,"[""the resolved ordered Hamiltonian groups match the implemented formula"",""the fixed formal-order powers in time and segments apply"",""the reviewed affine size calibration extrapolates as flagged""]",,,,,,,implemented-product-formula,False,False,0.0028460498941515417,,,,,,,,,,,,,,,,,,,1.0,none,0.0,system register,1.0,26.0,1238765.0,0.0,-1.0,125115265.0,1214476.0,analytical-model,0.00031622776601683794,opnorm-v1-tfim-open-trotter-p2,transverse_field_ising,affine-aN-plus-b,24.3557719087,4.0,12.0,4.0,12.0,True,True,formula,0.1.0,3.11.9,2.5.0,b58b31db18364511c43757e27fffc7abce8df2c1,True,ok,,
1.0,transverse_field_ising:N026,-2.5,commutator,2292.0,,,2.0,a8fa234e-a646-4911-8402-a67c302db4ae,2026-08-12T00:11:58.358108+00:00,c1ad72de628f71283ac69037e9bbe97c3e773952f5abde5eac91397ca322d1a6,resource-grid,transverse_field_ising,TFIM-26,"{""coupling"":1.0,""field"":3.0,""periodic"":false}",26,26.0,proportional,1.0,0.0031622776601683794,103.0,51,trotter-p4,trotter,Trotter p=4,analytical,analytical,4.0,,,,,,2292.0,,,,,,,,,,,,,,,,,,,,,,,,,,,,,,commuting,2.0,0.0028440851417052605,6605.935163086014,schubert-mendl-commutator,"Schubert and Mendl, arXiv:2306.10603",Theorem 1,"{""prefactor"":6605.935163086014}",True,implemented-product-formula,True,,"[""the resolved ordered Hamiltonian groups match the implemented formula""]",,,,,,,implemented-product-formula,True,True,0.0028460498941515417,,,,,,,,,,,,,,,,,,,1.0,none,0.0,system register,1.0,26.0,882420.0,0.0,-1.0,88242000.0,865118.0,analytical-model,0.00031622776601683794,,,,,,,,,,,,0.1.0,3.11.9,2.5.0,b58b31db18364511c43757e27fffc7abce8df2c1,True,ok,,
1.0,transverse_field_ising:N026,-2.5,empirical,460.0,,,2.0,a8fa234e-a646-4911-8402-a67c302db4ae,2026-08-12T00:11:58.358108+00:00,c1ad72de628f71283ac69037e9bbe97c3e773952f5abde5eac91397ca322d1a6,resource-grid,transverse_field_ising,TFIM-26,"{""coupling"":1.0,""field"":3.0,""periodic"":false}",26,26.0,proportional,1.0,0.0031622776601683794,103.0,51,trotter-p4-empirical,trotter,Trotter p=4 [empirical],empirical-operator-norm,empirical,4.0,,,,,,460.0,,,,,,,,,,,,,,,,,,,,,,,,,,,,,,commuting,2.0,0.0028391532839517437,10.6992522635,empirical-operator-norm,Repository empirical operator-norm calibration study v1 (2026-08-10),reviewed calibration opnorm-v1-tfim-open-trotter-p4; artifact docs/calibration_data/empirical_1d_v1_accepted.json,"{""prefactor"":10.6992522635}",False,implemented-product-formula,False,,"[""the resolved ordered Hamiltonian groups match the implemented formula"",""the fixed formal-order powers in time and segments apply"",""the reviewed affine size calibration extrapolates as flagged""]",,,,,,,implemented-product-formula,False,False,0.0028460498941515417,,,,,,,,,,,,,,,,,,,1.0,none,0.0,system register,1.0,26.0,177100.0,0.0,-1.0,16470300.0,173628.0,analytical-model,0.00031622776601683794,opnorm-v1-tfim-open-trotter-p4,transverse_field_ising,affine-aN-plus-b,10.6992522635,4.0,12.0,4.0,12.0,True,True,formula,0.1.0,3.11.9,2.5.0,b58b31db18364511c43757e27fffc7abce8df2c1,True,ok,,
1.0,transverse_field_ising:N026,-2.5,commutator,1215.0,,,2.0,a8fa234e-a646-4911-8402-a67c302db4ae,2026-08-12T00:11:58.358108+00:00,c1ad72de628f71283ac69037e9bbe97c3e773952f5abde5eac91397ca322d1a6,resource-grid,transverse_field_ising,TFIM-26,"{""coupling"":1.0,""field"":3.0,""periodic"":false}",26,26.0,proportional,1.0,0.0031622776601683794,103.0,51,trotter-p6,trotter,Trotter p=6,analytical,analytical,6.0,,,,,,1215.0,,,,,,,,,,,,,,,,,,,,,,,,,,,,,,commuting,2.0,0.00284090768565711,1137892.810662982,schubert-mendl-commutator,"Schubert and Mendl, arXiv:2306.10603",Theorem 1,"{""prefactor"":1137892.810662982}",True,implemented-product-formula,True,,"[""the resolved ordered Hamiltonian groups match the implemented formula""]",,,,,,,implemented-product-formula,True,True,0.0028460498941515417,,,,,,,,,,,,,,,,,,,1.0,none,0.0,system register,1.0,26.0,2338875.0,0.0,-1.0,243243000.0,2293015.0,analytical-model,0.00031622776601683794,,,,,,,,,,,,0.1.0,3.11.9,2.5.0,b58b31db18364511c43757e27fffc7abce8df2c1,True,ok,,
1.0,transverse_field_ising:N026,-2.5,empirical,208.0,,,2.0,a8fa234e-a646-4911-8402-a67c302db4ae,2026-08-12T00:11:58.358108+00:00,c1ad72de628f71283ac69037e9bbe97c3e773952f5abde5eac91397ca322d1a6,resource-grid,transverse_field_ising,TFIM-26,"{""coupling"":1.0,""field"":3.0,""periodic"":false}",26,26.0,proportional,1.0,0.0031622776601683794,103.0,51,trotter-p6-empirical,trotter,Trotter p=6 [empirical],empirical-operator-norm,empirical,6.0,,,,,,208.0,,,,,,,,,,,,,,,,,,,,,,,,,,,,,,commuting,2.0,1.9291067797088607e-05,0.1945014491,empirical-operator-norm,Repository empirical operator-norm calibration study v1 (2026-08-10),reviewed calibration opnorm-v1-tfim-open-trotter-p6; artifact docs/calibration_data/empirical_1d_v1_accepted.json,"{""prefactor"":0.1945014491}",False,implemented-product-formula,False,,"[""the resolved ordered Hamiltonian groups match the implemented formula"",""the fixed formal-order powers in time and segments apply"",""the reviewed affine size calibration extrapolates as flagged""]",,,,,,,implemented-product-formula,False,False,0.0028460498941515417,,,,,,,,,,,,,,,,,,,1.0,none,0.0,system register,1.0,26.0,400400.0,0.0,-1.0,38438400.0,392550.0,analytical-model,0.00031622776601683794,opnorm-v1-tfim-open-trotter-p6,transverse_field_ising,affine-aN-plus-b,0.1945014491,4.0,12.0,4.0,12.0,True,True,asymptotic-domain,0.1.0,3.11.9,2.5.0,b58b31db18364511c43757e27fffc7abce8df2c1,True,ok,,
1.0,transverse_field_ising:N026,-2.5,jacobi-anger,,,,2.0,a8fa234e-a646-4911-8402-a67c302db4ae,2026-08-12T00:11:58.358108+00:00,c1ad72de628f71283ac69037e9bbe97c3e773952f5abde5eac91397ca322d1a6,resource-grid,transverse_field_ising,TFIM-26,"{""coupling"":1.0,""field"":3.0,""periodic"":false}",26,26.0,proportional,1.0,0.0031622776601683794,103.0,51,qsvt,qsvt,QSVT,jacobi-anger-rigorous,analytical,,,,,,,,,,,,,,,,,,,,,,,,,,,,,,,,,,,21867.0,3645.0,,,0.00041153689440928903,,jacobi-anger-polynomial-oaa,"Martyn et al., arXiv:2105.02859, Eqs. (76)--(77)",Jacobi--Anger tails plus exact cubic OAA identity,"{""oaa-unitarity-defect-distortion"":0.00020580019507381925,""scaled-polynomial-error"":0.00020573669933546978}",True,ideal-qsvt-oaa-good-block,True,,"[""the cosine and sine polynomials are implemented exactly"",""the unamplified good block is exactly Q/2""]",,,,,,,implemented-qsvt-floating-phase-circuit,False,False,0.0028460498941515417,,,,,,,,,,,,,,,,,,,2.0,one robust OAA round,1.0,"component, quadrature, and index registers all-zero",,40.0,2798988.0,6997538.0,-1.0,321883892.0,46358628.0,analytical-model,0.00031622776601683794,,,,,,,,,,,,0.1.0,3.11.9,2.5.0,b58b31db18364511c43757e27fffc7abce8df2c1,True,ok,,
1.0,transverse_field_ising:N026,-2.5,empirical,,7.0,33.0,2.0,a8fa234e-a646-4911-8402-a67c302db4ae,2026-08-12T00:11:58.358108+00:00,c1ad72de628f71283ac69037e9bbe97c3e773952f5abde5eac91397ca322d1a6,resource-grid,transverse_field_ising,TFIM-26,"{""coupling"":1.0,""field"":3.0,""periodic"":false}",26,26.0,proportional,1.0,0.0031622776601683794,103.0,51,mpf-j-mizuta2026-theorem6-empirical-operator-norm,multiproduct,MPF J=Mizuta Theorem 6 (resolved per point) [empirical operator norm],empirical-operator-norm,empirical,,7.0,14.0,mizuta2026-theorem6,5.000000000000001,0.0028460498941515417,33.0,,,,[],,,,,,,,,,,,,,,[],,,,,,,empirical-operator-norm,[],4554.0,,,,0.0015161994685799624,0.0016419173,empirical-operator-norm,Repository empirical operator-norm calibration study v1 (2026-08-10),reviewed calibration opnorm-v1-tfim-open-mpf-new-m7; fixed formal powers,"{""empirical_coefficient"":0.0016419173}",False,ideal-mpf,False,ordered individual Pauli terms,"[""the fixed formal-order powers in time and segments apply"",""the empirical estimate concerns the repeated ideal MPF operator"",""the reviewed affine size calibration extrapolates as flagged""]",,0.0,0.0,False,False,{},repeated-shared-ancilla-good-block,False,False,0.0028460498941515417,new,"[1,2,3,4,5,9,22]","[2.9953607852158573e-09,-2.9318124556219793e-05,0.003468573778195489,-0.04863485570038276,0.1308718708891307,-0.4341006887393225,1.3484244149015747]",1.965529725128523,0.034470274871476914,46.0,registered-exact,True,7.0,3.0,2.0,4.0,9.0,7.0,6.0,3.0,2.0,3.0,2.0,one robust OAA round per segment,33.0,branch register all-zero,,33.0,922878.0,3003.0,-1.0,92299812.0,1392096.0,analytical-model,0.00031622776601683794,opnorm-v1-tfim-open-mpf-new-m7,transverse_field_ising,affine-aN-plus-b,0.0016419173,4.0,12.0,4.0,12.0,True,True,asymptotic-domain,0.1.0,3.11.9,2.5.0,b58b31db18364511c43757e27fffc7abce8df2c1,True,ok,,
1.0,transverse_field_ising:N026,-2.5,commutator,,7.0,4107.0,2.0,a8fa234e-a646-4911-8402-a67c302db4ae,2026-08-12T00:11:58.358108+00:00,c1ad72de628f71283ac69037e9bbe97c3e773952f5abde5eac91397ca322d1a6,resource-grid,transverse_field_ising,TFIM-26,"{""coupling"":1.0,""field"":3.0,""periodic"":false}",26,26.0,proportional,1.0,0.0031622776601683794,103.0,51,mpf-j-mizuta2026-theorem6-mizuta2026-commutator-ideal-rigorous,multiproduct,MPF J=Mizuta Theorem 6 (resolved per point) [Mizuta 2026 refined commutator],mizuta2026-commutator-ideal-rigorous,analytical,,7.0,14.0,mizuta2026-theorem6,5.000000000000001,0.0028460498941515417,4107.0,4107.0,,2817.0,"[""error""]",27.078977038264874,14.0,,,6.891603364622415e-07,1.0144121536706987e-11,8.577104133606425e-17,1.0144035765665649e-11,1.0144121536706987e-11,6.891704805837782e-07,0.0028384438484856636,2.222636980708212e-05,False,0.009232254218714724,"[1.0000000000000002,1.0000000000000002,1.0000000000000002,1.0000000000000002,1.0000000000000002,1.0000000000000002,1.0000000000000002,1.0000000000000002,1.0000000000000002,1.0000000000000002,1.0000000000000002,1.0000000000000002,1.0000000000000002,1.0000000000000002,1.0000000000000002,1.0000000000000002,1.0000000000000002,1.0000000000000002,1.0000000000000002,1.0000000000000002,1.0000000000000002,1.0000000000000002,1.0000000000000002,1.0000000000000002,1.0000000000000002,1.0000000000000002,1.0000000000000002,1.0000000000000002,1.0000000000000002,1.0000000000000002,1.0000000000000002,1.0000000000000002,1.0000000000000002,1.0000000000000002,1.0000000000000002,1.0000000000000002,1.0000000000000002,1.0000000000000002,1.0000000000000002,1.0000000000000002,1.0000000000000002,1.0000000000000002,1.0000000000000002,1.0000000000000002,1.0000000000000002,1.0000000000000002,1.0000000000000002,1.0000000000000002,1.0000000000000002,1.0000000000000002,1.0000000000000002]",5.0000000000000036,14.0,False,,not-used,commutator,mizuta2026-commutator-ideal-rigorous,[],566766.0,,,,0.0028384438484856636,6.555270202038003e+26,mizuta2026-commutator-ideal-rigorous,"Mizuta, Quantum 10, 1974 (2026), arXiv:2507.06557v4","Theorem 4, Eqs. (47)--(49), with direct Lemmas 9--10 BCH remainder","{""error_predicate_satisfied"":1.0,""extensiveness_g"":5.000000000000001,""joint_predicate_satisfied"":1.0,""legacy_first_condition_passed"":0.0,""legacy_first_time_limit"":2.222636980708212e-05,""local_commutator_error"":6.891603364622415e-07,""local_step_error"":6.891704805837782e-07,""local_truncated_bch_error"":1.0144121536706987e-11,""locality_k"":2.0,""mu_upper"":27.078977038264874,""refined_lemma10_remainder"":1.0144035765665649e-11,""refined_lemma9_remainder"":8.577104133606425e-17,""refined_tail_fallback"":0.0,""repeated_global_error"":0.0028384438484856636,""schedule_weighted_extensiveness"":5.0000000000000036,""second_time_limit"":0.009232254218714724,""time_2_predicate_satisfied"":1.0,""total_branchwise_bch_remainder"":1.0144121536706987e-11,""truncation_order_p0"":14.0}",True,ideal-mpf,True,ordered individual Pauli terms,"[""individual Pauli summands define the ordered H_gamma decomposition"",""the actual Strang factors define schedule-weighted g_alpha extensiveness"",""Lemma 9 and Lemma 10 positive majorants directly certify the BCH remainder"",""the scalar-flow/Cauchy refined tail certificate is used"",""Theorem 4 second time hypothesis is satisfied"",""the repeated ideal MPF is composed with the Eq. (15) telescoping argument""]",,14.0,14.0,True,False,"{""2"":600.0000000000006,""3"":9552.000000000015,""4"":123360.00000000028,""5"":1964352.0000000058,""6"":26700288.0000001,""7"":425270784.0000019,""8"":5979429888.000031,""9"":95261352960.00056,""10"":1370647707648.0093,""11"":21841531576320.16,""12"":319438646181890.56,""13"":5091367662354477.0,""14"":7.536422163185736e+16}",repeated-shared-ancilla-good-block,True,False,0.0028460498941515417,new,"[1,2,3,4,5,9,22]","[2.9953607852158573e-09,-2.9318124556219793e-05,0.003468573778195489,-0.04863485570038276,0.1308718708891307,-0.4341006887393225,1.3484244149015747]",1.965529725128523,0.034470274871476914,46.0,registered-exact,True,7.0,3.0,2.0,4.0,9.0,7.0,6.0,3.0,2.0,3.0,2.0,one robust OAA round per segment,4107.0,branch register all-zero,,33.0,114856362.0,373737.0,-1.0,13899114750.0,173252588.0,analytical-model,0.00031622776601683794,,,,,,,,,,,,0.1.0,3.11.9,2.5.0,b58b31db18364511c43757e27fffc7abce8df2c1,True,ok,,
1.0,transverse_field_ising:N026,-2.6,commutator,52090.0,,,2.0,a8fa234e-a646-4911-8402-a67c302db4ae,2026-08-12T00:11:58.358108+00:00,c1ad72de628f71283ac69037e9bbe97c3e773952f5abde5eac91397ca322d1a6,resource-grid,transverse_field_ising,TFIM-26,"{""coupling"":1.0,""field"":3.0,""periodic"":false}",26,26.0,proportional,1.0,0.0025118864315095794,103.0,51,trotter-p2,trotter,Trotter p=2,analytical,analytical,2.0,,,,,,52090.0,,,,,,,,,,,,,,,,,,,,,,,,,,,,,,individual,51.0,0.002260667839354344,349.0,childs-commutator,"Childs, Su, Tran, Wiebe, and Zhu, arXiv:1912.08854",Propositions 9--10,"{""prefactor"":349.0}",True,implemented-product-formula,True,,"[""the resolved ordered Hamiltonian groups match the implemented formula""]",,,,,,,implemented-product-formula,True,True,0.0022606977883586218,,,,,,,,,,,,,,,,,,,1.0,none,0.0,system register,1.0,26.0,5261090.0,0.0,-1.0,568197720.0,5157932.0,analytical-model,0.00025118864315095795,,,,,,,,,,,,0.1.0,3.11.9,2.5.0,b58b31db18364511c43757e27fffc7abce8df2c1,True,ok,,
1.0,transverse_field_ising:N026,-2.6,empirical,13761.0,,,2.0,a8fa234e-a646-4911-8402-a67c302db4ae,2026-08-12T00:11:58.358108+00:00,c1ad72de628f71283ac69037e9bbe97c3e773952f5abde5eac91397ca322d1a6,resource-grid,transverse_field_ising,TFIM-26,"{""coupling"":1.0,""field"":3.0,""periodic"":false}",26,26.0,proportional,1.0,0.0025118864315095794,103.0,51,trotter-p2-empirical,trotter,Trotter p=2 [empirical],empirical-operator-norm,empirical,2.0,,,,,,13761.0,,,,,,,,,,,,,,,,,,,,,,,,,,,,,,individual,51.0,0.0022605907825407356,24.3557719087,empirical-operator-norm,Repository empirical operator-norm calibration study v1 (2026-08-10),reviewed calibration opnorm-v1-tfim-open-trotter-p2; artifact docs/calibration_data/empirical_1d_v1_accepted.json,"{""prefactor"":24.3557719087}",False,implemented-product-formula,False,,"[""the resolved ordered Hamiltonian groups match the implemented formula"",""the fixed formal-order powers in time and segments apply"",""the reviewed affine size calibration extrapolates as flagged""]",,,,,,,implemented-product-formula,False,False,0.0022606977883586218,,,,,,,,,,,,,,,,,,,1.0,none,0.0,system register,1.0,26.0,1389861.0,0.0,-1.0,143155683.0,1362609.0,analytical-model,0.00025118864315095795,opnorm-v1-tfim-open-trotter-p2,transverse_field_ising,affine-aN-plus-b,24.3557719087,4.0,12.0,4.0,12.0,True,True,formula,0.1.0,3.11.9,2.5.0,b58b31db18364511c43757e27fffc7abce8df2c1,True,ok,,
1.0,transverse_field_ising:N026,-2.6,commutator,2428.0,,,2.0,a8fa234e-a646-4911-8402-a67c302db4ae,2026-08-12T00:11:58.358108+00:00,c1ad72de628f71283ac69037e9bbe97c3e773952f5abde5eac91397ca322d1a6,resource-grid,transverse_field_ising,TFIM-26,"{""coupling"":1.0,""field"":3.0,""periodic"":false}",26,26.0,proportional,1.0,0.0025118864315095794,103.0,51,trotter-p4,trotter,Trotter p=4,analytical,analytical,4.0,,,,,,2428.0,,,,,,,,,,,,,,,,,,,,,,,,,,,,,,commuting,2.0,0.0022584283509236793,6605.935163086014,schubert-mendl-commutator,"Schubert and Mendl, arXiv:2306.10603",Theorem 1,"{""prefactor"":6605.935163086014}",True,implemented-product-formula,True,,"[""the resolved ordered Hamiltonian groups match the implemented formula""]",,,,,,,implemented-product-formula,True,True,0.0022606977883586218,,,,,,,,,,,,,,,,,,,1.0,none,0.0,system register,1.0,26.0,934780.0,0.0,-1.0,94412780.0,916451.0,analytical-model,0.00025118864315095795,,,,,,,,,,,,0.1.0,3.11.9,2.5.0,b58b31db18364511c43757e27fffc7abce8df2c1,True,ok,,
1.0,transverse_field_ising:N026,-2.6,empirical,487.0,,,2.0,a8fa234e-a646-4911-8402-a67c302db4ae,2026-08-12T00:11:58.358108+00:00,c1ad72de628f71283ac69037e9bbe97c3e773952f5abde5eac91397ca322d1a6,resource-grid,transverse_field_ising,TFIM-26,"{""coupling"":1.0,""field"":3.0,""periodic"":false}",26,26.0,proportional,1.0,0.0025118864315095794,103.0,51,trotter-p4-empirical,trotter,Trotter p=4 [empirical],empirical-operator-norm,empirical,4.0,,,,,,487.0,,,,,,,,,,,,,,,,,,,,,,,,,,,,,,commuting,2.0,0.002259978576623893,10.6992522635,empirical-operator-norm,Repository empirical operator-norm calibration study v1 (2026-08-10),reviewed calibration opnorm-v1-tfim-open-trotter-p4; artifact docs/calibration_data/empirical_1d_v1_accepted.json,"{""prefactor"":10.6992522635}",False,implemented-product-formula,False,,"[""the resolved ordered Hamiltonian groups match the implemented formula"",""the fixed formal-order powers in time and segments apply"",""the reviewed affine size calibration extrapolates as flagged""]",,,,,,,implemented-product-formula,False,False,0.0022606977883586218,,,,,,,,,,,,,,,,,,,1.0,none,0.0,system register,1.0,26.0,187495.0,0.0,-1.0,17624530.0,183819.0,analytical-model,0.00025118864315095795,opnorm-v1-tfim-open-trotter-p4,transverse_field_ising,affine-aN-plus-b,10.6992522635,4.0,12.0,4.0,12.0,True,True,formula,0.1.0,3.11.9,2.5.0,b58b31db18364511c43757e27fffc7abce8df2c1,True,ok,,
1.0,transverse_field_ising:N026,-2.6,commutator,1263.0,,,2.0,a8fa234e-a646-4911-8402-a67c302db4ae,2026-08-12T00:11:58.358108+00:00,c1ad72de628f71283ac69037e9bbe97c3e773952f5abde5eac91397ca322d1a6,resource-grid,transverse_field_ising,TFIM-26,"{""coupling"":1.0,""field"":3.0,""periodic"":false}",26,26.0,proportional,1.0,0.0025118864315095794,103.0,51,trotter-p6,trotter,Trotter p=6,analytical,analytical,6.0,,,,,,1263.0,,,,,,,,,,,,,,,,,,,,,,,,,,,,,,commuting,2.0,0.0022516178657793276,1137892.810662982,schubert-mendl-commutator,"Schubert and Mendl, arXiv:2306.10603",Theorem 1,"{""prefactor"":1137892.810662982}",True,implemented-product-formula,True,,"[""the resolved ordered Hamiltonian groups match the implemented formula""]",,,,,,,implemented-product-formula,True,True,0.0022606977883586218,,,,,,,,,,,,,,,,,,,1.0,none,0.0,system register,1.0,26.0,2431275.0,0.0,-1.0,255283875.0,2383603.0,analytical-model,0.00025118864315095795,,,,,,,,,,,,0.1.0,3.11.9,2.5.0,b58b31db18364511c43757e27fffc7abce8df2c1,True,ok,,
1.0,transverse_field_ising:N026,-2.6,empirical,208.0,,,2.0,a8fa234e-a646-4911-8402-a67c302db4ae,2026-08-12T00:11:58.358108+00:00,c1ad72de628f71283ac69037e9bbe97c3e773952f5abde5eac91397ca322d1a6,resource-grid,transverse_field_ising,TFIM-26,"{""coupling"":1.0,""field"":3.0,""periodic"":false}",26,26.0,proportional,1.0,0.0025118864315095794,103.0,51,trotter-p6-empirical,trotter,Trotter p=6 [empirical],empirical-operator-norm,empirical,6.0,,,,,,208.0,,,,,,,,,,,,,,,,,,,,,,,,,,,,,,commuting,2.0,1.9291067797088607e-05,0.1945014491,empirical-operator-norm,Repository empirical operator-norm calibration study v1 (2026-08-10),reviewed calibration opnorm-v1-tfim-open-trotter-p6; artifact docs/calibration_data/empirical_1d_v1_accepted.json,"{""prefactor"":0.1945014491}",False,implemented-product-formula,False,,"[""the resolved ordered Hamiltonian groups match the implemented formula"",""the fixed formal-order powers in time and segments apply"",""the reviewed affine size calibration extrapolates as flagged""]",,,,,,,implemented-product-formula,False,False,0.0022606977883586218,,,,,,,,,,,,,,,,,,,1.0,none,0.0,system register,1.0,26.0,400400.0,0.0,-1.0,38838800.0,392550.0,analytical-model,0.00025118864315095795,opnorm-v1-tfim-open-trotter-p6,transverse_field_ising,affine-aN-plus-b,0.1945014491,4.0,12.0,4.0,12.0,True,True,asymptotic-domain,0.1.0,3.11.9,2.5.0,b58b31db18364511c43757e27fffc7abce8df2c1,True,ok,,
1.0,transverse_field_ising:N026,-2.6,jacobi-anger,,,,2.0,a8fa234e-a646-4911-8402-a67c302db4ae,2026-08-12T00:11:58.358108+00:00,c1ad72de628f71283ac69037e9bbe97c3e773952f5abde5eac91397ca322d1a6,resource-grid,transverse_field_ising,TFIM-26,"{""coupling"":1.0,""field"":3.0,""periodic"":false}",26,26.0,proportional,1.0,0.0025118864315095794,103.0,51,qsvt,qsvt,QSVT,jacobi-anger-rigorous,analytical,,,,,,,,,,,,,,,,,,,,,,,,,,,,,,,,,,,21867.0,3645.0,,,0.0003464823833097974,,jacobi-anger-polynomial-oaa,"Martyn et al., arXiv:2105.02859, Eqs. (76)--(77)",Jacobi--Anger tails plus exact cubic OAA identity,"{""oaa-unitarity-defect-distortion"":0.0001732636964893408,""scaled-polynomial-error"":0.00017321868682045657}",True,ideal-qsvt-oaa-good-block,True,,"[""the cosine and sine polynomials are implemented exactly"",""the unamplified good block is exactly Q/2""]",,,,,,,implemented-qsvt-floating-phase-circuit,False,False,0.0022606977883586218,,,,,,,,,,,,,,,,,,,2.0,one robust OAA round,1.0,"component, quadrature, and index registers all-zero",,40.0,2798988.0,6997538.0,-1.0,324682880.0,46358628.0,analytical-model,0.00025118864315095795,,,,,,,,,,,,0.1.0,3.11.9,2.5.0,b58b31db18364511c43757e27fffc7abce8df2c1,True,ok,,
1.0,transverse_field_ising:N026,-2.6,empirical,,8.0,33.0,2.0,a8fa234e-a646-4911-8402-a67c302db4ae,2026-08-12T00:11:58.358108+00:00,c1ad72de628f71283ac69037e9bbe97c3e773952f5abde5eac91397ca322d1a6,resource-grid,transverse_field_ising,TFIM-26,"{""coupling"":1.0,""field"":3.0,""periodic"":false}",26,26.0,proportional,1.0,0.0025118864315095794,103.0,51,mpf-j-mizuta2026-theorem6-empirical-operator-norm,multiproduct,MPF J=Mizuta Theorem 6 (resolved per point) [empirical operator norm],empirical-operator-norm,empirical,,8.0,16.0,mizuta2026-theorem6,5.000000000000001,0.0022606977883586218,33.0,,,,[],,,,,,,,,,,,,,,[],,,,,,,empirical-operator-norm,[],6039.0,,,,6.76437380308384e-05,0.0001180059,empirical-operator-norm,Repository empirical operator-norm calibration study v1 (2026-08-10),reviewed calibration opnorm-v1-tfim-open-mpf-new-m8; fixed formal powers,"{""empirical_coefficient"":0.0001180059}",False,ideal-mpf,False,ordered individual Pauli terms,"[""the fixed formal-order powers in time and segments apply"",""the empirical estimate concerns the repeated ideal MPF operator"",""the reviewed affine size calibration extrapolates as flagged""]",,0.0,0.0,False,False,{},repeated-shared-ancilla-good-block,False,False,0.0022606977883586218,new,"[1,2,3,4,5,6,11,29]","[-3.280633240950701e-11,1.38314223008236e-06,-0.00042434045620952707,0.013663236344294543,-0.0975962105352182,0.17214651362521294,-0.39147182230350597,1.3036812402160025]",1.9789847466554802,0.021015253344519813,61.0,registered-exact,True,8.0,4.0,2.0,5.0,10.0,6.0,6.0,3.0,2.0,3.0,2.0,one robust OAA round per segment,33.0,branch register all-zero,,33.0,1222848.0,3498.0,-1.0,124744488.0,1842179.0,analytical-model,0.00025118864315095795,opnorm-v1-tfim-open-mpf-new-m8,transverse_field_ising,affine-aN-plus-b,0.0001180059,4.0,12.0,4.0,12.0,True,True,asymptotic-domain,0.1.0,3.11.9,2.5.0,b58b31db18364511c43757e27fffc7abce8df2c1,True,ok,,
1.0,transverse_field_ising:N026,-2.6,commutator,,8.0,3647.0,2.0,a8fa234e-a646-4911-8402-a67c302db4ae,2026-08-12T00:11:58.358108+00:00,c1ad72de628f71283ac69037e9bbe97c3e773952f5abde5eac91397ca322d1a6,resource-grid,transverse_field_ising,TFIM-26,"{""coupling"":1.0,""field"":3.0,""periodic"":false}",26,26.0,proportional,1.0,0.0025118864315095794,103.0,51,mpf-j-mizuta2026-theorem6-mizuta2026-commutator-ideal-rigorous,multiproduct,MPF J=Mizuta Theorem 6 (resolved per point) [Mizuta 2026 refined commutator],mizuta2026-commutator-ideal-rigorous,analytical,,8.0,16.0,mizuta2026-theorem6,5.000000000000001,0.0022606977883586218,3647.0,3647.0,,2817.0,"[""error""]",27.082909144904665,16.0,,,6.16011566376463e-07,5.6875865781311237e-11,2.5750922906705004e-11,3.1124942874606226e-11,5.6875865781311237e-11,6.160684422422444e-07,0.002251854012781206,1.944807358119685e-05,False,0.009230913808498102,"[1.0000000000000002,1.0000000000000002,1.0000000000000002,1.0000000000000002,1.0000000000000002,1.0000000000000002,1.0000000000000002,1.0000000000000002,1.0000000000000002,1.0000000000000002,1.0000000000000002,1.0000000000000002,1.0000000000000002,1.0000000000000002,1.0000000000000002,1.0000000000000002,1.0000000000000002,1.0000000000000002,1.0000000000000002,1.0000000000000002,1.0000000000000002,1.0000000000000002,1.0000000000000002,1.0000000000000002,1.0000000000000002,1.0000000000000002,1.0000000000000002,1.0000000000000002,1.0000000000000002,1.0000000000000002,1.0000000000000002,1.0000000000000002,1.0000000000000002,1.0000000000000002,1.0000000000000002,1.0000000000000002,1.0000000000000002,1.0000000000000002,1.0000000000000002,1.0000000000000002,1.0000000000000002,1.0000000000000002,1.0000000000000002,1.0000000000000002,1.0000000000000002,1.0000000000000002,1.0000000000000002,1.0000000000000002,1.0000000000000002,1.0000000000000002,1.0000000000000002]",5.0000000000000036,16.0,False,,not-used,commutator,mizuta2026-commutator-ideal-rigorous,[],667401.0,,,,0.002251854012781206,1.9406621136771642e+30,mizuta2026-commutator-ideal-rigorous,"Mizuta, Quantum 10, 1974 (2026), arXiv:2507.06557v4","Theorem 4, Eqs. (47)--(49), with direct Lemmas 9--10 BCH remainder","{""error_predicate_satisfied"":1.0,""extensiveness_g"":5.000000000000001,""joint_predicate_satisfied"":1.0,""legacy_first_condition_passed"":0.0,""legacy_first_time_limit"":1.944807358119685e-05,""local_commutator_error"":6.16011566376463e-07,""local_step_error"":6.160684422422444e-07,""local_truncated_bch_error"":5.6875865781311237e-11,""locality_k"":2.0,""mu_upper"":27.082909144904665,""refined_lemma10_remainder"":3.1124942874606226e-11,""refined_lemma9_remainder"":2.5750922906705004e-11,""refined_tail_fallback"":0.0,""repeated_global_error"":0.002251854012781206,""schedule_weighted_extensiveness"":5.0000000000000036,""second_time_limit"":0.009230913808498102,""time_2_predicate_satisfied"":1.0,""total_branchwise_bch_remainder"":5.6875865781311237e-11,""truncation_order_p0"":16.0}",True,ideal-mpf,True,ordered individual Pauli terms,"[""individual Pauli summands define the ordered H_gamma decomposition"",""the actual Strang factors define schedule-weighted g_alpha extensiveness"",""Lemma 9 and Lemma 10 positive majorants directly certify the BCH remainder"",""the scalar-flow/Cauchy refined tail certificate is used"",""Theorem 4 second time hypothesis is satisfied"",""the repeated ideal MPF is composed with the Eq. (15) telescoping argument""]",,16.0,16.0,True,False,"{""2"":600.0000000000006,""3"":9552.000000000015,""4"":123360.00000000028,""5"":1964352.0000000058,""6"":26700288.0000001,""7"":425270784.0000019,""8"":5979429888.000031,""9"":95261352960.00056,""10"":1370647707648.0093,""11"":21841531576320.16,""12"":319438646181890.56,""13"":5091367662354477.0,""14"":7.536422163185736e+16,""15"":1.2014098258557788e+18,""16"":1.7947659133030955e+19}",repeated-shared-ancilla-good-block,True,False,0.0022606977883586218,new,"[1,2,3,4,5,6,11,29]","[-3.280633240950701e-11,1.38314223008236e-06,-0.00042434045620952707,0.013663236344294543,-0.0975962105352182,0.17214651362521294,-0.39147182230350597,1.3036812402160025]",1.9789847466554802,0.021015253344519813,61.0,registered-exact,True,8.0,4.0,2.0,5.0,10.0,6.0,6.0,3.0,2.0,3.0,2.0,one robust OAA round per segment,3647.0,branch register all-zero,,33.0,135143232.0,386582.0,-1.0,16624163864.0,203588627.0,analytical-model,0.00025118864315095795,,,,,,,,,,,,0.1.0,3.11.9,2.5.0,b58b31db18364511c43757e27fffc7abce8df2c1,True,ok,,
1.0,transverse_field_ising:N026,-2.7,commutator,58446.0,,,2.0,a8fa234e-a646-4911-8402-a67c302db4ae,2026-08-12T00:11:58.358108+00:00,c1ad72de628f71283ac69037e9bbe97c3e773952f5abde5eac91397ca322d1a6,resource-grid,transverse_field_ising,TFIM-26,"{""coupling"":1.0,""field"":3.0,""periodic"":false}",26,26.0,proportional,1.0,0.001995262314968879,103.0,51,trotter-p2,trotter,Trotter p=2,analytical,analytical,2.0,,,,,,58446.0,,,,,,,,,,,,,,,,,,,,,,,,,,,,,,individual,51.0,0.001795708686154605,349.0,childs-commutator,"Childs, Su, Tran, Wiebe, and Zhu, arXiv:1912.08854",Propositions 9--10,"{""prefactor"":349.0}",True,implemented-product-formula,True,,"[""the resolved ordered Hamiltonian groups match the implemented formula""]",,,,,,,implemented-product-formula,True,True,0.001795736083471991,,,,,,,,,,,,,,,,,,,1.0,none,0.0,system register,1.0,26.0,5903046.0,0.0,-1.0,649335060.0,5787300.0,analytical-model,0.0001995262314968879,,,,,,,,,,,,0.1.0,3.11.9,2.5.0,b58b31db18364511c43757e27fffc7abce8df2c1,True,ok,,
1.0,transverse_field_ising:N026,-2.7,empirical,15440.0,,,2.0,a8fa234e-a646-4911-8402-a67c302db4ae,2026-08-12T00:11:58.358108+00:00,c1ad72de628f71283ac69037e9bbe97c3e773952f5abde5eac91397ca322d1a6,resource-grid,transverse_field_ising,TFIM-26,"{""coupling"":1.0,""field"":3.0,""periodic"":false}",26,26.0,proportional,1.0,0.001995262314968879,103.0,51,trotter-p2-empirical,trotter,Trotter p=2 [empirical],empirical-operator-norm,empirical,2.0,,,,,,15440.0,,,,,,,,,,,,,,,,,,,,,,,,,,,,,,individual,51.0,0.0017956734034274065,24.3557719087,empirical-operator-norm,Repository empirical operator-norm calibration study v1 (2026-08-10),reviewed calibration opnorm-v1-tfim-open-trotter-p2; artifact docs/calibration_data/empirical_1d_v1_accepted.json,"{""prefactor"":24.3557719087}",False,implemented-product-formula,False,,"[""the resolved ordered Hamiltonian groups match the implemented formula"",""the fixed formal-order powers in time and segments apply"",""the reviewed affine size calibration extrapolates as flagged""]",,,,,,,implemented-product-formula,False,False,0.001795736083471991,,,,,,,,,,,,,,,,,,,1.0,none,0.0,system register,1.0,26.0,1559440.0,0.0,-1.0,162181760.0,1528863.0,analytical-model,0.0001995262314968879,opnorm-v1-tfim-open-trotter-p2,transverse_field_ising,affine-aN-plus-b,24.3557719087,4.0,12.0,4.0,12.0,True,True,formula,0.1.0,3.11.9,2.5.0,b58b31db18364511c43757e27fffc7abce8df2c1,True,ok,,
1.0,transverse_field_ising:N026,-2.7,commutator,2572.0,,,2.0,a8fa234e-a646-4911-8402-a67c302db4ae,2026-08-12T00:11:58.358108+00:00,c1ad72de628f71283ac69037e9bbe97c3e773952f5abde5eac91397ca322d1a6,resource-grid,transverse_field_ising,TFIM-26,"{""coupling"":1.0,""field"":3.0,""periodic"":false}",26,26.0,proportional,1.0,0.001995262314968879,103.0,51,trotter-p4,trotter,Trotter p=4,analytical,analytical,4.0,,,,,,2572.0,,,,,,,,,,,,,,,,,,,,,,,,,,,,,,commuting,2.0,0.0017935652858788625,6605.935163086014,schubert-mendl-commutator,"Schubert and Mendl, arXiv:2306.10603",Theorem 1,"{""prefactor"":6605.935163086014}",True,implemented-product-formula,True,,"[""the resolved ordered Hamiltonian groups match the implemented formula""]",,,,,,,implemented-product-formula,True,True,0.001795736083471991,,,,,,,,,,,,,,,,,,,1.0,none,0.0,system register,1.0,26.0,990220.0,0.0,-1.0,101002440.0,970804.0,analytical-model,0.0001995262314968879,,,,,,,,,,,,0.1.0,3.11.9,2.5.0,b58b31db18364511c43757e27fffc7abce8df2c1,True,ok,,
1.0,transverse_field_ising:N026,-2.7,empirical,516.0,,,2.0,a8fa234e-a646-4911-8402-a67c302db4ae,2026-08-12T00:11:58.358108+00:00,c1ad72de628f71283ac69037e9bbe97c3e773952f5abde5eac91397ca322d1a6,resource-grid,transverse_field_ising,TFIM-26,"{""coupling"":1.0,""field"":3.0,""periodic"":false}",26,26.0,proportional,1.0,0.001995262314968879,103.0,51,trotter-p4-empirical,trotter,Trotter p=4 [empirical],empirical-operator-norm,empirical,4.0,,,,,,516.0,,,,,,,,,,,,,,,,,,,,,,,,,,,,,,commuting,2.0,0.001793169571401227,10.6992522635,empirical-operator-norm,Repository empirical operator-norm calibration study v1 (2026-08-10),reviewed calibration opnorm-v1-tfim-open-trotter-p4; artifact docs/calibration_data/empirical_1d_v1_accepted.json,"{""prefactor"":10.6992522635}",False,implemented-product-formula,False,,"[""the resolved ordered Hamiltonian groups match the implemented formula"",""the fixed formal-order powers in time and segments apply"",""the reviewed affine size calibration extrapolates as flagged""]",,,,,,,implemented-product-formula,False,False,0.001795736083471991,,,,,,,,,,,,,,,,,,,1.0,none,0.0,system register,1.0,26.0,198660.0,0.0,-1.0,18872700.0,194765.0,analytical-model,0.0001995262314968879,opnorm-v1-tfim-open-trotter-p4,transverse_field_ising,affine-aN-plus-b,10.6992522635,4.0,12.0,4.0,12.0,True,True,formula,0.1.0,3.11.9,2.5.0,b58b31db18364511c43757e27fffc7abce8df2c1,True,ok,,
1.0,transverse_field_ising:N026,-2.7,commutator,1312.0,,,2.0,a8fa234e-a646-4911-8402-a67c302db4ae,2026-08-12T00:11:58.358108+00:00,c1ad72de628f71283ac69037e9bbe97c3e773952f5abde5eac91397ca322d1a6,resource-grid,transverse_field_ising,TFIM-26,"{""coupling"":1.0,""field"":3.0,""periodic"":false}",26,26.0,proportional,1.0,0.001995262314968879,103.0,51,trotter-p6,trotter,Trotter p=6,analytical,analytical,6.0,,,,,,1312.0,,,,,,,,,,,,,,,,,,,,,,,,,,,,,,commuting,2.0,0.0017918917876240618,1137892.810662982,schubert-mendl-commutator,"Schubert and Mendl, arXiv:2306.10603",Theorem 1,"{""prefactor"":1137892.810662982}",True,implemented-product-formula,True,,"[""the resolved ordered Hamiltonian groups match the implemented formula""]",,,,,,,implemented-product-formula,True,True,0.001795736083471991,,,,,,,,,,,,,,,,,,,1.0,none,0.0,system register,1.0,26.0,2525600.0,0.0,-1.0,267713600.0,2476079.0,analytical-model,0.0001995262314968879,,,,,,,,,,,,0.1.0,3.11.9,2.5.0,b58b31db18364511c43757e27fffc7abce8df2c1,True,ok,,
1.0,transverse_field_ising:N026,-2.7,empirical,208.0,,,2.0,a8fa234e-a646-4911-8402-a67c302db4ae,2026-08-12T00:11:58.358108+00:00,c1ad72de628f71283ac69037e9bbe97c3e773952f5abde5eac91397ca322d1a6,resource-grid,transverse_field_ising,TFIM-26,"{""coupling"":1.0,""field"":3.0,""periodic"":false}",26,26.0,proportional,1.0,0.001995262314968879,103.0,51,trotter-p6-empirical,trotter,Trotter p=6 [empirical],empirical-operator-norm,empirical,6.0,,,,,,208.0,,,,,,,,,,,,,,,,,,,,,,,,,,,,,,commuting,2.0,1.9291067797088607e-05,0.1945014491,empirical-operator-norm,Repository empirical operator-norm calibration study v1 (2026-08-10),reviewed calibration opnorm-v1-tfim-open-trotter-p6; artifact docs/calibration_data/empirical_1d_v1_accepted.json,"{""prefactor"":0.1945014491}",False,implemented-product-formula,False,,"[""the resolved ordered Hamiltonian groups match the implemented formula"",""the fixed formal-order powers in time and segments apply"",""the reviewed affine size calibration extrapolates as flagged""]",,,,,,,implemented-product-formula,False,False,0.001795736083471991,,,,,,,,,,,,,,,,,,,1.0,none,0.0,system register,1.0,26.0,400400.0,0.0,-1.0,39239200.0,392550.0,analytical-model,0.0001995262314968879,opnorm-v1-tfim-open-trotter-p6,transverse_field_ising,affine-aN-plus-b,0.1945014491,4.0,12.0,4.0,12.0,True,True,asymptotic-domain,0.1.0,3.11.9,2.5.0,b58b31db18364511c43757e27fffc7abce8df2c1,True,ok,,
1.0,transverse_field_ising:N026,-2.7,jacobi-anger,,,,2.0,a8fa234e-a646-4911-8402-a67c302db4ae,2026-08-12T00:11:58.358108+00:00,c1ad72de628f71283ac69037e9bbe97c3e773952f5abde5eac91397ca322d1a6,resource-grid,transverse_field_ising,TFIM-26,"{""coupling"":1.0,""field"":3.0,""periodic"":false}",26,26.0,proportional,1.0,0.001995262314968879,103.0,51,qsvt,qsvt,QSVT,jacobi-anger-rigorous,analytical,,,,,,,,,,,,,,,,,,,,,,,,,,,,,,,,,,,21867.0,3645.0,,,0.0002948100094347697,,jacobi-anger-polynomial-oaa,"Martyn et al., arXiv:2105.02859, Eqs. (76)--(77)",Jacobi--Anger tails plus exact cubic OAA identity,"{""oaa-unitarity-defect-distortion"":0.0001474212980920055,""scaled-polynomial-error"":0.0001473887113427642}",True,ideal-qsvt-oaa-good-block,True,,"[""the cosine and sine polynomials are implemented exactly"",""the unamplified good block is exactly Q/2""]",,,,,,,implemented-qsvt-floating-phase-circuit,False,False,0.001795736083471991,,,,,,,,,,,,,,,,,,,2.0,one robust OAA round,1.0,"component, quadrature, and index registers all-zero",,40.0,2798988.0,6997538.0,-1.0,327481868.0,46358628.0,analytical-model,0.0001995262314968879,,,,,,,,,,,,0.1.0,3.11.9,2.5.0,b58b31db18364511c43757e27fffc7abce8df2c1,True,ok,,
1.0,transverse_field_ising:N026,-2.7,empirical,,8.0,33.0,2.0,a8fa234e-a646-4911-8402-a67c302db4ae,2026-08-12T00:11:58.358108+00:00,c1ad72de628f71283ac69037e9bbe97c3e773952f5abde5eac91397ca322d1a6,resource-grid,transverse_field_ising,TFIM-26,"{""coupling"":1.0,""field"":3.0,""periodic"":false}",26,26.0,proportional,1.0,0.001995262314968879,103.0,51,mpf-j-mizuta2026-theorem6-empirical-operator-norm,multiproduct,MPF J=Mizuta Theorem 6 (resolved per point) [empirical operator norm],empirical-operator-norm,empirical,,8.0,16.0,mizuta2026-theorem6,5.000000000000001,0.001795736083471991,33.0,,,,[],,,,,,,,,,,,,,,[],,,,,,,empirical-operator-norm,[],6039.0,,,,6.76437380308384e-05,0.0001180059,empirical-operator-norm,Repository empirical operator-norm calibration study v1 (2026-08-10),reviewed calibration opnorm-v1-tfim-open-mpf-new-m8; fixed formal powers,"{""empirical_coefficient"":0.0001180059}",False,ideal-mpf,False,ordered individual Pauli terms,"[""the fixed formal-order powers in time and segments apply"",""the empirical estimate concerns the repeated ideal MPF operator"",""the reviewed affine size calibration extrapolates as flagged""]",,0.0,0.0,False,False,{},repeated-shared-ancilla-good-block,False,False,0.001795736083471991,new,"[1,2,3,4,5,6,11,29]","[-3.280633240950701e-11,1.38314223008236e-06,-0.00042434045620952707,0.013663236344294543,-0.0975962105352182,0.17214651362521294,-0.39147182230350597,1.3036812402160025]",1.9789847466554802,0.021015253344519813,61.0,registered-exact,True,8.0,4.0,2.0,5.0,10.0,6.0,6.0,3.0,2.0,3.0,2.0,one robust OAA round per segment,33.0,branch register all-zero,,33.0,1222848.0,3498.0,-1.0,125967336.0,1842179.0,analytical-model,0.0001995262314968879,opnorm-v1-tfim-open-mpf-new-m8,transverse_field_ising,affine-aN-plus-b,0.0001180059,4.0,12.0,4.0,12.0,True,True,asymptotic-domain,0.1.0,3.11.9,2.5.0,b58b31db18364511c43757e27fffc7abce8df2c1,True,ok,,
1.0,transverse_field_ising:N026,-2.7,commutator,,8.0,3699.0,2.0,a8fa234e-a646-4911-8402-a67c302db4ae,2026-08-12T00:11:58.358108+00:00,c1ad72de628f71283ac69037e9bbe97c3e773952f5abde5eac91397ca322d1a6,resource-grid,transverse_field_ising,TFIM-26,"{""coupling"":1.0,""field"":3.0,""periodic"":false}",26,26.0,proportional,1.0,0.001995262314968879,103.0,51,mpf-j-mizuta2026-theorem6-mizuta2026-commutator-ideal-rigorous,multiproduct,MPF J=Mizuta Theorem 6 (resolved per point) [Mizuta 2026 refined commutator],mizuta2026-commutator-ideal-rigorous,analytical,,8.0,16.0,mizuta2026-theorem6,5.000000000000001,0.001795736083471991,3699.0,3699.0,,2817.0,"[""error""]",27.082909144904665,16.0,,,4.842428429595042e-07,5.302256836549922e-11,2.4565820069056133e-11,2.8456748296443076e-11,5.302256836549922e-11,4.842958655278699e-07,0.0017946215640968109,1.944807358119685e-05,False,0.009230913808498102,"[1.0000000000000002,1.0000000000000002,1.0000000000000002,1.0000000000000002,1.0000000000000002,1.0000000000000002,1.0000000000000002,1.0000000000000002,1.0000000000000002,1.0000000000000002,1.0000000000000002,1.0000000000000002,1.0000000000000002,1.0000000000000002,1.0000000000000002,1.0000000000000002,1.0000000000000002,1.0000000000000002,1.0000000000000002,1.0000000000000002,1.0000000000000002,1.0000000000000002,1.0000000000000002,1.0000000000000002,1.0000000000000002,1.0000000000000002,1.0000000000000002,1.0000000000000002,1.0000000000000002,1.0000000000000002,1.0000000000000002,1.0000000000000002,1.0000000000000002,1.0000000000000002,1.0000000000000002,1.0000000000000002,1.0000000000000002,1.0000000000000002,1.0000000000000002,1.0000000000000002,1.0000000000000002,1.0000000000000002,1.0000000000000002,1.0000000000000002,1.0000000000000002,1.0000000000000002,1.0000000000000002,1.0000000000000002,1.0000000000000002,1.0000000000000002,1.0000000000000002]",5.0000000000000036,16.0,False,,not-used,commutator,mizuta2026-commutator-ideal-rigorous,[],676917.0,,,,0.0017946215640968109,1.9406621136771642e+30,mizuta2026-commutator-ideal-rigorous,"Mizuta, Quantum 10, 1974 (2026), arXiv:2507.06557v4","Theorem 4, Eqs. (47)--(49), with direct Lemmas 9--10 BCH remainder","{""error_predicate_satisfied"":1.0,""extensiveness_g"":5.000000000000001,""joint_predicate_satisfied"":1.0,""legacy_first_condition_passed"":0.0,""legacy_first_time_limit"":1.944807358119685e-05,""local_commutator_error"":4.842428429595042e-07,""local_step_error"":4.842958655278699e-07,""local_truncated_bch_error"":5.302256836549922e-11,""locality_k"":2.0,""mu_upper"":27.082909144904665,""refined_lemma10_remainder"":2.8456748296443076e-11,""refined_lemma9_remainder"":2.4565820069056133e-11,""refined_tail_fallback"":0.0,""repeated_global_error"":0.0017946215640968109,""schedule_weighted_extensiveness"":5.0000000000000036,""second_time_limit"":0.009230913808498102,""time_2_predicate_satisfied"":1.0,""total_branchwise_bch_remainder"":5.302256836549922e-11,""truncation_order_p0"":16.0}",True,ideal-mpf,True,ordered individual Pauli terms,"[""individual Pauli summands define the ordered H_gamma decomposition"",""the actual Strang factors define schedule-weighted g_alpha extensiveness"",""Lemma 9 and Lemma 10 positive majorants directly certify the BCH remainder"",""the scalar-flow/Cauchy refined tail certificate is used"",""Theorem 4 second time hypothesis is satisfied"",""the repeated ideal MPF is composed with the Eq. (15) telescoping argument""]",,16.0,16.0,True,False,"{""2"":600.0000000000006,""3"":9552.000000000015,""4"":123360.00000000028,""5"":1964352.0000000058,""6"":26700288.0000001,""7"":425270784.0000019,""8"":5979429888.000031,""9"":95261352960.00056,""10"":1370647707648.0093,""11"":21841531576320.16,""12"":319438646181890.56,""13"":5091367662354477.0,""14"":7.536422163185736e+16,""15"":1.2014098258557788e+18,""16"":1.7947659133030955e+19}",repeated-shared-ancilla-good-block,True,False,0.001795736083471991,new,"[1,2,3,4,5,6,11,29]","[-3.280633240950701e-11,1.38314223008236e-06,-0.00042434045620952707,0.013663236344294543,-0.0975962105352182,0.17214651362521294,-0.39147182230350597,1.3036812402160025]",1.9789847466554802,0.021015253344519813,61.0,registered-exact,True,8.0,4.0,2.0,5.0,10.0,6.0,6.0,3.0,2.0,3.0,2.0,one robust OAA round per segment,3699.0,branch register all-zero,,33.0,137070144.0,392094.0,-1.0,16998266232.0,206491453.0,analytical-model,0.0001995262314968879,,,,,,,,,,,,0.1.0,3.11.9,2.5.0,b58b31db18364511c43757e27fffc7abce8df2c1,True,ok,,
1.0,transverse_field_ising:N026,-2.8,commutator,65577.0,,,2.0,a8fa234e-a646-4911-8402-a67c302db4ae,2026-08-12T00:11:58.358108+00:00,c1ad72de628f71283ac69037e9bbe97c3e773952f5abde5eac91397ca322d1a6,resource-grid,transverse_field_ising,TFIM-26,"{""coupling"":1.0,""field"":3.0,""periodic"":false}",26,26.0,proportional,1.0,0.001584893192461114,103.0,51,trotter-p2,trotter,Trotter p=2,analytical,analytical,2.0,,,,,,65577.0,,,,,,,,,,,,,,,,,,,,,,,,,,,,,,individual,51.0,0.0014264034523001178,349.0,childs-commutator,"Childs, Su, Tran, Wiebe, and Zhu, arXiv:1912.08854",Propositions 9--10,"{""prefactor"":349.0}",True,implemented-product-formula,True,,"[""the resolved ordered Hamiltonian groups match the implemented formula""]",,,,,,,implemented-product-formula,True,True,0.0014264038732150026,,,,,,,,,,,,,,,,,,,1.0,none,0.0,system register,1.0,26.0,6623277.0,0.0,-1.0,735183747.0,6493409.0,analytical-model,0.00015848931924611142,,,,,,,,,,,,0.1.0,3.11.9,2.5.0,b58b31db18364511c43757e27fffc7abce8df2c1,True,ok,,
1.0,transverse_field_ising:N026,-2.8,empirical,17324.0,,,2.0,a8fa234e-a646-4911-8402-a67c302db4ae,2026-08-12T00:11:58.358108+00:00,c1ad72de628f71283ac69037e9bbe97c3e773952f5abde5eac91397ca322d1a6,resource-grid,transverse_field_ising,TFIM-26,"{""coupling"":1.0,""field"":3.0,""periodic"":false}",26,26.0,proportional,1.0,0.001584893192461114,103.0,51,trotter-p2-empirical,trotter,Trotter p=2 [empirical],empirical-operator-norm,empirical,2.0,,,,,,17324.0,,,,,,,,,,,,,,,,,,,,,,,,,,,,,,individual,51.0,0.0014263483105136617,24.3557719087,empirical-operator-norm,Repository empirical operator-norm calibration study v1 (2026-08-10),reviewed calibration opnorm-v1-tfim-open-trotter-p2; artifact docs/calibration_data/empirical_1d_v1_accepted.json,"{""prefactor"":24.3557719087}",False,implemented-product-formula,False,,"[""the resolved ordered Hamiltonian groups match the implemented formula"",""the fixed formal-order powers in time and segments apply"",""the reviewed affine size calibration extrapolates as flagged""]",,,,,,,implemented-product-formula,False,False,0.0014264038732150026,,,,,,,,,,,,,,,,,,,1.0,none,0.0,system register,1.0,26.0,1749724.0,0.0,-1.0,185470744.0,1715416.0,analytical-model,0.00015848931924611142,opnorm-v1-tfim-open-trotter-p2,transverse_field_ising,affine-aN-plus-b,24.3557719087,4.0,12.0,4.0,12.0,True,True,formula,0.1.0,3.11.9,2.5.0,b58b31db18364511c43757e27fffc7abce8df2c1,True,ok,,
1.0,transverse_field_ising:N026,-2.8,commutator,2724.0,,,2.0,a8fa234e-a646-4911-8402-a67c302db4ae,2026-08-12T00:11:58.358108+00:00,c1ad72de628f71283ac69037e9bbe97c3e773952f5abde5eac91397ca322d1a6,resource-grid,transverse_field_ising,TFIM-26,"{""coupling"":1.0,""field"":3.0,""periodic"":false}",26,26.0,proportional,1.0,0.001584893192461114,103.0,51,trotter-p4,trotter,Trotter p=4,analytical,analytical,4.0,,,,,,2724.0,,,,,,,,,,,,,,,,,,,,,,,,,,,,,,commuting,2.0,0.0014255177642521493,6605.935163086014,schubert-mendl-commutator,"Schubert and Mendl, arXiv:2306.10603",Theorem 1,"{""prefactor"":6605.935163086014}",True,implemented-product-formula,True,,"[""the resolved ordered Hamiltonian groups match the implemented formula""]",,,,,,,implemented-product-formula,True,True,0.0014264038732150026,,,,,,,,,,,,,,,,,,,1.0,none,0.0,system register,1.0,26.0,1048740.0,0.0,-1.0,108020220.0,1028177.0,analytical-model,0.00015848931924611142,,,,,,,,,,,,0.1.0,3.11.9,2.5.0,b58b31db18364511c43757e27fffc7abce8df2c1,True,ok,,
1.0,transverse_field_ising:N026,-2.8,empirical,547.0,,,2.0,a8fa234e-a646-4911-8402-a67c302db4ae,2026-08-12T00:11:58.358108+00:00,c1ad72de628f71283ac69037e9bbe97c3e773952f5abde5eac91397ca322d1a6,resource-grid,transverse_field_ising,TFIM-26,"{""coupling"":1.0,""field"":3.0,""periodic"":false}",26,26.0,proportional,1.0,0.001584893192461114,103.0,51,trotter-p4-empirical,trotter,Trotter p=4 [empirical],empirical-operator-norm,empirical,4.0,,,,,,547.0,,,,,,,,,,,,,,,,,,,,,,,,,,,,,,commuting,2.0,0.0014199428389064911,10.6992522635,empirical-operator-norm,Repository empirical operator-norm calibration study v1 (2026-08-10),reviewed calibration opnorm-v1-tfim-open-trotter-p4; artifact docs/calibration_data/empirical_1d_v1_accepted.json,"{""prefactor"":10.6992522635}",False,implemented-product-formula,False,,"[""the resolved ordered Hamiltonian groups match the implemented formula"",""the fixed formal-order powers in time and segments apply"",""the reviewed affine size calibration extrapolates as flagged""]",,,,,,,implemented-product-formula,False,False,0.0014264038732150026,,,,,,,,,,,,,,,,,,,1.0,none,0.0,system register,1.0,26.0,210595.0,0.0,-1.0,20217120.0,206466.0,analytical-model,0.00015848931924611142,opnorm-v1-tfim-open-trotter-p4,transverse_field_ising,affine-aN-plus-b,10.6992522635,4.0,12.0,4.0,12.0,True,True,formula,0.1.0,3.11.9,2.5.0,b58b31db18364511c43757e27fffc7abce8df2c1,True,ok,,
1.0,transverse_field_ising:N026,-2.8,commutator,1363.0,,,2.0,a8fa234e-a646-4911-8402-a67c302db4ae,2026-08-12T00:11:58.358108+00:00,c1ad72de628f71283ac69037e9bbe97c3e773952f5abde5eac91397ca322d1a6,resource-grid,transverse_field_ising,TFIM-26,"{""coupling"":1.0,""field"":3.0,""periodic"":false}",26,26.0,proportional,1.0,0.001584893192461114,103.0,51,trotter-p6,trotter,Trotter p=6,analytical,analytical,6.0,,,,,,1363.0,,,,,,,,,,,,,,,,,,,,,,,,,,,,,,commuting,2.0,0.0014254095175961776,1137892.810662982,schubert-mendl-commutator,"Schubert and Mendl, arXiv:2306.10603",Theorem 1,"{""prefactor"":1137892.810662982}",True,implemented-product-formula,True,,"[""the resolved ordered Hamiltonian groups match the implemented formula""]",,,,,,,implemented-product-formula,True,True,0.0014264038732150026,,,,,,,,,,,,,,,,,,,1.0,none,0.0,system register,1.0,26.0,2623775.0,0.0,-1.0,280743925.0,2572329.0,analytical-model,0.00015848931924611142,,,,,,,,,,,,0.1.0,3.11.9,2.5.0,b58b31db18364511c43757e27fffc7abce8df2c1,True,ok,,
1.0,transverse_field_ising:N026,-2.8,empirical,208.0,,,2.0,a8fa234e-a646-4911-8402-a67c302db4ae,2026-08-12T00:11:58.358108+00:00,c1ad72de628f71283ac69037e9bbe97c3e773952f5abde5eac91397ca322d1a6,resource-grid,transverse_field_ising,TFIM-26,"{""coupling"":1.0,""field"":3.0,""periodic"":false}",26,26.0,proportional,1.0,0.001584893192461114,103.0,51,trotter-p6-empirical,trotter,Trotter p=6 [empirical],empirical-operator-norm,empirical,6.0,,,,,,208.0,,,,,,,,,,,,,,,,,,,,,,,,,,,,,,commuting,2.0,1.9291067797088607e-05,0.1945014491,empirical-operator-norm,Repository empirical operator-norm calibration study v1 (2026-08-10),reviewed calibration opnorm-v1-tfim-open-trotter-p6; artifact docs/calibration_data/empirical_1d_v1_accepted.json,"{""prefactor"":0.1945014491}",False,implemented-product-formula,False,,"[""the resolved ordered Hamiltonian groups match the implemented formula"",""the fixed formal-order powers in time and segments apply"",""the reviewed affine size calibration extrapolates as flagged""]",,,,,,,implemented-product-formula,False,False,0.0014264038732150026,,,,,,,,,,,,,,,,,,,1.0,none,0.0,system register,1.0,26.0,400400.0,0.0,-1.0,39639600.0,392550.0,analytical-model,0.00015848931924611142,opnorm-v1-tfim-open-trotter-p6,transverse_field_ising,affine-aN-plus-b,0.1945014491,4.0,12.0,4.0,12.0,True,True,asymptotic-domain,0.1.0,3.11.9,2.5.0,b58b31db18364511c43757e27fffc7abce8df2c1,True,ok,,
1.0,transverse_field_ising:N026,-2.8,jacobi-anger,,,,2.0,a8fa234e-a646-4911-8402-a67c302db4ae,2026-08-12T00:11:58.358108+00:00,c1ad72de628f71283ac69037e9bbe97c3e773952f5abde5eac91397ca322d1a6,resource-grid,transverse_field_ising,TFIM-26,"{""coupling"":1.0,""field"":3.0,""periodic"":false}",26,26.0,proportional,1.0,0.001584893192461114,103.0,51,qsvt,qsvt,QSVT,jacobi-anger-rigorous,analytical,,,,,,,,,,,,,,,,,,,,,,,,,,,,,,,,,,,21867.0,3645.0,,,0.0002537666105226842,,jacobi-anger-polynomial-oaa,"Martyn et al., arXiv:2105.02859, Eqs. (76)--(77)",Jacobi--Anger tails plus exact cubic OAA identity,"{""oaa-unitarity-defect-distortion"":0.00012689537800411236,""scaled-polynomial-error"":0.00012687123251857186}",True,ideal-qsvt-oaa-good-block,True,,"[""the cosine and sine polynomials are implemented exactly"",""the unamplified good block is exactly Q/2""]",,,,,,,implemented-qsvt-floating-phase-circuit,False,False,0.0014264038732150026,,,,,,,,,,,,,,,,,,,2.0,one robust OAA round,1.0,"component, quadrature, and index registers all-zero",,40.0,2798988.0,6997538.0,-1.0,330280856.0,46358628.0,analytical-model,0.00015848931924611142,,,,,,,,,,,,0.1.0,3.11.9,2.5.0,b58b31db18364511c43757e27fffc7abce8df2c1,True,ok,,
1.0,transverse_field_ising:N026,-2.8,empirical,,8.0,33.0,2.0,a8fa234e-a646-4911-8402-a67c302db4ae,2026-08-12T00:11:58.358108+00:00,c1ad72de628f71283ac69037e9bbe97c3e773952f5abde5eac91397ca322d1a6,resource-grid,transverse_field_ising,TFIM-26,"{""coupling"":1.0,""field"":3.0,""periodic"":false}",26,26.0,proportional,1.0,0.001584893192461114,103.0,51,mpf-j-mizuta2026-theorem6-empirical-operator-norm,multiproduct,MPF J=Mizuta Theorem 6 (resolved per point) [empirical operator norm],empirical-operator-norm,empirical,,8.0,16.0,mizuta2026-theorem6,5.000000000000001,0.0014264038732150026,33.0,,,,[],,,,,,,,,,,,,,,[],,,,,,,empirical-operator-norm,[],6039.0,,,,6.76437380308384e-05,0.0001180059,empirical-operator-norm,Repository empirical operator-norm calibration study v1 (2026-08-10),reviewed calibration opnorm-v1-tfim-open-mpf-new-m8; fixed formal powers,"{""empirical_coefficient"":0.0001180059}",False,ideal-mpf,False,ordered individual Pauli terms,"[""the fixed formal-order powers in time and segments apply"",""the empirical estimate concerns the repeated ideal MPF operator"",""the reviewed affine size calibration extrapolates as flagged""]",,0.0,0.0,False,False,{},repeated-shared-ancilla-good-block,False,False,0.0014264038732150026,new,"[1,2,3,4,5,6,11,29]","[-3.280633240950701e-11,1.38314223008236e-06,-0.00042434045620952707,0.013663236344294543,-0.0975962105352182,0.17214651362521294,-0.39147182230350597,1.3036812402160025]",1.9789847466554802,0.021015253344519813,61.0,registered-exact,True,8.0,4.0,2.0,5.0,10.0,6.0,6.0,3.0,2.0,3.0,2.0,one robust OAA round per segment,33.0,branch register all-zero,,33.0,1222848.0,3498.0,-1.0,127190184.0,1842179.0,analytical-model,0.00015848931924611142,opnorm-v1-tfim-open-mpf-new-m8,transverse_field_ising,affine-aN-plus-b,0.0001180059,4.0,12.0,4.0,12.0,True,True,asymptotic-domain,0.1.0,3.11.9,2.5.0,b58b31db18364511c43757e27fffc7abce8df2c1,True,ok,,
1.0,transverse_field_ising:N026,-2.8,commutator,,8.0,3753.0,2.0,a8fa234e-a646-4911-8402-a67c302db4ae,2026-08-12T00:11:58.358108+00:00,c1ad72de628f71283ac69037e9bbe97c3e773952f5abde5eac91397ca322d1a6,resource-grid,transverse_field_ising,TFIM-26,"{""coupling"":1.0,""field"":3.0,""periodic"":false}",26,26.0,proportional,1.0,0.001584893192461114,103.0,51,mpf-j-mizuta2026-theorem6-mizuta2026-commutator-ideal-rigorous,multiproduct,MPF J=Mizuta Theorem 6 (resolved per point) [Mizuta 2026 refined commutator],mizuta2026-commutator-ideal-rigorous,analytical,,8.0,16.0,mizuta2026-theorem6,5.000000000000001,0.0014264038732150026,3753.0,3753.0,,2817.0,"[""error""]",27.082909144904665,16.0,,,3.784959597297873e-07,4.9650417549332014e-11,2.3410512154717075e-11,2.623990539461493e-11,4.9650417549332014e-11,3.785456101473367e-07,0.0014227009067505332,1.944807358119685e-05,False,0.009230913808498102,"[1.0000000000000002,1.0000000000000002,1.0000000000000002,1.0000000000000002,1.0000000000000002,1.0000000000000002,1.0000000000000002,1.0000000000000002,1.0000000000000002,1.0000000000000002,1.0000000000000002,1.0000000000000002,1.0000000000000002,1.0000000000000002,1.0000000000000002,1.0000000000000002,1.0000000000000002,1.0000000000000002,1.0000000000000002,1.0000000000000002,1.0000000000000002,1.0000000000000002,1.0000000000000002,1.0000000000000002,1.0000000000000002,1.0000000000000002,1.0000000000000002,1.0000000000000002,1.0000000000000002,1.0000000000000002,1.0000000000000002,1.0000000000000002,1.0000000000000002,1.0000000000000002,1.0000000000000002,1.0000000000000002,1.0000000000000002,1.0000000000000002,1.0000000000000002,1.0000000000000002,1.0000000000000002,1.0000000000000002,1.0000000000000002,1.0000000000000002,1.0000000000000002,1.0000000000000002,1.0000000000000002,1.0000000000000002,1.0000000000000002,1.0000000000000002,1.0000000000000002]",5.0000000000000036,16.0,False,,not-used,commutator,mizuta2026-commutator-ideal-rigorous,[],686799.0,,,,0.0014227009067505332,1.9406621136771642e+30,mizuta2026-commutator-ideal-rigorous,"Mizuta, Quantum 10, 1974 (2026), arXiv:2507.06557v4","Theorem 4, Eqs. (47)--(49), with direct Lemmas 9--10 BCH remainder","{""error_predicate_satisfied"":1.0,""extensiveness_g"":5.000000000000001,""joint_predicate_satisfied"":1.0,""legacy_first_condition_passed"":0.0,""legacy_first_time_limit"":1.944807358119685e-05,""local_commutator_error"":3.784959597297873e-07,""local_step_error"":3.785456101473367e-07,""local_truncated_bch_error"":4.9650417549332014e-11,""locality_k"":2.0,""mu_upper"":27.082909144904665,""refined_lemma10_remainder"":2.623990539461493e-11,""refined_lemma9_remainder"":2.3410512154717075e-11,""refined_tail_fallback"":0.0,""repeated_global_error"":0.0014227009067505332,""schedule_weighted_extensiveness"":5.0000000000000036,""second_time_limit"":0.009230913808498102,""time_2_predicate_satisfied"":1.0,""total_branchwise_bch_remainder"":4.9650417549332014e-11,""truncation_order_p0"":16.0}",True,ideal-mpf,True,ordered individual Pauli terms,"[""individual Pauli summands define the ordered H_gamma decomposition"",""the actual Strang factors define schedule-weighted g_alpha extensiveness"",""Lemma 9 and Lemma 10 positive majorants directly certify the BCH remainder"",""the scalar-flow/Cauchy refined tail certificate is used"",""Theorem 4 second time hypothesis is satisfied"",""the repeated ideal MPF is composed with the Eq. (15) telescoping argument""]",,16.0,16.0,True,False,"{""2"":600.0000000000006,""3"":9552.000000000015,""4"":123360.00000000028,""5"":1964352.0000000058,""6"":26700288.0000001,""7"":425270784.0000019,""8"":5979429888.000031,""9"":95261352960.00056,""10"":1370647707648.0093,""11"":21841531576320.16,""12"":319438646181890.56,""13"":5091367662354477.0,""14"":7.536422163185736e+16,""15"":1.2014098258557788e+18,""16"":1.7947659133030955e+19}",repeated-shared-ancilla-good-block,True,False,0.0014264038732150026,new,"[1,2,3,4,5,6,11,29]","[-3.280633240950701e-11,1.38314223008236e-06,-0.00042434045620952707,0.013663236344294543,-0.0975962105352182,0.17214651362521294,-0.39147182230350597,1.3036812402160025]",1.9789847466554802,0.021015253344519813,61.0,registered-exact,True,8.0,4.0,2.0,5.0,10.0,6.0,6.0,3.0,2.0,3.0,2.0,one robust OAA round per segment,3753.0,branch register all-zero,,33.0,139071168.0,397818.0,-1.0,17385487272.0,209505927.0,analytical-model,0.00015848931924611142,,,,,,,,,,,,0.1.0,3.11.9,2.5.0,b58b31db18364511c43757e27fffc7abce8df2c1,True,ok,,
1.0,transverse_field_ising:N026,-2.9,commutator,73579.0,,,2.0,a8fa234e-a646-4911-8402-a67c302db4ae,2026-08-12T00:11:58.358108+00:00,c1ad72de628f71283ac69037e9bbe97c3e773952f5abde5eac91397ca322d1a6,resource-grid,transverse_field_ising,TFIM-26,"{""coupling"":1.0,""field"":3.0,""periodic"":false}",26,26.0,proportional,1.0,0.0012589254117941675,103.0,51,trotter-p2,trotter,Trotter p=2,analytical,analytical,2.0,,,,,,73579.0,,,,,,,,,,,,,,,,,,,,,,,,,,,,,,individual,51.0,0.0011330203458824175,349.0,childs-commutator,"Childs, Su, Tran, Wiebe, and Zhu, arXiv:1912.08854",Propositions 9--10,"{""prefactor"":349.0}",True,implemented-product-formula,True,,"[""the resolved ordered Hamiltonian groups match the implemented formula""]",,,,,,,implemented-product-formula,True,True,0.0011330328706147508,,,,,,,,,,,,,,,,,,,1.0,none,0.0,system register,1.0,26.0,7431479.0,0.0,-1.0,839757127.0,7285764.0,analytical-model,0.00012589254117941674,,,,,,,,,,,,0.1.0,3.11.9,2.5.0,b58b31db18364511c43757e27fffc7abce8df2c1,True,ok,,
1.0,transverse_field_ising:N026,-2.9,empirical,19438.0,,,2.0,a8fa234e-a646-4911-8402-a67c302db4ae,2026-08-12T00:11:58.358108+00:00,c1ad72de628f71283ac69037e9bbe97c3e773952f5abde5eac91397ca322d1a6,resource-grid,transverse_field_ising,TFIM-26,"{""coupling"":1.0,""field"":3.0,""periodic"":false}",26,26.0,proportional,1.0,0.0012589254117941675,103.0,51,trotter-p2-empirical,trotter,Trotter p=2 [empirical],empirical-operator-norm,empirical,2.0,,,,,,19438.0,,,,,,,,,,,,,,,,,,,,,,,,,,,,,,individual,51.0,0.001132970981618438,24.3557719087,empirical-operator-norm,Repository empirical operator-norm calibration study v1 (2026-08-10),reviewed calibration opnorm-v1-tfim-open-trotter-p2; artifact docs/calibration_data/empirical_1d_v1_accepted.json,"{""prefactor"":24.3557719087}",False,implemented-product-formula,False,,"[""the resolved ordered Hamiltonian groups match the implemented formula"",""the fixed formal-order powers in time and segments apply"",""the reviewed affine size calibration extrapolates as flagged""]",,,,,,,implemented-product-formula,False,False,0.0011330328706147508,,,,,,,,,,,,,,,,,,,1.0,none,0.0,system register,1.0,26.0,1963238.0,0.0,-1.0,210066466.0,1924744.0,analytical-model,0.00012589254117941674,opnorm-v1-tfim-open-trotter-p2,transverse_field_ising,affine-aN-plus-b,24.3557719087,4.0,12.0,4.0,12.0,True,True,formula,0.1.0,3.11.9,2.5.0,b58b31db18364511c43757e27fffc7abce8df2c1,True,ok,,
1.0,transverse_field_ising:N026,-2.9,commutator,2885.0,,,2.0,a8fa234e-a646-4911-8402-a67c302db4ae,2026-08-12T00:11:58.358108+00:00,c1ad72de628f71283ac69037e9bbe97c3e773952f5abde5eac91397ca322d1a6,resource-grid,transverse_field_ising,TFIM-26,"{""coupling"":1.0,""field"":3.0,""periodic"":false}",26,26.0,proportional,1.0,0.0012589254117941675,103.0,51,trotter-p4,trotter,Trotter p=4,analytical,analytical,4.0,,,,,,2885.0,,,,,,,,,,,,,,,,,,,,,,,,,,,,,,commuting,2.0,0.0011329683470566016,6605.935163086014,schubert-mendl-commutator,"Schubert and Mendl, arXiv:2306.10603",Theorem 1,"{""prefactor"":6605.935163086014}",True,implemented-product-formula,True,,"[""the resolved ordered Hamiltonian groups match the implemented formula""]",,,,,,,implemented-product-formula,True,True,0.0011330328706147508,,,,,,,,,,,,,,,,,,,1.0,none,0.0,system register,1.0,26.0,1110725.0,0.0,-1.0,116626125.0,1088947.0,analytical-model,0.00012589254117941674,,,,,,,,,,,,0.1.0,3.11.9,2.5.0,b58b31db18364511c43757e27fffc7abce8df2c1,True,ok,,
1.0,transverse_field_ising:N026,-2.9,empirical,579.0,,,2.0,a8fa234e-a646-4911-8402-a67c302db4ae,2026-08-12T00:11:58.358108+00:00,c1ad72de628f71283ac69037e9bbe97c3e773952f5abde5eac91397ca322d1a6,resource-grid,transverse_field_ising,TFIM-26,"{""coupling"":1.0,""field"":3.0,""periodic"":false}",26,26.0,proportional,1.0,0.0012589254117941675,103.0,51,trotter-p4-empirical,trotter,Trotter p=4 [empirical],empirical-operator-norm,empirical,4.0,,,,,,579.0,,,,,,,,,,,,,,,,,,,,,,,,,,,,,,commuting,2.0,0.0011311127875564785,10.6992522635,empirical-operator-norm,Repository empirical operator-norm calibration study v1 (2026-08-10),reviewed calibration opnorm-v1-tfim-open-trotter-p4; artifact docs/calibration_data/empirical_1d_v1_accepted.json,"{""prefactor"":10.6992522635}",False,implemented-product-formula,False,,"[""the resolved ordered Hamiltonian groups match the implemented formula"",""the fixed formal-order powers in time and segments apply"",""the reviewed affine size calibration extrapolates as flagged""]",,,,,,,implemented-product-formula,False,False,0.0011330328706147508,,,,,,,,,,,,,,,,,,,1.0,none,0.0,system register,1.0,26.0,222915.0,0.0,-1.0,21845670.0,218545.0,analytical-model,0.00012589254117941674,opnorm-v1-tfim-open-trotter-p4,transverse_field_ising,affine-aN-plus-b,10.6992522635,4.0,12.0,4.0,12.0,True,True,formula,0.1.0,3.11.9,2.5.0,b58b31db18364511c43757e27fffc7abce8df2c1,True,ok,,
1.0,transverse_field_ising:N026,-2.9,commutator,1417.0,,,2.0,a8fa234e-a646-4911-8402-a67c302db4ae,2026-08-12T00:11:58.358108+00:00,c1ad72de628f71283ac69037e9bbe97c3e773952f5abde5eac91397ca322d1a6,resource-grid,transverse_field_ising,TFIM-26,"{""coupling"":1.0,""field"":3.0,""periodic"":false}",26,26.0,proportional,1.0,0.0012589254117941675,103.0,51,trotter-p6,trotter,Trotter p=6,analytical,analytical,6.0,,,,,,1417.0,,,,,,,,,,,,,,,,,,,,,,,,,,,,,,commuting,2.0,0.001129004538669853,1137892.810662982,schubert-mendl-commutator,"Schubert and Mendl, arXiv:2306.10603",Theorem 1,"{""prefactor"":1137892.810662982}",True,implemented-product-formula,True,,"[""the resolved ordered Hamiltonian groups match the implemented formula""]",,,,,,,implemented-product-formula,True,True,0.0011330328706147508,,,,,,,,,,,,,,,,,,,1.0,none,0.0,system register,1.0,26.0,2727725.0,0.0,-1.0,297322025.0,2674241.0,analytical-model,0.00012589254117941674,,,,,,,,,,,,0.1.0,3.11.9,2.5.0,b58b31db18364511c43757e27fffc7abce8df2c1,True,ok,,
1.0,transverse_field_ising:N026,-2.9,empirical,208.0,,,2.0,a8fa234e-a646-4911-8402-a67c302db4ae,2026-08-12T00:11:58.358108+00:00,c1ad72de628f71283ac69037e9bbe97c3e773952f5abde5eac91397ca322d1a6,resource-grid,transverse_field_ising,TFIM-26,"{""coupling"":1.0,""field"":3.0,""periodic"":false}",26,26.0,proportional,1.0,0.0012589254117941675,103.0,51,trotter-p6-empirical,trotter,Trotter p=6 [empirical],empirical-operator-norm,empirical,6.0,,,,,,208.0,,,,,,,,,,,,,,,,,,,,,,,,,,,,,,commuting,2.0,1.9291067797088607e-05,0.1945014491,empirical-operator-norm,Repository empirical operator-norm calibration study v1 (2026-08-10),reviewed calibration opnorm-v1-tfim-open-trotter-p6; artifact docs/calibration_data/empirical_1d_v1_accepted.json,"{""prefactor"":0.1945014491}",False,implemented-product-formula,False,,"[""the resolved ordered Hamiltonian groups match the implemented formula"",""the fixed formal-order powers in time and segments apply"",""the reviewed affine size calibration extrapolates as flagged""]",,,,,,,implemented-product-formula,False,False,0.0011330328706147508,,,,,,,,,,,,,,,,,,,1.0,none,0.0,system register,1.0,26.0,400400.0,0.0,-1.0,40040000.0,392550.0,analytical-model,0.00012589254117941674,opnorm-v1-tfim-open-trotter-p6,transverse_field_ising,affine-aN-plus-b,0.1945014491,4.0,12.0,4.0,12.0,True,True,asymptotic-domain,0.1.0,3.11.9,2.5.0,b58b31db18364511c43757e27fffc7abce8df2c1,True,ok,,
1.0,transverse_field_ising:N026,-2.9,jacobi-anger,,,,2.0,a8fa234e-a646-4911-8402-a67c302db4ae,2026-08-12T00:11:58.358108+00:00,c1ad72de628f71283ac69037e9bbe97c3e773952f5abde5eac91397ca322d1a6,resource-grid,transverse_field_ising,TFIM-26,"{""coupling"":1.0,""field"":3.0,""periodic"":false}",26,26.0,proportional,1.0,0.0012589254117941675,103.0,51,qsvt,qsvt,QSVT,jacobi-anger-rigorous,analytical,,,,,,,,,,,,,,,,,,,,,,,,,,,,,,,,,,,21867.0,3645.0,,,0.00022116558003028536,,jacobi-anger-polynomial-oaa,"Martyn et al., arXiv:2105.02859, Eqs. (76)--(77)",Jacobi--Anger tails plus exact cubic OAA identity,"{""oaa-unitarity-defect-distortion"":0.00011059196024716942,""scaled-polynomial-error"":0.00011057361978311594}",True,ideal-qsvt-oaa-good-block,True,,"[""the cosine and sine polynomials are implemented exactly"",""the unamplified good block is exactly Q/2""]",,,,,,,implemented-qsvt-floating-phase-circuit,False,False,0.0011330328706147508,,,,,,,,,,,,,,,,,,,2.0,one robust OAA round,1.0,"component, quadrature, and index registers all-zero",,40.0,2798988.0,6997538.0,-1.0,333079844.0,46358628.0,analytical-model,0.00012589254117941674,,,,,,,,,,,,0.1.0,3.11.9,2.5.0,b58b31db18364511c43757e27fffc7abce8df2c1,True,ok,,
1.0,transverse_field_ising:N026,-2.9,empirical,,8.0,33.0,2.0,a8fa234e-a646-4911-8402-a67c302db4ae,2026-08-12T00:11:58.358108+00:00,c1ad72de628f71283ac69037e9bbe97c3e773952f5abde5eac91397ca322d1a6,resource-grid,transverse_field_ising,TFIM-26,"{""coupling"":1.0,""field"":3.0,""periodic"":false}",26,26.0,proportional,1.0,0.0012589254117941675,103.0,51,mpf-j-mizuta2026-theorem6-empirical-operator-norm,multiproduct,MPF J=Mizuta Theorem 6 (resolved per point) [empirical operator norm],empirical-operator-norm,empirical,,8.0,16.0,mizuta2026-theorem6,5.000000000000001,0.0011330328706147508,33.0,,,,[],,,,,,,,,,,,,,,[],,,,,,,empirical-operator-norm,[],6039.0,,,,6.76437380308384e-05,0.0001180059,empirical-operator-norm,Repository empirical operator-norm calibration study v1 (2026-08-10),reviewed calibration opnorm-v1-tfim-open-mpf-new-m8; fixed formal powers,"{""empirical_coefficient"":0.0001180059}",False,ideal-mpf,False,ordered individual Pauli terms,"[""the fixed formal-order powers in time and segments apply"",""the empirical estimate concerns the repeated ideal MPF operator"",""the reviewed affine size calibration extrapolates as flagged""]",,0.0,0.0,False,False,{},repeated-shared-ancilla-good-block,False,False,0.0011330328706147508,new,"[1,2,3,4,5,6,11,29]","[-3.280633240950701e-11,1.38314223008236e-06,-0.00042434045620952707,0.013663236344294543,-0.0975962105352182,0.17214651362521294,-0.39147182230350597,1.3036812402160025]",1.9789847466554802,0.021015253344519813,61.0,registered-exact,True,8.0,4.0,2.0,5.0,10.0,6.0,6.0,3.0,2.0,3.0,2.0,one robust OAA round per segment,33.0,branch register all-zero,,33.0,1222848.0,3498.0,-1.0,128413032.0,1842179.0,analytical-model,0.00012589254117941674,opnorm-v1-tfim-open-mpf-new-m8,transverse_field_ising,affine-aN-plus-b,0.0001180059,4.0,12.0,4.0,12.0,True,True,asymptotic-domain,0.1.0,3.11.9,2.5.0,b58b31db18364511c43757e27fffc7abce8df2c1,True,ok,,
1.0,transverse_field_ising:N026,-2.9,commutator,,8.0,3809.0,2.0,a8fa234e-a646-4911-8402-a67c302db4ae,2026-08-12T00:11:58.358108+00:00,c1ad72de628f71283ac69037e9bbe97c3e773952f5abde5eac91397ca322d1a6,resource-grid,transverse_field_ising,TFIM-26,"{""coupling"":1.0,""field"":3.0,""periodic"":false}",26,26.0,proportional,1.0,0.0012589254117941675,103.0,51,mpf-j-mizuta2026-theorem6-mizuta2026-commutator-ideal-rigorous,multiproduct,MPF J=Mizuta Theorem 6 (resolved per point) [Mizuta 2026 refined commutator],mizuta2026-commutator-ideal-rigorous,analytical,,8.0,16.0,mizuta2026-theorem6,5.000000000000001,0.0011330328706147508,3809.0,3807.0,,2817.0,"[""error""]",27.082909144904665,16.0,,,2.9424582386100043e-07,3.9253341467051835e-10,5.2679104611538416e-14,3.9248073556590677e-10,3.9253341467051835e-10,2.94638357275671e-07,0.001123537385456033,1.944807358119685e-05,False,0.009230913808498102,"[1.0000000000000002,1.0000000000000002,1.0000000000000002,1.0000000000000002,1.0000000000000002,1.0000000000000002,1.0000000000000002,1.0000000000000002,1.0000000000000002,1.0000000000000002,1.0000000000000002,1.0000000000000002,1.0000000000000002,1.0000000000000002,1.0000000000000002,1.0000000000000002,1.0000000000000002,1.0000000000000002,1.0000000000000002,1.0000000000000002,1.0000000000000002,1.0000000000000002,1.0000000000000002,1.0000000000000002,1.0000000000000002,1.0000000000000002,1.0000000000000002,1.0000000000000002,1.0000000000000002,1.0000000000000002,1.0000000000000002,1.0000000000000002,1.0000000000000002,1.0000000000000002,1.0000000000000002,1.0000000000000002,1.0000000000000002,1.0000000000000002,1.0000000000000002,1.0000000000000002,1.0000000000000002,1.0000000000000002,1.0000000000000002,1.0000000000000002,1.0000000000000002,1.0000000000000002,1.0000000000000002,1.0000000000000002,1.0000000000000002,1.0000000000000002,1.0000000000000002]",5.0000000000000036,16.0,False,,not-used,commutator,mizuta2026-commutator-ideal-rigorous,[],697047.0,,,,0.001123537385456033,1.9406621136771642e+30,mizuta2026-commutator-ideal-rigorous,"Mizuta, Quantum 10, 1974 (2026), arXiv:2507.06557v4","Theorem 4, Eqs. (47)--(49), with direct Lemmas 9--10 BCH remainder","{""error_predicate_satisfied"":1.0,""extensiveness_g"":5.000000000000001,""joint_predicate_satisfied"":1.0,""legacy_first_condition_passed"":0.0,""legacy_first_time_limit"":1.944807358119685e-05,""local_commutator_error"":2.9424582386100043e-07,""local_step_error"":2.94638357275671e-07,""local_truncated_bch_error"":3.9253341467051835e-10,""locality_k"":2.0,""mu_upper"":27.082909144904665,""refined_lemma10_remainder"":3.9248073556590677e-10,""refined_lemma9_remainder"":5.2679104611538416e-14,""refined_tail_fallback"":0.0,""repeated_global_error"":0.001123537385456033,""schedule_weighted_extensiveness"":5.0000000000000036,""second_time_limit"":0.009230913808498102,""time_2_predicate_satisfied"":1.0,""total_branchwise_bch_remainder"":3.9253341467051835e-10,""truncation_order_p0"":16.0}",True,ideal-mpf,True,ordered individual Pauli terms,"[""individual Pauli summands define the ordered H_gamma decomposition"",""the actual Strang factors define schedule-weighted g_alpha extensiveness"",""Lemma 9 and Lemma 10 positive majorants directly certify the BCH remainder"",""the scalar-flow/Cauchy refined tail certificate is used"",""Theorem 4 second time hypothesis is satisfied"",""the repeated ideal MPF is composed with the Eq. (15) telescoping argument""]",,16.0,16.0,True,False,"{""2"":600.0000000000006,""3"":9552.000000000015,""4"":123360.00000000028,""5"":1964352.0000000058,""6"":26700288.0000001,""7"":425270784.0000019,""8"":5979429888.000031,""9"":95261352960.00056,""10"":1370647707648.0093,""11"":21841531576320.16,""12"":319438646181890.56,""13"":5091367662354477.0,""14"":7.536422163185736e+16,""15"":1.2014098258557788e+18,""16"":1.7947659133030955e+19}",repeated-shared-ancilla-good-block,True,False,0.0011330328706147508,new,"[1,2,3,4,5,6,11,29]","[-3.280633240950701e-11,1.38314223008236e-06,-0.00042434045620952707,0.013663236344294543,-0.0975962105352182,0.17214651362521294,-0.39147182230350597,1.3036812402160025]",1.9789847466554802,0.021015253344519813,61.0,registered-exact,True,8.0,4.0,2.0,5.0,10.0,6.0,6.0,3.0,2.0,3.0,2.0,one robust OAA round per segment,3809.0,branch register all-zero,,33.0,141146304.0,403754.0,-1.0,17786049320.0,212632048.0,analytical-model,0.00012589254117941674,,,,,,,,,,,,0.1.0,3.11.9,2.5.0,b58b31db18364511c43757e27fffc7abce8df2c1,True,ok,,
1.0,transverse_field_ising:N026,-3.0,commutator,82557.0,,,2.0,a8fa234e-a646-4911-8402-a67c302db4ae,2026-08-12T00:11:58.358108+00:00,c1ad72de628f71283ac69037e9bbe97c3e773952f5abde5eac91397ca322d1a6,resource-grid,transverse_field_ising,TFIM-26,"{""coupling"":1.0,""field"":3.0,""periodic"":false}",26,26.0,proportional,1.0,0.001,103.0,51,trotter-p2,trotter,Trotter p=2,analytical,analytical,2.0,,,,,,82557.0,,,,,,,,,,,,,,,,,,,,,,,,,,,,,,individual,51.0,0.0008999899607495712,349.0,childs-commutator,"Childs, Su, Tran, Wiebe, and Zhu, arXiv:1912.08854",Propositions 9--10,"{""prefactor"":349.0}",True,implemented-product-formula,True,,"[""the resolved ordered Hamiltonian groups match the implemented formula""]",,,,,,,implemented-product-formula,True,True,0.0009000000000000001,,,,,,,,,,,,,,,,,,,1.0,none,0.0,system register,1.0,26.0,8338257.0,0.0,-1.0,958899555.0,8174762.0,analytical-model,0.0001,,,,,,,,,,,,0.1.0,3.11.9,2.5.0,b58b31db18364511c43757e27fffc7abce8df2c1,True,ok,,
1.0,transverse_field_ising:N026,-3.0,empirical,21810.0,,,2.0,a8fa234e-a646-4911-8402-a67c302db4ae,2026-08-12T00:11:58.358108+00:00,c1ad72de628f71283ac69037e9bbe97c3e773952f5abde5eac91397ca322d1a6,resource-grid,transverse_field_ising,TFIM-26,"{""coupling"":1.0,""field"":3.0,""periodic"":false}",26,26.0,proportional,1.0,0.001,103.0,51,trotter-p2-empirical,trotter,Trotter p=2 [empirical],empirical-operator-norm,empirical,2.0,,,,,,21810.0,,,,,,,,,,,,,,,,,,,,,,,,,,,,,,individual,51.0,0.0008999338984391083,24.3557719087,empirical-operator-norm,Repository empirical operator-norm calibration study v1 (2026-08-10),reviewed calibration opnorm-v1-tfim-open-trotter-p2; artifact docs/calibration_data/empirical_1d_v1_accepted.json,"{""prefactor"":24.3557719087}",False,implemented-product-formula,False,,"[""the resolved ordered Hamiltonian groups match the implemented formula"",""the fixed formal-order powers in time and segments apply"",""the reviewed affine size calibration extrapolates as flagged""]",,,,,,,implemented-product-formula,False,False,0.0009000000000000001,,,,,,,,,,,,,,,,,,,1.0,none,0.0,system register,1.0,26.0,2202810.0,0.0,-1.0,240106290.0,2159618.0,analytical-model,0.0001,opnorm-v1-tfim-open-trotter-p2,transverse_field_ising,affine-aN-plus-b,24.3557719087,4.0,12.0,4.0,12.0,True,True,formula,0.1.0,3.11.9,2.5.0,b58b31db18364511c43757e27fffc7abce8df2c1,True,ok,,
1.0,transverse_field_ising:N026,-3.0,commutator,3056.0,,,2.0,a8fa234e-a646-4911-8402-a67c302db4ae,2026-08-12T00:11:58.358108+00:00,c1ad72de628f71283ac69037e9bbe97c3e773952f5abde5eac91397ca322d1a6,resource-grid,transverse_field_ising,TFIM-26,"{""coupling"":1.0,""field"":3.0,""periodic"":false}",26,26.0,proportional,1.0,0.001,103.0,51,trotter-p4,trotter,Trotter p=4,analytical,analytical,4.0,,,,,,3056.0,,,,,,,,,,,,,,,,,,,,,,,,,,,,,,commuting,2.0,0.00089988631436768,6605.935163086014,schubert-mendl-commutator,"Schubert and Mendl, arXiv:2306.10603",Theorem 1,"{""prefactor"":6605.935163086014}",True,implemented-product-formula,True,,"[""the resolved ordered Hamiltonian groups match the implemented formula""]",,,,,,,implemented-product-formula,True,True,0.0009000000000000001,,,,,,,,,,,,,,,,,,,1.0,none,0.0,system register,1.0,26.0,1176560.0,0.0,-1.0,124715360.0,1153491.0,analytical-model,0.0001,,,,,,,,,,,,0.1.0,3.11.9,2.5.0,b58b31db18364511c43757e27fffc7abce8df2c1,True,ok,,
1.0,transverse_field_ising:N026,-3.0,empirical,614.0,,,2.0,a8fa234e-a646-4911-8402-a67c302db4ae,2026-08-12T00:11:58.358108+00:00,c1ad72de628f71283ac69037e9bbe97c3e773952f5abde5eac91397ca322d1a6,resource-grid,transverse_field_ising,TFIM-26,"{""coupling"":1.0,""field"":3.0,""periodic"":false}",26,26.0,proportional,1.0,0.001,103.0,51,trotter-p4-empirical,trotter,Trotter p=4 [empirical],empirical-operator-norm,empirical,4.0,,,,,,614.0,,,,,,,,,,,,,,,,,,,,,,,,,,,,,,commuting,2.0,0.0008944306696739123,10.6992522635,empirical-operator-norm,Repository empirical operator-norm calibration study v1 (2026-08-10),reviewed calibration opnorm-v1-tfim-open-trotter-p4; artifact docs/calibration_data/empirical_1d_v1_accepted.json,"{""prefactor"":10.6992522635}",False,implemented-product-formula,False,,"[""the resolved ordered Hamiltonian groups match the implemented formula"",""the fixed formal-order powers in time and segments apply"",""the reviewed affine size calibration extrapolates as flagged""]",,,,,,,implemented-product-formula,False,False,0.0009000000000000001,,,,,,,,,,,,,,,,,,,1.0,none,0.0,system register,1.0,26.0,236390.0,0.0,-1.0,23402610.0,231755.0,analytical-model,0.0001,opnorm-v1-tfim-open-trotter-p4,transverse_field_ising,affine-aN-plus-b,10.6992522635,4.0,12.0,4.0,12.0,True,True,formula,0.1.0,3.11.9,2.5.0,b58b31db18364511c43757e27fffc7abce8df2c1,True,ok,,
1.0,transverse_field_ising:N026,-3.0,commutator,1472.0,,,2.0,a8fa234e-a646-4911-8402-a67c302db4ae,2026-08-12T00:11:58.358108+00:00,c1ad72de628f71283ac69037e9bbe97c3e773952f5abde5eac91397ca322d1a6,resource-grid,transverse_field_ising,TFIM-26,"{""coupling"":1.0,""field"":3.0,""periodic"":false}",26,26.0,proportional,1.0,0.001,103.0,51,trotter-p6,trotter,Trotter p=6,analytical,analytical,6.0,,,,,,1472.0,,,,,,,,,,,,,,,,,,,,,,,,,,,,,,commuting,2.0,0.0008983962475779825,1137892.810662982,schubert-mendl-commutator,"Schubert and Mendl, arXiv:2306.10603",Theorem 1,"{""prefactor"":1137892.810662982}",True,implemented-product-formula,True,,"[""the resolved ordered Hamiltonian groups match the implemented formula""]",,,,,,,implemented-product-formula,True,True,0.0009000000000000001,,,,,,,,,,,,,,,,,,,1.0,none,0.0,system register,1.0,26.0,2833600.0,0.0,-1.0,311696000.0,2778040.0,analytical-model,0.0001,,,,,,,,,,,,0.1.0,3.11.9,2.5.0,b58b31db18364511c43757e27fffc7abce8df2c1,True,ok,,
1.0,transverse_field_ising:N026,-3.0,empirical,208.0,,,2.0,a8fa234e-a646-4911-8402-a67c302db4ae,2026-08-12T00:11:58.358108+00:00,c1ad72de628f71283ac69037e9bbe97c3e773952f5abde5eac91397ca322d1a6,resource-grid,transverse_field_ising,TFIM-26,"{""coupling"":1.0,""field"":3.0,""periodic"":false}",26,26.0,proportional,1.0,0.001,103.0,51,trotter-p6-empirical,trotter,Trotter p=6 [empirical],empirical-operator-norm,empirical,6.0,,,,,,208.0,,,,,,,,,,,,,,,,,,,,,,,,,,,,,,commuting,2.0,1.9291067797088607e-05,0.1945014491,empirical-operator-norm,Repository empirical operator-norm calibration study v1 (2026-08-10),reviewed calibration opnorm-v1-tfim-open-trotter-p6; artifact docs/calibration_data/empirical_1d_v1_accepted.json,"{""prefactor"":0.1945014491}",False,implemented-product-formula,False,,"[""the resolved ordered Hamiltonian groups match the implemented formula"",""the fixed formal-order powers in time and segments apply"",""the reviewed affine size calibration extrapolates as flagged""]",,,,,,,implemented-product-formula,False,False,0.0009000000000000001,,,,,,,,,,,,,,,,,,,1.0,none,0.0,system register,1.0,26.0,400400.0,0.0,-1.0,40440400.0,392550.0,analytical-model,0.0001,opnorm-v1-tfim-open-trotter-p6,transverse_field_ising,affine-aN-plus-b,0.1945014491,4.0,12.0,4.0,12.0,True,True,asymptotic-domain,0.1.0,3.11.9,2.5.0,b58b31db18364511c43757e27fffc7abce8df2c1,True,ok,,
1.0,transverse_field_ising:N026,-3.0,jacobi-anger,,,,2.0,a8fa234e-a646-4911-8402-a67c302db4ae,2026-08-12T00:11:58.358108+00:00,c1ad72de628f71283ac69037e9bbe97c3e773952f5abde5eac91397ca322d1a6,resource-grid,transverse_field_ising,TFIM-26,"{""coupling"":1.0,""field"":3.0,""periodic"":false}",26,26.0,proportional,1.0,0.001,103.0,51,qsvt,qsvt,QSVT,jacobi-anger-rigorous,analytical,,,,,,,,,,,,,,,,,,,,,,,,,,,,,,,,,,,21867.0,3645.0,,,0.00019527022895243562,,jacobi-anger-polynomial-oaa,"Martyn et al., arXiv:2105.02859, Eqs. (76)--(77)",Jacobi--Anger tails plus exact cubic OAA identity,"{""oaa-unitarity-defect-distortion"":9.764226312363011e-05,""scaled-polynomial-error"":9.76279658288055e-05}",True,ideal-qsvt-oaa-good-block,True,,"[""the cosine and sine polynomials are implemented exactly"",""the unamplified good block is exactly Q/2""]",,,,,,,implemented-qsvt-floating-phase-circuit,False,False,0.0009000000000000001,,,,,,,,,,,,,,,,,,,2.0,one robust OAA round,1.0,"component, quadrature, and index registers all-zero",,40.0,2798988.0,6997538.0,-1.0,335878832.0,46358628.0,analytical-model,0.0001,,,,,,,,,,,,0.1.0,3.11.9,2.5.0,b58b31db18364511c43757e27fffc7abce8df2c1,True,ok,,
1.0,transverse_field_ising:N026,-3.0,empirical,,8.0,33.0,2.0,a8fa234e-a646-4911-8402-a67c302db4ae,2026-08-12T00:11:58.358108+00:00,c1ad72de628f71283ac69037e9bbe97c3e773952f5abde5eac91397ca322d1a6,resource-grid,transverse_field_ising,TFIM-26,"{""coupling"":1.0,""field"":3.0,""periodic"":false}",26,26.0,proportional,1.0,0.001,103.0,51,mpf-j-mizuta2026-theorem6-empirical-operator-norm,multiproduct,MPF J=Mizuta Theorem 6 (resolved per point) [empirical operator norm],empirical-operator-norm,empirical,,8.0,16.0,mizuta2026-theorem6,5.000000000000001,0.0009000000000000001,33.0,,,,[],,,,,,,,,,,,,,,[],,,,,,,empirical-operator-norm,[],6039.0,,,,6.76437380308384e-05,0.0001180059,empirical-operator-norm,Repository empirical operator-norm calibration study v1 (2026-08-10),reviewed calibration opnorm-v1-tfim-open-mpf-new-m8; fixed formal powers,"{""empirical_coefficient"":0.0001180059}",False,ideal-mpf,False,ordered individual Pauli terms,"[""the fixed formal-order powers in time and segments apply"",""the empirical estimate concerns the repeated ideal MPF operator"",""the reviewed affine size calibration extrapolates as flagged""]",,0.0,0.0,False,False,{},repeated-shared-ancilla-good-block,False,False,0.0009000000000000001,new,"[1,2,3,4,5,6,11,29]","[-3.280633240950701e-11,1.38314223008236e-06,-0.00042434045620952707,0.013663236344294543,-0.0975962105352182,0.17214651362521294,-0.39147182230350597,1.3036812402160025]",1.9789847466554802,0.021015253344519813,61.0,registered-exact,True,8.0,4.0,2.0,5.0,10.0,6.0,6.0,3.0,2.0,3.0,2.0,one robust OAA round per segment,33.0,branch register all-zero,,33.0,1222848.0,3498.0,-1.0,129635880.0,1842179.0,analytical-model,0.0001,opnorm-v1-tfim-open-mpf-new-m8,transverse_field_ising,affine-aN-plus-b,0.0001180059,4.0,12.0,4.0,12.0,True,True,asymptotic-domain,0.1.0,3.11.9,2.5.0,b58b31db18364511c43757e27fffc7abce8df2c1,True,ok,,
1.0,transverse_field_ising:N026,-3.0,commutator,,8.0,3862.0,2.0,a8fa234e-a646-4911-8402-a67c302db4ae,2026-08-12T00:11:58.358108+00:00,c1ad72de628f71283ac69037e9bbe97c3e773952f5abde5eac91397ca322d1a6,resource-grid,transverse_field_ising,TFIM-26,"{""coupling"":1.0,""field"":3.0,""periodic"":false}",26,26.0,proportional,1.0,0.001,103.0,51,mpf-j-mizuta2026-theorem6-mizuta2026-commutator-ideal-rigorous,multiproduct,MPF J=Mizuta Theorem 6 (resolved per point) [Mizuta 2026 refined commutator],mizuta2026-commutator-ideal-rigorous,analytical,,8.0,16.0,mizuta2026-theorem6,5.000000000000001,0.0009000000000000001,3862.0,3862.0,,2817.0,"[""error""]",27.082909144904665,16.0,,,2.3264207481863032e-07,1.421757607704893e-12,4.838709243458801e-14,1.3733705152703047e-12,1.421757607704893e-12,2.3264349657623805e-07,0.0008992765840986466,1.944807358119685e-05,False,0.009230913808498102,"[1.0000000000000002,1.0000000000000002,1.0000000000000002,1.0000000000000002,1.0000000000000002,1.0000000000000002,1.0000000000000002,1.0000000000000002,1.0000000000000002,1.0000000000000002,1.0000000000000002,1.0000000000000002,1.0000000000000002,1.0000000000000002,1.0000000000000002,1.0000000000000002,1.0000000000000002,1.0000000000000002,1.0000000000000002,1.0000000000000002,1.0000000000000002,1.0000000000000002,1.0000000000000002,1.0000000000000002,1.0000000000000002,1.0000000000000002,1.0000000000000002,1.0000000000000002,1.0000000000000002,1.0000000000000002,1.0000000000000002,1.0000000000000002,1.0000000000000002,1.0000000000000002,1.0000000000000002,1.0000000000000002,1.0000000000000002,1.0000000000000002,1.0000000000000002,1.0000000000000002,1.0000000000000002,1.0000000000000002,1.0000000000000002,1.0000000000000002,1.0000000000000002,1.0000000000000002,1.0000000000000002,1.0000000000000002,1.0000000000000002,1.0000000000000002,1.0000000000000002]",5.0000000000000036,16.0,False,,not-used,commutator,mizuta2026-commutator-ideal-rigorous,[],706746.0,,,,0.0008992765840986466,1.9406621136771642e+30,mizuta2026-commutator-ideal-rigorous,"Mizuta, Quantum 10, 1974 (2026), arXiv:2507.06557v4","Theorem 4, Eqs. (47)--(49), with direct Lemmas 9--10 BCH remainder","{""error_predicate_satisfied"":1.0,""extensiveness_g"":5.000000000000001,""joint_predicate_satisfied"":1.0,""legacy_first_condition_passed"":0.0,""legacy_first_time_limit"":1.944807358119685e-05,""local_commutator_error"":2.3264207481863032e-07,""local_step_error"":2.3264349657623805e-07,""local_truncated_bch_error"":1.421757607704893e-12,""locality_k"":2.0,""mu_upper"":27.082909144904665,""refined_lemma10_remainder"":1.3733705152703047e-12,""refined_lemma9_remainder"":4.838709243458801e-14,""refined_tail_fallback"":0.0,""repeated_global_error"":0.0008992765840986466,""schedule_weighted_extensiveness"":5.0000000000000036,""second_time_limit"":0.009230913808498102,""time_2_predicate_satisfied"":1.0,""total_branchwise_bch_remainder"":1.421757607704893e-12,""truncation_order_p0"":16.0}",True,ideal-mpf,True,ordered individual Pauli terms,"[""individual Pauli summands define the ordered H_gamma decomposition"",""the actual Strang factors define schedule-weighted g_alpha extensiveness"",""Lemma 9 and Lemma 10 positive majorants directly certify the BCH remainder"",""the scalar-flow/Cauchy refined tail certificate is used"",""Theorem 4 second time hypothesis is satisfied"",""the repeated ideal MPF is composed with the Eq. (15) telescoping argument""]",,16.0,16.0,True,False,"{""2"":600.0000000000006,""3"":9552.000000000015,""4"":123360.00000000028,""5"":1964352.0000000058,""6"":26700288.0000001,""7"":425270784.0000019,""8"":5979429888.000031,""9"":95261352960.00056,""10"":1370647707648.0093,""11"":21841531576320.16,""12"":319438646181890.56,""13"":5091367662354477.0,""14"":7.536422163185736e+16,""15"":1.2014098258557788e+18,""16"":1.7947659133030955e+19}",repeated-shared-ancilla-good-block,True,False,0.0009000000000000001,new,"[1,2,3,4,5,6,11,29]","[-3.280633240950701e-11,1.38314223008236e-06,-0.00042434045620952707,0.013663236344294543,-0.0975962105352182,0.17214651362521294,-0.39147182230350597,1.3036812402160025]",1.9789847466554802,0.021015253344519813,61.0,registered-exact,True,8.0,4.0,2.0,5.0,10.0,6.0,6.0,3.0,2.0,3.0,2.0,one robust OAA round per segment,3862.0,branch register all-zero,,33.0,143110272.0,409372.0,-1.0,18176642032.0,215590698.0,analytical-model,0.0001,,,,,,,,,,,,0.1.0,3.11.9,2.5.0,b58b31db18364511c43757e27fffc7abce8df2c1,True,ok,,
1.0,transverse_field_ising:N026,-3.1,commutator,92630.0,,,2.0,a8fa234e-a646-4911-8402-a67c302db4ae,2026-08-12T00:11:58.358108+00:00,c1ad72de628f71283ac69037e9bbe97c3e773952f5abde5eac91397ca322d1a6,resource-grid,transverse_field_ising,TFIM-26,"{""coupling"":1.0,""field"":3.0,""periodic"":false}",26,26.0,proportional,1.0,0.0007943282347242813,103.0,51,trotter-p2,trotter,Trotter p=2,analytical,analytical,2.0,,,,,,92630.0,,,,,,,,,,,,,,,,,,,,,,,,,,,,,,individual,51.0,0.0007148948076731293,349.0,childs-commutator,"Childs, Su, Tran, Wiebe, and Zhu, arXiv:1912.08854",Propositions 9--10,"{""prefactor"":349.0}",True,implemented-product-formula,True,,"[""the resolved ordered Hamiltonian groups match the implemented formula""]",,,,,,,implemented-product-formula,True,True,0.0007148954112518532,,,,,,,,,,,,,,,,,,,1.0,none,0.0,system register,1.0,26.0,9355630.0,0.0,-1.0,1085253080.0,9172187.0,analytical-model,7.943282347242814e-05,,,,,,,,,,,,0.1.0,3.11.9,2.5.0,b58b31db18364511c43757e27fffc7abce8df2c1,True,ok,,
1.0,transverse_field_ising:N026,-3.1,empirical,24471.0,,,2.0,a8fa234e-a646-4911-8402-a67c302db4ae,2026-08-12T00:11:58.358108+00:00,c1ad72de628f71283ac69037e9bbe97c3e773952f5abde5eac91397ca322d1a6,resource-grid,transverse_field_ising,TFIM-26,"{""coupling"":1.0,""field"":3.0,""periodic"":false}",26,26.0,proportional,1.0,0.0007943282347242813,103.0,51,trotter-p2-empirical,trotter,Trotter p=2 [empirical],empirical-operator-norm,empirical,2.0,,,,,,24471.0,,,,,,,,,,,,,,,,,,,,,,,,,,,,,,individual,51.0,0.0007148559035609431,24.3557719087,empirical-operator-norm,Repository empirical operator-norm calibration study v1 (2026-08-10),reviewed calibration opnorm-v1-tfim-open-trotter-p2; artifact docs/calibration_data/empirical_1d_v1_accepted.json,"{""prefactor"":24.3557719087}",False,implemented-product-formula,False,,"[""the resolved ordered Hamiltonian groups match the implemented formula"",""the fixed formal-order powers in time and segments apply"",""the reviewed affine size calibration extrapolates as flagged""]",,,,,,,implemented-product-formula,False,False,0.0007148954112518532,,,,,,,,,,,,,,,,,,,1.0,none,0.0,system register,1.0,26.0,2471571.0,0.0,-1.0,271872810.0,2423109.0,analytical-model,7.943282347242814e-05,opnorm-v1-tfim-open-trotter-p2,transverse_field_ising,affine-aN-plus-b,24.3557719087,4.0,12.0,4.0,12.0,True,True,formula,0.1.0,3.11.9,2.5.0,b58b31db18364511c43757e27fffc7abce8df2c1,True,ok,,
1.0,transverse_field_ising:N026,-3.1,commutator,3237.0,,,2.0,a8fa234e-a646-4911-8402-a67c302db4ae,2026-08-12T00:11:58.358108+00:00,c1ad72de628f71283ac69037e9bbe97c3e773952f5abde5eac91397ca322d1a6,resource-grid,transverse_field_ising,TFIM-26,"{""coupling"":1.0,""field"":3.0,""periodic"":false}",26,26.0,proportional,1.0,0.0007943282347242813,103.0,51,trotter-p4,trotter,Trotter p=4,analytical,analytical,4.0,,,,,,3237.0,,,,,,,,,,,,,,,,,,,,,,,,,,,,,,commuting,2.0,0.0007148752296046919,6605.935163086014,schubert-mendl-commutator,"Schubert and Mendl, arXiv:2306.10603",Theorem 1,"{""prefactor"":6605.935163086014}",True,implemented-product-formula,True,,"[""the resolved ordered Hamiltonian groups match the implemented formula""]",,,,,,,implemented-product-formula,True,True,0.0007148954112518532,,,,,,,,,,,,,,,,,,,1.0,none,0.0,system register,1.0,26.0,1246245.0,0.0,-1.0,133348215.0,1221809.0,analytical-model,7.943282347242814e-05,,,,,,,,,,,,0.1.0,3.11.9,2.5.0,b58b31db18364511c43757e27fffc7abce8df2c1,True,ok,,
1.0,transverse_field_ising:N026,-3.1,empirical,650.0,,,2.0,a8fa234e-a646-4911-8402-a67c302db4ae,2026-08-12T00:11:58.358108+00:00,c1ad72de628f71283ac69037e9bbe97c3e773952f5abde5eac91397ca322d1a6,resource-grid,transverse_field_ising,TFIM-26,"{""coupling"":1.0,""field"":3.0,""periodic"":false}",26,26.0,proportional,1.0,0.0007943282347242813,103.0,51,trotter-p4-empirical,trotter,Trotter p=4 [empirical],empirical-operator-norm,empirical,4.0,,,,,,650.0,,,,,,,,,,,,,,,,,,,,,,,,,,,,,,commuting,2.0,0.00071214223065856,10.6992522635,empirical-operator-norm,Repository empirical operator-norm calibration study v1 (2026-08-10),reviewed calibration opnorm-v1-tfim-open-trotter-p4; artifact docs/calibration_data/empirical_1d_v1_accepted.json,"{""prefactor"":10.6992522635}",False,implemented-product-formula,False,,"[""the resolved ordered Hamiltonian groups match the implemented formula"",""the fixed formal-order powers in time and segments apply"",""the reviewed affine size calibration extrapolates as flagged""]",,,,,,,implemented-product-formula,False,False,0.0007148954112518532,,,,,,,,,,,,,,,,,,,1.0,none,0.0,system register,1.0,26.0,250250.0,0.0,-1.0,25025000.0,245344.0,analytical-model,7.943282347242814e-05,opnorm-v1-tfim-open-trotter-p4,transverse_field_ising,affine-aN-plus-b,10.6992522635,4.0,12.0,4.0,12.0,True,True,formula,0.1.0,3.11.9,2.5.0,b58b31db18364511c43757e27fffc7abce8df2c1,True,ok,,
1.0,transverse_field_ising:N026,-3.1,commutator,1530.0,,,2.0,a8fa234e-a646-4911-8402-a67c302db4ae,2026-08-12T00:11:58.358108+00:00,c1ad72de628f71283ac69037e9bbe97c3e773952f5abde5eac91397ca322d1a6,resource-grid,transverse_field_ising,TFIM-26,"{""coupling"":1.0,""field"":3.0,""periodic"":false}",26,26.0,proportional,1.0,0.0007943282347242813,103.0,51,trotter-p6,trotter,Trotter p=6,analytical,analytical,6.0,,,,,,1530.0,,,,,,,,,,,,,,,,,,,,,,,,,,,,,,commuting,2.0,0.0007124693801892496,1137892.810662982,schubert-mendl-commutator,"Schubert and Mendl, arXiv:2306.10603",Theorem 1,"{""prefactor"":1137892.810662982}",True,implemented-product-formula,True,,"[""the resolved ordered Hamiltonian groups match the implemented formula""]",,,,,,,implemented-product-formula,True,True,0.0007148954112518532,,,,,,,,,,,,,,,,,,,1.0,none,0.0,system register,1.0,26.0,2945250.0,0.0,-1.0,326922750.0,2887500.0,analytical-model,7.943282347242814e-05,,,,,,,,,,,,0.1.0,3.11.9,2.5.0,b58b31db18364511c43757e27fffc7abce8df2c1,True,ok,,
1.0,transverse_field_ising:N026,-3.1,empirical,208.0,,,2.0,a8fa234e-a646-4911-8402-a67c302db4ae,2026-08-12T00:11:58.358108+00:00,c1ad72de628f71283ac69037e9bbe97c3e773952f5abde5eac91397ca322d1a6,resource-grid,transverse_field_ising,TFIM-26,"{""coupling"":1.0,""field"":3.0,""periodic"":false}",26,26.0,proportional,1.0,0.0007943282347242813,103.0,51,trotter-p6-empirical,trotter,Trotter p=6 [empirical],empirical-operator-norm,empirical,6.0,,,,,,208.0,,,,,,,,,,,,,,,,,,,,,,,,,,,,,,commuting,2.0,1.9291067797088607e-05,0.1945014491,empirical-operator-norm,Repository empirical operator-norm calibration study v1 (2026-08-10),reviewed calibration opnorm-v1-tfim-open-trotter-p6; artifact docs/calibration_data/empirical_1d_v1_accepted.json,"{""prefactor"":0.1945014491}",False,implemented-product-formula,False,,"[""the resolved ordered Hamiltonian groups match the implemented formula"",""the fixed formal-order powers in time and segments apply"",""the reviewed affine size calibration extrapolates as flagged""]",,,,,,,implemented-product-formula,False,False,0.0007148954112518532,,,,,,,,,,,,,,,,,,,1.0,none,0.0,system register,1.0,26.0,400400.0,0.0,-1.0,40840800.0,392550.0,analytical-model,7.943282347242814e-05,opnorm-v1-tfim-open-trotter-p6,transverse_field_ising,affine-aN-plus-b,0.1945014491,4.0,12.0,4.0,12.0,True,True,asymptotic-domain,0.1.0,3.11.9,2.5.0,b58b31db18364511c43757e27fffc7abce8df2c1,True,ok,,
1.0,transverse_field_ising:N026,-3.1,jacobi-anger,,,,2.0,a8fa234e-a646-4911-8402-a67c302db4ae,2026-08-12T00:11:58.358108+00:00,c1ad72de628f71283ac69037e9bbe97c3e773952f5abde5eac91397ca322d1a6,resource-grid,transverse_field_ising,TFIM-26,"{""coupling"":1.0,""field"":3.0,""periodic"":false}",26,26.0,proportional,1.0,0.0007943282347242813,103.0,51,qsvt,qsvt,QSVT,jacobi-anger-rigorous,analytical,,,,,,,,,,,,,,,,,,,,,,,,,,,,,,,,,,,21867.0,3645.0,,,0.0001747011787736881,,jacobi-anger-polynomial-oaa,"Martyn et al., arXiv:2105.02859, Eqs. (76)--(77)",Jacobi--Anger tails plus exact cubic OAA identity,"{""oaa-unitarity-defect-distortion"":8.735631139782798e-05,""scaled-polynomial-error"":8.734486737586012e-05}",True,ideal-qsvt-oaa-good-block,True,,"[""the cosine and sine polynomials are implemented exactly"",""the unamplified good block is exactly Q/2""]",,,,,,,implemented-qsvt-floating-phase-circuit,False,False,0.0007148954112518532,,,,,,,,,,,,,,,,,,,2.0,one robust OAA round,1.0,"component, quadrature, and index registers all-zero",,40.0,2798988.0,6997538.0,-1.0,338677820.0,46358628.0,analytical-model,7.943282347242814e-05,,,,,,,,,,,,0.1.0,3.11.9,2.5.0,b58b31db18364511c43757e27fffc7abce8df2c1,True,ok,,
1.0,transverse_field_ising:N026,-3.1,empirical,,8.0,33.0,2.0,a8fa234e-a646-4911-8402-a67c302db4ae,2026-08-12T00:11:58.358108+00:00,c1ad72de628f71283ac69037e9bbe97c3e773952f5abde5eac91397ca322d1a6,resource-grid,transverse_field_ising,TFIM-26,"{""coupling"":1.0,""field"":3.0,""periodic"":false}",26,26.0,proportional,1.0,0.0007943282347242813,103.0,51,mpf-j-mizuta2026-theorem6-empirical-operator-norm,multiproduct,MPF J=Mizuta Theorem 6 (resolved per point) [empirical operator norm],empirical-operator-norm,empirical,,8.0,16.0,mizuta2026-theorem6,5.000000000000001,0.0007148954112518532,33.0,,,,[],,,,,,,,,,,,,,,[],,,,,,,empirical-operator-norm,[],6039.0,,,,6.76437380308384e-05,0.0001180059,empirical-operator-norm,Repository empirical operator-norm calibration study v1 (2026-08-10),reviewed calibration opnorm-v1-tfim-open-mpf-new-m8; fixed formal powers,"{""empirical_coefficient"":0.0001180059}",False,ideal-mpf,False,ordered individual Pauli terms,"[""the fixed formal-order powers in time and segments apply"",""the empirical estimate concerns the repeated ideal MPF operator"",""the reviewed affine size calibration extrapolates as flagged""]",,0.0,0.0,False,False,{},repeated-shared-ancilla-good-block,False,False,0.0007148954112518532,new,"[1,2,3,4,5,6,11,29]","[-3.280633240950701e-11,1.38314223008236e-06,-0.00042434045620952707,0.013663236344294543,-0.0975962105352182,0.17214651362521294,-0.39147182230350597,1.3036812402160025]",1.9789847466554802,0.021015253344519813,61.0,registered-exact,True,8.0,4.0,2.0,5.0,10.0,6.0,6.0,3.0,2.0,3.0,2.0,one robust OAA round per segment,33.0,branch register all-zero,,33.0,1222848.0,3498.0,-1.0,130858728.0,1842179.0,analytical-model,7.943282347242814e-05,opnorm-v1-tfim-open-mpf-new-m8,transverse_field_ising,affine-aN-plus-b,0.0001180059,4.0,12.0,4.0,12.0,True,True,asymptotic-domain,0.1.0,3.11.9,2.5.0,b58b31db18364511c43757e27fffc7abce8df2c1,True,ok,,
1.0,transverse_field_ising:N026,-3.1,commutator,,8.0,3918.0,2.0,a8fa234e-a646-4911-8402-a67c302db4ae,2026-08-12T00:11:58.358108+00:00,c1ad72de628f71283ac69037e9bbe97c3e773952f5abde5eac91397ca322d1a6,resource-grid,transverse_field_ising,TFIM-26,"{""coupling"":1.0,""field"":3.0,""periodic"":false}",26,26.0,proportional,1.0,0.0007943282347242813,103.0,51,mpf-j-mizuta2026-theorem6-mizuta2026-commutator-ideal-rigorous,multiproduct,MPF J=Mizuta Theorem 6 (resolved per point) [Mizuta 2026 refined commutator],mizuta2026-commutator-ideal-rigorous,analytical,,8.0,16.0,mizuta2026-theorem6,5.000000000000001,0.0007148954112518532,3918.0,3918.0,,2817.0,"[""error""]",27.082909144904665,16.0,,,1.821383948025215e-07,1.0980503909001784e-12,4.428986814281518e-14,1.053760522757363e-12,1.0980503909001784e-12,1.8213949285291244e-07,0.0007141318417511989,1.944807358119685e-05,False,0.009230913808498102,"[1.0000000000000002,1.0000000000000002,1.0000000000000002,1.0000000000000002,1.0000000000000002,1.0000000000000002,1.0000000000000002,1.0000000000000002,1.0000000000000002,1.0000000000000002,1.0000000000000002,1.0000000000000002,1.0000000000000002,1.0000000000000002,1.0000000000000002,1.0000000000000002,1.0000000000000002,1.0000000000000002,1.0000000000000002,1.0000000000000002,1.0000000000000002,1.0000000000000002,1.0000000000000002,1.0000000000000002,1.0000000000000002,1.0000000000000002,1.0000000000000002,1.0000000000000002,1.0000000000000002,1.0000000000000002,1.0000000000000002,1.0000000000000002,1.0000000000000002,1.0000000000000002,1.0000000000000002,1.0000000000000002,1.0000000000000002,1.0000000000000002,1.0000000000000002,1.0000000000000002,1.0000000000000002,1.0000000000000002,1.0000000000000002,1.0000000000000002,1.0000000000000002,1.0000000000000002,1.0000000000000002,1.0000000000000002,1.0000000000000002,1.0000000000000002,1.0000000000000002]",5.0000000000000036,16.0,False,,not-used,commutator,mizuta2026-commutator-ideal-rigorous,[],716994.0,,,,0.0007141318417511989,1.9406621136771642e+30,mizuta2026-commutator-ideal-rigorous,"Mizuta, Quantum 10, 1974 (2026), arXiv:2507.06557v4","Theorem 4, Eqs. (47)--(49), with direct Lemmas 9--10 BCH remainder","{""error_predicate_satisfied"":1.0,""extensiveness_g"":5.000000000000001,""joint_predicate_satisfied"":1.0,""legacy_first_condition_passed"":0.0,""legacy_first_time_limit"":1.944807358119685e-05,""local_commutator_error"":1.821383948025215e-07,""local_step_error"":1.8213949285291244e-07,""local_truncated_bch_error"":1.0980503909001784e-12,""locality_k"":2.0,""mu_upper"":27.082909144904665,""refined_lemma10_remainder"":1.053760522757363e-12,""refined_lemma9_remainder"":4.428986814281518e-14,""refined_tail_fallback"":0.0,""repeated_global_error"":0.0007141318417511989,""schedule_weighted_extensiveness"":5.0000000000000036,""second_time_limit"":0.009230913808498102,""time_2_predicate_satisfied"":1.0,""total_branchwise_bch_remainder"":1.0980503909001784e-12,""truncation_order_p0"":16.0}",True,ideal-mpf,True,ordered individual Pauli terms,"[""individual Pauli summands define the ordered H_gamma decomposition"",""the actual Strang factors define schedule-weighted g_alpha extensiveness"",""Lemma 9 and Lemma 10 positive majorants directly certify the BCH remainder"",""the scalar-flow/Cauchy refined tail certificate is used"",""Theorem 4 second time hypothesis is satisfied"",""the repeated ideal MPF is composed with the Eq. (15) telescoping argument""]",,16.0,16.0,True,False,"{""2"":600.0000000000006,""3"":9552.000000000015,""4"":123360.00000000028,""5"":1964352.0000000058,""6"":26700288.0000001,""7"":425270784.0000019,""8"":5979429888.000031,""9"":95261352960.00056,""10"":1370647707648.0093,""11"":21841531576320.16,""12"":319438646181890.56,""13"":5091367662354477.0,""14"":7.536422163185736e+16,""15"":1.2014098258557788e+18,""16"":1.7947659133030955e+19}",repeated-shared-ancilla-good-block,True,False,0.0007148954112518532,new,"[1,2,3,4,5,6,11,29]","[-3.280633240950701e-11,1.38314223008236e-06,-0.00042434045620952707,0.013663236344294543,-0.0975962105352182,0.17214651362521294,-0.39147182230350597,1.3036812402160025]",1.9789847466554802,0.021015253344519813,61.0,registered-exact,True,8.0,4.0,2.0,5.0,10.0,6.0,6.0,3.0,2.0,3.0,2.0,one robust OAA round per segment,3918.0,branch register all-zero,,33.0,145185408.0,415308.0,-1.0,18585393456.0,218716819.0,analytical-model,7.943282347242814e-05,,,,,,,,,,,,0.1.0,3.11.9,2.5.0,b58b31db18364511c43757e27fffc7abce8df2c1,True,ok,,
1.0,transverse_field_ising:N026,-3.2,commutator,103933.0,,,2.0,a8fa234e-a646-4911-8402-a67c302db4ae,2026-08-12T00:11:58.358108+00:00,c1ad72de628f71283ac69037e9bbe97c3e773952f5abde5eac91397ca322d1a6,resource-grid,transverse_field_ising,TFIM-26,"{""coupling"":1.0,""field"":3.0,""periodic"":false}",26,26.0,proportional,1.0,0.000630957344480193,103.0,51,trotter-p2,trotter,Trotter p=2,analytical,analytical,2.0,,,,,,103933.0,,,,,,,,,,,,,,,,,,,,,,,,,,,,,,individual,51.0,0.0005678564254842877,349.0,childs-commutator,"Childs, Su, Tran, Wiebe, and Zhu, arXiv:1912.08854",Propositions 9--10,"{""prefactor"":349.0}",True,implemented-product-formula,True,,"[""the resolved ordered Hamiltonian groups match the implemented formula""]",,,,,,,implemented-product-formula,True,True,0.0005678616100321737,,,,,,,,,,,,,,,,,,,1.0,none,0.0,system register,1.0,26.0,10497233.0,0.0,-1.0,1238673494.0,10291405.0,analytical-model,6.30957344480193e-05,,,,,,,,,,,,0.1.0,3.11.9,2.5.0,b58b31db18364511c43757e27fffc7abce8df2c1,True,ok,,
1.0,transverse_field_ising:N026,-3.2,empirical,27457.0,,,2.0,a8fa234e-a646-4911-8402-a67c302db4ae,2026-08-12T00:11:58.358108+00:00,c1ad72de628f71283ac69037e9bbe97c3e773952f5abde5eac91397ca322d1a6,resource-grid,transverse_field_ising,TFIM-26,"{""coupling"":1.0,""field"":3.0,""periodic"":false}",26,26.0,proportional,1.0,0.000630957344480193,103.0,51,trotter-p2-empirical,trotter,Trotter p=2 [empirical],empirical-operator-norm,empirical,2.0,,,,,,27457.0,,,,,,,,,,,,,,,,,,,,,,,,,,,,,,individual,51.0,0.000567826654139328,24.3557719087,empirical-operator-norm,Repository empirical operator-norm calibration study v1 (2026-08-10),reviewed calibration opnorm-v1-tfim-open-trotter-p2; artifact docs/calibration_data/empirical_1d_v1_accepted.json,"{""prefactor"":24.3557719087}",False,implemented-product-formula,False,,"[""the resolved ordered Hamiltonian groups match the implemented formula"",""the fixed formal-order powers in time and segments apply"",""the reviewed affine size calibration extrapolates as flagged""]",,,,,,,implemented-product-formula,False,False,0.0005678616100321737,,,,,,,,,,,,,,,,,,,1.0,none,0.0,system register,1.0,26.0,2773157.0,0.0,-1.0,310593584.0,2718782.0,analytical-model,6.30957344480193e-05,opnorm-v1-tfim-open-trotter-p2,transverse_field_ising,affine-aN-plus-b,24.3557719087,4.0,12.0,4.0,12.0,True,True,formula,0.1.0,3.11.9,2.5.0,b58b31db18364511c43757e27fffc7abce8df2c1,True,ok,,
1.0,transverse_field_ising:N026,-3.2,commutator,3429.0,,,2.0,a8fa234e-a646-4911-8402-a67c302db4ae,2026-08-12T00:11:58.358108+00:00,c1ad72de628f71283ac69037e9bbe97c3e773952f5abde5eac91397ca322d1a6,resource-grid,transverse_field_ising,TFIM-26,"{""coupling"":1.0,""field"":3.0,""periodic"":false}",26,26.0,proportional,1.0,0.000630957344480193,103.0,51,trotter-p4,trotter,Trotter p=4,analytical,analytical,4.0,,,,,,3429.0,,,,,,,,,,,,,,,,,,,,,,,,,,,,,,commuting,2.0,0.0005677159634338959,6605.935163086014,schubert-mendl-commutator,"Schubert and Mendl, arXiv:2306.10603",Theorem 1,"{""prefactor"":6605.935163086014}",True,implemented-product-formula,True,,"[""the resolved ordered Hamiltonian groups match the implemented formula""]",,,,,,,implemented-product-formula,True,True,0.0005678616100321737,,,,,,,,,,,,,,,,,,,1.0,none,0.0,system register,1.0,26.0,1320165.0,0.0,-1.0,142577820.0,1294280.0,analytical-model,6.30957344480193e-05,,,,,,,,,,,,0.1.0,3.11.9,2.5.0,b58b31db18364511c43757e27fffc7abce8df2c1,True,ok,,
1.0,transverse_field_ising:N026,-3.2,empirical,688.0,,,2.0,a8fa234e-a646-4911-8402-a67c302db4ae,2026-08-12T00:11:58.358108+00:00,c1ad72de628f71283ac69037e9bbe97c3e773952f5abde5eac91397ca322d1a6,resource-grid,transverse_field_ising,TFIM-26,"{""coupling"":1.0,""field"":3.0,""periodic"":false}",26,26.0,proportional,1.0,0.000630957344480193,103.0,51,trotter-p4-empirical,trotter,Trotter p=4 [empirical],empirical-operator-norm,empirical,4.0,,,,,,688.0,,,,,,,,,,,,,,,,,,,,,,,,,,,,,,commuting,2.0,0.0005673700597011698,10.6992522635,empirical-operator-norm,Repository empirical operator-norm calibration study v1 (2026-08-10),reviewed calibration opnorm-v1-tfim-open-trotter-p4; artifact docs/calibration_data/empirical_1d_v1_accepted.json,"{""prefactor"":10.6992522635}",False,implemented-product-formula,False,,"[""the resolved ordered Hamiltonian groups match the implemented formula"",""the fixed formal-order powers in time and segments apply"",""the reviewed affine size calibration extrapolates as flagged""]",,,,,,,implemented-product-formula,False,False,0.0005678616100321737,,,,,,,,,,,,,,,,,,,1.0,none,0.0,system register,1.0,26.0,264880.0,0.0,-1.0,26752880.0,259687.0,analytical-model,6.30957344480193e-05,opnorm-v1-tfim-open-trotter-p4,transverse_field_ising,affine-aN-plus-b,10.6992522635,4.0,12.0,4.0,12.0,True,True,formula,0.1.0,3.11.9,2.5.0,b58b31db18364511c43757e27fffc7abce8df2c1,True,ok,,
1.0,transverse_field_ising:N026,-3.2,commutator,1589.0,,,2.0,a8fa234e-a646-4911-8402-a67c302db4ae,2026-08-12T00:11:58.358108+00:00,c1ad72de628f71283ac69037e9bbe97c3e773952f5abde5eac91397ca322d1a6,resource-grid,transverse_field_ising,TFIM-26,"{""coupling"":1.0,""field"":3.0,""periodic"":false}",26,26.0,proportional,1.0,0.000630957344480193,103.0,51,trotter-p6,trotter,Trotter p=6,analytical,analytical,6.0,,,,,,1589.0,,,,,,,,,,,,,,,,,,,,,,,,,,,,,,commuting,2.0,0.0005677686464421281,1137892.810662982,schubert-mendl-commutator,"Schubert and Mendl, arXiv:2306.10603",Theorem 1,"{""prefactor"":1137892.810662982}",True,implemented-product-formula,True,,"[""the resolved ordered Hamiltonian groups match the implemented formula""]",,,,,,,implemented-product-formula,True,True,0.0005678616100321737,,,,,,,,,,,,,,,,,,,1.0,none,0.0,system register,1.0,26.0,3058825.0,0.0,-1.0,342588400.0,2998849.0,analytical-model,6.30957344480193e-05,,,,,,,,,,,,0.1.0,3.11.9,2.5.0,b58b31db18364511c43757e27fffc7abce8df2c1,True,ok,,
1.0,transverse_field_ising:N026,-3.2,empirical,208.0,,,2.0,a8fa234e-a646-4911-8402-a67c302db4ae,2026-08-12T00:11:58.358108+00:00,c1ad72de628f71283ac69037e9bbe97c3e773952f5abde5eac91397ca322d1a6,resource-grid,transverse_field_ising,TFIM-26,"{""coupling"":1.0,""field"":3.0,""periodic"":false}",26,26.0,proportional,1.0,0.000630957344480193,103.0,51,trotter-p6-empirical,trotter,Trotter p=6 [empirical],empirical-operator-norm,empirical,6.0,,,,,,208.0,,,,,,,,,,,,,,,,,,,,,,,,,,,,,,commuting,2.0,1.9291067797088607e-05,0.1945014491,empirical-operator-norm,Repository empirical operator-norm calibration study v1 (2026-08-10),reviewed calibration opnorm-v1-tfim-open-trotter-p6; artifact docs/calibration_data/empirical_1d_v1_accepted.json,"{""prefactor"":0.1945014491}",False,implemented-product-formula,False,,"[""the resolved ordered Hamiltonian groups match the implemented formula"",""the fixed formal-order powers in time and segments apply"",""the reviewed affine size calibration extrapolates as flagged""]",,,,,,,implemented-product-formula,False,False,0.0005678616100321737,,,,,,,,,,,,,,,,,,,1.0,none,0.0,system register,1.0,26.0,400400.0,0.0,-1.0,41241200.0,392550.0,analytical-model,6.30957344480193e-05,opnorm-v1-tfim-open-trotter-p6,transverse_field_ising,affine-aN-plus-b,0.1945014491,4.0,12.0,4.0,12.0,True,True,asymptotic-domain,0.1.0,3.11.9,2.5.0,b58b31db18364511c43757e27fffc7abce8df2c1,True,ok,,
1.0,transverse_field_ising:N026,-3.2,jacobi-anger,,,,2.0,a8fa234e-a646-4911-8402-a67c302db4ae,2026-08-12T00:11:58.358108+00:00,c1ad72de628f71283ac69037e9bbe97c3e773952f5abde5eac91397ca322d1a6,resource-grid,transverse_field_ising,TFIM-26,"{""coupling"":1.0,""field"":3.0,""periodic"":false}",26,26.0,proportional,1.0,0.000630957344480193,103.0,51,qsvt,qsvt,QSVT,jacobi-anger-rigorous,analytical,,,,,,,,,,,,,,,,,,,,,,,,,,,,,,,,,,,21879.0,3647.0,,,7.593321577970574e-05,,jacobi-anger-polynomial-oaa,"Martyn et al., arXiv:2105.02859, Eqs. (76)--(77)",Jacobi--Anger tails plus exact cubic OAA identity,"{""oaa-unitarity-defect-distortion"":3.7967688939454765e-05,""scaled-polynomial-error"":3.796552684025098e-05}",True,ideal-qsvt-oaa-good-block,True,,"[""the cosine and sine polynomials are implemented exactly"",""the unamplified good block is exactly Q/2""]",,,,,,,implemented-qsvt-floating-phase-circuit,False,False,0.0005678616100321737,,,,,,,,,,,,,,,,,,,2.0,one robust OAA round,1.0,"component, quadrature, and index registers all-zero",,40.0,2800524.0,7001378.0,-1.0,341664200.0,46384068.0,analytical-model,6.30957344480193e-05,,,,,,,,,,,,0.1.0,3.11.9,2.5.0,b58b31db18364511c43757e27fffc7abce8df2c1,True,ok,,
1.0,transverse_field_ising:N026,-3.2,empirical,,8.0,33.0,2.0,a8fa234e-a646-4911-8402-a67c302db4ae,2026-08-12T00:11:58.358108+00:00,c1ad72de628f71283ac69037e9bbe97c3e773952f5abde5eac91397ca322d1a6,resource-grid,transverse_field_ising,TFIM-26,"{""coupling"":1.0,""field"":3.0,""periodic"":false}",26,26.0,proportional,1.0,0.000630957344480193,103.0,51,mpf-j-mizuta2026-theorem6-empirical-operator-norm,multiproduct,MPF J=Mizuta Theorem 6 (resolved per point) [empirical operator norm],empirical-operator-norm,empirical,,8.0,16.0,mizuta2026-theorem6,5.000000000000001,0.0005678616100321737,33.0,,,,[],,,,,,,,,,,,,,,[],,,,,,,empirical-operator-norm,[],6039.0,,,,6.76437380308384e-05,0.0001180059,empirical-operator-norm,Repository empirical operator-norm calibration study v1 (2026-08-10),reviewed calibration opnorm-v1-tfim-open-mpf-new-m8; fixed formal powers,"{""empirical_coefficient"":0.0001180059}",False,ideal-mpf,False,ordered individual Pauli terms,"[""the fixed formal-order powers in time and segments apply"",""the empirical estimate concerns the repeated ideal MPF operator"",""the reviewed affine size calibration extrapolates as flagged""]",,0.0,0.0,False,False,{},repeated-shared-ancilla-good-block,False,False,0.0005678616100321737,new,"[1,2,3,4,5,6,11,29]","[-3.280633240950701e-11,1.38314223008236e-06,-0.00042434045620952707,0.013663236344294543,-0.0975962105352182,0.17214651362521294,-0.39147182230350597,1.3036812402160025]",1.9789847466554802,0.021015253344519813,61.0,registered-exact,True,8.0,4.0,2.0,5.0,10.0,6.0,6.0,3.0,2.0,3.0,2.0,one robust OAA round per segment,33.0,branch register all-zero,,33.0,1222848.0,3498.0,-1.0,132081576.0,1842179.0,analytical-model,6.30957344480193e-05,opnorm-v1-tfim-open-mpf-new-m8,transverse_field_ising,affine-aN-plus-b,0.0001180059,4.0,12.0,4.0,12.0,True,True,asymptotic-domain,0.1.0,3.11.9,2.5.0,b58b31db18364511c43757e27fffc7abce8df2c1,True,ok,,
1.0,transverse_field_ising:N026,-3.2,commutator,,8.0,3975.0,2.0,a8fa234e-a646-4911-8402-a67c302db4ae,2026-08-12T00:11:58.358108+00:00,c1ad72de628f71283ac69037e9bbe97c3e773952f5abde5eac91397ca322d1a6,resource-grid,transverse_field_ising,TFIM-26,"{""coupling"":1.0,""field"":3.0,""periodic"":false}",26,26.0,proportional,1.0,0.000630957344480193,103.0,51,mpf-j-mizuta2026-theorem6-mizuta2026-commutator-ideal-rigorous,multiproduct,MPF J=Mizuta Theorem 6 (resolved per point) [Mizuta 2026 refined commutator],mizuta2026-commutator-ideal-rigorous,analytical,,8.0,16.0,mizuta2026-theorem6,5.000000000000001,0.0005678616100321737,3975.0,3975.0,,2817.0,"[""error""]",27.082909144904665,16.0,,,1.4248383051304745e-07,8.521625327248366e-13,4.053030304694461e-14,8.116322296778919e-13,8.521625327248366e-13,1.424846826755802e-07,0.0005666974061943344,1.944807358119685e-05,False,0.009230913808498102,"[1.0000000000000002,1.0000000000000002,1.0000000000000002,1.0000000000000002,1.0000000000000002,1.0000000000000002,1.0000000000000002,1.0000000000000002,1.0000000000000002,1.0000000000000002,1.0000000000000002,1.0000000000000002,1.0000000000000002,1.0000000000000002,1.0000000000000002,1.0000000000000002,1.0000000000000002,1.0000000000000002,1.0000000000000002,1.0000000000000002,1.0000000000000002,1.0000000000000002,1.0000000000000002,1.0000000000000002,1.0000000000000002,1.0000000000000002,1.0000000000000002,1.0000000000000002,1.0000000000000002,1.0000000000000002,1.0000000000000002,1.0000000000000002,1.0000000000000002,1.0000000000000002,1.0000000000000002,1.0000000000000002,1.0000000000000002,1.0000000000000002,1.0000000000000002,1.0000000000000002,1.0000000000000002,1.0000000000000002,1.0000000000000002,1.0000000000000002,1.0000000000000002,1.0000000000000002,1.0000000000000002,1.0000000000000002,1.0000000000000002,1.0000000000000002,1.0000000000000002]",5.0000000000000036,16.0,False,,not-used,commutator,mizuta2026-commutator-ideal-rigorous,[],727425.0,,,,0.0005666974061943344,1.9406621136771642e+30,mizuta2026-commutator-ideal-rigorous,"Mizuta, Quantum 10, 1974 (2026), arXiv:2507.06557v4","Theorem 4, Eqs. (47)--(49), with direct Lemmas 9--10 BCH remainder","{""error_predicate_satisfied"":1.0,""extensiveness_g"":5.000000000000001,""joint_predicate_satisfied"":1.0,""legacy_first_condition_passed"":0.0,""legacy_first_time_limit"":1.944807358119685e-05,""local_commutator_error"":1.4248383051304745e-07,""local_step_error"":1.424846826755802e-07,""local_truncated_bch_error"":8.521625327248366e-13,""locality_k"":2.0,""mu_upper"":27.082909144904665,""refined_lemma10_remainder"":8.116322296778919e-13,""refined_lemma9_remainder"":4.053030304694461e-14,""refined_tail_fallback"":0.0,""repeated_global_error"":0.0005666974061943344,""schedule_weighted_extensiveness"":5.0000000000000036,""second_time_limit"":0.009230913808498102,""time_2_predicate_satisfied"":1.0,""total_branchwise_bch_remainder"":8.521625327248366e-13,""truncation_order_p0"":16.0}",True,ideal-mpf,True,ordered individual Pauli terms,"[""individual Pauli summands define the ordered H_gamma decomposition"",""the actual Strang factors define schedule-weighted g_alpha extensiveness"",""Lemma 9 and Lemma 10 positive majorants directly certify the BCH remainder"",""the scalar-flow/Cauchy refined tail certificate is used"",""Theorem 4 second time hypothesis is satisfied"",""the repeated ideal MPF is composed with the Eq. (15) telescoping argument""]",,16.0,16.0,True,False,"{""2"":600.0000000000006,""3"":9552.000000000015,""4"":123360.00000000028,""5"":1964352.0000000058,""6"":26700288.0000001,""7"":425270784.0000019,""8"":5979429888.000031,""9"":95261352960.00056,""10"":1370647707648.0093,""11"":21841531576320.16,""12"":319438646181890.56,""13"":5091367662354477.0,""14"":7.536422163185736e+16,""15"":1.2014098258557788e+18,""16"":1.7947659133030955e+19}",repeated-shared-ancilla-good-block,True,False,0.0005678616100321737,new,"[1,2,3,4,5,6,11,29]","[-3.280633240950701e-11,1.38314223008236e-06,-0.00042434045620952707,0.013663236344294543,-0.0975962105352182,0.17214651362521294,-0.39147182230350597,1.3036812402160025]",1.9789847466554802,0.021015253344519813,61.0,registered-exact,True,8.0,4.0,2.0,5.0,10.0,6.0,6.0,3.0,2.0,3.0,2.0,one robust OAA round per segment,3975.0,branch register all-zero,,33.0,147297600.0,421350.0,-1.0,19003075800.0,221898764.0,analytical-model,6.30957344480193e-05,,,,,,,,,,,,0.1.0,3.11.9,2.5.0,b58b31db18364511c43757e27fffc7abce8df2c1,True,ok,,
1.0,transverse_field_ising:N026,-3.3,commutator,116615.0,,,2.0,a8fa234e-a646-4911-8402-a67c302db4ae,2026-08-12T00:11:58.358108+00:00,c1ad72de628f71283ac69037e9bbe97c3e773952f5abde5eac91397ca322d1a6,resource-grid,transverse_field_ising,TFIM-26,"{""coupling"":1.0,""field"":3.0,""periodic"":false}",26,26.0,proportional,1.0,0.0005011872336272725,103.0,51,trotter-p2,trotter,Trotter p=2,analytical,analytical,2.0,,,,,,116615.0,,,,,,,,,,,,,,,,,,,,,,,,,,,,,,individual,51.0,0.0004510624117134406,349.0,childs-commutator,"Childs, Su, Tran, Wiebe, and Zhu, arXiv:1912.08854",Propositions 9--10,"{""prefactor"":349.0}",True,implemented-product-formula,True,,"[""the resolved ordered Hamiltonian groups match the implemented formula""]",,,,,,,implemented-product-formula,True,True,0.0004510685102645453,,,,,,,,,,,,,,,,,,,1.0,none,0.0,system register,1.0,26.0,11778115.0,0.0,-1.0,1401595685.0,11547172.0,analytical-model,5.011872336272726e-05,,,,,,,,,,,,0.1.0,3.11.9,2.5.0,b58b31db18364511c43757e27fffc7abce8df2c1,True,ok,,
1.0,transverse_field_ising:N026,-3.3,empirical,30807.0,,,2.0,a8fa234e-a646-4911-8402-a67c302db4ae,2026-08-12T00:11:58.358108+00:00,c1ad72de628f71283ac69037e9bbe97c3e773952f5abde5eac91397ca322d1a6,resource-grid,transverse_field_ising,TFIM-26,"{""coupling"":1.0,""field"":3.0,""periodic"":false}",26,26.0,proportional,1.0,0.0005011872336272725,103.0,51,trotter-p2-empirical,trotter,Trotter p=2 [empirical],empirical-operator-norm,empirical,2.0,,,,,,30807.0,,,,,,,,,,,,,,,,,,,,,,,,,,,,,,individual,51.0,0.0004510483775779326,24.3557719087,empirical-operator-norm,Repository empirical operator-norm calibration study v1 (2026-08-10),reviewed calibration opnorm-v1-tfim-open-trotter-p2; artifact docs/calibration_data/empirical_1d_v1_accepted.json,"{""prefactor"":24.3557719087}",False,implemented-product-formula,False,,"[""the resolved ordered Hamiltonian groups match the implemented formula"",""the fixed formal-order powers in time and segments apply"",""the reviewed affine size calibration extrapolates as flagged""]",,,,,,,implemented-product-formula,False,False,0.0004510685102645453,,,,,,,,,,,,,,,,,,,1.0,none,0.0,system register,1.0,26.0,3111507.0,0.0,-1.0,351600291.0,3050498.0,analytical-model,5.011872336272726e-05,opnorm-v1-tfim-open-trotter-p2,transverse_field_ising,affine-aN-plus-b,24.3557719087,4.0,12.0,4.0,12.0,True,True,formula,0.1.0,3.11.9,2.5.0,b58b31db18364511c43757e27fffc7abce8df2c1,True,ok,,
1.0,transverse_field_ising:N026,-3.3,commutator,3632.0,,,2.0,a8fa234e-a646-4911-8402-a67c302db4ae,2026-08-12T00:11:58.358108+00:00,c1ad72de628f71283ac69037e9bbe97c3e773952f5abde5eac91397ca322d1a6,resource-grid,transverse_field_ising,TFIM-26,"{""coupling"":1.0,""field"":3.0,""periodic"":false}",26,26.0,proportional,1.0,0.0005011872336272725,103.0,51,trotter-p4,trotter,Trotter p=4,analytical,analytical,4.0,,,,,,3632.0,,,,,,,,,,,,,,,,,,,,,,,,,,,,,,commuting,2.0,0.0004510427300954066,6605.935163086014,schubert-mendl-commutator,"Schubert and Mendl, arXiv:2306.10603",Theorem 1,"{""prefactor"":6605.935163086014}",True,implemented-product-formula,True,,"[""the resolved ordered Hamiltonian groups match the implemented formula""]",,,,,,,implemented-product-formula,True,True,0.0004510685102645453,,,,,,,,,,,,,,,,,,,1.0,none,0.0,system register,1.0,26.0,1398320.0,0.0,-1.0,153815200.0,1370902.0,analytical-model,5.011872336272726e-05,,,,,,,,,,,,0.1.0,3.11.9,2.5.0,b58b31db18364511c43757e27fffc7abce8df2c1,True,ok,,
1.0,transverse_field_ising:N026,-3.3,empirical,729.0,,,2.0,a8fa234e-a646-4911-8402-a67c302db4ae,2026-08-12T00:11:58.358108+00:00,c1ad72de628f71283ac69037e9bbe97c3e773952f5abde5eac91397ca322d1a6,resource-grid,transverse_field_ising,TFIM-26,"{""coupling"":1.0,""field"":3.0,""periodic"":false}",26,26.0,proportional,1.0,0.0005011872336272725,103.0,51,trotter-p4-empirical,trotter,Trotter p=4 [empirical],empirical-operator-norm,empirical,4.0,,,,,,729.0,,,,,,,,,,,,,,,,,,,,,,,,,,,,,,commuting,2.0,0.0004501010788227045,10.6992522635,empirical-operator-norm,Repository empirical operator-norm calibration study v1 (2026-08-10),reviewed calibration opnorm-v1-tfim-open-trotter-p4; artifact docs/calibration_data/empirical_1d_v1_accepted.json,"{""prefactor"":10.6992522635}",False,implemented-product-formula,False,,"[""the resolved ordered Hamiltonian groups match the implemented formula"",""the fixed formal-order powers in time and segments apply"",""the reviewed affine size calibration extrapolates as flagged""]",,,,,,,implemented-product-formula,False,False,0.0004510685102645453,,,,,,,,,,,,,,,,,,,1.0,none,0.0,system register,1.0,26.0,280665.0,0.0,-1.0,28908495.0,275162.0,analytical-model,5.011872336272726e-05,opnorm-v1-tfim-open-trotter-p4,transverse_field_ising,affine-aN-plus-b,10.6992522635,4.0,12.0,4.0,12.0,True,True,formula,0.1.0,3.11.9,2.5.0,b58b31db18364511c43757e27fffc7abce8df2c1,True,ok,,
1.0,transverse_field_ising:N026,-3.3,commutator,1652.0,,,2.0,a8fa234e-a646-4911-8402-a67c302db4ae,2026-08-12T00:11:58.358108+00:00,c1ad72de628f71283ac69037e9bbe97c3e773952f5abde5eac91397ca322d1a6,resource-grid,transverse_field_ising,TFIM-26,"{""coupling"":1.0,""field"":3.0,""periodic"":false}",26,26.0,proportional,1.0,0.0005011872336272725,103.0,51,trotter-p6,trotter,Trotter p=6,analytical,analytical,6.0,,,,,,1652.0,,,,,,,,,,,,,,,,,,,,,,,,,,,,,,commuting,2.0,0.000449629224635163,1137892.810662982,schubert-mendl-commutator,"Schubert and Mendl, arXiv:2306.10603",Theorem 1,"{""prefactor"":1137892.810662982}",True,implemented-product-formula,True,,"[""the resolved ordered Hamiltonian groups match the implemented formula""]",,,,,,,implemented-product-formula,True,True,0.0004510685102645453,,,,,,,,,,,,,,,,,,,1.0,none,0.0,system register,1.0,26.0,3180100.0,0.0,-1.0,359351300.0,3117746.0,analytical-model,5.011872336272726e-05,,,,,,,,,,,,0.1.0,3.11.9,2.5.0,b58b31db18364511c43757e27fffc7abce8df2c1,True,ok,,
1.0,transverse_field_ising:N026,-3.3,empirical,208.0,,,2.0,a8fa234e-a646-4911-8402-a67c302db4ae,2026-08-12T00:11:58.358108+00:00,c1ad72de628f71283ac69037e9bbe97c3e773952f5abde5eac91397ca322d1a6,resource-grid,transverse_field_ising,TFIM-26,"{""coupling"":1.0,""field"":3.0,""periodic"":false}",26,26.0,proportional,1.0,0.0005011872336272725,103.0,51,trotter-p6-empirical,trotter,Trotter p=6 [empirical],empirical-operator-norm,empirical,6.0,,,,,,208.0,,,,,,,,,,,,,,,,,,,,,,,,,,,,,,commuting,2.0,1.9291067797088607e-05,0.1945014491,empirical-operator-norm,Repository empirical operator-norm calibration study v1 (2026-08-10),reviewed calibration opnorm-v1-tfim-open-trotter-p6; artifact docs/calibration_data/empirical_1d_v1_accepted.json,"{""prefactor"":0.1945014491}",False,implemented-product-formula,False,,"[""the resolved ordered Hamiltonian groups match the implemented formula"",""the fixed formal-order powers in time and segments apply"",""the reviewed affine size calibration extrapolates as flagged""]",,,,,,,implemented-product-formula,False,False,0.0004510685102645453,,,,,,,,,,,,,,,,,,,1.0,none,0.0,system register,1.0,26.0,400400.0,0.0,-1.0,41641600.0,392550.0,analytical-model,5.011872336272726e-05,opnorm-v1-tfim-open-trotter-p6,transverse_field_ising,affine-aN-plus-b,0.1945014491,4.0,12.0,4.0,12.0,True,True,asymptotic-domain,0.1.0,3.11.9,2.5.0,b58b31db18364511c43757e27fffc7abce8df2c1,True,ok,,
1.0,transverse_field_ising:N026,-3.3,jacobi-anger,,,,2.0,a8fa234e-a646-4911-8402-a67c302db4ae,2026-08-12T00:11:58.358108+00:00,c1ad72de628f71283ac69037e9bbe97c3e773952f5abde5eac91397ca322d1a6,resource-grid,transverse_field_ising,TFIM-26,"{""coupling"":1.0,""field"":3.0,""periodic"":false}",26,26.0,proportional,1.0,0.0005011872336272725,103.0,51,qsvt,qsvt,QSVT,jacobi-anger-rigorous,analytical,,,,,,,,,,,,,,,,,,,,,,,,,,,,,,,,,,,21879.0,3647.0,,,6.295561210373126e-05,,jacobi-anger-polynomial-oaa,"Martyn et al., arXiv:2105.02859, Eqs. (76)--(77)",Jacobi--Anger tails plus exact cubic OAA identity,"{""oaa-unitarity-defect-distortion"":3.147854916378104e-05,""scaled-polynomial-error"":3.1477062939950225e-05}",True,ideal-qsvt-oaa-good-block,True,,"[""the cosine and sine polynomials are implemented exactly"",""the unamplified good block is exactly Q/2""]",,,,,,,implemented-qsvt-floating-phase-circuit,False,False,0.0004510685102645453,,,,,,,,,,,,,,,,,,,2.0,one robust OAA round,1.0,"component, quadrature, and index registers all-zero",,40.0,2800524.0,7001378.0,-1.0,344464724.0,46384068.0,analytical-model,5.011872336272726e-05,,,,,,,,,,,,0.1.0,3.11.9,2.5.0,b58b31db18364511c43757e27fffc7abce8df2c1,True,ok,,
1.0,transverse_field_ising:N026,-3.3,empirical,,8.0,33.0,2.0,a8fa234e-a646-4911-8402-a67c302db4ae,2026-08-12T00:11:58.358108+00:00,c1ad72de628f71283ac69037e9bbe97c3e773952f5abde5eac91397ca322d1a6,resource-grid,transverse_field_ising,TFIM-26,"{""coupling"":1.0,""field"":3.0,""periodic"":false}",26,26.0,proportional,1.0,0.0005011872336272725,103.0,51,mpf-j-mizuta2026-theorem6-empirical-operator-norm,multiproduct,MPF J=Mizuta Theorem 6 (resolved per point) [empirical operator norm],empirical-operator-norm,empirical,,8.0,16.0,mizuta2026-theorem6,5.000000000000001,0.0004510685102645453,33.0,,,,[],,,,,,,,,,,,,,,[],,,,,,,empirical-operator-norm,[],6039.0,,,,6.76437380308384e-05,0.0001180059,empirical-operator-norm,Repository empirical operator-norm calibration study v1 (2026-08-10),reviewed calibration opnorm-v1-tfim-open-mpf-new-m8; fixed formal powers,"{""empirical_coefficient"":0.0001180059}",False,ideal-mpf,False,ordered individual Pauli terms,"[""the fixed formal-order powers in time and segments apply"",""the empirical estimate concerns the repeated ideal MPF operator"",""the reviewed affine size calibration extrapolates as flagged""]",,0.0,0.0,False,False,{},repeated-shared-ancilla-good-block,False,False,0.0004510685102645453,new,"[1,2,3,4,5,6,11,29]","[-3.280633240950701e-11,1.38314223008236e-06,-0.00042434045620952707,0.013663236344294543,-0.0975962105352182,0.17214651362521294,-0.39147182230350597,1.3036812402160025]",1.9789847466554802,0.021015253344519813,61.0,registered-exact,True,8.0,4.0,2.0,5.0,10.0,6.0,6.0,3.0,2.0,3.0,2.0,one robust OAA round per segment,33.0,branch register all-zero,,33.0,1222848.0,3498.0,-1.0,133304424.0,1842179.0,analytical-model,5.011872336272726e-05,opnorm-v1-tfim-open-mpf-new-m8,transverse_field_ising,affine-aN-plus-b,0.0001180059,4.0,12.0,4.0,12.0,True,True,asymptotic-domain,0.1.0,3.11.9,2.5.0,b58b31db18364511c43757e27fffc7abce8df2c1,True,ok,,
1.0,transverse_field_ising:N026,-3.3,commutator,,8.0,4033.0,2.0,a8fa234e-a646-4911-8402-a67c302db4ae,2026-08-12T00:11:58.358108+00:00,c1ad72de628f71283ac69037e9bbe97c3e773952f5abde5eac91397ca322d1a6,resource-grid,transverse_field_ising,TFIM-26,"{""coupling"":1.0,""field"":3.0,""periodic"":false}",26,26.0,proportional,1.0,0.0005011872336272725,103.0,51,mpf-j-mizuta2026-theorem6-mizuta2026-commutator-ideal-rigorous,multiproduct,MPF J=Mizuta Theorem 6 (resolved per point) [Mizuta 2026 refined commutator],mizuta2026-commutator-ideal-rigorous,analytical,,8.0,16.0,mizuta2026-theorem6,5.000000000000001,0.0004510685102645453,4033.0,4033.0,,2817.0,"[""error""]",27.082909144904665,16.0,,,1.1138252753950847e-07,6.645084393333065e-13,3.708249599970311e-14,6.274259433336033e-13,6.645084393333065e-13,1.1138319204794782e-07,0.0004494101969894397,1.944807358119685e-05,False,0.009230913808498102,"[1.0000000000000002,1.0000000000000002,1.0000000000000002,1.0000000000000002,1.0000000000000002,1.0000000000000002,1.0000000000000002,1.0000000000000002,1.0000000000000002,1.0000000000000002,1.0000000000000002,1.0000000000000002,1.0000000000000002,1.0000000000000002,1.0000000000000002,1.0000000000000002,1.0000000000000002,1.0000000000000002,1.0000000000000002,1.0000000000000002,1.0000000000000002,1.0000000000000002,1.0000000000000002,1.0000000000000002,1.0000000000000002,1.0000000000000002,1.0000000000000002,1.0000000000000002,1.0000000000000002,1.0000000000000002,1.0000000000000002,1.0000000000000002,1.0000000000000002,1.0000000000000002,1.0000000000000002,1.0000000000000002,1.0000000000000002,1.0000000000000002,1.0000000000000002,1.0000000000000002,1.0000000000000002,1.0000000000000002,1.0000000000000002,1.0000000000000002,1.0000000000000002,1.0000000000000002,1.0000000000000002,1.0000000000000002,1.0000000000000002,1.0000000000000002,1.0000000000000002]",5.0000000000000036,16.0,False,,not-used,commutator,mizuta2026-commutator-ideal-rigorous,[],738039.0,,,,0.0004494101969894397,1.9406621136771642e+30,mizuta2026-commutator-ideal-rigorous,"Mizuta, Quantum 10, 1974 (2026), arXiv:2507.06557v4","Theorem 4, Eqs. (47)--(49), with direct Lemmas 9--10 BCH remainder","{""error_predicate_satisfied"":1.0,""extensiveness_g"":5.000000000000001,""joint_predicate_satisfied"":1.0,""legacy_first_condition_passed"":0.0,""legacy_first_time_limit"":1.944807358119685e-05,""local_commutator_error"":1.1138252753950847e-07,""local_step_error"":1.1138319204794782e-07,""local_truncated_bch_error"":6.645084393333065e-13,""locality_k"":2.0,""mu_upper"":27.082909144904665,""refined_lemma10_remainder"":6.274259433336033e-13,""refined_lemma9_remainder"":3.708249599970311e-14,""refined_tail_fallback"":0.0,""repeated_global_error"":0.0004494101969894397,""schedule_weighted_extensiveness"":5.0000000000000036,""second_time_limit"":0.009230913808498102,""time_2_predicate_satisfied"":1.0,""total_branchwise_bch_remainder"":6.645084393333065e-13,""truncation_order_p0"":16.0}",True,ideal-mpf,True,ordered individual Pauli terms,"[""individual Pauli summands define the ordered H_gamma decomposition"",""the actual Strang factors define schedule-weighted g_alpha extensiveness"",""Lemma 9 and Lemma 10 positive majorants directly certify the BCH remainder"",""the scalar-flow/Cauchy refined tail certificate is used"",""Theorem 4 second time hypothesis is satisfied"",""the repeated ideal MPF is composed with the Eq. (15) telescoping argument""]",,16.0,16.0,True,False,"{""2"":600.0000000000006,""3"":9552.000000000015,""4"":123360.00000000028,""5"":1964352.0000000058,""6"":26700288.0000001,""7"":425270784.0000019,""8"":5979429888.000031,""9"":95261352960.00056,""10"":1370647707648.0093,""11"":21841531576320.16,""12"":319438646181890.56,""13"":5091367662354477.0,""14"":7.536422163185736e+16,""15"":1.2014098258557788e+18,""16"":1.7947659133030955e+19}",repeated-shared-ancilla-good-block,True,False,0.0004510685102645453,new,"[1,2,3,4,5,6,11,29]","[-3.280633240950701e-11,1.38314223008236e-06,-0.00042434045620952707,0.013663236344294543,-0.0975962105352182,0.17214651362521294,-0.39147182230350597,1.3036812402160025]",1.9789847466554802,0.021015253344519813,61.0,registered-exact,True,8.0,4.0,2.0,5.0,10.0,6.0,6.0,3.0,2.0,3.0,2.0,one robust OAA round per segment,4033.0,branch register all-zero,,33.0,149446848.0,427498.0,-1.0,19429800232.0,225136532.0,analytical-model,5.011872336272726e-05,,,,,,,,,,,,0.1.0,3.11.9,2.5.0,b58b31db18364511c43757e27fffc7abce8df2c1,True,ok,,
1.0,transverse_field_ising:N026,-3.4,commutator,130844.0,,,2.0,a8fa234e-a646-4911-8402-a67c302db4ae,2026-08-12T00:11:58.358108+00:00,c1ad72de628f71283ac69037e9bbe97c3e773952f5abde5eac91397ca322d1a6,resource-grid,transverse_field_ising,TFIM-26,"{""coupling"":1.0,""field"":3.0,""periodic"":false}",26,26.0,proportional,1.0,0.00039810717055349735,103.0,51,trotter-p2,trotter,Trotter p=2,analytical,analytical,2.0,,,,,,130844.0,,,,,,,,,,,,,,,,,,,,,,,,,,,,,,individual,51.0,0.00035829260625803354,349.0,childs-commutator,"Childs, Su, Tran, Wiebe, and Zhu, arXiv:1912.08854",Propositions 9--10,"{""prefactor"":349.0}",True,implemented-product-formula,True,,"[""the resolved ordered Hamiltonian groups match the implemented formula""]",,,,,,,implemented-product-formula,True,True,0.00035829645349814764,,,,,,,,,,,,,,,,,,,1.0,none,0.0,system register,1.0,26.0,13215244.0,0.0,-1.0,1599044524.0,12956122.0,analytical-model,3.9810717055349735e-05,,,,,,,,,,,,0.1.0,3.11.9,2.5.0,b58b31db18364511c43757e27fffc7abce8df2c1,True,ok,,
1.0,transverse_field_ising:N026,-3.4,empirical,34566.0,,,2.0,a8fa234e-a646-4911-8402-a67c302db4ae,2026-08-12T00:11:58.358108+00:00,c1ad72de628f71283ac69037e9bbe97c3e773952f5abde5eac91397ca322d1a6,resource-grid,transverse_field_ising,TFIM-26,"{""coupling"":1.0,""field"":3.0,""periodic"":false}",26,26.0,proportional,1.0,0.00039810717055349735,103.0,51,trotter-p2-empirical,trotter,Trotter p=2 [empirical],empirical-operator-norm,empirical,2.0,,,,,,34566.0,,,,,,,,,,,,,,,,,,,,,,,,,,,,,,individual,51.0,0.00035828092841636586,24.3557719087,empirical-operator-norm,Repository empirical operator-norm calibration study v1 (2026-08-10),reviewed calibration opnorm-v1-tfim-open-trotter-p2; artifact docs/calibration_data/empirical_1d_v1_accepted.json,"{""prefactor"":24.3557719087}",False,implemented-product-formula,False,,"[""the resolved ordered Hamiltonian groups match the implemented formula"",""the fixed formal-order powers in time and segments apply"",""the reviewed affine size calibration extrapolates as flagged""]",,,,,,,implemented-product-formula,False,False,0.00035829645349814764,,,,,,,,,,,,,,,,,,,1.0,none,0.0,system register,1.0,26.0,3491166.0,0.0,-1.0,401484090.0,3422712.0,analytical-model,3.9810717055349735e-05,opnorm-v1-tfim-open-trotter-p2,transverse_field_ising,affine-aN-plus-b,24.3557719087,4.0,12.0,4.0,12.0,True,True,formula,0.1.0,3.11.9,2.5.0,b58b31db18364511c43757e27fffc7abce8df2c1,True,ok,,
1.0,transverse_field_ising:N026,-3.4,commutator,3848.0,,,2.0,a8fa234e-a646-4911-8402-a67c302db4ae,2026-08-12T00:11:58.358108+00:00,c1ad72de628f71283ac69037e9bbe97c3e773952f5abde5eac91397ca322d1a6,resource-grid,transverse_field_ising,TFIM-26,"{""coupling"":1.0,""field"":3.0,""periodic"":false}",26,26.0,proportional,1.0,0.00039810717055349735,103.0,51,trotter-p4,trotter,Trotter p=4,analytical,analytical,4.0,,,,,,3848.0,,,,,,,,,,,,,,,,,,,,,,,,,,,,,,commuting,2.0,0.00035798167286637774,6605.935163086014,schubert-mendl-commutator,"Schubert and Mendl, arXiv:2306.10603",Theorem 1,"{""prefactor"":6605.935163086014}",True,implemented-product-formula,True,,"[""the resolved ordered Hamiltonian groups match the implemented formula""]",,,,,,,implemented-product-formula,True,True,0.00035829645349814764,,,,,,,,,,,,,,,,,,,1.0,none,0.0,system register,1.0,26.0,1481480.0,0.0,-1.0,164444280.0,1452432.0,analytical-model,3.9810717055349735e-05,,,,,,,,,,,,0.1.0,3.11.9,2.5.0,b58b31db18364511c43757e27fffc7abce8df2c1,True,ok,,
1.0,transverse_field_ising:N026,-3.4,empirical,772.0,,,2.0,a8fa234e-a646-4911-8402-a67c302db4ae,2026-08-12T00:11:58.358108+00:00,c1ad72de628f71283ac69037e9bbe97c3e773952f5abde5eac91397ca322d1a6,resource-grid,transverse_field_ising,TFIM-26,"{""coupling"":1.0,""field"":3.0,""periodic"":false}",26,26.0,proportional,1.0,0.00039810717055349735,103.0,51,trotter-p4-empirical,trotter,Trotter p=4 [empirical],empirical-operator-norm,empirical,4.0,,,,,,772.0,,,,,,,,,,,,,,,,,,,,,,,,,,,,,,commuting,2.0,0.0003578911554377922,10.6992522635,empirical-operator-norm,Repository empirical operator-norm calibration study v1 (2026-08-10),reviewed calibration opnorm-v1-tfim-open-trotter-p4; artifact docs/calibration_data/empirical_1d_v1_accepted.json,"{""prefactor"":10.6992522635}",False,implemented-product-formula,False,,"[""the resolved ordered Hamiltonian groups match the implemented formula"",""the fixed formal-order powers in time and segments apply"",""the reviewed affine size calibration extrapolates as flagged""]",,,,,,,implemented-product-formula,False,False,0.00035829645349814764,,,,,,,,,,,,,,,,,,,1.0,none,0.0,system register,1.0,26.0,297220.0,0.0,-1.0,30910880.0,291393.0,analytical-model,3.9810717055349735e-05,opnorm-v1-tfim-open-trotter-p4,transverse_field_ising,affine-aN-plus-b,10.6992522635,4.0,12.0,4.0,12.0,True,True,formula,0.1.0,3.11.9,2.5.0,b58b31db18364511c43757e27fffc7abce8df2c1,True,ok,,
1.0,transverse_field_ising:N026,-3.4,commutator,1716.0,,,2.0,a8fa234e-a646-4911-8402-a67c302db4ae,2026-08-12T00:11:58.358108+00:00,c1ad72de628f71283ac69037e9bbe97c3e773952f5abde5eac91397ca322d1a6,resource-grid,transverse_field_ising,TFIM-26,"{""coupling"":1.0,""field"":3.0,""periodic"":false}",26,26.0,proportional,1.0,0.00039810717055349735,103.0,51,trotter-p6,trotter,Trotter p=6,analytical,analytical,6.0,,,,,,1716.0,,,,,,,,,,,,,,,,,,,,,,,,,,,,,,commuting,2.0,0.0003579407042435417,1137892.810662982,schubert-mendl-commutator,"Schubert and Mendl, arXiv:2306.10603",Theorem 1,"{""prefactor"":1137892.810662982}",True,implemented-product-formula,True,,"[""the resolved ordered Hamiltonian groups match the implemented formula""]",,,,,,,implemented-product-formula,True,True,0.00035829645349814764,,,,,,,,,,,,,,,,,,,1.0,none,0.0,system register,1.0,26.0,3303300.0,0.0,-1.0,376576200.0,3238530.0,analytical-model,3.9810717055349735e-05,,,,,,,,,,,,0.1.0,3.11.9,2.5.0,b58b31db18364511c43757e27fffc7abce8df2c1,True,ok,,
1.0,transverse_field_ising:N026,-3.4,empirical,208.0,,,2.0,a8fa234e-a646-4911-8402-a67c302db4ae,2026-08-12T00:11:58.358108+00:00,c1ad72de628f71283ac69037e9bbe97c3e773952f5abde5eac91397ca322d1a6,resource-grid,transverse_field_ising,TFIM-26,"{""coupling"":1.0,""field"":3.0,""periodic"":false}",26,26.0,proportional,1.0,0.00039810717055349735,103.0,51,trotter-p6-empirical,trotter,Trotter p=6 [empirical],empirical-operator-norm,empirical,6.0,,,,,,208.0,,,,,,,,,,,,,,,,,,,,,,,,,,,,,,commuting,2.0,1.9291067797088607e-05,0.1945014491,empirical-operator-norm,Repository empirical operator-norm calibration study v1 (2026-08-10),reviewed calibration opnorm-v1-tfim-open-trotter-p6; artifact docs/calibration_data/empirical_1d_v1_accepted.json,"{""prefactor"":0.1945014491}",False,implemented-product-formula,False,,"[""the resolved ordered Hamiltonian groups match the implemented formula"",""the fixed formal-order powers in time and segments apply"",""the reviewed affine size calibration extrapolates as flagged""]",,,,,,,implemented-product-formula,False,False,0.00035829645349814764,,,,,,,,,,,,,,,,,,,1.0,none,0.0,system register,1.0,26.0,400400.0,0.0,-1.0,42042000.0,392550.0,analytical-model,3.9810717055349735e-05,opnorm-v1-tfim-open-trotter-p6,transverse_field_ising,affine-aN-plus-b,0.1945014491,4.0,12.0,4.0,12.0,True,True,asymptotic-domain,0.1.0,3.11.9,2.5.0,b58b31db18364511c43757e27fffc7abce8df2c1,True,ok,,
1.0,transverse_field_ising:N026,-3.4,jacobi-anger,,,,2.0,a8fa234e-a646-4911-8402-a67c302db4ae,2026-08-12T00:11:58.358108+00:00,c1ad72de628f71283ac69037e9bbe97c3e773952f5abde5eac91397ca322d1a6,resource-grid,transverse_field_ising,TFIM-26,"{""coupling"":1.0,""field"":3.0,""periodic"":false}",26,26.0,proportional,1.0,0.00039810717055349735,103.0,51,qsvt,qsvt,QSVT,jacobi-anger-rigorous,analytical,,,,,,,,,,,,,,,,,,,,,,,,,,,,,,,,,,,21879.0,3647.0,,,5.264722509479644e-05,,jacobi-anger-polynomial-oaa,"Martyn et al., arXiv:2105.02859, Eqs. (76)--(77)",Jacobi--Anger tails plus exact cubic OAA identity,"{""oaa-unitarity-defect-distortion"":2.6324132230871517e-05,""scaled-polynomial-error"":2.6323092863924922e-05}",True,ideal-qsvt-oaa-good-block,True,,"[""the cosine and sine polynomials are implemented exactly"",""the unamplified good block is exactly Q/2""]",,,,,,,implemented-qsvt-floating-phase-circuit,False,False,0.00035829645349814764,,,,,,,,,,,,,,,,,,,2.0,one robust OAA round,1.0,"component, quadrature, and index registers all-zero",,40.0,2800524.0,7001378.0,-1.0,347265248.0,46384068.0,analytical-model,3.9810717055349735e-05,,,,,,,,,,,,0.1.0,3.11.9,2.5.0,b58b31db18364511c43757e27fffc7abce8df2c1,True,ok,,
1.0,transverse_field_ising:N026,-3.4,empirical,,9.0,,2.0,a8fa234e-a646-4911-8402-a67c302db4ae,2026-08-12T00:11:58.358108+00:00,c1ad72de628f71283ac69037e9bbe97c3e773952f5abde5eac91397ca322d1a6,resource-grid,transverse_field_ising,TFIM-26,"{""coupling"":1.0,""field"":3.0,""periodic"":false}",26,26.0,proportional,1.0,0.00039810717055349735,103.0,51,mpf-j-mizuta2026-theorem6-empirical-operator-norm,multiproduct,MPF J=Mizuta Theorem 6 (resolved per point) [empirical operator norm],empirical-operator-norm,,,9.0,18.0,mizuta2026-theorem6,5.000000000000001,0.00035829645349814764,,,,,,,,,,,,,,,,,,,,,,,,,,,,,,,,,,,,,,,,,,,,,,,,,,,,,0.00035829645349814764,,,,,,,,,,,,,,,,,,,,,,,,,,,,,,,,,,,,,,,,,,,0.1.0,3.11.9,2.5.0,b58b31db18364511c43757e27fffc7abce8df2c1,True,missing_empirical,UnsupportedEmpiricalCalibrationError,"no reviewed empirical operator-norm calibration for method=multiproduct, formal_order=18, model=transverse_field_ising, parameters={'coupling': 1.0, 'field': 3.0, 'periodic': False}, boundary=open, partition=None, schedule='new', formula='ordered-individual-pauli-strang-mpf-v1'"
1.0,transverse_field_ising:N026,-3.4,commutator,,9.0,3634.0,2.0,a8fa234e-a646-4911-8402-a67c302db4ae,2026-08-12T00:11:58.358108+00:00,c1ad72de628f71283ac69037e9bbe97c3e773952f5abde5eac91397ca322d1a6,resource-grid,transverse_field_ising,TFIM-26,"{""coupling"":1.0,""field"":3.0,""periodic"":false}",26,26.0,proportional,1.0,0.00039810717055349735,103.0,51,mpf-j-mizuta2026-theorem6-mizuta2026-commutator-ideal-rigorous,multiproduct,MPF J=Mizuta Theorem 6 (resolved per point) [Mizuta 2026 refined commutator],mizuta2026-commutator-ideal-rigorous,analytical,,9.0,18.0,mizuta2026-theorem6,5.000000000000001,0.00035829645349814764,3634.0,3634.0,,2817.0,"[""error""]",27.084186113715496,18.0,,,9.750814457826044e-08,5.957154398817051e-10,2.7128094504346114e-10,3.244344948382439e-10,5.957154398817051e-10,9.810386001814216e-08,0.0003566365139427147,1.7287176516619422e-05,False,0.009230478588145553,"[1.0000000000000002,1.0000000000000002,1.0000000000000002,1.0000000000000002,1.0000000000000002,1.0000000000000002,1.0000000000000002,1.0000000000000002,1.0000000000000002,1.0000000000000002,1.0000000000000002,1.0000000000000002,1.0000000000000002,1.0000000000000002,1.0000000000000002,1.0000000000000002,1.0000000000000002,1.0000000000000002,1.0000000000000002,1.0000000000000002,1.0000000000000002,1.0000000000000002,1.0000000000000002,1.0000000000000002,1.0000000000000002,1.0000000000000002,1.0000000000000002,1.0000000000000002,1.0000000000000002,1.0000000000000002,1.0000000000000002,1.0000000000000002,1.0000000000000002,1.0000000000000002,1.0000000000000002,1.0000000000000002,1.0000000000000002,1.0000000000000002,1.0000000000000002,1.0000000000000002,1.0000000000000002,1.0000000000000002,1.0000000000000002,1.0000000000000002,1.0000000000000002,1.0000000000000002,1.0000000000000002,1.0000000000000002,1.0000000000000002,1.0000000000000002,1.0000000000000002]",5.0000000000000036,18.0,False,,not-used,commutator,mizuta2026-commutator-ideal-rigorous,[],872160.0,,,,0.0003566365139427147,5.64755953230058e+33,mizuta2026-commutator-ideal-rigorous,"Mizuta, Quantum 10, 1974 (2026), arXiv:2507.06557v4","Theorem 4, Eqs. (47)--(49), with direct Lemmas 9--10 BCH remainder","{""error_predicate_satisfied"":1.0,""extensiveness_g"":5.000000000000001,""joint_predicate_satisfied"":1.0,""legacy_first_condition_passed"":0.0,""legacy_first_time_limit"":1.7287176516619422e-05,""local_commutator_error"":9.750814457826044e-08,""local_step_error"":9.810386001814216e-08,""local_truncated_bch_error"":5.957154398817051e-10,""locality_k"":2.0,""mu_upper"":27.084186113715496,""refined_lemma10_remainder"":3.244344948382439e-10,""refined_lemma9_remainder"":2.7128094504346114e-10,""refined_tail_fallback"":0.0,""repeated_global_error"":0.0003566365139427147,""schedule_weighted_extensiveness"":5.0000000000000036,""second_time_limit"":0.009230478588145553,""time_2_predicate_satisfied"":1.0,""total_branchwise_bch_remainder"":5.957154398817051e-10,""truncation_order_p0"":18.0}",True,ideal-mpf,True,ordered individual Pauli terms,"[""individual Pauli summands define the ordered H_gamma decomposition"",""the actual Strang factors define schedule-weighted g_alpha extensiveness"",""Lemma 9 and Lemma 10 positive majorants directly certify the BCH remainder"",""the scalar-flow/Cauchy refined tail certificate is used"",""Theorem 4 second time hypothesis is satisfied"",""the repeated ideal MPF is composed with the Eq. (15) telescoping argument""]",,18.0,18.0,True,False,"{""2"":600.0000000000006,""3"":9552.000000000015,""4"":123360.00000000028,""5"":1964352.0000000058,""6"":26700288.0000001,""7"":425270784.0000019,""8"":5979429888.000031,""9"":95261352960.00056,""10"":1370647707648.0093,""11"":21841531576320.16,""12"":319438646181890.56,""13"":5091367662354477.0,""14"":7.536422163185736e+16,""15"":1.2014098258557788e+18,""16"":1.7947659133030955e+19,""17"":2.8615601244196717e+20,""18"":4.305765629548544e+21}",repeated-shared-ancilla-good-block,True,False,0.00035829645349814764,new,"[1,2,3,4,5,6,8,14,37]","[1.967691252631999e-13,-3.445506091008736e-08,2.544222523112307e-05,-0.0016199636587070087,0.021324279661958864,-0.07100801545469856,0.14994672471728007,-0.4079534241993221,1.3092849911631212]",1.9611628755355768,0.03883712446442322,80.0,registered-exact,True,9.0,4.0,2.0,5.0,11.0,5.0,6.0,3.0,2.0,3.0,2.0,one robust OAA round per segment,3634.0,branch register all-zero,,33.0,176503380.0,417910.0,-1.0,23300117800.0,265411756.0,analytical-model,3.9810717055349735e-05,,,,,,,,,,,,0.1.0,3.11.9,2.5.0,b58b31db18364511c43757e27fffc7abce8df2c1,True,ok,,
1.0,transverse_field_ising:N026,-3.5,commutator,146809.0,,,2.0,a8fa234e-a646-4911-8402-a67c302db4ae,2026-08-12T00:11:58.358108+00:00,c1ad72de628f71283ac69037e9bbe97c3e773952f5abde5eac91397ca322d1a6,resource-grid,transverse_field_ising,TFIM-26,"{""coupling"":1.0,""field"":3.0,""periodic"":false}",26,26.0,proportional,1.0,0.00031622776601683794,103.0,51,trotter-p2,trotter,Trotter p=2,analytical,analytical,2.0,,,,,,146809.0,,,,,,,,,,,,,,,,,,,,,,,,,,,,,,individual,51.0,0.0002846034169864502,349.0,childs-commutator,"Childs, Su, Tran, Wiebe, and Zhu, arXiv:1912.08854",Propositions 9--10,"{""prefactor"":349.0}",True,implemented-product-formula,True,,"[""the resolved ordered Hamiltonian groups match the implemented formula""]",,,,,,,implemented-product-formula,True,True,0.0002846049894151542,,,,,,,,,,,,,,,,,,,1.0,none,0.0,system register,1.0,26.0,14827709.0,0.0,-1.0,1808980498.0,14536970.0,analytical-model,3.1622776601683795e-05,,,,,,,,,,,,0.1.0,3.11.9,2.5.0,b58b31db18364511c43757e27fffc7abce8df2c1,True,ok,,
1.0,transverse_field_ising:N026,-3.5,empirical,38783.0,,,2.0,a8fa234e-a646-4911-8402-a67c302db4ae,2026-08-12T00:11:58.358108+00:00,c1ad72de628f71283ac69037e9bbe97c3e773952f5abde5eac91397ca322d1a6,resource-grid,transverse_field_ising,TFIM-26,"{""coupling"":1.0,""field"":3.0,""periodic"":false}",26,26.0,proportional,1.0,0.00031622776601683794,103.0,51,trotter-p2-empirical,trotter,Trotter p=2 [empirical],empirical-operator-norm,empirical,2.0,,,,,,38783.0,,,,,,,,,,,,,,,,,,,,,,,,,,,,,,individual,51.0,0.000284602782447465,24.3557719087,empirical-operator-norm,Repository empirical operator-norm calibration study v1 (2026-08-10),reviewed calibration opnorm-v1-tfim-open-trotter-p2; artifact docs/calibration_data/empirical_1d_v1_accepted.json,"{""prefactor"":24.3557719087}",False,implemented-product-formula,False,,"[""the resolved ordered Hamiltonian groups match the implemented formula"",""the fixed formal-order powers in time and segments apply"",""the reviewed affine size calibration extrapolates as flagged""]",,,,,,,implemented-product-formula,False,False,0.0002846049894151542,,,,,,,,,,,,,,,,,,,1.0,none,0.0,system register,1.0,26.0,3917083.0,0.0,-1.0,454381628.0,3840278.0,analytical-model,3.1622776601683795e-05,opnorm-v1-tfim-open-trotter-p2,transverse_field_ising,affine-aN-plus-b,24.3557719087,4.0,12.0,4.0,12.0,True,True,formula,0.1.0,3.11.9,2.5.0,b58b31db18364511c43757e27fffc7abce8df2c1,True,ok,,
1.0,transverse_field_ising:N026,-3.5,commutator,4076.0,,,2.0,a8fa234e-a646-4911-8402-a67c302db4ae,2026-08-12T00:11:58.358108+00:00,c1ad72de628f71283ac69037e9bbe97c3e773952f5abde5eac91397ca322d1a6,resource-grid,transverse_field_ising,TFIM-26,"{""coupling"":1.0,""field"":3.0,""periodic"":false}",26,26.0,proportional,1.0,0.00031622776601683794,103.0,51,trotter-p4,trotter,Trotter p=4,analytical,analytical,4.0,,,,,,4076.0,,,,,,,,,,,,,,,,,,,,,,,,,,,,,,commuting,2.0,0.000284357276040528,6605.935163086014,schubert-mendl-commutator,"Schubert and Mendl, arXiv:2306.10603",Theorem 1,"{""prefactor"":6605.935163086014}",True,implemented-product-formula,True,,"[""the resolved ordered Hamiltonian groups match the implemented formula""]",,,,,,,implemented-product-formula,True,True,0.0002846049894151542,,,,,,,,,,,,,,,,,,,1.0,none,0.0,system register,1.0,26.0,1569260.0,0.0,-1.0,175757120.0,1538491.0,analytical-model,3.1622776601683795e-05,,,,,,,,,,,,0.1.0,3.11.9,2.5.0,b58b31db18364511c43757e27fffc7abce8df2c1,True,ok,,
1.0,transverse_field_ising:N026,-3.5,empirical,818.0,,,2.0,a8fa234e-a646-4911-8402-a67c302db4ae,2026-08-12T00:11:58.358108+00:00,c1ad72de628f71283ac69037e9bbe97c3e773952f5abde5eac91397ca322d1a6,resource-grid,transverse_field_ising,TFIM-26,"{""coupling"":1.0,""field"":3.0,""periodic"":false}",26,26.0,proportional,1.0,0.00031622776601683794,103.0,51,trotter-p4-empirical,trotter,Trotter p=4 [empirical],empirical-operator-norm,empirical,4.0,,,,,,818.0,,,,,,,,,,,,,,,,,,,,,,,,,,,,,,commuting,2.0,0.0002839271691933287,10.6992522635,empirical-operator-norm,Repository empirical operator-norm calibration study v1 (2026-08-10),reviewed calibration opnorm-v1-tfim-open-trotter-p4; artifact docs/calibration_data/empirical_1d_v1_accepted.json,"{""prefactor"":10.6992522635}",False,implemented-product-formula,False,,"[""the resolved ordered Hamiltonian groups match the implemented formula"",""the fixed formal-order powers in time and segments apply"",""the reviewed affine size calibration extrapolates as flagged""]",,,,,,,implemented-product-formula,False,False,0.0002846049894151542,,,,,,,,,,,,,,,,,,,1.0,none,0.0,system register,1.0,26.0,314930.0,0.0,-1.0,33067650.0,308755.0,analytical-model,3.1622776601683795e-05,opnorm-v1-tfim-open-trotter-p4,transverse_field_ising,affine-aN-plus-b,10.6992522635,4.0,12.0,4.0,12.0,True,True,formula,0.1.0,3.11.9,2.5.0,b58b31db18364511c43757e27fffc7abce8df2c1,True,ok,,
1.0,transverse_field_ising:N026,-3.5,commutator,1783.0,,,2.0,a8fa234e-a646-4911-8402-a67c302db4ae,2026-08-12T00:11:58.358108+00:00,c1ad72de628f71283ac69037e9bbe97c3e773952f5abde5eac91397ca322d1a6,resource-grid,transverse_field_ising,TFIM-26,"{""coupling"":1.0,""field"":3.0,""periodic"":false}",26,26.0,proportional,1.0,0.00031622776601683794,103.0,51,trotter-p6,trotter,Trotter p=6,analytical,analytical,6.0,,,,,,1783.0,,,,,,,,,,,,,,,,,,,,,,,,,,,,,,commuting,2.0,0.000284450518834358,1137892.810662982,schubert-mendl-commutator,"Schubert and Mendl, arXiv:2306.10603",Theorem 1,"{""prefactor"":1137892.810662982}",True,implemented-product-formula,True,,"[""the resolved ordered Hamiltonian groups match the implemented formula""]",,,,,,,implemented-product-formula,True,True,0.0002846049894151542,,,,,,,,,,,,,,,,,,,1.0,none,0.0,system register,1.0,26.0,3432275.0,0.0,-1.0,398143900.0,3364976.0,analytical-model,3.1622776601683795e-05,,,,,,,,,,,,0.1.0,3.11.9,2.5.0,b58b31db18364511c43757e27fffc7abce8df2c1,True,ok,,
1.0,transverse_field_ising:N026,-3.5,empirical,208.0,,,2.0,a8fa234e-a646-4911-8402-a67c302db4ae,2026-08-12T00:11:58.358108+00:00,c1ad72de628f71283ac69037e9bbe97c3e773952f5abde5eac91397ca322d1a6,resource-grid,transverse_field_ising,TFIM-26,"{""coupling"":1.0,""field"":3.0,""periodic"":false}",26,26.0,proportional,1.0,0.00031622776601683794,103.0,51,trotter-p6-empirical,trotter,Trotter p=6 [empirical],empirical-operator-norm,empirical,6.0,,,,,,208.0,,,,,,,,,,,,,,,,,,,,,,,,,,,,,,commuting,2.0,1.9291067797088607e-05,0.1945014491,empirical-operator-norm,Repository empirical operator-norm calibration study v1 (2026-08-10),reviewed calibration opnorm-v1-tfim-open-trotter-p6; artifact docs/calibration_data/empirical_1d_v1_accepted.json,"{""prefactor"":0.1945014491}",False,implemented-product-formula,False,,"[""the resolved ordered Hamiltonian groups match the implemented formula"",""the fixed formal-order powers in time and segments apply"",""the reviewed affine size calibration extrapolates as flagged""]",,,,,,,implemented-product-formula,False,False,0.0002846049894151542,,,,,,,,,,,,,,,,,,,1.0,none,0.0,system register,1.0,26.0,400400.0,0.0,-1.0,42442400.0,392550.0,analytical-model,3.1622776601683795e-05,opnorm-v1-tfim-open-trotter-p6,transverse_field_ising,affine-aN-plus-b,0.1945014491,4.0,12.0,4.0,12.0,True,True,asymptotic-domain,0.1.0,3.11.9,2.5.0,b58b31db18364511c43757e27fffc7abce8df2c1,True,ok,,
1.0,transverse_field_ising:N026,-3.5,jacobi-anger,,,,2.0,a8fa234e-a646-4911-8402-a67c302db4ae,2026-08-12T00:11:58.358108+00:00,c1ad72de628f71283ac69037e9bbe97c3e773952f5abde5eac91397ca322d1a6,resource-grid,transverse_field_ising,TFIM-26,"{""coupling"":1.0,""field"":3.0,""periodic"":false}",26,26.0,proportional,1.0,0.00031622776601683794,103.0,51,qsvt,qsvt,QSVT,jacobi-anger-rigorous,analytical,,,,,,,,,,,,,,,,,,,,,,,,,,,,,,,,,,,21879.0,3647.0,,,4.445903903135432e-05,,jacobi-anger-polynomial-oaa,"Martyn et al., arXiv:2105.02859, Eqs. (76)--(77)",Jacobi--Anger tails plus exact cubic OAA identity,"{""oaa-unitarity-defect-distortion"":2.2229890119719215e-05,""scaled-polynomial-error"":2.2229148911635108e-05}",True,ideal-qsvt-oaa-good-block,True,,"[""the cosine and sine polynomials are implemented exactly"",""the unamplified good block is exactly Q/2""]",,,,,,,implemented-qsvt-floating-phase-circuit,False,False,0.0002846049894151542,,,,,,,,,,,,,,,,,,,2.0,one robust OAA round,1.0,"component, quadrature, and index registers all-zero",,40.0,2800524.0,7001378.0,-1.0,350065772.0,46384068.0,analytical-model,3.1622776601683795e-05,,,,,,,,,,,,0.1.0,3.11.9,2.5.0,b58b31db18364511c43757e27fffc7abce8df2c1,True,ok,,
1.0,transverse_field_ising:N026,-3.5,empirical,,9.0,,2.0,a8fa234e-a646-4911-8402-a67c302db4ae,2026-08-12T00:11:58.358108+00:00,c1ad72de628f71283ac69037e9bbe97c3e773952f5abde5eac91397ca322d1a6,resource-grid,transverse_field_ising,TFIM-26,"{""coupling"":1.0,""field"":3.0,""periodic"":false}",26,26.0,proportional,1.0,0.00031622776601683794,103.0,51,mpf-j-mizuta2026-theorem6-empirical-operator-norm,multiproduct,MPF J=Mizuta Theorem 6 (resolved per point) [empirical operator norm],empirical-operator-norm,,,9.0,18.0,mizuta2026-theorem6,5.000000000000001,0.0002846049894151542,,,,,,,,,,,,,,,,,,,,,,,,,,,,,,,,,,,,,,,,,,,,,,,,,,,,,0.0002846049894151542,,,,,,,,,,,,,,,,,,,,,,,,,,,,,,,,,,,,,,,,,,,0.1.0,3.11.9,2.5.0,b58b31db18364511c43757e27fffc7abce8df2c1,True,missing_empirical,UnsupportedEmpiricalCalibrationError,"no reviewed empirical operator-norm calibration for method=multiproduct, formal_order=18, model=transverse_field_ising, parameters={'coupling': 1.0, 'field': 3.0, 'periodic': False}, boundary=open, partition=None, schedule='new', formula='ordered-individual-pauli-strang-mpf-v1'"
1.0,transverse_field_ising:N026,-3.5,commutator,,9.0,3681.0,2.0,a8fa234e-a646-4911-8402-a67c302db4ae,2026-08-12T00:11:58.358108+00:00,c1ad72de628f71283ac69037e9bbe97c3e773952f5abde5eac91397ca322d1a6,resource-grid,transverse_field_ising,TFIM-26,"{""coupling"":1.0,""field"":3.0,""periodic"":false}",26,26.0,proportional,1.0,0.00031622776601683794,103.0,51,mpf-j-mizuta2026-theorem6-mizuta2026-commutator-ideal-rigorous,multiproduct,MPF J=Mizuta Theorem 6 (resolved per point) [Mizuta 2026 refined commutator],mizuta2026-commutator-ideal-rigorous,analytical,,9.0,18.0,mizuta2026-theorem6,5.000000000000001,0.0002846049894151542,3681.0,3681.0,,2817.0,"[""error""]",27.084186113715496,18.0,,,7.6384263865883e-08,5.671316138592293e-10,2.7111035918038655e-10,2.9602125467884266e-10,5.671316138592293e-10,7.695139547974224e-08,0.00028333831146298025,1.7287176516619422e-05,False,0.009230478588145553,"[1.0000000000000002,1.0000000000000002,1.0000000000000002,1.0000000000000002,1.0000000000000002,1.0000000000000002,1.0000000000000002,1.0000000000000002,1.0000000000000002,1.0000000000000002,1.0000000000000002,1.0000000000000002,1.0000000000000002,1.0000000000000002,1.0000000000000002,1.0000000000000002,1.0000000000000002,1.0000000000000002,1.0000000000000002,1.0000000000000002,1.0000000000000002,1.0000000000000002,1.0000000000000002,1.0000000000000002,1.0000000000000002,1.0000000000000002,1.0000000000000002,1.0000000000000002,1.0000000000000002,1.0000000000000002,1.0000000000000002,1.0000000000000002,1.0000000000000002,1.0000000000000002,1.0000000000000002,1.0000000000000002,1.0000000000000002,1.0000000000000002,1.0000000000000002,1.0000000000000002,1.0000000000000002,1.0000000000000002,1.0000000000000002,1.0000000000000002,1.0000000000000002,1.0000000000000002,1.0000000000000002,1.0000000000000002,1.0000000000000002,1.0000000000000002,1.0000000000000002]",5.0000000000000036,18.0,False,,not-used,commutator,mizuta2026-commutator-ideal-rigorous,[],883440.0,,,,0.00028333831146298025,5.64755953230058e+33,mizuta2026-commutator-ideal-rigorous,"Mizuta, Quantum 10, 1974 (2026), arXiv:2507.06557v4","Theorem 4, Eqs. (47)--(49), with direct Lemmas 9--10 BCH remainder","{""error_predicate_satisfied"":1.0,""extensiveness_g"":5.000000000000001,""joint_predicate_satisfied"":1.0,""legacy_first_condition_passed"":0.0,""legacy_first_time_limit"":1.7287176516619422e-05,""local_commutator_error"":7.6384263865883e-08,""local_step_error"":7.695139547974224e-08,""local_truncated_bch_error"":5.671316138592293e-10,""locality_k"":2.0,""mu_upper"":27.084186113715496,""refined_lemma10_remainder"":2.9602125467884266e-10,""refined_lemma9_remainder"":2.7111035918038655e-10,""refined_tail_fallback"":0.0,""repeated_global_error"":0.00028333831146298025,""schedule_weighted_extensiveness"":5.0000000000000036,""second_time_limit"":0.009230478588145553,""time_2_predicate_satisfied"":1.0,""total_branchwise_bch_remainder"":5.671316138592293e-10,""truncation_order_p0"":18.0}",True,ideal-mpf,True,ordered individual Pauli terms,"[""individual Pauli summands define the ordered H_gamma decomposition"",""the actual Strang factors define schedule-weighted g_alpha extensiveness"",""Lemma 9 and Lemma 10 positive majorants directly certify the BCH remainder"",""the scalar-flow/Cauchy refined tail certificate is used"",""Theorem 4 second time hypothesis is satisfied"",""the repeated ideal MPF is composed with the Eq. (15) telescoping argument""]",,18.0,18.0,True,False,"{""2"":600.0000000000006,""3"":9552.000000000015,""4"":123360.00000000028,""5"":1964352.0000000058,""6"":26700288.0000001,""7"":425270784.0000019,""8"":5979429888.000031,""9"":95261352960.00056,""10"":1370647707648.0093,""11"":21841531576320.16,""12"":319438646181890.56,""13"":5091367662354477.0,""14"":7.536422163185736e+16,""15"":1.2014098258557788e+18,""16"":1.7947659133030955e+19,""17"":2.8615601244196717e+20,""18"":4.305765629548544e+21}",repeated-shared-ancilla-good-block,True,False,0.0002846049894151542,new,"[1,2,3,4,5,6,8,14,37]","[1.967691252631999e-13,-3.445506091008736e-08,2.544222523112307e-05,-0.0016199636587070087,0.021324279661958864,-0.07100801545469856,0.14994672471728007,-0.4079534241993221,1.3092849911631212]",1.9611628755355768,0.03883712446442322,80.0,registered-exact,True,9.0,4.0,2.0,5.0,11.0,5.0,6.0,3.0,2.0,3.0,2.0,one robust OAA round per segment,3681.0,branch register all-zero,,33.0,178786170.0,423315.0,-1.0,23780253870.0,268844434.0,analytical-model,3.1622776601683795e-05,,,,,,,,,,,,0.1.0,3.11.9,2.5.0,b58b31db18364511c43757e27fffc7abce8df2c1,True,ok,,
1.0,transverse_field_ising:N026,-3.6,commutator,164722.0,,,2.0,a8fa234e-a646-4911-8402-a67c302db4ae,2026-08-12T00:11:58.358108+00:00,c1ad72de628f71283ac69037e9bbe97c3e773952f5abde5eac91397ca322d1a6,resource-grid,transverse_field_ising,TFIM-26,"{""coupling"":1.0,""field"":3.0,""periodic"":false}",26,26.0,proportional,1.0,0.00025118864315095795,103.0,51,trotter-p2,trotter,Trotter p=2,analytical,analytical,2.0,,,,,,164722.0,,,,,,,,,,,,,,,,,,,,,,,,,,,,,,individual,51.0,0.00022606964767349556,349.0,childs-commutator,"Childs, Su, Tran, Wiebe, and Zhu, arXiv:1912.08854",Propositions 9--10,"{""prefactor"":349.0}",True,implemented-product-formula,True,,"[""the resolved ordered Hamiltonian groups match the implemented formula""]",,,,,,,implemented-product-formula,True,True,0.00022606977883586217,,,,,,,,,,,,,,,,,,,1.0,none,0.0,system register,1.0,26.0,16636922.0,0.0,-1.0,2062978328.0,16310708.0,analytical-model,2.5118864315095798e-05,,,,,,,,,,,,0.1.0,3.11.9,2.5.0,b58b31db18364511c43757e27fffc7abce8df2c1,True,ok,,
1.0,transverse_field_ising:N026,-3.6,empirical,43516.0,,,2.0,a8fa234e-a646-4911-8402-a67c302db4ae,2026-08-12T00:11:58.358108+00:00,c1ad72de628f71283ac69037e9bbe97c3e773952f5abde5eac91397ca322d1a6,resource-grid,transverse_field_ising,TFIM-26,"{""coupling"":1.0,""field"":3.0,""periodic"":false}",26,26.0,proportional,1.0,0.00025118864315095795,103.0,51,trotter-p2-empirical,trotter,Trotter p=2 [empirical],empirical-operator-norm,empirical,2.0,,,,,,43516.0,,,,,,,,,,,,,,,,,,,,,,,,,,,,,,individual,51.0,0.00022606014716399086,24.3557719087,empirical-operator-norm,Repository empirical operator-norm calibration study v1 (2026-08-10),reviewed calibration opnorm-v1-tfim-open-trotter-p2; artifact docs/calibration_data/empirical_1d_v1_accepted.json,"{""prefactor"":24.3557719087}",False,implemented-product-formula,False,,"[""the resolved ordered Hamiltonian groups match the implemented formula"",""the fixed formal-order powers in time and segments apply"",""the reviewed affine size calibration extrapolates as flagged""]",,,,,,,implemented-product-formula,False,False,0.00022606977883586217,,,,,,,,,,,,,,,,,,,1.0,none,0.0,system register,1.0,26.0,4395116.0,0.0,-1.0,518623688.0,4308938.0,analytical-model,2.5118864315095798e-05,opnorm-v1-tfim-open-trotter-p2,transverse_field_ising,affine-aN-plus-b,24.3557719087,4.0,12.0,4.0,12.0,True,True,formula,0.1.0,3.11.9,2.5.0,b58b31db18364511c43757e27fffc7abce8df2c1,True,ok,,
1.0,transverse_field_ising:N026,-3.6,commutator,4317.0,,,2.0,a8fa234e-a646-4911-8402-a67c302db4ae,2026-08-12T00:11:58.358108+00:00,c1ad72de628f71283ac69037e9bbe97c3e773952f5abde5eac91397ca322d1a6,resource-grid,transverse_field_ising,TFIM-26,"{""coupling"":1.0,""field"":3.0,""periodic"":false}",26,26.0,proportional,1.0,0.00025118864315095795,103.0,51,trotter-p4,trotter,Trotter p=4,analytical,analytical,4.0,,,,,,4317.0,,,,,,,,,,,,,,,,,,,,,,,,,,,,,,commuting,2.0,0.0002259814817826074,6605.935163086014,schubert-mendl-commutator,"Schubert and Mendl, arXiv:2306.10603",Theorem 1,"{""prefactor"":6605.935163086014}",True,implemented-product-formula,True,,"[""the resolved ordered Hamiltonian groups match the implemented formula""]",,,,,,,implemented-product-formula,True,True,0.00022606977883586217,,,,,,,,,,,,,,,,,,,1.0,none,0.0,system register,1.0,26.0,1662045.0,0.0,-1.0,189473130.0,1629456.0,analytical-model,2.5118864315095798e-05,,,,,,,,,,,,0.1.0,3.11.9,2.5.0,b58b31db18364511c43757e27fffc7abce8df2c1,True,ok,,
1.0,transverse_field_ising:N026,-3.6,empirical,866.0,,,2.0,a8fa234e-a646-4911-8402-a67c302db4ae,2026-08-12T00:11:58.358108+00:00,c1ad72de628f71283ac69037e9bbe97c3e773952f5abde5eac91397ca322d1a6,resource-grid,transverse_field_ising,TFIM-26,"{""coupling"":1.0,""field"":3.0,""periodic"":false}",26,26.0,proportional,1.0,0.00025118864315095795,103.0,51,trotter-p4-empirical,trotter,Trotter p=4 [empirical],empirical-operator-norm,empirical,4.0,,,,,,866.0,,,,,,,,,,,,,,,,,,,,,,,,,,,,,,commuting,2.0,0.00022602089956140297,10.6992522635,empirical-operator-norm,Repository empirical operator-norm calibration study v1 (2026-08-10),reviewed calibration opnorm-v1-tfim-open-trotter-p4; artifact docs/calibration_data/empirical_1d_v1_accepted.json,"{""prefactor"":10.6992522635}",False,implemented-product-formula,False,,"[""the resolved ordered Hamiltonian groups match the implemented formula"",""the fixed formal-order powers in time and segments apply"",""the reviewed affine size calibration extrapolates as flagged""]",,,,,,,implemented-product-formula,False,False,0.00022606977883586217,,,,,,,,,,,,,,,,,,,1.0,none,0.0,system register,1.0,26.0,333410.0,0.0,-1.0,35341460.0,326873.0,analytical-model,2.5118864315095798e-05,opnorm-v1-tfim-open-trotter-p4,transverse_field_ising,affine-aN-plus-b,10.6992522635,4.0,12.0,4.0,12.0,True,True,formula,0.1.0,3.11.9,2.5.0,b58b31db18364511c43757e27fffc7abce8df2c1,True,ok,,
1.0,transverse_field_ising:N026,-3.6,commutator,1853.0,,,2.0,a8fa234e-a646-4911-8402-a67c302db4ae,2026-08-12T00:11:58.358108+00:00,c1ad72de628f71283ac69037e9bbe97c3e773952f5abde5eac91397ca322d1a6,resource-grid,transverse_field_ising,TFIM-26,"{""coupling"":1.0,""field"":3.0,""periodic"":false}",26,26.0,proportional,1.0,0.00025118864315095795,103.0,51,trotter-p6,trotter,Trotter p=6,analytical,analytical,6.0,,,,,,1853.0,,,,,,,,,,,,,,,,,,,,,,,,,,,,,,commuting,2.0,0.00022576794159728737,1137892.810662982,schubert-mendl-commutator,"Schubert and Mendl, arXiv:2306.10603",Theorem 1,"{""prefactor"":1137892.810662982}",True,implemented-product-formula,True,,"[""the resolved ordered Hamiltonian groups match the implemented formula""]",,,,,,,implemented-product-formula,True,True,0.00022606977883586217,,,,,,,,,,,,,,,,,,,1.0,none,0.0,system register,1.0,26.0,3567025.0,0.0,-1.0,417341925.0,3497084.0,analytical-model,2.5118864315095798e-05,,,,,,,,,,,,0.1.0,3.11.9,2.5.0,b58b31db18364511c43757e27fffc7abce8df2c1,True,ok,,
1.0,transverse_field_ising:N026,-3.6,empirical,208.0,,,2.0,a8fa234e-a646-4911-8402-a67c302db4ae,2026-08-12T00:11:58.358108+00:00,c1ad72de628f71283ac69037e9bbe97c3e773952f5abde5eac91397ca322d1a6,resource-grid,transverse_field_ising,TFIM-26,"{""coupling"":1.0,""field"":3.0,""periodic"":false}",26,26.0,proportional,1.0,0.00025118864315095795,103.0,51,trotter-p6-empirical,trotter,Trotter p=6 [empirical],empirical-operator-norm,empirical,6.0,,,,,,208.0,,,,,,,,,,,,,,,,,,,,,,,,,,,,,,commuting,2.0,1.9291067797088607e-05,0.1945014491,empirical-operator-norm,Repository empirical operator-norm calibration study v1 (2026-08-10),reviewed calibration opnorm-v1-tfim-open-trotter-p6; artifact docs/calibration_data/empirical_1d_v1_accepted.json,"{""prefactor"":0.1945014491}",False,implemented-product-formula,False,,"[""the resolved ordered Hamiltonian groups match the implemented formula"",""the fixed formal-order powers in time and segments apply"",""the reviewed affine size calibration extrapolates as flagged""]",,,,,,,implemented-product-formula,False,False,0.00022606977883586217,,,,,,,,,,,,,,,,,,,1.0,none,0.0,system register,1.0,26.0,400400.0,0.0,-1.0,42842800.0,392550.0,analytical-model,2.5118864315095798e-05,opnorm-v1-tfim-open-trotter-p6,transverse_field_ising,affine-aN-plus-b,0.1945014491,4.0,12.0,4.0,12.0,True,True,asymptotic-domain,0.1.0,3.11.9,2.5.0,b58b31db18364511c43757e27fffc7abce8df2c1,True,ok,,
1.0,transverse_field_ising:N026,-3.6,jacobi-anger,,,,2.0,a8fa234e-a646-4911-8402-a67c302db4ae,2026-08-12T00:11:58.358108+00:00,c1ad72de628f71283ac69037e9bbe97c3e773952f5abde5eac91397ca322d1a6,resource-grid,transverse_field_ising,TFIM-26,"{""coupling"":1.0,""field"":3.0,""periodic"":false}",26,26.0,proportional,1.0,0.00025118864315095795,103.0,51,qsvt,qsvt,QSVT,jacobi-anger-rigorous,analytical,,,,,,,,,,,,,,,,,,,,,,,,,,,,,,,,,,,21879.0,3647.0,,,3.795496748311852e-05,,jacobi-anger-polynomial-oaa,"Martyn et al., arXiv:2105.02859, Eqs. (76)--(77)",Jacobi--Anger tails plus exact cubic OAA identity,"{""oaa-unitarity-defect-distortion"":1.8977753844245966e-05,""scaled-polynomial-error"":1.897721363887255e-05}",True,ideal-qsvt-oaa-good-block,True,,"[""the cosine and sine polynomials are implemented exactly"",""the unamplified good block is exactly Q/2""]",,,,,,,implemented-qsvt-floating-phase-circuit,False,False,0.00022606977883586217,,,,,,,,,,,,,,,,,,,2.0,one robust OAA round,1.0,"component, quadrature, and index registers all-zero",,40.0,2800524.0,7001378.0,-1.0,352866296.0,46384068.0,analytical-model,2.5118864315095798e-05,,,,,,,,,,,,0.1.0,3.11.9,2.5.0,b58b31db18364511c43757e27fffc7abce8df2c1,True,ok,,
1.0,transverse_field_ising:N026,-3.6,empirical,,9.0,,2.0,a8fa234e-a646-4911-8402-a67c302db4ae,2026-08-12T00:11:58.358108+00:00,c1ad72de628f71283ac69037e9bbe97c3e773952f5abde5eac91397ca322d1a6,resource-grid,transverse_field_ising,TFIM-26,"{""coupling"":1.0,""field"":3.0,""periodic"":false}",26,26.0,proportional,1.0,0.00025118864315095795,103.0,51,mpf-j-mizuta2026-theorem6-empirical-operator-norm,multiproduct,MPF J=Mizuta Theorem 6 (resolved per point) [empirical operator norm],empirical-operator-norm,,,9.0,18.0,mizuta2026-theorem6,5.000000000000001,0.00022606977883586217,,,,,,,,,,,,,,,,,,,,,,,,,,,,,,,,,,,,,,,,,,,,,,,,,,,,,0.00022606977883586217,,,,,,,,,,,,,,,,,,,,,,,,,,,,,,,,,,,,,,,,,,,0.1.0,3.11.9,2.5.0,b58b31db18364511c43757e27fffc7abce8df2c1,True,missing_empirical,UnsupportedEmpiricalCalibrationError,"no reviewed empirical operator-norm calibration for method=multiproduct, formal_order=18, model=transverse_field_ising, parameters={'coupling': 1.0, 'field': 3.0, 'periodic': False}, boundary=open, partition=None, schedule='new', formula='ordered-individual-pauli-strang-mpf-v1'"
1.0,transverse_field_ising:N026,-3.6,commutator,,9.0,3728.0,2.0,a8fa234e-a646-4911-8402-a67c302db4ae,2026-08-12T00:11:58.358108+00:00,c1ad72de628f71283ac69037e9bbe97c3e773952f5abde5eac91397ca322d1a6,resource-grid,transverse_field_ising,TFIM-26,"{""coupling"":1.0,""field"":3.0,""periodic"":false}",26,26.0,proportional,1.0,0.00025118864315095795,103.0,51,mpf-j-mizuta2026-theorem6-mizuta2026-commutator-ideal-rigorous,multiproduct,MPF J=Mizuta Theorem 6 (resolved per point) [Mizuta 2026 refined commutator],mizuta2026-commutator-ideal-rigorous,analytical,,9.0,18.0,mizuta2026-theorem6,5.000000000000001,0.00022606977883586217,3728.0,3728.0,,2817.0,"[""error""]",27.084186113715496,18.0,,,6.002224830132948e-08,5.539540872042735e-10,2.7094488248793674e-10,2.830092047163367e-10,5.539540872042735e-10,6.057620238853377e-08,0.0002258790729017207,1.7287176516619422e-05,False,0.009230478588145553,"[1.0000000000000002,1.0000000000000002,1.0000000000000002,1.0000000000000002,1.0000000000000002,1.0000000000000002,1.0000000000000002,1.0000000000000002,1.0000000000000002,1.0000000000000002,1.0000000000000002,1.0000000000000002,1.0000000000000002,1.0000000000000002,1.0000000000000002,1.0000000000000002,1.0000000000000002,1.0000000000000002,1.0000000000000002,1.0000000000000002,1.0000000000000002,1.0000000000000002,1.0000000000000002,1.0000000000000002,1.0000000000000002,1.0000000000000002,1.0000000000000002,1.0000000000000002,1.0000000000000002,1.0000000000000002,1.0000000000000002,1.0000000000000002,1.0000000000000002,1.0000000000000002,1.0000000000000002,1.0000000000000002,1.0000000000000002,1.0000000000000002,1.0000000000000002,1.0000000000000002,1.0000000000000002,1.0000000000000002,1.0000000000000002,1.0000000000000002,1.0000000000000002,1.0000000000000002,1.0000000000000002,1.0000000000000002,1.0000000000000002,1.0000000000000002,1.0000000000000002]",5.0000000000000036,18.0,False,,not-used,commutator,mizuta2026-commutator-ideal-rigorous,[],894720.0,,,,0.0002258790729017207,5.64755953230058e+33,mizuta2026-commutator-ideal-rigorous,"Mizuta, Quantum 10, 1974 (2026), arXiv:2507.06557v4","Theorem 4, Eqs. (47)--(49), with direct Lemmas 9--10 BCH remainder","{""error_predicate_satisfied"":1.0,""extensiveness_g"":5.000000000000001,""joint_predicate_satisfied"":1.0,""legacy_first_condition_passed"":0.0,""legacy_first_time_limit"":1.7287176516619422e-05,""local_commutator_error"":6.002224830132948e-08,""local_step_error"":6.057620238853377e-08,""local_truncated_bch_error"":5.539540872042735e-10,""locality_k"":2.0,""mu_upper"":27.084186113715496,""refined_lemma10_remainder"":2.830092047163367e-10,""refined_lemma9_remainder"":2.7094488248793674e-10,""refined_tail_fallback"":0.0,""repeated_global_error"":0.0002258790729017207,""schedule_weighted_extensiveness"":5.0000000000000036,""second_time_limit"":0.009230478588145553,""time_2_predicate_satisfied"":1.0,""total_branchwise_bch_remainder"":5.539540872042735e-10,""truncation_order_p0"":18.0}",True,ideal-mpf,True,ordered individual Pauli terms,"[""individual Pauli summands define the ordered H_gamma decomposition"",""the actual Strang factors define schedule-weighted g_alpha extensiveness"",""Lemma 9 and Lemma 10 positive majorants directly certify the BCH remainder"",""the scalar-flow/Cauchy refined tail certificate is used"",""Theorem 4 second time hypothesis is satisfied"",""the repeated ideal MPF is composed with the Eq. (15) telescoping argument""]",,18.0,18.0,True,False,"{""2"":600.0000000000006,""3"":9552.000000000015,""4"":123360.00000000028,""5"":1964352.0000000058,""6"":26700288.0000001,""7"":425270784.0000019,""8"":5979429888.000031,""9"":95261352960.00056,""10"":1370647707648.0093,""11"":21841531576320.16,""12"":319438646181890.56,""13"":5091367662354477.0,""14"":7.536422163185736e+16,""15"":1.2014098258557788e+18,""16"":1.7947659133030955e+19,""17"":2.8615601244196717e+20,""18"":4.305765629548544e+21}",repeated-shared-ancilla-good-block,True,False,0.00022606977883586217,new,"[1,2,3,4,5,6,8,14,37]","[1.967691252631999e-13,-3.445506091008736e-08,2.544222523112307e-05,-0.0016199636587070087,0.021324279661958864,-0.07100801545469856,0.14994672471728007,-0.4079534241993221,1.3092849911631212]",1.9611628755355768,0.03883712446442322,80.0,registered-exact,True,9.0,4.0,2.0,5.0,11.0,5.0,6.0,3.0,2.0,3.0,2.0,one robust OAA round per segment,3728.0,branch register all-zero,,33.0,181068960.0,428720.0,-1.0,24264955520.0,272277112.0,analytical-model,2.5118864315095798e-05,,,,,,,,,,,,0.1.0,3.11.9,2.5.0,b58b31db18364511c43757e27fffc7abce8df2c1,True,ok,,
1.0,transverse_field_ising:N026,-3.7,commutator,184822.0,,,2.0,a8fa234e-a646-4911-8402-a67c302db4ae,2026-08-12T00:11:58.358108+00:00,c1ad72de628f71283ac69037e9bbe97c3e773952f5abde5eac91397ca322d1a6,resource-grid,transverse_field_ising,TFIM-26,"{""coupling"":1.0,""field"":3.0,""periodic"":false}",26,26.0,proportional,1.0,0.00019952623149688788,103.0,51,trotter-p2,trotter,Trotter p=2,analytical,analytical,2.0,,,,,,184822.0,,,,,,,,,,,,,,,,,,,,,,,,,,,,,,individual,51.0,0.0001795718015865458,349.0,childs-commutator,"Childs, Su, Tran, Wiebe, and Zhu, arXiv:1912.08854",Propositions 9--10,"{""prefactor"":349.0}",True,implemented-product-formula,True,,"[""the resolved ordered Hamiltonian groups match the implemented formula""]",,,,,,,implemented-product-formula,True,True,0.0001795736083471991,,,,,,,,,,,,,,,,,,,1.0,none,0.0,system register,1.0,26.0,18667022.0,0.0,-1.0,2333377750.0,18301002.0,analytical-model,1.995262314968879e-05,,,,,,,,,,,,0.1.0,3.11.9,2.5.0,b58b31db18364511c43757e27fffc7abce8df2c1,True,ok,,
1.0,transverse_field_ising:N026,-3.7,empirical,48825.0,,,2.0,a8fa234e-a646-4911-8402-a67c302db4ae,2026-08-12T00:11:58.358108+00:00,c1ad72de628f71283ac69037e9bbe97c3e773952f5abde5eac91397ca322d1a6,resource-grid,transverse_field_ising,TFIM-26,"{""coupling"":1.0,""field"":3.0,""periodic"":false}",26,26.0,proportional,1.0,0.00019952623149688788,103.0,51,trotter-p2-empirical,trotter,Trotter p=2 [empirical],empirical-operator-norm,empirical,2.0,,,,,,48825.0,,,,,,,,,,,,,,,,,,,,,,,,,,,,,,individual,51.0,0.00017957151150020832,24.3557719087,empirical-operator-norm,Repository empirical operator-norm calibration study v1 (2026-08-10),reviewed calibration opnorm-v1-tfim-open-trotter-p2; artifact docs/calibration_data/empirical_1d_v1_accepted.json,"{""prefactor"":24.3557719087}",False,implemented-product-formula,False,,"[""the resolved ordered Hamiltonian groups match the implemented formula"",""the fixed formal-order powers in time and segments apply"",""the reviewed affine size calibration extrapolates as flagged""]",,,,,,,implemented-product-formula,False,False,0.0001795736083471991,,,,,,,,,,,,,,,,,,,1.0,none,0.0,system register,1.0,26.0,4931325.0,0.0,-1.0,586827675.0,4834633.0,analytical-model,1.995262314968879e-05,opnorm-v1-tfim-open-trotter-p2,transverse_field_ising,affine-aN-plus-b,24.3557719087,4.0,12.0,4.0,12.0,True,True,formula,0.1.0,3.11.9,2.5.0,b58b31db18364511c43757e27fffc7abce8df2c1,True,ok,,
1.0,transverse_field_ising:N026,-3.7,commutator,4573.0,,,2.0,a8fa234e-a646-4911-8402-a67c302db4ae,2026-08-12T00:11:58.358108+00:00,c1ad72de628f71283ac69037e9bbe97c3e773952f5abde5eac91397ca322d1a6,resource-grid,transverse_field_ising,TFIM-26,"{""coupling"":1.0,""field"":3.0,""periodic"":false}",26,26.0,proportional,1.0,0.00019952623149688788,103.0,51,trotter-p4,trotter,Trotter p=4,analytical,analytical,4.0,,,,,,4573.0,,,,,,,,,,,,,,,,,,,,,,,,,,,,,,commuting,2.0,0.0001794718093266995,6605.935163086014,schubert-mendl-commutator,"Schubert and Mendl, arXiv:2306.10603",Theorem 1,"{""prefactor"":6605.935163086014}",True,implemented-product-formula,True,,"[""the resolved ordered Hamiltonian groups match the implemented formula""]",,,,,,,implemented-product-formula,True,True,0.0001795736083471991,,,,,,,,,,,,,,,,,,,1.0,none,0.0,system register,1.0,26.0,1760605.0,0.0,-1.0,202469575.0,1726084.0,analytical-model,1.995262314968879e-05,,,,,,,,,,,,0.1.0,3.11.9,2.5.0,b58b31db18364511c43757e27fffc7abce8df2c1,True,ok,,
1.0,transverse_field_ising:N026,-3.7,empirical,918.0,,,2.0,a8fa234e-a646-4911-8402-a67c302db4ae,2026-08-12T00:11:58.358108+00:00,c1ad72de628f71283ac69037e9bbe97c3e773952f5abde5eac91397ca322d1a6,resource-grid,transverse_field_ising,TFIM-26,"{""coupling"":1.0,""field"":3.0,""periodic"":false}",26,26.0,proportional,1.0,0.00019952623149688788,103.0,51,trotter-p4-empirical,trotter,Trotter p=4 [empirical],empirical-operator-norm,empirical,4.0,,,,,,918.0,,,,,,,,,,,,,,,,,,,,,,,,,,,,,,commuting,2.0,0.00017899852090388704,10.6992522635,empirical-operator-norm,Repository empirical operator-norm calibration study v1 (2026-08-10),reviewed calibration opnorm-v1-tfim-open-trotter-p4; artifact docs/calibration_data/empirical_1d_v1_accepted.json,"{""prefactor"":10.6992522635}",False,implemented-product-formula,False,,"[""the resolved ordered Hamiltonian groups match the implemented formula"",""the fixed formal-order powers in time and segments apply"",""the reviewed affine size calibration extrapolates as flagged""]",,,,,,,implemented-product-formula,False,False,0.0001795736083471991,,,,,,,,,,,,,,,,,,,1.0,none,0.0,system register,1.0,26.0,353430.0,0.0,-1.0,38170440.0,346500.0,analytical-model,1.995262314968879e-05,opnorm-v1-tfim-open-trotter-p4,transverse_field_ising,affine-aN-plus-b,10.6992522635,4.0,12.0,4.0,12.0,True,True,formula,0.1.0,3.11.9,2.5.0,b58b31db18364511c43757e27fffc7abce8df2c1,True,ok,,
1.0,transverse_field_ising:N026,-3.7,commutator,1926.0,,,2.0,a8fa234e-a646-4911-8402-a67c302db4ae,2026-08-12T00:11:58.358108+00:00,c1ad72de628f71283ac69037e9bbe97c3e773952f5abde5eac91397ca322d1a6,resource-grid,transverse_field_ising,TFIM-26,"{""coupling"":1.0,""field"":3.0,""periodic"":false}",26,26.0,proportional,1.0,0.00019952623149688788,103.0,51,trotter-p6,trotter,Trotter p=6,analytical,analytical,6.0,,,,,,1926.0,,,,,,,,,,,,,,,,,,,,,,,,,,,,,,commuting,2.0,0.00017905114086947993,1137892.810662982,schubert-mendl-commutator,"Schubert and Mendl, arXiv:2306.10603",Theorem 1,"{""prefactor"":1137892.810662982}",True,implemented-product-formula,True,,"[""the resolved ordered Hamiltonian groups match the implemented formula""]",,,,,,,implemented-product-formula,True,True,0.0001795736083471991,,,,,,,,,,,,,,,,,,,1.0,none,0.0,system register,1.0,26.0,3707550.0,0.0,-1.0,437490900.0,3634853.0,analytical-model,1.995262314968879e-05,,,,,,,,,,,,0.1.0,3.11.9,2.5.0,b58b31db18364511c43757e27fffc7abce8df2c1,True,ok,,
1.0,transverse_field_ising:N026,-3.7,empirical,208.0,,,2.0,a8fa234e-a646-4911-8402-a67c302db4ae,2026-08-12T00:11:58.358108+00:00,c1ad72de628f71283ac69037e9bbe97c3e773952f5abde5eac91397ca322d1a6,resource-grid,transverse_field_ising,TFIM-26,"{""coupling"":1.0,""field"":3.0,""periodic"":false}",26,26.0,proportional,1.0,0.00019952623149688788,103.0,51,trotter-p6-empirical,trotter,Trotter p=6 [empirical],empirical-operator-norm,empirical,6.0,,,,,,208.0,,,,,,,,,,,,,,,,,,,,,,,,,,,,,,commuting,2.0,1.9291067797088607e-05,0.1945014491,empirical-operator-norm,Repository empirical operator-norm calibration study v1 (2026-08-10),reviewed calibration opnorm-v1-tfim-open-trotter-p6; artifact docs/calibration_data/empirical_1d_v1_accepted.json,"{""prefactor"":0.1945014491}",False,implemented-product-formula,False,,"[""the resolved ordered Hamiltonian groups match the implemented formula"",""the fixed formal-order powers in time and segments apply"",""the reviewed affine size calibration extrapolates as flagged""]",,,,,,,implemented-product-formula,False,False,0.0001795736083471991,,,,,,,,,,,,,,,,,,,1.0,none,0.0,system register,1.0,26.0,400400.0,0.0,-1.0,43243200.0,392550.0,analytical-model,1.995262314968879e-05,opnorm-v1-tfim-open-trotter-p6,transverse_field_ising,affine-aN-plus-b,0.1945014491,4.0,12.0,4.0,12.0,True,True,asymptotic-domain,0.1.0,3.11.9,2.5.0,b58b31db18364511c43757e27fffc7abce8df2c1,True,ok,,
1.0,transverse_field_ising:N026,-3.7,jacobi-anger,,,,2.0,a8fa234e-a646-4911-8402-a67c302db4ae,2026-08-12T00:11:58.358108+00:00,c1ad72de628f71283ac69037e9bbe97c3e773952f5abde5eac91397ca322d1a6,resource-grid,transverse_field_ising,TFIM-26,"{""coupling"":1.0,""field"":3.0,""periodic"":false}",26,26.0,proportional,1.0,0.00019952623149688788,103.0,51,qsvt,qsvt,QSVT,jacobi-anger-rigorous,analytical,,,,,,,,,,,,,,,,,,,,,,,,,,,,,,,,,,,21879.0,3647.0,,,3.278862242110672e-05,,jacobi-anger-polynomial-oaa,"Martyn et al., arXiv:2105.02859, Eqs. (76)--(77)",Jacobi--Anger tails plus exact cubic OAA identity,"{""oaa-unitarity-defect-distortion"":1.6394512786777937e-05,""scaled-polynomial-error"":1.6394109634328782e-05}",True,ideal-qsvt-oaa-good-block,True,,"[""the cosine and sine polynomials are implemented exactly"",""the unamplified good block is exactly Q/2""]",,,,,,,implemented-qsvt-floating-phase-circuit,False,False,0.0001795736083471991,,,,,,,,,,,,,,,,,,,2.0,one robust OAA round,1.0,"component, quadrature, and index registers all-zero",,40.0,2800524.0,7001378.0,-1.0,355666820.0,46384068.0,analytical-model,1.995262314968879e-05,,,,,,,,,,,,0.1.0,3.11.9,2.5.0,b58b31db18364511c43757e27fffc7abce8df2c1,True,ok,,
1.0,transverse_field_ising:N026,-3.7,empirical,,9.0,,2.0,a8fa234e-a646-4911-8402-a67c302db4ae,2026-08-12T00:11:58.358108+00:00,c1ad72de628f71283ac69037e9bbe97c3e773952f5abde5eac91397ca322d1a6,resource-grid,transverse_field_ising,TFIM-26,"{""coupling"":1.0,""field"":3.0,""periodic"":false}",26,26.0,proportional,1.0,0.00019952623149688788,103.0,51,mpf-j-mizuta2026-theorem6-empirical-operator-norm,multiproduct,MPF J=Mizuta Theorem 6 (resolved per point) [empirical operator norm],empirical-operator-norm,,,9.0,18.0,mizuta2026-theorem6,5.000000000000001,0.0001795736083471991,,,,,,,,,,,,,,,,,,,,,,,,,,,,,,,,,,,,,,,,,,,,,,,,,,,,,0.0001795736083471991,,,,,,,,,,,,,,,,,,,,,,,,,,,,,,,,,,,,,,,,,,,0.1.0,3.11.9,2.5.0,b58b31db18364511c43757e27fffc7abce8df2c1,True,missing_empirical,UnsupportedEmpiricalCalibrationError,"no reviewed empirical operator-norm calibration for method=multiproduct, formal_order=18, model=transverse_field_ising, parameters={'coupling': 1.0, 'field': 3.0, 'periodic': False}, boundary=open, partition=None, schedule='new', formula='ordered-individual-pauli-strang-mpf-v1'"
1.0,transverse_field_ising:N026,-3.7,commutator,,9.0,3777.0,2.0,a8fa234e-a646-4911-8402-a67c302db4ae,2026-08-12T00:11:58.358108+00:00,c1ad72de628f71283ac69037e9bbe97c3e773952f5abde5eac91397ca322d1a6,resource-grid,transverse_field_ising,TFIM-26,"{""coupling"":1.0,""field"":3.0,""periodic"":false}",26,26.0,proportional,1.0,0.00019952623149688788,103.0,51,mpf-j-mizuta2026-theorem6-mizuta2026-commutator-ideal-rigorous,multiproduct,MPF J=Mizuta Theorem 6 (resolved per point) [Mizuta 2026 refined commutator],mizuta2026-commutator-ideal-rigorous,analytical,,9.0,18.0,mizuta2026-theorem6,5.000000000000001,0.0001795736083471991,3777.0,3777.0,,2817.0,"[""error""]",27.084186113715496,18.0,,,4.683405022484247e-08,5.491585023134726e-10,2.707775601292442e-10,2.783809421842283e-10,5.491585023134726e-10,4.738320872715595e-08,0.00017899840271135762,1.7287176516619422e-05,False,0.009230478588145553,"[1.0000000000000002,1.0000000000000002,1.0000000000000002,1.0000000000000002,1.0000000000000002,1.0000000000000002,1.0000000000000002,1.0000000000000002,1.0000000000000002,1.0000000000000002,1.0000000000000002,1.0000000000000002,1.0000000000000002,1.0000000000000002,1.0000000000000002,1.0000000000000002,1.0000000000000002,1.0000000000000002,1.0000000000000002,1.0000000000000002,1.0000000000000002,1.0000000000000002,1.0000000000000002,1.0000000000000002,1.0000000000000002,1.0000000000000002,1.0000000000000002,1.0000000000000002,1.0000000000000002,1.0000000000000002,1.0000000000000002,1.0000000000000002,1.0000000000000002,1.0000000000000002,1.0000000000000002,1.0000000000000002,1.0000000000000002,1.0000000000000002,1.0000000000000002,1.0000000000000002,1.0000000000000002,1.0000000000000002,1.0000000000000002,1.0000000000000002,1.0000000000000002,1.0000000000000002,1.0000000000000002,1.0000000000000002,1.0000000000000002,1.0000000000000002,1.0000000000000002]",5.0000000000000036,18.0,False,,not-used,commutator,mizuta2026-commutator-ideal-rigorous,[],906480.0,,,,0.00017899840271135762,5.64755953230058e+33,mizuta2026-commutator-ideal-rigorous,"Mizuta, Quantum 10, 1974 (2026), arXiv:2507.06557v4","Theorem 4, Eqs. (47)--(49), with direct Lemmas 9--10 BCH remainder","{""error_predicate_satisfied"":1.0,""extensiveness_g"":5.000000000000001,""joint_predicate_satisfied"":1.0,""legacy_first_condition_passed"":0.0,""legacy_first_time_limit"":1.7287176516619422e-05,""local_commutator_error"":4.683405022484247e-08,""local_step_error"":4.738320872715595e-08,""local_truncated_bch_error"":5.491585023134726e-10,""locality_k"":2.0,""mu_upper"":27.084186113715496,""refined_lemma10_remainder"":2.783809421842283e-10,""refined_lemma9_remainder"":2.707775601292442e-10,""refined_tail_fallback"":0.0,""repeated_global_error"":0.00017899840271135762,""schedule_weighted_extensiveness"":5.0000000000000036,""second_time_limit"":0.009230478588145553,""time_2_predicate_satisfied"":1.0,""total_branchwise_bch_remainder"":5.491585023134726e-10,""truncation_order_p0"":18.0}",True,ideal-mpf,True,ordered individual Pauli terms,"[""individual Pauli summands define the ordered H_gamma decomposition"",""the actual Strang factors define schedule-weighted g_alpha extensiveness"",""Lemma 9 and Lemma 10 positive majorants directly certify the BCH remainder"",""the scalar-flow/Cauchy refined tail certificate is used"",""Theorem 4 second time hypothesis is satisfied"",""the repeated ideal MPF is composed with the Eq. (15) telescoping argument""]",,18.0,18.0,True,False,"{""2"":600.0000000000006,""3"":9552.000000000015,""4"":123360.00000000028,""5"":1964352.0000000058,""6"":26700288.0000001,""7"":425270784.0000019,""8"":5979429888.000031,""9"":95261352960.00056,""10"":1370647707648.0093,""11"":21841531576320.16,""12"":319438646181890.56,""13"":5091367662354477.0,""14"":7.536422163185736e+16,""15"":1.2014098258557788e+18,""16"":1.7947659133030955e+19,""17"":2.8615601244196717e+20,""18"":4.305765629548544e+21}",repeated-shared-ancilla-good-block,True,False,0.0001795736083471991,new,"[1,2,3,4,5,6,8,14,37]","[1.967691252631999e-13,-3.445506091008736e-08,2.544222523112307e-05,-0.0016199636587070087,0.021324279661958864,-0.07100801545469856,0.14994672471728007,-0.4079534241993221,1.3092849911631212]",1.9611628755355768,0.03883712446442322,80.0,registered-exact,True,9.0,4.0,2.0,5.0,11.0,5.0,6.0,3.0,2.0,3.0,2.0,one robust OAA round per segment,3777.0,branch register all-zero,,33.0,183448890.0,434355.0,-1.0,24767337570.0,275855862.0,analytical-model,1.995262314968879e-05,,,,,,,,,,,,0.1.0,3.11.9,2.5.0,b58b31db18364511c43757e27fffc7abce8df2c1,True,ok,,
1.0,transverse_field_ising:N026,-3.8,commutator,207373.0,,,2.0,a8fa234e-a646-4911-8402-a67c302db4ae,2026-08-12T00:11:58.358108+00:00,c1ad72de628f71283ac69037e9bbe97c3e773952f5abde5eac91397ca322d1a6,resource-grid,transverse_field_ising,TFIM-26,"{""coupling"":1.0,""field"":3.0,""periodic"":false}",26,26.0,proportional,1.0,0.00015848931924611142,103.0,51,trotter-p2,trotter,Trotter p=2,analytical,analytical,2.0,,,,,,207373.0,,,,,,,,,,,,,,,,,,,,,,,,,,,,,,individual,51.0,0.00014263990792761215,349.0,childs-commutator,"Childs, Su, Tran, Wiebe, and Zhu, arXiv:1912.08854",Propositions 9--10,"{""prefactor"":349.0}",True,implemented-product-formula,True,,"[""the resolved ordered Hamiltonian groups match the implemented formula""]",,,,,,,implemented-product-formula,True,True,0.0001426403873215003,,,,,,,,,,,,,,,,,,,1.0,none,0.0,system register,1.0,26.0,20944673.0,0.0,-1.0,2659973471.0,20533994.0,analytical-model,1.584893192461114e-05,,,,,,,,,,,,0.1.0,3.11.9,2.5.0,b58b31db18364511c43757e27fffc7abce8df2c1,True,ok,,
1.0,transverse_field_ising:N026,-3.8,empirical,54783.0,,,2.0,a8fa234e-a646-4911-8402-a67c302db4ae,2026-08-12T00:11:58.358108+00:00,c1ad72de628f71283ac69037e9bbe97c3e773952f5abde5eac91397ca322d1a6,resource-grid,transverse_field_ising,TFIM-26,"{""coupling"":1.0,""field"":3.0,""periodic"":false}",26,26.0,proportional,1.0,0.00015848931924611142,103.0,51,trotter-p2-empirical,trotter,Trotter p=2 [empirical],empirical-operator-norm,empirical,2.0,,,,,,54783.0,,,,,,,,,,,,,,,,,,,,,,,,,,,,,,individual,51.0,0.0001426363837829869,24.3557719087,empirical-operator-norm,Repository empirical operator-norm calibration study v1 (2026-08-10),reviewed calibration opnorm-v1-tfim-open-trotter-p2; artifact docs/calibration_data/empirical_1d_v1_accepted.json,"{""prefactor"":24.3557719087}",False,implemented-product-formula,False,,"[""the resolved ordered Hamiltonian groups match the implemented formula"",""the fixed formal-order powers in time and segments apply"",""the reviewed affine size calibration extrapolates as flagged""]",,,,,,,implemented-product-formula,False,False,0.0001426403873215003,,,,,,,,,,,,,,,,,,,1.0,none,0.0,system register,1.0,26.0,5533083.0,0.0,-1.0,669503043.0,5424592.0,analytical-model,1.584893192461114e-05,opnorm-v1-tfim-open-trotter-p2,transverse_field_ising,affine-aN-plus-b,24.3557719087,4.0,12.0,4.0,12.0,True,True,formula,0.1.0,3.11.9,2.5.0,b58b31db18364511c43757e27fffc7abce8df2c1,True,ok,,
1.0,transverse_field_ising:N026,-3.8,commutator,4844.0,,,2.0,a8fa234e-a646-4911-8402-a67c302db4ae,2026-08-12T00:11:58.358108+00:00,c1ad72de628f71283ac69037e9bbe97c3e773952f5abde5eac91397ca322d1a6,resource-grid,transverse_field_ising,TFIM-26,"{""coupling"":1.0,""field"":3.0,""periodic"":false}",26,26.0,proportional,1.0,0.00015848931924611142,103.0,51,trotter-p4,trotter,Trotter p=4,analytical,analytical,4.0,,,,,,4844.0,,,,,,,,,,,,,,,,,,,,,,,,,,,,,,commuting,2.0,0.000142555674325859,6605.935163086014,schubert-mendl-commutator,"Schubert and Mendl, arXiv:2306.10603",Theorem 1,"{""prefactor"":6605.935163086014}",True,implemented-product-formula,True,,"[""the resolved ordered Hamiltonian groups match the implemented formula""]",,,,,,,implemented-product-formula,True,True,0.0001426403873215003,,,,,,,,,,,,,,,,,,,1.0,none,0.0,system register,1.0,26.0,1864940.0,0.0,-1.0,216333040.0,1828373.0,analytical-model,1.584893192461114e-05,,,,,,,,,,,,0.1.0,3.11.9,2.5.0,b58b31db18364511c43757e27fffc7abce8df2c1,True,ok,,
1.0,transverse_field_ising:N026,-3.8,empirical,972.0,,,2.0,a8fa234e-a646-4911-8402-a67c302db4ae,2026-08-12T00:11:58.358108+00:00,c1ad72de628f71283ac69037e9bbe97c3e773952f5abde5eac91397ca322d1a6,resource-grid,transverse_field_ising,TFIM-26,"{""coupling"":1.0,""field"":3.0,""periodic"":false}",26,26.0,proportional,1.0,0.00015848931924611142,103.0,51,trotter-p4-empirical,trotter,Trotter p=4 [empirical],empirical-operator-norm,empirical,4.0,,,,,,972.0,,,,,,,,,,,,,,,,,,,,,,,,,,,,,,commuting,2.0,0.00014241479447124644,10.6992522635,empirical-operator-norm,Repository empirical operator-norm calibration study v1 (2026-08-10),reviewed calibration opnorm-v1-tfim-open-trotter-p4; artifact docs/calibration_data/empirical_1d_v1_accepted.json,"{""prefactor"":10.6992522635}",False,implemented-product-formula,False,,"[""the resolved ordered Hamiltonian groups match the implemented formula"",""the fixed formal-order powers in time and segments apply"",""the reviewed affine size calibration extrapolates as flagged""]",,,,,,,implemented-product-formula,False,False,0.0001426403873215003,,,,,,,,,,,,,,,,,,,1.0,none,0.0,system register,1.0,26.0,374220.0,0.0,-1.0,40789980.0,366883.0,analytical-model,1.584893192461114e-05,opnorm-v1-tfim-open-trotter-p4,transverse_field_ising,affine-aN-plus-b,10.6992522635,4.0,12.0,4.0,12.0,True,True,formula,0.1.0,3.11.9,2.5.0,b58b31db18364511c43757e27fffc7abce8df2c1,True,ok,,
1.0,transverse_field_ising:N026,-3.8,commutator,2001.0,,,2.0,a8fa234e-a646-4911-8402-a67c302db4ae,2026-08-12T00:11:58.358108+00:00,c1ad72de628f71283ac69037e9bbe97c3e773952f5abde5eac91397ca322d1a6,resource-grid,transverse_field_ising,TFIM-26,"{""coupling"":1.0,""field"":3.0,""periodic"":false}",26,26.0,proportional,1.0,0.00015848931924611142,103.0,51,trotter-p6,trotter,Trotter p=6,analytical,analytical,6.0,,,,,,2001.0,,,,,,,,,,,,,,,,,,,,,,,,,,,,,,commuting,2.0,0.00014237451494279862,1137892.810662982,schubert-mendl-commutator,"Schubert and Mendl, arXiv:2306.10603",Theorem 1,"{""prefactor"":1137892.810662982}",True,implemented-product-formula,True,,"[""the resolved ordered Hamiltonian groups match the implemented formula""]",,,,,,,implemented-product-formula,True,True,0.0001426403873215003,,,,,,,,,,,,,,,,,,,1.0,none,0.0,system register,1.0,26.0,3851925.0,0.0,-1.0,458379075.0,3776398.0,analytical-model,1.584893192461114e-05,,,,,,,,,,,,0.1.0,3.11.9,2.5.0,b58b31db18364511c43757e27fffc7abce8df2c1,True,ok,,
1.0,transverse_field_ising:N026,-3.8,empirical,208.0,,,2.0,a8fa234e-a646-4911-8402-a67c302db4ae,2026-08-12T00:11:58.358108+00:00,c1ad72de628f71283ac69037e9bbe97c3e773952f5abde5eac91397ca322d1a6,resource-grid,transverse_field_ising,TFIM-26,"{""coupling"":1.0,""field"":3.0,""periodic"":false}",26,26.0,proportional,1.0,0.00015848931924611142,103.0,51,trotter-p6-empirical,trotter,Trotter p=6 [empirical],empirical-operator-norm,empirical,6.0,,,,,,208.0,,,,,,,,,,,,,,,,,,,,,,,,,,,,,,commuting,2.0,1.9291067797088607e-05,0.1945014491,empirical-operator-norm,Repository empirical operator-norm calibration study v1 (2026-08-10),reviewed calibration opnorm-v1-tfim-open-trotter-p6; artifact docs/calibration_data/empirical_1d_v1_accepted.json,"{""prefactor"":0.1945014491}",False,implemented-product-formula,False,,"[""the resolved ordered Hamiltonian groups match the implemented formula"",""the fixed formal-order powers in time and segments apply"",""the reviewed affine size calibration extrapolates as flagged""]",,,,,,,implemented-product-formula,False,False,0.0001426403873215003,,,,,,,,,,,,,,,,,,,1.0,none,0.0,system register,1.0,26.0,400400.0,0.0,-1.0,43643600.0,392550.0,analytical-model,1.584893192461114e-05,opnorm-v1-tfim-open-trotter-p6,transverse_field_ising,affine-aN-plus-b,0.1945014491,4.0,12.0,4.0,12.0,True,True,asymptotic-domain,0.1.0,3.11.9,2.5.0,b58b31db18364511c43757e27fffc7abce8df2c1,True,ok,,
1.0,transverse_field_ising:N026,-3.8,jacobi-anger,,,,2.0,a8fa234e-a646-4911-8402-a67c302db4ae,2026-08-12T00:11:58.358108+00:00,c1ad72de628f71283ac69037e9bbe97c3e773952f5abde5eac91397ca322d1a6,resource-grid,transverse_field_ising,TFIM-26,"{""coupling"":1.0,""field"":3.0,""periodic"":false}",26,26.0,proportional,1.0,0.00015848931924611142,103.0,51,qsvt,qsvt,QSVT,jacobi-anger-rigorous,analytical,,,,,,,,,,,,,,,,,,,,,,,,,,,,,,,,,,,21879.0,3647.0,,,2.8684862933374793e-05,,jacobi-anger-polynomial-oaa,"Martyn et al., arXiv:2105.02859, Eqs. (76)--(77)",Jacobi--Anger tails plus exact cubic OAA identity,"{""oaa-unitarity-defect-distortion"":1.4342585743111205e-05,""scaled-polynomial-error"":1.4342277190263589e-05}",True,ideal-qsvt-oaa-good-block,True,,"[""the cosine and sine polynomials are implemented exactly"",""the unamplified good block is exactly Q/2""]",,,,,,,implemented-qsvt-floating-phase-circuit,False,False,0.0001426403873215003,,,,,,,,,,,,,,,,,,,2.0,one robust OAA round,1.0,"component, quadrature, and index registers all-zero",,40.0,2800524.0,7001378.0,-1.0,358467344.0,46384068.0,analytical-model,1.584893192461114e-05,,,,,,,,,,,,0.1.0,3.11.9,2.5.0,b58b31db18364511c43757e27fffc7abce8df2c1,True,ok,,
1.0,transverse_field_ising:N026,-3.8,empirical,,9.0,,2.0,a8fa234e-a646-4911-8402-a67c302db4ae,2026-08-12T00:11:58.358108+00:00,c1ad72de628f71283ac69037e9bbe97c3e773952f5abde5eac91397ca322d1a6,resource-grid,transverse_field_ising,TFIM-26,"{""coupling"":1.0,""field"":3.0,""periodic"":false}",26,26.0,proportional,1.0,0.00015848931924611142,103.0,51,mpf-j-mizuta2026-theorem6-empirical-operator-norm,multiproduct,MPF J=Mizuta Theorem 6 (resolved per point) [empirical operator norm],empirical-operator-norm,,,9.0,18.0,mizuta2026-theorem6,5.000000000000001,0.0001426403873215003,,,,,,,,,,,,,,,,,,,,,,,,,,,,,,,,,,,,,,,,,,,,,,,,,,,,,0.0001426403873215003,,,,,,,,,,,,,,,,,,,,,,,,,,,,,,,,,,,,,,,,,,,0.1.0,3.11.9,2.5.0,b58b31db18364511c43757e27fffc7abce8df2c1,True,missing_empirical,UnsupportedEmpiricalCalibrationError,"no reviewed empirical operator-norm calibration for method=multiproduct, formal_order=18, model=transverse_field_ising, parameters={'coupling': 1.0, 'field': 3.0, 'periodic': False}, boundary=open, partition=None, schedule='new', formula='ordered-individual-pauli-strang-mpf-v1'"
1.0,transverse_field_ising:N026,-3.8,commutator,,9.0,3826.0,2.0,a8fa234e-a646-4911-8402-a67c302db4ae,2026-08-12T00:11:58.358108+00:00,c1ad72de628f71283ac69037e9bbe97c3e773952f5abde5eac91397ca322d1a6,resource-grid,transverse_field_ising,TFIM-26,"{""coupling"":1.0,""field"":3.0,""periodic"":false}",26,26.0,proportional,1.0,0.00015848931924611142,103.0,51,mpf-j-mizuta2026-theorem6-mizuta2026-commutator-ideal-rigorous,multiproduct,MPF J=Mizuta Theorem 6 (resolved per point) [Mizuta 2026 refined commutator],mizuta2026-commutator-ideal-rigorous,analytical,,9.0,18.0,mizuta2026-theorem6,5.000000000000001,0.0001426403873215003,3826.0,3826.0,,2817.0,"[""error""]",27.084186113715496,18.0,,,3.6660643256736846e-08,5.474917924892734e-10,2.70615304307741e-10,2.7687648818153235e-10,5.474917924892734e-10,3.7208135049226125e-08,0.00014237858673550946,1.7287176516619422e-05,False,0.009230478588145553,"[1.0000000000000002,1.0000000000000002,1.0000000000000002,1.0000000000000002,1.0000000000000002,1.0000000000000002,1.0000000000000002,1.0000000000000002,1.0000000000000002,1.0000000000000002,1.0000000000000002,1.0000000000000002,1.0000000000000002,1.0000000000000002,1.0000000000000002,1.0000000000000002,1.0000000000000002,1.0000000000000002,1.0000000000000002,1.0000000000000002,1.0000000000000002,1.0000000000000002,1.0000000000000002,1.0000000000000002,1.0000000000000002,1.0000000000000002,1.0000000000000002,1.0000000000000002,1.0000000000000002,1.0000000000000002,1.0000000000000002,1.0000000000000002,1.0000000000000002,1.0000000000000002,1.0000000000000002,1.0000000000000002,1.0000000000000002,1.0000000000000002,1.0000000000000002,1.0000000000000002,1.0000000000000002,1.0000000000000002,1.0000000000000002,1.0000000000000002,1.0000000000000002,1.0000000000000002,1.0000000000000002,1.0000000000000002,1.0000000000000002,1.0000000000000002,1.0000000000000002]",5.0000000000000036,18.0,False,,not-used,commutator,mizuta2026-commutator-ideal-rigorous,[],918240.0,,,,0.00014237858673550946,5.64755953230058e+33,mizuta2026-commutator-ideal-rigorous,"Mizuta, Quantum 10, 1974 (2026), arXiv:2507.06557v4","Theorem 4, Eqs. (47)--(49), with direct Lemmas 9--10 BCH remainder","{""error_predicate_satisfied"":1.0,""extensiveness_g"":5.000000000000001,""joint_predicate_satisfied"":1.0,""legacy_first_condition_passed"":0.0,""legacy_first_time_limit"":1.7287176516619422e-05,""local_commutator_error"":3.6660643256736846e-08,""local_step_error"":3.7208135049226125e-08,""local_truncated_bch_error"":5.474917924892734e-10,""locality_k"":2.0,""mu_upper"":27.084186113715496,""refined_lemma10_remainder"":2.7687648818153235e-10,""refined_lemma9_remainder"":2.70615304307741e-10,""refined_tail_fallback"":0.0,""repeated_global_error"":0.00014237858673550946,""schedule_weighted_extensiveness"":5.0000000000000036,""second_time_limit"":0.009230478588145553,""time_2_predicate_satisfied"":1.0,""total_branchwise_bch_remainder"":5.474917924892734e-10,""truncation_order_p0"":18.0}",True,ideal-mpf,True,ordered individual Pauli terms,"[""individual Pauli summands define the ordered H_gamma decomposition"",""the actual Strang factors define schedule-weighted g_alpha extensiveness"",""Lemma 9 and Lemma 10 positive majorants directly certify the BCH remainder"",""the scalar-flow/Cauchy refined tail certificate is used"",""Theorem 4 second time hypothesis is satisfied"",""the repeated ideal MPF is composed with the Eq. (15) telescoping argument""]",,18.0,18.0,True,False,"{""2"":600.0000000000006,""3"":9552.000000000015,""4"":123360.00000000028,""5"":1964352.0000000058,""6"":26700288.0000001,""7"":425270784.0000019,""8"":5979429888.000031,""9"":95261352960.00056,""10"":1370647707648.0093,""11"":21841531576320.16,""12"":319438646181890.56,""13"":5091367662354477.0,""14"":7.536422163185736e+16,""15"":1.2014098258557788e+18,""16"":1.7947659133030955e+19,""17"":2.8615601244196717e+20,""18"":4.305765629548544e+21}",repeated-shared-ancilla-good-block,True,False,0.0001426403873215003,new,"[1,2,3,4,5,6,8,14,37]","[1.967691252631999e-13,-3.445506091008736e-08,2.544222523112307e-05,-0.0016199636587070087,0.021324279661958864,-0.07100801545469856,0.14994672471728007,-0.4079534241993221,1.3092849911631212]",1.9611628755355768,0.03883712446442322,80.0,registered-exact,True,9.0,4.0,2.0,5.0,11.0,5.0,6.0,3.0,2.0,3.0,2.0,one robust OAA round per segment,3826.0,branch register all-zero,,33.0,185828820.0,439990.0,-1.0,25274479480.0,279434611.0,analytical-model,1.584893192461114e-05,,,,,,,,,,,,0.1.0,3.11.9,2.5.0,b58b31db18364511c43757e27fffc7abce8df2c1,True,ok,,
1.0,transverse_field_ising:N026,-3.9,commutator,232676.0,,,2.0,a8fa234e-a646-4911-8402-a67c302db4ae,2026-08-12T00:11:58.358108+00:00,c1ad72de628f71283ac69037e9bbe97c3e773952f5abde5eac91397ca322d1a6,resource-grid,transverse_field_ising,TFIM-26,"{""coupling"":1.0,""field"":3.0,""periodic"":false}",26,26.0,proportional,1.0,0.00012589254117941674,103.0,51,trotter-p2,trotter,Trotter p=2,analytical,analytical,2.0,,,,,,232676.0,,,,,,,,,,,,,,,,,,,,,,,,,,,,,,individual,51.0,0.00011330323050405236,349.0,childs-commutator,"Childs, Su, Tran, Wiebe, and Zhu, arXiv:1912.08854",Propositions 9--10,"{""prefactor"":349.0}",True,implemented-product-formula,True,,"[""the resolved ordered Hamiltonian groups match the implemented formula""]",,,,,,,implemented-product-formula,True,True,0.00011330328706147508,,,,,,,,,,,,,,,,,,,1.0,none,0.0,system register,1.0,26.0,23500276.0,0.0,-1.0,3008035328.0,23039487.0,analytical-model,1.2589254117941675e-05,,,,,,,,,,,,0.1.0,3.11.9,2.5.0,b58b31db18364511c43757e27fffc7abce8df2c1,True,ok,,
1.0,transverse_field_ising:N026,-3.9,empirical,61467.0,,,2.0,a8fa234e-a646-4911-8402-a67c302db4ae,2026-08-12T00:11:58.358108+00:00,c1ad72de628f71283ac69037e9bbe97c3e773952f5abde5eac91397ca322d1a6,resource-grid,transverse_field_ising,TFIM-26,"{""coupling"":1.0,""field"":3.0,""periodic"":false}",26,26.0,proportional,1.0,0.00012589254117941674,103.0,51,trotter-p2-empirical,trotter,Trotter p=2 [empirical],empirical-operator-norm,empirical,2.0,,,,,,61467.0,,,,,,,,,,,,,,,,,,,,,,,,,,,,,,individual,51.0,0.00011330208654918163,24.3557719087,empirical-operator-norm,Repository empirical operator-norm calibration study v1 (2026-08-10),reviewed calibration opnorm-v1-tfim-open-trotter-p2; artifact docs/calibration_data/empirical_1d_v1_accepted.json,"{""prefactor"":24.3557719087}",False,implemented-product-formula,False,,"[""the resolved ordered Hamiltonian groups match the implemented formula"",""the fixed formal-order powers in time and segments apply"",""the reviewed affine size calibration extrapolates as flagged""]",,,,,,,implemented-product-formula,False,False,0.00011330328706147508,,,,,,,,,,,,,,,,,,,1.0,none,0.0,system register,1.0,26.0,6208167.0,0.0,-1.0,757396374.0,6086439.0,analytical-model,1.2589254117941675e-05,opnorm-v1-tfim-open-trotter-p2,transverse_field_ising,affine-aN-plus-b,24.3557719087,4.0,12.0,4.0,12.0,True,True,formula,0.1.0,3.11.9,2.5.0,b58b31db18364511c43757e27fffc7abce8df2c1,True,ok,,
1.0,transverse_field_ising:N026,-3.9,commutator,5131.0,,,2.0,a8fa234e-a646-4911-8402-a67c302db4ae,2026-08-12T00:11:58.358108+00:00,c1ad72de628f71283ac69037e9bbe97c3e773952f5abde5eac91397ca322d1a6,resource-grid,transverse_field_ising,TFIM-26,"{""coupling"":1.0,""field"":3.0,""periodic"":false}",26,26.0,proportional,1.0,0.00012589254117941674,103.0,51,trotter-p4,trotter,Trotter p=4,analytical,analytical,4.0,,,,,,5131.0,,,,,,,,,,,,,,,,,,,,,,,,,,,,,,commuting,2.0,0.00011323820800368555,6605.935163086014,schubert-mendl-commutator,"Schubert and Mendl, arXiv:2306.10603",Theorem 1,"{""prefactor"":6605.935163086014}",True,implemented-product-formula,True,,"[""the resolved ordered Hamiltonian groups match the implemented formula""]",,,,,,,implemented-product-formula,True,True,0.00011330328706147508,,,,,,,,,,,,,,,,,,,1.0,none,0.0,system register,1.0,26.0,1975435.0,0.0,-1.0,231125895.0,1936701.0,analytical-model,1.2589254117941675e-05,,,,,,,,,,,,0.1.0,3.11.9,2.5.0,b58b31db18364511c43757e27fffc7abce8df2c1,True,ok,,
1.0,transverse_field_ising:N026,-3.9,empirical,1030.0,,,2.0,a8fa234e-a646-4911-8402-a67c302db4ae,2026-08-12T00:11:58.358108+00:00,c1ad72de628f71283ac69037e9bbe97c3e773952f5abde5eac91397ca322d1a6,resource-grid,transverse_field_ising,TFIM-26,"{""coupling"":1.0,""field"":3.0,""periodic"":false}",26,26.0,proportional,1.0,0.00012589254117941674,103.0,51,trotter-p4-empirical,trotter,Trotter p=4 [empirical],empirical-operator-norm,empirical,4.0,,,,,,1030.0,,,,,,,,,,,,,,,,,,,,,,,,,,,,,,commuting,2.0,0.00011294610751336045,10.6992522635,empirical-operator-norm,Repository empirical operator-norm calibration study v1 (2026-08-10),reviewed calibration opnorm-v1-tfim-open-trotter-p4; artifact docs/calibration_data/empirical_1d_v1_accepted.json,"{""prefactor"":10.6992522635}",False,implemented-product-formula,False,,"[""the resolved ordered Hamiltonian groups match the implemented formula"",""the fixed formal-order powers in time and segments apply"",""the reviewed affine size calibration extrapolates as flagged""]",,,,,,,implemented-product-formula,False,False,0.00011330328706147508,,,,,,,,,,,,,,,,,,,1.0,none,0.0,system register,1.0,26.0,396550.0,0.0,-1.0,43620500.0,388775.0,analytical-model,1.2589254117941675e-05,opnorm-v1-tfim-open-trotter-p4,transverse_field_ising,affine-aN-plus-b,10.6992522635,4.0,12.0,4.0,12.0,True,True,formula,0.1.0,3.11.9,2.5.0,b58b31db18364511c43757e27fffc7abce8df2c1,True,ok,,
1.0,transverse_field_ising:N026,-3.9,commutator,2079.0,,,2.0,a8fa234e-a646-4911-8402-a67c302db4ae,2026-08-12T00:11:58.358108+00:00,c1ad72de628f71283ac69037e9bbe97c3e773952f5abde5eac91397ca322d1a6,resource-grid,transverse_field_ising,TFIM-26,"{""coupling"":1.0,""field"":3.0,""periodic"":false}",26,26.0,proportional,1.0,0.00012589254117941674,103.0,51,trotter-p6,trotter,Trotter p=6,analytical,analytical,6.0,,,,,,2079.0,,,,,,,,,,,,,,,,,,,,,,,,,,,,,,commuting,2.0,0.00011318473368303526,1137892.810662982,schubert-mendl-commutator,"Schubert and Mendl, arXiv:2306.10603",Theorem 1,"{""prefactor"":1137892.810662982}",True,implemented-product-formula,True,,"[""the resolved ordered Hamiltonian groups match the implemented formula""]",,,,,,,implemented-product-formula,True,True,0.00011330328706147508,,,,,,,,,,,,,,,,,,,1.0,none,0.0,system register,1.0,26.0,4002075.0,0.0,-1.0,480249000.0,3923603.0,analytical-model,1.2589254117941675e-05,,,,,,,,,,,,0.1.0,3.11.9,2.5.0,b58b31db18364511c43757e27fffc7abce8df2c1,True,ok,,
1.0,transverse_field_ising:N026,-3.9,empirical,208.0,,,2.0,a8fa234e-a646-4911-8402-a67c302db4ae,2026-08-12T00:11:58.358108+00:00,c1ad72de628f71283ac69037e9bbe97c3e773952f5abde5eac91397ca322d1a6,resource-grid,transverse_field_ising,TFIM-26,"{""coupling"":1.0,""field"":3.0,""periodic"":false}",26,26.0,proportional,1.0,0.00012589254117941674,103.0,51,trotter-p6-empirical,trotter,Trotter p=6 [empirical],empirical-operator-norm,empirical,6.0,,,,,,208.0,,,,,,,,,,,,,,,,,,,,,,,,,,,,,,commuting,2.0,1.9291067797088607e-05,0.1945014491,empirical-operator-norm,Repository empirical operator-norm calibration study v1 (2026-08-10),reviewed calibration opnorm-v1-tfim-open-trotter-p6; artifact docs/calibration_data/empirical_1d_v1_accepted.json,"{""prefactor"":0.1945014491}",False,implemented-product-formula,False,,"[""the resolved ordered Hamiltonian groups match the implemented formula"",""the fixed formal-order powers in time and segments apply"",""the reviewed affine size calibration extrapolates as flagged""]",,,,,,,implemented-product-formula,False,False,0.00011330328706147508,,,,,,,,,,,,,,,,,,,1.0,none,0.0,system register,1.0,26.0,400400.0,0.0,-1.0,44044000.0,392550.0,analytical-model,1.2589254117941675e-05,opnorm-v1-tfim-open-trotter-p6,transverse_field_ising,affine-aN-plus-b,0.1945014491,4.0,12.0,4.0,12.0,True,True,asymptotic-domain,0.1.0,3.11.9,2.5.0,b58b31db18364511c43757e27fffc7abce8df2c1,True,ok,,
1.0,transverse_field_ising:N026,-3.9,jacobi-anger,,,,2.0,a8fa234e-a646-4911-8402-a67c302db4ae,2026-08-12T00:11:58.358108+00:00,c1ad72de628f71283ac69037e9bbe97c3e773952f5abde5eac91397ca322d1a6,resource-grid,transverse_field_ising,TFIM-26,"{""coupling"":1.0,""field"":3.0,""periodic"":false}",26,26.0,proportional,1.0,0.00012589254117941674,103.0,51,qsvt,qsvt,QSVT,jacobi-anger-rigorous,analytical,,,,,,,,,,,,,,,,,,,,,,,,,,,,,,,,,,,21879.0,3647.0,,,2.5425139904458334e-05,,jacobi-anger-polynomial-oaa,"Martyn et al., arXiv:2105.02859, Eqs. (76)--(77)",Jacobi--Anger tails plus exact cubic OAA identity,"{""oaa-unitarity-defect-distortion"":1.2712691157507628e-05,""scaled-polynomial-error"":1.2712448746950706e-05}",True,ideal-qsvt-oaa-good-block,True,,"[""the cosine and sine polynomials are implemented exactly"",""the unamplified good block is exactly Q/2""]",,,,,,,implemented-qsvt-floating-phase-circuit,False,False,0.00011330328706147508,,,,,,,,,,,,,,,,,,,2.0,one robust OAA round,1.0,"component, quadrature, and index registers all-zero",,40.0,2800524.0,7001378.0,-1.0,361267868.0,46384068.0,analytical-model,1.2589254117941675e-05,,,,,,,,,,,,0.1.0,3.11.9,2.5.0,b58b31db18364511c43757e27fffc7abce8df2c1,True,ok,,
1.0,transverse_field_ising:N026,-3.9,empirical,,9.0,,2.0,a8fa234e-a646-4911-8402-a67c302db4ae,2026-08-12T00:11:58.358108+00:00,c1ad72de628f71283ac69037e9bbe97c3e773952f5abde5eac91397ca322d1a6,resource-grid,transverse_field_ising,TFIM-26,"{""coupling"":1.0,""field"":3.0,""periodic"":false}",26,26.0,proportional,1.0,0.00012589254117941674,103.0,51,mpf-j-mizuta2026-theorem6-empirical-operator-norm,multiproduct,MPF J=Mizuta Theorem 6 (resolved per point) [empirical operator norm],empirical-operator-norm,,,9.0,18.0,mizuta2026-theorem6,5.000000000000001,0.00011330328706147508,,,,,,,,,,,,,,,,,,,,,,,,,,,,,,,,,,,,,,,,,,,,,,,,,,,,,0.00011330328706147508,,,,,,,,,,,,,,,,,,,,,,,,,,,,,,,,,,,,,,,,,,,0.1.0,3.11.9,2.5.0,b58b31db18364511c43757e27fffc7abce8df2c1,True,missing_empirical,UnsupportedEmpiricalCalibrationError,"no reviewed empirical operator-norm calibration for method=multiproduct, formal_order=18, model=transverse_field_ising, parameters={'coupling': 1.0, 'field': 3.0, 'periodic': False}, boundary=open, partition=None, schedule='new', formula='ordered-individual-pauli-strang-mpf-v1'"
1.0,transverse_field_ising:N026,-3.9,commutator,,9.0,3876.0,2.0,a8fa234e-a646-4911-8402-a67c302db4ae,2026-08-12T00:11:58.358108+00:00,c1ad72de628f71283ac69037e9bbe97c3e773952f5abde5eac91397ca322d1a6,resource-grid,transverse_field_ising,TFIM-26,"{""coupling"":1.0,""field"":3.0,""periodic"":false}",26,26.0,proportional,1.0,0.00012589254117941674,103.0,51,mpf-j-mizuta2026-theorem6-mizuta2026-commutator-ideal-rigorous,multiproduct,MPF J=Mizuta Theorem 6 (resolved per point) [Mizuta 2026 refined commutator],mizuta2026-commutator-ideal-rigorous,analytical,,9.0,18.0,mizuta2026-theorem6,5.000000000000001,0.00011330328706147508,3876.0,3876.0,,2817.0,"[""error""]",27.084186113715496,18.0,,,2.8645923637229926e-08,5.448914668834424e-10,2.704547246667288e-10,2.744367422167134e-10,5.448914668834424e-10,2.9190815104113373e-08,0.0001131563982385313,1.7287176516619422e-05,False,0.009230478588145553,"[1.0000000000000002,1.0000000000000002,1.0000000000000002,1.0000000000000002,1.0000000000000002,1.0000000000000002,1.0000000000000002,1.0000000000000002,1.0000000000000002,1.0000000000000002,1.0000000000000002,1.0000000000000002,1.0000000000000002,1.0000000000000002,1.0000000000000002,1.0000000000000002,1.0000000000000002,1.0000000000000002,1.0000000000000002,1.0000000000000002,1.0000000000000002,1.0000000000000002,1.0000000000000002,1.0000000000000002,1.0000000000000002,1.0000000000000002,1.0000000000000002,1.0000000000000002,1.0000000000000002,1.0000000000000002,1.0000000000000002,1.0000000000000002,1.0000000000000002,1.0000000000000002,1.0000000000000002,1.0000000000000002,1.0000000000000002,1.0000000000000002,1.0000000000000002,1.0000000000000002,1.0000000000000002,1.0000000000000002,1.0000000000000002,1.0000000000000002,1.0000000000000002,1.0000000000000002,1.0000000000000002,1.0000000000000002,1.0000000000000002,1.0000000000000002,1.0000000000000002]",5.0000000000000036,18.0,False,,not-used,commutator,mizuta2026-commutator-ideal-rigorous,[],930240.0,,,,0.0001131563982385313,5.64755953230058e+33,mizuta2026-commutator-ideal-rigorous,"Mizuta, Quantum 10, 1974 (2026), arXiv:2507.06557v4","Theorem 4, Eqs. (47)--(49), with direct Lemmas 9--10 BCH remainder","{""error_predicate_satisfied"":1.0,""extensiveness_g"":5.000000000000001,""joint_predicate_satisfied"":1.0,""legacy_first_condition_passed"":0.0,""legacy_first_time_limit"":1.7287176516619422e-05,""local_commutator_error"":2.8645923637229926e-08,""local_step_error"":2.9190815104113373e-08,""local_truncated_bch_error"":5.448914668834424e-10,""locality_k"":2.0,""mu_upper"":27.084186113715496,""refined_lemma10_remainder"":2.744367422167134e-10,""refined_lemma9_remainder"":2.704547246667288e-10,""refined_tail_fallback"":0.0,""repeated_global_error"":0.0001131563982385313,""schedule_weighted_extensiveness"":5.0000000000000036,""second_time_limit"":0.009230478588145553,""time_2_predicate_satisfied"":1.0,""total_branchwise_bch_remainder"":5.448914668834424e-10,""truncation_order_p0"":18.0}",True,ideal-mpf,True,ordered individual Pauli terms,"[""individual Pauli summands define the ordered H_gamma decomposition"",""the actual Strang factors define schedule-weighted g_alpha extensiveness"",""Lemma 9 and Lemma 10 positive majorants directly certify the BCH remainder"",""the scalar-flow/Cauchy refined tail certificate is used"",""Theorem 4 second time hypothesis is satisfied"",""the repeated ideal MPF is composed with the Eq. (15) telescoping argument""]",,18.0,18.0,True,False,"{""2"":600.0000000000006,""3"":9552.000000000015,""4"":123360.00000000028,""5"":1964352.0000000058,""6"":26700288.0000001,""7"":425270784.0000019,""8"":5979429888.000031,""9"":95261352960.00056,""10"":1370647707648.0093,""11"":21841531576320.16,""12"":319438646181890.56,""13"":5091367662354477.0,""14"":7.536422163185736e+16,""15"":1.2014098258557788e+18,""16"":1.7947659133030955e+19,""17"":2.8615601244196717e+20,""18"":4.305765629548544e+21}",repeated-shared-ancilla-good-block,True,False,0.00011330328706147508,new,"[1,2,3,4,5,6,8,14,37]","[1.967691252631999e-13,-3.445506091008736e-08,2.544222523112307e-05,-0.0016199636587070087,0.021324279661958864,-0.07100801545469856,0.14994672471728007,-0.4079534241993221,1.3092849911631212]",1.9611628755355768,0.03883712446442322,80.0,registered-exact,True,9.0,4.0,2.0,5.0,11.0,5.0,6.0,3.0,2.0,3.0,2.0,one robust OAA round per segment,3876.0,branch register all-zero,,33.0,188257320.0,445740.0,-1.0,25793035800.0,283086396.0,analytical-model,1.2589254117941675e-05,,,,,,,,,,,,0.1.0,3.11.9,2.5.0,b58b31db18364511c43757e27fffc7abce8df2c1,True,ok,,
1.0,transverse_field_ising:N026,-4.0,commutator,261067.0,,,2.0,a8fa234e-a646-4911-8402-a67c302db4ae,2026-08-12T00:11:58.358108+00:00,c1ad72de628f71283ac69037e9bbe97c3e773952f5abde5eac91397ca322d1a6,resource-grid,transverse_field_ising,TFIM-26,"{""coupling"":1.0,""field"":3.0,""periodic"":false}",26,26.0,proportional,1.0,0.0001,103.0,51,trotter-p2,trotter,Trotter p=2,analytical,analytical,2.0,,,,,,261067.0,,,,,,,,,,,,,,,,,,,,,,,,,,,,,,individual,51.0,8.999979364965025e-05,349.0,childs-commutator,"Childs, Su, Tran, Wiebe, and Zhu, arXiv:1912.08854",Propositions 9--10,"{""prefactor"":349.0}",True,implemented-product-formula,True,,"[""the resolved ordered Hamiltonian groups match the implemented formula""]",,,,,,,implemented-product-formula,True,True,9e-05,,,,,,,,,,,,,,,,,,,1.0,none,0.0,system register,1.0,26.0,26367767.0,0.0,-1.0,3427809710.0,25850752.0,analytical-model,1e-05,,,,,,,,,,,,0.1.0,3.11.9,2.5.0,b58b31db18364511c43757e27fffc7abce8df2c1,True,ok,,
1.0,transverse_field_ising:N026,-4.0,empirical,68967.0,,,2.0,a8fa234e-a646-4911-8402-a67c302db4ae,2026-08-12T00:11:58.358108+00:00,c1ad72de628f71283ac69037e9bbe97c3e773952f5abde5eac91397ca322d1a6,resource-grid,transverse_field_ising,TFIM-26,"{""coupling"":1.0,""field"":3.0,""periodic"":false}",26,26.0,proportional,1.0,0.0001,103.0,51,trotter-p2-empirical,trotter,Trotter p=2 [empirical],empirical-operator-norm,empirical,2.0,,,,,,68967.0,,,,,,,,,,,,,,,,,,,,,,,,,,,,,,individual,51.0,8.999932913314736e-05,24.3557719087,empirical-operator-norm,Repository empirical operator-norm calibration study v1 (2026-08-10),reviewed calibration opnorm-v1-tfim-open-trotter-p2; artifact docs/calibration_data/empirical_1d_v1_accepted.json,"{""prefactor"":24.3557719087}",False,implemented-product-formula,False,,"[""the resolved ordered Hamiltonian groups match the implemented formula"",""the fixed formal-order powers in time and segments apply"",""the reviewed affine size calibration extrapolates as flagged""]",,,,,,,implemented-product-formula,False,False,9e-05,,,,,,,,,,,,,,,,,,,1.0,none,0.0,system register,1.0,26.0,6965667.0,0.0,-1.0,863742708.0,6829086.0,analytical-model,1e-05,opnorm-v1-tfim-open-trotter-p2,transverse_field_ising,affine-aN-plus-b,24.3557719087,4.0,12.0,4.0,12.0,True,True,formula,0.1.0,3.11.9,2.5.0,b58b31db18364511c43757e27fffc7abce8df2c1,True,ok,,
1.0,transverse_field_ising:N026,-4.0,commutator,5435.0,,,2.0,a8fa234e-a646-4911-8402-a67c302db4ae,2026-08-12T00:11:58.358108+00:00,c1ad72de628f71283ac69037e9bbe97c3e773952f5abde5eac91397ca322d1a6,resource-grid,transverse_field_ising,TFIM-26,"{""coupling"":1.0,""field"":3.0,""periodic"":false}",26,26.0,proportional,1.0,0.0001,103.0,51,trotter-p4,trotter,Trotter p=4,analytical,analytical,4.0,,,,,,5435.0,,,,,,,,,,,,,,,,,,,,,,,,,,,,,,commuting,2.0,8.995034905203171e-05,6605.935163086014,schubert-mendl-commutator,"Schubert and Mendl, arXiv:2306.10603",Theorem 1,"{""prefactor"":6605.935163086014}",True,implemented-product-formula,True,,"[""the resolved ordered Hamiltonian groups match the implemented formula""]",,,,,,,implemented-product-formula,True,True,9e-05,,,,,,,,,,,,,,,,,,,1.0,none,0.0,system register,1.0,26.0,2092475.0,0.0,-1.0,249004525.0,2051447.0,analytical-model,1e-05,,,,,,,,,,,,0.1.0,3.11.9,2.5.0,b58b31db18364511c43757e27fffc7abce8df2c1,True,ok,,
1.0,transverse_field_ising:N026,-4.0,empirical,1091.0,,,2.0,a8fa234e-a646-4911-8402-a67c302db4ae,2026-08-12T00:11:58.358108+00:00,c1ad72de628f71283ac69037e9bbe97c3e773952f5abde5eac91397ca322d1a6,resource-grid,transverse_field_ising,TFIM-26,"{""coupling"":1.0,""field"":3.0,""periodic"":false}",26,26.0,proportional,1.0,0.0001,103.0,51,trotter-p4-empirical,trotter,Trotter p=4 [empirical],empirical-operator-norm,empirical,4.0,,,,,,1091.0,,,,,,,,,,,,,,,,,,,,,,,,,,,,,,commuting,2.0,8.972659037319648e-05,10.6992522635,empirical-operator-norm,Repository empirical operator-norm calibration study v1 (2026-08-10),reviewed calibration opnorm-v1-tfim-open-trotter-p4; artifact docs/calibration_data/empirical_1d_v1_accepted.json,"{""prefactor"":10.6992522635}",False,implemented-product-formula,False,,"[""the resolved ordered Hamiltonian groups match the implemented formula"",""the fixed formal-order powers in time and segments apply"",""the reviewed affine size calibration extrapolates as flagged""]",,,,,,,implemented-product-formula,False,False,9e-05,,,,,,,,,,,,,,,,,,,1.0,none,0.0,system register,1.0,26.0,420035.0,0.0,-1.0,47043920.0,411800.0,analytical-model,1e-05,opnorm-v1-tfim-open-trotter-p4,transverse_field_ising,affine-aN-plus-b,10.6992522635,4.0,12.0,4.0,12.0,True,True,formula,0.1.0,3.11.9,2.5.0,b58b31db18364511c43757e27fffc7abce8df2c1,True,ok,,
1.0,transverse_field_ising:N026,-4.0,commutator,2160.0,,,2.0,a8fa234e-a646-4911-8402-a67c302db4ae,2026-08-12T00:11:58.358108+00:00,c1ad72de628f71283ac69037e9bbe97c3e773952f5abde5eac91397ca322d1a6,resource-grid,transverse_field_ising,TFIM-26,"{""coupling"":1.0,""field"":3.0,""periodic"":false}",26,26.0,proportional,1.0,0.0001,103.0,51,trotter-p6,trotter,Trotter p=6,analytical,analytical,6.0,,,,,,2160.0,,,,,,,,,,,,,,,,,,,,,,,,,,,,,,commuting,2.0,8.99895919187844e-05,1137892.810662982,schubert-mendl-commutator,"Schubert and Mendl, arXiv:2306.10603",Theorem 1,"{""prefactor"":1137892.810662982}",True,implemented-product-formula,True,,"[""the resolved ordered Hamiltonian groups match the implemented formula""]",,,,,,,implemented-product-formula,True,True,9e-05,,,,,,,,,,,,,,,,,,,1.0,none,0.0,system register,1.0,26.0,4158000.0,0.0,-1.0,507276000.0,4076471.0,analytical-model,1e-05,,,,,,,,,,,,0.1.0,3.11.9,2.5.0,b58b31db18364511c43757e27fffc7abce8df2c1,True,ok,,
1.0,transverse_field_ising:N026,-4.0,empirical,208.0,,,2.0,a8fa234e-a646-4911-8402-a67c302db4ae,2026-08-12T00:11:58.358108+00:00,c1ad72de628f71283ac69037e9bbe97c3e773952f5abde5eac91397ca322d1a6,resource-grid,transverse_field_ising,TFIM-26,"{""coupling"":1.0,""field"":3.0,""periodic"":false}",26,26.0,proportional,1.0,0.0001,103.0,51,trotter-p6-empirical,trotter,Trotter p=6 [empirical],empirical-operator-norm,empirical,6.0,,,,,,208.0,,,,,,,,,,,,,,,,,,,,,,,,,,,,,,commuting,2.0,1.9291067797088607e-05,0.1945014491,empirical-operator-norm,Repository empirical operator-norm calibration study v1 (2026-08-10),reviewed calibration opnorm-v1-tfim-open-trotter-p6; artifact docs/calibration_data/empirical_1d_v1_accepted.json,"{""prefactor"":0.1945014491}",False,implemented-product-formula,False,,"[""the resolved ordered Hamiltonian groups match the implemented formula"",""the fixed formal-order powers in time and segments apply"",""the reviewed affine size calibration extrapolates as flagged""]",,,,,,,implemented-product-formula,False,False,9e-05,,,,,,,,,,,,,,,,,,,1.0,none,0.0,system register,1.0,26.0,400400.0,0.0,-1.0,44444400.0,392550.0,analytical-model,1e-05,opnorm-v1-tfim-open-trotter-p6,transverse_field_ising,affine-aN-plus-b,0.1945014491,4.0,12.0,4.0,12.0,True,True,asymptotic-domain,0.1.0,3.11.9,2.5.0,b58b31db18364511c43757e27fffc7abce8df2c1,True,ok,,
1.0,transverse_field_ising:N026,-4.0,jacobi-anger,,,,2.0,a8fa234e-a646-4911-8402-a67c302db4ae,2026-08-12T00:11:58.358108+00:00,c1ad72de628f71283ac69037e9bbe97c3e773952f5abde5eac91397ca322d1a6,resource-grid,transverse_field_ising,TFIM-26,"{""coupling"":1.0,""field"":3.0,""periodic"":false}",26,26.0,proportional,1.0,0.0001,103.0,51,qsvt,qsvt,QSVT,jacobi-anger-rigorous,analytical,,,,,,,,,,,,,,,,,,,,,,,,,,,,,,,,,,,21879.0,3647.0,,,2.283585554460459e-05,,jacobi-anger-polynomial-oaa,"Martyn et al., arXiv:2105.02859, Eqs. (76)--(77)",Jacobi--Anger tails plus exact cubic OAA identity,"{""oaa-unitarity-defect-distortion"":1.1418025547805799e-05,""scaled-polynomial-error"":1.1417829996798791e-05}",True,ideal-qsvt-oaa-good-block,True,,"[""the cosine and sine polynomials are implemented exactly"",""the unamplified good block is exactly Q/2""]",,,,,,,implemented-qsvt-floating-phase-circuit,False,False,9e-05,,,,,,,,,,,,,,,,,,,2.0,one robust OAA round,1.0,"component, quadrature, and index registers all-zero",,40.0,2800524.0,7001378.0,-1.0,364068392.0,46384068.0,analytical-model,1e-05,,,,,,,,,,,,0.1.0,3.11.9,2.5.0,b58b31db18364511c43757e27fffc7abce8df2c1,True,ok,,
1.0,transverse_field_ising:N026,-4.0,empirical,,9.0,,2.0,a8fa234e-a646-4911-8402-a67c302db4ae,2026-08-12T00:11:58.358108+00:00,c1ad72de628f71283ac69037e9bbe97c3e773952f5abde5eac91397ca322d1a6,resource-grid,transverse_field_ising,TFIM-26,"{""coupling"":1.0,""field"":3.0,""periodic"":false}",26,26.0,proportional,1.0,0.0001,103.0,51,mpf-j-mizuta2026-theorem6-empirical-operator-norm,multiproduct,MPF J=Mizuta Theorem 6 (resolved per point) [empirical operator norm],empirical-operator-norm,,,9.0,18.0,mizuta2026-theorem6,5.000000000000001,9e-05,,,,,,,,,,,,,,,,,,,,,,,,,,,,,,,,,,,,,,,,,,,,,,,,,,,,,9e-05,,,,,,,,,,,,,,,,,,,,,,,,,,,,,,,,,,,,,,,,,,,0.1.0,3.11.9,2.5.0,b58b31db18364511c43757e27fffc7abce8df2c1,True,missing_empirical,UnsupportedEmpiricalCalibrationError,"no reviewed empirical operator-norm calibration for method=multiproduct, formal_order=18, model=transverse_field_ising, parameters={'coupling': 1.0, 'field': 3.0, 'periodic': False}, boundary=open, partition=None, schedule='new', formula='ordered-individual-pauli-strang-mpf-v1'"
1.0,transverse_field_ising:N026,-4.0,commutator,,9.0,3922.0,2.0,a8fa234e-a646-4911-8402-a67c302db4ae,2026-08-12T00:11:58.358108+00:00,c1ad72de628f71283ac69037e9bbe97c3e773952f5abde5eac91397ca322d1a6,resource-grid,transverse_field_ising,TFIM-26,"{""coupling"":1.0,""field"":3.0,""periodic"":false}",26,26.0,proportional,1.0,0.0001,103.0,51,mpf-j-mizuta2026-theorem6-mizuta2026-commutator-ideal-rigorous,multiproduct,MPF J=Mizuta Theorem 6 (resolved per point) [Mizuta 2026 refined commutator],mizuta2026-commutator-ideal-rigorous,analytical,,9.0,18.0,mizuta2026-theorem6,5.000000000000001,9e-05,3922.0,3922.0,,2817.0,"[""error""]",27.084186113715496,18.0,,,2.289339658968162e-08,2.9281753616367993e-13,8.293121645441322e-14,2.0988631970926667e-13,2.9281753616367993e-13,2.2893689407217786e-08,8.97971102346564e-05,1.7287176516619422e-05,False,0.009230478588145553,"[1.0000000000000002,1.0000000000000002,1.0000000000000002,1.0000000000000002,1.0000000000000002,1.0000000000000002,1.0000000000000002,1.0000000000000002,1.0000000000000002,1.0000000000000002,1.0000000000000002,1.0000000000000002,1.0000000000000002,1.0000000000000002,1.0000000000000002,1.0000000000000002,1.0000000000000002,1.0000000000000002,1.0000000000000002,1.0000000000000002,1.0000000000000002,1.0000000000000002,1.0000000000000002,1.0000000000000002,1.0000000000000002,1.0000000000000002,1.0000000000000002,1.0000000000000002,1.0000000000000002,1.0000000000000002,1.0000000000000002,1.0000000000000002,1.0000000000000002,1.0000000000000002,1.0000000000000002,1.0000000000000002,1.0000000000000002,1.0000000000000002,1.0000000000000002,1.0000000000000002,1.0000000000000002,1.0000000000000002,1.0000000000000002,1.0000000000000002,1.0000000000000002,1.0000000000000002,1.0000000000000002,1.0000000000000002,1.0000000000000002,1.0000000000000002,1.0000000000000002]",5.0000000000000036,18.0,False,,not-used,commutator,mizuta2026-commutator-ideal-rigorous,[],941280.0,,,,8.97971102346564e-05,5.64755953230058e+33,mizuta2026-commutator-ideal-rigorous,"Mizuta, Quantum 10, 1974 (2026), arXiv:2507.06557v4","Theorem 4, Eqs. (47)--(49), with direct Lemmas 9--10 BCH remainder","{""error_predicate_satisfied"":1.0,""extensiveness_g"":5.000000000000001,""joint_predicate_satisfied"":1.0,""legacy_first_condition_passed"":0.0,""legacy_first_time_limit"":1.7287176516619422e-05,""local_commutator_error"":2.289339658968162e-08,""local_step_error"":2.2893689407217786e-08,""local_truncated_bch_error"":2.9281753616367993e-13,""locality_k"":2.0,""mu_upper"":27.084186113715496,""refined_lemma10_remainder"":2.0988631970926667e-13,""refined_lemma9_remainder"":8.293121645441322e-14,""refined_tail_fallback"":0.0,""repeated_global_error"":8.97971102346564e-05,""schedule_weighted_extensiveness"":5.0000000000000036,""second_time_limit"":0.009230478588145553,""time_2_predicate_satisfied"":1.0,""total_branchwise_bch_remainder"":2.9281753616367993e-13,""truncation_order_p0"":18.0}",True,ideal-mpf,True,ordered individual Pauli terms,"[""individual Pauli summands define the ordered H_gamma decomposition"",""the actual Strang factors define schedule-weighted g_alpha extensiveness"",""Lemma 9 and Lemma 10 positive majorants directly certify the BCH remainder"",""the scalar-flow/Cauchy refined tail certificate is used"",""Theorem 4 second time hypothesis is satisfied"",""the repeated ideal MPF is composed with the Eq. (15) telescoping argument""]",,18.0,18.0,True,False,"{""2"":600.0000000000006,""3"":9552.000000000015,""4"":123360.00000000028,""5"":1964352.0000000058,""6"":26700288.0000001,""7"":425270784.0000019,""8"":5979429888.000031,""9"":95261352960.00056,""10"":1370647707648.0093,""11"":21841531576320.16,""12"":319438646181890.56,""13"":5091367662354477.0,""14"":7.536422163185736e+16,""15"":1.2014098258557788e+18,""16"":1.7947659133030955e+19,""17"":2.8615601244196717e+20,""18"":4.305765629548544e+21}",repeated-shared-ancilla-good-block,True,False,9e-05,new,"[1,2,3,4,5,6,8,14,37]","[1.967691252631999e-13,-3.445506091008736e-08,2.544222523112307e-05,-0.0016199636587070087,0.021324279661958864,-0.07100801545469856,0.14994672471728007,-0.4079534241993221,1.3092849911631212]",1.9611628755355768,0.03883712446442322,80.0,registered-exact,True,9.0,4.0,2.0,5.0,11.0,5.0,6.0,3.0,2.0,3.0,2.0,one robust OAA round per segment,3922.0,branch register all-zero,,33.0,190491540.0,451030.0,-1.0,26289636640.0,286446039.0,analytical-model,1e-05,,,,,,,,,,,,0.1.0,3.11.9,2.5.0,b58b31db18364511c43757e27fffc7abce8df2c1,True,ok,,
