grid_schema_version,shard_id,log10_target_error,estimator_variant,trotter_reps,mpf_branch_count,mpf_segments,schema_version,run_id,generated_at_utc,config_digest,sweep,hamiltonian_model,hamiltonian_name,model_parameters_json,system_qubits,evolution_time,time_scaling_mode,time_scaling_coefficient,target_error,hamiltonian_alpha,hamiltonian_term_count,method_id,method_family,method_label,error_policy,estimate_category,trotter_order,mpf_term_count,mpf_formal_order,mpf_branch_count_policy,mpf_branch_count_policy_extensiveness_g,mpf_branch_count_policy_target_error,segment_count,mpf_r_error,mpf_r_time_1,mpf_r_time_2,mpf_active_constraints_json,mpf_mu_upper,mpf_truncation_order_p0,mpf_auxiliary_error,mpf_auxiliary_allocation_fraction,mpf_local_commutator_error,mpf_local_truncated_bch_error,mpf_refined_lemma9_remainder,mpf_refined_lemma10_remainder,mpf_total_branchwise_bch_remainder,mpf_local_step_error,mpf_repeated_global_error,mpf_legacy_first_time_limit,mpf_legacy_first_condition_passed,mpf_second_time_limit,mpf_schedule_weights_json,mpf_schedule_weighted_extensiveness,mpf_exact_commutator_cutoff,mpf_locality_fallback,mpf_locality_fallback_reason,mpf_refined_tail_fallback_status,mpf_local_error_dominance,mpf_bound_policy,mpf_bound_candidates_json,query_count,qsvt_degree,trotter_partition,trotter_group_count,bound_value,bound_prefactor,bound_method,bound_reference,bound_theorem_or_equations,bound_components_json,bound_rigorous,bound_scope,bound_target_satisfied,hamiltonian_decomposition,bound_assumptions_json,bound_fallback_reason,max_nested_commutator_order,max_exact_nested_commutator_order,locality_compatible,commutator_cap_fallback,commutator_bounds_json,circuit_bound_scope,circuit_bound_rigorous,circuit_target_satisfied,algorithm_error_budget,mpf_schedule,mpf_exponents_json,mpf_coefficients_json,mpf_coefficient_l1_norm,mpf_padding_weight,mpf_exponent_sum,mpf_exponent_sum_source,mpf_explicit_schedule_available,mpf_physical_branch_count,mpf_negative_coefficient_count,mpf_padding_branch_count,mpf_sign_branch_count,mpf_active_branch_count,mpf_unused_branch_state_count,mpf_prepare_calls_per_segment,mpf_select_calls_per_segment,mpf_good_reflections_per_segment,mpf_base_lcu_uses_per_segment,lcu_normalization,amplitude_amplification,amplitude_amplification_rounds,good_subspace,nominal_success_probability,total_qubits,rotation_count,toffoli_count,depth,t_count,cnot_count,counting_mode,rotation_synthesis_error,empirical_calibration_id,empirical_calibration_model,empirical_coefficient_model,empirical_coefficient_value,empirical_calibration_size_min,empirical_calibration_size_max,empirical_calibration_time_min,empirical_calibration_time_max,empirical_size_extrapolated,empirical_time_extrapolated,empirical_active_constraint,package_version,python_version,qiskit_version,git_commit,git_dirty,status,error_type,error_message
1.0,transverse_field_ising:N072,-1.0,commutator,64173.0,,,2.0,a8fa234e-a646-4911-8402-a67c302db4ae,2026-08-12T00:11:58.358108+00:00,c1ad72de628f71283ac69037e9bbe97c3e773952f5abde5eac91397ca322d1a6,resource-grid,transverse_field_ising,TFIM-72,"{""coupling"":1.0,""field"":3.0,""periodic"":false}",72,72.0,proportional,1.0,0.1,287.0,143,trotter-p2,trotter,Trotter p=2,analytical,analytical,2.0,,,,,,64173.0,,,,,,,,,,,,,,,,,,,,,,,,,,,,,,individual,143.0,0.08999990539253401,993.0,childs-commutator,"Childs, Su, Tran, Wiebe, and Zhu, arXiv:1912.08854",Propositions 9--10,"{""prefactor"":993.0}",True,implemented-product-formula,True,,"[""the resolved ordered Hamiltonian groups match the implemented formula""]",,,,,,,implemented-product-formula,True,True,0.09000000000000001,,,,,,,,,,,,,,,,,,,1.0,none,0.0,system register,1.0,72.0,18289305.0,0.0,-1.0,1792351890.0,18161408.0,analytical-model,0.010000000000000002,,,,,,,,,,,,0.1.0,3.11.9,2.5.0,b58b31db18364511c43757e27fffc7abce8df2c1,True,ok,,
1.0,transverse_field_ising:N072,-1.0,empirical,16891.0,,,2.0,a8fa234e-a646-4911-8402-a67c302db4ae,2026-08-12T00:11:58.358108+00:00,c1ad72de628f71283ac69037e9bbe97c3e773952f5abde5eac91397ca322d1a6,resource-grid,transverse_field_ising,TFIM-72,"{""coupling"":1.0,""field"":3.0,""periodic"":false}",72,72.0,proportional,1.0,0.1,287.0,143,trotter-p2-empirical,trotter,Trotter p=2 [empirical],empirical-operator-norm,empirical,2.0,,,,,,16891.0,,,,,,,,,,,,,,,,,,,,,,,,,,,,,,individual,143.0,0.08999601749678685,68.7917766697,empirical-operator-norm,Repository empirical operator-norm calibration study v1 (2026-08-10),reviewed calibration opnorm-v1-tfim-open-trotter-p2; artifact docs/calibration_data/empirical_1d_v1_accepted.json,"{""prefactor"":68.7917766697}",False,implemented-product-formula,False,,"[""the resolved ordered Hamiltonian groups match the implemented formula"",""the fixed formal-order powers in time and segments apply"",""the reviewed affine size calibration extrapolates as flagged""]",,,,,,,implemented-product-formula,False,False,0.09000000000000001,,,,,,,,,,,,,,,,,,,1.0,none,0.0,system register,1.0,72.0,4813935.0,0.0,-1.0,442882020.0,4780272.0,analytical-model,0.010000000000000002,opnorm-v1-tfim-open-trotter-p2,transverse_field_ising,affine-aN-plus-b,68.7917766697,4.0,12.0,4.0,12.0,True,True,formula,0.1.0,3.11.9,2.5.0,b58b31db18364511c43757e27fffc7abce8df2c1,True,ok,,
1.0,transverse_field_ising:N072,-1.0,commutator,4498.0,,,2.0,a8fa234e-a646-4911-8402-a67c302db4ae,2026-08-12T00:11:58.358108+00:00,c1ad72de628f71283ac69037e9bbe97c3e773952f5abde5eac91397ca322d1a6,resource-grid,transverse_field_ising,TFIM-72,"{""coupling"":1.0,""field"":3.0,""periodic"":false}",72,72.0,proportional,1.0,0.1,287.0,143,trotter-p4,trotter,Trotter p=4,analytical,analytical,4.0,,,,,,4498.0,,,,,,,,,,,,,,,,,,,,,,,,,,,,,,commuting,2.0,0.0899677841152572,19032.785200508108,schubert-mendl-commutator,"Schubert and Mendl, arXiv:2306.10603",Theorem 1,"{""prefactor"":19032.785200508108}",True,implemented-product-formula,True,,"[""the resolved ordered Hamiltonian groups match the implemented formula""]",,,,,,,implemented-product-formula,True,True,0.09000000000000001,,,,,,,,,,,,,,,,,,,1.0,none,0.0,system register,1.0,72.0,4835350.0,0.0,-1.0,444852200.0,4801537.0,analytical-model,0.010000000000000002,,,,,,,,,,,,0.1.0,3.11.9,2.5.0,b58b31db18364511c43757e27fffc7abce8df2c1,True,ok,,
1.0,transverse_field_ising:N072,-1.0,empirical,899.0,,,2.0,a8fa234e-a646-4911-8402-a67c302db4ae,2026-08-12T00:11:58.358108+00:00,c1ad72de628f71283ac69037e9bbe97c3e773952f5abde5eac91397ca322d1a6,resource-grid,transverse_field_ising,TFIM-72,"{""coupling"":1.0,""field"":3.0,""periodic"":false}",72,72.0,proportional,1.0,0.1,287.0,143,trotter-p4-empirical,trotter,Trotter p=4 [empirical],empirical-operator-norm,empirical,4.0,,,,,,899.0,,,,,,,,,,,,,,,,,,,,,,,,,,,,,,commuting,2.0,0.08963760116554849,30.2598318541,empirical-operator-norm,Repository empirical operator-norm calibration study v1 (2026-08-10),reviewed calibration opnorm-v1-tfim-open-trotter-p4; artifact docs/calibration_data/empirical_1d_v1_accepted.json,"{""prefactor"":30.2598318541}",False,implemented-product-formula,False,,"[""the resolved ordered Hamiltonian groups match the implemented formula"",""the fixed formal-order powers in time and segments apply"",""the reviewed affine size calibration extrapolates as flagged""]",,,,,,,implemented-product-formula,False,False,0.09000000000000001,,,,,,,,,,,,,,,,,,,1.0,none,0.0,system register,1.0,72.0,966425.0,0.0,-1.0,82146125.0,959667.0,analytical-model,0.010000000000000002,opnorm-v1-tfim-open-trotter-p4,transverse_field_ising,affine-aN-plus-b,30.2598318541,4.0,12.0,4.0,12.0,True,True,formula,0.1.0,3.11.9,2.5.0,b58b31db18364511c43757e27fffc7abce8df2c1,True,ok,,
1.0,transverse_field_ising:N072,-1.0,commutator,2679.0,,,2.0,a8fa234e-a646-4911-8402-a67c302db4ae,2026-08-12T00:11:58.358108+00:00,c1ad72de628f71283ac69037e9bbe97c3e773952f5abde5eac91397ca322d1a6,resource-grid,transverse_field_ising,TFIM-72,"{""coupling"":1.0,""field"":3.0,""periodic"":false}",72,72.0,proportional,1.0,0.1,287.0,143,trotter-p6,trotter,Trotter p=6,analytical,analytical,6.0,,,,,,2679.0,,,,,,,,,,,,,,,,,,,,,,,,,,,,,,commuting,2.0,0.08996922680074981,3315910.460456222,schubert-mendl-commutator,"Schubert and Mendl, arXiv:2306.10603",Theorem 1,"{""prefactor"":3315910.460456222}",True,implemented-product-formula,True,,"[""the resolved ordered Hamiltonian groups match the implemented formula""]",,,,,,,implemented-product-formula,True,True,0.09000000000000001,,,,,,,,,,,,,,,,,,,1.0,none,0.0,system register,1.0,72.0,14399625.0,0.0,-1.0,1396763625.0,14298929.0,analytical-model,0.010000000000000002,,,,,,,,,,,,0.1.0,3.11.9,2.5.0,b58b31db18364511c43757e27fffc7abce8df2c1,True,ok,,
1.0,transverse_field_ising:N072,-1.0,empirical,576.0,,,2.0,a8fa234e-a646-4911-8402-a67c302db4ae,2026-08-12T00:11:58.358108+00:00,c1ad72de628f71283ac69037e9bbe97c3e773952f5abde5eac91397ca322d1a6,resource-grid,transverse_field_ising,TFIM-72,"{""coupling"":1.0,""field"":3.0,""periodic"":false}",72,72.0,proportional,1.0,0.1,287.0,143,trotter-p6-empirical,trotter,Trotter p=6 [empirical],empirical-operator-norm,empirical,6.0,,,,,,576.0,,,,,,,,,,,,,,,,,,,,,,,,,,,,,,commuting,2.0,0.00013562411157531695,0.4937923209,empirical-operator-norm,Repository empirical operator-norm calibration study v1 (2026-08-10),reviewed calibration opnorm-v1-tfim-open-trotter-p6; artifact docs/calibration_data/empirical_1d_v1_accepted.json,"{""prefactor"":0.4937923209}",False,implemented-product-formula,False,,"[""the resolved ordered Hamiltonian groups match the implemented formula"",""the fixed formal-order powers in time and segments apply"",""the reviewed affine size calibration extrapolates as flagged""]",,,,,,,implemented-product-formula,False,False,0.09000000000000001,,,,,,,,,,,,,,,,,,,1.0,none,0.0,system register,1.0,72.0,3096000.0,0.0,-1.0,278640000.0,3074350.0,analytical-model,0.010000000000000002,opnorm-v1-tfim-open-trotter-p6,transverse_field_ising,affine-aN-plus-b,0.4937923209,4.0,12.0,4.0,12.0,True,True,asymptotic-domain,0.1.0,3.11.9,2.5.0,b58b31db18364511c43757e27fffc7abce8df2c1,True,ok,,
1.0,transverse_field_ising:N072,-1.0,jacobi-anger,,,,2.0,a8fa234e-a646-4911-8402-a67c302db4ae,2026-08-12T00:11:58.358108+00:00,c1ad72de628f71283ac69037e9bbe97c3e773952f5abde5eac91397ca322d1a6,resource-grid,transverse_field_ising,TFIM-72,"{""coupling"":1.0,""field"":3.0,""periodic"":false}",72,72.0,proportional,1.0,0.1,287.0,143,qsvt,qsvt,QSVT,jacobi-anger-rigorous,analytical,,,,,,,,,,,,,,,,,,,,,,,,,,,,,,,,,,,168507.0,28085.0,,,0.01860538215776269,,jacobi-anger-polynomial-oaa,"Martyn et al., arXiv:2105.02859, Eqs. (76)--(77)",Jacobi--Anger tails plus exact cubic OAA identity,"{""oaa-unitarity-defect-distortion"":0.009366900363337205,""scaled-polynomial-error"":0.009238481794425484}",True,ideal-qsvt-oaa-good-block,True,,"[""the cosine and sine polynomials are implemented exactly"",""the unamplified good block is exactly Q/2""]",,,,,,,implemented-qsvt-floating-phase-circuit,False,False,0.09000000000000001,,,,,,,,,,,,,,,,,,,2.0,one robust OAA round,1.0,"component, quadrature, and index registers all-zero",,90.0,86275596.0,195805260.0,-1.0,9842158620.0,1296493614.0,analytical-model,0.010000000000000002,,,,,,,,,,,,0.1.0,3.11.9,2.5.0,b58b31db18364511c43757e27fffc7abce8df2c1,True,ok,,
1.0,transverse_field_ising:N072,-1.0,empirical,,7.0,90.0,2.0,a8fa234e-a646-4911-8402-a67c302db4ae,2026-08-12T00:11:58.358108+00:00,c1ad72de628f71283ac69037e9bbe97c3e773952f5abde5eac91397ca322d1a6,resource-grid,transverse_field_ising,TFIM-72,"{""coupling"":1.0,""field"":3.0,""periodic"":false}",72,72.0,proportional,1.0,0.1,287.0,143,mpf-j-mizuta2026-theorem6-empirical-operator-norm,multiproduct,MPF J=Mizuta Theorem 6 (resolved per point) [empirical operator norm],empirical-operator-norm,empirical,,7.0,14.0,mizuta2026-theorem6,5.000000000000001,0.09000000000000001,90.0,,,,[],,,,,,,,,,,,,,,[],,,,,,,empirical-operator-norm,[],12420.0,,,,0.015405926658711037,0.004865141900000001,empirical-operator-norm,Repository empirical operator-norm calibration study v1 (2026-08-10),reviewed calibration opnorm-v1-tfim-open-mpf-new-m7; fixed formal powers,"{""empirical_coefficient"":0.004865141900000001}",False,ideal-mpf,False,ordered individual Pauli terms,"[""the fixed formal-order powers in time and segments apply"",""the empirical estimate concerns the repeated ideal MPF operator"",""the reviewed affine size calibration extrapolates as flagged""]",,0.0,0.0,False,False,{},repeated-shared-ancilla-good-block,False,False,0.09000000000000001,new,"[1,2,3,4,5,9,22]","[2.9953607852158573e-09,-2.9318124556219793e-05,0.003468573778195489,-0.04863485570038276,0.1308718708891307,-0.4341006887393225,1.3484244149015747]",1.965529725128523,0.034470274871476914,46.0,registered-exact,True,7.0,3.0,2.0,4.0,9.0,7.0,6.0,3.0,2.0,3.0,2.0,one robust OAA round per segment,90.0,branch register all-zero,,79.0,7087500.0,8190.0,-1.0,666257760.0,10652307.0,analytical-model,0.010000000000000002,opnorm-v1-tfim-open-mpf-new-m7,transverse_field_ising,affine-aN-plus-b,0.004865141900000001,4.0,12.0,4.0,12.0,True,True,asymptotic-domain,0.1.0,3.11.9,2.5.0,b58b31db18364511c43757e27fffc7abce8df2c1,True,ok,,
1.0,transverse_field_ising:N072,-1.0,commutator,,7.0,12840.0,2.0,a8fa234e-a646-4911-8402-a67c302db4ae,2026-08-12T00:11:58.358108+00:00,c1ad72de628f71283ac69037e9bbe97c3e773952f5abde5eac91397ca322d1a6,resource-grid,transverse_field_ising,TFIM-72,"{""coupling"":1.0,""field"":3.0,""periodic"":false}",72,72.0,proportional,1.0,0.1,287.0,143,mpf-j-mizuta2026-theorem6-mizuta2026-commutator-ideal-rigorous,multiproduct,MPF J=Mizuta Theorem 6 (resolved per point) [Mizuta 2026 refined commutator],mizuta2026-commutator-ideal-rigorous,analytical,,7.0,14.0,mizuta2026-theorem6,5.000000000000001,0.09000000000000001,12840.0,12840.0,,10221.0,"[""error""]",35.48631012952002,14.0,,,6.4495814807863115e-06,4.1341299767727545e-12,1.8893678630074325e-19,4.134129787835967e-12,4.1341299767727545e-12,6.4495856149162895e-06,0.08996198065702217,2.222636980708212e-05,False,0.007044970274101063,"[1.0000000000000002,1.0000000000000002,1.0000000000000002,1.0000000000000002,1.0000000000000002,1.0000000000000002,1.0000000000000002,1.0000000000000002,1.0000000000000002,1.0000000000000002,1.0000000000000002,1.0000000000000002,1.0000000000000002,1.0000000000000002,1.0000000000000002,1.0000000000000002,1.0000000000000002,1.0000000000000002,1.0000000000000002,1.0000000000000002,1.0000000000000002,1.0000000000000002,1.0000000000000002,1.0000000000000002,1.0000000000000002,1.0000000000000002,1.0000000000000002,1.0000000000000002,1.0000000000000002,1.0000000000000002,1.0000000000000002,1.0000000000000002,1.0000000000000002,1.0000000000000002,1.0000000000000002,1.0000000000000002,1.0000000000000002,1.0000000000000002,1.0000000000000002,1.0000000000000002,1.0000000000000002,1.0000000000000002,1.0000000000000002,1.0000000000000002,1.0000000000000002,1.0000000000000002,1.0000000000000002,1.0000000000000002,1.0000000000000002,1.0000000000000002,1.0000000000000002,1.0000000000000002,1.0000000000000002,1.0000000000000002,1.0000000000000002,1.0000000000000002,1.0000000000000002,1.0000000000000002,1.0000000000000002,1.0000000000000002,1.0000000000000002,1.0000000000000002,1.0000000000000002,1.0000000000000002,1.0000000000000002,1.0000000000000002,1.0000000000000002,1.0000000000000002,1.0000000000000002,1.0000000000000002,1.0000000000000002,1.0000000000000002,1.0000000000000002,1.0000000000000002,1.0000000000000002,1.0000000000000002,1.0000000000000002,1.0000000000000002,1.0000000000000002,1.0000000000000002,1.0000000000000002,1.0000000000000002,1.0000000000000002,1.0000000000000002,1.0000000000000002,1.0000000000000002,1.0000000000000002,1.0000000000000002,1.0000000000000002,1.0000000000000002,1.0000000000000002,1.0000000000000002,1.0000000000000002,1.0000000000000002,1.0000000000000002,1.0000000000000002,1.0000000000000002,1.0000000000000002,1.0000000000000002,1.0000000000000002,1.0000000000000002,1.0000000000000002,1.0000000000000002,1.0000000000000002,1.0000000000000002,1.0000000000000002,1.0000000000000002,1.0000000000000002,1.0000000000000002,1.0000000000000002,1.0000000000000002,1.0000000000000002,1.0000000000000002,1.0000000000000002,1.0000000000000002,1.0000000000000002,1.0000000000000002,1.0000000000000002,1.0000000000000002,1.0000000000000002,1.0000000000000002,1.0000000000000002,1.0000000000000002,1.0000000000000002,1.0000000000000002,1.0000000000000002,1.0000000000000002,1.0000000000000002,1.0000000000000002,1.0000000000000002,1.0000000000000002,1.0000000000000002,1.0000000000000002,1.0000000000000002,1.0000000000000002,1.0000000000000002,1.0000000000000002,1.0000000000000002,1.0000000000000002,1.0000000000000002,1.0000000000000002,1.0000000000000002,1.0000000000000002]",5.0000000000000036,14.0,False,,not-used,commutator,mizuta2026-commutator-ideal-rigorous,[],1771920.0,,,,0.08996198065702217,3.7845952792281962e+28,mizuta2026-commutator-ideal-rigorous,"Mizuta, Quantum 10, 1974 (2026), arXiv:2507.06557v4","Theorem 4, Eqs. (47)--(49), with direct Lemmas 9--10 BCH remainder","{""error_predicate_satisfied"":1.0,""extensiveness_g"":5.000000000000001,""joint_predicate_satisfied"":1.0,""legacy_first_condition_passed"":0.0,""legacy_first_time_limit"":2.222636980708212e-05,""local_commutator_error"":6.4495814807863115e-06,""local_step_error"":6.4495856149162895e-06,""local_truncated_bch_error"":4.1341299767727545e-12,""locality_k"":2.0,""mu_upper"":35.48631012952002,""refined_lemma10_remainder"":4.134129787835967e-12,""refined_lemma9_remainder"":1.8893678630074325e-19,""refined_tail_fallback"":0.0,""repeated_global_error"":0.08996198065702217,""schedule_weighted_extensiveness"":5.0000000000000036,""second_time_limit"":0.007044970274101063,""time_2_predicate_satisfied"":1.0,""total_branchwise_bch_remainder"":4.1341299767727545e-12,""truncation_order_p0"":14.0}",True,ideal-mpf,True,ordered individual Pauli terms,"[""individual Pauli summands define the ordered H_gamma decomposition"",""the actual Strang factors define schedule-weighted g_alpha extensiveness"",""Lemma 9 and Lemma 10 positive majorants directly certify the BCH remainder"",""the scalar-flow/Cauchy refined tail certificate is used"",""Theorem 4 second time hypothesis is satisfied"",""the repeated ideal MPF is composed with the Eq. (15) telescoping argument""]",,14.0,14.0,True,False,"{""2"":1704.0000000000016,""3"":27216.00000000004,""4"":352992.0000000008,""5"":5638464.000000017,""6"":77007360.0000003,""7"":1230183936.0000057,""8"":17379351552.00009,""9"":277660099584.00165,""10"":4013367508992.027,""11"":64125048397824.48,""12"":941929898999815.6,""13"":1.5051227707441284e+16,""14"":2.2371433013969107e+17}",repeated-shared-ancilla-good-block,True,False,0.09000000000000001,new,"[1,2,3,4,5,9,22]","[2.9953607852158573e-09,-2.9318124556219793e-05,0.003468573778195489,-0.04863485570038276,0.1308718708891307,-0.4341006887393225,1.3484244149015747]",1.965529725128523,0.034470274871476914,46.0,registered-exact,True,7.0,3.0,2.0,4.0,9.0,7.0,6.0,3.0,2.0,3.0,2.0,one robust OAA round per segment,12840.0,branch register all-zero,,79.0,1011150000.0,1168440.0,-1.0,116286923760.0,1519729112.0,analytical-model,0.010000000000000002,,,,,,,,,,,,0.1.0,3.11.9,2.5.0,b58b31db18364511c43757e27fffc7abce8df2c1,True,ok,,
1.0,transverse_field_ising:N072,-1.1,commutator,72004.0,,,2.0,a8fa234e-a646-4911-8402-a67c302db4ae,2026-08-12T00:11:58.358108+00:00,c1ad72de628f71283ac69037e9bbe97c3e773952f5abde5eac91397ca322d1a6,resource-grid,transverse_field_ising,TFIM-72,"{""coupling"":1.0,""field"":3.0,""periodic"":false}",72,72.0,proportional,1.0,0.07943282347242814,287.0,143,trotter-p2,trotter,Trotter p=2,analytical,analytical,2.0,,,,,,72004.0,,,,,,,,,,,,,,,,,,,,,,,,,,,,,,individual,143.0,0.07148805666195097,993.0,childs-commutator,"Childs, Su, Tran, Wiebe, and Zhu, arXiv:1912.08854",Propositions 9--10,"{""prefactor"":993.0}",True,implemented-product-formula,True,,"[""the resolved ordered Hamiltonian groups match the implemented formula""]",,,,,,,implemented-product-formula,True,True,0.07148954112518532,,,,,,,,,,,,,,,,,,,1.0,none,0.0,system register,1.0,72.0,20521140.0,0.0,-1.0,2031592860.0,20377636.0,analytical-model,0.007943282347242814,,,,,,,,,,,,0.1.0,3.11.9,2.5.0,b58b31db18364511c43757e27fffc7abce8df2c1,True,ok,,
1.0,transverse_field_ising:N072,-1.1,empirical,18952.0,,,2.0,a8fa234e-a646-4911-8402-a67c302db4ae,2026-08-12T00:11:58.358108+00:00,c1ad72de628f71283ac69037e9bbe97c3e773952f5abde5eac91397ca322d1a6,resource-grid,transverse_field_ising,TFIM-72,"{""coupling"":1.0,""field"":3.0,""periodic"":false}",72,72.0,proportional,1.0,0.07943282347242814,287.0,143,trotter-p2-empirical,trotter,Trotter p=2 [empirical],empirical-operator-norm,empirical,2.0,,,,,,18952.0,,,,,,,,,,,,,,,,,,,,,,,,,,,,,,individual,143.0,0.0714864811500757,68.7917766697,empirical-operator-norm,Repository empirical operator-norm calibration study v1 (2026-08-10),reviewed calibration opnorm-v1-tfim-open-trotter-p2; artifact docs/calibration_data/empirical_1d_v1_accepted.json,"{""prefactor"":68.7917766697}",False,implemented-product-formula,False,,"[""the resolved ordered Hamiltonian groups match the implemented formula"",""the fixed formal-order powers in time and segments apply"",""the reviewed affine size calibration extrapolates as flagged""]",,,,,,,implemented-product-formula,False,False,0.07148954112518532,,,,,,,,,,,,,,,,,,,1.0,none,0.0,system register,1.0,72.0,5401320.0,0.0,-1.0,502322760.0,5363549.0,analytical-model,0.007943282347242814,opnorm-v1-tfim-open-trotter-p2,transverse_field_ising,affine-aN-plus-b,68.7917766697,4.0,12.0,4.0,12.0,True,True,formula,0.1.0,3.11.9,2.5.0,b58b31db18364511c43757e27fffc7abce8df2c1,True,ok,,
1.0,transverse_field_ising:N072,-1.1,commutator,4765.0,,,2.0,a8fa234e-a646-4911-8402-a67c302db4ae,2026-08-12T00:11:58.358108+00:00,c1ad72de628f71283ac69037e9bbe97c3e773952f5abde5eac91397ca322d1a6,resource-grid,transverse_field_ising,TFIM-72,"{""coupling"":1.0,""field"":3.0,""periodic"":false}",72,72.0,proportional,1.0,0.07943282347242814,287.0,143,trotter-p4,trotter,Trotter p=4,analytical,analytical,4.0,,,,,,4765.0,,,,,,,,,,,,,,,,,,,,,,,,,,,,,,commuting,2.0,0.0714353552029294,19032.785200508108,schubert-mendl-commutator,"Schubert and Mendl, arXiv:2306.10603",Theorem 1,"{""prefactor"":19032.785200508108}",True,implemented-product-formula,True,,"[""the resolved ordered Hamiltonian groups match the implemented formula""]",,,,,,,implemented-product-formula,True,True,0.07148954112518532,,,,,,,,,,,,,,,,,,,1.0,none,0.0,system register,1.0,72.0,5122375.0,0.0,-1.0,476380875.0,5086555.0,analytical-model,0.007943282347242814,,,,,,,,,,,,0.1.0,3.11.9,2.5.0,b58b31db18364511c43757e27fffc7abce8df2c1,True,ok,,
1.0,transverse_field_ising:N072,-1.1,empirical,952.0,,,2.0,a8fa234e-a646-4911-8402-a67c302db4ae,2026-08-12T00:11:58.358108+00:00,c1ad72de628f71283ac69037e9bbe97c3e773952f5abde5eac91397ca322d1a6,resource-grid,transverse_field_ising,TFIM-72,"{""coupling"":1.0,""field"":3.0,""periodic"":false}",72,72.0,proportional,1.0,0.07943282347242814,287.0,143,trotter-p4-empirical,trotter,Trotter p=4 [empirical],empirical-operator-norm,empirical,4.0,,,,,,952.0,,,,,,,,,,,,,,,,,,,,,,,,,,,,,,commuting,2.0,0.07128221708297454,30.2598318541,empirical-operator-norm,Repository empirical operator-norm calibration study v1 (2026-08-10),reviewed calibration opnorm-v1-tfim-open-trotter-p4; artifact docs/calibration_data/empirical_1d_v1_accepted.json,"{""prefactor"":30.2598318541}",False,implemented-product-formula,False,,"[""the resolved ordered Hamiltonian groups match the implemented formula"",""the fixed formal-order powers in time and segments apply"",""the reviewed affine size calibration extrapolates as flagged""]",,,,,,,implemented-product-formula,False,False,0.07148954112518532,,,,,,,,,,,,,,,,,,,1.0,none,0.0,system register,1.0,72.0,1023400.0,0.0,-1.0,88012400.0,1016244.0,analytical-model,0.007943282347242814,opnorm-v1-tfim-open-trotter-p4,transverse_field_ising,affine-aN-plus-b,30.2598318541,4.0,12.0,4.0,12.0,True,True,formula,0.1.0,3.11.9,2.5.0,b58b31db18364511c43757e27fffc7abce8df2c1,True,ok,,
1.0,transverse_field_ising:N072,-1.1,commutator,2784.0,,,2.0,a8fa234e-a646-4911-8402-a67c302db4ae,2026-08-12T00:11:58.358108+00:00,c1ad72de628f71283ac69037e9bbe97c3e773952f5abde5eac91397ca322d1a6,resource-grid,transverse_field_ising,TFIM-72,"{""coupling"":1.0,""field"":3.0,""periodic"":false}",72,72.0,proportional,1.0,0.07943282347242814,287.0,143,trotter-p6,trotter,Trotter p=6,analytical,analytical,6.0,,,,,,2784.0,,,,,,,,,,,,,,,,,,,,,,,,,,,,,,commuting,2.0,0.07143563082022036,3315910.460456222,schubert-mendl-commutator,"Schubert and Mendl, arXiv:2306.10603",Theorem 1,"{""prefactor"":3315910.460456222}",True,implemented-product-formula,True,,"[""the resolved ordered Hamiltonian groups match the implemented formula""]",,,,,,,implemented-product-formula,True,True,0.07148954112518532,,,,,,,,,,,,,,,,,,,1.0,none,0.0,system register,1.0,72.0,14964000.0,0.0,-1.0,1466472000.0,14859357.0,analytical-model,0.007943282347242814,,,,,,,,,,,,0.1.0,3.11.9,2.5.0,b58b31db18364511c43757e27fffc7abce8df2c1,True,ok,,
1.0,transverse_field_ising:N072,-1.1,empirical,576.0,,,2.0,a8fa234e-a646-4911-8402-a67c302db4ae,2026-08-12T00:11:58.358108+00:00,c1ad72de628f71283ac69037e9bbe97c3e773952f5abde5eac91397ca322d1a6,resource-grid,transverse_field_ising,TFIM-72,"{""coupling"":1.0,""field"":3.0,""periodic"":false}",72,72.0,proportional,1.0,0.07943282347242814,287.0,143,trotter-p6-empirical,trotter,Trotter p=6 [empirical],empirical-operator-norm,empirical,6.0,,,,,,576.0,,,,,,,,,,,,,,,,,,,,,,,,,,,,,,commuting,2.0,0.00013562411157531695,0.4937923209,empirical-operator-norm,Repository empirical operator-norm calibration study v1 (2026-08-10),reviewed calibration opnorm-v1-tfim-open-trotter-p6; artifact docs/calibration_data/empirical_1d_v1_accepted.json,"{""prefactor"":0.4937923209}",False,implemented-product-formula,False,,"[""the resolved ordered Hamiltonian groups match the implemented formula"",""the fixed formal-order powers in time and segments apply"",""the reviewed affine size calibration extrapolates as flagged""]",,,,,,,implemented-product-formula,False,False,0.07148954112518532,,,,,,,,,,,,,,,,,,,1.0,none,0.0,system register,1.0,72.0,3096000.0,0.0,-1.0,281736000.0,3074350.0,analytical-model,0.007943282347242814,opnorm-v1-tfim-open-trotter-p6,transverse_field_ising,affine-aN-plus-b,0.4937923209,4.0,12.0,4.0,12.0,True,True,asymptotic-domain,0.1.0,3.11.9,2.5.0,b58b31db18364511c43757e27fffc7abce8df2c1,True,ok,,
1.0,transverse_field_ising:N072,-1.1,jacobi-anger,,,,2.0,a8fa234e-a646-4911-8402-a67c302db4ae,2026-08-12T00:11:58.358108+00:00,c1ad72de628f71283ac69037e9bbe97c3e773952f5abde5eac91397ca322d1a6,resource-grid,transverse_field_ising,TFIM-72,"{""coupling"":1.0,""field"":3.0,""periodic"":false}",72,72.0,proportional,1.0,0.07943282347242814,287.0,143,qsvt,qsvt,QSVT,jacobi-anger-rigorous,analytical,,,,,,,,,,,,,,,,,,,,,,,,,,,,,,,,,,,168507.0,28085.0,,,0.016530501354556193,,jacobi-anger-polynomial-oaa,"Martyn et al., arXiv:2105.02859, Eqs. (76)--(77)",Jacobi--Anger tails plus exact cubic OAA identity,"{""oaa-unitarity-defect-distortion"":0.00831599780343021,""scaled-polynomial-error"":0.008214503551125983}",True,ideal-qsvt-oaa-good-block,True,,"[""the cosine and sine polynomials are implemented exactly"",""the unamplified good block is exactly Q/2""]",,,,,,,implemented-qsvt-floating-phase-circuit,False,False,0.07148954112518532,,,,,,,,,,,,,,,,,,,2.0,one robust OAA round,1.0,"component, quadrature, and index registers all-zero",,90.0,86275596.0,195805260.0,-1.0,9928434216.0,1296493614.0,analytical-model,0.007943282347242814,,,,,,,,,,,,0.1.0,3.11.9,2.5.0,b58b31db18364511c43757e27fffc7abce8df2c1,True,ok,,
1.0,transverse_field_ising:N072,-1.1,empirical,,7.0,90.0,2.0,a8fa234e-a646-4911-8402-a67c302db4ae,2026-08-12T00:11:58.358108+00:00,c1ad72de628f71283ac69037e9bbe97c3e773952f5abde5eac91397ca322d1a6,resource-grid,transverse_field_ising,TFIM-72,"{""coupling"":1.0,""field"":3.0,""periodic"":false}",72,72.0,proportional,1.0,0.07943282347242814,287.0,143,mpf-j-mizuta2026-theorem6-empirical-operator-norm,multiproduct,MPF J=Mizuta Theorem 6 (resolved per point) [empirical operator norm],empirical-operator-norm,empirical,,7.0,14.0,mizuta2026-theorem6,5.000000000000001,0.07148954112518532,90.0,,,,[],,,,,,,,,,,,,,,[],,,,,,,empirical-operator-norm,[],12420.0,,,,0.015405926658711037,0.004865141900000001,empirical-operator-norm,Repository empirical operator-norm calibration study v1 (2026-08-10),reviewed calibration opnorm-v1-tfim-open-mpf-new-m7; fixed formal powers,"{""empirical_coefficient"":0.004865141900000001}",False,ideal-mpf,False,ordered individual Pauli terms,"[""the fixed formal-order powers in time and segments apply"",""the empirical estimate concerns the repeated ideal MPF operator"",""the reviewed affine size calibration extrapolates as flagged""]",,0.0,0.0,False,False,{},repeated-shared-ancilla-good-block,False,False,0.07148954112518532,new,"[1,2,3,4,5,9,22]","[2.9953607852158573e-09,-2.9318124556219793e-05,0.003468573778195489,-0.04863485570038276,0.1308718708891307,-0.4341006887393225,1.3484244149015747]",1.965529725128523,0.034470274871476914,46.0,registered-exact,True,7.0,3.0,2.0,4.0,9.0,7.0,6.0,3.0,2.0,3.0,2.0,one robust OAA round per segment,90.0,branch register all-zero,,79.0,7087500.0,8190.0,-1.0,673345260.0,10652307.0,analytical-model,0.007943282347242814,opnorm-v1-tfim-open-mpf-new-m7,transverse_field_ising,affine-aN-plus-b,0.004865141900000001,4.0,12.0,4.0,12.0,True,True,asymptotic-domain,0.1.0,3.11.9,2.5.0,b58b31db18364511c43757e27fffc7abce8df2c1,True,ok,,
1.0,transverse_field_ising:N072,-1.1,commutator,,7.0,13038.0,2.0,a8fa234e-a646-4911-8402-a67c302db4ae,2026-08-12T00:11:58.358108+00:00,c1ad72de628f71283ac69037e9bbe97c3e773952f5abde5eac91397ca322d1a6,resource-grid,transverse_field_ising,TFIM-72,"{""coupling"":1.0,""field"":3.0,""periodic"":false}",72,72.0,proportional,1.0,0.07943282347242814,287.0,143,mpf-j-mizuta2026-theorem6-mizuta2026-commutator-ideal-rigorous,multiproduct,MPF J=Mizuta Theorem 6 (resolved per point) [Mizuta 2026 refined commutator],mizuta2026-commutator-ideal-rigorous,analytical,,7.0,14.0,mizuta2026-theorem6,5.000000000000001,0.07148954112518532,13038.0,13038.0,,10221.0,"[""error""]",35.48631012952002,14.0,,,5.1267511701343245e-06,3.2519055987448454e-12,1.5322623824935567e-19,3.2519054455186067e-12,3.2519055987448454e-12,5.126754422039924e-06,0.07146288966314687,2.222636980708212e-05,False,0.007044970274101063,"[1.0000000000000002,1.0000000000000002,1.0000000000000002,1.0000000000000002,1.0000000000000002,1.0000000000000002,1.0000000000000002,1.0000000000000002,1.0000000000000002,1.0000000000000002,1.0000000000000002,1.0000000000000002,1.0000000000000002,1.0000000000000002,1.0000000000000002,1.0000000000000002,1.0000000000000002,1.0000000000000002,1.0000000000000002,1.0000000000000002,1.0000000000000002,1.0000000000000002,1.0000000000000002,1.0000000000000002,1.0000000000000002,1.0000000000000002,1.0000000000000002,1.0000000000000002,1.0000000000000002,1.0000000000000002,1.0000000000000002,1.0000000000000002,1.0000000000000002,1.0000000000000002,1.0000000000000002,1.0000000000000002,1.0000000000000002,1.0000000000000002,1.0000000000000002,1.0000000000000002,1.0000000000000002,1.0000000000000002,1.0000000000000002,1.0000000000000002,1.0000000000000002,1.0000000000000002,1.0000000000000002,1.0000000000000002,1.0000000000000002,1.0000000000000002,1.0000000000000002,1.0000000000000002,1.0000000000000002,1.0000000000000002,1.0000000000000002,1.0000000000000002,1.0000000000000002,1.0000000000000002,1.0000000000000002,1.0000000000000002,1.0000000000000002,1.0000000000000002,1.0000000000000002,1.0000000000000002,1.0000000000000002,1.0000000000000002,1.0000000000000002,1.0000000000000002,1.0000000000000002,1.0000000000000002,1.0000000000000002,1.0000000000000002,1.0000000000000002,1.0000000000000002,1.0000000000000002,1.0000000000000002,1.0000000000000002,1.0000000000000002,1.0000000000000002,1.0000000000000002,1.0000000000000002,1.0000000000000002,1.0000000000000002,1.0000000000000002,1.0000000000000002,1.0000000000000002,1.0000000000000002,1.0000000000000002,1.0000000000000002,1.0000000000000002,1.0000000000000002,1.0000000000000002,1.0000000000000002,1.0000000000000002,1.0000000000000002,1.0000000000000002,1.0000000000000002,1.0000000000000002,1.0000000000000002,1.0000000000000002,1.0000000000000002,1.0000000000000002,1.0000000000000002,1.0000000000000002,1.0000000000000002,1.0000000000000002,1.0000000000000002,1.0000000000000002,1.0000000000000002,1.0000000000000002,1.0000000000000002,1.0000000000000002,1.0000000000000002,1.0000000000000002,1.0000000000000002,1.0000000000000002,1.0000000000000002,1.0000000000000002,1.0000000000000002,1.0000000000000002,1.0000000000000002,1.0000000000000002,1.0000000000000002,1.0000000000000002,1.0000000000000002,1.0000000000000002,1.0000000000000002,1.0000000000000002,1.0000000000000002,1.0000000000000002,1.0000000000000002,1.0000000000000002,1.0000000000000002,1.0000000000000002,1.0000000000000002,1.0000000000000002,1.0000000000000002,1.0000000000000002,1.0000000000000002,1.0000000000000002,1.0000000000000002,1.0000000000000002,1.0000000000000002]",5.0000000000000036,14.0,False,,not-used,commutator,mizuta2026-commutator-ideal-rigorous,[],1799244.0,,,,0.07146288966314687,3.7845952792281962e+28,mizuta2026-commutator-ideal-rigorous,"Mizuta, Quantum 10, 1974 (2026), arXiv:2507.06557v4","Theorem 4, Eqs. (47)--(49), with direct Lemmas 9--10 BCH remainder","{""error_predicate_satisfied"":1.0,""extensiveness_g"":5.000000000000001,""joint_predicate_satisfied"":1.0,""legacy_first_condition_passed"":0.0,""legacy_first_time_limit"":2.222636980708212e-05,""local_commutator_error"":5.1267511701343245e-06,""local_step_error"":5.126754422039924e-06,""local_truncated_bch_error"":3.2519055987448454e-12,""locality_k"":2.0,""mu_upper"":35.48631012952002,""refined_lemma10_remainder"":3.2519054455186067e-12,""refined_lemma9_remainder"":1.5322623824935567e-19,""refined_tail_fallback"":0.0,""repeated_global_error"":0.07146288966314687,""schedule_weighted_extensiveness"":5.0000000000000036,""second_time_limit"":0.007044970274101063,""time_2_predicate_satisfied"":1.0,""total_branchwise_bch_remainder"":3.2519055987448454e-12,""truncation_order_p0"":14.0}",True,ideal-mpf,True,ordered individual Pauli terms,"[""individual Pauli summands define the ordered H_gamma decomposition"",""the actual Strang factors define schedule-weighted g_alpha extensiveness"",""Lemma 9 and Lemma 10 positive majorants directly certify the BCH remainder"",""the scalar-flow/Cauchy refined tail certificate is used"",""Theorem 4 second time hypothesis is satisfied"",""the repeated ideal MPF is composed with the Eq. (15) telescoping argument""]",,14.0,14.0,True,False,"{""2"":1704.0000000000016,""3"":27216.00000000004,""4"":352992.0000000008,""5"":5638464.000000017,""6"":77007360.0000003,""7"":1230183936.0000057,""8"":17379351552.00009,""9"":277660099584.00165,""10"":4013367508992.027,""11"":64125048397824.48,""12"":941929898999815.6,""13"":1.5051227707441284e+16,""14"":2.2371433013969107e+17}",repeated-shared-ancilla-good-block,True,False,0.07148954112518532,new,"[1,2,3,4,5,9,22]","[2.9953607852158573e-09,-2.9318124556219793e-05,0.003468573778195489,-0.04863485570038276,0.1308718708891307,-0.4341006887393225,1.3484244149015747]",1.965529725128523,0.034470274871476914,46.0,registered-exact,True,7.0,3.0,2.0,4.0,9.0,7.0,6.0,3.0,2.0,3.0,2.0,one robust OAA round per segment,13038.0,branch register all-zero,,79.0,1026742500.0,1186458.0,-1.0,119106875832.0,1543164187.0,analytical-model,0.007943282347242814,,,,,,,,,,,,0.1.0,3.11.9,2.5.0,b58b31db18364511c43757e27fffc7abce8df2c1,True,ok,,
1.0,transverse_field_ising:N072,-1.2,commutator,80789.0,,,2.0,a8fa234e-a646-4911-8402-a67c302db4ae,2026-08-12T00:11:58.358108+00:00,c1ad72de628f71283ac69037e9bbe97c3e773952f5abde5eac91397ca322d1a6,resource-grid,transverse_field_ising,TFIM-72,"{""coupling"":1.0,""field"":3.0,""periodic"":false}",72,72.0,proportional,1.0,0.06309573444801933,287.0,143,trotter-p2,trotter,Trotter p=2,analytical,analytical,2.0,,,,,,80789.0,,,,,,,,,,,,,,,,,,,,,,,,,,,,,,individual,143.0,0.05678613005980918,993.0,childs-commutator,"Childs, Su, Tran, Wiebe, and Zhu, arXiv:1912.08854",Propositions 9--10,"{""prefactor"":993.0}",True,implemented-product-formula,True,,"[""the resolved ordered Hamiltonian groups match the implemented formula""]",,,,,,,implemented-product-formula,True,True,0.0567861610032174,,,,,,,,,,,,,,,,,,,1.0,none,0.0,system register,1.0,72.0,23024865.0,0.0,-1.0,2325511365.0,22863852.0,analytical-model,0.006309573444801934,,,,,,,,,,,,0.1.0,3.11.9,2.5.0,b58b31db18364511c43757e27fffc7abce8df2c1,True,ok,,
1.0,transverse_field_ising:N072,-1.2,empirical,21265.0,,,2.0,a8fa234e-a646-4911-8402-a67c302db4ae,2026-08-12T00:11:58.358108+00:00,c1ad72de628f71283ac69037e9bbe97c3e773952f5abde5eac91397ca322d1a6,resource-grid,transverse_field_ising,TFIM-72,"{""coupling"":1.0,""field"":3.0,""periodic"":false}",72,72.0,proportional,1.0,0.06309573444801933,287.0,143,trotter-p2-empirical,trotter,Trotter p=2 [empirical],empirical-operator-norm,empirical,2.0,,,,,,21265.0,,,,,,,,,,,,,,,,,,,,,,,,,,,,,,individual,143.0,0.05678102671977263,68.7917766697,empirical-operator-norm,Repository empirical operator-norm calibration study v1 (2026-08-10),reviewed calibration opnorm-v1-tfim-open-trotter-p2; artifact docs/calibration_data/empirical_1d_v1_accepted.json,"{""prefactor"":68.7917766697}",False,implemented-product-formula,False,,"[""the resolved ordered Hamiltonian groups match the implemented formula"",""the fixed formal-order powers in time and segments apply"",""the reviewed affine size calibration extrapolates as flagged""]",,,,,,,implemented-product-formula,False,False,0.0567861610032174,,,,,,,,,,,,,,,,,,,1.0,none,0.0,system register,1.0,72.0,6060525.0,0.0,-1.0,575749875.0,6018144.0,analytical-model,0.006309573444801934,opnorm-v1-tfim-open-trotter-p2,transverse_field_ising,affine-aN-plus-b,68.7917766697,4.0,12.0,4.0,12.0,True,True,formula,0.1.0,3.11.9,2.5.0,b58b31db18364511c43757e27fffc7abce8df2c1,True,ok,,
1.0,transverse_field_ising:N072,-1.2,commutator,5047.0,,,2.0,a8fa234e-a646-4911-8402-a67c302db4ae,2026-08-12T00:11:58.358108+00:00,c1ad72de628f71283ac69037e9bbe97c3e773952f5abde5eac91397ca322d1a6,resource-grid,transverse_field_ising,TFIM-72,"{""coupling"":1.0,""field"":3.0,""periodic"":false}",72,72.0,proportional,1.0,0.06309573444801933,287.0,143,trotter-p4,trotter,Trotter p=4,analytical,analytical,4.0,,,,,,5047.0,,,,,,,,,,,,,,,,,,,,,,,,,,,,,,commuting,2.0,0.056758591483939705,19032.785200508108,schubert-mendl-commutator,"Schubert and Mendl, arXiv:2306.10603",Theorem 1,"{""prefactor"":19032.785200508108}",True,implemented-product-formula,True,,"[""the resolved ordered Hamiltonian groups match the implemented formula""]",,,,,,,implemented-product-formula,True,True,0.0567861610032174,,,,,,,,,,,,,,,,,,,1.0,none,0.0,system register,1.0,72.0,5425525.0,0.0,-1.0,509999350.0,5387585.0,analytical-model,0.006309573444801934,,,,,,,,,,,,0.1.0,3.11.9,2.5.0,b58b31db18364511c43757e27fffc7abce8df2c1,True,ok,,
1.0,transverse_field_ising:N072,-1.2,empirical,1008.0,,,2.0,a8fa234e-a646-4911-8402-a67c302db4ae,2026-08-12T00:11:58.358108+00:00,c1ad72de628f71283ac69037e9bbe97c3e773952f5abde5eac91397ca322d1a6,resource-grid,transverse_field_ising,TFIM-72,"{""coupling"":1.0,""field"":3.0,""periodic"":false}",72,72.0,proportional,1.0,0.06309573444801933,287.0,143,trotter-p4-empirical,trotter,Trotter p=4 [empirical],empirical-operator-norm,empirical,4.0,,,,,,1008.0,,,,,,,,,,,,,,,,,,,,,,,,,,,,,,commuting,2.0,0.056713554078904715,30.2598318541,empirical-operator-norm,Repository empirical operator-norm calibration study v1 (2026-08-10),reviewed calibration opnorm-v1-tfim-open-trotter-p4; artifact docs/calibration_data/empirical_1d_v1_accepted.json,"{""prefactor"":30.2598318541}",False,implemented-product-formula,False,,"[""the resolved ordered Hamiltonian groups match the implemented formula"",""the fixed formal-order powers in time and segments apply"",""the reviewed affine size calibration extrapolates as flagged""]",,,,,,,implemented-product-formula,False,False,0.0567861610032174,,,,,,,,,,,,,,,,,,,1.0,none,0.0,system register,1.0,72.0,1083600.0,0.0,-1.0,94273200.0,1076023.0,analytical-model,0.006309573444801934,opnorm-v1-tfim-open-trotter-p4,transverse_field_ising,affine-aN-plus-b,30.2598318541,4.0,12.0,4.0,12.0,True,True,formula,0.1.0,3.11.9,2.5.0,b58b31db18364511c43757e27fffc7abce8df2c1,True,ok,,
1.0,transverse_field_ising:N072,-1.2,commutator,2893.0,,,2.0,a8fa234e-a646-4911-8402-a67c302db4ae,2026-08-12T00:11:58.358108+00:00,c1ad72de628f71283ac69037e9bbe97c3e773952f5abde5eac91397ca322d1a6,resource-grid,transverse_field_ising,TFIM-72,"{""coupling"":1.0,""field"":3.0,""periodic"":false}",72,72.0,proportional,1.0,0.06309573444801933,287.0,143,trotter-p6,trotter,Trotter p=6,analytical,analytical,6.0,,,,,,2893.0,,,,,,,,,,,,,,,,,,,,,,,,,,,,,,commuting,2.0,0.05673351189408461,3315910.460456222,schubert-mendl-commutator,"Schubert and Mendl, arXiv:2306.10603",Theorem 1,"{""prefactor"":3315910.460456222}",True,implemented-product-formula,True,,"[""the resolved ordered Hamiltonian groups match the implemented formula""]",,,,,,,implemented-product-formula,True,True,0.0567861610032174,,,,,,,,,,,,,,,,,,,1.0,none,0.0,system register,1.0,72.0,15549875.0,0.0,-1.0,1539437625.0,15441135.0,analytical-model,0.006309573444801934,,,,,,,,,,,,0.1.0,3.11.9,2.5.0,b58b31db18364511c43757e27fffc7abce8df2c1,True,ok,,
1.0,transverse_field_ising:N072,-1.2,empirical,576.0,,,2.0,a8fa234e-a646-4911-8402-a67c302db4ae,2026-08-12T00:11:58.358108+00:00,c1ad72de628f71283ac69037e9bbe97c3e773952f5abde5eac91397ca322d1a6,resource-grid,transverse_field_ising,TFIM-72,"{""coupling"":1.0,""field"":3.0,""periodic"":false}",72,72.0,proportional,1.0,0.06309573444801933,287.0,143,trotter-p6-empirical,trotter,Trotter p=6 [empirical],empirical-operator-norm,empirical,6.0,,,,,,576.0,,,,,,,,,,,,,,,,,,,,,,,,,,,,,,commuting,2.0,0.00013562411157531695,0.4937923209,empirical-operator-norm,Repository empirical operator-norm calibration study v1 (2026-08-10),reviewed calibration opnorm-v1-tfim-open-trotter-p6; artifact docs/calibration_data/empirical_1d_v1_accepted.json,"{""prefactor"":0.4937923209}",False,implemented-product-formula,False,,"[""the resolved ordered Hamiltonian groups match the implemented formula"",""the fixed formal-order powers in time and segments apply"",""the reviewed affine size calibration extrapolates as flagged""]",,,,,,,implemented-product-formula,False,False,0.0567861610032174,,,,,,,,,,,,,,,,,,,1.0,none,0.0,system register,1.0,72.0,3096000.0,0.0,-1.0,284832000.0,3074350.0,analytical-model,0.006309573444801934,opnorm-v1-tfim-open-trotter-p6,transverse_field_ising,affine-aN-plus-b,0.4937923209,4.0,12.0,4.0,12.0,True,True,asymptotic-domain,0.1.0,3.11.9,2.5.0,b58b31db18364511c43757e27fffc7abce8df2c1,True,ok,,
1.0,transverse_field_ising:N072,-1.2,jacobi-anger,,,,2.0,a8fa234e-a646-4911-8402-a67c302db4ae,2026-08-12T00:11:58.358108+00:00,c1ad72de628f71283ac69037e9bbe97c3e773952f5abde5eac91397ca322d1a6,resource-grid,transverse_field_ising,TFIM-72,"{""coupling"":1.0,""field"":3.0,""periodic"":false}",72,72.0,proportional,1.0,0.06309573444801933,287.0,143,qsvt,qsvt,QSVT,jacobi-anger-rigorous,analytical,,,,,,,,,,,,,,,,,,,,,,,,,,,,,,,,,,,168507.0,28085.0,,,0.014884625205698332,,jacobi-anger-polynomial-oaa,"Martyn et al., arXiv:2105.02859, Eqs. (76)--(77)",Jacobi--Anger tails plus exact cubic OAA identity,"{""oaa-unitarity-defect-distortion"":0.007483496484968407,""scaled-polynomial-error"":0.007401128720729925}",True,ideal-qsvt-oaa-good-block,True,,"[""the cosine and sine polynomials are implemented exactly"",""the unamplified good block is exactly Q/2""]",,,,,,,implemented-qsvt-floating-phase-circuit,False,False,0.0567861610032174,,,,,,,,,,,,,,,,,,,2.0,one robust OAA round,1.0,"component, quadrature, and index registers all-zero",,90.0,86275596.0,195805260.0,-1.0,10014709812.0,1296493614.0,analytical-model,0.006309573444801934,,,,,,,,,,,,0.1.0,3.11.9,2.5.0,b58b31db18364511c43757e27fffc7abce8df2c1,True,ok,,
1.0,transverse_field_ising:N072,-1.2,empirical,,7.0,90.0,2.0,a8fa234e-a646-4911-8402-a67c302db4ae,2026-08-12T00:11:58.358108+00:00,c1ad72de628f71283ac69037e9bbe97c3e773952f5abde5eac91397ca322d1a6,resource-grid,transverse_field_ising,TFIM-72,"{""coupling"":1.0,""field"":3.0,""periodic"":false}",72,72.0,proportional,1.0,0.06309573444801933,287.0,143,mpf-j-mizuta2026-theorem6-empirical-operator-norm,multiproduct,MPF J=Mizuta Theorem 6 (resolved per point) [empirical operator norm],empirical-operator-norm,empirical,,7.0,14.0,mizuta2026-theorem6,5.000000000000001,0.0567861610032174,90.0,,,,[],,,,,,,,,,,,,,,[],,,,,,,empirical-operator-norm,[],12420.0,,,,0.015405926658711037,0.004865141900000001,empirical-operator-norm,Repository empirical operator-norm calibration study v1 (2026-08-10),reviewed calibration opnorm-v1-tfim-open-mpf-new-m7; fixed formal powers,"{""empirical_coefficient"":0.004865141900000001}",False,ideal-mpf,False,ordered individual Pauli terms,"[""the fixed formal-order powers in time and segments apply"",""the empirical estimate concerns the repeated ideal MPF operator"",""the reviewed affine size calibration extrapolates as flagged""]",,0.0,0.0,False,False,{},repeated-shared-ancilla-good-block,False,False,0.0567861610032174,new,"[1,2,3,4,5,9,22]","[2.9953607852158573e-09,-2.9318124556219793e-05,0.003468573778195489,-0.04863485570038276,0.1308718708891307,-0.4341006887393225,1.3484244149015747]",1.965529725128523,0.034470274871476914,46.0,registered-exact,True,7.0,3.0,2.0,4.0,9.0,7.0,6.0,3.0,2.0,3.0,2.0,one robust OAA round per segment,90.0,branch register all-zero,,79.0,7087500.0,8190.0,-1.0,680432760.0,10652307.0,analytical-model,0.006309573444801934,opnorm-v1-tfim-open-mpf-new-m7,transverse_field_ising,affine-aN-plus-b,0.004865141900000001,4.0,12.0,4.0,12.0,True,True,asymptotic-domain,0.1.0,3.11.9,2.5.0,b58b31db18364511c43757e27fffc7abce8df2c1,True,ok,,
1.0,transverse_field_ising:N072,-1.2,commutator,,7.0,13242.0,2.0,a8fa234e-a646-4911-8402-a67c302db4ae,2026-08-12T00:11:58.358108+00:00,c1ad72de628f71283ac69037e9bbe97c3e773952f5abde5eac91397ca322d1a6,resource-grid,transverse_field_ising,TFIM-72,"{""coupling"":1.0,""field"":3.0,""periodic"":false}",72,72.0,proportional,1.0,0.06309573444801933,287.0,143,mpf-j-mizuta2026-theorem6-mizuta2026-commutator-ideal-rigorous,multiproduct,MPF J=Mizuta Theorem 6 (resolved per point) [Mizuta 2026 refined commutator],mizuta2026-commutator-ideal-rigorous,analytical,,7.0,14.0,mizuta2026-theorem6,5.000000000000001,0.0567861610032174,13242.0,13242.0,,10221.0,"[""error""]",35.48631012952002,14.0,,,4.061655984420289e-06,2.5498160919491972e-12,1.2389574162462658e-19,2.549815968053455e-12,2.5498160919491972e-12,4.0616585342363825e-06,0.05675622285049916,2.222636980708212e-05,False,0.007044970274101063,"[1.0000000000000002,1.0000000000000002,1.0000000000000002,1.0000000000000002,1.0000000000000002,1.0000000000000002,1.0000000000000002,1.0000000000000002,1.0000000000000002,1.0000000000000002,1.0000000000000002,1.0000000000000002,1.0000000000000002,1.0000000000000002,1.0000000000000002,1.0000000000000002,1.0000000000000002,1.0000000000000002,1.0000000000000002,1.0000000000000002,1.0000000000000002,1.0000000000000002,1.0000000000000002,1.0000000000000002,1.0000000000000002,1.0000000000000002,1.0000000000000002,1.0000000000000002,1.0000000000000002,1.0000000000000002,1.0000000000000002,1.0000000000000002,1.0000000000000002,1.0000000000000002,1.0000000000000002,1.0000000000000002,1.0000000000000002,1.0000000000000002,1.0000000000000002,1.0000000000000002,1.0000000000000002,1.0000000000000002,1.0000000000000002,1.0000000000000002,1.0000000000000002,1.0000000000000002,1.0000000000000002,1.0000000000000002,1.0000000000000002,1.0000000000000002,1.0000000000000002,1.0000000000000002,1.0000000000000002,1.0000000000000002,1.0000000000000002,1.0000000000000002,1.0000000000000002,1.0000000000000002,1.0000000000000002,1.0000000000000002,1.0000000000000002,1.0000000000000002,1.0000000000000002,1.0000000000000002,1.0000000000000002,1.0000000000000002,1.0000000000000002,1.0000000000000002,1.0000000000000002,1.0000000000000002,1.0000000000000002,1.0000000000000002,1.0000000000000002,1.0000000000000002,1.0000000000000002,1.0000000000000002,1.0000000000000002,1.0000000000000002,1.0000000000000002,1.0000000000000002,1.0000000000000002,1.0000000000000002,1.0000000000000002,1.0000000000000002,1.0000000000000002,1.0000000000000002,1.0000000000000002,1.0000000000000002,1.0000000000000002,1.0000000000000002,1.0000000000000002,1.0000000000000002,1.0000000000000002,1.0000000000000002,1.0000000000000002,1.0000000000000002,1.0000000000000002,1.0000000000000002,1.0000000000000002,1.0000000000000002,1.0000000000000002,1.0000000000000002,1.0000000000000002,1.0000000000000002,1.0000000000000002,1.0000000000000002,1.0000000000000002,1.0000000000000002,1.0000000000000002,1.0000000000000002,1.0000000000000002,1.0000000000000002,1.0000000000000002,1.0000000000000002,1.0000000000000002,1.0000000000000002,1.0000000000000002,1.0000000000000002,1.0000000000000002,1.0000000000000002,1.0000000000000002,1.0000000000000002,1.0000000000000002,1.0000000000000002,1.0000000000000002,1.0000000000000002,1.0000000000000002,1.0000000000000002,1.0000000000000002,1.0000000000000002,1.0000000000000002,1.0000000000000002,1.0000000000000002,1.0000000000000002,1.0000000000000002,1.0000000000000002,1.0000000000000002,1.0000000000000002,1.0000000000000002,1.0000000000000002,1.0000000000000002,1.0000000000000002,1.0000000000000002]",5.0000000000000036,14.0,False,,not-used,commutator,mizuta2026-commutator-ideal-rigorous,[],1827396.0,,,,0.05675622285049916,3.7845952792281962e+28,mizuta2026-commutator-ideal-rigorous,"Mizuta, Quantum 10, 1974 (2026), arXiv:2507.06557v4","Theorem 4, Eqs. (47)--(49), with direct Lemmas 9--10 BCH remainder","{""error_predicate_satisfied"":1.0,""extensiveness_g"":5.000000000000001,""joint_predicate_satisfied"":1.0,""legacy_first_condition_passed"":0.0,""legacy_first_time_limit"":2.222636980708212e-05,""local_commutator_error"":4.061655984420289e-06,""local_step_error"":4.0616585342363825e-06,""local_truncated_bch_error"":2.5498160919491972e-12,""locality_k"":2.0,""mu_upper"":35.48631012952002,""refined_lemma10_remainder"":2.549815968053455e-12,""refined_lemma9_remainder"":1.2389574162462658e-19,""refined_tail_fallback"":0.0,""repeated_global_error"":0.05675622285049916,""schedule_weighted_extensiveness"":5.0000000000000036,""second_time_limit"":0.007044970274101063,""time_2_predicate_satisfied"":1.0,""total_branchwise_bch_remainder"":2.5498160919491972e-12,""truncation_order_p0"":14.0}",True,ideal-mpf,True,ordered individual Pauli terms,"[""individual Pauli summands define the ordered H_gamma decomposition"",""the actual Strang factors define schedule-weighted g_alpha extensiveness"",""Lemma 9 and Lemma 10 positive majorants directly certify the BCH remainder"",""the scalar-flow/Cauchy refined tail certificate is used"",""Theorem 4 second time hypothesis is satisfied"",""the repeated ideal MPF is composed with the Eq. (15) telescoping argument""]",,14.0,14.0,True,False,"{""2"":1704.0000000000016,""3"":27216.00000000004,""4"":352992.0000000008,""5"":5638464.000000017,""6"":77007360.0000003,""7"":1230183936.0000057,""8"":17379351552.00009,""9"":277660099584.00165,""10"":4013367508992.027,""11"":64125048397824.48,""12"":941929898999815.6,""13"":1.5051227707441284e+16,""14"":2.2371433013969107e+17}",repeated-shared-ancilla-good-block,True,False,0.0567861610032174,new,"[1,2,3,4,5,9,22]","[2.9953607852158573e-09,-2.9318124556219793e-05,0.003468573778195489,-0.04863485570038276,0.1308718708891307,-0.4341006887393225,1.3484244149015747]",1.965529725128523,0.034470274871476914,46.0,registered-exact,True,7.0,3.0,2.0,4.0,9.0,7.0,6.0,3.0,2.0,3.0,2.0,one robust OAA round per segment,13242.0,branch register all-zero,,79.0,1042807500.0,1205022.0,-1.0,123056105088.0,1567309415.0,analytical-model,0.006309573444801934,,,,,,,,,,,,0.1.0,3.11.9,2.5.0,b58b31db18364511c43757e27fffc7abce8df2c1,True,ok,,
1.0,transverse_field_ising:N072,-1.3,commutator,90647.0,,,2.0,a8fa234e-a646-4911-8402-a67c302db4ae,2026-08-12T00:11:58.358108+00:00,c1ad72de628f71283ac69037e9bbe97c3e773952f5abde5eac91397ca322d1a6,resource-grid,transverse_field_ising,TFIM-72,"{""coupling"":1.0,""field"":3.0,""periodic"":false}",72,72.0,proportional,1.0,0.05011872336272722,287.0,143,trotter-p2,trotter,Trotter p=2,analytical,analytical,2.0,,,,,,90647.0,,,,,,,,,,,,,,,,,,,,,,,,,,,,,,individual,143.0,0.04510657655256594,993.0,childs-commutator,"Childs, Su, Tran, Wiebe, and Zhu, arXiv:1912.08854",Propositions 9--10,"{""prefactor"":993.0}",True,implemented-product-formula,True,,"[""the resolved ordered Hamiltonian groups match the implemented formula""]",,,,,,,implemented-product-formula,True,True,0.0451068510264545,,,,,,,,,,,,,,,,,,,1.0,none,0.0,system register,1.0,72.0,25834395.0,0.0,-1.0,2635108290.0,25653735.0,analytical-model,0.005011872336272722,,,,,,,,,,,,0.1.0,3.11.9,2.5.0,b58b31db18364511c43757e27fffc7abce8df2c1,True,ok,,
1.0,transverse_field_ising:N072,-1.3,empirical,23859.0,,,2.0,a8fa234e-a646-4911-8402-a67c302db4ae,2026-08-12T00:11:58.358108+00:00,c1ad72de628f71283ac69037e9bbe97c3e773952f5abde5eac91397ca322d1a6,resource-grid,transverse_field_ising,TFIM-72,"{""coupling"":1.0,""field"":3.0,""periodic"":false}",72,72.0,proportional,1.0,0.05011872336272722,287.0,143,trotter-p2-empirical,trotter,Trotter p=2 [empirical],empirical-operator-norm,empirical,2.0,,,,,,23859.0,,,,,,,,,,,,,,,,,,,,,,,,,,,,,,individual,143.0,0.04510550411059977,68.7917766697,empirical-operator-norm,Repository empirical operator-norm calibration study v1 (2026-08-10),reviewed calibration opnorm-v1-tfim-open-trotter-p2; artifact docs/calibration_data/empirical_1d_v1_accepted.json,"{""prefactor"":68.7917766697}",False,implemented-product-formula,False,,"[""the resolved ordered Hamiltonian groups match the implemented formula"",""the fixed formal-order powers in time and segments apply"",""the reviewed affine size calibration extrapolates as flagged""]",,,,,,,implemented-product-formula,False,False,0.0451068510264545,,,,,,,,,,,,,,,,,,,1.0,none,0.0,system register,1.0,72.0,6799815.0,0.0,-1.0,652782240.0,6752264.0,analytical-model,0.005011872336272722,opnorm-v1-tfim-open-trotter-p2,transverse_field_ising,affine-aN-plus-b,68.7917766697,4.0,12.0,4.0,12.0,True,True,formula,0.1.0,3.11.9,2.5.0,b58b31db18364511c43757e27fffc7abce8df2c1,True,ok,,
1.0,transverse_field_ising:N072,-1.3,commutator,5346.0,,,2.0,a8fa234e-a646-4911-8402-a67c302db4ae,2026-08-12T00:11:58.358108+00:00,c1ad72de628f71283ac69037e9bbe97c3e773952f5abde5eac91397ca322d1a6,resource-grid,transverse_field_ising,TFIM-72,"{""coupling"":1.0,""field"":3.0,""periodic"":false}",72,72.0,proportional,1.0,0.05011872336272722,287.0,143,trotter-p4,trotter,Trotter p=4,analytical,analytical,4.0,,,,,,5346.0,,,,,,,,,,,,,,,,,,,,,,,,,,,,,,commuting,2.0,0.04508675827282666,19032.785200508108,schubert-mendl-commutator,"Schubert and Mendl, arXiv:2306.10603",Theorem 1,"{""prefactor"":19032.785200508108}",True,implemented-product-formula,True,,"[""the resolved ordered Hamiltonian groups match the implemented formula""]",,,,,,,implemented-product-formula,True,True,0.0451068510264545,,,,,,,,,,,,,,,,,,,1.0,none,0.0,system register,1.0,72.0,5746950.0,0.0,-1.0,551707200.0,5706762.0,analytical-model,0.005011872336272722,,,,,,,,,,,,0.1.0,3.11.9,2.5.0,b58b31db18364511c43757e27fffc7abce8df2c1,True,ok,,
1.0,transverse_field_ising:N072,-1.3,empirical,1068.0,,,2.0,a8fa234e-a646-4911-8402-a67c302db4ae,2026-08-12T00:11:58.358108+00:00,c1ad72de628f71283ac69037e9bbe97c3e773952f5abde5eac91397ca322d1a6,resource-grid,transverse_field_ising,TFIM-72,"{""coupling"":1.0,""field"":3.0,""periodic"":false}",72,72.0,proportional,1.0,0.05011872336272722,287.0,143,trotter-p4-empirical,trotter,Trotter p=4 [empirical],empirical-operator-norm,empirical,4.0,,,,,,1068.0,,,,,,,,,,,,,,,,,,,,,,,,,,,,,,commuting,2.0,0.045003260721429815,30.2598318541,empirical-operator-norm,Repository empirical operator-norm calibration study v1 (2026-08-10),reviewed calibration opnorm-v1-tfim-open-trotter-p4; artifact docs/calibration_data/empirical_1d_v1_accepted.json,"{""prefactor"":30.2598318541}",False,implemented-product-formula,False,,"[""the resolved ordered Hamiltonian groups match the implemented formula"",""the fixed formal-order powers in time and segments apply"",""the reviewed affine size calibration extrapolates as flagged""]",,,,,,,implemented-product-formula,False,False,0.0451068510264545,,,,,,,,,,,,,,,,,,,1.0,none,0.0,system register,1.0,72.0,1148100.0,0.0,-1.0,102180900.0,1140072.0,analytical-model,0.005011872336272722,opnorm-v1-tfim-open-trotter-p4,transverse_field_ising,affine-aN-plus-b,30.2598318541,4.0,12.0,4.0,12.0,True,True,formula,0.1.0,3.11.9,2.5.0,b58b31db18364511c43757e27fffc7abce8df2c1,True,ok,,
1.0,transverse_field_ising:N072,-1.3,commutator,3006.0,,,2.0,a8fa234e-a646-4911-8402-a67c302db4ae,2026-08-12T00:11:58.358108+00:00,c1ad72de628f71283ac69037e9bbe97c3e773952f5abde5eac91397ca322d1a6,resource-grid,transverse_field_ising,TFIM-72,"{""coupling"":1.0,""field"":3.0,""periodic"":false}",72,72.0,proportional,1.0,0.05011872336272722,287.0,143,trotter-p6,trotter,Trotter p=6,analytical,analytical,6.0,,,,,,3006.0,,,,,,,,,,,,,,,,,,,,,,,,,,,,,,commuting,2.0,0.04508129803612392,3315910.460456222,schubert-mendl-commutator,"Schubert and Mendl, arXiv:2306.10603",Theorem 1,"{""prefactor"":3315910.460456222}",True,implemented-product-formula,True,,"[""the resolved ordered Hamiltonian groups match the implemented formula""]",,,,,,,implemented-product-formula,True,True,0.0451068510264545,,,,,,,,,,,,,,,,,,,1.0,none,0.0,system register,1.0,72.0,16157250.0,0.0,-1.0,1615725000.0,16044263.0,analytical-model,0.005011872336272722,,,,,,,,,,,,0.1.0,3.11.9,2.5.0,b58b31db18364511c43757e27fffc7abce8df2c1,True,ok,,
1.0,transverse_field_ising:N072,-1.3,empirical,576.0,,,2.0,a8fa234e-a646-4911-8402-a67c302db4ae,2026-08-12T00:11:58.358108+00:00,c1ad72de628f71283ac69037e9bbe97c3e773952f5abde5eac91397ca322d1a6,resource-grid,transverse_field_ising,TFIM-72,"{""coupling"":1.0,""field"":3.0,""periodic"":false}",72,72.0,proportional,1.0,0.05011872336272722,287.0,143,trotter-p6-empirical,trotter,Trotter p=6 [empirical],empirical-operator-norm,empirical,6.0,,,,,,576.0,,,,,,,,,,,,,,,,,,,,,,,,,,,,,,commuting,2.0,0.00013562411157531695,0.4937923209,empirical-operator-norm,Repository empirical operator-norm calibration study v1 (2026-08-10),reviewed calibration opnorm-v1-tfim-open-trotter-p6; artifact docs/calibration_data/empirical_1d_v1_accepted.json,"{""prefactor"":0.4937923209}",False,implemented-product-formula,False,,"[""the resolved ordered Hamiltonian groups match the implemented formula"",""the fixed formal-order powers in time and segments apply"",""the reviewed affine size calibration extrapolates as flagged""]",,,,,,,implemented-product-formula,False,False,0.0451068510264545,,,,,,,,,,,,,,,,,,,1.0,none,0.0,system register,1.0,72.0,3096000.0,0.0,-1.0,287928000.0,3074350.0,analytical-model,0.005011872336272722,opnorm-v1-tfim-open-trotter-p6,transverse_field_ising,affine-aN-plus-b,0.4937923209,4.0,12.0,4.0,12.0,True,True,asymptotic-domain,0.1.0,3.11.9,2.5.0,b58b31db18364511c43757e27fffc7abce8df2c1,True,ok,,
1.0,transverse_field_ising:N072,-1.3,jacobi-anger,,,,2.0,a8fa234e-a646-4911-8402-a67c302db4ae,2026-08-12T00:11:58.358108+00:00,c1ad72de628f71283ac69037e9bbe97c3e773952f5abde5eac91397ca322d1a6,resource-grid,transverse_field_ising,TFIM-72,"{""coupling"":1.0,""field"":3.0,""periodic"":false}",72,72.0,proportional,1.0,0.05011872336272722,287.0,143,qsvt,qsvt,QSVT,jacobi-anger-rigorous,analytical,,,,,,,,,,,,,,,,,,,,,,,,,,,,,,,,,,,168519.0,28087.0,,,0.006176029511466018,,jacobi-anger-polynomial-oaa,"Martyn et al., arXiv:2105.02859, Eqs. (76)--(77)",Jacobi--Anger tails plus exact cubic OAA identity,"{""oaa-unitarity-defect-distortion"":0.003095140972228018,""scaled-polynomial-error"":0.0030808885392380005}",True,ideal-qsvt-oaa-good-block,True,,"[""the cosine and sine polynomials are implemented exactly"",""the unamplified good block is exactly Q/2""]",,,,,,,implemented-qsvt-floating-phase-circuit,False,False,0.0451068510264545,,,,,,,,,,,,,,,,,,,2.0,one robust OAA round,1.0,"component, quadrature, and index registers all-zero",,90.0,86281740.0,195819204.0,-1.0,10101704736.0,1296585942.0,analytical-model,0.005011872336272722,,,,,,,,,,,,0.1.0,3.11.9,2.5.0,b58b31db18364511c43757e27fffc7abce8df2c1,True,ok,,
1.0,transverse_field_ising:N072,-1.3,empirical,,7.0,90.0,2.0,a8fa234e-a646-4911-8402-a67c302db4ae,2026-08-12T00:11:58.358108+00:00,c1ad72de628f71283ac69037e9bbe97c3e773952f5abde5eac91397ca322d1a6,resource-grid,transverse_field_ising,TFIM-72,"{""coupling"":1.0,""field"":3.0,""periodic"":false}",72,72.0,proportional,1.0,0.05011872336272722,287.0,143,mpf-j-mizuta2026-theorem6-empirical-operator-norm,multiproduct,MPF J=Mizuta Theorem 6 (resolved per point) [empirical operator norm],empirical-operator-norm,empirical,,7.0,14.0,mizuta2026-theorem6,5.000000000000001,0.0451068510264545,90.0,,,,[],,,,,,,,,,,,,,,[],,,,,,,empirical-operator-norm,[],12420.0,,,,0.015405926658711037,0.004865141900000001,empirical-operator-norm,Repository empirical operator-norm calibration study v1 (2026-08-10),reviewed calibration opnorm-v1-tfim-open-mpf-new-m7; fixed formal powers,"{""empirical_coefficient"":0.004865141900000001}",False,ideal-mpf,False,ordered individual Pauli terms,"[""the fixed formal-order powers in time and segments apply"",""the empirical estimate concerns the repeated ideal MPF operator"",""the reviewed affine size calibration extrapolates as flagged""]",,0.0,0.0,False,False,{},repeated-shared-ancilla-good-block,False,False,0.0451068510264545,new,"[1,2,3,4,5,9,22]","[2.9953607852158573e-09,-2.9318124556219793e-05,0.003468573778195489,-0.04863485570038276,0.1308718708891307,-0.4341006887393225,1.3484244149015747]",1.965529725128523,0.034470274871476914,46.0,registered-exact,True,7.0,3.0,2.0,4.0,9.0,7.0,6.0,3.0,2.0,3.0,2.0,one robust OAA round per segment,90.0,branch register all-zero,,79.0,7087500.0,8190.0,-1.0,687520260.0,10652307.0,analytical-model,0.005011872336272722,opnorm-v1-tfim-open-mpf-new-m7,transverse_field_ising,affine-aN-plus-b,0.004865141900000001,4.0,12.0,4.0,12.0,True,True,asymptotic-domain,0.1.0,3.11.9,2.5.0,b58b31db18364511c43757e27fffc7abce8df2c1,True,ok,,
1.0,transverse_field_ising:N072,-1.3,commutator,,7.0,13451.0,2.0,a8fa234e-a646-4911-8402-a67c302db4ae,2026-08-12T00:11:58.358108+00:00,c1ad72de628f71283ac69037e9bbe97c3e773952f5abde5eac91397ca322d1a6,resource-grid,transverse_field_ising,TFIM-72,"{""coupling"":1.0,""field"":3.0,""periodic"":false}",72,72.0,proportional,1.0,0.05011872336272722,287.0,143,mpf-j-mizuta2026-theorem6-mizuta2026-commutator-ideal-rigorous,multiproduct,MPF J=Mizuta Theorem 6 (resolved per point) [Mizuta 2026 refined commutator],mizuta2026-commutator-ideal-rigorous,analytical,,7.0,14.0,mizuta2026-theorem6,5.000000000000001,0.0451068510264545,13451.0,13451.0,,10221.0,"[""error""]",35.48631012952002,14.0,,,3.2113548669797218e-06,1.995691785391321e-12,1.000024321720239e-19,1.995691685388888e-12,1.995691785391321e-12,3.2113568626715077e-06,0.04510259030939509,2.222636980708212e-05,False,0.007044970274101063,"[1.0000000000000002,1.0000000000000002,1.0000000000000002,1.0000000000000002,1.0000000000000002,1.0000000000000002,1.0000000000000002,1.0000000000000002,1.0000000000000002,1.0000000000000002,1.0000000000000002,1.0000000000000002,1.0000000000000002,1.0000000000000002,1.0000000000000002,1.0000000000000002,1.0000000000000002,1.0000000000000002,1.0000000000000002,1.0000000000000002,1.0000000000000002,1.0000000000000002,1.0000000000000002,1.0000000000000002,1.0000000000000002,1.0000000000000002,1.0000000000000002,1.0000000000000002,1.0000000000000002,1.0000000000000002,1.0000000000000002,1.0000000000000002,1.0000000000000002,1.0000000000000002,1.0000000000000002,1.0000000000000002,1.0000000000000002,1.0000000000000002,1.0000000000000002,1.0000000000000002,1.0000000000000002,1.0000000000000002,1.0000000000000002,1.0000000000000002,1.0000000000000002,1.0000000000000002,1.0000000000000002,1.0000000000000002,1.0000000000000002,1.0000000000000002,1.0000000000000002,1.0000000000000002,1.0000000000000002,1.0000000000000002,1.0000000000000002,1.0000000000000002,1.0000000000000002,1.0000000000000002,1.0000000000000002,1.0000000000000002,1.0000000000000002,1.0000000000000002,1.0000000000000002,1.0000000000000002,1.0000000000000002,1.0000000000000002,1.0000000000000002,1.0000000000000002,1.0000000000000002,1.0000000000000002,1.0000000000000002,1.0000000000000002,1.0000000000000002,1.0000000000000002,1.0000000000000002,1.0000000000000002,1.0000000000000002,1.0000000000000002,1.0000000000000002,1.0000000000000002,1.0000000000000002,1.0000000000000002,1.0000000000000002,1.0000000000000002,1.0000000000000002,1.0000000000000002,1.0000000000000002,1.0000000000000002,1.0000000000000002,1.0000000000000002,1.0000000000000002,1.0000000000000002,1.0000000000000002,1.0000000000000002,1.0000000000000002,1.0000000000000002,1.0000000000000002,1.0000000000000002,1.0000000000000002,1.0000000000000002,1.0000000000000002,1.0000000000000002,1.0000000000000002,1.0000000000000002,1.0000000000000002,1.0000000000000002,1.0000000000000002,1.0000000000000002,1.0000000000000002,1.0000000000000002,1.0000000000000002,1.0000000000000002,1.0000000000000002,1.0000000000000002,1.0000000000000002,1.0000000000000002,1.0000000000000002,1.0000000000000002,1.0000000000000002,1.0000000000000002,1.0000000000000002,1.0000000000000002,1.0000000000000002,1.0000000000000002,1.0000000000000002,1.0000000000000002,1.0000000000000002,1.0000000000000002,1.0000000000000002,1.0000000000000002,1.0000000000000002,1.0000000000000002,1.0000000000000002,1.0000000000000002,1.0000000000000002,1.0000000000000002,1.0000000000000002,1.0000000000000002,1.0000000000000002,1.0000000000000002,1.0000000000000002,1.0000000000000002,1.0000000000000002]",5.0000000000000036,14.0,False,,not-used,commutator,mizuta2026-commutator-ideal-rigorous,[],1856238.0,,,,0.04510259030939509,3.7845952792281962e+28,mizuta2026-commutator-ideal-rigorous,"Mizuta, Quantum 10, 1974 (2026), arXiv:2507.06557v4","Theorem 4, Eqs. (47)--(49), with direct Lemmas 9--10 BCH remainder","{""error_predicate_satisfied"":1.0,""extensiveness_g"":5.000000000000001,""joint_predicate_satisfied"":1.0,""legacy_first_condition_passed"":0.0,""legacy_first_time_limit"":2.222636980708212e-05,""local_commutator_error"":3.2113548669797218e-06,""local_step_error"":3.2113568626715077e-06,""local_truncated_bch_error"":1.995691785391321e-12,""locality_k"":2.0,""mu_upper"":35.48631012952002,""refined_lemma10_remainder"":1.995691685388888e-12,""refined_lemma9_remainder"":1.000024321720239e-19,""refined_tail_fallback"":0.0,""repeated_global_error"":0.04510259030939509,""schedule_weighted_extensiveness"":5.0000000000000036,""second_time_limit"":0.007044970274101063,""time_2_predicate_satisfied"":1.0,""total_branchwise_bch_remainder"":1.995691785391321e-12,""truncation_order_p0"":14.0}",True,ideal-mpf,True,ordered individual Pauli terms,"[""individual Pauli summands define the ordered H_gamma decomposition"",""the actual Strang factors define schedule-weighted g_alpha extensiveness"",""Lemma 9 and Lemma 10 positive majorants directly certify the BCH remainder"",""the scalar-flow/Cauchy refined tail certificate is used"",""Theorem 4 second time hypothesis is satisfied"",""the repeated ideal MPF is composed with the Eq. (15) telescoping argument""]",,14.0,14.0,True,False,"{""2"":1704.0000000000016,""3"":27216.00000000004,""4"":352992.0000000008,""5"":5638464.000000017,""6"":77007360.0000003,""7"":1230183936.0000057,""8"":17379351552.00009,""9"":277660099584.00165,""10"":4013367508992.027,""11"":64125048397824.48,""12"":941929898999815.6,""13"":1.5051227707441284e+16,""14"":2.2371433013969107e+17}",repeated-shared-ancilla-good-block,True,False,0.0451068510264545,new,"[1,2,3,4,5,9,22]","[2.9953607852158573e-09,-2.9318124556219793e-05,0.003468573778195489,-0.04863485570038276,0.1308718708891307,-0.4341006887393225,1.3484244149015747]",1.965529725128523,0.034470274871476914,46.0,registered-exact,True,7.0,3.0,2.0,4.0,9.0,7.0,6.0,3.0,2.0,3.0,2.0,one robust OAA round per segment,13451.0,branch register all-zero,,79.0,1059266250.0,1224041.0,-1.0,126057579914.0,1592046439.0,analytical-model,0.005011872336272722,,,,,,,,,,,,0.1.0,3.11.9,2.5.0,b58b31db18364511c43757e27fffc7abce8df2c1,True,ok,,
1.0,transverse_field_ising:N072,-1.4,commutator,101708.0,,,2.0,a8fa234e-a646-4911-8402-a67c302db4ae,2026-08-12T00:11:58.358108+00:00,c1ad72de628f71283ac69037e9bbe97c3e773952f5abde5eac91397ca322d1a6,resource-grid,transverse_field_ising,TFIM-72,"{""coupling"":1.0,""field"":3.0,""periodic"":false}",72,72.0,proportional,1.0,0.039810717055349734,287.0,143,trotter-p2,trotter,Trotter p=2,analytical,analytical,2.0,,,,,,101708.0,,,,,,,,,,,,,,,,,,,,,,,,,,,,,,individual,143.0,0.035829150316163086,993.0,childs-commutator,"Childs, Su, Tran, Wiebe, and Zhu, arXiv:1912.08854",Propositions 9--10,"{""prefactor"":993.0}",True,implemented-product-formula,True,,"[""the resolved ordered Hamiltonian groups match the implemented formula""]",,,,,,,implemented-product-formula,True,True,0.03582964534981476,,,,,,,,,,,,,,,,,,,1.0,none,0.0,system register,1.0,72.0,28986780.0,0.0,-1.0,3014625120.0,28784076.0,analytical-model,0.003981071705534973,,,,,,,,,,,,0.1.0,3.11.9,2.5.0,b58b31db18364511c43757e27fffc7abce8df2c1,True,ok,,
1.0,transverse_field_ising:N072,-1.4,empirical,26770.0,,,2.0,a8fa234e-a646-4911-8402-a67c302db4ae,2026-08-12T00:11:58.358108+00:00,c1ad72de628f71283ac69037e9bbe97c3e773952f5abde5eac91397ca322d1a6,resource-grid,transverse_field_ising,TFIM-72,"{""coupling"":1.0,""field"":3.0,""periodic"":false}",72,72.0,proportional,1.0,0.039810717055349734,287.0,143,trotter-p2-empirical,trotter,Trotter p=2 [empirical],empirical-operator-norm,empirical,2.0,,,,,,26770.0,,,,,,,,,,,,,,,,,,,,,,,,,,,,,,individual,143.0,0.035829213336998816,68.7917766697,empirical-operator-norm,Repository empirical operator-norm calibration study v1 (2026-08-10),reviewed calibration opnorm-v1-tfim-open-trotter-p2; artifact docs/calibration_data/empirical_1d_v1_accepted.json,"{""prefactor"":68.7917766697}",False,implemented-product-formula,False,,"[""the resolved ordered Hamiltonian groups match the implemented formula"",""the fixed formal-order powers in time and segments apply"",""the reviewed affine size calibration extrapolates as flagged""]",,,,,,,implemented-product-formula,False,False,0.03582964534981476,,,,,,,,,,,,,,,,,,,1.0,none,0.0,system register,1.0,72.0,7629450.0,0.0,-1.0,747686100.0,7576098.0,analytical-model,0.003981071705534973,opnorm-v1-tfim-open-trotter-p2,transverse_field_ising,affine-aN-plus-b,68.7917766697,4.0,12.0,4.0,12.0,True,True,formula,0.1.0,3.11.9,2.5.0,b58b31db18364511c43757e27fffc7abce8df2c1,True,ok,,
1.0,transverse_field_ising:N072,-1.4,commutator,5663.0,,,2.0,a8fa234e-a646-4911-8402-a67c302db4ae,2026-08-12T00:11:58.358108+00:00,c1ad72de628f71283ac69037e9bbe97c3e773952f5abde5eac91397ca322d1a6,resource-grid,transverse_field_ising,TFIM-72,"{""coupling"":1.0,""field"":3.0,""periodic"":false}",72,72.0,proportional,1.0,0.039810717055349734,287.0,143,trotter-p4,trotter,Trotter p=4,analytical,analytical,4.0,,,,,,5663.0,,,,,,,,,,,,,,,,,,,,,,,,,,,,,,commuting,2.0,0.035807877732601426,19032.785200508108,schubert-mendl-commutator,"Schubert and Mendl, arXiv:2306.10603",Theorem 1,"{""prefactor"":19032.785200508108}",True,implemented-product-formula,True,,"[""the resolved ordered Hamiltonian groups match the implemented formula""]",,,,,,,implemented-product-formula,True,True,0.03582964534981476,,,,,,,,,,,,,,,,,,,1.0,none,0.0,system register,1.0,72.0,6087725.0,0.0,-1.0,590509325.0,6045154.0,analytical-model,0.003981071705534973,,,,,,,,,,,,0.1.0,3.11.9,2.5.0,b58b31db18364511c43757e27fffc7abce8df2c1,True,ok,,
1.0,transverse_field_ising:N072,-1.4,empirical,1131.0,,,2.0,a8fa234e-a646-4911-8402-a67c302db4ae,2026-08-12T00:11:58.358108+00:00,c1ad72de628f71283ac69037e9bbe97c3e773952f5abde5eac91397ca322d1a6,resource-grid,transverse_field_ising,TFIM-72,"{""coupling"":1.0,""field"":3.0,""periodic"":false}",72,72.0,proportional,1.0,0.039810717055349734,287.0,143,trotter-p4-empirical,trotter,Trotter p=4 [empirical],empirical-operator-norm,empirical,4.0,,,,,,1131.0,,,,,,,,,,,,,,,,,,,,,,,,,,,,,,commuting,2.0,0.03578315032283437,30.2598318541,empirical-operator-norm,Repository empirical operator-norm calibration study v1 (2026-08-10),reviewed calibration opnorm-v1-tfim-open-trotter-p4; artifact docs/calibration_data/empirical_1d_v1_accepted.json,"{""prefactor"":30.2598318541}",False,implemented-product-formula,False,,"[""the resolved ordered Hamiltonian groups match the implemented formula"",""the fixed formal-order powers in time and segments apply"",""the reviewed affine size calibration extrapolates as flagged""]",,,,,,,implemented-product-formula,False,False,0.03582964534981476,,,,,,,,,,,,,,,,,,,1.0,none,0.0,system register,1.0,72.0,1215825.0,0.0,-1.0,109424250.0,1207323.0,analytical-model,0.003981071705534973,opnorm-v1-tfim-open-trotter-p4,transverse_field_ising,affine-aN-plus-b,30.2598318541,4.0,12.0,4.0,12.0,True,True,formula,0.1.0,3.11.9,2.5.0,b58b31db18364511c43757e27fffc7abce8df2c1,True,ok,,
1.0,transverse_field_ising:N072,-1.4,commutator,3124.0,,,2.0,a8fa234e-a646-4911-8402-a67c302db4ae,2026-08-12T00:11:58.358108+00:00,c1ad72de628f71283ac69037e9bbe97c3e773952f5abde5eac91397ca322d1a6,resource-grid,transverse_field_ising,TFIM-72,"{""coupling"":1.0,""field"":3.0,""periodic"":false}",72,72.0,proportional,1.0,0.039810717055349734,287.0,143,trotter-p6,trotter,Trotter p=6,analytical,analytical,6.0,,,,,,3124.0,,,,,,,,,,,,,,,,,,,,,,,,,,,,,,commuting,2.0,0.03578195939701489,3315910.460456222,schubert-mendl-commutator,"Schubert and Mendl, arXiv:2306.10603",Theorem 1,"{""prefactor"":3315910.460456222}",True,implemented-product-formula,True,,"[""the resolved ordered Hamiltonian groups match the implemented formula""]",,,,,,,implemented-product-formula,True,True,0.03582964534981476,,,,,,,,,,,,,,,,,,,1.0,none,0.0,system register,1.0,72.0,16791500.0,0.0,-1.0,1695941500.0,16674077.0,analytical-model,0.003981071705534973,,,,,,,,,,,,0.1.0,3.11.9,2.5.0,b58b31db18364511c43757e27fffc7abce8df2c1,True,ok,,
1.0,transverse_field_ising:N072,-1.4,empirical,576.0,,,2.0,a8fa234e-a646-4911-8402-a67c302db4ae,2026-08-12T00:11:58.358108+00:00,c1ad72de628f71283ac69037e9bbe97c3e773952f5abde5eac91397ca322d1a6,resource-grid,transverse_field_ising,TFIM-72,"{""coupling"":1.0,""field"":3.0,""periodic"":false}",72,72.0,proportional,1.0,0.039810717055349734,287.0,143,trotter-p6-empirical,trotter,Trotter p=6 [empirical],empirical-operator-norm,empirical,6.0,,,,,,576.0,,,,,,,,,,,,,,,,,,,,,,,,,,,,,,commuting,2.0,0.00013562411157531695,0.4937923209,empirical-operator-norm,Repository empirical operator-norm calibration study v1 (2026-08-10),reviewed calibration opnorm-v1-tfim-open-trotter-p6; artifact docs/calibration_data/empirical_1d_v1_accepted.json,"{""prefactor"":0.4937923209}",False,implemented-product-formula,False,,"[""the resolved ordered Hamiltonian groups match the implemented formula"",""the fixed formal-order powers in time and segments apply"",""the reviewed affine size calibration extrapolates as flagged""]",,,,,,,implemented-product-formula,False,False,0.03582964534981476,,,,,,,,,,,,,,,,,,,1.0,none,0.0,system register,1.0,72.0,3096000.0,0.0,-1.0,291024000.0,3074350.0,analytical-model,0.003981071705534973,opnorm-v1-tfim-open-trotter-p6,transverse_field_ising,affine-aN-plus-b,0.4937923209,4.0,12.0,4.0,12.0,True,True,asymptotic-domain,0.1.0,3.11.9,2.5.0,b58b31db18364511c43757e27fffc7abce8df2c1,True,ok,,
1.0,transverse_field_ising:N072,-1.4,jacobi-anger,,,,2.0,a8fa234e-a646-4911-8402-a67c302db4ae,2026-08-12T00:11:58.358108+00:00,c1ad72de628f71283ac69037e9bbe97c3e773952f5abde5eac91397ca322d1a6,resource-grid,transverse_field_ising,TFIM-72,"{""coupling"":1.0,""field"":3.0,""periodic"":false}",72,72.0,proportional,1.0,0.039810717055349734,287.0,143,qsvt,qsvt,QSVT,jacobi-anger-rigorous,analytical,,,,,,,,,,,,,,,,,,,,,,,,,,,,,,,,,,,168519.0,28087.0,,,0.005141453924816519,,jacobi-anger-polynomial-oaa,"Martyn et al., arXiv:2105.02859, Eqs. (76)--(77)",Jacobi--Anger tails plus exact cubic OAA identity,"{""oaa-unitarity-defect-distortion"":0.0025756686258627173,""scaled-polynomial-error"":0.002565785298953802}",True,ideal-qsvt-oaa-good-block,True,,"[""the cosine and sine polynomials are implemented exactly"",""the unamplified good block is exactly Q/2""]",,,,,,,implemented-qsvt-floating-phase-circuit,False,False,0.03582964534981476,,,,,,,,,,,,,,,,,,,2.0,one robust OAA round,1.0,"component, quadrature, and index registers all-zero",,90.0,86281740.0,195819204.0,-1.0,10187986476.0,1296585942.0,analytical-model,0.003981071705534973,,,,,,,,,,,,0.1.0,3.11.9,2.5.0,b58b31db18364511c43757e27fffc7abce8df2c1,True,ok,,
1.0,transverse_field_ising:N072,-1.4,empirical,,7.0,90.0,2.0,a8fa234e-a646-4911-8402-a67c302db4ae,2026-08-12T00:11:58.358108+00:00,c1ad72de628f71283ac69037e9bbe97c3e773952f5abde5eac91397ca322d1a6,resource-grid,transverse_field_ising,TFIM-72,"{""coupling"":1.0,""field"":3.0,""periodic"":false}",72,72.0,proportional,1.0,0.039810717055349734,287.0,143,mpf-j-mizuta2026-theorem6-empirical-operator-norm,multiproduct,MPF J=Mizuta Theorem 6 (resolved per point) [empirical operator norm],empirical-operator-norm,empirical,,7.0,14.0,mizuta2026-theorem6,5.000000000000001,0.03582964534981476,90.0,,,,[],,,,,,,,,,,,,,,[],,,,,,,empirical-operator-norm,[],12420.0,,,,0.015405926658711037,0.004865141900000001,empirical-operator-norm,Repository empirical operator-norm calibration study v1 (2026-08-10),reviewed calibration opnorm-v1-tfim-open-mpf-new-m7; fixed formal powers,"{""empirical_coefficient"":0.004865141900000001}",False,ideal-mpf,False,ordered individual Pauli terms,"[""the fixed formal-order powers in time and segments apply"",""the empirical estimate concerns the repeated ideal MPF operator"",""the reviewed affine size calibration extrapolates as flagged""]",,0.0,0.0,False,False,{},repeated-shared-ancilla-good-block,False,False,0.03582964534981476,new,"[1,2,3,4,5,9,22]","[2.9953607852158573e-09,-2.9318124556219793e-05,0.003468573778195489,-0.04863485570038276,0.1308718708891307,-0.4341006887393225,1.3484244149015747]",1.965529725128523,0.034470274871476914,46.0,registered-exact,True,7.0,3.0,2.0,4.0,9.0,7.0,6.0,3.0,2.0,3.0,2.0,one robust OAA round per segment,90.0,branch register all-zero,,79.0,7087500.0,8190.0,-1.0,694607760.0,10652307.0,analytical-model,0.003981071705534973,opnorm-v1-tfim-open-mpf-new-m7,transverse_field_ising,affine-aN-plus-b,0.004865141900000001,4.0,12.0,4.0,12.0,True,True,asymptotic-domain,0.1.0,3.11.9,2.5.0,b58b31db18364511c43757e27fffc7abce8df2c1,True,ok,,
1.0,transverse_field_ising:N072,-1.4,commutator,,7.0,13666.0,2.0,a8fa234e-a646-4911-8402-a67c302db4ae,2026-08-12T00:11:58.358108+00:00,c1ad72de628f71283ac69037e9bbe97c3e773952f5abde5eac91397ca322d1a6,resource-grid,transverse_field_ising,TFIM-72,"{""coupling"":1.0,""field"":3.0,""periodic"":false}",72,72.0,proportional,1.0,0.039810717055349734,287.0,143,mpf-j-mizuta2026-theorem6-mizuta2026-commutator-ideal-rigorous,multiproduct,MPF J=Mizuta Theorem 6 (resolved per point) [Mizuta 2026 refined commutator],mizuta2026-commutator-ideal-rigorous,analytical,,7.0,14.0,mizuta2026-theorem6,5.000000000000001,0.03582964534981476,13666.0,13666.0,,10221.0,"[""error""]",35.48631012952002,14.0,,,2.5315449550882e-06,1.5576108903108839e-12,8.050452668037465e-20,1.557610809806357e-12,1.5576108903108839e-12,2.5315465126990906e-06,0.03581385828729612,2.222636980708212e-05,False,0.007044970274101063,"[1.0000000000000002,1.0000000000000002,1.0000000000000002,1.0000000000000002,1.0000000000000002,1.0000000000000002,1.0000000000000002,1.0000000000000002,1.0000000000000002,1.0000000000000002,1.0000000000000002,1.0000000000000002,1.0000000000000002,1.0000000000000002,1.0000000000000002,1.0000000000000002,1.0000000000000002,1.0000000000000002,1.0000000000000002,1.0000000000000002,1.0000000000000002,1.0000000000000002,1.0000000000000002,1.0000000000000002,1.0000000000000002,1.0000000000000002,1.0000000000000002,1.0000000000000002,1.0000000000000002,1.0000000000000002,1.0000000000000002,1.0000000000000002,1.0000000000000002,1.0000000000000002,1.0000000000000002,1.0000000000000002,1.0000000000000002,1.0000000000000002,1.0000000000000002,1.0000000000000002,1.0000000000000002,1.0000000000000002,1.0000000000000002,1.0000000000000002,1.0000000000000002,1.0000000000000002,1.0000000000000002,1.0000000000000002,1.0000000000000002,1.0000000000000002,1.0000000000000002,1.0000000000000002,1.0000000000000002,1.0000000000000002,1.0000000000000002,1.0000000000000002,1.0000000000000002,1.0000000000000002,1.0000000000000002,1.0000000000000002,1.0000000000000002,1.0000000000000002,1.0000000000000002,1.0000000000000002,1.0000000000000002,1.0000000000000002,1.0000000000000002,1.0000000000000002,1.0000000000000002,1.0000000000000002,1.0000000000000002,1.0000000000000002,1.0000000000000002,1.0000000000000002,1.0000000000000002,1.0000000000000002,1.0000000000000002,1.0000000000000002,1.0000000000000002,1.0000000000000002,1.0000000000000002,1.0000000000000002,1.0000000000000002,1.0000000000000002,1.0000000000000002,1.0000000000000002,1.0000000000000002,1.0000000000000002,1.0000000000000002,1.0000000000000002,1.0000000000000002,1.0000000000000002,1.0000000000000002,1.0000000000000002,1.0000000000000002,1.0000000000000002,1.0000000000000002,1.0000000000000002,1.0000000000000002,1.0000000000000002,1.0000000000000002,1.0000000000000002,1.0000000000000002,1.0000000000000002,1.0000000000000002,1.0000000000000002,1.0000000000000002,1.0000000000000002,1.0000000000000002,1.0000000000000002,1.0000000000000002,1.0000000000000002,1.0000000000000002,1.0000000000000002,1.0000000000000002,1.0000000000000002,1.0000000000000002,1.0000000000000002,1.0000000000000002,1.0000000000000002,1.0000000000000002,1.0000000000000002,1.0000000000000002,1.0000000000000002,1.0000000000000002,1.0000000000000002,1.0000000000000002,1.0000000000000002,1.0000000000000002,1.0000000000000002,1.0000000000000002,1.0000000000000002,1.0000000000000002,1.0000000000000002,1.0000000000000002,1.0000000000000002,1.0000000000000002,1.0000000000000002,1.0000000000000002,1.0000000000000002,1.0000000000000002,1.0000000000000002,1.0000000000000002]",5.0000000000000036,14.0,False,,not-used,commutator,mizuta2026-commutator-ideal-rigorous,[],1885908.0,,,,0.03581385828729612,3.7845952792281962e+28,mizuta2026-commutator-ideal-rigorous,"Mizuta, Quantum 10, 1974 (2026), arXiv:2507.06557v4","Theorem 4, Eqs. (47)--(49), with direct Lemmas 9--10 BCH remainder","{""error_predicate_satisfied"":1.0,""extensiveness_g"":5.000000000000001,""joint_predicate_satisfied"":1.0,""legacy_first_condition_passed"":0.0,""legacy_first_time_limit"":2.222636980708212e-05,""local_commutator_error"":2.5315449550882e-06,""local_step_error"":2.5315465126990906e-06,""local_truncated_bch_error"":1.5576108903108839e-12,""locality_k"":2.0,""mu_upper"":35.48631012952002,""refined_lemma10_remainder"":1.557610809806357e-12,""refined_lemma9_remainder"":8.050452668037465e-20,""refined_tail_fallback"":0.0,""repeated_global_error"":0.03581385828729612,""schedule_weighted_extensiveness"":5.0000000000000036,""second_time_limit"":0.007044970274101063,""time_2_predicate_satisfied"":1.0,""total_branchwise_bch_remainder"":1.5576108903108839e-12,""truncation_order_p0"":14.0}",True,ideal-mpf,True,ordered individual Pauli terms,"[""individual Pauli summands define the ordered H_gamma decomposition"",""the actual Strang factors define schedule-weighted g_alpha extensiveness"",""Lemma 9 and Lemma 10 positive majorants directly certify the BCH remainder"",""the scalar-flow/Cauchy refined tail certificate is used"",""Theorem 4 second time hypothesis is satisfied"",""the repeated ideal MPF is composed with the Eq. (15) telescoping argument""]",,14.0,14.0,True,False,"{""2"":1704.0000000000016,""3"":27216.00000000004,""4"":352992.0000000008,""5"":5638464.000000017,""6"":77007360.0000003,""7"":1230183936.0000057,""8"":17379351552.00009,""9"":277660099584.00165,""10"":4013367508992.027,""11"":64125048397824.48,""12"":941929898999815.6,""13"":1.5051227707441284e+16,""14"":2.2371433013969107e+17}",repeated-shared-ancilla-good-block,True,False,0.03582964534981476,new,"[1,2,3,4,5,9,22]","[2.9953607852158573e-09,-2.9318124556219793e-05,0.003468573778195489,-0.04863485570038276,0.1308718708891307,-0.4341006887393225,1.3484244149015747]",1.965529725128523,0.034470274871476914,46.0,registered-exact,True,7.0,3.0,2.0,4.0,9.0,7.0,6.0,3.0,2.0,3.0,2.0,one robust OAA round per segment,13666.0,branch register all-zero,,79.0,1076197500.0,1243606.0,-1.0,129148674424.0,1617493617.0,analytical-model,0.003981071705534973,,,,,,,,,,,,0.1.0,3.11.9,2.5.0,b58b31db18364511c43757e27fffc7abce8df2c1,True,ok,,
1.0,transverse_field_ising:N072,-1.5,commutator,114118.0,,,2.0,a8fa234e-a646-4911-8402-a67c302db4ae,2026-08-12T00:11:58.358108+00:00,c1ad72de628f71283ac69037e9bbe97c3e773952f5abde5eac91397ca322d1a6,resource-grid,transverse_field_ising,TFIM-72,"{""coupling"":1.0,""field"":3.0,""periodic"":false}",72,72.0,proportional,1.0,0.03162277660168379,287.0,143,trotter-p2,trotter,Trotter p=2,analytical,analytical,2.0,,,,,,114118.0,,,,,,,,,,,,,,,,,,,,,,,,,,,,,,individual,143.0,0.02846023188988656,993.0,childs-commutator,"Childs, Su, Tran, Wiebe, and Zhu, arXiv:1912.08854",Propositions 9--10,"{""prefactor"":993.0}",True,implemented-product-formula,True,,"[""the resolved ordered Hamiltonian groups match the implemented formula""]",,,,,,,implemented-product-formula,True,True,0.02846049894151541,,,,,,,,,,,,,,,,,,,1.0,none,0.0,system register,1.0,72.0,32523630.0,0.0,-1.0,3414981150.0,32296193.0,analytical-model,0.0031622776601683794,,,,,,,,,,,,0.1.0,3.11.9,2.5.0,b58b31db18364511c43757e27fffc7abce8df2c1,True,ok,,
1.0,transverse_field_ising:N072,-1.5,empirical,30037.0,,,2.0,a8fa234e-a646-4911-8402-a67c302db4ae,2026-08-12T00:11:58.358108+00:00,c1ad72de628f71283ac69037e9bbe97c3e773952f5abde5eac91397ca322d1a6,resource-grid,transverse_field_ising,TFIM-72,"{""coupling"":1.0,""field"":3.0,""periodic"":false}",72,72.0,proportional,1.0,0.03162277660168379,287.0,143,trotter-p2-empirical,trotter,Trotter p=2 [empirical],empirical-operator-norm,empirical,2.0,,,,,,30037.0,,,,,,,,,,,,,,,,,,,,,,,,,,,,,,individual,143.0,0.028459083258991397,68.7917766697,empirical-operator-norm,Repository empirical operator-norm calibration study v1 (2026-08-10),reviewed calibration opnorm-v1-tfim-open-trotter-p2; artifact docs/calibration_data/empirical_1d_v1_accepted.json,"{""prefactor"":68.7917766697}",False,implemented-product-formula,False,,"[""the resolved ordered Hamiltonian groups match the implemented formula"",""the fixed formal-order powers in time and segments apply"",""the reviewed affine size calibration extrapolates as flagged""]",,,,,,,implemented-product-formula,False,False,0.02846049894151541,,,,,,,,,,,,,,,,,,,1.0,none,0.0,system register,1.0,72.0,8560545.0,0.0,-1.0,847493955.0,8500682.0,analytical-model,0.0031622776601683794,opnorm-v1-tfim-open-trotter-p2,transverse_field_ising,affine-aN-plus-b,68.7917766697,4.0,12.0,4.0,12.0,True,True,formula,0.1.0,3.11.9,2.5.0,b58b31db18364511c43757e27fffc7abce8df2c1,True,ok,,
1.0,transverse_field_ising:N072,-1.5,commutator,5998.0,,,2.0,a8fa234e-a646-4911-8402-a67c302db4ae,2026-08-12T00:11:58.358108+00:00,c1ad72de628f71283ac69037e9bbe97c3e773952f5abde5eac91397ca322d1a6,resource-grid,transverse_field_ising,TFIM-72,"{""coupling"":1.0,""field"":3.0,""periodic"":false}",72,72.0,proportional,1.0,0.03162277660168379,287.0,143,trotter-p4,trotter,Trotter p=4,analytical,analytical,4.0,,,,,,5998.0,,,,,,,,,,,,,,,,,,,,,,,,,,,,,,commuting,2.0,0.02845371536430084,19032.785200508108,schubert-mendl-commutator,"Schubert and Mendl, arXiv:2306.10603",Theorem 1,"{""prefactor"":19032.785200508108}",True,implemented-product-formula,True,,"[""the resolved ordered Hamiltonian groups match the implemented formula""]",,,,,,,implemented-product-formula,True,True,0.02846049894151541,,,,,,,,,,,,,,,,,,,1.0,none,0.0,system register,1.0,72.0,6447850.0,0.0,-1.0,631889300.0,6402761.0,analytical-model,0.0031622776601683794,,,,,,,,,,,,0.1.0,3.11.9,2.5.0,b58b31db18364511c43757e27fffc7abce8df2c1,True,ok,,
1.0,transverse_field_ising:N072,-1.5,empirical,1198.0,,,2.0,a8fa234e-a646-4911-8402-a67c302db4ae,2026-08-12T00:11:58.358108+00:00,c1ad72de628f71283ac69037e9bbe97c3e773952f5abde5eac91397ca322d1a6,resource-grid,transverse_field_ising,TFIM-72,"{""coupling"":1.0,""field"":3.0,""periodic"":false}",72,72.0,proportional,1.0,0.03162277660168379,287.0,143,trotter-p4-empirical,trotter,Trotter p=4 [empirical],empirical-operator-norm,empirical,4.0,,,,,,1198.0,,,,,,,,,,,,,,,,,,,,,,,,,,,,,,commuting,2.0,0.028425081618632844,30.2598318541,empirical-operator-norm,Repository empirical operator-norm calibration study v1 (2026-08-10),reviewed calibration opnorm-v1-tfim-open-trotter-p4; artifact docs/calibration_data/empirical_1d_v1_accepted.json,"{""prefactor"":30.2598318541}",False,implemented-product-formula,False,,"[""the resolved ordered Hamiltonian groups match the implemented formula"",""the fixed formal-order powers in time and segments apply"",""the reviewed affine size calibration extrapolates as flagged""]",,,,,,,implemented-product-formula,False,False,0.02846049894151541,,,,,,,,,,,,,,,,,,,1.0,none,0.0,system register,1.0,72.0,1287850.0,0.0,-1.0,117194350.0,1278845.0,analytical-model,0.0031622776601683794,opnorm-v1-tfim-open-trotter-p4,transverse_field_ising,affine-aN-plus-b,30.2598318541,4.0,12.0,4.0,12.0,True,True,formula,0.1.0,3.11.9,2.5.0,b58b31db18364511c43757e27fffc7abce8df2c1,True,ok,,
1.0,transverse_field_ising:N072,-1.5,commutator,3246.0,,,2.0,a8fa234e-a646-4911-8402-a67c302db4ae,2026-08-12T00:11:58.358108+00:00,c1ad72de628f71283ac69037e9bbe97c3e773952f5abde5eac91397ca322d1a6,resource-grid,transverse_field_ising,TFIM-72,"{""coupling"":1.0,""field"":3.0,""periodic"":false}",72,72.0,proportional,1.0,0.03162277660168379,287.0,143,trotter-p6,trotter,Trotter p=6,analytical,analytical,6.0,,,,,,3246.0,,,,,,,,,,,,,,,,,,,,,,,,,,,,,,commuting,2.0,0.02843407972994602,3315910.460456222,schubert-mendl-commutator,"Schubert and Mendl, arXiv:2306.10603",Theorem 1,"{""prefactor"":3315910.460456222}",True,implemented-product-formula,True,,"[""the resolved ordered Hamiltonian groups match the implemented formula""]",,,,,,,implemented-product-formula,True,True,0.02846049894151541,,,,,,,,,,,,,,,,,,,1.0,none,0.0,system register,1.0,72.0,17447250.0,0.0,-1.0,1797066750.0,17325242.0,analytical-model,0.0031622776601683794,,,,,,,,,,,,0.1.0,3.11.9,2.5.0,b58b31db18364511c43757e27fffc7abce8df2c1,True,ok,,
1.0,transverse_field_ising:N072,-1.5,empirical,576.0,,,2.0,a8fa234e-a646-4911-8402-a67c302db4ae,2026-08-12T00:11:58.358108+00:00,c1ad72de628f71283ac69037e9bbe97c3e773952f5abde5eac91397ca322d1a6,resource-grid,transverse_field_ising,TFIM-72,"{""coupling"":1.0,""field"":3.0,""periodic"":false}",72,72.0,proportional,1.0,0.03162277660168379,287.0,143,trotter-p6-empirical,trotter,Trotter p=6 [empirical],empirical-operator-norm,empirical,6.0,,,,,,576.0,,,,,,,,,,,,,,,,,,,,,,,,,,,,,,commuting,2.0,0.00013562411157531695,0.4937923209,empirical-operator-norm,Repository empirical operator-norm calibration study v1 (2026-08-10),reviewed calibration opnorm-v1-tfim-open-trotter-p6; artifact docs/calibration_data/empirical_1d_v1_accepted.json,"{""prefactor"":0.4937923209}",False,implemented-product-formula,False,,"[""the resolved ordered Hamiltonian groups match the implemented formula"",""the fixed formal-order powers in time and segments apply"",""the reviewed affine size calibration extrapolates as flagged""]",,,,,,,implemented-product-formula,False,False,0.02846049894151541,,,,,,,,,,,,,,,,,,,1.0,none,0.0,system register,1.0,72.0,3096000.0,0.0,-1.0,294120000.0,3074350.0,analytical-model,0.0031622776601683794,opnorm-v1-tfim-open-trotter-p6,transverse_field_ising,affine-aN-plus-b,0.4937923209,4.0,12.0,4.0,12.0,True,True,asymptotic-domain,0.1.0,3.11.9,2.5.0,b58b31db18364511c43757e27fffc7abce8df2c1,True,ok,,
1.0,transverse_field_ising:N072,-1.5,jacobi-anger,,,,2.0,a8fa234e-a646-4911-8402-a67c302db4ae,2026-08-12T00:11:58.358108+00:00,c1ad72de628f71283ac69037e9bbe97c3e773952f5abde5eac91397ca322d1a6,resource-grid,transverse_field_ising,TFIM-72,"{""coupling"":1.0,""field"":3.0,""periodic"":false}",72,72.0,proportional,1.0,0.03162277660168379,287.0,143,qsvt,qsvt,QSVT,jacobi-anger-rigorous,analytical,,,,,,,,,,,,,,,,,,,,,,,,,,,,,,,,,,,168519.0,28087.0,,,0.004320230060298507,,jacobi-anger-polynomial-oaa,"Martyn et al., arXiv:2105.02859, Eqs. (76)--(77)",Jacobi--Anger tails plus exact cubic OAA identity,"{""oaa-unitarity-defect-distortion"":0.0021636058089005736,""scaled-polynomial-error"":0.0021566242513979335}",True,ideal-qsvt-oaa-good-block,True,,"[""the cosine and sine polynomials are implemented exactly"",""the unamplified good block is exactly Q/2""]",,,,,,,implemented-qsvt-floating-phase-circuit,False,False,0.02846049894151541,,,,,,,,,,,,,,,,,,,2.0,one robust OAA round,1.0,"component, quadrature, and index registers all-zero",,90.0,86281740.0,195819204.0,-1.0,10274268216.0,1296585942.0,analytical-model,0.0031622776601683794,,,,,,,,,,,,0.1.0,3.11.9,2.5.0,b58b31db18364511c43757e27fffc7abce8df2c1,True,ok,,
1.0,transverse_field_ising:N072,-1.5,empirical,,7.0,90.0,2.0,a8fa234e-a646-4911-8402-a67c302db4ae,2026-08-12T00:11:58.358108+00:00,c1ad72de628f71283ac69037e9bbe97c3e773952f5abde5eac91397ca322d1a6,resource-grid,transverse_field_ising,TFIM-72,"{""coupling"":1.0,""field"":3.0,""periodic"":false}",72,72.0,proportional,1.0,0.03162277660168379,287.0,143,mpf-j-mizuta2026-theorem6-empirical-operator-norm,multiproduct,MPF J=Mizuta Theorem 6 (resolved per point) [empirical operator norm],empirical-operator-norm,empirical,,7.0,14.0,mizuta2026-theorem6,5.000000000000001,0.02846049894151541,90.0,,,,[],,,,,,,,,,,,,,,[],,,,,,,empirical-operator-norm,[],12420.0,,,,0.015405926658711037,0.004865141900000001,empirical-operator-norm,Repository empirical operator-norm calibration study v1 (2026-08-10),reviewed calibration opnorm-v1-tfim-open-mpf-new-m7; fixed formal powers,"{""empirical_coefficient"":0.004865141900000001}",False,ideal-mpf,False,ordered individual Pauli terms,"[""the fixed formal-order powers in time and segments apply"",""the empirical estimate concerns the repeated ideal MPF operator"",""the reviewed affine size calibration extrapolates as flagged""]",,0.0,0.0,False,False,{},repeated-shared-ancilla-good-block,False,False,0.02846049894151541,new,"[1,2,3,4,5,9,22]","[2.9953607852158573e-09,-2.9318124556219793e-05,0.003468573778195489,-0.04863485570038276,0.1308718708891307,-0.4341006887393225,1.3484244149015747]",1.965529725128523,0.034470274871476914,46.0,registered-exact,True,7.0,3.0,2.0,4.0,9.0,7.0,6.0,3.0,2.0,3.0,2.0,one robust OAA round per segment,90.0,branch register all-zero,,79.0,7087500.0,8190.0,-1.0,701695260.0,10652307.0,analytical-model,0.0031622776601683794,opnorm-v1-tfim-open-mpf-new-m7,transverse_field_ising,affine-aN-plus-b,0.004865141900000001,4.0,12.0,4.0,12.0,True,True,asymptotic-domain,0.1.0,3.11.9,2.5.0,b58b31db18364511c43757e27fffc7abce8df2c1,True,ok,,
1.0,transverse_field_ising:N072,-1.5,commutator,,7.0,13886.0,2.0,a8fa234e-a646-4911-8402-a67c302db4ae,2026-08-12T00:11:58.358108+00:00,c1ad72de628f71283ac69037e9bbe97c3e773952f5abde5eac91397ca322d1a6,resource-grid,transverse_field_ising,TFIM-72,"{""coupling"":1.0,""field"":3.0,""periodic"":false}",72,72.0,proportional,1.0,0.03162277660168379,287.0,143,mpf-j-mizuta2026-theorem6-mizuta2026-commutator-ideal-rigorous,multiproduct,MPF J=Mizuta Theorem 6 (resolved per point) [Mizuta 2026 refined commutator],mizuta2026-commutator-ideal-rigorous,analytical,,7.0,14.0,mizuta2026-theorem6,5.000000000000001,0.02846049894151541,13886.0,13886.0,,10221.0,"[""error""]",35.48631012952002,14.0,,,1.992275874849465e-06,1.2138921820816605e-12,6.471298003593274e-20,1.2138921173686803e-12,1.2138921820816605e-12,1.9922770887416475e-06,0.028440725897035373,2.222636980708212e-05,False,0.007044970274101063,"[1.0000000000000002,1.0000000000000002,1.0000000000000002,1.0000000000000002,1.0000000000000002,1.0000000000000002,1.0000000000000002,1.0000000000000002,1.0000000000000002,1.0000000000000002,1.0000000000000002,1.0000000000000002,1.0000000000000002,1.0000000000000002,1.0000000000000002,1.0000000000000002,1.0000000000000002,1.0000000000000002,1.0000000000000002,1.0000000000000002,1.0000000000000002,1.0000000000000002,1.0000000000000002,1.0000000000000002,1.0000000000000002,1.0000000000000002,1.0000000000000002,1.0000000000000002,1.0000000000000002,1.0000000000000002,1.0000000000000002,1.0000000000000002,1.0000000000000002,1.0000000000000002,1.0000000000000002,1.0000000000000002,1.0000000000000002,1.0000000000000002,1.0000000000000002,1.0000000000000002,1.0000000000000002,1.0000000000000002,1.0000000000000002,1.0000000000000002,1.0000000000000002,1.0000000000000002,1.0000000000000002,1.0000000000000002,1.0000000000000002,1.0000000000000002,1.0000000000000002,1.0000000000000002,1.0000000000000002,1.0000000000000002,1.0000000000000002,1.0000000000000002,1.0000000000000002,1.0000000000000002,1.0000000000000002,1.0000000000000002,1.0000000000000002,1.0000000000000002,1.0000000000000002,1.0000000000000002,1.0000000000000002,1.0000000000000002,1.0000000000000002,1.0000000000000002,1.0000000000000002,1.0000000000000002,1.0000000000000002,1.0000000000000002,1.0000000000000002,1.0000000000000002,1.0000000000000002,1.0000000000000002,1.0000000000000002,1.0000000000000002,1.0000000000000002,1.0000000000000002,1.0000000000000002,1.0000000000000002,1.0000000000000002,1.0000000000000002,1.0000000000000002,1.0000000000000002,1.0000000000000002,1.0000000000000002,1.0000000000000002,1.0000000000000002,1.0000000000000002,1.0000000000000002,1.0000000000000002,1.0000000000000002,1.0000000000000002,1.0000000000000002,1.0000000000000002,1.0000000000000002,1.0000000000000002,1.0000000000000002,1.0000000000000002,1.0000000000000002,1.0000000000000002,1.0000000000000002,1.0000000000000002,1.0000000000000002,1.0000000000000002,1.0000000000000002,1.0000000000000002,1.0000000000000002,1.0000000000000002,1.0000000000000002,1.0000000000000002,1.0000000000000002,1.0000000000000002,1.0000000000000002,1.0000000000000002,1.0000000000000002,1.0000000000000002,1.0000000000000002,1.0000000000000002,1.0000000000000002,1.0000000000000002,1.0000000000000002,1.0000000000000002,1.0000000000000002,1.0000000000000002,1.0000000000000002,1.0000000000000002,1.0000000000000002,1.0000000000000002,1.0000000000000002,1.0000000000000002,1.0000000000000002,1.0000000000000002,1.0000000000000002,1.0000000000000002,1.0000000000000002,1.0000000000000002,1.0000000000000002,1.0000000000000002,1.0000000000000002,1.0000000000000002]",5.0000000000000036,14.0,False,,not-used,commutator,mizuta2026-commutator-ideal-rigorous,[],1916268.0,,,,0.028440725897035373,3.7845952792281962e+28,mizuta2026-commutator-ideal-rigorous,"Mizuta, Quantum 10, 1974 (2026), arXiv:2507.06557v4","Theorem 4, Eqs. (47)--(49), with direct Lemmas 9--10 BCH remainder","{""error_predicate_satisfied"":1.0,""extensiveness_g"":5.000000000000001,""joint_predicate_satisfied"":1.0,""legacy_first_condition_passed"":0.0,""legacy_first_time_limit"":2.222636980708212e-05,""local_commutator_error"":1.992275874849465e-06,""local_step_error"":1.9922770887416475e-06,""local_truncated_bch_error"":1.2138921820816605e-12,""locality_k"":2.0,""mu_upper"":35.48631012952002,""refined_lemma10_remainder"":1.2138921173686803e-12,""refined_lemma9_remainder"":6.471298003593274e-20,""refined_tail_fallback"":0.0,""repeated_global_error"":0.028440725897035373,""schedule_weighted_extensiveness"":5.0000000000000036,""second_time_limit"":0.007044970274101063,""time_2_predicate_satisfied"":1.0,""total_branchwise_bch_remainder"":1.2138921820816605e-12,""truncation_order_p0"":14.0}",True,ideal-mpf,True,ordered individual Pauli terms,"[""individual Pauli summands define the ordered H_gamma decomposition"",""the actual Strang factors define schedule-weighted g_alpha extensiveness"",""Lemma 9 and Lemma 10 positive majorants directly certify the BCH remainder"",""the scalar-flow/Cauchy refined tail certificate is used"",""Theorem 4 second time hypothesis is satisfied"",""the repeated ideal MPF is composed with the Eq. (15) telescoping argument""]",,14.0,14.0,True,False,"{""2"":1704.0000000000016,""3"":27216.00000000004,""4"":352992.0000000008,""5"":5638464.000000017,""6"":77007360.0000003,""7"":1230183936.0000057,""8"":17379351552.00009,""9"":277660099584.00165,""10"":4013367508992.027,""11"":64125048397824.48,""12"":941929898999815.6,""13"":1.5051227707441284e+16,""14"":2.2371433013969107e+17}",repeated-shared-ancilla-good-block,True,False,0.02846049894151541,new,"[1,2,3,4,5,9,22]","[2.9953607852158573e-09,-2.9318124556219793e-05,0.003468573778195489,-0.04863485570038276,0.1308718708891307,-0.4341006887393225,1.3484244149015747]",1.965529725128523,0.034470274871476914,46.0,registered-exact,True,7.0,3.0,2.0,4.0,9.0,7.0,6.0,3.0,2.0,3.0,2.0,one robust OAA round per segment,13886.0,branch register all-zero,,79.0,1093522500.0,1263626.0,-1.0,132321277004.0,1643532589.0,analytical-model,0.0031622776601683794,,,,,,,,,,,,0.1.0,3.11.9,2.5.0,b58b31db18364511c43757e27fffc7abce8df2c1,True,ok,,
1.0,transverse_field_ising:N072,-1.6,commutator,128042.0,,,2.0,a8fa234e-a646-4911-8402-a67c302db4ae,2026-08-12T00:11:58.358108+00:00,c1ad72de628f71283ac69037e9bbe97c3e773952f5abde5eac91397ca322d1a6,resource-grid,transverse_field_ising,TFIM-72,"{""coupling"":1.0,""field"":3.0,""periodic"":false}",72,72.0,proportional,1.0,0.025118864315095794,287.0,143,trotter-p2,trotter,Trotter p=2,analytical,analytical,2.0,,,,,,128042.0,,,,,,,,,,,,,,,,,,,,,,,,,,,,,,individual,143.0,0.02260694300965044,993.0,childs-commutator,"Childs, Su, Tran, Wiebe, and Zhu, arXiv:1912.08854",Propositions 9--10,"{""prefactor"":993.0}",True,implemented-product-formula,True,,"[""the resolved ordered Hamiltonian groups match the implemented formula""]",,,,,,,implemented-product-formula,True,True,0.022606977883586215,,,,,,,,,,,,,,,,,,,1.0,none,0.0,system register,1.0,72.0,36491970.0,0.0,-1.0,3904640790.0,36236782.0,analytical-model,0.0025118864315095794,,,,,,,,,,,,0.1.0,3.11.9,2.5.0,b58b31db18364511c43757e27fffc7abce8df2c1,True,ok,,
1.0,transverse_field_ising:N072,-1.6,empirical,33702.0,,,2.0,a8fa234e-a646-4911-8402-a67c302db4ae,2026-08-12T00:11:58.358108+00:00,c1ad72de628f71283ac69037e9bbe97c3e773952f5abde5eac91397ca322d1a6,resource-grid,transverse_field_ising,TFIM-72,"{""coupling"":1.0,""field"":3.0,""periodic"":false}",72,72.0,proportional,1.0,0.025118864315095794,287.0,143,trotter-p2-empirical,trotter,Trotter p=2 [empirical],empirical-operator-norm,empirical,2.0,,,,,,33702.0,,,,,,,,,,,,,,,,,,,,,,,,,,,,,,individual,143.0,0.022605945008410108,68.7917766697,empirical-operator-norm,Repository empirical operator-norm calibration study v1 (2026-08-10),reviewed calibration opnorm-v1-tfim-open-trotter-p2; artifact docs/calibration_data/empirical_1d_v1_accepted.json,"{""prefactor"":68.7917766697}",False,implemented-product-formula,False,,"[""the resolved ordered Hamiltonian groups match the implemented formula"",""the fixed formal-order powers in time and segments apply"",""the reviewed affine size calibration extrapolates as flagged""]",,,,,,,implemented-product-formula,False,False,0.022606977883586215,,,,,,,,,,,,,,,,,,,1.0,none,0.0,system register,1.0,72.0,9605070.0,0.0,-1.0,970112070.0,9537902.0,analytical-model,0.0025118864315095794,opnorm-v1-tfim-open-trotter-p2,transverse_field_ising,affine-aN-plus-b,68.7917766697,4.0,12.0,4.0,12.0,True,True,formula,0.1.0,3.11.9,2.5.0,b58b31db18364511c43757e27fffc7abce8df2c1,True,ok,,
1.0,transverse_field_ising:N072,-1.6,commutator,6354.0,,,2.0,a8fa234e-a646-4911-8402-a67c302db4ae,2026-08-12T00:11:58.358108+00:00,c1ad72de628f71283ac69037e9bbe97c3e773952f5abde5eac91397ca322d1a6,resource-grid,transverse_field_ising,TFIM-72,"{""coupling"":1.0,""field"":3.0,""periodic"":false}",72,72.0,proportional,1.0,0.025118864315095794,287.0,143,trotter-p4,trotter,Trotter p=4,analytical,analytical,4.0,,,,,,6354.0,,,,,,,,,,,,,,,,,,,,,,,,,,,,,,commuting,2.0,0.0225931084228538,19032.785200508108,schubert-mendl-commutator,"Schubert and Mendl, arXiv:2306.10603",Theorem 1,"{""prefactor"":19032.785200508108}",True,implemented-product-formula,True,,"[""the resolved ordered Hamiltonian groups match the implemented formula""]",,,,,,,implemented-product-formula,True,True,0.022606977883586215,,,,,,,,,,,,,,,,,,,1.0,none,0.0,system register,1.0,72.0,6830550.0,0.0,-1.0,676224450.0,6782784.0,analytical-model,0.0025118864315095794,,,,,,,,,,,,0.1.0,3.11.9,2.5.0,b58b31db18364511c43757e27fffc7abce8df2c1,True,ok,,
1.0,transverse_field_ising:N072,-1.6,empirical,1269.0,,,2.0,a8fa234e-a646-4911-8402-a67c302db4ae,2026-08-12T00:11:58.358108+00:00,c1ad72de628f71283ac69037e9bbe97c3e773952f5abde5eac91397ca322d1a6,resource-grid,transverse_field_ising,TFIM-72,"{""coupling"":1.0,""field"":3.0,""periodic"":false}",72,72.0,proportional,1.0,0.025118864315095794,287.0,143,trotter-p4-empirical,trotter,Trotter p=4 [empirical],empirical-operator-norm,empirical,4.0,,,,,,1269.0,,,,,,,,,,,,,,,,,,,,,,,,,,,,,,commuting,2.0,0.02257784588321226,30.2598318541,empirical-operator-norm,Repository empirical operator-norm calibration study v1 (2026-08-10),reviewed calibration opnorm-v1-tfim-open-trotter-p4; artifact docs/calibration_data/empirical_1d_v1_accepted.json,"{""prefactor"":30.2598318541}",False,implemented-product-formula,False,,"[""the resolved ordered Hamiltonian groups match the implemented formula"",""the fixed formal-order powers in time and segments apply"",""the reviewed affine size calibration extrapolates as flagged""]",,,,,,,implemented-product-formula,False,False,0.022606977883586215,,,,,,,,,,,,,,,,,,,1.0,none,0.0,system register,1.0,72.0,1364175.0,0.0,-1.0,125504100.0,1354636.0,analytical-model,0.0025118864315095794,opnorm-v1-tfim-open-trotter-p4,transverse_field_ising,affine-aN-plus-b,30.2598318541,4.0,12.0,4.0,12.0,True,True,formula,0.1.0,3.11.9,2.5.0,b58b31db18364511c43757e27fffc7abce8df2c1,True,ok,,
1.0,transverse_field_ising:N072,-1.6,commutator,3373.0,,,2.0,a8fa234e-a646-4911-8402-a67c302db4ae,2026-08-12T00:11:58.358108+00:00,c1ad72de628f71283ac69037e9bbe97c3e773952f5abde5eac91397ca322d1a6,resource-grid,transverse_field_ising,TFIM-72,"{""coupling"":1.0,""field"":3.0,""periodic"":false}",72,72.0,proportional,1.0,0.025118864315095794,287.0,143,trotter-p6,trotter,Trotter p=6,analytical,analytical,6.0,,,,,,3373.0,,,,,,,,,,,,,,,,,,,,,,,,,,,,,,commuting,2.0,0.022585630699806073,3315910.460456222,schubert-mendl-commutator,"Schubert and Mendl, arXiv:2306.10603",Theorem 1,"{""prefactor"":3315910.460456222}",True,implemented-product-formula,True,,"[""the resolved ordered Hamiltonian groups match the implemented formula""]",,,,,,,implemented-product-formula,True,True,0.022606977883586215,,,,,,,,,,,,,,,,,,,1.0,none,0.0,system register,1.0,72.0,18129875.0,0.0,-1.0,1885507000.0,18003093.0,analytical-model,0.0025118864315095794,,,,,,,,,,,,0.1.0,3.11.9,2.5.0,b58b31db18364511c43757e27fffc7abce8df2c1,True,ok,,
1.0,transverse_field_ising:N072,-1.6,empirical,576.0,,,2.0,a8fa234e-a646-4911-8402-a67c302db4ae,2026-08-12T00:11:58.358108+00:00,c1ad72de628f71283ac69037e9bbe97c3e773952f5abde5eac91397ca322d1a6,resource-grid,transverse_field_ising,TFIM-72,"{""coupling"":1.0,""field"":3.0,""periodic"":false}",72,72.0,proportional,1.0,0.025118864315095794,287.0,143,trotter-p6-empirical,trotter,Trotter p=6 [empirical],empirical-operator-norm,empirical,6.0,,,,,,576.0,,,,,,,,,,,,,,,,,,,,,,,,,,,,,,commuting,2.0,0.00013562411157531695,0.4937923209,empirical-operator-norm,Repository empirical operator-norm calibration study v1 (2026-08-10),reviewed calibration opnorm-v1-tfim-open-trotter-p6; artifact docs/calibration_data/empirical_1d_v1_accepted.json,"{""prefactor"":0.4937923209}",False,implemented-product-formula,False,,"[""the resolved ordered Hamiltonian groups match the implemented formula"",""the fixed formal-order powers in time and segments apply"",""the reviewed affine size calibration extrapolates as flagged""]",,,,,,,implemented-product-formula,False,False,0.022606977883586215,,,,,,,,,,,,,,,,,,,1.0,none,0.0,system register,1.0,72.0,3096000.0,0.0,-1.0,297216000.0,3074350.0,analytical-model,0.0025118864315095794,opnorm-v1-tfim-open-trotter-p6,transverse_field_ising,affine-aN-plus-b,0.4937923209,4.0,12.0,4.0,12.0,True,True,asymptotic-domain,0.1.0,3.11.9,2.5.0,b58b31db18364511c43757e27fffc7abce8df2c1,True,ok,,
1.0,transverse_field_ising:N072,-1.6,jacobi-anger,,,,2.0,a8fa234e-a646-4911-8402-a67c302db4ae,2026-08-12T00:11:58.358108+00:00,c1ad72de628f71283ac69037e9bbe97c3e773952f5abde5eac91397ca322d1a6,resource-grid,transverse_field_ising,TFIM-72,"{""coupling"":1.0,""field"":3.0,""periodic"":false}",72,72.0,proportional,1.0,0.025118864315095794,287.0,143,qsvt,qsvt,QSVT,jacobi-anger-rigorous,analytical,,,,,,,,,,,,,,,,,,,,,,,,,,,,,,,,,,,168519.0,28087.0,,,0.003668267456109053,,jacobi-anger-polynomial-oaa,"Martyn et al., arXiv:2105.02859, Eqs. (76)--(77)",Jacobi--Anger tails plus exact cubic OAA identity,"{""oaa-unitarity-defect-distortion"":0.0018366513773339474,""scaled-polynomial-error"":0.0018316160787751057}",True,ideal-qsvt-oaa-good-block,True,,"[""the cosine and sine polynomials are implemented exactly"",""the unamplified good block is exactly Q/2""]",,,,,,,implemented-qsvt-floating-phase-circuit,False,False,0.022606977883586215,,,,,,,,,,,,,,,,,,,2.0,one robust OAA round,1.0,"component, quadrature, and index registers all-zero",,90.0,86281740.0,195819204.0,-1.0,10360549956.0,1296585942.0,analytical-model,0.0025118864315095794,,,,,,,,,,,,0.1.0,3.11.9,2.5.0,b58b31db18364511c43757e27fffc7abce8df2c1,True,ok,,
1.0,transverse_field_ising:N072,-1.6,empirical,,7.0,90.0,2.0,a8fa234e-a646-4911-8402-a67c302db4ae,2026-08-12T00:11:58.358108+00:00,c1ad72de628f71283ac69037e9bbe97c3e773952f5abde5eac91397ca322d1a6,resource-grid,transverse_field_ising,TFIM-72,"{""coupling"":1.0,""field"":3.0,""periodic"":false}",72,72.0,proportional,1.0,0.025118864315095794,287.0,143,mpf-j-mizuta2026-theorem6-empirical-operator-norm,multiproduct,MPF J=Mizuta Theorem 6 (resolved per point) [empirical operator norm],empirical-operator-norm,empirical,,7.0,14.0,mizuta2026-theorem6,5.000000000000001,0.022606977883586215,90.0,,,,[],,,,,,,,,,,,,,,[],,,,,,,empirical-operator-norm,[],12420.0,,,,0.015405926658711037,0.004865141900000001,empirical-operator-norm,Repository empirical operator-norm calibration study v1 (2026-08-10),reviewed calibration opnorm-v1-tfim-open-mpf-new-m7; fixed formal powers,"{""empirical_coefficient"":0.004865141900000001}",False,ideal-mpf,False,ordered individual Pauli terms,"[""the fixed formal-order powers in time and segments apply"",""the empirical estimate concerns the repeated ideal MPF operator"",""the reviewed affine size calibration extrapolates as flagged""]",,0.0,0.0,False,False,{},repeated-shared-ancilla-good-block,False,False,0.022606977883586215,new,"[1,2,3,4,5,9,22]","[2.9953607852158573e-09,-2.9318124556219793e-05,0.003468573778195489,-0.04863485570038276,0.1308718708891307,-0.4341006887393225,1.3484244149015747]",1.965529725128523,0.034470274871476914,46.0,registered-exact,True,7.0,3.0,2.0,4.0,9.0,7.0,6.0,3.0,2.0,3.0,2.0,one robust OAA round per segment,90.0,branch register all-zero,,79.0,7087500.0,8190.0,-1.0,708782760.0,10652307.0,analytical-model,0.0025118864315095794,opnorm-v1-tfim-open-mpf-new-m7,transverse_field_ising,affine-aN-plus-b,0.004865141900000001,4.0,12.0,4.0,12.0,True,True,asymptotic-domain,0.1.0,3.11.9,2.5.0,b58b31db18364511c43757e27fffc7abce8df2c1,True,ok,,
1.0,transverse_field_ising:N072,-1.6,commutator,,7.0,14110.0,2.0,a8fa234e-a646-4911-8402-a67c302db4ae,2026-08-12T00:11:58.358108+00:00,c1ad72de628f71283ac69037e9bbe97c3e773952f5abde5eac91397ca322d1a6,resource-grid,transverse_field_ising,TFIM-72,"{""coupling"":1.0,""field"":3.0,""periodic"":false}",72,72.0,proportional,1.0,0.025118864315095794,287.0,143,mpf-j-mizuta2026-theorem6-mizuta2026-commutator-ideal-rigorous,multiproduct,MPF J=Mizuta Theorem 6 (resolved per point) [Mizuta 2026 refined commutator],mizuta2026-commutator-ideal-rigorous,analytical,,7.0,14.0,mizuta2026-theorem6,5.000000000000001,0.022606977883586215,14110.0,14110.0,,10221.0,"[""error""]",35.48631012952002,14.0,,,1.5671179440434167e-06,9.457922330188492e-13,7.285644412310928e-22,9.457922322902847e-13,9.457922330188492e-13,1.56711888983565e-06,0.022606400190105184,2.222636980708212e-05,False,0.007044970274101063,"[1.0000000000000002,1.0000000000000002,1.0000000000000002,1.0000000000000002,1.0000000000000002,1.0000000000000002,1.0000000000000002,1.0000000000000002,1.0000000000000002,1.0000000000000002,1.0000000000000002,1.0000000000000002,1.0000000000000002,1.0000000000000002,1.0000000000000002,1.0000000000000002,1.0000000000000002,1.0000000000000002,1.0000000000000002,1.0000000000000002,1.0000000000000002,1.0000000000000002,1.0000000000000002,1.0000000000000002,1.0000000000000002,1.0000000000000002,1.0000000000000002,1.0000000000000002,1.0000000000000002,1.0000000000000002,1.0000000000000002,1.0000000000000002,1.0000000000000002,1.0000000000000002,1.0000000000000002,1.0000000000000002,1.0000000000000002,1.0000000000000002,1.0000000000000002,1.0000000000000002,1.0000000000000002,1.0000000000000002,1.0000000000000002,1.0000000000000002,1.0000000000000002,1.0000000000000002,1.0000000000000002,1.0000000000000002,1.0000000000000002,1.0000000000000002,1.0000000000000002,1.0000000000000002,1.0000000000000002,1.0000000000000002,1.0000000000000002,1.0000000000000002,1.0000000000000002,1.0000000000000002,1.0000000000000002,1.0000000000000002,1.0000000000000002,1.0000000000000002,1.0000000000000002,1.0000000000000002,1.0000000000000002,1.0000000000000002,1.0000000000000002,1.0000000000000002,1.0000000000000002,1.0000000000000002,1.0000000000000002,1.0000000000000002,1.0000000000000002,1.0000000000000002,1.0000000000000002,1.0000000000000002,1.0000000000000002,1.0000000000000002,1.0000000000000002,1.0000000000000002,1.0000000000000002,1.0000000000000002,1.0000000000000002,1.0000000000000002,1.0000000000000002,1.0000000000000002,1.0000000000000002,1.0000000000000002,1.0000000000000002,1.0000000000000002,1.0000000000000002,1.0000000000000002,1.0000000000000002,1.0000000000000002,1.0000000000000002,1.0000000000000002,1.0000000000000002,1.0000000000000002,1.0000000000000002,1.0000000000000002,1.0000000000000002,1.0000000000000002,1.0000000000000002,1.0000000000000002,1.0000000000000002,1.0000000000000002,1.0000000000000002,1.0000000000000002,1.0000000000000002,1.0000000000000002,1.0000000000000002,1.0000000000000002,1.0000000000000002,1.0000000000000002,1.0000000000000002,1.0000000000000002,1.0000000000000002,1.0000000000000002,1.0000000000000002,1.0000000000000002,1.0000000000000002,1.0000000000000002,1.0000000000000002,1.0000000000000002,1.0000000000000002,1.0000000000000002,1.0000000000000002,1.0000000000000002,1.0000000000000002,1.0000000000000002,1.0000000000000002,1.0000000000000002,1.0000000000000002,1.0000000000000002,1.0000000000000002,1.0000000000000002,1.0000000000000002,1.0000000000000002,1.0000000000000002,1.0000000000000002,1.0000000000000002,1.0000000000000002,1.0000000000000002]",5.0000000000000036,14.0,False,,not-used,commutator,mizuta2026-commutator-ideal-rigorous,[],1947180.0,,,,0.022606400190105184,3.7845952792281962e+28,mizuta2026-commutator-ideal-rigorous,"Mizuta, Quantum 10, 1974 (2026), arXiv:2507.06557v4","Theorem 4, Eqs. (47)--(49), with direct Lemmas 9--10 BCH remainder","{""error_predicate_satisfied"":1.0,""extensiveness_g"":5.000000000000001,""joint_predicate_satisfied"":1.0,""legacy_first_condition_passed"":0.0,""legacy_first_time_limit"":2.222636980708212e-05,""local_commutator_error"":1.5671179440434167e-06,""local_step_error"":1.56711888983565e-06,""local_truncated_bch_error"":9.457922330188492e-13,""locality_k"":2.0,""mu_upper"":35.48631012952002,""refined_lemma10_remainder"":9.457922322902847e-13,""refined_lemma9_remainder"":7.285644412310928e-22,""refined_tail_fallback"":0.0,""repeated_global_error"":0.022606400190105184,""schedule_weighted_extensiveness"":5.0000000000000036,""second_time_limit"":0.007044970274101063,""time_2_predicate_satisfied"":1.0,""total_branchwise_bch_remainder"":9.457922330188492e-13,""truncation_order_p0"":14.0}",True,ideal-mpf,True,ordered individual Pauli terms,"[""individual Pauli summands define the ordered H_gamma decomposition"",""the actual Strang factors define schedule-weighted g_alpha extensiveness"",""Lemma 9 and Lemma 10 positive majorants directly certify the BCH remainder"",""the scalar-flow/Cauchy refined tail certificate is used"",""Theorem 4 second time hypothesis is satisfied"",""the repeated ideal MPF is composed with the Eq. (15) telescoping argument""]",,14.0,14.0,True,False,"{""2"":1704.0000000000016,""3"":27216.00000000004,""4"":352992.0000000008,""5"":5638464.000000017,""6"":77007360.0000003,""7"":1230183936.0000057,""8"":17379351552.00009,""9"":277660099584.00165,""10"":4013367508992.027,""11"":64125048397824.48,""12"":941929898999815.6,""13"":1.5051227707441284e+16,""14"":2.2371433013969107e+17}",repeated-shared-ancilla-good-block,True,False,0.022606977883586215,new,"[1,2,3,4,5,9,22]","[2.9953607852158573e-09,-2.9318124556219793e-05,0.003468573778195489,-0.04863485570038276,0.1308718708891307,-0.4341006887393225,1.3484244149015747]",1.965529725128523,0.034470274871476914,46.0,registered-exact,True,7.0,3.0,2.0,4.0,9.0,7.0,6.0,3.0,2.0,3.0,2.0,one robust OAA round per segment,14110.0,branch register all-zero,,79.0,1111162500.0,1284010.0,-1.0,135566961040.0,1670044997.0,analytical-model,0.0025118864315095794,,,,,,,,,,,,0.1.0,3.11.9,2.5.0,b58b31db18364511c43757e27fffc7abce8df2c1,True,ok,,
1.0,transverse_field_ising:N072,-1.7,commutator,143666.0,,,2.0,a8fa234e-a646-4911-8402-a67c302db4ae,2026-08-12T00:11:58.358108+00:00,c1ad72de628f71283ac69037e9bbe97c3e773952f5abde5eac91397ca322d1a6,resource-grid,transverse_field_ising,TFIM-72,"{""coupling"":1.0,""field"":3.0,""periodic"":false}",72,72.0,proportional,1.0,0.0199526231496888,287.0,143,trotter-p2,trotter,Trotter p=2,analytical,analytical,2.0,,,,,,143666.0,,,,,,,,,,,,,,,,,,,,,,,,,,,,,,individual,143.0,0.017957204871578914,993.0,childs-commutator,"Childs, Su, Tran, Wiebe, and Zhu, arXiv:1912.08854",Propositions 9--10,"{""prefactor"":993.0}",True,implemented-product-formula,True,,"[""the resolved ordered Hamiltonian groups match the implemented formula""]",,,,,,,implemented-product-formula,True,True,0.01795736083471992,,,,,,,,,,,,,,,,,,,1.0,none,0.0,system register,1.0,72.0,40944810.0,0.0,-1.0,4422039480.0,40658483.0,analytical-model,0.00199526231496888,,,,,,,,,,,,0.1.0,3.11.9,2.5.0,b58b31db18364511c43757e27fffc7abce8df2c1,True,ok,,
1.0,transverse_field_ising:N072,-1.7,empirical,37814.0,,,2.0,a8fa234e-a646-4911-8402-a67c302db4ae,2026-08-12T00:11:58.358108+00:00,c1ad72de628f71283ac69037e9bbe97c3e773952f5abde5eac91397ca322d1a6,resource-grid,transverse_field_ising,TFIM-72,"{""coupling"":1.0,""field"":3.0,""periodic"":false}",72,72.0,proportional,1.0,0.0199526231496888,287.0,143,trotter-p2-empirical,trotter,Trotter p=2 [empirical],empirical-operator-norm,empirical,2.0,,,,,,37814.0,,,,,,,,,,,,,,,,,,,,,,,,,,,,,,individual,143.0,0.01795679297136131,68.7917766697,empirical-operator-norm,Repository empirical operator-norm calibration study v1 (2026-08-10),reviewed calibration opnorm-v1-tfim-open-trotter-p2; artifact docs/calibration_data/empirical_1d_v1_accepted.json,"{""prefactor"":68.7917766697}",False,implemented-product-formula,False,,"[""the resolved ordered Hamiltonian groups match the implemented formula"",""the fixed formal-order powers in time and segments apply"",""the reviewed affine size calibration extrapolates as flagged""]",,,,,,,implemented-product-formula,False,False,0.01795736083471992,,,,,,,,,,,,,,,,,,,1.0,none,0.0,system register,1.0,72.0,10776990.0,0.0,-1.0,1110029970.0,10701627.0,analytical-model,0.00199526231496888,opnorm-v1-tfim-open-trotter-p2,transverse_field_ising,affine-aN-plus-b,68.7917766697,4.0,12.0,4.0,12.0,True,True,formula,0.1.0,3.11.9,2.5.0,b58b31db18364511c43757e27fffc7abce8df2c1,True,ok,,
1.0,transverse_field_ising:N072,-1.7,commutator,6730.0,,,2.0,a8fa234e-a646-4911-8402-a67c302db4ae,2026-08-12T00:11:58.358108+00:00,c1ad72de628f71283ac69037e9bbe97c3e773952f5abde5eac91397ca322d1a6,resource-grid,transverse_field_ising,TFIM-72,"{""coupling"":1.0,""field"":3.0,""periodic"":false}",72,72.0,proportional,1.0,0.0199526231496888,287.0,143,trotter-p4,trotter,Trotter p=4,analytical,analytical,4.0,,,,,,6730.0,,,,,,,,,,,,,,,,,,,,,,,,,,,,,,commuting,2.0,0.017951658235879284,19032.785200508108,schubert-mendl-commutator,"Schubert and Mendl, arXiv:2306.10603",Theorem 1,"{""prefactor"":19032.785200508108}",True,implemented-product-formula,True,,"[""the resolved ordered Hamiltonian groups match the implemented formula""]",,,,,,,implemented-product-formula,True,True,0.01795736083471992,,,,,,,,,,,,,,,,,,,1.0,none,0.0,system register,1.0,72.0,7234750.0,0.0,-1.0,730709750.0,7184158.0,analytical-model,0.00199526231496888,,,,,,,,,,,,0.1.0,3.11.9,2.5.0,b58b31db18364511c43757e27fffc7abce8df2c1,True,ok,,
1.0,transverse_field_ising:N072,-1.7,empirical,1344.0,,,2.0,a8fa234e-a646-4911-8402-a67c302db4ae,2026-08-12T00:11:58.358108+00:00,c1ad72de628f71283ac69037e9bbe97c3e773952f5abde5eac91397ca322d1a6,resource-grid,transverse_field_ising,TFIM-72,"{""coupling"":1.0,""field"":3.0,""periodic"":false}",72,72.0,proportional,1.0,0.0199526231496888,287.0,143,trotter-p4-empirical,trotter,Trotter p=4 [empirical],empirical-operator-norm,empirical,4.0,,,,,,1344.0,,,,,,,,,,,,,,,,,,,,,,,,,,,,,,commuting,2.0,0.017944522970278456,30.2598318541,empirical-operator-norm,Repository empirical operator-norm calibration study v1 (2026-08-10),reviewed calibration opnorm-v1-tfim-open-trotter-p4; artifact docs/calibration_data/empirical_1d_v1_accepted.json,"{""prefactor"":30.2598318541}",False,implemented-product-formula,False,,"[""the resolved ordered Hamiltonian groups match the implemented formula"",""the fixed formal-order powers in time and segments apply"",""the reviewed affine size calibration extrapolates as flagged""]",,,,,,,implemented-product-formula,False,False,0.01795736083471992,,,,,,,,,,,,,,,,,,,1.0,none,0.0,system register,1.0,72.0,1444800.0,0.0,-1.0,135811200.0,1434697.0,analytical-model,0.00199526231496888,opnorm-v1-tfim-open-trotter-p4,transverse_field_ising,affine-aN-plus-b,30.2598318541,4.0,12.0,4.0,12.0,True,True,formula,0.1.0,3.11.9,2.5.0,b58b31db18364511c43757e27fffc7abce8df2c1,True,ok,,
1.0,transverse_field_ising:N072,-1.7,commutator,3505.0,,,2.0,a8fa234e-a646-4911-8402-a67c302db4ae,2026-08-12T00:11:58.358108+00:00,c1ad72de628f71283ac69037e9bbe97c3e773952f5abde5eac91397ca322d1a6,resource-grid,transverse_field_ising,TFIM-72,"{""coupling"":1.0,""field"":3.0,""periodic"":false}",72,72.0,proportional,1.0,0.0199526231496888,287.0,143,trotter-p6,trotter,Trotter p=6,analytical,analytical,6.0,,,,,,3505.0,,,,,,,,,,,,,,,,,,,,,,,,,,,,,,commuting,2.0,0.017939161347019585,3315910.460456222,schubert-mendl-commutator,"Schubert and Mendl, arXiv:2306.10603",Theorem 1,"{""prefactor"":3315910.460456222}",True,implemented-product-formula,True,,"[""the resolved ordered Hamiltonian groups match the implemented formula""]",,,,,,,implemented-product-formula,True,True,0.01795736083471992,,,,,,,,,,,,,,,,,,,1.0,none,0.0,system register,1.0,72.0,18839375.0,0.0,-1.0,1978134375.0,18707632.0,analytical-model,0.00199526231496888,,,,,,,,,,,,0.1.0,3.11.9,2.5.0,b58b31db18364511c43757e27fffc7abce8df2c1,True,ok,,
1.0,transverse_field_ising:N072,-1.7,empirical,576.0,,,2.0,a8fa234e-a646-4911-8402-a67c302db4ae,2026-08-12T00:11:58.358108+00:00,c1ad72de628f71283ac69037e9bbe97c3e773952f5abde5eac91397ca322d1a6,resource-grid,transverse_field_ising,TFIM-72,"{""coupling"":1.0,""field"":3.0,""periodic"":false}",72,72.0,proportional,1.0,0.0199526231496888,287.0,143,trotter-p6-empirical,trotter,Trotter p=6 [empirical],empirical-operator-norm,empirical,6.0,,,,,,576.0,,,,,,,,,,,,,,,,,,,,,,,,,,,,,,commuting,2.0,0.00013562411157531695,0.4937923209,empirical-operator-norm,Repository empirical operator-norm calibration study v1 (2026-08-10),reviewed calibration opnorm-v1-tfim-open-trotter-p6; artifact docs/calibration_data/empirical_1d_v1_accepted.json,"{""prefactor"":0.4937923209}",False,implemented-product-formula,False,,"[""the resolved ordered Hamiltonian groups match the implemented formula"",""the fixed formal-order powers in time and segments apply"",""the reviewed affine size calibration extrapolates as flagged""]",,,,,,,implemented-product-formula,False,False,0.01795736083471992,,,,,,,,,,,,,,,,,,,1.0,none,0.0,system register,1.0,72.0,3096000.0,0.0,-1.0,300312000.0,3074350.0,analytical-model,0.00199526231496888,opnorm-v1-tfim-open-trotter-p6,transverse_field_ising,affine-aN-plus-b,0.4937923209,4.0,12.0,4.0,12.0,True,True,asymptotic-domain,0.1.0,3.11.9,2.5.0,b58b31db18364511c43757e27fffc7abce8df2c1,True,ok,,
1.0,transverse_field_ising:N072,-1.7,jacobi-anger,,,,2.0,a8fa234e-a646-4911-8402-a67c302db4ae,2026-08-12T00:11:58.358108+00:00,c1ad72de628f71283ac69037e9bbe97c3e773952f5abde5eac91397ca322d1a6,resource-grid,transverse_field_ising,TFIM-72,"{""coupling"":1.0,""field"":3.0,""periodic"":false}",72,72.0,proportional,1.0,0.0199526231496888,287.0,143,qsvt,qsvt,QSVT,jacobi-anger-rigorous,analytical,,,,,,,,,,,,,,,,,,,,,,,,,,,,,,,,,,,168519.0,28087.0,,,0.0031506214003237188,,jacobi-anger-polynomial-oaa,"Martyn et al., arXiv:2105.02859, Eqs. (76)--(77)",Jacobi--Anger tails plus exact cubic OAA identity,"{""oaa-unitarity-defect-distortion"":0.001577168489579216,""scaled-polynomial-error"":0.0015734529107445027}",True,ideal-qsvt-oaa-good-block,True,,"[""the cosine and sine polynomials are implemented exactly"",""the unamplified good block is exactly Q/2""]",,,,,,,implemented-qsvt-floating-phase-circuit,False,False,0.01795736083471992,,,,,,,,,,,,,,,,,,,2.0,one robust OAA round,1.0,"component, quadrature, and index registers all-zero",,90.0,86281740.0,195819204.0,-1.0,10446831696.0,1296585942.0,analytical-model,0.00199526231496888,,,,,,,,,,,,0.1.0,3.11.9,2.5.0,b58b31db18364511c43757e27fffc7abce8df2c1,True,ok,,
1.0,transverse_field_ising:N072,-1.7,empirical,,8.0,90.0,2.0,a8fa234e-a646-4911-8402-a67c302db4ae,2026-08-12T00:11:58.358108+00:00,c1ad72de628f71283ac69037e9bbe97c3e773952f5abde5eac91397ca322d1a6,resource-grid,transverse_field_ising,TFIM-72,"{""coupling"":1.0,""field"":3.0,""periodic"":false}",72,72.0,proportional,1.0,0.0199526231496888,287.0,143,mpf-j-mizuta2026-theorem6-empirical-operator-norm,multiproduct,MPF J=Mizuta Theorem 6 (resolved per point) [empirical operator norm],empirical-operator-norm,empirical,,8.0,16.0,mizuta2026-theorem6,5.000000000000001,0.01795736083471992,90.0,,,,[],,,,,,,,,,,,,,,[],,,,,,,empirical-operator-norm,[],16470.0,,,,0.0007284326275552161,0.0003594323,empirical-operator-norm,Repository empirical operator-norm calibration study v1 (2026-08-10),reviewed calibration opnorm-v1-tfim-open-mpf-new-m8; fixed formal powers,"{""empirical_coefficient"":0.0003594323}",False,ideal-mpf,False,ordered individual Pauli terms,"[""the fixed formal-order powers in time and segments apply"",""the empirical estimate concerns the repeated ideal MPF operator"",""the reviewed affine size calibration extrapolates as flagged""]",,0.0,0.0,False,False,{},repeated-shared-ancilla-good-block,False,False,0.01795736083471992,new,"[1,2,3,4,5,6,11,29]","[-3.280633240950701e-11,1.38314223008236e-06,-0.00042434045620952707,0.013663236344294543,-0.0975962105352182,0.17214651362521294,-0.39147182230350597,1.3036812402160025]",1.9789847466554802,0.021015253344519813,61.0,registered-exact,True,8.0,4.0,2.0,5.0,10.0,6.0,6.0,3.0,2.0,3.0,2.0,one robust OAA round per segment,90.0,branch register all-zero,,79.0,9396000.0,9540.0,-1.0,958430160.0,14115356.0,analytical-model,0.00199526231496888,opnorm-v1-tfim-open-mpf-new-m8,transverse_field_ising,affine-aN-plus-b,0.0003594323,4.0,12.0,4.0,12.0,True,True,asymptotic-domain,0.1.0,3.11.9,2.5.0,b58b31db18364511c43757e27fffc7abce8df2c1,True,ok,,
1.0,transverse_field_ising:N072,-1.7,commutator,,8.0,12610.0,2.0,a8fa234e-a646-4911-8402-a67c302db4ae,2026-08-12T00:11:58.358108+00:00,c1ad72de628f71283ac69037e9bbe97c3e773952f5abde5eac91397ca322d1a6,resource-grid,transverse_field_ising,TFIM-72,"{""coupling"":1.0,""field"":3.0,""periodic"":false}",72,72.0,proportional,1.0,0.0199526231496888,287.0,143,mpf-j-mizuta2026-theorem6-mizuta2026-commutator-ideal-rigorous,multiproduct,MPF J=Mizuta Theorem 6 (resolved per point) [Mizuta 2026 refined commutator],mizuta2026-commutator-ideal-rigorous,analytical,,8.0,16.0,mizuta2026-theorem6,5.000000000000001,0.01795736083471992,12610.0,12610.0,,10221.0,"[""error""]",35.48658543120852,16.0,,,1.398676239578488e-06,1.825323371480388e-13,8.983044659606207e-17,1.8244250670144272e-13,1.825323371480388e-13,1.3986764221108254e-06,0.01795111850606345,1.944807358119685e-05,False,0.007044915619865151,"[1.0000000000000002,1.0000000000000002,1.0000000000000002,1.0000000000000002,1.0000000000000002,1.0000000000000002,1.0000000000000002,1.0000000000000002,1.0000000000000002,1.0000000000000002,1.0000000000000002,1.0000000000000002,1.0000000000000002,1.0000000000000002,1.0000000000000002,1.0000000000000002,1.0000000000000002,1.0000000000000002,1.0000000000000002,1.0000000000000002,1.0000000000000002,1.0000000000000002,1.0000000000000002,1.0000000000000002,1.0000000000000002,1.0000000000000002,1.0000000000000002,1.0000000000000002,1.0000000000000002,1.0000000000000002,1.0000000000000002,1.0000000000000002,1.0000000000000002,1.0000000000000002,1.0000000000000002,1.0000000000000002,1.0000000000000002,1.0000000000000002,1.0000000000000002,1.0000000000000002,1.0000000000000002,1.0000000000000002,1.0000000000000002,1.0000000000000002,1.0000000000000002,1.0000000000000002,1.0000000000000002,1.0000000000000002,1.0000000000000002,1.0000000000000002,1.0000000000000002,1.0000000000000002,1.0000000000000002,1.0000000000000002,1.0000000000000002,1.0000000000000002,1.0000000000000002,1.0000000000000002,1.0000000000000002,1.0000000000000002,1.0000000000000002,1.0000000000000002,1.0000000000000002,1.0000000000000002,1.0000000000000002,1.0000000000000002,1.0000000000000002,1.0000000000000002,1.0000000000000002,1.0000000000000002,1.0000000000000002,1.0000000000000002,1.0000000000000002,1.0000000000000002,1.0000000000000002,1.0000000000000002,1.0000000000000002,1.0000000000000002,1.0000000000000002,1.0000000000000002,1.0000000000000002,1.0000000000000002,1.0000000000000002,1.0000000000000002,1.0000000000000002,1.0000000000000002,1.0000000000000002,1.0000000000000002,1.0000000000000002,1.0000000000000002,1.0000000000000002,1.0000000000000002,1.0000000000000002,1.0000000000000002,1.0000000000000002,1.0000000000000002,1.0000000000000002,1.0000000000000002,1.0000000000000002,1.0000000000000002,1.0000000000000002,1.0000000000000002,1.0000000000000002,1.0000000000000002,1.0000000000000002,1.0000000000000002,1.0000000000000002,1.0000000000000002,1.0000000000000002,1.0000000000000002,1.0000000000000002,1.0000000000000002,1.0000000000000002,1.0000000000000002,1.0000000000000002,1.0000000000000002,1.0000000000000002,1.0000000000000002,1.0000000000000002,1.0000000000000002,1.0000000000000002,1.0000000000000002,1.0000000000000002,1.0000000000000002,1.0000000000000002,1.0000000000000002,1.0000000000000002,1.0000000000000002,1.0000000000000002,1.0000000000000002,1.0000000000000002,1.0000000000000002,1.0000000000000002,1.0000000000000002,1.0000000000000002,1.0000000000000002,1.0000000000000002,1.0000000000000002,1.0000000000000002,1.0000000000000002,1.0000000000000002,1.0000000000000002,1.0000000000000002]",5.0000000000000036,16.0,False,,not-used,commutator,mizuta2026-commutator-ideal-rigorous,[],2307630.0,,,,0.01795111850606345,1.919646359684627e+32,mizuta2026-commutator-ideal-rigorous,"Mizuta, Quantum 10, 1974 (2026), arXiv:2507.06557v4","Theorem 4, Eqs. (47)--(49), with direct Lemmas 9--10 BCH remainder","{""error_predicate_satisfied"":1.0,""extensiveness_g"":5.000000000000001,""joint_predicate_satisfied"":1.0,""legacy_first_condition_passed"":0.0,""legacy_first_time_limit"":1.944807358119685e-05,""local_commutator_error"":1.398676239578488e-06,""local_step_error"":1.3986764221108254e-06,""local_truncated_bch_error"":1.825323371480388e-13,""locality_k"":2.0,""mu_upper"":35.48658543120852,""refined_lemma10_remainder"":1.8244250670144272e-13,""refined_lemma9_remainder"":8.983044659606207e-17,""refined_tail_fallback"":0.0,""repeated_global_error"":0.01795111850606345,""schedule_weighted_extensiveness"":5.0000000000000036,""second_time_limit"":0.007044915619865151,""time_2_predicate_satisfied"":1.0,""total_branchwise_bch_remainder"":1.825323371480388e-13,""truncation_order_p0"":16.0}",True,ideal-mpf,True,ordered individual Pauli terms,"[""individual Pauli summands define the ordered H_gamma decomposition"",""the actual Strang factors define schedule-weighted g_alpha extensiveness"",""Lemma 9 and Lemma 10 positive majorants directly certify the BCH remainder"",""the scalar-flow/Cauchy refined tail certificate is used"",""Theorem 4 second time hypothesis is satisfied"",""the repeated ideal MPF is composed with the Eq. (15) telescoping argument""]",,16.0,16.0,True,False,"{""2"":1704.0000000000016,""3"":27216.00000000004,""4"":352992.0000000008,""5"":5638464.000000017,""6"":77007360.0000003,""7"":1230183936.0000057,""8"":17379351552.00009,""9"":277660099584.00165,""10"":4013367508992.027,""11"":64125048397824.48,""12"":941929898999815.6,""13"":1.5051227707441284e+16,""14"":2.2371433013969107e+17,""15"":3.57501156198112e+18,""16"":5.361671830269178e+19}",repeated-shared-ancilla-good-block,True,False,0.01795736083471992,new,"[1,2,3,4,5,6,11,29]","[-3.280633240950701e-11,1.38314223008236e-06,-0.00042434045620952707,0.013663236344294543,-0.0975962105352182,0.17214651362521294,-0.39147182230350597,1.3036812402160025]",1.9789847466554802,0.021015253344519813,61.0,registered-exact,True,8.0,4.0,2.0,5.0,10.0,6.0,6.0,3.0,2.0,3.0,2.0,one robust OAA round per segment,12610.0,branch register all-zero,,79.0,1316484000.0,1336660.0,-1.0,163249362640.0,1977718098.0,analytical-model,0.00199526231496888,,,,,,,,,,,,0.1.0,3.11.9,2.5.0,b58b31db18364511c43757e27fffc7abce8df2c1,True,ok,,
1.0,transverse_field_ising:N072,-1.8,commutator,161196.0,,,2.0,a8fa234e-a646-4911-8402-a67c302db4ae,2026-08-12T00:11:58.358108+00:00,c1ad72de628f71283ac69037e9bbe97c3e773952f5abde5eac91397ca322d1a6,resource-grid,transverse_field_ising,TFIM-72,"{""coupling"":1.0,""field"":3.0,""periodic"":false}",72,72.0,proportional,1.0,0.015848931924611134,287.0,143,trotter-p2,trotter,Trotter p=2,analytical,analytical,2.0,,,,,,161196.0,,,,,,,,,,,,,,,,,,,,,,,,,,,,,,individual,143.0,0.014263897724813726,993.0,childs-commutator,"Childs, Su, Tran, Wiebe, and Zhu, arXiv:1912.08854",Propositions 9--10,"{""prefactor"":993.0}",True,implemented-product-formula,True,,"[""the resolved ordered Hamiltonian groups match the implemented formula""]",,,,,,,implemented-product-formula,True,True,0.014264038732150021,,,,,,,,,,,,,,,,,,,1.0,none,0.0,system register,1.0,72.0,45940860.0,0.0,-1.0,5053494600.0,45619596.0,analytical-model,0.0015848931924611134,,,,,,,,,,,,0.1.0,3.11.9,2.5.0,b58b31db18364511c43757e27fffc7abce8df2c1,True,ok,,
1.0,transverse_field_ising:N072,-1.8,empirical,42428.0,,,2.0,a8fa234e-a646-4911-8402-a67c302db4ae,2026-08-12T00:11:58.358108+00:00,c1ad72de628f71283ac69037e9bbe97c3e773952f5abde5eac91397ca322d1a6,resource-grid,transverse_field_ising,TFIM-72,"{""coupling"":1.0,""field"":3.0,""periodic"":false}",72,72.0,proportional,1.0,0.015848931924611134,287.0,143,trotter-p2-empirical,trotter,Trotter p=2 [empirical],empirical-operator-norm,empirical,2.0,,,,,,42428.0,,,,,,,,,,,,,,,,,,,,,,,,,,,,,,individual,143.0,0.014263591582804259,68.7917766697,empirical-operator-norm,Repository empirical operator-norm calibration study v1 (2026-08-10),reviewed calibration opnorm-v1-tfim-open-trotter-p2; artifact docs/calibration_data/empirical_1d_v1_accepted.json,"{""prefactor"":68.7917766697}",False,implemented-product-formula,False,,"[""the resolved ordered Hamiltonian groups match the implemented formula"",""the fixed formal-order powers in time and segments apply"",""the reviewed affine size calibration extrapolates as flagged""]",,,,,,,implemented-product-formula,False,False,0.014264038732150021,,,,,,,,,,,,,,,,,,,1.0,none,0.0,system register,1.0,72.0,12091980.0,0.0,-1.0,1257565920.0,12007421.0,analytical-model,0.0015848931924611134,opnorm-v1-tfim-open-trotter-p2,transverse_field_ising,affine-aN-plus-b,68.7917766697,4.0,12.0,4.0,12.0,True,True,formula,0.1.0,3.11.9,2.5.0,b58b31db18364511c43757e27fffc7abce8df2c1,True,ok,,
1.0,transverse_field_ising:N072,-1.8,commutator,7129.0,,,2.0,a8fa234e-a646-4911-8402-a67c302db4ae,2026-08-12T00:11:58.358108+00:00,c1ad72de628f71283ac69037e9bbe97c3e773952f5abde5eac91397ca322d1a6,resource-grid,transverse_field_ising,TFIM-72,"{""coupling"":1.0,""field"":3.0,""periodic"":false}",72,72.0,proportional,1.0,0.015848931924611134,287.0,143,trotter-p4,trotter,Trotter p=4,analytical,analytical,4.0,,,,,,7129.0,,,,,,,,,,,,,,,,,,,,,,,,,,,,,,commuting,2.0,0.014257729455384482,19032.785200508108,schubert-mendl-commutator,"Schubert and Mendl, arXiv:2306.10603",Theorem 1,"{""prefactor"":19032.785200508108}",True,implemented-product-formula,True,,"[""the resolved ordered Hamiltonian groups match the implemented formula""]",,,,,,,implemented-product-formula,True,True,0.014264038732150021,,,,,,,,,,,,,,,,,,,1.0,none,0.0,system register,1.0,72.0,7663675.0,0.0,-1.0,781694850.0,7610083.0,analytical-model,0.0015848931924611134,,,,,,,,,,,,0.1.0,3.11.9,2.5.0,b58b31db18364511c43757e27fffc7abce8df2c1,True,ok,,
1.0,transverse_field_ising:N072,-1.8,empirical,1424.0,,,2.0,a8fa234e-a646-4911-8402-a67c302db4ae,2026-08-12T00:11:58.358108+00:00,c1ad72de628f71283ac69037e9bbe97c3e773952f5abde5eac91397ca322d1a6,resource-grid,transverse_field_ising,TFIM-72,"{""coupling"":1.0,""field"":3.0,""periodic"":false}",72,72.0,proportional,1.0,0.015848931924611134,287.0,143,trotter-p4-empirical,trotter,Trotter p=4 [empirical],empirical-operator-norm,empirical,4.0,,,,,,1424.0,,,,,,,,,,,,,,,,,,,,,,,,,,,,,,commuting,2.0,0.01423931296263991,30.2598318541,empirical-operator-norm,Repository empirical operator-norm calibration study v1 (2026-08-10),reviewed calibration opnorm-v1-tfim-open-trotter-p4; artifact docs/calibration_data/empirical_1d_v1_accepted.json,"{""prefactor"":30.2598318541}",False,implemented-product-formula,False,,"[""the resolved ordered Hamiltonian groups match the implemented formula"",""the fixed formal-order powers in time and segments apply"",""the reviewed affine size calibration extrapolates as flagged""]",,,,,,,implemented-product-formula,False,False,0.014264038732150021,,,,,,,,,,,,,,,,,,,1.0,none,0.0,system register,1.0,72.0,1530800.0,0.0,-1.0,145426000.0,1520096.0,analytical-model,0.0015848931924611134,opnorm-v1-tfim-open-trotter-p4,transverse_field_ising,affine-aN-plus-b,30.2598318541,4.0,12.0,4.0,12.0,True,True,formula,0.1.0,3.11.9,2.5.0,b58b31db18364511c43757e27fffc7abce8df2c1,True,ok,,
1.0,transverse_field_ising:N072,-1.8,commutator,3642.0,,,2.0,a8fa234e-a646-4911-8402-a67c302db4ae,2026-08-12T00:11:58.358108+00:00,c1ad72de628f71283ac69037e9bbe97c3e773952f5abde5eac91397ca322d1a6,resource-grid,transverse_field_ising,TFIM-72,"{""coupling"":1.0,""field"":3.0,""periodic"":false}",72,72.0,proportional,1.0,0.015848931924611134,287.0,143,trotter-p6,trotter,Trotter p=6,analytical,analytical,6.0,,,,,,3642.0,,,,,,,,,,,,,,,,,,,,,,,,,,,,,,commuting,2.0,0.014252485933407945,3315910.460456222,schubert-mendl-commutator,"Schubert and Mendl, arXiv:2306.10603",Theorem 1,"{""prefactor"":3315910.460456222}",True,implemented-product-formula,True,,"[""the resolved ordered Hamiltonian groups match the implemented formula""]",,,,,,,implemented-product-formula,True,True,0.014264038732150021,,,,,,,,,,,,,,,,,,,1.0,none,0.0,system register,1.0,72.0,19575750.0,0.0,-1.0,2075029500.0,19438857.0,analytical-model,0.0015848931924611134,,,,,,,,,,,,0.1.0,3.11.9,2.5.0,b58b31db18364511c43757e27fffc7abce8df2c1,True,ok,,
1.0,transverse_field_ising:N072,-1.8,empirical,576.0,,,2.0,a8fa234e-a646-4911-8402-a67c302db4ae,2026-08-12T00:11:58.358108+00:00,c1ad72de628f71283ac69037e9bbe97c3e773952f5abde5eac91397ca322d1a6,resource-grid,transverse_field_ising,TFIM-72,"{""coupling"":1.0,""field"":3.0,""periodic"":false}",72,72.0,proportional,1.0,0.015848931924611134,287.0,143,trotter-p6-empirical,trotter,Trotter p=6 [empirical],empirical-operator-norm,empirical,6.0,,,,,,576.0,,,,,,,,,,,,,,,,,,,,,,,,,,,,,,commuting,2.0,0.00013562411157531695,0.4937923209,empirical-operator-norm,Repository empirical operator-norm calibration study v1 (2026-08-10),reviewed calibration opnorm-v1-tfim-open-trotter-p6; artifact docs/calibration_data/empirical_1d_v1_accepted.json,"{""prefactor"":0.4937923209}",False,implemented-product-formula,False,,"[""the resolved ordered Hamiltonian groups match the implemented formula"",""the fixed formal-order powers in time and segments apply"",""the reviewed affine size calibration extrapolates as flagged""]",,,,,,,implemented-product-formula,False,False,0.014264038732150021,,,,,,,,,,,,,,,,,,,1.0,none,0.0,system register,1.0,72.0,3096000.0,0.0,-1.0,303408000.0,3074350.0,analytical-model,0.0015848931924611134,opnorm-v1-tfim-open-trotter-p6,transverse_field_ising,affine-aN-plus-b,0.4937923209,4.0,12.0,4.0,12.0,True,True,asymptotic-domain,0.1.0,3.11.9,2.5.0,b58b31db18364511c43757e27fffc7abce8df2c1,True,ok,,
1.0,transverse_field_ising:N072,-1.8,jacobi-anger,,,,2.0,a8fa234e-a646-4911-8402-a67c302db4ae,2026-08-12T00:11:58.358108+00:00,c1ad72de628f71283ac69037e9bbe97c3e773952f5abde5eac91397ca322d1a6,resource-grid,transverse_field_ising,TFIM-72,"{""coupling"":1.0,""field"":3.0,""periodic"":false}",72,72.0,proportional,1.0,0.015848931924611134,287.0,143,qsvt,qsvt,QSVT,jacobi-anger-rigorous,analytical,,,,,,,,,,,,,,,,,,,,,,,,,,,,,,,,,,,168519.0,28087.0,,,0.0027395832384649044,,jacobi-anger-polynomial-oaa,"Martyn et al., arXiv:2105.02859, Eqs. (76)--(77)",Jacobi--Anger tails plus exact cubic OAA identity,"{""oaa-unitarity-defect-distortion"":0.0013711966212528808,""scaled-polynomial-error"":0.0013683866172120235}",True,ideal-qsvt-oaa-good-block,True,,"[""the cosine and sine polynomials are implemented exactly"",""the unamplified good block is exactly Q/2""]",,,,,,,implemented-qsvt-floating-phase-circuit,False,False,0.014264038732150021,,,,,,,,,,,,,,,,,,,2.0,one robust OAA round,1.0,"component, quadrature, and index registers all-zero",,90.0,86281740.0,195819204.0,-1.0,10533113436.0,1296585942.0,analytical-model,0.0015848931924611134,,,,,,,,,,,,0.1.0,3.11.9,2.5.0,b58b31db18364511c43757e27fffc7abce8df2c1,True,ok,,
1.0,transverse_field_ising:N072,-1.8,empirical,,8.0,90.0,2.0,a8fa234e-a646-4911-8402-a67c302db4ae,2026-08-12T00:11:58.358108+00:00,c1ad72de628f71283ac69037e9bbe97c3e773952f5abde5eac91397ca322d1a6,resource-grid,transverse_field_ising,TFIM-72,"{""coupling"":1.0,""field"":3.0,""periodic"":false}",72,72.0,proportional,1.0,0.015848931924611134,287.0,143,mpf-j-mizuta2026-theorem6-empirical-operator-norm,multiproduct,MPF J=Mizuta Theorem 6 (resolved per point) [empirical operator norm],empirical-operator-norm,empirical,,8.0,16.0,mizuta2026-theorem6,5.000000000000001,0.014264038732150021,90.0,,,,[],,,,,,,,,,,,,,,[],,,,,,,empirical-operator-norm,[],16470.0,,,,0.0007284326275552161,0.0003594323,empirical-operator-norm,Repository empirical operator-norm calibration study v1 (2026-08-10),reviewed calibration opnorm-v1-tfim-open-mpf-new-m8; fixed formal powers,"{""empirical_coefficient"":0.0003594323}",False,ideal-mpf,False,ordered individual Pauli terms,"[""the fixed formal-order powers in time and segments apply"",""the empirical estimate concerns the repeated ideal MPF operator"",""the reviewed affine size calibration extrapolates as flagged""]",,0.0,0.0,False,False,{},repeated-shared-ancilla-good-block,False,False,0.014264038732150021,new,"[1,2,3,4,5,6,11,29]","[-3.280633240950701e-11,1.38314223008236e-06,-0.00042434045620952707,0.013663236344294543,-0.0975962105352182,0.17214651362521294,-0.39147182230350597,1.3036812402160025]",1.9789847466554802,0.021015253344519813,61.0,registered-exact,True,8.0,4.0,2.0,5.0,10.0,6.0,6.0,3.0,2.0,3.0,2.0,one robust OAA round per segment,90.0,branch register all-zero,,79.0,9396000.0,9540.0,-1.0,967826160.0,14115356.0,analytical-model,0.0015848931924611134,opnorm-v1-tfim-open-mpf-new-m8,transverse_field_ising,affine-aN-plus-b,0.0003594323,4.0,12.0,4.0,12.0,True,True,asymptotic-domain,0.1.0,3.11.9,2.5.0,b58b31db18364511c43757e27fffc7abce8df2c1,True,ok,,
1.0,transverse_field_ising:N072,-1.8,commutator,,8.0,12790.0,2.0,a8fa234e-a646-4911-8402-a67c302db4ae,2026-08-12T00:11:58.358108+00:00,c1ad72de628f71283ac69037e9bbe97c3e773952f5abde5eac91397ca322d1a6,resource-grid,transverse_field_ising,TFIM-72,"{""coupling"":1.0,""field"":3.0,""periodic"":false}",72,72.0,proportional,1.0,0.015848931924611134,287.0,143,mpf-j-mizuta2026-theorem6-mizuta2026-commutator-ideal-rigorous,multiproduct,MPF J=Mizuta Theorem 6 (resolved per point) [Mizuta 2026 refined commutator],mizuta2026-commutator-ideal-rigorous,analytical,,8.0,16.0,mizuta2026-theorem6,5.000000000000001,0.014264038732150021,12790.0,12790.0,,10221.0,"[""error""]",35.48658543120852,16.0,,,1.0991941613205968e-06,1.4178489434757014e-13,7.916441568650029e-17,1.4170572993188362e-13,1.4178489434757014e-13,1.0991943031054914e-06,0.0142577221259786,1.944807358119685e-05,False,0.007044915619865151,"[1.0000000000000002,1.0000000000000002,1.0000000000000002,1.0000000000000002,1.0000000000000002,1.0000000000000002,1.0000000000000002,1.0000000000000002,1.0000000000000002,1.0000000000000002,1.0000000000000002,1.0000000000000002,1.0000000000000002,1.0000000000000002,1.0000000000000002,1.0000000000000002,1.0000000000000002,1.0000000000000002,1.0000000000000002,1.0000000000000002,1.0000000000000002,1.0000000000000002,1.0000000000000002,1.0000000000000002,1.0000000000000002,1.0000000000000002,1.0000000000000002,1.0000000000000002,1.0000000000000002,1.0000000000000002,1.0000000000000002,1.0000000000000002,1.0000000000000002,1.0000000000000002,1.0000000000000002,1.0000000000000002,1.0000000000000002,1.0000000000000002,1.0000000000000002,1.0000000000000002,1.0000000000000002,1.0000000000000002,1.0000000000000002,1.0000000000000002,1.0000000000000002,1.0000000000000002,1.0000000000000002,1.0000000000000002,1.0000000000000002,1.0000000000000002,1.0000000000000002,1.0000000000000002,1.0000000000000002,1.0000000000000002,1.0000000000000002,1.0000000000000002,1.0000000000000002,1.0000000000000002,1.0000000000000002,1.0000000000000002,1.0000000000000002,1.0000000000000002,1.0000000000000002,1.0000000000000002,1.0000000000000002,1.0000000000000002,1.0000000000000002,1.0000000000000002,1.0000000000000002,1.0000000000000002,1.0000000000000002,1.0000000000000002,1.0000000000000002,1.0000000000000002,1.0000000000000002,1.0000000000000002,1.0000000000000002,1.0000000000000002,1.0000000000000002,1.0000000000000002,1.0000000000000002,1.0000000000000002,1.0000000000000002,1.0000000000000002,1.0000000000000002,1.0000000000000002,1.0000000000000002,1.0000000000000002,1.0000000000000002,1.0000000000000002,1.0000000000000002,1.0000000000000002,1.0000000000000002,1.0000000000000002,1.0000000000000002,1.0000000000000002,1.0000000000000002,1.0000000000000002,1.0000000000000002,1.0000000000000002,1.0000000000000002,1.0000000000000002,1.0000000000000002,1.0000000000000002,1.0000000000000002,1.0000000000000002,1.0000000000000002,1.0000000000000002,1.0000000000000002,1.0000000000000002,1.0000000000000002,1.0000000000000002,1.0000000000000002,1.0000000000000002,1.0000000000000002,1.0000000000000002,1.0000000000000002,1.0000000000000002,1.0000000000000002,1.0000000000000002,1.0000000000000002,1.0000000000000002,1.0000000000000002,1.0000000000000002,1.0000000000000002,1.0000000000000002,1.0000000000000002,1.0000000000000002,1.0000000000000002,1.0000000000000002,1.0000000000000002,1.0000000000000002,1.0000000000000002,1.0000000000000002,1.0000000000000002,1.0000000000000002,1.0000000000000002,1.0000000000000002,1.0000000000000002,1.0000000000000002,1.0000000000000002,1.0000000000000002,1.0000000000000002]",5.0000000000000036,16.0,False,,not-used,commutator,mizuta2026-commutator-ideal-rigorous,[],2340570.0,,,,0.0142577221259786,1.919646359684627e+32,mizuta2026-commutator-ideal-rigorous,"Mizuta, Quantum 10, 1974 (2026), arXiv:2507.06557v4","Theorem 4, Eqs. (47)--(49), with direct Lemmas 9--10 BCH remainder","{""error_predicate_satisfied"":1.0,""extensiveness_g"":5.000000000000001,""joint_predicate_satisfied"":1.0,""legacy_first_condition_passed"":0.0,""legacy_first_time_limit"":1.944807358119685e-05,""local_commutator_error"":1.0991941613205968e-06,""local_step_error"":1.0991943031054914e-06,""local_truncated_bch_error"":1.4178489434757014e-13,""locality_k"":2.0,""mu_upper"":35.48658543120852,""refined_lemma10_remainder"":1.4170572993188362e-13,""refined_lemma9_remainder"":7.916441568650029e-17,""refined_tail_fallback"":0.0,""repeated_global_error"":0.0142577221259786,""schedule_weighted_extensiveness"":5.0000000000000036,""second_time_limit"":0.007044915619865151,""time_2_predicate_satisfied"":1.0,""total_branchwise_bch_remainder"":1.4178489434757014e-13,""truncation_order_p0"":16.0}",True,ideal-mpf,True,ordered individual Pauli terms,"[""individual Pauli summands define the ordered H_gamma decomposition"",""the actual Strang factors define schedule-weighted g_alpha extensiveness"",""Lemma 9 and Lemma 10 positive majorants directly certify the BCH remainder"",""the scalar-flow/Cauchy refined tail certificate is used"",""Theorem 4 second time hypothesis is satisfied"",""the repeated ideal MPF is composed with the Eq. (15) telescoping argument""]",,16.0,16.0,True,False,"{""2"":1704.0000000000016,""3"":27216.00000000004,""4"":352992.0000000008,""5"":5638464.000000017,""6"":77007360.0000003,""7"":1230183936.0000057,""8"":17379351552.00009,""9"":277660099584.00165,""10"":4013367508992.027,""11"":64125048397824.48,""12"":941929898999815.6,""13"":1.5051227707441284e+16,""14"":2.2371433013969107e+17,""15"":3.57501156198112e+18,""16"":5.361671830269178e+19}",repeated-shared-ancilla-good-block,True,False,0.014264038732150021,new,"[1,2,3,4,5,6,11,29]","[-3.280633240950701e-11,1.38314223008236e-06,-0.00042434045620952707,0.013663236344294543,-0.0975962105352182,0.17214651362521294,-0.39147182230350597,1.3036812402160025]",1.9789847466554802,0.021015253344519813,61.0,registered-exact,True,8.0,4.0,2.0,5.0,10.0,6.0,6.0,3.0,2.0,3.0,2.0,one robust OAA round per segment,12790.0,branch register all-zero,,79.0,1335276000.0,1355740.0,-1.0,166914922960.0,2005948808.0,analytical-model,0.0015848931924611134,,,,,,,,,,,,0.1.0,3.11.9,2.5.0,b58b31db18364511c43757e27fffc7abce8df2c1,True,ok,,
1.0,transverse_field_ising:N072,-1.9,commutator,180864.0,,,2.0,a8fa234e-a646-4911-8402-a67c302db4ae,2026-08-12T00:11:58.358108+00:00,c1ad72de628f71283ac69037e9bbe97c3e773952f5abde5eac91397ca322d1a6,resource-grid,transverse_field_ising,TFIM-72,"{""coupling"":1.0,""field"":3.0,""periodic"":false}",72,72.0,proportional,1.0,0.012589254117941675,287.0,143,trotter-p2,trotter,Trotter p=2,analytical,analytical,2.0,,,,,,180864.0,,,,,,,,,,,,,,,,,,,,,,,,,,,,,,individual,143.0,0.011330327802344924,993.0,childs-commutator,"Childs, Su, Tran, Wiebe, and Zhu, arXiv:1912.08854",Propositions 9--10,"{""prefactor"":993.0}",True,implemented-product-formula,True,,"[""the resolved ordered Hamiltonian groups match the implemented formula""]",,,,,,,implemented-product-formula,True,True,0.011330328706147507,,,,,,,,,,,,,,,,,,,1.0,none,0.0,system register,1.0,72.0,51546240.0,0.0,-1.0,5721632640.0,51185777.0,analytical-model,0.0012589254117941675,,,,,,,,,,,,0.1.0,3.11.9,2.5.0,b58b31db18364511c43757e27fffc7abce8df2c1,True,ok,,
1.0,transverse_field_ising:N072,-1.9,empirical,47605.0,,,2.0,a8fa234e-a646-4911-8402-a67c302db4ae,2026-08-12T00:11:58.358108+00:00,c1ad72de628f71283ac69037e9bbe97c3e773952f5abde5eac91397ca322d1a6,resource-grid,transverse_field_ising,TFIM-72,"{""coupling"":1.0,""field"":3.0,""periodic"":false}",72,72.0,proportional,1.0,0.012589254117941675,287.0,143,trotter-p2-empirical,trotter,Trotter p=2 [empirical],empirical-operator-norm,empirical,2.0,,,,,,47605.0,,,,,,,,,,,,,,,,,,,,,,,,,,,,,,individual,143.0,0.011329973036860633,68.7917766697,empirical-operator-norm,Repository empirical operator-norm calibration study v1 (2026-08-10),reviewed calibration opnorm-v1-tfim-open-trotter-p2; artifact docs/calibration_data/empirical_1d_v1_accepted.json,"{""prefactor"":68.7917766697}",False,implemented-product-formula,False,,"[""the resolved ordered Hamiltonian groups match the implemented formula"",""the fixed formal-order powers in time and segments apply"",""the reviewed affine size calibration extrapolates as flagged""]",,,,,,,implemented-product-formula,False,False,0.011330328706147507,,,,,,,,,,,,,,,,,,,1.0,none,0.0,system register,1.0,72.0,13567425.0,0.0,-1.0,1438147050.0,13472548.0,analytical-model,0.0012589254117941675,opnorm-v1-tfim-open-trotter-p2,transverse_field_ising,affine-aN-plus-b,68.7917766697,4.0,12.0,4.0,12.0,True,True,formula,0.1.0,3.11.9,2.5.0,b58b31db18364511c43757e27fffc7abce8df2c1,True,ok,,
1.0,transverse_field_ising:N072,-1.9,commutator,7551.0,,,2.0,a8fa234e-a646-4911-8402-a67c302db4ae,2026-08-12T00:11:58.358108+00:00,c1ad72de628f71283ac69037e9bbe97c3e773952f5abde5eac91397ca322d1a6,resource-grid,transverse_field_ising,TFIM-72,"{""coupling"":1.0,""field"":3.0,""periodic"":false}",72,72.0,proportional,1.0,0.012589254117941675,287.0,143,trotter-p4,trotter,Trotter p=4,analytical,analytical,4.0,,,,,,7551.0,,,,,,,,,,,,,,,,,,,,,,,,,,,,,,commuting,2.0,0.011327835857182354,19032.785200508108,schubert-mendl-commutator,"Schubert and Mendl, arXiv:2306.10603",Theorem 1,"{""prefactor"":19032.785200508108}",True,implemented-product-formula,True,,"[""the resolved ordered Hamiltonian groups match the implemented formula""]",,,,,,,implemented-product-formula,True,True,0.011330328706147507,,,,,,,,,,,,,,,,,,,1.0,none,0.0,system register,1.0,72.0,8117325.0,0.0,-1.0,836084475.0,8060561.0,analytical-model,0.0012589254117941675,,,,,,,,,,,,0.1.0,3.11.9,2.5.0,b58b31db18364511c43757e27fffc7abce8df2c1,True,ok,,
1.0,transverse_field_ising:N072,-1.9,empirical,1508.0,,,2.0,a8fa234e-a646-4911-8402-a67c302db4ae,2026-08-12T00:11:58.358108+00:00,c1ad72de628f71283ac69037e9bbe97c3e773952f5abde5eac91397ca322d1a6,resource-grid,transverse_field_ising,TFIM-72,"{""coupling"":1.0,""field"":3.0,""periodic"":false}",72,72.0,proportional,1.0,0.012589254117941675,287.0,143,trotter-p4-empirical,trotter,Trotter p=4 [empirical],empirical-operator-norm,empirical,4.0,,,,,,1508.0,,,,,,,,,,,,,,,,,,,,,,,,,,,,,,commuting,2.0,0.011322012406834317,30.2598318541,empirical-operator-norm,Repository empirical operator-norm calibration study v1 (2026-08-10),reviewed calibration opnorm-v1-tfim-open-trotter-p4; artifact docs/calibration_data/empirical_1d_v1_accepted.json,"{""prefactor"":30.2598318541}",False,implemented-product-formula,False,,"[""the resolved ordered Hamiltonian groups match the implemented formula"",""the fixed formal-order powers in time and segments apply"",""the reviewed affine size calibration extrapolates as flagged""]",,,,,,,implemented-product-formula,False,False,0.011330328706147507,,,,,,,,,,,,,,,,,,,1.0,none,0.0,system register,1.0,72.0,1621100.0,0.0,-1.0,155625600.0,1609764.0,analytical-model,0.0012589254117941675,opnorm-v1-tfim-open-trotter-p4,transverse_field_ising,affine-aN-plus-b,30.2598318541,4.0,12.0,4.0,12.0,True,True,formula,0.1.0,3.11.9,2.5.0,b58b31db18364511c43757e27fffc7abce8df2c1,True,ok,,
1.0,transverse_field_ising:N072,-1.9,commutator,3784.0,,,2.0,a8fa234e-a646-4911-8402-a67c302db4ae,2026-08-12T00:11:58.358108+00:00,c1ad72de628f71283ac69037e9bbe97c3e773952f5abde5eac91397ca322d1a6,resource-grid,transverse_field_ising,TFIM-72,"{""coupling"":1.0,""field"":3.0,""periodic"":false}",72,72.0,proportional,1.0,0.012589254117941675,287.0,143,trotter-p6,trotter,Trotter p=6,analytical,analytical,6.0,,,,,,3784.0,,,,,,,,,,,,,,,,,,,,,,,,,,,,,,commuting,2.0,0.011329832868117569,3315910.460456222,schubert-mendl-commutator,"Schubert and Mendl, arXiv:2306.10603",Theorem 1,"{""prefactor"":3315910.460456222}",True,implemented-product-formula,True,,"[""the resolved ordered Hamiltonian groups match the implemented formula""]",,,,,,,implemented-product-formula,True,True,0.011330328706147507,,,,,,,,,,,,,,,,,,,1.0,none,0.0,system register,1.0,72.0,20339000.0,0.0,-1.0,2176273000.0,20196770.0,analytical-model,0.0012589254117941675,,,,,,,,,,,,0.1.0,3.11.9,2.5.0,b58b31db18364511c43757e27fffc7abce8df2c1,True,ok,,
1.0,transverse_field_ising:N072,-1.9,empirical,576.0,,,2.0,a8fa234e-a646-4911-8402-a67c302db4ae,2026-08-12T00:11:58.358108+00:00,c1ad72de628f71283ac69037e9bbe97c3e773952f5abde5eac91397ca322d1a6,resource-grid,transverse_field_ising,TFIM-72,"{""coupling"":1.0,""field"":3.0,""periodic"":false}",72,72.0,proportional,1.0,0.012589254117941675,287.0,143,trotter-p6-empirical,trotter,Trotter p=6 [empirical],empirical-operator-norm,empirical,6.0,,,,,,576.0,,,,,,,,,,,,,,,,,,,,,,,,,,,,,,commuting,2.0,0.00013562411157531695,0.4937923209,empirical-operator-norm,Repository empirical operator-norm calibration study v1 (2026-08-10),reviewed calibration opnorm-v1-tfim-open-trotter-p6; artifact docs/calibration_data/empirical_1d_v1_accepted.json,"{""prefactor"":0.4937923209}",False,implemented-product-formula,False,,"[""the resolved ordered Hamiltonian groups match the implemented formula"",""the fixed formal-order powers in time and segments apply"",""the reviewed affine size calibration extrapolates as flagged""]",,,,,,,implemented-product-formula,False,False,0.011330328706147507,,,,,,,,,,,,,,,,,,,1.0,none,0.0,system register,1.0,72.0,3096000.0,0.0,-1.0,306504000.0,3074350.0,analytical-model,0.0012589254117941675,opnorm-v1-tfim-open-trotter-p6,transverse_field_ising,affine-aN-plus-b,0.4937923209,4.0,12.0,4.0,12.0,True,True,asymptotic-domain,0.1.0,3.11.9,2.5.0,b58b31db18364511c43757e27fffc7abce8df2c1,True,ok,,
1.0,transverse_field_ising:N072,-1.9,jacobi-anger,,,,2.0,a8fa234e-a646-4911-8402-a67c302db4ae,2026-08-12T00:11:58.358108+00:00,c1ad72de628f71283ac69037e9bbe97c3e773952f5abde5eac91397ca322d1a6,resource-grid,transverse_field_ising,TFIM-72,"{""coupling"":1.0,""field"":3.0,""periodic"":false}",72,72.0,proportional,1.0,0.012589254117941675,287.0,143,qsvt,qsvt,QSVT,jacobi-anger-rigorous,analytical,,,,,,,,,,,,,,,,,,,,,,,,,,,,,,,,,,,168519.0,28087.0,,,0.0024131740497979736,,jacobi-anger-polynomial-oaa,"Martyn et al., arXiv:2105.02859, Eqs. (76)--(77)",Jacobi--Anger tails plus exact cubic OAA identity,"{""oaa-unitarity-defect-distortion"":0.0012076773795291463,""scaled-polynomial-error"":0.0012054966702688273}",True,ideal-qsvt-oaa-good-block,True,,"[""the cosine and sine polynomials are implemented exactly"",""the unamplified good block is exactly Q/2""]",,,,,,,implemented-qsvt-floating-phase-circuit,False,False,0.011330328706147507,,,,,,,,,,,,,,,,,,,2.0,one robust OAA round,1.0,"component, quadrature, and index registers all-zero",,90.0,86281740.0,195819204.0,-1.0,10619395176.0,1296585942.0,analytical-model,0.0012589254117941675,,,,,,,,,,,,0.1.0,3.11.9,2.5.0,b58b31db18364511c43757e27fffc7abce8df2c1,True,ok,,
1.0,transverse_field_ising:N072,-1.9,empirical,,8.0,90.0,2.0,a8fa234e-a646-4911-8402-a67c302db4ae,2026-08-12T00:11:58.358108+00:00,c1ad72de628f71283ac69037e9bbe97c3e773952f5abde5eac91397ca322d1a6,resource-grid,transverse_field_ising,TFIM-72,"{""coupling"":1.0,""field"":3.0,""periodic"":false}",72,72.0,proportional,1.0,0.012589254117941675,287.0,143,mpf-j-mizuta2026-theorem6-empirical-operator-norm,multiproduct,MPF J=Mizuta Theorem 6 (resolved per point) [empirical operator norm],empirical-operator-norm,empirical,,8.0,16.0,mizuta2026-theorem6,5.000000000000001,0.011330328706147507,90.0,,,,[],,,,,,,,,,,,,,,[],,,,,,,empirical-operator-norm,[],16470.0,,,,0.0007284326275552161,0.0003594323,empirical-operator-norm,Repository empirical operator-norm calibration study v1 (2026-08-10),reviewed calibration opnorm-v1-tfim-open-mpf-new-m8; fixed formal powers,"{""empirical_coefficient"":0.0003594323}",False,ideal-mpf,False,ordered individual Pauli terms,"[""the fixed formal-order powers in time and segments apply"",""the empirical estimate concerns the repeated ideal MPF operator"",""the reviewed affine size calibration extrapolates as flagged""]",,0.0,0.0,False,False,{},repeated-shared-ancilla-good-block,False,False,0.011330328706147507,new,"[1,2,3,4,5,6,11,29]","[-3.280633240950701e-11,1.38314223008236e-06,-0.00042434045620952707,0.013663236344294543,-0.0975962105352182,0.17214651362521294,-0.39147182230350597,1.3036812402160025]",1.9789847466554802,0.021015253344519813,61.0,registered-exact,True,8.0,4.0,2.0,5.0,10.0,6.0,6.0,3.0,2.0,3.0,2.0,one robust OAA round per segment,90.0,branch register all-zero,,79.0,9396000.0,9540.0,-1.0,977222160.0,14115356.0,analytical-model,0.0012589254117941675,opnorm-v1-tfim-open-mpf-new-m8,transverse_field_ising,affine-aN-plus-b,0.0003594323,4.0,12.0,4.0,12.0,True,True,asymptotic-domain,0.1.0,3.11.9,2.5.0,b58b31db18364511c43757e27fffc7abce8df2c1,True,ok,,
1.0,transverse_field_ising:N072,-1.9,commutator,,8.0,12973.0,2.0,a8fa234e-a646-4911-8402-a67c302db4ae,2026-08-12T00:11:58.358108+00:00,c1ad72de628f71283ac69037e9bbe97c3e773952f5abde5eac91397ca322d1a6,resource-grid,transverse_field_ising,TFIM-72,"{""coupling"":1.0,""field"":3.0,""periodic"":false}",72,72.0,proportional,1.0,0.012589254117941675,287.0,143,mpf-j-mizuta2026-theorem6-mizuta2026-commutator-ideal-rigorous,multiproduct,MPF J=Mizuta Theorem 6 (resolved per point) [Mizuta 2026 refined commutator],mizuta2026-commutator-ideal-rigorous,analytical,,8.0,16.0,mizuta2026-theorem6,5.000000000000001,0.011330328706147507,12973.0,12973.0,,10221.0,"[""error""]",35.48658543120852,16.0,,,8.633493402920446e-07,1.0997518315472877e-13,1.3205732945743377e-19,1.0997505109739931e-13,1.0997518315472877e-13,8.633494502672279e-07,0.011326372929004846,1.944807358119685e-05,False,0.007044915619865151,"[1.0000000000000002,1.0000000000000002,1.0000000000000002,1.0000000000000002,1.0000000000000002,1.0000000000000002,1.0000000000000002,1.0000000000000002,1.0000000000000002,1.0000000000000002,1.0000000000000002,1.0000000000000002,1.0000000000000002,1.0000000000000002,1.0000000000000002,1.0000000000000002,1.0000000000000002,1.0000000000000002,1.0000000000000002,1.0000000000000002,1.0000000000000002,1.0000000000000002,1.0000000000000002,1.0000000000000002,1.0000000000000002,1.0000000000000002,1.0000000000000002,1.0000000000000002,1.0000000000000002,1.0000000000000002,1.0000000000000002,1.0000000000000002,1.0000000000000002,1.0000000000000002,1.0000000000000002,1.0000000000000002,1.0000000000000002,1.0000000000000002,1.0000000000000002,1.0000000000000002,1.0000000000000002,1.0000000000000002,1.0000000000000002,1.0000000000000002,1.0000000000000002,1.0000000000000002,1.0000000000000002,1.0000000000000002,1.0000000000000002,1.0000000000000002,1.0000000000000002,1.0000000000000002,1.0000000000000002,1.0000000000000002,1.0000000000000002,1.0000000000000002,1.0000000000000002,1.0000000000000002,1.0000000000000002,1.0000000000000002,1.0000000000000002,1.0000000000000002,1.0000000000000002,1.0000000000000002,1.0000000000000002,1.0000000000000002,1.0000000000000002,1.0000000000000002,1.0000000000000002,1.0000000000000002,1.0000000000000002,1.0000000000000002,1.0000000000000002,1.0000000000000002,1.0000000000000002,1.0000000000000002,1.0000000000000002,1.0000000000000002,1.0000000000000002,1.0000000000000002,1.0000000000000002,1.0000000000000002,1.0000000000000002,1.0000000000000002,1.0000000000000002,1.0000000000000002,1.0000000000000002,1.0000000000000002,1.0000000000000002,1.0000000000000002,1.0000000000000002,1.0000000000000002,1.0000000000000002,1.0000000000000002,1.0000000000000002,1.0000000000000002,1.0000000000000002,1.0000000000000002,1.0000000000000002,1.0000000000000002,1.0000000000000002,1.0000000000000002,1.0000000000000002,1.0000000000000002,1.0000000000000002,1.0000000000000002,1.0000000000000002,1.0000000000000002,1.0000000000000002,1.0000000000000002,1.0000000000000002,1.0000000000000002,1.0000000000000002,1.0000000000000002,1.0000000000000002,1.0000000000000002,1.0000000000000002,1.0000000000000002,1.0000000000000002,1.0000000000000002,1.0000000000000002,1.0000000000000002,1.0000000000000002,1.0000000000000002,1.0000000000000002,1.0000000000000002,1.0000000000000002,1.0000000000000002,1.0000000000000002,1.0000000000000002,1.0000000000000002,1.0000000000000002,1.0000000000000002,1.0000000000000002,1.0000000000000002,1.0000000000000002,1.0000000000000002,1.0000000000000002,1.0000000000000002,1.0000000000000002,1.0000000000000002,1.0000000000000002,1.0000000000000002]",5.0000000000000036,16.0,False,,not-used,commutator,mizuta2026-commutator-ideal-rigorous,[],2374059.0,,,,0.011326372929004846,1.919646359684627e+32,mizuta2026-commutator-ideal-rigorous,"Mizuta, Quantum 10, 1974 (2026), arXiv:2507.06557v4","Theorem 4, Eqs. (47)--(49), with direct Lemmas 9--10 BCH remainder","{""error_predicate_satisfied"":1.0,""extensiveness_g"":5.000000000000001,""joint_predicate_satisfied"":1.0,""legacy_first_condition_passed"":0.0,""legacy_first_time_limit"":1.944807358119685e-05,""local_commutator_error"":8.633493402920446e-07,""local_step_error"":8.633494502672279e-07,""local_truncated_bch_error"":1.0997518315472877e-13,""locality_k"":2.0,""mu_upper"":35.48658543120852,""refined_lemma10_remainder"":1.0997505109739931e-13,""refined_lemma9_remainder"":1.3205732945743377e-19,""refined_tail_fallback"":0.0,""repeated_global_error"":0.011326372929004846,""schedule_weighted_extensiveness"":5.0000000000000036,""second_time_limit"":0.007044915619865151,""time_2_predicate_satisfied"":1.0,""total_branchwise_bch_remainder"":1.0997518315472877e-13,""truncation_order_p0"":16.0}",True,ideal-mpf,True,ordered individual Pauli terms,"[""individual Pauli summands define the ordered H_gamma decomposition"",""the actual Strang factors define schedule-weighted g_alpha extensiveness"",""Lemma 9 and Lemma 10 positive majorants directly certify the BCH remainder"",""the scalar-flow/Cauchy refined tail certificate is used"",""Theorem 4 second time hypothesis is satisfied"",""the repeated ideal MPF is composed with the Eq. (15) telescoping argument""]",,16.0,16.0,True,False,"{""2"":1704.0000000000016,""3"":27216.00000000004,""4"":352992.0000000008,""5"":5638464.000000017,""6"":77007360.0000003,""7"":1230183936.0000057,""8"":17379351552.00009,""9"":277660099584.00165,""10"":4013367508992.027,""11"":64125048397824.48,""12"":941929898999815.6,""13"":1.5051227707441284e+16,""14"":2.2371433013969107e+17,""15"":3.57501156198112e+18,""16"":5.361671830269178e+19}",repeated-shared-ancilla-good-block,True,False,0.011330328706147507,new,"[1,2,3,4,5,6,11,29]","[-3.280633240950701e-11,1.38314223008236e-06,-0.00042434045620952707,0.013663236344294543,-0.0975962105352182,0.17214651362521294,-0.39147182230350597,1.3036812402160025]",1.9789847466554802,0.021015253344519813,61.0,registered-exact,True,8.0,4.0,2.0,5.0,10.0,6.0,6.0,3.0,2.0,3.0,2.0,one robust OAA round per segment,12973.0,branch register all-zero,,79.0,1354381200.0,1375138.0,-1.0,170657531752.0,2034650030.0,analytical-model,0.0012589254117941675,,,,,,,,,,,,0.1.0,3.11.9,2.5.0,b58b31db18364511c43757e27fffc7abce8df2c1,True,ok,,
1.0,transverse_field_ising:N072,-2.0,commutator,202933.0,,,2.0,a8fa234e-a646-4911-8402-a67c302db4ae,2026-08-12T00:11:58.358108+00:00,c1ad72de628f71283ac69037e9bbe97c3e773952f5abde5eac91397ca322d1a6,resource-grid,transverse_field_ising,TFIM-72,"{""coupling"":1.0,""field"":3.0,""periodic"":false}",72,72.0,proportional,1.0,0.01,287.0,143,trotter-p2,trotter,Trotter p=2,analytical,analytical,2.0,,,,,,202933.0,,,,,,,,,,,,,,,,,,,,,,,,,,,,,,individual,143.0,0.00899997672756067,993.0,childs-commutator,"Childs, Su, Tran, Wiebe, and Zhu, arXiv:1912.08854",Propositions 9--10,"{""prefactor"":993.0}",True,implemented-product-formula,True,,"[""the resolved ordered Hamiltonian groups match the implemented formula""]",,,,,,,implemented-product-formula,True,True,0.009000000000000001,,,,,,,,,,,,,,,,,,,1.0,none,0.0,system register,1.0,72.0,57835905.0,0.0,-1.0,6535457265.0,57431459.0,analytical-model,0.001,,,,,,,,,,,,0.1.0,3.11.9,2.5.0,b58b31db18364511c43757e27fffc7abce8df2c1,True,ok,,
1.0,transverse_field_ising:N072,-2.0,empirical,53413.0,,,2.0,a8fa234e-a646-4911-8402-a67c302db4ae,2026-08-12T00:11:58.358108+00:00,c1ad72de628f71283ac69037e9bbe97c3e773952f5abde5eac91397ca322d1a6,resource-grid,transverse_field_ising,TFIM-72,"{""coupling"":1.0,""field"":3.0,""periodic"":false}",72,72.0,proportional,1.0,0.01,287.0,143,trotter-p2-empirical,trotter,Trotter p=2 [empirical],empirical-operator-norm,empirical,2.0,,,,,,53413.0,,,,,,,,,,,,,,,,,,,,,,,,,,,,,,individual,143.0,0.008999949503966058,68.7917766697,empirical-operator-norm,Repository empirical operator-norm calibration study v1 (2026-08-10),reviewed calibration opnorm-v1-tfim-open-trotter-p2; artifact docs/calibration_data/empirical_1d_v1_accepted.json,"{""prefactor"":68.7917766697}",False,implemented-product-formula,False,,"[""the resolved ordered Hamiltonian groups match the implemented formula"",""the fixed formal-order powers in time and segments apply"",""the reviewed affine size calibration extrapolates as flagged""]",,,,,,,implemented-product-formula,False,False,0.009000000000000001,,,,,,,,,,,,,,,,,,,1.0,none,0.0,system register,1.0,72.0,15222705.0,0.0,-1.0,1628829435.0,15116253.0,analytical-model,0.001,opnorm-v1-tfim-open-trotter-p2,transverse_field_ising,affine-aN-plus-b,68.7917766697,4.0,12.0,4.0,12.0,True,True,formula,0.1.0,3.11.9,2.5.0,b58b31db18364511c43757e27fffc7abce8df2c1,True,ok,,
1.0,transverse_field_ising:N072,-2.0,commutator,7998.0,,,2.0,a8fa234e-a646-4911-8402-a67c302db4ae,2026-08-12T00:11:58.358108+00:00,c1ad72de628f71283ac69037e9bbe97c3e773952f5abde5eac91397ca322d1a6,resource-grid,transverse_field_ising,TFIM-72,"{""coupling"":1.0,""field"":3.0,""periodic"":false}",72,72.0,proportional,1.0,0.01,287.0,143,trotter-p4,trotter,Trotter p=4,analytical,analytical,4.0,,,,,,7998.0,,,,,,,,,,,,,,,,,,,,,,,,,,,,,,commuting,2.0,0.008999932024050429,19032.785200508108,schubert-mendl-commutator,"Schubert and Mendl, arXiv:2306.10603",Theorem 1,"{""prefactor"":19032.785200508108}",True,implemented-product-formula,True,,"[""the resolved ordered Hamiltonian groups match the implemented formula""]",,,,,,,implemented-product-formula,True,True,0.009000000000000001,,,,,,,,,,,,,,,,,,,1.0,none,0.0,system register,1.0,72.0,8597850.0,0.0,-1.0,902774250.0,8537726.0,analytical-model,0.001,,,,,,,,,,,,0.1.0,3.11.9,2.5.0,b58b31db18364511c43757e27fffc7abce8df2c1,True,ok,,
1.0,transverse_field_ising:N072,-2.0,empirical,1598.0,,,2.0,a8fa234e-a646-4911-8402-a67c302db4ae,2026-08-12T00:11:58.358108+00:00,c1ad72de628f71283ac69037e9bbe97c3e773952f5abde5eac91397ca322d1a6,resource-grid,transverse_field_ising,TFIM-72,"{""coupling"":1.0,""field"":3.0,""periodic"":false}",72,72.0,proportional,1.0,0.01,287.0,143,trotter-p4-empirical,trotter,Trotter p=4 [empirical],empirical-operator-norm,empirical,4.0,,,,,,1598.0,,,,,,,,,,,,,,,,,,,,,,,,,,,,,,commuting,2.0,0.008978874320545283,30.2598318541,empirical-operator-norm,Repository empirical operator-norm calibration study v1 (2026-08-10),reviewed calibration opnorm-v1-tfim-open-trotter-p4; artifact docs/calibration_data/empirical_1d_v1_accepted.json,"{""prefactor"":30.2598318541}",False,implemented-product-formula,False,,"[""the resolved ordered Hamiltonian groups match the implemented formula"",""the fixed formal-order powers in time and segments apply"",""the reviewed affine size calibration extrapolates as flagged""]",,,,,,,implemented-product-formula,False,False,0.009000000000000001,,,,,,,,,,,,,,,,,,,1.0,none,0.0,system register,1.0,72.0,1717850.0,0.0,-1.0,166631450.0,1705838.0,analytical-model,0.001,opnorm-v1-tfim-open-trotter-p4,transverse_field_ising,affine-aN-plus-b,30.2598318541,4.0,12.0,4.0,12.0,True,True,formula,0.1.0,3.11.9,2.5.0,b58b31db18364511c43757e27fffc7abce8df2c1,True,ok,,
1.0,transverse_field_ising:N072,-2.0,commutator,3933.0,,,2.0,a8fa234e-a646-4911-8402-a67c302db4ae,2026-08-12T00:11:58.358108+00:00,c1ad72de628f71283ac69037e9bbe97c3e773952f5abde5eac91397ca322d1a6,resource-grid,transverse_field_ising,TFIM-72,"{""coupling"":1.0,""field"":3.0,""periodic"":false}",72,72.0,proportional,1.0,0.01,287.0,143,trotter-p6,trotter,Trotter p=6,analytical,analytical,6.0,,,,,,3933.0,,,,,,,,,,,,,,,,,,,,,,,,,,,,,,commuting,2.0,0.008986417494347268,3315910.460456222,schubert-mendl-commutator,"Schubert and Mendl, arXiv:2306.10603",Theorem 1,"{""prefactor"":3315910.460456222}",True,implemented-product-formula,True,,"[""the resolved ordered Hamiltonian groups match the implemented formula""]",,,,,,,implemented-product-formula,True,True,0.009000000000000001,,,,,,,,,,,,,,,,,,,1.0,none,0.0,system register,1.0,72.0,21139875.0,0.0,-1.0,2283106500.0,20992044.0,analytical-model,0.001,,,,,,,,,,,,0.1.0,3.11.9,2.5.0,b58b31db18364511c43757e27fffc7abce8df2c1,True,ok,,
1.0,transverse_field_ising:N072,-2.0,empirical,576.0,,,2.0,a8fa234e-a646-4911-8402-a67c302db4ae,2026-08-12T00:11:58.358108+00:00,c1ad72de628f71283ac69037e9bbe97c3e773952f5abde5eac91397ca322d1a6,resource-grid,transverse_field_ising,TFIM-72,"{""coupling"":1.0,""field"":3.0,""periodic"":false}",72,72.0,proportional,1.0,0.01,287.0,143,trotter-p6-empirical,trotter,Trotter p=6 [empirical],empirical-operator-norm,empirical,6.0,,,,,,576.0,,,,,,,,,,,,,,,,,,,,,,,,,,,,,,commuting,2.0,0.00013562411157531695,0.4937923209,empirical-operator-norm,Repository empirical operator-norm calibration study v1 (2026-08-10),reviewed calibration opnorm-v1-tfim-open-trotter-p6; artifact docs/calibration_data/empirical_1d_v1_accepted.json,"{""prefactor"":0.4937923209}",False,implemented-product-formula,False,,"[""the resolved ordered Hamiltonian groups match the implemented formula"",""the fixed formal-order powers in time and segments apply"",""the reviewed affine size calibration extrapolates as flagged""]",,,,,,,implemented-product-formula,False,False,0.009000000000000001,,,,,,,,,,,,,,,,,,,1.0,none,0.0,system register,1.0,72.0,3096000.0,0.0,-1.0,309600000.0,3074350.0,analytical-model,0.001,opnorm-v1-tfim-open-trotter-p6,transverse_field_ising,affine-aN-plus-b,0.4937923209,4.0,12.0,4.0,12.0,True,True,asymptotic-domain,0.1.0,3.11.9,2.5.0,b58b31db18364511c43757e27fffc7abce8df2c1,True,ok,,
1.0,transverse_field_ising:N072,-2.0,jacobi-anger,,,,2.0,a8fa234e-a646-4911-8402-a67c302db4ae,2026-08-12T00:11:58.358108+00:00,c1ad72de628f71283ac69037e9bbe97c3e773952f5abde5eac91397ca322d1a6,resource-grid,transverse_field_ising,TFIM-72,"{""coupling"":1.0,""field"":3.0,""periodic"":false}",72,72.0,proportional,1.0,0.01,287.0,143,qsvt,qsvt,QSVT,jacobi-anger-rigorous,analytical,,,,,,,,,,,,,,,,,,,,,,,,,,,,,,,,,,,168519.0,28087.0,,,0.0021539548101245174,,jacobi-anger-polynomial-oaa,"Martyn et al., arXiv:2105.02859, Eqs. (76)--(77)",Jacobi--Anger tails plus exact cubic OAA identity,"{""oaa-unitarity-defect-distortion"":0.0010778462238653665,""scaled-polynomial-error"":0.001076108586259151}",True,ideal-qsvt-oaa-good-block,True,,"[""the cosine and sine polynomials are implemented exactly"",""the unamplified good block is exactly Q/2""]",,,,,,,implemented-qsvt-floating-phase-circuit,False,False,0.009000000000000001,,,,,,,,,,,,,,,,,,,2.0,one robust OAA round,1.0,"component, quadrature, and index registers all-zero",,90.0,86281740.0,195819204.0,-1.0,10705676916.0,1296585942.0,analytical-model,0.001,,,,,,,,,,,,0.1.0,3.11.9,2.5.0,b58b31db18364511c43757e27fffc7abce8df2c1,True,ok,,
1.0,transverse_field_ising:N072,-2.0,empirical,,8.0,90.0,2.0,a8fa234e-a646-4911-8402-a67c302db4ae,2026-08-12T00:11:58.358108+00:00,c1ad72de628f71283ac69037e9bbe97c3e773952f5abde5eac91397ca322d1a6,resource-grid,transverse_field_ising,TFIM-72,"{""coupling"":1.0,""field"":3.0,""periodic"":false}",72,72.0,proportional,1.0,0.01,287.0,143,mpf-j-mizuta2026-theorem6-empirical-operator-norm,multiproduct,MPF J=Mizuta Theorem 6 (resolved per point) [empirical operator norm],empirical-operator-norm,empirical,,8.0,16.0,mizuta2026-theorem6,5.000000000000001,0.009000000000000001,90.0,,,,[],,,,,,,,,,,,,,,[],,,,,,,empirical-operator-norm,[],16470.0,,,,0.0007284326275552161,0.0003594323,empirical-operator-norm,Repository empirical operator-norm calibration study v1 (2026-08-10),reviewed calibration opnorm-v1-tfim-open-mpf-new-m8; fixed formal powers,"{""empirical_coefficient"":0.0003594323}",False,ideal-mpf,False,ordered individual Pauli terms,"[""the fixed formal-order powers in time and segments apply"",""the empirical estimate concerns the repeated ideal MPF operator"",""the reviewed affine size calibration extrapolates as flagged""]",,0.0,0.0,False,False,{},repeated-shared-ancilla-good-block,False,False,0.009000000000000001,new,"[1,2,3,4,5,6,11,29]","[-3.280633240950701e-11,1.38314223008236e-06,-0.00042434045620952707,0.013663236344294543,-0.0975962105352182,0.17214651362521294,-0.39147182230350597,1.3036812402160025]",1.9789847466554802,0.021015253344519813,61.0,registered-exact,True,8.0,4.0,2.0,5.0,10.0,6.0,6.0,3.0,2.0,3.0,2.0,one robust OAA round per segment,90.0,branch register all-zero,,79.0,9396000.0,9540.0,-1.0,986618160.0,14115356.0,analytical-model,0.001,opnorm-v1-tfim-open-mpf-new-m8,transverse_field_ising,affine-aN-plus-b,0.0003594323,4.0,12.0,4.0,12.0,True,True,asymptotic-domain,0.1.0,3.11.9,2.5.0,b58b31db18364511c43757e27fffc7abce8df2c1,True,ok,,
1.0,transverse_field_ising:N072,-2.0,commutator,,8.0,13159.0,2.0,a8fa234e-a646-4911-8402-a67c302db4ae,2026-08-12T00:11:58.358108+00:00,c1ad72de628f71283ac69037e9bbe97c3e773952f5abde5eac91397ca322d1a6,resource-grid,transverse_field_ising,TFIM-72,"{""coupling"":1.0,""field"":3.0,""periodic"":false}",72,72.0,proportional,1.0,0.01,287.0,143,mpf-j-mizuta2026-theorem6-mizuta2026-commutator-ideal-rigorous,multiproduct,MPF J=Mizuta Theorem 6 (resolved per point) [Mizuta 2026 refined commutator],mizuta2026-commutator-ideal-rigorous,analytical,,8.0,16.0,mizuta2026-theorem6,5.000000000000001,0.009000000000000001,13159.0,13159.0,,10221.0,"[""error""]",35.48658543120852,16.0,,,6.777735105443703e-07,8.538584780198123e-14,1.1175704069716284e-19,8.538573604494052e-14,8.538584780198123e-14,6.777735959302183e-07,0.008998717804371484,1.944807358119685e-05,False,0.007044915619865151,"[1.0000000000000002,1.0000000000000002,1.0000000000000002,1.0000000000000002,1.0000000000000002,1.0000000000000002,1.0000000000000002,1.0000000000000002,1.0000000000000002,1.0000000000000002,1.0000000000000002,1.0000000000000002,1.0000000000000002,1.0000000000000002,1.0000000000000002,1.0000000000000002,1.0000000000000002,1.0000000000000002,1.0000000000000002,1.0000000000000002,1.0000000000000002,1.0000000000000002,1.0000000000000002,1.0000000000000002,1.0000000000000002,1.0000000000000002,1.0000000000000002,1.0000000000000002,1.0000000000000002,1.0000000000000002,1.0000000000000002,1.0000000000000002,1.0000000000000002,1.0000000000000002,1.0000000000000002,1.0000000000000002,1.0000000000000002,1.0000000000000002,1.0000000000000002,1.0000000000000002,1.0000000000000002,1.0000000000000002,1.0000000000000002,1.0000000000000002,1.0000000000000002,1.0000000000000002,1.0000000000000002,1.0000000000000002,1.0000000000000002,1.0000000000000002,1.0000000000000002,1.0000000000000002,1.0000000000000002,1.0000000000000002,1.0000000000000002,1.0000000000000002,1.0000000000000002,1.0000000000000002,1.0000000000000002,1.0000000000000002,1.0000000000000002,1.0000000000000002,1.0000000000000002,1.0000000000000002,1.0000000000000002,1.0000000000000002,1.0000000000000002,1.0000000000000002,1.0000000000000002,1.0000000000000002,1.0000000000000002,1.0000000000000002,1.0000000000000002,1.0000000000000002,1.0000000000000002,1.0000000000000002,1.0000000000000002,1.0000000000000002,1.0000000000000002,1.0000000000000002,1.0000000000000002,1.0000000000000002,1.0000000000000002,1.0000000000000002,1.0000000000000002,1.0000000000000002,1.0000000000000002,1.0000000000000002,1.0000000000000002,1.0000000000000002,1.0000000000000002,1.0000000000000002,1.0000000000000002,1.0000000000000002,1.0000000000000002,1.0000000000000002,1.0000000000000002,1.0000000000000002,1.0000000000000002,1.0000000000000002,1.0000000000000002,1.0000000000000002,1.0000000000000002,1.0000000000000002,1.0000000000000002,1.0000000000000002,1.0000000000000002,1.0000000000000002,1.0000000000000002,1.0000000000000002,1.0000000000000002,1.0000000000000002,1.0000000000000002,1.0000000000000002,1.0000000000000002,1.0000000000000002,1.0000000000000002,1.0000000000000002,1.0000000000000002,1.0000000000000002,1.0000000000000002,1.0000000000000002,1.0000000000000002,1.0000000000000002,1.0000000000000002,1.0000000000000002,1.0000000000000002,1.0000000000000002,1.0000000000000002,1.0000000000000002,1.0000000000000002,1.0000000000000002,1.0000000000000002,1.0000000000000002,1.0000000000000002,1.0000000000000002,1.0000000000000002,1.0000000000000002,1.0000000000000002,1.0000000000000002,1.0000000000000002,1.0000000000000002,1.0000000000000002]",5.0000000000000036,16.0,False,,not-used,commutator,mizuta2026-commutator-ideal-rigorous,[],2408097.0,,,,0.008998717804371484,1.919646359684627e+32,mizuta2026-commutator-ideal-rigorous,"Mizuta, Quantum 10, 1974 (2026), arXiv:2507.06557v4","Theorem 4, Eqs. (47)--(49), with direct Lemmas 9--10 BCH remainder","{""error_predicate_satisfied"":1.0,""extensiveness_g"":5.000000000000001,""joint_predicate_satisfied"":1.0,""legacy_first_condition_passed"":0.0,""legacy_first_time_limit"":1.944807358119685e-05,""local_commutator_error"":6.777735105443703e-07,""local_step_error"":6.777735959302183e-07,""local_truncated_bch_error"":8.538584780198123e-14,""locality_k"":2.0,""mu_upper"":35.48658543120852,""refined_lemma10_remainder"":8.538573604494052e-14,""refined_lemma9_remainder"":1.1175704069716284e-19,""refined_tail_fallback"":0.0,""repeated_global_error"":0.008998717804371484,""schedule_weighted_extensiveness"":5.0000000000000036,""second_time_limit"":0.007044915619865151,""time_2_predicate_satisfied"":1.0,""total_branchwise_bch_remainder"":8.538584780198123e-14,""truncation_order_p0"":16.0}",True,ideal-mpf,True,ordered individual Pauli terms,"[""individual Pauli summands define the ordered H_gamma decomposition"",""the actual Strang factors define schedule-weighted g_alpha extensiveness"",""Lemma 9 and Lemma 10 positive majorants directly certify the BCH remainder"",""the scalar-flow/Cauchy refined tail certificate is used"",""Theorem 4 second time hypothesis is satisfied"",""the repeated ideal MPF is composed with the Eq. (15) telescoping argument""]",,16.0,16.0,True,False,"{""2"":1704.0000000000016,""3"":27216.00000000004,""4"":352992.0000000008,""5"":5638464.000000017,""6"":77007360.0000003,""7"":1230183936.0000057,""8"":17379351552.00009,""9"":277660099584.00165,""10"":4013367508992.027,""11"":64125048397824.48,""12"":941929898999815.6,""13"":1.5051227707441284e+16,""14"":2.2371433013969107e+17,""15"":3.57501156198112e+18,""16"":5.361671830269178e+19}",repeated-shared-ancilla-good-block,True,False,0.009000000000000001,new,"[1,2,3,4,5,6,11,29]","[-3.280633240950701e-11,1.38314223008236e-06,-0.00042434045620952707,0.013663236344294543,-0.0975962105352182,0.17214651362521294,-0.39147182230350597,1.3036812402160025]",1.9789847466554802,0.021015253344519813,61.0,registered-exact,True,8.0,4.0,2.0,5.0,10.0,6.0,6.0,3.0,2.0,3.0,2.0,one robust OAA round per segment,13159.0,branch register all-zero,,79.0,1373799600.0,1394854.0,-1.0,174478128616.0,2063821764.0,analytical-model,0.001,,,,,,,,,,,,0.1.0,3.11.9,2.5.0,b58b31db18364511c43757e27fffc7abce8df2c1,True,ok,,
1.0,transverse_field_ising:N072,-2.1,commutator,227695.0,,,2.0,a8fa234e-a646-4911-8402-a67c302db4ae,2026-08-12T00:11:58.358108+00:00,c1ad72de628f71283ac69037e9bbe97c3e773952f5abde5eac91397ca322d1a6,resource-grid,transverse_field_ising,TFIM-72,"{""coupling"":1.0,""field"":3.0,""periodic"":false}",72,72.0,proportional,1.0,0.007943282347242814,287.0,143,trotter-p2,trotter,Trotter p=2,analytical,analytical,2.0,,,,,,227695.0,,,,,,,,,,,,,,,,,,,,,,,,,,,,,,individual,143.0,0.00714890868715333,993.0,childs-commutator,"Childs, Su, Tran, Wiebe, and Zhu, arXiv:1912.08854",Propositions 9--10,"{""prefactor"":993.0}",True,implemented-product-formula,True,,"[""the resolved ordered Hamiltonian groups match the implemented formula""]",,,,,,,implemented-product-formula,True,True,0.007148954112518533,,,,,,,,,,,,,,,,,,,1.0,none,0.0,system register,1.0,72.0,64893075.0,0.0,-1.0,7397810550.0,64439278.0,analytical-model,0.0007943282347242814,,,,,,,,,,,,0.1.0,3.11.9,2.5.0,b58b31db18364511c43757e27fffc7abce8df2c1,True,ok,,
1.0,transverse_field_ising:N072,-2.1,empirical,59931.0,,,2.0,a8fa234e-a646-4911-8402-a67c302db4ae,2026-08-12T00:11:58.358108+00:00,c1ad72de628f71283ac69037e9bbe97c3e773952f5abde5eac91397ca322d1a6,resource-grid,transverse_field_ising,TFIM-72,"{""coupling"":1.0,""field"":3.0,""periodic"":false}",72,72.0,proportional,1.0,0.007943282347242814,287.0,143,trotter-p2-empirical,trotter,Trotter p=2 [empirical],empirical-operator-norm,empirical,2.0,,,,,,59931.0,,,,,,,,,,,,,,,,,,,,,,,,,,,,,,individual,143.0,0.007148764108323105,68.7917766697,empirical-operator-norm,Repository empirical operator-norm calibration study v1 (2026-08-10),reviewed calibration opnorm-v1-tfim-open-trotter-p2; artifact docs/calibration_data/empirical_1d_v1_accepted.json,"{""prefactor"":68.7917766697}",False,implemented-product-formula,False,,"[""the resolved ordered Hamiltonian groups match the implemented formula"",""the fixed formal-order powers in time and segments apply"",""the reviewed affine size calibration extrapolates as flagged""]",,,,,,,implemented-product-formula,False,False,0.007148954112518533,,,,,,,,,,,,,,,,,,,1.0,none,0.0,system register,1.0,72.0,17080335.0,0.0,-1.0,1861756515.0,16960893.0,analytical-model,0.0007943282347242814,opnorm-v1-tfim-open-trotter-p2,transverse_field_ising,affine-aN-plus-b,68.7917766697,4.0,12.0,4.0,12.0,True,True,formula,0.1.0,3.11.9,2.5.0,b58b31db18364511c43757e27fffc7abce8df2c1,True,ok,,
1.0,transverse_field_ising:N072,-2.1,commutator,8472.0,,,2.0,a8fa234e-a646-4911-8402-a67c302db4ae,2026-08-12T00:11:58.358108+00:00,c1ad72de628f71283ac69037e9bbe97c3e773952f5abde5eac91397ca322d1a6,resource-grid,transverse_field_ising,TFIM-72,"{""coupling"":1.0,""field"":3.0,""periodic"":false}",72,72.0,proportional,1.0,0.007943282347242814,287.0,143,trotter-p4,trotter,Trotter p=4,analytical,analytical,4.0,,,,,,8472.0,,,,,,,,,,,,,,,,,,,,,,,,,,,,,,commuting,2.0,0.007148600711918585,19032.785200508108,schubert-mendl-commutator,"Schubert and Mendl, arXiv:2306.10603",Theorem 1,"{""prefactor"":19032.785200508108}",True,implemented-product-formula,True,,"[""the resolved ordered Hamiltonian groups match the implemented formula""]",,,,,,,implemented-product-formula,True,True,0.007148954112518533,,,,,,,,,,,,,,,,,,,1.0,none,0.0,system register,1.0,72.0,9107400.0,0.0,-1.0,965384400.0,9043712.0,analytical-model,0.0007943282347242814,,,,,,,,,,,,0.1.0,3.11.9,2.5.0,b58b31db18364511c43757e27fffc7abce8df2c1,True,ok,,
1.0,transverse_field_ising:N072,-2.1,empirical,1692.0,,,2.0,a8fa234e-a646-4911-8402-a67c302db4ae,2026-08-12T00:11:58.358108+00:00,c1ad72de628f71283ac69037e9bbe97c3e773952f5abde5eac91397ca322d1a6,resource-grid,transverse_field_ising,TFIM-72,"{""coupling"":1.0,""field"":3.0,""periodic"":false}",72,72.0,proportional,1.0,0.007943282347242814,287.0,143,trotter-p4-empirical,trotter,Trotter p=4 [empirical],empirical-operator-norm,empirical,4.0,,,,,,1692.0,,,,,,,,,,,,,,,,,,,,,,,,,,,,,,commuting,2.0,0.007143771548985133,30.2598318541,empirical-operator-norm,Repository empirical operator-norm calibration study v1 (2026-08-10),reviewed calibration opnorm-v1-tfim-open-trotter-p4; artifact docs/calibration_data/empirical_1d_v1_accepted.json,"{""prefactor"":30.2598318541}",False,implemented-product-formula,False,,"[""the resolved ordered Hamiltonian groups match the implemented formula"",""the fixed formal-order powers in time and segments apply"",""the reviewed affine size calibration extrapolates as flagged""]",,,,,,,implemented-product-formula,False,False,0.007148954112518533,,,,,,,,,,,,,,,,,,,1.0,none,0.0,system register,1.0,72.0,1818900.0,0.0,-1.0,180071100.0,1806181.0,analytical-model,0.0007943282347242814,opnorm-v1-tfim-open-trotter-p4,transverse_field_ising,affine-aN-plus-b,30.2598318541,4.0,12.0,4.0,12.0,True,True,formula,0.1.0,3.11.9,2.5.0,b58b31db18364511c43757e27fffc7abce8df2c1,True,ok,,
1.0,transverse_field_ising:N072,-2.1,commutator,4086.0,,,2.0,a8fa234e-a646-4911-8402-a67c302db4ae,2026-08-12T00:11:58.358108+00:00,c1ad72de628f71283ac69037e9bbe97c3e773952f5abde5eac91397ca322d1a6,resource-grid,transverse_field_ising,TFIM-72,"{""coupling"":1.0,""field"":3.0,""periodic"":false}",72,72.0,proportional,1.0,0.007943282347242814,287.0,143,trotter-p6,trotter,Trotter p=6,analytical,analytical,6.0,,,,,,4086.0,,,,,,,,,,,,,,,,,,,,,,,,,,,,,,commuting,2.0,0.007147268476301797,3315910.460456222,schubert-mendl-commutator,"Schubert and Mendl, arXiv:2306.10603",Theorem 1,"{""prefactor"":3315910.460456222}",True,implemented-product-formula,True,,"[""the resolved ordered Hamiltonian groups match the implemented formula""]",,,,,,,implemented-product-formula,True,True,0.007148954112518533,,,,,,,,,,,,,,,,,,,1.0,none,0.0,system register,1.0,72.0,21962250.0,0.0,-1.0,2415847500.0,21808668.0,analytical-model,0.0007943282347242814,,,,,,,,,,,,0.1.0,3.11.9,2.5.0,b58b31db18364511c43757e27fffc7abce8df2c1,True,ok,,
1.0,transverse_field_ising:N072,-2.1,empirical,576.0,,,2.0,a8fa234e-a646-4911-8402-a67c302db4ae,2026-08-12T00:11:58.358108+00:00,c1ad72de628f71283ac69037e9bbe97c3e773952f5abde5eac91397ca322d1a6,resource-grid,transverse_field_ising,TFIM-72,"{""coupling"":1.0,""field"":3.0,""periodic"":false}",72,72.0,proportional,1.0,0.007943282347242814,287.0,143,trotter-p6-empirical,trotter,Trotter p=6 [empirical],empirical-operator-norm,empirical,6.0,,,,,,576.0,,,,,,,,,,,,,,,,,,,,,,,,,,,,,,commuting,2.0,0.00013562411157531695,0.4937923209,empirical-operator-norm,Repository empirical operator-norm calibration study v1 (2026-08-10),reviewed calibration opnorm-v1-tfim-open-trotter-p6; artifact docs/calibration_data/empirical_1d_v1_accepted.json,"{""prefactor"":0.4937923209}",False,implemented-product-formula,False,,"[""the resolved ordered Hamiltonian groups match the implemented formula"",""the fixed formal-order powers in time and segments apply"",""the reviewed affine size calibration extrapolates as flagged""]",,,,,,,implemented-product-formula,False,False,0.007148954112518533,,,,,,,,,,,,,,,,,,,1.0,none,0.0,system register,1.0,72.0,3096000.0,0.0,-1.0,312696000.0,3074350.0,analytical-model,0.0007943282347242814,opnorm-v1-tfim-open-trotter-p6,transverse_field_ising,affine-aN-plus-b,0.4937923209,4.0,12.0,4.0,12.0,True,True,asymptotic-domain,0.1.0,3.11.9,2.5.0,b58b31db18364511c43757e27fffc7abce8df2c1,True,ok,,
1.0,transverse_field_ising:N072,-2.1,jacobi-anger,,,,2.0,a8fa234e-a646-4911-8402-a67c302db4ae,2026-08-12T00:11:58.358108+00:00,c1ad72de628f71283ac69037e9bbe97c3e773952f5abde5eac91397ca322d1a6,resource-grid,transverse_field_ising,TFIM-72,"{""coupling"":1.0,""field"":3.0,""periodic"":false}",72,72.0,proportional,1.0,0.007943282347242814,287.0,143,qsvt,qsvt,QSVT,jacobi-anger-rigorous,analytical,,,,,,,,,,,,,,,,,,,,,,,,,,,,,,,,,,,168531.0,28089.0,,,0.000950568818323016,,jacobi-anger-polynomial-oaa,"Martyn et al., arXiv:2105.02859, Eqs. (76)--(77)",Jacobi--Anger tails plus exact cubic OAA identity,"{""oaa-unitarity-defect-distortion"":0.0004754537367295236,""scaled-polynomial-error"":0.00047511508159349235}",True,ideal-qsvt-oaa-good-block,True,,"[""the cosine and sine polynomials are implemented exactly"",""the unamplified good block is exactly Q/2""]",,,,,,,implemented-qsvt-floating-phase-circuit,False,False,0.007148954112518533,,,,,,,,,,,,,,,,,,,2.0,one robust OAA round,1.0,"component, quadrature, and index registers all-zero",,90.0,86287884.0,195833148.0,-1.0,10792727136.0,1296678270.0,analytical-model,0.0007943282347242814,,,,,,,,,,,,0.1.0,3.11.9,2.5.0,b58b31db18364511c43757e27fffc7abce8df2c1,True,ok,,
1.0,transverse_field_ising:N072,-2.1,empirical,,8.0,90.0,2.0,a8fa234e-a646-4911-8402-a67c302db4ae,2026-08-12T00:11:58.358108+00:00,c1ad72de628f71283ac69037e9bbe97c3e773952f5abde5eac91397ca322d1a6,resource-grid,transverse_field_ising,TFIM-72,"{""coupling"":1.0,""field"":3.0,""periodic"":false}",72,72.0,proportional,1.0,0.007943282347242814,287.0,143,mpf-j-mizuta2026-theorem6-empirical-operator-norm,multiproduct,MPF J=Mizuta Theorem 6 (resolved per point) [empirical operator norm],empirical-operator-norm,empirical,,8.0,16.0,mizuta2026-theorem6,5.000000000000001,0.007148954112518533,90.0,,,,[],,,,,,,,,,,,,,,[],,,,,,,empirical-operator-norm,[],16470.0,,,,0.0007284326275552161,0.0003594323,empirical-operator-norm,Repository empirical operator-norm calibration study v1 (2026-08-10),reviewed calibration opnorm-v1-tfim-open-mpf-new-m8; fixed formal powers,"{""empirical_coefficient"":0.0003594323}",False,ideal-mpf,False,ordered individual Pauli terms,"[""the fixed formal-order powers in time and segments apply"",""the empirical estimate concerns the repeated ideal MPF operator"",""the reviewed affine size calibration extrapolates as flagged""]",,0.0,0.0,False,False,{},repeated-shared-ancilla-good-block,False,False,0.007148954112518533,new,"[1,2,3,4,5,6,11,29]","[-3.280633240950701e-11,1.38314223008236e-06,-0.00042434045620952707,0.013663236344294543,-0.0975962105352182,0.17214651362521294,-0.39147182230350597,1.3036812402160025]",1.9789847466554802,0.021015253344519813,61.0,registered-exact,True,8.0,4.0,2.0,5.0,10.0,6.0,6.0,3.0,2.0,3.0,2.0,one robust OAA round per segment,90.0,branch register all-zero,,79.0,9396000.0,9540.0,-1.0,996014160.0,14115356.0,analytical-model,0.0007943282347242814,opnorm-v1-tfim-open-mpf-new-m8,transverse_field_ising,affine-aN-plus-b,0.0003594323,4.0,12.0,4.0,12.0,True,True,asymptotic-domain,0.1.0,3.11.9,2.5.0,b58b31db18364511c43757e27fffc7abce8df2c1,True,ok,,
1.0,transverse_field_ising:N072,-2.1,commutator,,8.0,13349.0,2.0,a8fa234e-a646-4911-8402-a67c302db4ae,2026-08-12T00:11:58.358108+00:00,c1ad72de628f71283ac69037e9bbe97c3e773952f5abde5eac91397ca322d1a6,resource-grid,transverse_field_ising,TFIM-72,"{""coupling"":1.0,""field"":3.0,""periodic"":false}",72,72.0,proportional,1.0,0.007943282347242814,287.0,143,mpf-j-mizuta2026-theorem6-mizuta2026-commutator-ideal-rigorous,multiproduct,MPF J=Mizuta Theorem 6 (resolved per point) [Mizuta 2026 refined commutator],mizuta2026-commutator-ideal-rigorous,analytical,,8.0,16.0,mizuta2026-theorem6,5.000000000000001,0.007148954112518533,13349.0,13349.0,,10221.0,"[""error""]",35.48658543120852,16.0,,,5.311842714698911e-07,6.619998558258506e-14,9.447164888581532e-20,6.619989111093616e-14,6.619998558258506e-14,5.311843376698768e-07,0.007141233755176902,1.944807358119685e-05,False,0.007044915619865151,"[1.0000000000000002,1.0000000000000002,1.0000000000000002,1.0000000000000002,1.0000000000000002,1.0000000000000002,1.0000000000000002,1.0000000000000002,1.0000000000000002,1.0000000000000002,1.0000000000000002,1.0000000000000002,1.0000000000000002,1.0000000000000002,1.0000000000000002,1.0000000000000002,1.0000000000000002,1.0000000000000002,1.0000000000000002,1.0000000000000002,1.0000000000000002,1.0000000000000002,1.0000000000000002,1.0000000000000002,1.0000000000000002,1.0000000000000002,1.0000000000000002,1.0000000000000002,1.0000000000000002,1.0000000000000002,1.0000000000000002,1.0000000000000002,1.0000000000000002,1.0000000000000002,1.0000000000000002,1.0000000000000002,1.0000000000000002,1.0000000000000002,1.0000000000000002,1.0000000000000002,1.0000000000000002,1.0000000000000002,1.0000000000000002,1.0000000000000002,1.0000000000000002,1.0000000000000002,1.0000000000000002,1.0000000000000002,1.0000000000000002,1.0000000000000002,1.0000000000000002,1.0000000000000002,1.0000000000000002,1.0000000000000002,1.0000000000000002,1.0000000000000002,1.0000000000000002,1.0000000000000002,1.0000000000000002,1.0000000000000002,1.0000000000000002,1.0000000000000002,1.0000000000000002,1.0000000000000002,1.0000000000000002,1.0000000000000002,1.0000000000000002,1.0000000000000002,1.0000000000000002,1.0000000000000002,1.0000000000000002,1.0000000000000002,1.0000000000000002,1.0000000000000002,1.0000000000000002,1.0000000000000002,1.0000000000000002,1.0000000000000002,1.0000000000000002,1.0000000000000002,1.0000000000000002,1.0000000000000002,1.0000000000000002,1.0000000000000002,1.0000000000000002,1.0000000000000002,1.0000000000000002,1.0000000000000002,1.0000000000000002,1.0000000000000002,1.0000000000000002,1.0000000000000002,1.0000000000000002,1.0000000000000002,1.0000000000000002,1.0000000000000002,1.0000000000000002,1.0000000000000002,1.0000000000000002,1.0000000000000002,1.0000000000000002,1.0000000000000002,1.0000000000000002,1.0000000000000002,1.0000000000000002,1.0000000000000002,1.0000000000000002,1.0000000000000002,1.0000000000000002,1.0000000000000002,1.0000000000000002,1.0000000000000002,1.0000000000000002,1.0000000000000002,1.0000000000000002,1.0000000000000002,1.0000000000000002,1.0000000000000002,1.0000000000000002,1.0000000000000002,1.0000000000000002,1.0000000000000002,1.0000000000000002,1.0000000000000002,1.0000000000000002,1.0000000000000002,1.0000000000000002,1.0000000000000002,1.0000000000000002,1.0000000000000002,1.0000000000000002,1.0000000000000002,1.0000000000000002,1.0000000000000002,1.0000000000000002,1.0000000000000002,1.0000000000000002,1.0000000000000002,1.0000000000000002,1.0000000000000002,1.0000000000000002,1.0000000000000002,1.0000000000000002]",5.0000000000000036,16.0,False,,not-used,commutator,mizuta2026-commutator-ideal-rigorous,[],2442867.0,,,,0.007141233755176902,1.919646359684627e+32,mizuta2026-commutator-ideal-rigorous,"Mizuta, Quantum 10, 1974 (2026), arXiv:2507.06557v4","Theorem 4, Eqs. (47)--(49), with direct Lemmas 9--10 BCH remainder","{""error_predicate_satisfied"":1.0,""extensiveness_g"":5.000000000000001,""joint_predicate_satisfied"":1.0,""legacy_first_condition_passed"":0.0,""legacy_first_time_limit"":1.944807358119685e-05,""local_commutator_error"":5.311842714698911e-07,""local_step_error"":5.311843376698768e-07,""local_truncated_bch_error"":6.619998558258506e-14,""locality_k"":2.0,""mu_upper"":35.48658543120852,""refined_lemma10_remainder"":6.619989111093616e-14,""refined_lemma9_remainder"":9.447164888581532e-20,""refined_tail_fallback"":0.0,""repeated_global_error"":0.007141233755176902,""schedule_weighted_extensiveness"":5.0000000000000036,""second_time_limit"":0.007044915619865151,""time_2_predicate_satisfied"":1.0,""total_branchwise_bch_remainder"":6.619998558258506e-14,""truncation_order_p0"":16.0}",True,ideal-mpf,True,ordered individual Pauli terms,"[""individual Pauli summands define the ordered H_gamma decomposition"",""the actual Strang factors define schedule-weighted g_alpha extensiveness"",""Lemma 9 and Lemma 10 positive majorants directly certify the BCH remainder"",""the scalar-flow/Cauchy refined tail certificate is used"",""Theorem 4 second time hypothesis is satisfied"",""the repeated ideal MPF is composed with the Eq. (15) telescoping argument""]",,16.0,16.0,True,False,"{""2"":1704.0000000000016,""3"":27216.00000000004,""4"":352992.0000000008,""5"":5638464.000000017,""6"":77007360.0000003,""7"":1230183936.0000057,""8"":17379351552.00009,""9"":277660099584.00165,""10"":4013367508992.027,""11"":64125048397824.48,""12"":941929898999815.6,""13"":1.5051227707441284e+16,""14"":2.2371433013969107e+17,""15"":3.57501156198112e+18,""16"":5.361671830269178e+19}",repeated-shared-ancilla-good-block,True,False,0.007148954112518533,new,"[1,2,3,4,5,6,11,29]","[-3.280633240950701e-11,1.38314223008236e-06,-0.00042434045620952707,0.013663236344294543,-0.0975962105352182,0.17214651362521294,-0.39147182230350597,1.3036812402160025]",1.9789847466554802,0.021015253344519813,61.0,registered-exact,True,8.0,4.0,2.0,5.0,10.0,6.0,6.0,3.0,2.0,3.0,2.0,one robust OAA round per segment,13349.0,branch register all-zero,,79.0,1393635600.0,1414994.0,-1.0,178391016776.0,2093620847.0,analytical-model,0.0007943282347242814,,,,,,,,,,,,0.1.0,3.11.9,2.5.0,b58b31db18364511c43757e27fffc7abce8df2c1,True,ok,,
1.0,transverse_field_ising:N072,-2.2,commutator,255478.0,,,2.0,a8fa234e-a646-4911-8402-a67c302db4ae,2026-08-12T00:11:58.358108+00:00,c1ad72de628f71283ac69037e9bbe97c3e773952f5abde5eac91397ca322d1a6,resource-grid,transverse_field_ising,TFIM-72,"{""coupling"":1.0,""field"":3.0,""periodic"":false}",72,72.0,proportional,1.0,0.00630957344480193,287.0,143,trotter-p2,trotter,Trotter p=2,analytical,analytical,2.0,,,,,,255478.0,,,,,,,,,,,,,,,,,,,,,,,,,,,,,,individual,143.0,0.005678579659914052,993.0,childs-commutator,"Childs, Su, Tran, Wiebe, and Zhu, arXiv:1912.08854",Propositions 9--10,"{""prefactor"":993.0}",True,implemented-product-formula,True,,"[""the resolved ordered Hamiltonian groups match the implemented formula""]",,,,,,,implemented-product-formula,True,True,0.005678616100321737,,,,,,,,,,,,,,,,,,,1.0,none,0.0,system register,1.0,72.0,72811230.0,0.0,-1.0,8446102680.0,72302061.0,analytical-model,0.0006309573444801931,,,,,,,,,,,,0.1.0,3.11.9,2.5.0,b58b31db18364511c43757e27fffc7abce8df2c1,True,ok,,
1.0,transverse_field_ising:N072,-2.2,empirical,67243.0,,,2.0,a8fa234e-a646-4911-8402-a67c302db4ae,2026-08-12T00:11:58.358108+00:00,c1ad72de628f71283ac69037e9bbe97c3e773952f5abde5eac91397ca322d1a6,resource-grid,transverse_field_ising,TFIM-72,"{""coupling"":1.0,""field"":3.0,""periodic"":false}",72,72.0,proportional,1.0,0.00630957344480193,287.0,143,trotter-p2-empirical,trotter,Trotter p=2 [empirical],empirical-operator-norm,empirical,2.0,,,,,,67243.0,,,,,,,,,,,,,,,,,,,,,,,,,,,,,,individual,143.0,0.0056785813716279405,68.7917766697,empirical-operator-norm,Repository empirical operator-norm calibration study v1 (2026-08-10),reviewed calibration opnorm-v1-tfim-open-trotter-p2; artifact docs/calibration_data/empirical_1d_v1_accepted.json,"{""prefactor"":68.7917766697}",False,implemented-product-formula,False,,"[""the resolved ordered Hamiltonian groups match the implemented formula"",""the fixed formal-order powers in time and segments apply"",""the reviewed affine size calibration extrapolates as flagged""]",,,,,,,implemented-product-formula,False,False,0.005678616100321737,,,,,,,,,,,,,,,,,,,1.0,none,0.0,system register,1.0,72.0,19164255.0,0.0,-1.0,2108068050.0,19030240.0,analytical-model,0.0006309573444801931,opnorm-v1-tfim-open-trotter-p2,transverse_field_ising,affine-aN-plus-b,68.7917766697,4.0,12.0,4.0,12.0,True,True,formula,0.1.0,3.11.9,2.5.0,b58b31db18364511c43757e27fffc7abce8df2c1,True,ok,,
1.0,transverse_field_ising:N072,-2.2,commutator,8974.0,,,2.0,a8fa234e-a646-4911-8402-a67c302db4ae,2026-08-12T00:11:58.358108+00:00,c1ad72de628f71283ac69037e9bbe97c3e773952f5abde5eac91397ca322d1a6,resource-grid,transverse_field_ising,TFIM-72,"{""coupling"":1.0,""field"":3.0,""periodic"":false}",72,72.0,proportional,1.0,0.00630957344480193,287.0,143,trotter-p4,trotter,Trotter p=4,analytical,analytical,4.0,,,,,,8974.0,,,,,,,,,,,,,,,,,,,,,,,,,,,,,,commuting,2.0,0.0056783292078151715,19032.785200508108,schubert-mendl-commutator,"Schubert and Mendl, arXiv:2306.10603",Theorem 1,"{""prefactor"":19032.785200508108}",True,implemented-product-formula,True,,"[""the resolved ordered Hamiltonian groups match the implemented formula""]",,,,,,,implemented-product-formula,True,True,0.005678616100321737,,,,,,,,,,,,,,,,,,,1.0,none,0.0,system register,1.0,72.0,9647050.0,0.0,-1.0,1032234350.0,9579589.0,analytical-model,0.0006309573444801931,,,,,,,,,,,,0.1.0,3.11.9,2.5.0,b58b31db18364511c43757e27fffc7abce8df2c1,True,ok,,
1.0,transverse_field_ising:N072,-2.2,empirical,1792.0,,,2.0,a8fa234e-a646-4911-8402-a67c302db4ae,2026-08-12T00:11:58.358108+00:00,c1ad72de628f71283ac69037e9bbe97c3e773952f5abde5eac91397ca322d1a6,resource-grid,transverse_field_ising,TFIM-72,"{""coupling"":1.0,""field"":3.0,""periodic"":false}",72,72.0,proportional,1.0,0.00630957344480193,287.0,143,trotter-p4-empirical,trotter,Trotter p=4 [empirical],empirical-operator-norm,empirical,4.0,,,,,,1792.0,,,,,,,,,,,,,,,,,,,,,,,,,,,,,,commuting,2.0,0.00567775922106467,30.2598318541,empirical-operator-norm,Repository empirical operator-norm calibration study v1 (2026-08-10),reviewed calibration opnorm-v1-tfim-open-trotter-p4; artifact docs/calibration_data/empirical_1d_v1_accepted.json,"{""prefactor"":30.2598318541}",False,implemented-product-formula,False,,"[""the resolved ordered Hamiltonian groups match the implemented formula"",""the fixed formal-order powers in time and segments apply"",""the reviewed affine size calibration extrapolates as flagged""]",,,,,,,implemented-product-formula,False,False,0.005678616100321737,,,,,,,,,,,,,,,,,,,1.0,none,0.0,system register,1.0,72.0,1926400.0,0.0,-1.0,192640000.0,1912929.0,analytical-model,0.0006309573444801931,opnorm-v1-tfim-open-trotter-p4,transverse_field_ising,affine-aN-plus-b,30.2598318541,4.0,12.0,4.0,12.0,True,True,formula,0.1.0,3.11.9,2.5.0,b58b31db18364511c43757e27fffc7abce8df2c1,True,ok,,
1.0,transverse_field_ising:N072,-2.2,commutator,4246.0,,,2.0,a8fa234e-a646-4911-8402-a67c302db4ae,2026-08-12T00:11:58.358108+00:00,c1ad72de628f71283ac69037e9bbe97c3e773952f5abde5eac91397ca322d1a6,resource-grid,transverse_field_ising,TFIM-72,"{""coupling"":1.0,""field"":3.0,""periodic"":false}",72,72.0,proportional,1.0,0.00630957344480193,287.0,143,trotter-p6,trotter,Trotter p=6,analytical,analytical,6.0,,,,,,4246.0,,,,,,,,,,,,,,,,,,,,,,,,,,,,,,commuting,2.0,0.005676103825293279,3315910.460456222,schubert-mendl-commutator,"Schubert and Mendl, arXiv:2306.10603",Theorem 1,"{""prefactor"":3315910.460456222}",True,implemented-product-formula,True,,"[""the resolved ordered Hamiltonian groups match the implemented formula""]",,,,,,,implemented-product-formula,True,True,0.005678616100321737,,,,,,,,,,,,,,,,,,,1.0,none,0.0,system register,1.0,72.0,22822250.0,0.0,-1.0,2533269750.0,22662654.0,analytical-model,0.0006309573444801931,,,,,,,,,,,,0.1.0,3.11.9,2.5.0,b58b31db18364511c43757e27fffc7abce8df2c1,True,ok,,
1.0,transverse_field_ising:N072,-2.2,empirical,576.0,,,2.0,a8fa234e-a646-4911-8402-a67c302db4ae,2026-08-12T00:11:58.358108+00:00,c1ad72de628f71283ac69037e9bbe97c3e773952f5abde5eac91397ca322d1a6,resource-grid,transverse_field_ising,TFIM-72,"{""coupling"":1.0,""field"":3.0,""periodic"":false}",72,72.0,proportional,1.0,0.00630957344480193,287.0,143,trotter-p6-empirical,trotter,Trotter p=6 [empirical],empirical-operator-norm,empirical,6.0,,,,,,576.0,,,,,,,,,,,,,,,,,,,,,,,,,,,,,,commuting,2.0,0.00013562411157531695,0.4937923209,empirical-operator-norm,Repository empirical operator-norm calibration study v1 (2026-08-10),reviewed calibration opnorm-v1-tfim-open-trotter-p6; artifact docs/calibration_data/empirical_1d_v1_accepted.json,"{""prefactor"":0.4937923209}",False,implemented-product-formula,False,,"[""the resolved ordered Hamiltonian groups match the implemented formula"",""the fixed formal-order powers in time and segments apply"",""the reviewed affine size calibration extrapolates as flagged""]",,,,,,,implemented-product-formula,False,False,0.005678616100321737,,,,,,,,,,,,,,,,,,,1.0,none,0.0,system register,1.0,72.0,3096000.0,0.0,-1.0,315792000.0,3074350.0,analytical-model,0.0006309573444801931,opnorm-v1-tfim-open-trotter-p6,transverse_field_ising,affine-aN-plus-b,0.4937923209,4.0,12.0,4.0,12.0,True,True,asymptotic-domain,0.1.0,3.11.9,2.5.0,b58b31db18364511c43757e27fffc7abce8df2c1,True,ok,,
1.0,transverse_field_ising:N072,-2.2,jacobi-anger,,,,2.0,a8fa234e-a646-4911-8402-a67c302db4ae,2026-08-12T00:11:58.358108+00:00,c1ad72de628f71283ac69037e9bbe97c3e773952f5abde5eac91397ca322d1a6,resource-grid,transverse_field_ising,TFIM-72,"{""coupling"":1.0,""field"":3.0,""periodic"":false}",72,72.0,proportional,1.0,0.00630957344480193,287.0,143,qsvt,qsvt,QSVT,jacobi-anger-rigorous,analytical,,,,,,,,,,,,,,,,,,,,,,,,,,,,,,,,,,,168531.0,28089.0,,,0.0007871042312084045,,jacobi-anger-polynomial-oaa,"Martyn et al., arXiv:2105.02859, Eqs. (76)--(77)",Jacobi--Anger tails plus exact cubic OAA identity,"{""oaa-unitarity-defect-distortion"":0.0003936682247477629,""scaled-polynomial-error"":0.0003934360064606416}",True,ideal-qsvt-oaa-good-block,True,,"[""the cosine and sine polynomials are implemented exactly"",""the unamplified good block is exactly Q/2""]",,,,,,,implemented-qsvt-floating-phase-circuit,False,False,0.005678616100321737,,,,,,,,,,,,,,,,,,,2.0,one robust OAA round,1.0,"component, quadrature, and index registers all-zero",,90.0,86287884.0,195833148.0,-1.0,10879015020.0,1296678270.0,analytical-model,0.0006309573444801931,,,,,,,,,,,,0.1.0,3.11.9,2.5.0,b58b31db18364511c43757e27fffc7abce8df2c1,True,ok,,
1.0,transverse_field_ising:N072,-2.2,empirical,,8.0,90.0,2.0,a8fa234e-a646-4911-8402-a67c302db4ae,2026-08-12T00:11:58.358108+00:00,c1ad72de628f71283ac69037e9bbe97c3e773952f5abde5eac91397ca322d1a6,resource-grid,transverse_field_ising,TFIM-72,"{""coupling"":1.0,""field"":3.0,""periodic"":false}",72,72.0,proportional,1.0,0.00630957344480193,287.0,143,mpf-j-mizuta2026-theorem6-empirical-operator-norm,multiproduct,MPF J=Mizuta Theorem 6 (resolved per point) [empirical operator norm],empirical-operator-norm,empirical,,8.0,16.0,mizuta2026-theorem6,5.000000000000001,0.005678616100321737,90.0,,,,[],,,,,,,,,,,,,,,[],,,,,,,empirical-operator-norm,[],16470.0,,,,0.0007284326275552161,0.0003594323,empirical-operator-norm,Repository empirical operator-norm calibration study v1 (2026-08-10),reviewed calibration opnorm-v1-tfim-open-mpf-new-m8; fixed formal powers,"{""empirical_coefficient"":0.0003594323}",False,ideal-mpf,False,ordered individual Pauli terms,"[""the fixed formal-order powers in time and segments apply"",""the empirical estimate concerns the repeated ideal MPF operator"",""the reviewed affine size calibration extrapolates as flagged""]",,0.0,0.0,False,False,{},repeated-shared-ancilla-good-block,False,False,0.005678616100321737,new,"[1,2,3,4,5,6,11,29]","[-3.280633240950701e-11,1.38314223008236e-06,-0.00042434045620952707,0.013663236344294543,-0.0975962105352182,0.17214651362521294,-0.39147182230350597,1.3036812402160025]",1.9789847466554802,0.021015253344519813,61.0,registered-exact,True,8.0,4.0,2.0,5.0,10.0,6.0,6.0,3.0,2.0,3.0,2.0,one robust OAA round per segment,90.0,branch register all-zero,,79.0,9396000.0,9540.0,-1.0,1005410160.0,14115356.0,analytical-model,0.0006309573444801931,opnorm-v1-tfim-open-mpf-new-m8,transverse_field_ising,affine-aN-plus-b,0.0003594323,4.0,12.0,4.0,12.0,True,True,asymptotic-domain,0.1.0,3.11.9,2.5.0,b58b31db18364511c43757e27fffc7abce8df2c1,True,ok,,
1.0,transverse_field_ising:N072,-2.2,commutator,,8.0,13541.0,2.0,a8fa234e-a646-4911-8402-a67c302db4ae,2026-08-12T00:11:58.358108+00:00,c1ad72de628f71283ac69037e9bbe97c3e773952f5abde5eac91397ca322d1a6,resource-grid,transverse_field_ising,TFIM-72,"{""coupling"":1.0,""field"":3.0,""periodic"":false}",72,72.0,proportional,1.0,0.00630957344480193,287.0,143,mpf-j-mizuta2026-theorem6-mizuta2026-commutator-ideal-rigorous,multiproduct,MPF J=Mizuta Theorem 6 (resolved per point) [Mizuta 2026 refined commutator],mizuta2026-commutator-ideal-rigorous,analytical,,8.0,16.0,mizuta2026-theorem6,5.000000000000001,0.005678616100321737,13541.0,13541.0,,10221.0,"[""error""]",35.48658543120852,16.0,,,4.166881226788188e-07,5.13916910974258e-14,7.991530576857386e-20,5.139161118212002e-14,5.13916910974258e-14,4.1668817407050994e-07,0.0056742985703231484,1.944807358119685e-05,False,0.007044915619865151,"[1.0000000000000002,1.0000000000000002,1.0000000000000002,1.0000000000000002,1.0000000000000002,1.0000000000000002,1.0000000000000002,1.0000000000000002,1.0000000000000002,1.0000000000000002,1.0000000000000002,1.0000000000000002,1.0000000000000002,1.0000000000000002,1.0000000000000002,1.0000000000000002,1.0000000000000002,1.0000000000000002,1.0000000000000002,1.0000000000000002,1.0000000000000002,1.0000000000000002,1.0000000000000002,1.0000000000000002,1.0000000000000002,1.0000000000000002,1.0000000000000002,1.0000000000000002,1.0000000000000002,1.0000000000000002,1.0000000000000002,1.0000000000000002,1.0000000000000002,1.0000000000000002,1.0000000000000002,1.0000000000000002,1.0000000000000002,1.0000000000000002,1.0000000000000002,1.0000000000000002,1.0000000000000002,1.0000000000000002,1.0000000000000002,1.0000000000000002,1.0000000000000002,1.0000000000000002,1.0000000000000002,1.0000000000000002,1.0000000000000002,1.0000000000000002,1.0000000000000002,1.0000000000000002,1.0000000000000002,1.0000000000000002,1.0000000000000002,1.0000000000000002,1.0000000000000002,1.0000000000000002,1.0000000000000002,1.0000000000000002,1.0000000000000002,1.0000000000000002,1.0000000000000002,1.0000000000000002,1.0000000000000002,1.0000000000000002,1.0000000000000002,1.0000000000000002,1.0000000000000002,1.0000000000000002,1.0000000000000002,1.0000000000000002,1.0000000000000002,1.0000000000000002,1.0000000000000002,1.0000000000000002,1.0000000000000002,1.0000000000000002,1.0000000000000002,1.0000000000000002,1.0000000000000002,1.0000000000000002,1.0000000000000002,1.0000000000000002,1.0000000000000002,1.0000000000000002,1.0000000000000002,1.0000000000000002,1.0000000000000002,1.0000000000000002,1.0000000000000002,1.0000000000000002,1.0000000000000002,1.0000000000000002,1.0000000000000002,1.0000000000000002,1.0000000000000002,1.0000000000000002,1.0000000000000002,1.0000000000000002,1.0000000000000002,1.0000000000000002,1.0000000000000002,1.0000000000000002,1.0000000000000002,1.0000000000000002,1.0000000000000002,1.0000000000000002,1.0000000000000002,1.0000000000000002,1.0000000000000002,1.0000000000000002,1.0000000000000002,1.0000000000000002,1.0000000000000002,1.0000000000000002,1.0000000000000002,1.0000000000000002,1.0000000000000002,1.0000000000000002,1.0000000000000002,1.0000000000000002,1.0000000000000002,1.0000000000000002,1.0000000000000002,1.0000000000000002,1.0000000000000002,1.0000000000000002,1.0000000000000002,1.0000000000000002,1.0000000000000002,1.0000000000000002,1.0000000000000002,1.0000000000000002,1.0000000000000002,1.0000000000000002,1.0000000000000002,1.0000000000000002,1.0000000000000002,1.0000000000000002,1.0000000000000002,1.0000000000000002,1.0000000000000002]",5.0000000000000036,16.0,False,,not-used,commutator,mizuta2026-commutator-ideal-rigorous,[],2478003.0,,,,0.0056742985703231484,1.919646359684627e+32,mizuta2026-commutator-ideal-rigorous,"Mizuta, Quantum 10, 1974 (2026), arXiv:2507.06557v4","Theorem 4, Eqs. (47)--(49), with direct Lemmas 9--10 BCH remainder","{""error_predicate_satisfied"":1.0,""extensiveness_g"":5.000000000000001,""joint_predicate_satisfied"":1.0,""legacy_first_condition_passed"":0.0,""legacy_first_time_limit"":1.944807358119685e-05,""local_commutator_error"":4.166881226788188e-07,""local_step_error"":4.1668817407050994e-07,""local_truncated_bch_error"":5.13916910974258e-14,""locality_k"":2.0,""mu_upper"":35.48658543120852,""refined_lemma10_remainder"":5.139161118212002e-14,""refined_lemma9_remainder"":7.991530576857386e-20,""refined_tail_fallback"":0.0,""repeated_global_error"":0.0056742985703231484,""schedule_weighted_extensiveness"":5.0000000000000036,""second_time_limit"":0.007044915619865151,""time_2_predicate_satisfied"":1.0,""total_branchwise_bch_remainder"":5.13916910974258e-14,""truncation_order_p0"":16.0}",True,ideal-mpf,True,ordered individual Pauli terms,"[""individual Pauli summands define the ordered H_gamma decomposition"",""the actual Strang factors define schedule-weighted g_alpha extensiveness"",""Lemma 9 and Lemma 10 positive majorants directly certify the BCH remainder"",""the scalar-flow/Cauchy refined tail certificate is used"",""Theorem 4 second time hypothesis is satisfied"",""the repeated ideal MPF is composed with the Eq. (15) telescoping argument""]",,16.0,16.0,True,False,"{""2"":1704.0000000000016,""3"":27216.00000000004,""4"":352992.0000000008,""5"":5638464.000000017,""6"":77007360.0000003,""7"":1230183936.0000057,""8"":17379351552.00009,""9"":277660099584.00165,""10"":4013367508992.027,""11"":64125048397824.48,""12"":941929898999815.6,""13"":1.5051227707441284e+16,""14"":2.2371433013969107e+17,""15"":3.57501156198112e+18,""16"":5.361671830269178e+19}",repeated-shared-ancilla-good-block,True,False,0.005678616100321737,new,"[1,2,3,4,5,6,11,29]","[-3.280633240950701e-11,1.38314223008236e-06,-0.00042434045620952707,0.013663236344294543,-0.0975962105352182,0.17214651362521294,-0.39147182230350597,1.3036812402160025]",1.9789847466554802,0.021015253344519813,61.0,registered-exact,True,8.0,4.0,2.0,5.0,10.0,6.0,6.0,3.0,2.0,3.0,2.0,one robust OAA round per segment,13541.0,branch register all-zero,,79.0,1413680400.0,1435346.0,-1.0,182370512984.0,2123733605.0,analytical-model,0.0006309573444801931,,,,,,,,,,,,0.1.0,3.11.9,2.5.0,b58b31db18364511c43757e27fffc7abce8df2c1,True,ok,,
1.0,transverse_field_ising:N072,-2.3,commutator,286651.0,,,2.0,a8fa234e-a646-4911-8402-a67c302db4ae,2026-08-12T00:11:58.358108+00:00,c1ad72de628f71283ac69037e9bbe97c3e773952f5abde5eac91397ca322d1a6,resource-grid,transverse_field_ising,TFIM-72,"{""coupling"":1.0,""field"":3.0,""periodic"":false}",72,72.0,proportional,1.0,0.005011872336272725,287.0,143,trotter-p2,trotter,Trotter p=2,analytical,analytical,2.0,,,,,,286651.0,,,,,,,,,,,,,,,,,,,,,,,,,,,,,,individual,143.0,0.004510657122171059,993.0,childs-commutator,"Childs, Su, Tran, Wiebe, and Zhu, arXiv:1912.08854",Propositions 9--10,"{""prefactor"":993.0}",True,implemented-product-formula,True,,"[""the resolved ordered Hamiltonian groups match the implemented formula""]",,,,,,,implemented-product-formula,True,True,0.004510685102645452,,,,,,,,,,,,,,,,,,,1.0,none,0.0,system register,1.0,72.0,81695535.0,0.0,-1.0,9558377595.0,81124238.0,analytical-model,0.0005011872336272725,,,,,,,,,,,,0.1.0,3.11.9,2.5.0,b58b31db18364511c43757e27fffc7abce8df2c1,True,ok,,
1.0,transverse_field_ising:N072,-2.3,empirical,75448.0,,,2.0,a8fa234e-a646-4911-8402-a67c302db4ae,2026-08-12T00:11:58.358108+00:00,c1ad72de628f71283ac69037e9bbe97c3e773952f5abde5eac91397ca322d1a6,resource-grid,transverse_field_ising,TFIM-72,"{""coupling"":1.0,""field"":3.0,""periodic"":false}",72,72.0,proportional,1.0,0.005011872336272725,287.0,143,trotter-p2-empirical,trotter,Trotter p=2 [empirical],empirical-operator-norm,empirical,2.0,,,,,,75448.0,,,,,,,,,,,,,,,,,,,,,,,,,,,,,,individual,143.0,0.0045106439960155235,68.7917766697,empirical-operator-norm,Repository empirical operator-norm calibration study v1 (2026-08-10),reviewed calibration opnorm-v1-tfim-open-trotter-p2; artifact docs/calibration_data/empirical_1d_v1_accepted.json,"{""prefactor"":68.7917766697}",False,implemented-product-formula,False,,"[""the resolved ordered Hamiltonian groups match the implemented formula"",""the fixed formal-order powers in time and segments apply"",""the reviewed affine size calibration extrapolates as flagged""]",,,,,,,implemented-product-formula,False,False,0.004510685102645452,,,,,,,,,,,,,,,,,,,1.0,none,0.0,system register,1.0,72.0,21502680.0,0.0,-1.0,2408300160.0,21352312.0,analytical-model,0.0005011872336272725,opnorm-v1-tfim-open-trotter-p2,transverse_field_ising,affine-aN-plus-b,68.7917766697,4.0,12.0,4.0,12.0,True,True,formula,0.1.0,3.11.9,2.5.0,b58b31db18364511c43757e27fffc7abce8df2c1,True,ok,,
1.0,transverse_field_ising:N072,-2.3,commutator,9506.0,,,2.0,a8fa234e-a646-4911-8402-a67c302db4ae,2026-08-12T00:11:58.358108+00:00,c1ad72de628f71283ac69037e9bbe97c3e773952f5abde5eac91397ca322d1a6,resource-grid,transverse_field_ising,TFIM-72,"{""coupling"":1.0,""field"":3.0,""periodic"":false}",72,72.0,proportional,1.0,0.005011872336272725,287.0,143,trotter-p4,trotter,Trotter p=4,analytical,analytical,4.0,,,,,,9506.0,,,,,,,,,,,,,,,,,,,,,,,,,,,,,,commuting,2.0,0.004509969331387453,19032.785200508108,schubert-mendl-commutator,"Schubert and Mendl, arXiv:2306.10603",Theorem 1,"{""prefactor"":19032.785200508108}",True,implemented-product-formula,True,,"[""the resolved ordered Hamiltonian groups match the implemented formula""]",,,,,,,implemented-product-formula,True,True,0.004510685102645452,,,,,,,,,,,,,,,,,,,1.0,none,0.0,system register,1.0,72.0,10218950.0,0.0,-1.0,1103646600.0,10147489.0,analytical-model,0.0005011872336272725,,,,,,,,,,,,0.1.0,3.11.9,2.5.0,b58b31db18364511c43757e27fffc7abce8df2c1,True,ok,,
1.0,transverse_field_ising:N072,-2.3,empirical,1899.0,,,2.0,a8fa234e-a646-4911-8402-a67c302db4ae,2026-08-12T00:11:58.358108+00:00,c1ad72de628f71283ac69037e9bbe97c3e773952f5abde5eac91397ca322d1a6,resource-grid,transverse_field_ising,TFIM-72,"{""coupling"":1.0,""field"":3.0,""periodic"":false}",72,72.0,proportional,1.0,0.005011872336272725,287.0,143,trotter-p4-empirical,trotter,Trotter p=4 [empirical],empirical-operator-norm,empirical,4.0,,,,,,1899.0,,,,,,,,,,,,,,,,,,,,,,,,,,,,,,commuting,2.0,0.00450224509540864,30.2598318541,empirical-operator-norm,Repository empirical operator-norm calibration study v1 (2026-08-10),reviewed calibration opnorm-v1-tfim-open-trotter-p4; artifact docs/calibration_data/empirical_1d_v1_accepted.json,"{""prefactor"":30.2598318541}",False,implemented-product-formula,False,,"[""the resolved ordered Hamiltonian groups match the implemented formula"",""the fixed formal-order powers in time and segments apply"",""the reviewed affine size calibration extrapolates as flagged""]",,,,,,,implemented-product-formula,False,False,0.004510685102645452,,,,,,,,,,,,,,,,,,,1.0,none,0.0,system register,1.0,72.0,2041425.0,0.0,-1.0,206183925.0,2027150.0,analytical-model,0.0005011872336272725,opnorm-v1-tfim-open-trotter-p4,transverse_field_ising,affine-aN-plus-b,30.2598318541,4.0,12.0,4.0,12.0,True,True,formula,0.1.0,3.11.9,2.5.0,b58b31db18364511c43757e27fffc7abce8df2c1,True,ok,,
1.0,transverse_field_ising:N072,-2.3,commutator,4412.0,,,2.0,a8fa234e-a646-4911-8402-a67c302db4ae,2026-08-12T00:11:58.358108+00:00,c1ad72de628f71283ac69037e9bbe97c3e773952f5abde5eac91397ca322d1a6,resource-grid,transverse_field_ising,TFIM-72,"{""coupling"":1.0,""field"":3.0,""periodic"":false}",72,72.0,proportional,1.0,0.005011872336272725,287.0,143,trotter-p6,trotter,Trotter p=6,analytical,analytical,6.0,,,,,,4412.0,,,,,,,,,,,,,,,,,,,,,,,,,,,,,,commuting,2.0,0.004509384286940476,3315910.460456222,schubert-mendl-commutator,"Schubert and Mendl, arXiv:2306.10603",Theorem 1,"{""prefactor"":3315910.460456222}",True,implemented-product-formula,True,,"[""the resolved ordered Hamiltonian groups match the implemented formula""]",,,,,,,implemented-product-formula,True,True,0.004510685102645452,,,,,,,,,,,,,,,,,,,1.0,none,0.0,system register,1.0,72.0,23714500.0,0.0,-1.0,2656024000.0,23548665.0,analytical-model,0.0005011872336272725,,,,,,,,,,,,0.1.0,3.11.9,2.5.0,b58b31db18364511c43757e27fffc7abce8df2c1,True,ok,,
1.0,transverse_field_ising:N072,-2.3,empirical,576.0,,,2.0,a8fa234e-a646-4911-8402-a67c302db4ae,2026-08-12T00:11:58.358108+00:00,c1ad72de628f71283ac69037e9bbe97c3e773952f5abde5eac91397ca322d1a6,resource-grid,transverse_field_ising,TFIM-72,"{""coupling"":1.0,""field"":3.0,""periodic"":false}",72,72.0,proportional,1.0,0.005011872336272725,287.0,143,trotter-p6-empirical,trotter,Trotter p=6 [empirical],empirical-operator-norm,empirical,6.0,,,,,,576.0,,,,,,,,,,,,,,,,,,,,,,,,,,,,,,commuting,2.0,0.00013562411157531695,0.4937923209,empirical-operator-norm,Repository empirical operator-norm calibration study v1 (2026-08-10),reviewed calibration opnorm-v1-tfim-open-trotter-p6; artifact docs/calibration_data/empirical_1d_v1_accepted.json,"{""prefactor"":0.4937923209}",False,implemented-product-formula,False,,"[""the resolved ordered Hamiltonian groups match the implemented formula"",""the fixed formal-order powers in time and segments apply"",""the reviewed affine size calibration extrapolates as flagged""]",,,,,,,implemented-product-formula,False,False,0.004510685102645452,,,,,,,,,,,,,,,,,,,1.0,none,0.0,system register,1.0,72.0,3096000.0,0.0,-1.0,318888000.0,3074350.0,analytical-model,0.0005011872336272725,opnorm-v1-tfim-open-trotter-p6,transverse_field_ising,affine-aN-plus-b,0.4937923209,4.0,12.0,4.0,12.0,True,True,asymptotic-domain,0.1.0,3.11.9,2.5.0,b58b31db18364511c43757e27fffc7abce8df2c1,True,ok,,
1.0,transverse_field_ising:N072,-2.3,jacobi-anger,,,,2.0,a8fa234e-a646-4911-8402-a67c302db4ae,2026-08-12T00:11:58.358108+00:00,c1ad72de628f71283ac69037e9bbe97c3e773952f5abde5eac91397ca322d1a6,resource-grid,transverse_field_ising,TFIM-72,"{""coupling"":1.0,""field"":3.0,""periodic"":false}",72,72.0,proportional,1.0,0.005011872336272725,287.0,143,qsvt,qsvt,QSVT,jacobi-anger-rigorous,analytical,,,,,,,,,,,,,,,,,,,,,,,,,,,,,,,,,,,168531.0,28089.0,,,0.0006572739631049318,,jacobi-anger-polynomial-oaa,"Martyn et al., arXiv:2105.02859, Eqs. (76)--(77)",Jacobi--Anger tails plus exact cubic OAA identity,"{""oaa-unitarity-defect-distortion"":0.00032871795220851556,""scaled-polynomial-error"":0.0003285560108964163}",True,ideal-qsvt-oaa-good-block,True,,"[""the cosine and sine polynomials are implemented exactly"",""the unamplified good block is exactly Q/2""]",,,,,,,implemented-qsvt-floating-phase-circuit,False,False,0.004510685102645452,,,,,,,,,,,,,,,,,,,2.0,one robust OAA round,1.0,"component, quadrature, and index registers all-zero",,90.0,86287884.0,195833148.0,-1.0,10965302904.0,1296678270.0,analytical-model,0.0005011872336272725,,,,,,,,,,,,0.1.0,3.11.9,2.5.0,b58b31db18364511c43757e27fffc7abce8df2c1,True,ok,,
1.0,transverse_field_ising:N072,-2.3,empirical,,8.0,90.0,2.0,a8fa234e-a646-4911-8402-a67c302db4ae,2026-08-12T00:11:58.358108+00:00,c1ad72de628f71283ac69037e9bbe97c3e773952f5abde5eac91397ca322d1a6,resource-grid,transverse_field_ising,TFIM-72,"{""coupling"":1.0,""field"":3.0,""periodic"":false}",72,72.0,proportional,1.0,0.005011872336272725,287.0,143,mpf-j-mizuta2026-theorem6-empirical-operator-norm,multiproduct,MPF J=Mizuta Theorem 6 (resolved per point) [empirical operator norm],empirical-operator-norm,empirical,,8.0,16.0,mizuta2026-theorem6,5.000000000000001,0.004510685102645452,90.0,,,,[],,,,,,,,,,,,,,,[],,,,,,,empirical-operator-norm,[],16470.0,,,,0.0007284326275552161,0.0003594323,empirical-operator-norm,Repository empirical operator-norm calibration study v1 (2026-08-10),reviewed calibration opnorm-v1-tfim-open-mpf-new-m8; fixed formal powers,"{""empirical_coefficient"":0.0003594323}",False,ideal-mpf,False,ordered individual Pauli terms,"[""the fixed formal-order powers in time and segments apply"",""the empirical estimate concerns the repeated ideal MPF operator"",""the reviewed affine size calibration extrapolates as flagged""]",,0.0,0.0,False,False,{},repeated-shared-ancilla-good-block,False,False,0.004510685102645452,new,"[1,2,3,4,5,6,11,29]","[-3.280633240950701e-11,1.38314223008236e-06,-0.00042434045620952707,0.013663236344294543,-0.0975962105352182,0.17214651362521294,-0.39147182230350597,1.3036812402160025]",1.9789847466554802,0.021015253344519813,61.0,registered-exact,True,8.0,4.0,2.0,5.0,10.0,6.0,6.0,3.0,2.0,3.0,2.0,one robust OAA round per segment,90.0,branch register all-zero,,79.0,9396000.0,9540.0,-1.0,1014806160.0,14115356.0,analytical-model,0.0005011872336272725,opnorm-v1-tfim-open-mpf-new-m8,transverse_field_ising,affine-aN-plus-b,0.0003594323,4.0,12.0,4.0,12.0,True,True,asymptotic-domain,0.1.0,3.11.9,2.5.0,b58b31db18364511c43757e27fffc7abce8df2c1,True,ok,,
1.0,transverse_field_ising:N072,-2.3,commutator,,8.0,13736.0,2.0,a8fa234e-a646-4911-8402-a67c302db4ae,2026-08-12T00:11:58.358108+00:00,c1ad72de628f71283ac69037e9bbe97c3e773952f5abde5eac91397ca322d1a6,resource-grid,transverse_field_ising,TFIM-72,"{""coupling"":1.0,""field"":3.0,""periodic"":false}",72,72.0,proportional,1.0,0.005011872336272725,287.0,143,mpf-j-mizuta2026-theorem6-mizuta2026-commutator-ideal-rigorous,multiproduct,MPF J=Mizuta Theorem 6 (resolved per point) [Mizuta 2026 refined commutator],mizuta2026-commutator-ideal-rigorous,analytical,,8.0,16.0,mizuta2026-theorem6,5.000000000000001,0.004510685102645452,13736.0,13736.0,,10221.0,"[""error""]",35.48658543120852,16.0,,,3.2677503691045323e-07,3.98955339614334e-14,6.75915176598594e-20,3.9895466369915737e-14,3.98955339614334e-14,3.2677507680598726e-07,0.004508773635100962,1.944807358119685e-05,False,0.007044915619865151,"[1.0000000000000002,1.0000000000000002,1.0000000000000002,1.0000000000000002,1.0000000000000002,1.0000000000000002,1.0000000000000002,1.0000000000000002,1.0000000000000002,1.0000000000000002,1.0000000000000002,1.0000000000000002,1.0000000000000002,1.0000000000000002,1.0000000000000002,1.0000000000000002,1.0000000000000002,1.0000000000000002,1.0000000000000002,1.0000000000000002,1.0000000000000002,1.0000000000000002,1.0000000000000002,1.0000000000000002,1.0000000000000002,1.0000000000000002,1.0000000000000002,1.0000000000000002,1.0000000000000002,1.0000000000000002,1.0000000000000002,1.0000000000000002,1.0000000000000002,1.0000000000000002,1.0000000000000002,1.0000000000000002,1.0000000000000002,1.0000000000000002,1.0000000000000002,1.0000000000000002,1.0000000000000002,1.0000000000000002,1.0000000000000002,1.0000000000000002,1.0000000000000002,1.0000000000000002,1.0000000000000002,1.0000000000000002,1.0000000000000002,1.0000000000000002,1.0000000000000002,1.0000000000000002,1.0000000000000002,1.0000000000000002,1.0000000000000002,1.0000000000000002,1.0000000000000002,1.0000000000000002,1.0000000000000002,1.0000000000000002,1.0000000000000002,1.0000000000000002,1.0000000000000002,1.0000000000000002,1.0000000000000002,1.0000000000000002,1.0000000000000002,1.0000000000000002,1.0000000000000002,1.0000000000000002,1.0000000000000002,1.0000000000000002,1.0000000000000002,1.0000000000000002,1.0000000000000002,1.0000000000000002,1.0000000000000002,1.0000000000000002,1.0000000000000002,1.0000000000000002,1.0000000000000002,1.0000000000000002,1.0000000000000002,1.0000000000000002,1.0000000000000002,1.0000000000000002,1.0000000000000002,1.0000000000000002,1.0000000000000002,1.0000000000000002,1.0000000000000002,1.0000000000000002,1.0000000000000002,1.0000000000000002,1.0000000000000002,1.0000000000000002,1.0000000000000002,1.0000000000000002,1.0000000000000002,1.0000000000000002,1.0000000000000002,1.0000000000000002,1.0000000000000002,1.0000000000000002,1.0000000000000002,1.0000000000000002,1.0000000000000002,1.0000000000000002,1.0000000000000002,1.0000000000000002,1.0000000000000002,1.0000000000000002,1.0000000000000002,1.0000000000000002,1.0000000000000002,1.0000000000000002,1.0000000000000002,1.0000000000000002,1.0000000000000002,1.0000000000000002,1.0000000000000002,1.0000000000000002,1.0000000000000002,1.0000000000000002,1.0000000000000002,1.0000000000000002,1.0000000000000002,1.0000000000000002,1.0000000000000002,1.0000000000000002,1.0000000000000002,1.0000000000000002,1.0000000000000002,1.0000000000000002,1.0000000000000002,1.0000000000000002,1.0000000000000002,1.0000000000000002,1.0000000000000002,1.0000000000000002,1.0000000000000002,1.0000000000000002,1.0000000000000002]",5.0000000000000036,16.0,False,,not-used,commutator,mizuta2026-commutator-ideal-rigorous,[],2513688.0,,,,0.004508773635100962,1.919646359684627e+32,mizuta2026-commutator-ideal-rigorous,"Mizuta, Quantum 10, 1974 (2026), arXiv:2507.06557v4","Theorem 4, Eqs. (47)--(49), with direct Lemmas 9--10 BCH remainder","{""error_predicate_satisfied"":1.0,""extensiveness_g"":5.000000000000001,""joint_predicate_satisfied"":1.0,""legacy_first_condition_passed"":0.0,""legacy_first_time_limit"":1.944807358119685e-05,""local_commutator_error"":3.2677503691045323e-07,""local_step_error"":3.2677507680598726e-07,""local_truncated_bch_error"":3.98955339614334e-14,""locality_k"":2.0,""mu_upper"":35.48658543120852,""refined_lemma10_remainder"":3.9895466369915737e-14,""refined_lemma9_remainder"":6.75915176598594e-20,""refined_tail_fallback"":0.0,""repeated_global_error"":0.004508773635100962,""schedule_weighted_extensiveness"":5.0000000000000036,""second_time_limit"":0.007044915619865151,""time_2_predicate_satisfied"":1.0,""total_branchwise_bch_remainder"":3.98955339614334e-14,""truncation_order_p0"":16.0}",True,ideal-mpf,True,ordered individual Pauli terms,"[""individual Pauli summands define the ordered H_gamma decomposition"",""the actual Strang factors define schedule-weighted g_alpha extensiveness"",""Lemma 9 and Lemma 10 positive majorants directly certify the BCH remainder"",""the scalar-flow/Cauchy refined tail certificate is used"",""Theorem 4 second time hypothesis is satisfied"",""the repeated ideal MPF is composed with the Eq. (15) telescoping argument""]",,16.0,16.0,True,False,"{""2"":1704.0000000000016,""3"":27216.00000000004,""4"":352992.0000000008,""5"":5638464.000000017,""6"":77007360.0000003,""7"":1230183936.0000057,""8"":17379351552.00009,""9"":277660099584.00165,""10"":4013367508992.027,""11"":64125048397824.48,""12"":941929898999815.6,""13"":1.5051227707441284e+16,""14"":2.2371433013969107e+17,""15"":3.57501156198112e+18,""16"":5.361671830269178e+19}",repeated-shared-ancilla-good-block,True,False,0.004510685102645452,new,"[1,2,3,4,5,6,11,29]","[-3.280633240950701e-11,1.38314223008236e-06,-0.00042434045620952707,0.013663236344294543,-0.0975962105352182,0.17214651362521294,-0.39147182230350597,1.3036812402160025]",1.9789847466554802,0.021015253344519813,61.0,registered-exact,True,8.0,4.0,2.0,5.0,10.0,6.0,6.0,3.0,2.0,3.0,2.0,one robust OAA round per segment,13736.0,branch register all-zero,,79.0,1434038400.0,1456016.0,-1.0,186430816064.0,2154316875.0,analytical-model,0.0005011872336272725,,,,,,,,,,,,0.1.0,3.11.9,2.5.0,b58b31db18364511c43757e27fffc7abce8df2c1,True,ok,,
1.0,transverse_field_ising:N072,-2.4,commutator,321627.0,,,2.0,a8fa234e-a646-4911-8402-a67c302db4ae,2026-08-12T00:11:58.358108+00:00,c1ad72de628f71283ac69037e9bbe97c3e773952f5abde5eac91397ca322d1a6,resource-grid,transverse_field_ising,TFIM-72,"{""coupling"":1.0,""field"":3.0,""periodic"":false}",72,72.0,proportional,1.0,0.003981071705534973,287.0,143,trotter-p2,trotter,Trotter p=2,analytical,analytical,2.0,,,,,,321627.0,,,,,,,,,,,,,,,,,,,,,,,,,,,,,,individual,143.0,0.0035829581715106236,993.0,childs-commutator,"Childs, Su, Tran, Wiebe, and Zhu, arXiv:1912.08854",Propositions 9--10,"{""prefactor"":993.0}",True,implemented-product-formula,True,,"[""the resolved ordered Hamiltonian groups match the implemented formula""]",,,,,,,implemented-product-formula,True,True,0.0035829645349814763,,,,,,,,,,,,,,,,,,,1.0,none,0.0,system register,1.0,72.0,91663695.0,0.0,-1.0,10907979705.0,91022691.0,analytical-model,0.00039810717055349735,,,,,,,,,,,,0.1.0,3.11.9,2.5.0,b58b31db18364511c43757e27fffc7abce8df2c1,True,ok,,
1.0,transverse_field_ising:N072,-2.4,empirical,84654.0,,,2.0,a8fa234e-a646-4911-8402-a67c302db4ae,2026-08-12T00:11:58.358108+00:00,c1ad72de628f71283ac69037e9bbe97c3e773952f5abde5eac91397ca322d1a6,resource-grid,transverse_field_ising,TFIM-72,"{""coupling"":1.0,""field"":3.0,""periodic"":false}",72,72.0,proportional,1.0,0.003981071705534973,287.0,143,trotter-p2-empirical,trotter,Trotter p=2 [empirical],empirical-operator-norm,empirical,2.0,,,,,,84654.0,,,,,,,,,,,,,,,,,,,,,,,,,,,,,,individual,143.0,0.0035829359747660524,68.7917766697,empirical-operator-norm,Repository empirical operator-norm calibration study v1 (2026-08-10),reviewed calibration opnorm-v1-tfim-open-trotter-p2; artifact docs/calibration_data/empirical_1d_v1_accepted.json,"{""prefactor"":68.7917766697}",False,implemented-product-formula,False,,"[""the resolved ordered Hamiltonian groups match the implemented formula"",""the fixed formal-order powers in time and segments apply"",""the reviewed affine size calibration extrapolates as flagged""]",,,,,,,implemented-product-formula,False,False,0.0035829645349814763,,,,,,,,,,,,,,,,,,,1.0,none,0.0,system register,1.0,72.0,24126390.0,0.0,-1.0,2726282070.0,23957674.0,analytical-model,0.00039810717055349735,opnorm-v1-tfim-open-trotter-p2,transverse_field_ising,affine-aN-plus-b,68.7917766697,4.0,12.0,4.0,12.0,True,True,formula,0.1.0,3.11.9,2.5.0,b58b31db18364511c43757e27fffc7abce8df2c1,True,ok,,
1.0,transverse_field_ising:N072,-2.4,commutator,10069.0,,,2.0,a8fa234e-a646-4911-8402-a67c302db4ae,2026-08-12T00:11:58.358108+00:00,c1ad72de628f71283ac69037e9bbe97c3e773952f5abde5eac91397ca322d1a6,resource-grid,transverse_field_ising,TFIM-72,"{""coupling"":1.0,""field"":3.0,""periodic"":false}",72,72.0,proportional,1.0,0.003981071705534973,287.0,143,trotter-p4,trotter,Trotter p=4,analytical,analytical,4.0,,,,,,10069.0,,,,,,,,,,,,,,,,,,,,,,,,,,,,,,commuting,2.0,0.003582774421658428,19032.785200508108,schubert-mendl-commutator,"Schubert and Mendl, arXiv:2306.10603",Theorem 1,"{""prefactor"":19032.785200508108}",True,implemented-product-formula,True,,"[""the resolved ordered Hamiltonian groups match the implemented formula""]",,,,,,,implemented-product-formula,True,True,0.0035829645349814763,,,,,,,,,,,,,,,,,,,1.0,none,0.0,system register,1.0,72.0,10824175.0,0.0,-1.0,1190659250.0,10748482.0,analytical-model,0.00039810717055349735,,,,,,,,,,,,0.1.0,3.11.9,2.5.0,b58b31db18364511c43757e27fffc7abce8df2c1,True,ok,,
1.0,transverse_field_ising:N072,-2.4,empirical,2011.0,,,2.0,a8fa234e-a646-4911-8402-a67c302db4ae,2026-08-12T00:11:58.358108+00:00,c1ad72de628f71283ac69037e9bbe97c3e773952f5abde5eac91397ca322d1a6,resource-grid,transverse_field_ising,TFIM-72,"{""coupling"":1.0,""field"":3.0,""periodic"":false}",72,72.0,proportional,1.0,0.003981071705534973,287.0,143,trotter-p4-empirical,trotter,Trotter p=4 [empirical],empirical-operator-norm,empirical,4.0,,,,,,2011.0,,,,,,,,,,,,,,,,,,,,,,,,,,,,,,commuting,2.0,0.003579980905042444,30.2598318541,empirical-operator-norm,Repository empirical operator-norm calibration study v1 (2026-08-10),reviewed calibration opnorm-v1-tfim-open-trotter-p4; artifact docs/calibration_data/empirical_1d_v1_accepted.json,"{""prefactor"":30.2598318541}",False,implemented-product-formula,False,,"[""the resolved ordered Hamiltonian groups match the implemented formula"",""the fixed formal-order powers in time and segments apply"",""the reviewed affine size calibration extrapolates as flagged""]",,,,,,,implemented-product-formula,False,False,0.0035829645349814763,,,,,,,,,,,,,,,,,,,1.0,none,0.0,system register,1.0,72.0,2161825.0,0.0,-1.0,222667975.0,2146708.0,analytical-model,0.00039810717055349735,opnorm-v1-tfim-open-trotter-p4,transverse_field_ising,affine-aN-plus-b,30.2598318541,4.0,12.0,4.0,12.0,True,True,formula,0.1.0,3.11.9,2.5.0,b58b31db18364511c43757e27fffc7abce8df2c1,True,ok,,
1.0,transverse_field_ising:N072,-2.4,commutator,4585.0,,,2.0,a8fa234e-a646-4911-8402-a67c302db4ae,2026-08-12T00:11:58.358108+00:00,c1ad72de628f71283ac69037e9bbe97c3e773952f5abde5eac91397ca322d1a6,resource-grid,transverse_field_ising,TFIM-72,"{""coupling"":1.0,""field"":3.0,""periodic"":false}",72,72.0,proportional,1.0,0.003981071705534973,287.0,143,trotter-p6,trotter,Trotter p=6,analytical,analytical,6.0,,,,,,4585.0,,,,,,,,,,,,,,,,,,,,,,,,,,,,,,commuting,2.0,0.003580092351359158,3315910.460456222,schubert-mendl-commutator,"Schubert and Mendl, arXiv:2306.10603",Theorem 1,"{""prefactor"":3315910.460456222}",True,implemented-product-formula,True,,"[""the resolved ordered Hamiltonian groups match the implemented formula""]",,,,,,,implemented-product-formula,True,True,0.0035829645349814763,,,,,,,,,,,,,,,,,,,1.0,none,0.0,system register,1.0,72.0,24644375.0,0.0,-1.0,2784814375.0,24472037.0,analytical-model,0.00039810717055349735,,,,,,,,,,,,0.1.0,3.11.9,2.5.0,b58b31db18364511c43757e27fffc7abce8df2c1,True,ok,,
1.0,transverse_field_ising:N072,-2.4,empirical,576.0,,,2.0,a8fa234e-a646-4911-8402-a67c302db4ae,2026-08-12T00:11:58.358108+00:00,c1ad72de628f71283ac69037e9bbe97c3e773952f5abde5eac91397ca322d1a6,resource-grid,transverse_field_ising,TFIM-72,"{""coupling"":1.0,""field"":3.0,""periodic"":false}",72,72.0,proportional,1.0,0.003981071705534973,287.0,143,trotter-p6-empirical,trotter,Trotter p=6 [empirical],empirical-operator-norm,empirical,6.0,,,,,,576.0,,,,,,,,,,,,,,,,,,,,,,,,,,,,,,commuting,2.0,0.00013562411157531695,0.4937923209,empirical-operator-norm,Repository empirical operator-norm calibration study v1 (2026-08-10),reviewed calibration opnorm-v1-tfim-open-trotter-p6; artifact docs/calibration_data/empirical_1d_v1_accepted.json,"{""prefactor"":0.4937923209}",False,implemented-product-formula,False,,"[""the resolved ordered Hamiltonian groups match the implemented formula"",""the fixed formal-order powers in time and segments apply"",""the reviewed affine size calibration extrapolates as flagged""]",,,,,,,implemented-product-formula,False,False,0.0035829645349814763,,,,,,,,,,,,,,,,,,,1.0,none,0.0,system register,1.0,72.0,3096000.0,0.0,-1.0,321984000.0,3074350.0,analytical-model,0.00039810717055349735,opnorm-v1-tfim-open-trotter-p6,transverse_field_ising,affine-aN-plus-b,0.4937923209,4.0,12.0,4.0,12.0,True,True,asymptotic-domain,0.1.0,3.11.9,2.5.0,b58b31db18364511c43757e27fffc7abce8df2c1,True,ok,,
1.0,transverse_field_ising:N072,-2.4,jacobi-anger,,,,2.0,a8fa234e-a646-4911-8402-a67c302db4ae,2026-08-12T00:11:58.358108+00:00,c1ad72de628f71283ac69037e9bbe97c3e773952f5abde5eac91397ca322d1a6,resource-grid,transverse_field_ising,TFIM-72,"{""coupling"":1.0,""field"":3.0,""periodic"":false}",72,72.0,proportional,1.0,0.003981071705534973,287.0,143,qsvt,qsvt,QSVT,jacobi-anger-rigorous,analytical,,,,,,,,,,,,,,,,,,,,,,,,,,,,,,,,,,,168531.0,28089.0,,,0.0005541551178504509,,jacobi-anger-polynomial-oaa,"Martyn et al., arXiv:2105.02859, Eqs. (76)--(77)",Jacobi--Anger tails plus exact cubic OAA identity,"{""oaa-unitarity-defect-distortion"":0.0002771351192995575,""scaled-polynomial-error"":0.00027701999855089343}",True,ideal-qsvt-oaa-good-block,True,,"[""the cosine and sine polynomials are implemented exactly"",""the unamplified good block is exactly Q/2""]",,,,,,,implemented-qsvt-floating-phase-circuit,False,False,0.0035829645349814763,,,,,,,,,,,,,,,,,,,2.0,one robust OAA round,1.0,"component, quadrature, and index registers all-zero",,90.0,86287884.0,195833148.0,-1.0,11051590788.0,1296678270.0,analytical-model,0.00039810717055349735,,,,,,,,,,,,0.1.0,3.11.9,2.5.0,b58b31db18364511c43757e27fffc7abce8df2c1,True,ok,,
1.0,transverse_field_ising:N072,-2.4,empirical,,8.0,90.0,2.0,a8fa234e-a646-4911-8402-a67c302db4ae,2026-08-12T00:11:58.358108+00:00,c1ad72de628f71283ac69037e9bbe97c3e773952f5abde5eac91397ca322d1a6,resource-grid,transverse_field_ising,TFIM-72,"{""coupling"":1.0,""field"":3.0,""periodic"":false}",72,72.0,proportional,1.0,0.003981071705534973,287.0,143,mpf-j-mizuta2026-theorem6-empirical-operator-norm,multiproduct,MPF J=Mizuta Theorem 6 (resolved per point) [empirical operator norm],empirical-operator-norm,empirical,,8.0,16.0,mizuta2026-theorem6,5.000000000000001,0.0035829645349814763,90.0,,,,[],,,,,,,,,,,,,,,[],,,,,,,empirical-operator-norm,[],16470.0,,,,0.0007284326275552161,0.0003594323,empirical-operator-norm,Repository empirical operator-norm calibration study v1 (2026-08-10),reviewed calibration opnorm-v1-tfim-open-mpf-new-m8; fixed formal powers,"{""empirical_coefficient"":0.0003594323}",False,ideal-mpf,False,ordered individual Pauli terms,"[""the fixed formal-order powers in time and segments apply"",""the empirical estimate concerns the repeated ideal MPF operator"",""the reviewed affine size calibration extrapolates as flagged""]",,0.0,0.0,False,False,{},repeated-shared-ancilla-good-block,False,False,0.0035829645349814763,new,"[1,2,3,4,5,6,11,29]","[-3.280633240950701e-11,1.38314223008236e-06,-0.00042434045620952707,0.013663236344294543,-0.0975962105352182,0.17214651362521294,-0.39147182230350597,1.3036812402160025]",1.9789847466554802,0.021015253344519813,61.0,registered-exact,True,8.0,4.0,2.0,5.0,10.0,6.0,6.0,3.0,2.0,3.0,2.0,one robust OAA round per segment,90.0,branch register all-zero,,79.0,9396000.0,9540.0,-1.0,1024202160.0,14115356.0,analytical-model,0.00039810717055349735,opnorm-v1-tfim-open-mpf-new-m8,transverse_field_ising,affine-aN-plus-b,0.0003594323,4.0,12.0,4.0,12.0,True,True,asymptotic-domain,0.1.0,3.11.9,2.5.0,b58b31db18364511c43757e27fffc7abce8df2c1,True,ok,,
1.0,transverse_field_ising:N072,-2.4,commutator,,8.0,13934.0,2.0,a8fa234e-a646-4911-8402-a67c302db4ae,2026-08-12T00:11:58.358108+00:00,c1ad72de628f71283ac69037e9bbe97c3e773952f5abde5eac91397ca322d1a6,resource-grid,transverse_field_ising,TFIM-72,"{""coupling"":1.0,""field"":3.0,""periodic"":false}",72,72.0,proportional,1.0,0.003981071705534973,287.0,143,mpf-j-mizuta2026-theorem6-mizuta2026-commutator-ideal-rigorous,multiproduct,MPF J=Mizuta Theorem 6 (resolved per point) [Mizuta 2026 refined commutator],mizuta2026-commutator-ideal-rigorous,analytical,,8.0,16.0,mizuta2026-theorem6,5.000000000000001,0.0035829645349814763,13934.0,13934.0,,10221.0,"[""error""]",35.48658543120852,16.0,,,2.5620344410588714e-07,3.097217067463412e-14,5.716184151801769e-20,3.097211351279259e-14,3.097217067463412e-14,2.562034750780579e-07,0.0035827055438235364,1.944807358119685e-05,False,0.007044915619865151,"[1.0000000000000002,1.0000000000000002,1.0000000000000002,1.0000000000000002,1.0000000000000002,1.0000000000000002,1.0000000000000002,1.0000000000000002,1.0000000000000002,1.0000000000000002,1.0000000000000002,1.0000000000000002,1.0000000000000002,1.0000000000000002,1.0000000000000002,1.0000000000000002,1.0000000000000002,1.0000000000000002,1.0000000000000002,1.0000000000000002,1.0000000000000002,1.0000000000000002,1.0000000000000002,1.0000000000000002,1.0000000000000002,1.0000000000000002,1.0000000000000002,1.0000000000000002,1.0000000000000002,1.0000000000000002,1.0000000000000002,1.0000000000000002,1.0000000000000002,1.0000000000000002,1.0000000000000002,1.0000000000000002,1.0000000000000002,1.0000000000000002,1.0000000000000002,1.0000000000000002,1.0000000000000002,1.0000000000000002,1.0000000000000002,1.0000000000000002,1.0000000000000002,1.0000000000000002,1.0000000000000002,1.0000000000000002,1.0000000000000002,1.0000000000000002,1.0000000000000002,1.0000000000000002,1.0000000000000002,1.0000000000000002,1.0000000000000002,1.0000000000000002,1.0000000000000002,1.0000000000000002,1.0000000000000002,1.0000000000000002,1.0000000000000002,1.0000000000000002,1.0000000000000002,1.0000000000000002,1.0000000000000002,1.0000000000000002,1.0000000000000002,1.0000000000000002,1.0000000000000002,1.0000000000000002,1.0000000000000002,1.0000000000000002,1.0000000000000002,1.0000000000000002,1.0000000000000002,1.0000000000000002,1.0000000000000002,1.0000000000000002,1.0000000000000002,1.0000000000000002,1.0000000000000002,1.0000000000000002,1.0000000000000002,1.0000000000000002,1.0000000000000002,1.0000000000000002,1.0000000000000002,1.0000000000000002,1.0000000000000002,1.0000000000000002,1.0000000000000002,1.0000000000000002,1.0000000000000002,1.0000000000000002,1.0000000000000002,1.0000000000000002,1.0000000000000002,1.0000000000000002,1.0000000000000002,1.0000000000000002,1.0000000000000002,1.0000000000000002,1.0000000000000002,1.0000000000000002,1.0000000000000002,1.0000000000000002,1.0000000000000002,1.0000000000000002,1.0000000000000002,1.0000000000000002,1.0000000000000002,1.0000000000000002,1.0000000000000002,1.0000000000000002,1.0000000000000002,1.0000000000000002,1.0000000000000002,1.0000000000000002,1.0000000000000002,1.0000000000000002,1.0000000000000002,1.0000000000000002,1.0000000000000002,1.0000000000000002,1.0000000000000002,1.0000000000000002,1.0000000000000002,1.0000000000000002,1.0000000000000002,1.0000000000000002,1.0000000000000002,1.0000000000000002,1.0000000000000002,1.0000000000000002,1.0000000000000002,1.0000000000000002,1.0000000000000002,1.0000000000000002,1.0000000000000002,1.0000000000000002,1.0000000000000002,1.0000000000000002,1.0000000000000002]",5.0000000000000036,16.0,False,,not-used,commutator,mizuta2026-commutator-ideal-rigorous,[],2549922.0,,,,0.0035827055438235364,1.919646359684627e+32,mizuta2026-commutator-ideal-rigorous,"Mizuta, Quantum 10, 1974 (2026), arXiv:2507.06557v4","Theorem 4, Eqs. (47)--(49), with direct Lemmas 9--10 BCH remainder","{""error_predicate_satisfied"":1.0,""extensiveness_g"":5.000000000000001,""joint_predicate_satisfied"":1.0,""legacy_first_condition_passed"":0.0,""legacy_first_time_limit"":1.944807358119685e-05,""local_commutator_error"":2.5620344410588714e-07,""local_step_error"":2.562034750780579e-07,""local_truncated_bch_error"":3.097217067463412e-14,""locality_k"":2.0,""mu_upper"":35.48658543120852,""refined_lemma10_remainder"":3.097211351279259e-14,""refined_lemma9_remainder"":5.716184151801769e-20,""refined_tail_fallback"":0.0,""repeated_global_error"":0.0035827055438235364,""schedule_weighted_extensiveness"":5.0000000000000036,""second_time_limit"":0.007044915619865151,""time_2_predicate_satisfied"":1.0,""total_branchwise_bch_remainder"":3.097217067463412e-14,""truncation_order_p0"":16.0}",True,ideal-mpf,True,ordered individual Pauli terms,"[""individual Pauli summands define the ordered H_gamma decomposition"",""the actual Strang factors define schedule-weighted g_alpha extensiveness"",""Lemma 9 and Lemma 10 positive majorants directly certify the BCH remainder"",""the scalar-flow/Cauchy refined tail certificate is used"",""Theorem 4 second time hypothesis is satisfied"",""the repeated ideal MPF is composed with the Eq. (15) telescoping argument""]",,16.0,16.0,True,False,"{""2"":1704.0000000000016,""3"":27216.00000000004,""4"":352992.0000000008,""5"":5638464.000000017,""6"":77007360.0000003,""7"":1230183936.0000057,""8"":17379351552.00009,""9"":277660099584.00165,""10"":4013367508992.027,""11"":64125048397824.48,""12"":941929898999815.6,""13"":1.5051227707441284e+16,""14"":2.2371433013969107e+17,""15"":3.57501156198112e+18,""16"":5.361671830269178e+19}",repeated-shared-ancilla-good-block,True,False,0.0035829645349814763,new,"[1,2,3,4,5,6,11,29]","[-3.280633240950701e-11,1.38314223008236e-06,-0.00042434045620952707,0.013663236344294543,-0.0975962105352182,0.17214651362521294,-0.39147182230350597,1.3036812402160025]",1.9789847466554802,0.021015253344519813,61.0,registered-exact,True,8.0,4.0,2.0,5.0,10.0,6.0,6.0,3.0,2.0,3.0,2.0,one robust OAA round per segment,13934.0,branch register all-zero,,79.0,1454709600.0,1477004.0,-1.0,190572865616.0,2185370656.0,analytical-model,0.00039810717055349735,,,,,,,,,,,,0.1.0,3.11.9,2.5.0,b58b31db18364511c43757e27fffc7abce8df2c1,True,ok,,
1.0,transverse_field_ising:N072,-2.5,commutator,360872.0,,,2.0,a8fa234e-a646-4911-8402-a67c302db4ae,2026-08-12T00:11:58.358108+00:00,c1ad72de628f71283ac69037e9bbe97c3e773952f5abde5eac91397ca322d1a6,resource-grid,transverse_field_ising,TFIM-72,"{""coupling"":1.0,""field"":3.0,""periodic"":false}",72,72.0,proportional,1.0,0.0031622776601683794,287.0,143,trotter-p2,trotter,Trotter p=2,analytical,analytical,2.0,,,,,,360872.0,,,,,,,,,,,,,,,,,,,,,,,,,,,,,,individual,143.0,0.0028460358393403774,993.0,childs-commutator,"Childs, Su, Tran, Wiebe, and Zhu, arXiv:1912.08854",Propositions 9--10,"{""prefactor"":993.0}",True,implemented-product-formula,True,,"[""the resolved ordered Hamiltonian groups match the implemented formula""]",,,,,,,implemented-product-formula,True,True,0.0028460498941515417,,,,,,,,,,,,,,,,,,,1.0,none,0.0,system register,1.0,72.0,102848520.0,0.0,-1.0,12341822400.0,102129300.0,analytical-model,0.00031622776601683794,,,,,,,,,,,,0.1.0,3.11.9,2.5.0,b58b31db18364511c43757e27fffc7abce8df2c1,True,ok,,
1.0,transverse_field_ising:N072,-2.5,empirical,94983.0,,,2.0,a8fa234e-a646-4911-8402-a67c302db4ae,2026-08-12T00:11:58.358108+00:00,c1ad72de628f71283ac69037e9bbe97c3e773952f5abde5eac91397ca322d1a6,resource-grid,transverse_field_ising,TFIM-72,"{""coupling"":1.0,""field"":3.0,""periodic"":false}",72,72.0,proportional,1.0,0.0031622776601683794,287.0,143,trotter-p2-empirical,trotter,Trotter p=2 [empirical],empirical-operator-norm,empirical,2.0,,,,,,94983.0,,,,,,,,,,,,,,,,,,,,,,,,,,,,,,individual,143.0,0.0028460481962967617,68.7917766697,empirical-operator-norm,Repository empirical operator-norm calibration study v1 (2026-08-10),reviewed calibration opnorm-v1-tfim-open-trotter-p2; artifact docs/calibration_data/empirical_1d_v1_accepted.json,"{""prefactor"":68.7917766697}",False,implemented-product-formula,False,,"[""the resolved ordered Hamiltonian groups match the implemented formula"",""the fixed formal-order powers in time and segments apply"",""the reviewed affine size calibration extrapolates as flagged""]",,,,,,,implemented-product-formula,False,False,0.0028460498941515417,,,,,,,,,,,,,,,,,,,1.0,none,0.0,system register,1.0,72.0,27070155.0,0.0,-1.0,3113067825.0,26880854.0,analytical-model,0.00031622776601683794,opnorm-v1-tfim-open-trotter-p2,transverse_field_ising,affine-aN-plus-b,68.7917766697,4.0,12.0,4.0,12.0,True,True,formula,0.1.0,3.11.9,2.5.0,b58b31db18364511c43757e27fffc7abce8df2c1,True,ok,,
1.0,transverse_field_ising:N072,-2.5,commutator,10666.0,,,2.0,a8fa234e-a646-4911-8402-a67c302db4ae,2026-08-12T00:11:58.358108+00:00,c1ad72de628f71283ac69037e9bbe97c3e773952f5abde5eac91397ca322d1a6,resource-grid,transverse_field_ising,TFIM-72,"{""coupling"":1.0,""field"":3.0,""periodic"":false}",72,72.0,proportional,1.0,0.0031622776601683794,287.0,143,trotter-p4,trotter,Trotter p=4,analytical,analytical,4.0,,,,,,10666.0,,,,,,,,,,,,,,,,,,,,,,,,,,,,,,commuting,2.0,0.0028454994831099453,19032.785200508108,schubert-mendl-commutator,"Schubert and Mendl, arXiv:2306.10603",Theorem 1,"{""prefactor"":19032.785200508108}",True,implemented-product-formula,True,,"[""the resolved ordered Hamiltonian groups match the implemented formula""]",,,,,,,implemented-product-formula,True,True,0.0028460498941515417,,,,,,,,,,,,,,,,,,,1.0,none,0.0,system register,1.0,72.0,11465950.0,0.0,-1.0,1272720450.0,11385769.0,analytical-model,0.00031622776601683794,,,,,,,,,,,,0.1.0,3.11.9,2.5.0,b58b31db18364511c43757e27fffc7abce8df2c1,True,ok,,
1.0,transverse_field_ising:N072,-2.5,empirical,2130.0,,,2.0,a8fa234e-a646-4911-8402-a67c302db4ae,2026-08-12T00:11:58.358108+00:00,c1ad72de628f71283ac69037e9bbe97c3e773952f5abde5eac91397ca322d1a6,resource-grid,transverse_field_ising,TFIM-72,"{""coupling"":1.0,""field"":3.0,""periodic"":false}",72,72.0,proportional,1.0,0.0031622776601683794,287.0,143,trotter-p4-empirical,trotter,Trotter p=4 [empirical],empirical-operator-norm,empirical,4.0,,,,,,2130.0,,,,,,,,,,,,,,,,,,,,,,,,,,,,,,commuting,2.0,0.0028445303955777906,30.2598318541,empirical-operator-norm,Repository empirical operator-norm calibration study v1 (2026-08-10),reviewed calibration opnorm-v1-tfim-open-trotter-p4; artifact docs/calibration_data/empirical_1d_v1_accepted.json,"{""prefactor"":30.2598318541}",False,implemented-product-formula,False,,"[""the resolved ordered Hamiltonian groups match the implemented formula"",""the fixed formal-order powers in time and segments apply"",""the reviewed affine size calibration extrapolates as flagged""]",,,,,,,implemented-product-formula,False,False,0.0028460498941515417,,,,,,,,,,,,,,,,,,,1.0,none,0.0,system register,1.0,72.0,2289750.0,0.0,-1.0,238134000.0,2273738.0,analytical-model,0.00031622776601683794,opnorm-v1-tfim-open-trotter-p4,transverse_field_ising,affine-aN-plus-b,30.2598318541,4.0,12.0,4.0,12.0,True,True,formula,0.1.0,3.11.9,2.5.0,b58b31db18364511c43757e27fffc7abce8df2c1,True,ok,,
1.0,transverse_field_ising:N072,-2.5,commutator,4764.0,,,2.0,a8fa234e-a646-4911-8402-a67c302db4ae,2026-08-12T00:11:58.358108+00:00,c1ad72de628f71283ac69037e9bbe97c3e773952f5abde5eac91397ca322d1a6,resource-grid,transverse_field_ising,TFIM-72,"{""coupling"":1.0,""field"":3.0,""periodic"":false}",72,72.0,proportional,1.0,0.0031622776601683794,287.0,143,trotter-p6,trotter,Trotter p=6,analytical,analytical,6.0,,,,,,4764.0,,,,,,,,,,,,,,,,,,,,,,,,,,,,,,commuting,2.0,0.0028451145256829435,3315910.460456222,schubert-mendl-commutator,"Schubert and Mendl, arXiv:2306.10603",Theorem 1,"{""prefactor"":3315910.460456222}",True,implemented-product-formula,True,,"[""the resolved ordered Hamiltonian groups match the implemented formula""]",,,,,,,implemented-product-formula,True,True,0.0028460498941515417,,,,,,,,,,,,,,,,,,,1.0,none,0.0,system register,1.0,72.0,25606500.0,0.0,-1.0,2919141000.0,25427434.0,analytical-model,0.00031622776601683794,,,,,,,,,,,,0.1.0,3.11.9,2.5.0,b58b31db18364511c43757e27fffc7abce8df2c1,True,ok,,
1.0,transverse_field_ising:N072,-2.5,empirical,576.0,,,2.0,a8fa234e-a646-4911-8402-a67c302db4ae,2026-08-12T00:11:58.358108+00:00,c1ad72de628f71283ac69037e9bbe97c3e773952f5abde5eac91397ca322d1a6,resource-grid,transverse_field_ising,TFIM-72,"{""coupling"":1.0,""field"":3.0,""periodic"":false}",72,72.0,proportional,1.0,0.0031622776601683794,287.0,143,trotter-p6-empirical,trotter,Trotter p=6 [empirical],empirical-operator-norm,empirical,6.0,,,,,,576.0,,,,,,,,,,,,,,,,,,,,,,,,,,,,,,commuting,2.0,0.00013562411157531695,0.4937923209,empirical-operator-norm,Repository empirical operator-norm calibration study v1 (2026-08-10),reviewed calibration opnorm-v1-tfim-open-trotter-p6; artifact docs/calibration_data/empirical_1d_v1_accepted.json,"{""prefactor"":0.4937923209}",False,implemented-product-formula,False,,"[""the resolved ordered Hamiltonian groups match the implemented formula"",""the fixed formal-order powers in time and segments apply"",""the reviewed affine size calibration extrapolates as flagged""]",,,,,,,implemented-product-formula,False,False,0.0028460498941515417,,,,,,,,,,,,,,,,,,,1.0,none,0.0,system register,1.0,72.0,3096000.0,0.0,-1.0,325080000.0,3074350.0,analytical-model,0.00031622776601683794,opnorm-v1-tfim-open-trotter-p6,transverse_field_ising,affine-aN-plus-b,0.4937923209,4.0,12.0,4.0,12.0,True,True,asymptotic-domain,0.1.0,3.11.9,2.5.0,b58b31db18364511c43757e27fffc7abce8df2c1,True,ok,,
1.0,transverse_field_ising:N072,-2.5,jacobi-anger,,,,2.0,a8fa234e-a646-4911-8402-a67c302db4ae,2026-08-12T00:11:58.358108+00:00,c1ad72de628f71283ac69037e9bbe97c3e773952f5abde5eac91397ca322d1a6,resource-grid,transverse_field_ising,TFIM-72,"{""coupling"":1.0,""field"":3.0,""periodic"":false}",72,72.0,proportional,1.0,0.0031622776601683794,287.0,143,qsvt,qsvt,QSVT,jacobi-anger-rigorous,analytical,,,,,,,,,,,,,,,,,,,,,,,,,,,,,,,,,,,168531.0,28089.0,,,0.00047225058737939687,,jacobi-anger-polynomial-oaa,"Martyn et al., arXiv:2105.02859, Eqs. (76)--(77)",Jacobi--Anger tails plus exact cubic OAA identity,"{""oaa-unitarity-defect-distortion"":0.00023616709853952828,""scaled-polynomial-error"":0.0002360834888398686}",True,ideal-qsvt-oaa-good-block,True,,"[""the cosine and sine polynomials are implemented exactly"",""the unamplified good block is exactly Q/2""]",,,,,,,implemented-qsvt-floating-phase-circuit,False,False,0.0028460498941515417,,,,,,,,,,,,,,,,,,,2.0,one robust OAA round,1.0,"component, quadrature, and index registers all-zero",,90.0,86287884.0,195833148.0,-1.0,11137878672.0,1296678270.0,analytical-model,0.00031622776601683794,,,,,,,,,,,,0.1.0,3.11.9,2.5.0,b58b31db18364511c43757e27fffc7abce8df2c1,True,ok,,
1.0,transverse_field_ising:N072,-2.5,empirical,,9.0,,2.0,a8fa234e-a646-4911-8402-a67c302db4ae,2026-08-12T00:11:58.358108+00:00,c1ad72de628f71283ac69037e9bbe97c3e773952f5abde5eac91397ca322d1a6,resource-grid,transverse_field_ising,TFIM-72,"{""coupling"":1.0,""field"":3.0,""periodic"":false}",72,72.0,proportional,1.0,0.0031622776601683794,287.0,143,mpf-j-mizuta2026-theorem6-empirical-operator-norm,multiproduct,MPF J=Mizuta Theorem 6 (resolved per point) [empirical operator norm],empirical-operator-norm,,,9.0,18.0,mizuta2026-theorem6,5.000000000000001,0.0028460498941515417,,,,,,,,,,,,,,,,,,,,,,,,,,,,,,,,,,,,,,,,,,,,,,,,,,,,,0.0028460498941515417,,,,,,,,,,,,,,,,,,,,,,,,,,,,,,,,,,,,,,,,,,,0.1.0,3.11.9,2.5.0,b58b31db18364511c43757e27fffc7abce8df2c1,True,missing_empirical,UnsupportedEmpiricalCalibrationError,"no reviewed empirical operator-norm calibration for method=multiproduct, formal_order=18, model=transverse_field_ising, parameters={'coupling': 1.0, 'field': 3.0, 'periodic': False}, boundary=open, partition=None, schedule='new', formula='ordered-individual-pauli-strang-mpf-v1'"
1.0,transverse_field_ising:N072,-2.5,commutator,,9.0,12618.0,2.0,a8fa234e-a646-4911-8402-a67c302db4ae,2026-08-12T00:11:58.358108+00:00,c1ad72de628f71283ac69037e9bbe97c3e773952f5abde5eac91397ca322d1a6,resource-grid,transverse_field_ising,TFIM-72,"{""coupling"":1.0,""field"":3.0,""periodic"":false}",72,72.0,proportional,1.0,0.0031622776601683794,287.0,143,mpf-j-mizuta2026-theorem6-mizuta2026-commutator-ideal-rigorous,multiproduct,MPF J=Mizuta Theorem 6 (resolved per point) [Mizuta 2026 refined commutator],mizuta2026-commutator-ideal-rigorous,analytical,,9.0,18.0,mizuta2026-theorem6,5.000000000000001,0.0028460498941515417,12618.0,12618.0,,10221.0,"[""error""]",35.486637932635084,18.0,,,2.2490057481012425e-07,4.475045115864631e-15,1.3468623959535435e-16,4.340358876269276e-15,4.475045115864631e-15,2.249005792851694e-07,0.0028458593891482397,1.7287176516619422e-05,False,0.007044905197121786,"[1.0000000000000002,1.0000000000000002,1.0000000000000002,1.0000000000000002,1.0000000000000002,1.0000000000000002,1.0000000000000002,1.0000000000000002,1.0000000000000002,1.0000000000000002,1.0000000000000002,1.0000000000000002,1.0000000000000002,1.0000000000000002,1.0000000000000002,1.0000000000000002,1.0000000000000002,1.0000000000000002,1.0000000000000002,1.0000000000000002,1.0000000000000002,1.0000000000000002,1.0000000000000002,1.0000000000000002,1.0000000000000002,1.0000000000000002,1.0000000000000002,1.0000000000000002,1.0000000000000002,1.0000000000000002,1.0000000000000002,1.0000000000000002,1.0000000000000002,1.0000000000000002,1.0000000000000002,1.0000000000000002,1.0000000000000002,1.0000000000000002,1.0000000000000002,1.0000000000000002,1.0000000000000002,1.0000000000000002,1.0000000000000002,1.0000000000000002,1.0000000000000002,1.0000000000000002,1.0000000000000002,1.0000000000000002,1.0000000000000002,1.0000000000000002,1.0000000000000002,1.0000000000000002,1.0000000000000002,1.0000000000000002,1.0000000000000002,1.0000000000000002,1.0000000000000002,1.0000000000000002,1.0000000000000002,1.0000000000000002,1.0000000000000002,1.0000000000000002,1.0000000000000002,1.0000000000000002,1.0000000000000002,1.0000000000000002,1.0000000000000002,1.0000000000000002,1.0000000000000002,1.0000000000000002,1.0000000000000002,1.0000000000000002,1.0000000000000002,1.0000000000000002,1.0000000000000002,1.0000000000000002,1.0000000000000002,1.0000000000000002,1.0000000000000002,1.0000000000000002,1.0000000000000002,1.0000000000000002,1.0000000000000002,1.0000000000000002,1.0000000000000002,1.0000000000000002,1.0000000000000002,1.0000000000000002,1.0000000000000002,1.0000000000000002,1.0000000000000002,1.0000000000000002,1.0000000000000002,1.0000000000000002,1.0000000000000002,1.0000000000000002,1.0000000000000002,1.0000000000000002,1.0000000000000002,1.0000000000000002,1.0000000000000002,1.0000000000000002,1.0000000000000002,1.0000000000000002,1.0000000000000002,1.0000000000000002,1.0000000000000002,1.0000000000000002,1.0000000000000002,1.0000000000000002,1.0000000000000002,1.0000000000000002,1.0000000000000002,1.0000000000000002,1.0000000000000002,1.0000000000000002,1.0000000000000002,1.0000000000000002,1.0000000000000002,1.0000000000000002,1.0000000000000002,1.0000000000000002,1.0000000000000002,1.0000000000000002,1.0000000000000002,1.0000000000000002,1.0000000000000002,1.0000000000000002,1.0000000000000002,1.0000000000000002,1.0000000000000002,1.0000000000000002,1.0000000000000002,1.0000000000000002,1.0000000000000002,1.0000000000000002,1.0000000000000002,1.0000000000000002,1.0000000000000002,1.0000000000000002,1.0000000000000002,1.0000000000000002,1.0000000000000002]",5.0000000000000036,18.0,False,,not-used,commutator,mizuta2026-commutator-ideal-rigorous,[],3028320.0,,,,0.0028458593891482397,9.582814284114874e+35,mizuta2026-commutator-ideal-rigorous,"Mizuta, Quantum 10, 1974 (2026), arXiv:2507.06557v4","Theorem 4, Eqs. (47)--(49), with direct Lemmas 9--10 BCH remainder","{""error_predicate_satisfied"":1.0,""extensiveness_g"":5.000000000000001,""joint_predicate_satisfied"":1.0,""legacy_first_condition_passed"":0.0,""legacy_first_time_limit"":1.7287176516619422e-05,""local_commutator_error"":2.2490057481012425e-07,""local_step_error"":2.249005792851694e-07,""local_truncated_bch_error"":4.475045115864631e-15,""locality_k"":2.0,""mu_upper"":35.486637932635084,""refined_lemma10_remainder"":4.340358876269276e-15,""refined_lemma9_remainder"":1.3468623959535435e-16,""refined_tail_fallback"":0.0,""repeated_global_error"":0.0028458593891482397,""schedule_weighted_extensiveness"":5.0000000000000036,""second_time_limit"":0.007044905197121786,""time_2_predicate_satisfied"":1.0,""total_branchwise_bch_remainder"":4.475045115864631e-15,""truncation_order_p0"":18.0}",True,ideal-mpf,True,ordered individual Pauli terms,"[""individual Pauli summands define the ordered H_gamma decomposition"",""the actual Strang factors define schedule-weighted g_alpha extensiveness"",""Lemma 9 and Lemma 10 positive majorants directly certify the BCH remainder"",""the scalar-flow/Cauchy refined tail certificate is used"",""Theorem 4 second time hypothesis is satisfied"",""the repeated ideal MPF is composed with the Eq. (15) telescoping argument""]",,18.0,18.0,True,False,"{""2"":1704.0000000000016,""3"":27216.00000000004,""4"":352992.0000000008,""5"":5638464.000000017,""6"":77007360.0000003,""7"":1230183936.0000057,""8"":17379351552.00009,""9"":277660099584.00165,""10"":4013367508992.027,""11"":64125048397824.48,""12"":941929898999815.6,""13"":1.5051227707441284e+16,""14"":2.2371433013969107e+17,""15"":3.57501156198112e+18,""16"":5.361671830269178e+19,""17"":8.568609591565408e+20,""18"":1.2941659397334411e+22}",repeated-shared-ancilla-good-block,True,False,0.0028460498941515417,new,"[1,2,3,4,5,6,8,14,37]","[1.967691252631999e-13,-3.445506091008736e-08,2.544222523112307e-05,-0.0016199636587070087,0.021324279661958864,-0.07100801545469856,0.14994672471728007,-0.4079534241993221,1.3092849911631212]",1.9611628755355768,0.03883712446442322,80.0,registered-exact,True,9.0,4.0,2.0,5.0,11.0,5.0,6.0,3.0,2.0,3.0,2.0,one robust OAA round per segment,12618.0,branch register all-zero,,79.0,1727278020.0,1451070.0,-1.0,229733780940.0,2593158976.0,analytical-model,0.00031622776601683794,,,,,,,,,,,,0.1.0,3.11.9,2.5.0,b58b31db18364511c43757e27fffc7abce8df2c1,True,ok,,
1.0,transverse_field_ising:N072,-2.6,commutator,404905.0,,,2.0,a8fa234e-a646-4911-8402-a67c302db4ae,2026-08-12T00:11:58.358108+00:00,c1ad72de628f71283ac69037e9bbe97c3e773952f5abde5eac91397ca322d1a6,resource-grid,transverse_field_ising,TFIM-72,"{""coupling"":1.0,""field"":3.0,""periodic"":false}",72,72.0,proportional,1.0,0.0025118864315095794,287.0,143,trotter-p2,trotter,Trotter p=2,analytical,analytical,2.0,,,,,,404905.0,,,,,,,,,,,,,,,,,,,,,,,,,,,,,,individual,143.0,0.0022606871115411187,993.0,childs-commutator,"Childs, Su, Tran, Wiebe, and Zhu, arXiv:1912.08854",Propositions 9--10,"{""prefactor"":993.0}",True,implemented-product-formula,True,,"[""the resolved ordered Hamiltonian groups match the implemented formula""]",,,,,,,implemented-product-formula,True,True,0.0022606977883586218,,,,,,,,,,,,,,,,,,,1.0,none,0.0,system register,1.0,72.0,115397925.0,0.0,-1.0,14078546850.0,114590947.0,analytical-model,0.00025118864315095795,,,,,,,,,,,,0.1.0,3.11.9,2.5.0,b58b31db18364511c43757e27fffc7abce8df2c1,True,ok,,
1.0,transverse_field_ising:N072,-2.6,empirical,106573.0,,,2.0,a8fa234e-a646-4911-8402-a67c302db4ae,2026-08-12T00:11:58.358108+00:00,c1ad72de628f71283ac69037e9bbe97c3e773952f5abde5eac91397ca322d1a6,resource-grid,transverse_field_ising,TFIM-72,"{""coupling"":1.0,""field"":3.0,""periodic"":false}",72,72.0,proportional,1.0,0.0025118864315095794,287.0,143,trotter-p2-empirical,trotter,Trotter p=2 [empirical],empirical-operator-norm,empirical,2.0,,,,,,106573.0,,,,,,,,,,,,,,,,,,,,,,,,,,,,,,individual,143.0,0.002260682814622226,68.7917766697,empirical-operator-norm,Repository empirical operator-norm calibration study v1 (2026-08-10),reviewed calibration opnorm-v1-tfim-open-trotter-p2; artifact docs/calibration_data/empirical_1d_v1_accepted.json,"{""prefactor"":68.7917766697}",False,implemented-product-formula,False,,"[""the resolved ordered Hamiltonian groups match the implemented formula"",""the fixed formal-order powers in time and segments apply"",""the reviewed affine size calibration extrapolates as flagged""]",,,,,,,implemented-product-formula,False,False,0.0022606977883586218,,,,,,,,,,,,,,,,,,,1.0,none,0.0,system register,1.0,72.0,30373305.0,0.0,-1.0,3523303380.0,30160905.0,analytical-model,0.00025118864315095795,opnorm-v1-tfim-open-trotter-p2,transverse_field_ising,affine-aN-plus-b,68.7917766697,4.0,12.0,4.0,12.0,True,True,formula,0.1.0,3.11.9,2.5.0,b58b31db18364511c43757e27fffc7abce8df2c1,True,ok,,
1.0,transverse_field_ising:N072,-2.6,commutator,11298.0,,,2.0,a8fa234e-a646-4911-8402-a67c302db4ae,2026-08-12T00:11:58.358108+00:00,c1ad72de628f71283ac69037e9bbe97c3e773952f5abde5eac91397ca322d1a6,resource-grid,transverse_field_ising,TFIM-72,"{""coupling"":1.0,""field"":3.0,""periodic"":false}",72,72.0,proportional,1.0,0.0025118864315095794,287.0,143,trotter-p4,trotter,Trotter p=4,analytical,analytical,4.0,,,,,,11298.0,,,,,,,,,,,,,,,,,,,,,,,,,,,,,,commuting,2.0,0.002260260767574787,19032.785200508108,schubert-mendl-commutator,"Schubert and Mendl, arXiv:2306.10603",Theorem 1,"{""prefactor"":19032.785200508108}",True,implemented-product-formula,True,,"[""the resolved ordered Hamiltonian groups match the implemented formula""]",,,,,,,implemented-product-formula,True,True,0.0022606977883586218,,,,,,,,,,,,,,,,,,,1.0,none,0.0,system register,1.0,72.0,12145350.0,0.0,-1.0,1360279200.0,12060418.0,analytical-model,0.00025118864315095795,,,,,,,,,,,,0.1.0,3.11.9,2.5.0,b58b31db18364511c43757e27fffc7abce8df2c1,True,ok,,
1.0,transverse_field_ising:N072,-2.6,empirical,2256.0,,,2.0,a8fa234e-a646-4911-8402-a67c302db4ae,2026-08-12T00:11:58.358108+00:00,c1ad72de628f71283ac69037e9bbe97c3e773952f5abde5eac91397ca322d1a6,resource-grid,transverse_field_ising,TFIM-72,"{""coupling"":1.0,""field"":3.0,""periodic"":false}",72,72.0,proportional,1.0,0.0025118864315095794,287.0,143,trotter-p4-empirical,trotter,Trotter p=4 [empirical],empirical-operator-norm,empirical,4.0,,,,,,2256.0,,,,,,,,,,,,,,,,,,,,,,,,,,,,,,commuting,2.0,0.0022603339666710785,30.2598318541,empirical-operator-norm,Repository empirical operator-norm calibration study v1 (2026-08-10),reviewed calibration opnorm-v1-tfim-open-trotter-p4; artifact docs/calibration_data/empirical_1d_v1_accepted.json,"{""prefactor"":30.2598318541}",False,implemented-product-formula,False,,"[""the resolved ordered Hamiltonian groups match the implemented formula"",""the fixed formal-order powers in time and segments apply"",""the reviewed affine size calibration extrapolates as flagged""]",,,,,,,implemented-product-formula,False,False,0.0022606977883586218,,,,,,,,,,,,,,,,,,,1.0,none,0.0,system register,1.0,72.0,2425200.0,0.0,-1.0,254646000.0,2408241.0,analytical-model,0.00025118864315095795,opnorm-v1-tfim-open-trotter-p4,transverse_field_ising,affine-aN-plus-b,30.2598318541,4.0,12.0,4.0,12.0,True,True,formula,0.1.0,3.11.9,2.5.0,b58b31db18364511c43757e27fffc7abce8df2c1,True,ok,,
1.0,transverse_field_ising:N072,-2.6,commutator,4951.0,,,2.0,a8fa234e-a646-4911-8402-a67c302db4ae,2026-08-12T00:11:58.358108+00:00,c1ad72de628f71283ac69037e9bbe97c3e773952f5abde5eac91397ca322d1a6,resource-grid,transverse_field_ising,TFIM-72,"{""coupling"":1.0,""field"":3.0,""periodic"":false}",72,72.0,proportional,1.0,0.0025118864315095794,287.0,143,trotter-p6,trotter,Trotter p=6,analytical,analytical,6.0,,,,,,4951.0,,,,,,,,,,,,,,,,,,,,,,,,,,,,,,commuting,2.0,0.002258253602986464,3315910.460456222,schubert-mendl-commutator,"Schubert and Mendl, arXiv:2306.10603",Theorem 1,"{""prefactor"":3315910.460456222}",True,implemented-product-formula,True,,"[""the resolved ordered Hamiltonian groups match the implemented formula""]",,,,,,,implemented-product-formula,True,True,0.0022606977883586218,,,,,,,,,,,,,,,,,,,1.0,none,0.0,system register,1.0,72.0,26611625.0,0.0,-1.0,3086948500.0,26425530.0,analytical-model,0.00025118864315095795,,,,,,,,,,,,0.1.0,3.11.9,2.5.0,b58b31db18364511c43757e27fffc7abce8df2c1,True,ok,,
1.0,transverse_field_ising:N072,-2.6,empirical,576.0,,,2.0,a8fa234e-a646-4911-8402-a67c302db4ae,2026-08-12T00:11:58.358108+00:00,c1ad72de628f71283ac69037e9bbe97c3e773952f5abde5eac91397ca322d1a6,resource-grid,transverse_field_ising,TFIM-72,"{""coupling"":1.0,""field"":3.0,""periodic"":false}",72,72.0,proportional,1.0,0.0025118864315095794,287.0,143,trotter-p6-empirical,trotter,Trotter p=6 [empirical],empirical-operator-norm,empirical,6.0,,,,,,576.0,,,,,,,,,,,,,,,,,,,,,,,,,,,,,,commuting,2.0,0.00013562411157531695,0.4937923209,empirical-operator-norm,Repository empirical operator-norm calibration study v1 (2026-08-10),reviewed calibration opnorm-v1-tfim-open-trotter-p6; artifact docs/calibration_data/empirical_1d_v1_accepted.json,"{""prefactor"":0.4937923209}",False,implemented-product-formula,False,,"[""the resolved ordered Hamiltonian groups match the implemented formula"",""the fixed formal-order powers in time and segments apply"",""the reviewed affine size calibration extrapolates as flagged""]",,,,,,,implemented-product-formula,False,False,0.0022606977883586218,,,,,,,,,,,,,,,,,,,1.0,none,0.0,system register,1.0,72.0,3096000.0,0.0,-1.0,328176000.0,3074350.0,analytical-model,0.00025118864315095795,opnorm-v1-tfim-open-trotter-p6,transverse_field_ising,affine-aN-plus-b,0.4937923209,4.0,12.0,4.0,12.0,True,True,asymptotic-domain,0.1.0,3.11.9,2.5.0,b58b31db18364511c43757e27fffc7abce8df2c1,True,ok,,
1.0,transverse_field_ising:N072,-2.6,jacobi-anger,,,,2.0,a8fa234e-a646-4911-8402-a67c302db4ae,2026-08-12T00:11:58.358108+00:00,c1ad72de628f71283ac69037e9bbe97c3e773952f5abde5eac91397ca322d1a6,resource-grid,transverse_field_ising,TFIM-72,"{""coupling"":1.0,""field"":3.0,""periodic"":false}",72,72.0,proportional,1.0,0.0025118864315095794,287.0,143,qsvt,qsvt,QSVT,jacobi-anger-rigorous,analytical,,,,,,,,,,,,,,,,,,,,,,,,,,,,,,,,,,,168531.0,28089.0,,,0.00040719508986572983,,jacobi-anger-polynomial-oaa,"Martyn et al., arXiv:2105.02859, Eqs. (76)--(77)",Jacobi--Anger tails plus exact cubic OAA identity,"{""oaa-unitarity-defect-distortion"":0.00020362862652052727,""scaled-polynomial-error"":0.00020356646334520256}",True,ideal-qsvt-oaa-good-block,True,,"[""the cosine and sine polynomials are implemented exactly"",""the unamplified good block is exactly Q/2""]",,,,,,,implemented-qsvt-floating-phase-circuit,False,False,0.0022606977883586218,,,,,,,,,,,,,,,,,,,2.0,one robust OAA round,1.0,"component, quadrature, and index registers all-zero",,90.0,86287884.0,195833148.0,-1.0,11224166556.0,1296678270.0,analytical-model,0.00025118864315095795,,,,,,,,,,,,0.1.0,3.11.9,2.5.0,b58b31db18364511c43757e27fffc7abce8df2c1,True,ok,,
1.0,transverse_field_ising:N072,-2.6,empirical,,9.0,,2.0,a8fa234e-a646-4911-8402-a67c302db4ae,2026-08-12T00:11:58.358108+00:00,c1ad72de628f71283ac69037e9bbe97c3e773952f5abde5eac91397ca322d1a6,resource-grid,transverse_field_ising,TFIM-72,"{""coupling"":1.0,""field"":3.0,""periodic"":false}",72,72.0,proportional,1.0,0.0025118864315095794,287.0,143,mpf-j-mizuta2026-theorem6-empirical-operator-norm,multiproduct,MPF J=Mizuta Theorem 6 (resolved per point) [empirical operator norm],empirical-operator-norm,,,9.0,18.0,mizuta2026-theorem6,5.000000000000001,0.0022606977883586218,,,,,,,,,,,,,,,,,,,,,,,,,,,,,,,,,,,,,,,,,,,,,,,,,,,,,0.0022606977883586218,,,,,,,,,,,,,,,,,,,,,,,,,,,,,,,,,,,,,,,,,,,0.1.0,3.11.9,2.5.0,b58b31db18364511c43757e27fffc7abce8df2c1,True,missing_empirical,UnsupportedEmpiricalCalibrationError,"no reviewed empirical operator-norm calibration for method=multiproduct, formal_order=18, model=transverse_field_ising, parameters={'coupling': 1.0, 'field': 3.0, 'periodic': False}, boundary=open, partition=None, schedule='new', formula='ordered-individual-pauli-strang-mpf-v1'"
1.0,transverse_field_ising:N072,-2.6,commutator,,9.0,12780.0,2.0,a8fa234e-a646-4911-8402-a67c302db4ae,2026-08-12T00:11:58.358108+00:00,c1ad72de628f71283ac69037e9bbe97c3e773952f5abde5eac91397ca322d1a6,resource-grid,transverse_field_ising,TFIM-72,"{""coupling"":1.0,""field"":3.0,""periodic"":false}",72,72.0,proportional,1.0,0.0025118864315095794,287.0,143,mpf-j-mizuta2026-theorem6-mizuta2026-commutator-ideal-rigorous,multiproduct,MPF J=Mizuta Theorem 6 (resolved per point) [Mizuta 2026 refined commutator],mizuta2026-commutator-ideal-rigorous,analytical,,9.0,18.0,mizuta2026-theorem6,5.000000000000001,0.0022606977883586218,12780.0,12780.0,,10221.0,"[""error""]",35.486637932635084,18.0,,,1.7649169788617392e-07,3.504120655245548e-15,1.2404972826648414e-16,3.3800709269790634e-15,3.504120655245548e-15,1.764917013902946e-07,0.002260656855019836,1.7287176516619422e-05,False,0.007044905197121786,"[1.0000000000000002,1.0000000000000002,1.0000000000000002,1.0000000000000002,1.0000000000000002,1.0000000000000002,1.0000000000000002,1.0000000000000002,1.0000000000000002,1.0000000000000002,1.0000000000000002,1.0000000000000002,1.0000000000000002,1.0000000000000002,1.0000000000000002,1.0000000000000002,1.0000000000000002,1.0000000000000002,1.0000000000000002,1.0000000000000002,1.0000000000000002,1.0000000000000002,1.0000000000000002,1.0000000000000002,1.0000000000000002,1.0000000000000002,1.0000000000000002,1.0000000000000002,1.0000000000000002,1.0000000000000002,1.0000000000000002,1.0000000000000002,1.0000000000000002,1.0000000000000002,1.0000000000000002,1.0000000000000002,1.0000000000000002,1.0000000000000002,1.0000000000000002,1.0000000000000002,1.0000000000000002,1.0000000000000002,1.0000000000000002,1.0000000000000002,1.0000000000000002,1.0000000000000002,1.0000000000000002,1.0000000000000002,1.0000000000000002,1.0000000000000002,1.0000000000000002,1.0000000000000002,1.0000000000000002,1.0000000000000002,1.0000000000000002,1.0000000000000002,1.0000000000000002,1.0000000000000002,1.0000000000000002,1.0000000000000002,1.0000000000000002,1.0000000000000002,1.0000000000000002,1.0000000000000002,1.0000000000000002,1.0000000000000002,1.0000000000000002,1.0000000000000002,1.0000000000000002,1.0000000000000002,1.0000000000000002,1.0000000000000002,1.0000000000000002,1.0000000000000002,1.0000000000000002,1.0000000000000002,1.0000000000000002,1.0000000000000002,1.0000000000000002,1.0000000000000002,1.0000000000000002,1.0000000000000002,1.0000000000000002,1.0000000000000002,1.0000000000000002,1.0000000000000002,1.0000000000000002,1.0000000000000002,1.0000000000000002,1.0000000000000002,1.0000000000000002,1.0000000000000002,1.0000000000000002,1.0000000000000002,1.0000000000000002,1.0000000000000002,1.0000000000000002,1.0000000000000002,1.0000000000000002,1.0000000000000002,1.0000000000000002,1.0000000000000002,1.0000000000000002,1.0000000000000002,1.0000000000000002,1.0000000000000002,1.0000000000000002,1.0000000000000002,1.0000000000000002,1.0000000000000002,1.0000000000000002,1.0000000000000002,1.0000000000000002,1.0000000000000002,1.0000000000000002,1.0000000000000002,1.0000000000000002,1.0000000000000002,1.0000000000000002,1.0000000000000002,1.0000000000000002,1.0000000000000002,1.0000000000000002,1.0000000000000002,1.0000000000000002,1.0000000000000002,1.0000000000000002,1.0000000000000002,1.0000000000000002,1.0000000000000002,1.0000000000000002,1.0000000000000002,1.0000000000000002,1.0000000000000002,1.0000000000000002,1.0000000000000002,1.0000000000000002,1.0000000000000002,1.0000000000000002,1.0000000000000002,1.0000000000000002,1.0000000000000002,1.0000000000000002]",5.0000000000000036,18.0,False,,not-used,commutator,mizuta2026-commutator-ideal-rigorous,[],3067200.0,,,,0.002260656855019836,9.582814284114874e+35,mizuta2026-commutator-ideal-rigorous,"Mizuta, Quantum 10, 1974 (2026), arXiv:2507.06557v4","Theorem 4, Eqs. (47)--(49), with direct Lemmas 9--10 BCH remainder","{""error_predicate_satisfied"":1.0,""extensiveness_g"":5.000000000000001,""joint_predicate_satisfied"":1.0,""legacy_first_condition_passed"":0.0,""legacy_first_time_limit"":1.7287176516619422e-05,""local_commutator_error"":1.7649169788617392e-07,""local_step_error"":1.764917013902946e-07,""local_truncated_bch_error"":3.504120655245548e-15,""locality_k"":2.0,""mu_upper"":35.486637932635084,""refined_lemma10_remainder"":3.3800709269790634e-15,""refined_lemma9_remainder"":1.2404972826648414e-16,""refined_tail_fallback"":0.0,""repeated_global_error"":0.002260656855019836,""schedule_weighted_extensiveness"":5.0000000000000036,""second_time_limit"":0.007044905197121786,""time_2_predicate_satisfied"":1.0,""total_branchwise_bch_remainder"":3.504120655245548e-15,""truncation_order_p0"":18.0}",True,ideal-mpf,True,ordered individual Pauli terms,"[""individual Pauli summands define the ordered H_gamma decomposition"",""the actual Strang factors define schedule-weighted g_alpha extensiveness"",""Lemma 9 and Lemma 10 positive majorants directly certify the BCH remainder"",""the scalar-flow/Cauchy refined tail certificate is used"",""Theorem 4 second time hypothesis is satisfied"",""the repeated ideal MPF is composed with the Eq. (15) telescoping argument""]",,18.0,18.0,True,False,"{""2"":1704.0000000000016,""3"":27216.00000000004,""4"":352992.0000000008,""5"":5638464.000000017,""6"":77007360.0000003,""7"":1230183936.0000057,""8"":17379351552.00009,""9"":277660099584.00165,""10"":4013367508992.027,""11"":64125048397824.48,""12"":941929898999815.6,""13"":1.5051227707441284e+16,""14"":2.2371433013969107e+17,""15"":3.57501156198112e+18,""16"":5.361671830269178e+19,""17"":8.568609591565408e+20,""18"":1.2941659397334411e+22}",repeated-shared-ancilla-good-block,True,False,0.0022606977883586218,new,"[1,2,3,4,5,6,8,14,37]","[1.967691252631999e-13,-3.445506091008736e-08,2.544222523112307e-05,-0.0016199636587070087,0.021324279661958864,-0.07100801545469856,0.14994672471728007,-0.4079534241993221,1.3092849911631212]",1.9611628755355768,0.03883712446442322,80.0,registered-exact,True,9.0,4.0,2.0,5.0,11.0,5.0,6.0,3.0,2.0,3.0,2.0,one robust OAA round per segment,12780.0,branch register all-zero,,79.0,1749454200.0,1469700.0,-1.0,234432741600.0,2626452029.0,analytical-model,0.00025118864315095795,,,,,,,,,,,,0.1.0,3.11.9,2.5.0,b58b31db18364511c43757e27fffc7abce8df2c1,True,ok,,
1.0,transverse_field_ising:N072,-2.7,commutator,454310.0,,,2.0,a8fa234e-a646-4911-8402-a67c302db4ae,2026-08-12T00:11:58.358108+00:00,c1ad72de628f71283ac69037e9bbe97c3e773952f5abde5eac91397ca322d1a6,resource-grid,transverse_field_ising,TFIM-72,"{""coupling"":1.0,""field"":3.0,""periodic"":false}",72,72.0,proportional,1.0,0.001995262314968879,287.0,143,trotter-p2,trotter,Trotter p=2,analytical,analytical,2.0,,,,,,454310.0,,,,,,,,,,,,,,,,,,,,,,,,,,,,,,individual,143.0,0.0017957345769430285,993.0,childs-commutator,"Childs, Su, Tran, Wiebe, and Zhu, arXiv:1912.08854",Propositions 9--10,"{""prefactor"":993.0}",True,implemented-product-formula,True,,"[""the resolved ordered Hamiltonian groups match the implemented formula""]",,,,,,,implemented-product-formula,True,True,0.001795736083471991,,,,,,,,,,,,,,,,,,,1.0,none,0.0,system register,1.0,72.0,129478350.0,0.0,-1.0,16055315400.0,128572907.0,analytical-model,0.0001995262314968879,,,,,,,,,,,,0.1.0,3.11.9,2.5.0,b58b31db18364511c43757e27fffc7abce8df2c1,True,ok,,
1.0,transverse_field_ising:N072,-2.7,empirical,119577.0,,,2.0,a8fa234e-a646-4911-8402-a67c302db4ae,2026-08-12T00:11:58.358108+00:00,c1ad72de628f71283ac69037e9bbe97c3e773952f5abde5eac91397ca322d1a6,resource-grid,transverse_field_ising,TFIM-72,"{""coupling"":1.0,""field"":3.0,""periodic"":false}",72,72.0,proportional,1.0,0.001995262314968879,287.0,143,trotter-p2-empirical,trotter,Trotter p=2 [empirical],empirical-operator-norm,empirical,2.0,,,,,,119577.0,,,,,,,,,,,,,,,,,,,,,,,,,,,,,,individual,143.0,0.0017957203669175107,68.7917766697,empirical-operator-norm,Repository empirical operator-norm calibration study v1 (2026-08-10),reviewed calibration opnorm-v1-tfim-open-trotter-p2; artifact docs/calibration_data/empirical_1d_v1_accepted.json,"{""prefactor"":68.7917766697}",False,implemented-product-formula,False,,"[""the resolved ordered Hamiltonian groups match the implemented formula"",""the fixed formal-order powers in time and segments apply"",""the reviewed affine size calibration extrapolates as flagged""]",,,,,,,implemented-product-formula,False,False,0.001795736083471991,,,,,,,,,,,,,,,,,,,1.0,none,0.0,system register,1.0,72.0,34079445.0,0.0,-1.0,4021374510.0,33841128.0,analytical-model,0.0001995262314968879,opnorm-v1-tfim-open-trotter-p2,transverse_field_ising,affine-aN-plus-b,68.7917766697,4.0,12.0,4.0,12.0,True,True,formula,0.1.0,3.11.9,2.5.0,b58b31db18364511c43757e27fffc7abce8df2c1,True,ok,,
1.0,transverse_field_ising:N072,-2.7,commutator,11967.0,,,2.0,a8fa234e-a646-4911-8402-a67c302db4ae,2026-08-12T00:11:58.358108+00:00,c1ad72de628f71283ac69037e9bbe97c3e773952f5abde5eac91397ca322d1a6,resource-grid,transverse_field_ising,TFIM-72,"{""coupling"":1.0,""field"":3.0,""periodic"":false}",72,72.0,proportional,1.0,0.001995262314968879,287.0,143,trotter-p4,trotter,Trotter p=4,analytical,analytical,4.0,,,,,,11967.0,,,,,,,,,,,,,,,,,,,,,,,,,,,,,,commuting,2.0,0.0017956581637151177,19032.785200508108,schubert-mendl-commutator,"Schubert and Mendl, arXiv:2306.10603",Theorem 1,"{""prefactor"":19032.785200508108}",True,implemented-product-formula,True,,"[""the resolved ordered Hamiltonian groups match the implemented formula""]",,,,,,,implemented-product-formula,True,True,0.001795736083471991,,,,,,,,,,,,,,,,,,,1.0,none,0.0,system register,1.0,72.0,12864525.0,0.0,-1.0,1453691325.0,12774564.0,analytical-model,0.0001995262314968879,,,,,,,,,,,,0.1.0,3.11.9,2.5.0,b58b31db18364511c43757e27fffc7abce8df2c1,True,ok,,
1.0,transverse_field_ising:N072,-2.7,empirical,2390.0,,,2.0,a8fa234e-a646-4911-8402-a67c302db4ae,2026-08-12T00:11:58.358108+00:00,c1ad72de628f71283ac69037e9bbe97c3e773952f5abde5eac91397ca322d1a6,resource-grid,transverse_field_ising,TFIM-72,"{""coupling"":1.0,""field"":3.0,""periodic"":false}",72,72.0,proportional,1.0,0.001995262314968879,287.0,143,trotter-p4-empirical,trotter,Trotter p=4 [empirical],empirical-operator-norm,empirical,4.0,,,,,,2390.0,,,,,,,,,,,,,,,,,,,,,,,,,,,,,,commuting,2.0,0.0017944749030059212,30.2598318541,empirical-operator-norm,Repository empirical operator-norm calibration study v1 (2026-08-10),reviewed calibration opnorm-v1-tfim-open-trotter-p4; artifact docs/calibration_data/empirical_1d_v1_accepted.json,"{""prefactor"":30.2598318541}",False,implemented-product-formula,False,,"[""the resolved ordered Hamiltonian groups match the implemented formula"",""the fixed formal-order powers in time and segments apply"",""the reviewed affine size calibration extrapolates as flagged""]",,,,,,,implemented-product-formula,False,False,0.001795736083471991,,,,,,,,,,,,,,,,,,,1.0,none,0.0,system register,1.0,72.0,2569250.0,0.0,-1.0,272340500.0,2551284.0,analytical-model,0.0001995262314968879,opnorm-v1-tfim-open-trotter-p4,transverse_field_ising,affine-aN-plus-b,30.2598318541,4.0,12.0,4.0,12.0,True,True,formula,0.1.0,3.11.9,2.5.0,b58b31db18364511c43757e27fffc7abce8df2c1,True,ok,,
1.0,transverse_field_ising:N072,-2.7,commutator,5144.0,,,2.0,a8fa234e-a646-4911-8402-a67c302db4ae,2026-08-12T00:11:58.358108+00:00,c1ad72de628f71283ac69037e9bbe97c3e773952f5abde5eac91397ca322d1a6,resource-grid,transverse_field_ising,TFIM-72,"{""coupling"":1.0,""field"":3.0,""periodic"":false}",72,72.0,proportional,1.0,0.001995262314968879,287.0,143,trotter-p6,trotter,Trotter p=6,analytical,analytical,6.0,,,,,,5144.0,,,,,,,,,,,,,,,,,,,,,,,,,,,,,,commuting,2.0,0.0017952482427729874,3315910.460456222,schubert-mendl-commutator,"Schubert and Mendl, arXiv:2306.10603",Theorem 1,"{""prefactor"":3315910.460456222}",True,implemented-product-formula,True,,"[""the resolved ordered Hamiltonian groups match the implemented formula""]",,,,,,,implemented-product-formula,True,True,0.001795736083471991,,,,,,,,,,,,,,,,,,,1.0,none,0.0,system register,1.0,72.0,27649000.0,0.0,-1.0,3234933000.0,27455651.0,analytical-model,0.0001995262314968879,,,,,,,,,,,,0.1.0,3.11.9,2.5.0,b58b31db18364511c43757e27fffc7abce8df2c1,True,ok,,
1.0,transverse_field_ising:N072,-2.7,empirical,576.0,,,2.0,a8fa234e-a646-4911-8402-a67c302db4ae,2026-08-12T00:11:58.358108+00:00,c1ad72de628f71283ac69037e9bbe97c3e773952f5abde5eac91397ca322d1a6,resource-grid,transverse_field_ising,TFIM-72,"{""coupling"":1.0,""field"":3.0,""periodic"":false}",72,72.0,proportional,1.0,0.001995262314968879,287.0,143,trotter-p6-empirical,trotter,Trotter p=6 [empirical],empirical-operator-norm,empirical,6.0,,,,,,576.0,,,,,,,,,,,,,,,,,,,,,,,,,,,,,,commuting,2.0,0.00013562411157531695,0.4937923209,empirical-operator-norm,Repository empirical operator-norm calibration study v1 (2026-08-10),reviewed calibration opnorm-v1-tfim-open-trotter-p6; artifact docs/calibration_data/empirical_1d_v1_accepted.json,"{""prefactor"":0.4937923209}",False,implemented-product-formula,False,,"[""the resolved ordered Hamiltonian groups match the implemented formula"",""the fixed formal-order powers in time and segments apply"",""the reviewed affine size calibration extrapolates as flagged""]",,,,,,,implemented-product-formula,False,False,0.001795736083471991,,,,,,,,,,,,,,,,,,,1.0,none,0.0,system register,1.0,72.0,3096000.0,0.0,-1.0,331272000.0,3074350.0,analytical-model,0.0001995262314968879,opnorm-v1-tfim-open-trotter-p6,transverse_field_ising,affine-aN-plus-b,0.4937923209,4.0,12.0,4.0,12.0,True,True,asymptotic-domain,0.1.0,3.11.9,2.5.0,b58b31db18364511c43757e27fffc7abce8df2c1,True,ok,,
1.0,transverse_field_ising:N072,-2.7,jacobi-anger,,,,2.0,a8fa234e-a646-4911-8402-a67c302db4ae,2026-08-12T00:11:58.358108+00:00,c1ad72de628f71283ac69037e9bbe97c3e773952f5abde5eac91397ca322d1a6,resource-grid,transverse_field_ising,TFIM-72,"{""coupling"":1.0,""field"":3.0,""periodic"":false}",72,72.0,proportional,1.0,0.001995262314968879,287.0,143,qsvt,qsvt,QSVT,jacobi-anger-rigorous,analytical,,,,,,,,,,,,,,,,,,,,,,,,,,,,,,,,,,,168531.0,28089.0,,,0.00035552193238541445,,jacobi-anger-polynomial-oaa,"Martyn et al., arXiv:2105.02859, Eqs. (76)--(77)",Jacobi--Anger tails plus exact cubic OAA identity,"{""oaa-unitarity-defect-distortion"":0.00017778466049977424,""scaled-polynomial-error"":0.00017773727188564022}",True,ideal-qsvt-oaa-good-block,True,,"[""the cosine and sine polynomials are implemented exactly"",""the unamplified good block is exactly Q/2""]",,,,,,,implemented-qsvt-floating-phase-circuit,False,False,0.001795736083471991,,,,,,,,,,,,,,,,,,,2.0,one robust OAA round,1.0,"component, quadrature, and index registers all-zero",,90.0,86287884.0,195833148.0,-1.0,11310454440.0,1296678270.0,analytical-model,0.0001995262314968879,,,,,,,,,,,,0.1.0,3.11.9,2.5.0,b58b31db18364511c43757e27fffc7abce8df2c1,True,ok,,
1.0,transverse_field_ising:N072,-2.7,empirical,,9.0,,2.0,a8fa234e-a646-4911-8402-a67c302db4ae,2026-08-12T00:11:58.358108+00:00,c1ad72de628f71283ac69037e9bbe97c3e773952f5abde5eac91397ca322d1a6,resource-grid,transverse_field_ising,TFIM-72,"{""coupling"":1.0,""field"":3.0,""periodic"":false}",72,72.0,proportional,1.0,0.001995262314968879,287.0,143,mpf-j-mizuta2026-theorem6-empirical-operator-norm,multiproduct,MPF J=Mizuta Theorem 6 (resolved per point) [empirical operator norm],empirical-operator-norm,,,9.0,18.0,mizuta2026-theorem6,5.000000000000001,0.001795736083471991,,,,,,,,,,,,,,,,,,,,,,,,,,,,,,,,,,,,,,,,,,,,,,,,,,,,,0.001795736083471991,,,,,,,,,,,,,,,,,,,,,,,,,,,,,,,,,,,,,,,,,,,0.1.0,3.11.9,2.5.0,b58b31db18364511c43757e27fffc7abce8df2c1,True,missing_empirical,UnsupportedEmpiricalCalibrationError,"no reviewed empirical operator-norm calibration for method=multiproduct, formal_order=18, model=transverse_field_ising, parameters={'coupling': 1.0, 'field': 3.0, 'periodic': False}, boundary=open, partition=None, schedule='new', formula='ordered-individual-pauli-strang-mpf-v1'"
1.0,transverse_field_ising:N072,-2.7,commutator,,9.0,12945.0,2.0,a8fa234e-a646-4911-8402-a67c302db4ae,2026-08-12T00:11:58.358108+00:00,c1ad72de628f71283ac69037e9bbe97c3e773952f5abde5eac91397ca322d1a6,resource-grid,transverse_field_ising,TFIM-72,"{""coupling"":1.0,""field"":3.0,""periodic"":false}",72,72.0,proportional,1.0,0.001995262314968879,287.0,143,mpf-j-mizuta2026-theorem6-mizuta2026-commutator-ideal-rigorous,multiproduct,MPF J=Mizuta Theorem 6 (resolved per point) [Mizuta 2026 refined commutator],mizuta2026-commutator-ideal-rigorous,analytical,,9.0,18.0,mizuta2026-theorem6,5.000000000000001,0.001795736083471991,12945.0,12945.0,,10221.0,"[""error""]",35.486637932635084,18.0,,,1.3831569493885006e-07,2.7468792012829848e-15,1.1420553059984498e-16,2.6326736706831393e-15,2.7468792012829848e-15,1.3831569768572928e-07,0.001793705208449324,1.7287176516619422e-05,False,0.007044905197121786,"[1.0000000000000002,1.0000000000000002,1.0000000000000002,1.0000000000000002,1.0000000000000002,1.0000000000000002,1.0000000000000002,1.0000000000000002,1.0000000000000002,1.0000000000000002,1.0000000000000002,1.0000000000000002,1.0000000000000002,1.0000000000000002,1.0000000000000002,1.0000000000000002,1.0000000000000002,1.0000000000000002,1.0000000000000002,1.0000000000000002,1.0000000000000002,1.0000000000000002,1.0000000000000002,1.0000000000000002,1.0000000000000002,1.0000000000000002,1.0000000000000002,1.0000000000000002,1.0000000000000002,1.0000000000000002,1.0000000000000002,1.0000000000000002,1.0000000000000002,1.0000000000000002,1.0000000000000002,1.0000000000000002,1.0000000000000002,1.0000000000000002,1.0000000000000002,1.0000000000000002,1.0000000000000002,1.0000000000000002,1.0000000000000002,1.0000000000000002,1.0000000000000002,1.0000000000000002,1.0000000000000002,1.0000000000000002,1.0000000000000002,1.0000000000000002,1.0000000000000002,1.0000000000000002,1.0000000000000002,1.0000000000000002,1.0000000000000002,1.0000000000000002,1.0000000000000002,1.0000000000000002,1.0000000000000002,1.0000000000000002,1.0000000000000002,1.0000000000000002,1.0000000000000002,1.0000000000000002,1.0000000000000002,1.0000000000000002,1.0000000000000002,1.0000000000000002,1.0000000000000002,1.0000000000000002,1.0000000000000002,1.0000000000000002,1.0000000000000002,1.0000000000000002,1.0000000000000002,1.0000000000000002,1.0000000000000002,1.0000000000000002,1.0000000000000002,1.0000000000000002,1.0000000000000002,1.0000000000000002,1.0000000000000002,1.0000000000000002,1.0000000000000002,1.0000000000000002,1.0000000000000002,1.0000000000000002,1.0000000000000002,1.0000000000000002,1.0000000000000002,1.0000000000000002,1.0000000000000002,1.0000000000000002,1.0000000000000002,1.0000000000000002,1.0000000000000002,1.0000000000000002,1.0000000000000002,1.0000000000000002,1.0000000000000002,1.0000000000000002,1.0000000000000002,1.0000000000000002,1.0000000000000002,1.0000000000000002,1.0000000000000002,1.0000000000000002,1.0000000000000002,1.0000000000000002,1.0000000000000002,1.0000000000000002,1.0000000000000002,1.0000000000000002,1.0000000000000002,1.0000000000000002,1.0000000000000002,1.0000000000000002,1.0000000000000002,1.0000000000000002,1.0000000000000002,1.0000000000000002,1.0000000000000002,1.0000000000000002,1.0000000000000002,1.0000000000000002,1.0000000000000002,1.0000000000000002,1.0000000000000002,1.0000000000000002,1.0000000000000002,1.0000000000000002,1.0000000000000002,1.0000000000000002,1.0000000000000002,1.0000000000000002,1.0000000000000002,1.0000000000000002,1.0000000000000002,1.0000000000000002,1.0000000000000002,1.0000000000000002,1.0000000000000002]",5.0000000000000036,18.0,False,,not-used,commutator,mizuta2026-commutator-ideal-rigorous,[],3106800.0,,,,0.001793705208449324,9.582814284114874e+35,mizuta2026-commutator-ideal-rigorous,"Mizuta, Quantum 10, 1974 (2026), arXiv:2507.06557v4","Theorem 4, Eqs. (47)--(49), with direct Lemmas 9--10 BCH remainder","{""error_predicate_satisfied"":1.0,""extensiveness_g"":5.000000000000001,""joint_predicate_satisfied"":1.0,""legacy_first_condition_passed"":0.0,""legacy_first_time_limit"":1.7287176516619422e-05,""local_commutator_error"":1.3831569493885006e-07,""local_step_error"":1.3831569768572928e-07,""local_truncated_bch_error"":2.7468792012829848e-15,""locality_k"":2.0,""mu_upper"":35.486637932635084,""refined_lemma10_remainder"":2.6326736706831393e-15,""refined_lemma9_remainder"":1.1420553059984498e-16,""refined_tail_fallback"":0.0,""repeated_global_error"":0.001793705208449324,""schedule_weighted_extensiveness"":5.0000000000000036,""second_time_limit"":0.007044905197121786,""time_2_predicate_satisfied"":1.0,""total_branchwise_bch_remainder"":2.7468792012829848e-15,""truncation_order_p0"":18.0}",True,ideal-mpf,True,ordered individual Pauli terms,"[""individual Pauli summands define the ordered H_gamma decomposition"",""the actual Strang factors define schedule-weighted g_alpha extensiveness"",""Lemma 9 and Lemma 10 positive majorants directly certify the BCH remainder"",""the scalar-flow/Cauchy refined tail certificate is used"",""Theorem 4 second time hypothesis is satisfied"",""the repeated ideal MPF is composed with the Eq. (15) telescoping argument""]",,18.0,18.0,True,False,"{""2"":1704.0000000000016,""3"":27216.00000000004,""4"":352992.0000000008,""5"":5638464.000000017,""6"":77007360.0000003,""7"":1230183936.0000057,""8"":17379351552.00009,""9"":277660099584.00165,""10"":4013367508992.027,""11"":64125048397824.48,""12"":941929898999815.6,""13"":1.5051227707441284e+16,""14"":2.2371433013969107e+17,""15"":3.57501156198112e+18,""16"":5.361671830269178e+19,""17"":8.568609591565408e+20,""18"":1.2941659397334411e+22}",repeated-shared-ancilla-good-block,True,False,0.001795736083471991,new,"[1,2,3,4,5,6,8,14,37]","[1.967691252631999e-13,-3.445506091008736e-08,2.544222523112307e-05,-0.0016199636587070087,0.021324279661958864,-0.07100801545469856,0.14994672471728007,-0.4079534241993221,1.3092849911631212]",1.9611628755355768,0.03883712446442322,80.0,registered-exact,True,9.0,4.0,2.0,5.0,11.0,5.0,6.0,3.0,2.0,3.0,2.0,one robust OAA round per segment,12945.0,branch register all-zero,,79.0,1772041050.0,1488675.0,-1.0,239231496450.0,2660361621.0,analytical-model,0.0001995262314968879,,,,,,,,,,,,0.1.0,3.11.9,2.5.0,b58b31db18364511c43757e27fffc7abce8df2c1,True,ok,,
1.0,transverse_field_ising:N072,-2.8,commutator,509744.0,,,2.0,a8fa234e-a646-4911-8402-a67c302db4ae,2026-08-12T00:11:58.358108+00:00,c1ad72de628f71283ac69037e9bbe97c3e773952f5abde5eac91397ca322d1a6,resource-grid,transverse_field_ising,TFIM-72,"{""coupling"":1.0,""field"":3.0,""periodic"":false}",72,72.0,proportional,1.0,0.001584893192461114,287.0,143,trotter-p2,trotter,Trotter p=2,analytical,analytical,2.0,,,,,,509744.0,,,,,,,,,,,,,,,,,,,,,,,,,,,,,,individual,143.0,0.0014264038180860363,993.0,childs-commutator,"Childs, Su, Tran, Wiebe, and Zhu, arXiv:1912.08854",Propositions 9--10,"{""prefactor"":993.0}",True,implemented-product-formula,True,,"[""the resolved ordered Hamiltonian groups match the implemented formula""]",,,,,,,implemented-product-formula,True,True,0.0014264038732150026,,,,,,,,,,,,,,,,,,,1.0,none,0.0,system register,1.0,72.0,145277040.0,0.0,-1.0,18159630000.0,144261117.0,analytical-model,0.00015848931924611142,,,,,,,,,,,,0.1.0,3.11.9,2.5.0,b58b31db18364511c43757e27fffc7abce8df2c1,True,ok,,
1.0,transverse_field_ising:N072,-2.8,empirical,134168.0,,,2.0,a8fa234e-a646-4911-8402-a67c302db4ae,2026-08-12T00:11:58.358108+00:00,c1ad72de628f71283ac69037e9bbe97c3e773952f5abde5eac91397ca322d1a6,resource-grid,transverse_field_ising,TFIM-72,"{""coupling"":1.0,""field"":3.0,""periodic"":false}",72,72.0,proportional,1.0,0.001584893192461114,287.0,143,trotter-p2-empirical,trotter,Trotter p=2 [empirical],empirical-operator-norm,empirical,2.0,,,,,,134168.0,,,,,,,,,,,,,,,,,,,,,,,,,,,,,,individual,143.0,0.0014263828991162525,68.7917766697,empirical-operator-norm,Repository empirical operator-norm calibration study v1 (2026-08-10),reviewed calibration opnorm-v1-tfim-open-trotter-p2; artifact docs/calibration_data/empirical_1d_v1_accepted.json,"{""prefactor"":68.7917766697}",False,implemented-product-formula,False,,"[""the resolved ordered Hamiltonian groups match the implemented formula"",""the fixed formal-order powers in time and segments apply"",""the reviewed affine size calibration extrapolates as flagged""]",,,,,,,implemented-product-formula,False,False,0.0014264038732150026,,,,,,,,,,,,,,,,,,,1.0,none,0.0,system register,1.0,72.0,38237880.0,0.0,-1.0,4550307720.0,37970483.0,analytical-model,0.00015848931924611142,opnorm-v1-tfim-open-trotter-p2,transverse_field_ising,affine-aN-plus-b,68.7917766697,4.0,12.0,4.0,12.0,True,True,formula,0.1.0,3.11.9,2.5.0,b58b31db18364511c43757e27fffc7abce8df2c1,True,ok,,
1.0,transverse_field_ising:N072,-2.8,commutator,12676.0,,,2.0,a8fa234e-a646-4911-8402-a67c302db4ae,2026-08-12T00:11:58.358108+00:00,c1ad72de628f71283ac69037e9bbe97c3e773952f5abde5eac91397ca322d1a6,resource-grid,transverse_field_ising,TFIM-72,"{""coupling"":1.0,""field"":3.0,""periodic"":false}",72,72.0,proportional,1.0,0.001584893192461114,287.0,143,trotter-p4,trotter,Trotter p=4,analytical,analytical,4.0,,,,,,12676.0,,,,,,,,,,,,,,,,,,,,,,,,,,,,,,commuting,2.0,0.001426382186146007,19032.785200508108,schubert-mendl-commutator,"Schubert and Mendl, arXiv:2306.10603",Theorem 1,"{""prefactor"":19032.785200508108}",True,implemented-product-formula,True,,"[""the resolved ordered Hamiltonian groups match the implemented formula""]",,,,,,,implemented-product-formula,True,True,0.0014264038732150026,,,,,,,,,,,,,,,,,,,1.0,none,0.0,system register,1.0,72.0,13626700.0,0.0,-1.0,1567070500.0,13531409.0,analytical-model,0.00015848931924611142,,,,,,,,,,,,0.1.0,3.11.9,2.5.0,b58b31db18364511c43757e27fffc7abce8df2c1,True,ok,,
1.0,transverse_field_ising:N072,-2.8,empirical,2532.0,,,2.0,a8fa234e-a646-4911-8402-a67c302db4ae,2026-08-12T00:11:58.358108+00:00,c1ad72de628f71283ac69037e9bbe97c3e773952f5abde5eac91397ca322d1a6,resource-grid,transverse_field_ising,TFIM-72,"{""coupling"":1.0,""field"":3.0,""periodic"":false}",72,72.0,proportional,1.0,0.001584893192461114,287.0,143,trotter-p4-empirical,trotter,Trotter p=4 [empirical],empirical-operator-norm,empirical,4.0,,,,,,2532.0,,,,,,,,,,,,,,,,,,,,,,,,,,,,,,commuting,2.0,0.0014245384872191408,30.2598318541,empirical-operator-norm,Repository empirical operator-norm calibration study v1 (2026-08-10),reviewed calibration opnorm-v1-tfim-open-trotter-p4; artifact docs/calibration_data/empirical_1d_v1_accepted.json,"{""prefactor"":30.2598318541}",False,implemented-product-formula,False,,"[""the resolved ordered Hamiltonian groups match the implemented formula"",""the fixed formal-order powers in time and segments apply"",""the reviewed affine size calibration extrapolates as flagged""]",,,,,,,implemented-product-formula,False,False,0.0014264038732150026,,,,,,,,,,,,,,,,,,,1.0,none,0.0,system register,1.0,72.0,2721900.0,0.0,-1.0,293965200.0,2702866.0,analytical-model,0.00015848931924611142,opnorm-v1-tfim-open-trotter-p4,transverse_field_ising,affine-aN-plus-b,30.2598318541,4.0,12.0,4.0,12.0,True,True,formula,0.1.0,3.11.9,2.5.0,b58b31db18364511c43757e27fffc7abce8df2c1,True,ok,,
1.0,transverse_field_ising:N072,-2.8,commutator,5346.0,,,2.0,a8fa234e-a646-4911-8402-a67c302db4ae,2026-08-12T00:11:58.358108+00:00,c1ad72de628f71283ac69037e9bbe97c3e773952f5abde5eac91397ca322d1a6,resource-grid,transverse_field_ising,TFIM-72,"{""coupling"":1.0,""field"":3.0,""periodic"":false}",72,72.0,proportional,1.0,0.001584893192461114,287.0,143,trotter-p6,trotter,Trotter p=6,analytical,analytical,6.0,,,,,,5346.0,,,,,,,,,,,,,,,,,,,,,,,,,,,,,,commuting,2.0,0.0014248086507077466,3315910.460456222,schubert-mendl-commutator,"Schubert and Mendl, arXiv:2306.10603",Theorem 1,"{""prefactor"":3315910.460456222}",True,implemented-product-formula,True,,"[""the resolved ordered Hamiltonian groups match the implemented formula""]",,,,,,,implemented-product-formula,True,True,0.0014264038732150026,,,,,,,,,,,,,,,,,,,1.0,none,0.0,system register,1.0,72.0,28734750.0,0.0,-1.0,3390700500.0,28533808.0,analytical-model,0.00015848931924611142,,,,,,,,,,,,0.1.0,3.11.9,2.5.0,b58b31db18364511c43757e27fffc7abce8df2c1,True,ok,,
1.0,transverse_field_ising:N072,-2.8,empirical,576.0,,,2.0,a8fa234e-a646-4911-8402-a67c302db4ae,2026-08-12T00:11:58.358108+00:00,c1ad72de628f71283ac69037e9bbe97c3e773952f5abde5eac91397ca322d1a6,resource-grid,transverse_field_ising,TFIM-72,"{""coupling"":1.0,""field"":3.0,""periodic"":false}",72,72.0,proportional,1.0,0.001584893192461114,287.0,143,trotter-p6-empirical,trotter,Trotter p=6 [empirical],empirical-operator-norm,empirical,6.0,,,,,,576.0,,,,,,,,,,,,,,,,,,,,,,,,,,,,,,commuting,2.0,0.00013562411157531695,0.4937923209,empirical-operator-norm,Repository empirical operator-norm calibration study v1 (2026-08-10),reviewed calibration opnorm-v1-tfim-open-trotter-p6; artifact docs/calibration_data/empirical_1d_v1_accepted.json,"{""prefactor"":0.4937923209}",False,implemented-product-formula,False,,"[""the resolved ordered Hamiltonian groups match the implemented formula"",""the fixed formal-order powers in time and segments apply"",""the reviewed affine size calibration extrapolates as flagged""]",,,,,,,implemented-product-formula,False,False,0.0014264038732150026,,,,,,,,,,,,,,,,,,,1.0,none,0.0,system register,1.0,72.0,3096000.0,0.0,-1.0,334368000.0,3074350.0,analytical-model,0.00015848931924611142,opnorm-v1-tfim-open-trotter-p6,transverse_field_ising,affine-aN-plus-b,0.4937923209,4.0,12.0,4.0,12.0,True,True,asymptotic-domain,0.1.0,3.11.9,2.5.0,b58b31db18364511c43757e27fffc7abce8df2c1,True,ok,,
1.0,transverse_field_ising:N072,-2.8,jacobi-anger,,,,2.0,a8fa234e-a646-4911-8402-a67c302db4ae,2026-08-12T00:11:58.358108+00:00,c1ad72de628f71283ac69037e9bbe97c3e773952f5abde5eac91397ca322d1a6,resource-grid,transverse_field_ising,TFIM-72,"{""coupling"":1.0,""field"":3.0,""periodic"":false}",72,72.0,proportional,1.0,0.001584893192461114,287.0,143,qsvt,qsvt,QSVT,jacobi-anger-rigorous,analytical,,,,,,,,,,,,,,,,,,,,,,,,,,,,,,,,,,,168531.0,28089.0,,,0.00031447791099020793,,jacobi-anger-polynomial-oaa,"Martyn et al., arXiv:2105.02859, Eqs. (76)--(77)",Jacobi--Anger tails plus exact cubic OAA identity,"{""oaa-unitarity-defect-distortion"":0.00015725749516102284,""scaled-polynomial-error"":0.0001572204158291851}",True,ideal-qsvt-oaa-good-block,True,,"[""the cosine and sine polynomials are implemented exactly"",""the unamplified good block is exactly Q/2""]",,,,,,,implemented-qsvt-floating-phase-circuit,False,False,0.0014264038732150026,,,,,,,,,,,,,,,,,,,2.0,one robust OAA round,1.0,"component, quadrature, and index registers all-zero",,90.0,86287884.0,195833148.0,-1.0,11396742324.0,1296678270.0,analytical-model,0.00015848931924611142,,,,,,,,,,,,0.1.0,3.11.9,2.5.0,b58b31db18364511c43757e27fffc7abce8df2c1,True,ok,,
1.0,transverse_field_ising:N072,-2.8,empirical,,9.0,,2.0,a8fa234e-a646-4911-8402-a67c302db4ae,2026-08-12T00:11:58.358108+00:00,c1ad72de628f71283ac69037e9bbe97c3e773952f5abde5eac91397ca322d1a6,resource-grid,transverse_field_ising,TFIM-72,"{""coupling"":1.0,""field"":3.0,""periodic"":false}",72,72.0,proportional,1.0,0.001584893192461114,287.0,143,mpf-j-mizuta2026-theorem6-empirical-operator-norm,multiproduct,MPF J=Mizuta Theorem 6 (resolved per point) [empirical operator norm],empirical-operator-norm,,,9.0,18.0,mizuta2026-theorem6,5.000000000000001,0.0014264038732150026,,,,,,,,,,,,,,,,,,,,,,,,,,,,,,,,,,,,,,,,,,,,,,,,,,,,,0.0014264038732150026,,,,,,,,,,,,,,,,,,,,,,,,,,,,,,,,,,,,,,,,,,,0.1.0,3.11.9,2.5.0,b58b31db18364511c43757e27fffc7abce8df2c1,True,missing_empirical,UnsupportedEmpiricalCalibrationError,"no reviewed empirical operator-norm calibration for method=multiproduct, formal_order=18, model=transverse_field_ising, parameters={'coupling': 1.0, 'field': 3.0, 'periodic': False}, boundary=open, partition=None, schedule='new', formula='ordered-individual-pauli-strang-mpf-v1'"
1.0,transverse_field_ising:N072,-2.8,commutator,,9.0,13111.0,2.0,a8fa234e-a646-4911-8402-a67c302db4ae,2026-08-12T00:11:58.358108+00:00,c1ad72de628f71283ac69037e9bbe97c3e773952f5abde5eac91397ca322d1a6,resource-grid,transverse_field_ising,TFIM-72,"{""coupling"":1.0,""field"":3.0,""periodic"":false}",72,72.0,proportional,1.0,0.001584893192461114,287.0,143,mpf-j-mizuta2026-theorem6-mizuta2026-commutator-ideal-rigorous,multiproduct,MPF J=Mizuta Theorem 6 (resolved per point) [Mizuta 2026 refined commutator],mizuta2026-commutator-ideal-rigorous,analytical,,9.0,18.0,mizuta2026-theorem6,5.000000000000001,0.0014264038732150026,13111.0,13111.0,,10221.0,"[""error""]",35.486637932635084,18.0,,,1.0857503383028296e-07,2.1633032842904055e-15,1.0520519912740775e-16,2.0580980851629972e-15,2.1633032842904055e-15,1.0857503599358626e-07,0.0014255550150109395,1.7287176516619422e-05,False,0.007044905197121786,"[1.0000000000000002,1.0000000000000002,1.0000000000000002,1.0000000000000002,1.0000000000000002,1.0000000000000002,1.0000000000000002,1.0000000000000002,1.0000000000000002,1.0000000000000002,1.0000000000000002,1.0000000000000002,1.0000000000000002,1.0000000000000002,1.0000000000000002,1.0000000000000002,1.0000000000000002,1.0000000000000002,1.0000000000000002,1.0000000000000002,1.0000000000000002,1.0000000000000002,1.0000000000000002,1.0000000000000002,1.0000000000000002,1.0000000000000002,1.0000000000000002,1.0000000000000002,1.0000000000000002,1.0000000000000002,1.0000000000000002,1.0000000000000002,1.0000000000000002,1.0000000000000002,1.0000000000000002,1.0000000000000002,1.0000000000000002,1.0000000000000002,1.0000000000000002,1.0000000000000002,1.0000000000000002,1.0000000000000002,1.0000000000000002,1.0000000000000002,1.0000000000000002,1.0000000000000002,1.0000000000000002,1.0000000000000002,1.0000000000000002,1.0000000000000002,1.0000000000000002,1.0000000000000002,1.0000000000000002,1.0000000000000002,1.0000000000000002,1.0000000000000002,1.0000000000000002,1.0000000000000002,1.0000000000000002,1.0000000000000002,1.0000000000000002,1.0000000000000002,1.0000000000000002,1.0000000000000002,1.0000000000000002,1.0000000000000002,1.0000000000000002,1.0000000000000002,1.0000000000000002,1.0000000000000002,1.0000000000000002,1.0000000000000002,1.0000000000000002,1.0000000000000002,1.0000000000000002,1.0000000000000002,1.0000000000000002,1.0000000000000002,1.0000000000000002,1.0000000000000002,1.0000000000000002,1.0000000000000002,1.0000000000000002,1.0000000000000002,1.0000000000000002,1.0000000000000002,1.0000000000000002,1.0000000000000002,1.0000000000000002,1.0000000000000002,1.0000000000000002,1.0000000000000002,1.0000000000000002,1.0000000000000002,1.0000000000000002,1.0000000000000002,1.0000000000000002,1.0000000000000002,1.0000000000000002,1.0000000000000002,1.0000000000000002,1.0000000000000002,1.0000000000000002,1.0000000000000002,1.0000000000000002,1.0000000000000002,1.0000000000000002,1.0000000000000002,1.0000000000000002,1.0000000000000002,1.0000000000000002,1.0000000000000002,1.0000000000000002,1.0000000000000002,1.0000000000000002,1.0000000000000002,1.0000000000000002,1.0000000000000002,1.0000000000000002,1.0000000000000002,1.0000000000000002,1.0000000000000002,1.0000000000000002,1.0000000000000002,1.0000000000000002,1.0000000000000002,1.0000000000000002,1.0000000000000002,1.0000000000000002,1.0000000000000002,1.0000000000000002,1.0000000000000002,1.0000000000000002,1.0000000000000002,1.0000000000000002,1.0000000000000002,1.0000000000000002,1.0000000000000002,1.0000000000000002,1.0000000000000002,1.0000000000000002,1.0000000000000002,1.0000000000000002]",5.0000000000000036,18.0,False,,not-used,commutator,mizuta2026-commutator-ideal-rigorous,[],3146640.0,,,,0.0014255550150109395,9.582814284114874e+35,mizuta2026-commutator-ideal-rigorous,"Mizuta, Quantum 10, 1974 (2026), arXiv:2507.06557v4","Theorem 4, Eqs. (47)--(49), with direct Lemmas 9--10 BCH remainder","{""error_predicate_satisfied"":1.0,""extensiveness_g"":5.000000000000001,""joint_predicate_satisfied"":1.0,""legacy_first_condition_passed"":0.0,""legacy_first_time_limit"":1.7287176516619422e-05,""local_commutator_error"":1.0857503383028296e-07,""local_step_error"":1.0857503599358626e-07,""local_truncated_bch_error"":2.1633032842904055e-15,""locality_k"":2.0,""mu_upper"":35.486637932635084,""refined_lemma10_remainder"":2.0580980851629972e-15,""refined_lemma9_remainder"":1.0520519912740775e-16,""refined_tail_fallback"":0.0,""repeated_global_error"":0.0014255550150109395,""schedule_weighted_extensiveness"":5.0000000000000036,""second_time_limit"":0.007044905197121786,""time_2_predicate_satisfied"":1.0,""total_branchwise_bch_remainder"":2.1633032842904055e-15,""truncation_order_p0"":18.0}",True,ideal-mpf,True,ordered individual Pauli terms,"[""individual Pauli summands define the ordered H_gamma decomposition"",""the actual Strang factors define schedule-weighted g_alpha extensiveness"",""Lemma 9 and Lemma 10 positive majorants directly certify the BCH remainder"",""the scalar-flow/Cauchy refined tail certificate is used"",""Theorem 4 second time hypothesis is satisfied"",""the repeated ideal MPF is composed with the Eq. (15) telescoping argument""]",,18.0,18.0,True,False,"{""2"":1704.0000000000016,""3"":27216.00000000004,""4"":352992.0000000008,""5"":5638464.000000017,""6"":77007360.0000003,""7"":1230183936.0000057,""8"":17379351552.00009,""9"":277660099584.00165,""10"":4013367508992.027,""11"":64125048397824.48,""12"":941929898999815.6,""13"":1.5051227707441284e+16,""14"":2.2371433013969107e+17,""15"":3.57501156198112e+18,""16"":5.361671830269178e+19,""17"":8.568609591565408e+20,""18"":1.2941659397334411e+22}",repeated-shared-ancilla-good-block,True,False,0.0014264038732150026,new,"[1,2,3,4,5,6,8,14,37]","[1.967691252631999e-13,-3.445506091008736e-08,2.544222523112307e-05,-0.0016199636587070087,0.021324279661958864,-0.07100801545469856,0.14994672471728007,-0.4079534241993221,1.3092849911631212]",1.9611628755355768,0.03883712446442322,80.0,registered-exact,True,9.0,4.0,2.0,5.0,11.0,5.0,6.0,3.0,2.0,3.0,2.0,one robust OAA round per segment,13111.0,branch register all-zero,,79.0,1794764790.0,1507765.0,-1.0,244094042500.0,2694476726.0,analytical-model,0.00015848931924611142,,,,,,,,,,,,0.1.0,3.11.9,2.5.0,b58b31db18364511c43757e27fffc7abce8df2c1,True,ok,,
1.0,transverse_field_ising:N072,-2.9,commutator,571943.0,,,2.0,a8fa234e-a646-4911-8402-a67c302db4ae,2026-08-12T00:11:58.358108+00:00,c1ad72de628f71283ac69037e9bbe97c3e773952f5abde5eac91397ca322d1a6,resource-grid,transverse_field_ising,TFIM-72,"{""coupling"":1.0,""field"":3.0,""periodic"":false}",72,72.0,proportional,1.0,0.0012589254117941675,287.0,143,trotter-p2,trotter,Trotter p=2,analytical,analytical,2.0,,,,,,571943.0,,,,,,,,,,,,,,,,,,,,,,,,,,,,,,individual,143.0,0.0011330295580169146,993.0,childs-commutator,"Childs, Su, Tran, Wiebe, and Zhu, arXiv:1912.08854",Propositions 9--10,"{""prefactor"":993.0}",True,implemented-product-formula,True,,"[""the resolved ordered Hamiltonian groups match the implemented formula""]",,,,,,,implemented-product-formula,True,True,0.0011330328706147508,,,,,,,,,,,,,,,,,,,1.0,none,0.0,system register,1.0,72.0,163003755.0,0.0,-1.0,20701476885.0,161863869.0,analytical-model,0.00012589254117941674,,,,,,,,,,,,0.1.0,3.11.9,2.5.0,b58b31db18364511c43757e27fffc7abce8df2c1,True,ok,,
1.0,transverse_field_ising:N072,-2.9,empirical,150538.0,,,2.0,a8fa234e-a646-4911-8402-a67c302db4ae,2026-08-12T00:11:58.358108+00:00,c1ad72de628f71283ac69037e9bbe97c3e773952f5abde5eac91397ca322d1a6,resource-grid,transverse_field_ising,TFIM-72,"{""coupling"":1.0,""field"":3.0,""periodic"":false}",72,72.0,proportional,1.0,0.0012589254117941675,287.0,143,trotter-p2-empirical,trotter,Trotter p=2 [empirical],empirical-operator-norm,empirical,2.0,,,,,,150538.0,,,,,,,,,,,,,,,,,,,,,,,,,,,,,,individual,143.0,0.0011330308414057959,68.7917766697,empirical-operator-norm,Repository empirical operator-norm calibration study v1 (2026-08-10),reviewed calibration opnorm-v1-tfim-open-trotter-p2; artifact docs/calibration_data/empirical_1d_v1_accepted.json,"{""prefactor"":68.7917766697}",False,implemented-product-formula,False,,"[""the resolved ordered Hamiltonian groups match the implemented formula"",""the fixed formal-order powers in time and segments apply"",""the reviewed affine size calibration extrapolates as flagged""]",,,,,,,implemented-product-formula,False,False,0.0011330328706147508,,,,,,,,,,,,,,,,,,,1.0,none,0.0,system register,1.0,72.0,42903330.0,0.0,-1.0,5191302930.0,42603307.0,analytical-model,0.00012589254117941674,opnorm-v1-tfim-open-trotter-p2,transverse_field_ising,affine-aN-plus-b,68.7917766697,4.0,12.0,4.0,12.0,True,True,formula,0.1.0,3.11.9,2.5.0,b58b31db18364511c43757e27fffc7abce8df2c1,True,ok,,
1.0,transverse_field_ising:N072,-2.9,commutator,13428.0,,,2.0,a8fa234e-a646-4911-8402-a67c302db4ae,2026-08-12T00:11:58.358108+00:00,c1ad72de628f71283ac69037e9bbe97c3e773952f5abde5eac91397ca322d1a6,resource-grid,transverse_field_ising,TFIM-72,"{""coupling"":1.0,""field"":3.0,""periodic"":false}",72,72.0,proportional,1.0,0.0012589254117941675,287.0,143,trotter-p4,trotter,Trotter p=4,analytical,analytical,4.0,,,,,,13428.0,,,,,,,,,,,,,,,,,,,,,,,,,,,,,,commuting,2.0,0.0011327119913095984,19032.785200508108,schubert-mendl-commutator,"Schubert and Mendl, arXiv:2306.10603",Theorem 1,"{""prefactor"":19032.785200508108}",True,implemented-product-formula,True,,"[""the resolved ordered Hamiltonian groups match the implemented formula""]",,,,,,,implemented-product-formula,True,True,0.0011330328706147508,,,,,,,,,,,,,,,,,,,1.0,none,0.0,system register,1.0,72.0,14435100.0,0.0,-1.0,1674471600.0,14334156.0,analytical-model,0.00012589254117941674,,,,,,,,,,,,0.1.0,3.11.9,2.5.0,b58b31db18364511c43757e27fffc7abce8df2c1,True,ok,,
1.0,transverse_field_ising:N072,-2.9,empirical,2682.0,,,2.0,a8fa234e-a646-4911-8402-a67c302db4ae,2026-08-12T00:11:58.358108+00:00,c1ad72de628f71283ac69037e9bbe97c3e773952f5abde5eac91397ca322d1a6,resource-grid,transverse_field_ising,TFIM-72,"{""coupling"":1.0,""field"":3.0,""periodic"":false}",72,72.0,proportional,1.0,0.0012589254117941675,287.0,143,trotter-p4-empirical,trotter,Trotter p=4 [empirical],empirical-operator-norm,empirical,4.0,,,,,,2682.0,,,,,,,,,,,,,,,,,,,,,,,,,,,,,,commuting,2.0,0.0011316025007145091,30.2598318541,empirical-operator-norm,Repository empirical operator-norm calibration study v1 (2026-08-10),reviewed calibration opnorm-v1-tfim-open-trotter-p4; artifact docs/calibration_data/empirical_1d_v1_accepted.json,"{""prefactor"":30.2598318541}",False,implemented-product-formula,False,,"[""the resolved ordered Hamiltonian groups match the implemented formula"",""the fixed formal-order powers in time and segments apply"",""the reviewed affine size calibration extrapolates as flagged""]",,,,,,,implemented-product-formula,False,False,0.0011330328706147508,,,,,,,,,,,,,,,,,,,1.0,none,0.0,system register,1.0,72.0,2883150.0,0.0,-1.0,314263350.0,2862989.0,analytical-model,0.00012589254117941674,opnorm-v1-tfim-open-trotter-p4,transverse_field_ising,affine-aN-plus-b,30.2598318541,4.0,12.0,4.0,12.0,True,True,formula,0.1.0,3.11.9,2.5.0,b58b31db18364511c43757e27fffc7abce8df2c1,True,ok,,
1.0,transverse_field_ising:N072,-2.9,commutator,5555.0,,,2.0,a8fa234e-a646-4911-8402-a67c302db4ae,2026-08-12T00:11:58.358108+00:00,c1ad72de628f71283ac69037e9bbe97c3e773952f5abde5eac91397ca322d1a6,resource-grid,transverse_field_ising,TFIM-72,"{""coupling"":1.0,""field"":3.0,""periodic"":false}",72,72.0,proportional,1.0,0.0012589254117941675,287.0,143,trotter-p6,trotter,Trotter p=6,analytical,analytical,6.0,,,,,,5555.0,,,,,,,,,,,,,,,,,,,,,,,,,,,,,,commuting,2.0,0.0011319464717804615,3315910.460456222,schubert-mendl-commutator,"Schubert and Mendl, arXiv:2306.10603",Theorem 1,"{""prefactor"":3315910.460456222}",True,implemented-product-formula,True,,"[""the resolved ordered Hamiltonian groups match the implemented formula""]",,,,,,,implemented-product-formula,True,True,0.0011330328706147508,,,,,,,,,,,,,,,,,,,1.0,none,0.0,system register,1.0,72.0,29858125.0,0.0,-1.0,3553116875.0,29649327.0,analytical-model,0.00012589254117941674,,,,,,,,,,,,0.1.0,3.11.9,2.5.0,b58b31db18364511c43757e27fffc7abce8df2c1,True,ok,,
1.0,transverse_field_ising:N072,-2.9,empirical,576.0,,,2.0,a8fa234e-a646-4911-8402-a67c302db4ae,2026-08-12T00:11:58.358108+00:00,c1ad72de628f71283ac69037e9bbe97c3e773952f5abde5eac91397ca322d1a6,resource-grid,transverse_field_ising,TFIM-72,"{""coupling"":1.0,""field"":3.0,""periodic"":false}",72,72.0,proportional,1.0,0.0012589254117941675,287.0,143,trotter-p6-empirical,trotter,Trotter p=6 [empirical],empirical-operator-norm,empirical,6.0,,,,,,576.0,,,,,,,,,,,,,,,,,,,,,,,,,,,,,,commuting,2.0,0.00013562411157531695,0.4937923209,empirical-operator-norm,Repository empirical operator-norm calibration study v1 (2026-08-10),reviewed calibration opnorm-v1-tfim-open-trotter-p6; artifact docs/calibration_data/empirical_1d_v1_accepted.json,"{""prefactor"":0.4937923209}",False,implemented-product-formula,False,,"[""the resolved ordered Hamiltonian groups match the implemented formula"",""the fixed formal-order powers in time and segments apply"",""the reviewed affine size calibration extrapolates as flagged""]",,,,,,,implemented-product-formula,False,False,0.0011330328706147508,,,,,,,,,,,,,,,,,,,1.0,none,0.0,system register,1.0,72.0,3096000.0,0.0,-1.0,337464000.0,3074350.0,analytical-model,0.00012589254117941674,opnorm-v1-tfim-open-trotter-p6,transverse_field_ising,affine-aN-plus-b,0.4937923209,4.0,12.0,4.0,12.0,True,True,asymptotic-domain,0.1.0,3.11.9,2.5.0,b58b31db18364511c43757e27fffc7abce8df2c1,True,ok,,
1.0,transverse_field_ising:N072,-2.9,jacobi-anger,,,,2.0,a8fa234e-a646-4911-8402-a67c302db4ae,2026-08-12T00:11:58.358108+00:00,c1ad72de628f71283ac69037e9bbe97c3e773952f5abde5eac91397ca322d1a6,resource-grid,transverse_field_ising,TFIM-72,"{""coupling"":1.0,""field"":3.0,""periodic"":false}",72,72.0,proportional,1.0,0.0012589254117941675,287.0,143,qsvt,qsvt,QSVT,jacobi-anger-rigorous,analytical,,,,,,,,,,,,,,,,,,,,,,,,,,,,,,,,,,,168531.0,28089.0,,,0.00028187638601456143,,jacobi-anger-polynomial-oaa,"Martyn et al., arXiv:2105.02859, Eqs. (76)--(77)",Jacobi--Anger tails plus exact cubic OAA identity,"{""oaa-unitarity-defect-distortion"":0.0001409530882388349,""scaled-polynomial-error"":0.00014092329777572654}",True,ideal-qsvt-oaa-good-block,True,,"[""the cosine and sine polynomials are implemented exactly"",""the unamplified good block is exactly Q/2""]",,,,,,,implemented-qsvt-floating-phase-circuit,False,False,0.0011330328706147508,,,,,,,,,,,,,,,,,,,2.0,one robust OAA round,1.0,"component, quadrature, and index registers all-zero",,90.0,86287884.0,195833148.0,-1.0,11483030208.0,1296678270.0,analytical-model,0.00012589254117941674,,,,,,,,,,,,0.1.0,3.11.9,2.5.0,b58b31db18364511c43757e27fffc7abce8df2c1,True,ok,,
1.0,transverse_field_ising:N072,-2.9,empirical,,9.0,,2.0,a8fa234e-a646-4911-8402-a67c302db4ae,2026-08-12T00:11:58.358108+00:00,c1ad72de628f71283ac69037e9bbe97c3e773952f5abde5eac91397ca322d1a6,resource-grid,transverse_field_ising,TFIM-72,"{""coupling"":1.0,""field"":3.0,""periodic"":false}",72,72.0,proportional,1.0,0.0012589254117941675,287.0,143,mpf-j-mizuta2026-theorem6-empirical-operator-norm,multiproduct,MPF J=Mizuta Theorem 6 (resolved per point) [empirical operator norm],empirical-operator-norm,,,9.0,18.0,mizuta2026-theorem6,5.000000000000001,0.0011330328706147508,,,,,,,,,,,,,,,,,,,,,,,,,,,,,,,,,,,,,,,,,,,,,,,,,,,,,0.0011330328706147508,,,,,,,,,,,,,,,,,,,,,,,,,,,,,,,,,,,,,,,,,,,0.1.0,3.11.9,2.5.0,b58b31db18364511c43757e27fffc7abce8df2c1,True,missing_empirical,UnsupportedEmpiricalCalibrationError,"no reviewed empirical operator-norm calibration for method=multiproduct, formal_order=18, model=transverse_field_ising, parameters={'coupling': 1.0, 'field': 3.0, 'periodic': False}, boundary=open, partition=None, schedule='new', formula='ordered-individual-pauli-strang-mpf-v1'"
1.0,transverse_field_ising:N072,-2.9,commutator,,9.0,13280.0,2.0,a8fa234e-a646-4911-8402-a67c302db4ae,2026-08-12T00:11:58.358108+00:00,c1ad72de628f71283ac69037e9bbe97c3e773952f5abde5eac91397ca322d1a6,resource-grid,transverse_field_ising,TFIM-72,"{""coupling"":1.0,""field"":3.0,""periodic"":false}",72,72.0,proportional,1.0,0.0012589254117941675,287.0,143,mpf-j-mizuta2026-theorem6-mizuta2026-commutator-ideal-rigorous,multiproduct,MPF J=Mizuta Theorem 6 (resolved per point) [Mizuta 2026 refined commutator],mizuta2026-commutator-ideal-rigorous,analytical,,9.0,18.0,mizuta2026-theorem6,5.000000000000001,0.0011330328706147508,13280.0,13280.0,,10221.0,"[""error""]",35.486637932635084,18.0,,,8.512303077900931e-08,1.512389724712146e-15,1.0573774782875284e-19,1.512283986964317e-15,1.512389724712146e-15,8.512303229139905e-08,0.0011317123757244073,1.7287176516619422e-05,False,0.007044905197121786,"[1.0000000000000002,1.0000000000000002,1.0000000000000002,1.0000000000000002,1.0000000000000002,1.0000000000000002,1.0000000000000002,1.0000000000000002,1.0000000000000002,1.0000000000000002,1.0000000000000002,1.0000000000000002,1.0000000000000002,1.0000000000000002,1.0000000000000002,1.0000000000000002,1.0000000000000002,1.0000000000000002,1.0000000000000002,1.0000000000000002,1.0000000000000002,1.0000000000000002,1.0000000000000002,1.0000000000000002,1.0000000000000002,1.0000000000000002,1.0000000000000002,1.0000000000000002,1.0000000000000002,1.0000000000000002,1.0000000000000002,1.0000000000000002,1.0000000000000002,1.0000000000000002,1.0000000000000002,1.0000000000000002,1.0000000000000002,1.0000000000000002,1.0000000000000002,1.0000000000000002,1.0000000000000002,1.0000000000000002,1.0000000000000002,1.0000000000000002,1.0000000000000002,1.0000000000000002,1.0000000000000002,1.0000000000000002,1.0000000000000002,1.0000000000000002,1.0000000000000002,1.0000000000000002,1.0000000000000002,1.0000000000000002,1.0000000000000002,1.0000000000000002,1.0000000000000002,1.0000000000000002,1.0000000000000002,1.0000000000000002,1.0000000000000002,1.0000000000000002,1.0000000000000002,1.0000000000000002,1.0000000000000002,1.0000000000000002,1.0000000000000002,1.0000000000000002,1.0000000000000002,1.0000000000000002,1.0000000000000002,1.0000000000000002,1.0000000000000002,1.0000000000000002,1.0000000000000002,1.0000000000000002,1.0000000000000002,1.0000000000000002,1.0000000000000002,1.0000000000000002,1.0000000000000002,1.0000000000000002,1.0000000000000002,1.0000000000000002,1.0000000000000002,1.0000000000000002,1.0000000000000002,1.0000000000000002,1.0000000000000002,1.0000000000000002,1.0000000000000002,1.0000000000000002,1.0000000000000002,1.0000000000000002,1.0000000000000002,1.0000000000000002,1.0000000000000002,1.0000000000000002,1.0000000000000002,1.0000000000000002,1.0000000000000002,1.0000000000000002,1.0000000000000002,1.0000000000000002,1.0000000000000002,1.0000000000000002,1.0000000000000002,1.0000000000000002,1.0000000000000002,1.0000000000000002,1.0000000000000002,1.0000000000000002,1.0000000000000002,1.0000000000000002,1.0000000000000002,1.0000000000000002,1.0000000000000002,1.0000000000000002,1.0000000000000002,1.0000000000000002,1.0000000000000002,1.0000000000000002,1.0000000000000002,1.0000000000000002,1.0000000000000002,1.0000000000000002,1.0000000000000002,1.0000000000000002,1.0000000000000002,1.0000000000000002,1.0000000000000002,1.0000000000000002,1.0000000000000002,1.0000000000000002,1.0000000000000002,1.0000000000000002,1.0000000000000002,1.0000000000000002,1.0000000000000002,1.0000000000000002,1.0000000000000002,1.0000000000000002,1.0000000000000002]",5.0000000000000036,18.0,False,,not-used,commutator,mizuta2026-commutator-ideal-rigorous,[],3187200.0,,,,0.0011317123757244073,9.582814284114874e+35,mizuta2026-commutator-ideal-rigorous,"Mizuta, Quantum 10, 1974 (2026), arXiv:2507.06557v4","Theorem 4, Eqs. (47)--(49), with direct Lemmas 9--10 BCH remainder","{""error_predicate_satisfied"":1.0,""extensiveness_g"":5.000000000000001,""joint_predicate_satisfied"":1.0,""legacy_first_condition_passed"":0.0,""legacy_first_time_limit"":1.7287176516619422e-05,""local_commutator_error"":8.512303077900931e-08,""local_step_error"":8.512303229139905e-08,""local_truncated_bch_error"":1.512389724712146e-15,""locality_k"":2.0,""mu_upper"":35.486637932635084,""refined_lemma10_remainder"":1.512283986964317e-15,""refined_lemma9_remainder"":1.0573774782875284e-19,""refined_tail_fallback"":0.0,""repeated_global_error"":0.0011317123757244073,""schedule_weighted_extensiveness"":5.0000000000000036,""second_time_limit"":0.007044905197121786,""time_2_predicate_satisfied"":1.0,""total_branchwise_bch_remainder"":1.512389724712146e-15,""truncation_order_p0"":18.0}",True,ideal-mpf,True,ordered individual Pauli terms,"[""individual Pauli summands define the ordered H_gamma decomposition"",""the actual Strang factors define schedule-weighted g_alpha extensiveness"",""Lemma 9 and Lemma 10 positive majorants directly certify the BCH remainder"",""the scalar-flow/Cauchy refined tail certificate is used"",""Theorem 4 second time hypothesis is satisfied"",""the repeated ideal MPF is composed with the Eq. (15) telescoping argument""]",,18.0,18.0,True,False,"{""2"":1704.0000000000016,""3"":27216.00000000004,""4"":352992.0000000008,""5"":5638464.000000017,""6"":77007360.0000003,""7"":1230183936.0000057,""8"":17379351552.00009,""9"":277660099584.00165,""10"":4013367508992.027,""11"":64125048397824.48,""12"":941929898999815.6,""13"":1.5051227707441284e+16,""14"":2.2371433013969107e+17,""15"":3.57501156198112e+18,""16"":5.361671830269178e+19,""17"":8.568609591565408e+20,""18"":1.2941659397334411e+22}",repeated-shared-ancilla-good-block,True,False,0.0011330328706147508,new,"[1,2,3,4,5,6,8,14,37]","[1.967691252631999e-13,-3.445506091008736e-08,2.544222523112307e-05,-0.0016199636587070087,0.021324279661958864,-0.07100801545469856,0.14994672471728007,-0.4079534241993221,1.3092849911631212]",1.9611628755355768,0.03883712446442322,80.0,registered-exact,True,9.0,4.0,2.0,5.0,11.0,5.0,6.0,3.0,2.0,3.0,2.0,one robust OAA round per segment,13280.0,branch register all-zero,,79.0,1817899200.0,1527200.0,-1.0,249058299200.0,2729208369.0,analytical-model,0.00012589254117941674,,,,,,,,,,,,0.1.0,3.11.9,2.5.0,b58b31db18364511c43757e27fffc7abce8df2c1,True,ok,,
1.0,transverse_field_ising:N072,-3.0,commutator,641730.0,,,2.0,a8fa234e-a646-4911-8402-a67c302db4ae,2026-08-12T00:11:58.358108+00:00,c1ad72de628f71283ac69037e9bbe97c3e773952f5abde5eac91397ca322d1a6,resource-grid,transverse_field_ising,TFIM-72,"{""coupling"":1.0,""field"":3.0,""periodic"":false}",72,72.0,proportional,1.0,0.001,287.0,143,trotter-p2,trotter,Trotter p=2,analytical,analytical,2.0,,,,,,641730.0,,,,,,,,,,,,,,,,,,,,,,,,,,,,,,individual,143.0,0.0008999990539253401,993.0,childs-commutator,"Childs, Su, Tran, Wiebe, and Zhu, arXiv:1912.08854",Propositions 9--10,"{""prefactor"":993.0}",True,implemented-product-formula,True,,"[""the resolved ordered Hamiltonian groups match the implemented formula""]",,,,,,,implemented-product-formula,True,True,0.0009000000000000001,,,,,,,,,,,,,,,,,,,1.0,none,0.0,system register,1.0,72.0,182893050.0,0.0,-1.0,23410310400.0,181614078.0,analytical-model,0.0001,,,,,,,,,,,,0.1.0,3.11.9,2.5.0,b58b31db18364511c43757e27fffc7abce8df2c1,True,ok,,
1.0,transverse_field_ising:N072,-3.0,empirical,168907.0,,,2.0,a8fa234e-a646-4911-8402-a67c302db4ae,2026-08-12T00:11:58.358108+00:00,c1ad72de628f71283ac69037e9bbe97c3e773952f5abde5eac91397ca322d1a6,resource-grid,transverse_field_ising,TFIM-72,"{""coupling"":1.0,""field"":3.0,""periodic"":false}",72,72.0,proportional,1.0,0.001,287.0,143,trotter-p2-empirical,trotter,Trotter p=2 [empirical],empirical-operator-norm,empirical,2.0,,,,,,168907.0,,,,,,,,,,,,,,,,,,,,,,,,,,,,,,individual,143.0,0.0008999921440929088,68.7917766697,empirical-operator-norm,Repository empirical operator-norm calibration study v1 (2026-08-10),reviewed calibration opnorm-v1-tfim-open-trotter-p2; artifact docs/calibration_data/empirical_1d_v1_accepted.json,"{""prefactor"":68.7917766697}",False,implemented-product-formula,False,,"[""the resolved ordered Hamiltonian groups match the implemented formula"",""the fixed formal-order powers in time and segments apply"",""the reviewed affine size calibration extrapolates as flagged""]",,,,,,,implemented-product-formula,False,False,0.0009000000000000001,,,,,,,,,,,,,,,,,,,1.0,none,0.0,system register,1.0,72.0,48138495.0,0.0,-1.0,5872896390.0,47801863.0,analytical-model,0.0001,opnorm-v1-tfim-open-trotter-p2,transverse_field_ising,affine-aN-plus-b,68.7917766697,4.0,12.0,4.0,12.0,True,True,formula,0.1.0,3.11.9,2.5.0,b58b31db18364511c43757e27fffc7abce8df2c1,True,ok,,
1.0,transverse_field_ising:N072,-3.0,commutator,14223.0,,,2.0,a8fa234e-a646-4911-8402-a67c302db4ae,2026-08-12T00:11:58.358108+00:00,c1ad72de628f71283ac69037e9bbe97c3e773952f5abde5eac91397ca322d1a6,resource-grid,transverse_field_ising,TFIM-72,"{""coupling"":1.0,""field"":3.0,""periodic"":false}",72,72.0,proportional,1.0,0.001,287.0,143,trotter-p4,trotter,Trotter p=4,analytical,analytical,4.0,,,,,,14223.0,,,,,,,,,,,,,,,,,,,,,,,,,,,,,,commuting,2.0,0.0008999118865991404,19032.785200508108,schubert-mendl-commutator,"Schubert and Mendl, arXiv:2306.10603",Theorem 1,"{""prefactor"":19032.785200508108}",True,implemented-product-formula,True,,"[""the resolved ordered Hamiltonian groups match the implemented formula""]",,,,,,,implemented-product-formula,True,True,0.0009000000000000001,,,,,,,,,,,,,,,,,,,1.0,none,0.0,system register,1.0,72.0,15289725.0,0.0,-1.0,1788897825.0,15182804.0,analytical-model,0.0001,,,,,,,,,,,,0.1.0,3.11.9,2.5.0,b58b31db18364511c43757e27fffc7abce8df2c1,True,ok,,
1.0,transverse_field_ising:N072,-3.0,empirical,2841.0,,,2.0,a8fa234e-a646-4911-8402-a67c302db4ae,2026-08-12T00:11:58.358108+00:00,c1ad72de628f71283ac69037e9bbe97c3e773952f5abde5eac91397ca322d1a6,resource-grid,transverse_field_ising,TFIM-72,"{""coupling"":1.0,""field"":3.0,""periodic"":false}",72,72.0,proportional,1.0,0.001,287.0,143,trotter-p4-empirical,trotter,Trotter p=4 [empirical],empirical-operator-norm,empirical,4.0,,,,,,2841.0,,,,,,,,,,,,,,,,,,,,,,,,,,,,,,commuting,2.0,0.0008987606666368913,30.2598318541,empirical-operator-norm,Repository empirical operator-norm calibration study v1 (2026-08-10),reviewed calibration opnorm-v1-tfim-open-trotter-p4; artifact docs/calibration_data/empirical_1d_v1_accepted.json,"{""prefactor"":30.2598318541}",False,implemented-product-formula,False,,"[""the resolved ordered Hamiltonian groups match the implemented formula"",""the fixed formal-order powers in time and segments apply"",""the reviewed affine size calibration extrapolates as flagged""]",,,,,,,implemented-product-formula,False,False,0.0009000000000000001,,,,,,,,,,,,,,,,,,,1.0,none,0.0,system register,1.0,72.0,3054075.0,0.0,-1.0,335948250.0,3032718.0,analytical-model,0.0001,opnorm-v1-tfim-open-trotter-p4,transverse_field_ising,affine-aN-plus-b,30.2598318541,4.0,12.0,4.0,12.0,True,True,formula,0.1.0,3.11.9,2.5.0,b58b31db18364511c43757e27fffc7abce8df2c1,True,ok,,
1.0,transverse_field_ising:N072,-3.0,commutator,5772.0,,,2.0,a8fa234e-a646-4911-8402-a67c302db4ae,2026-08-12T00:11:58.358108+00:00,c1ad72de628f71283ac69037e9bbe97c3e773952f5abde5eac91397ca322d1a6,resource-grid,transverse_field_ising,TFIM-72,"{""coupling"":1.0,""field"":3.0,""periodic"":false}",72,72.0,proportional,1.0,0.001,287.0,143,trotter-p6,trotter,Trotter p=6,analytical,analytical,6.0,,,,,,5772.0,,,,,,,,,,,,,,,,,,,,,,,,,,,,,,commuting,2.0,0.0008994402850059394,3315910.460456222,schubert-mendl-commutator,"Schubert and Mendl, arXiv:2306.10603",Theorem 1,"{""prefactor"":3315910.460456222}",True,implemented-product-formula,True,,"[""the resolved ordered Hamiltonian groups match the implemented formula""]",,,,,,,implemented-product-formula,True,True,0.0009000000000000001,,,,,,,,,,,,,,,,,,,1.0,none,0.0,system register,1.0,72.0,31024500.0,0.0,-1.0,3722940000.0,30807546.0,analytical-model,0.0001,,,,,,,,,,,,0.1.0,3.11.9,2.5.0,b58b31db18364511c43757e27fffc7abce8df2c1,True,ok,,
1.0,transverse_field_ising:N072,-3.0,empirical,576.0,,,2.0,a8fa234e-a646-4911-8402-a67c302db4ae,2026-08-12T00:11:58.358108+00:00,c1ad72de628f71283ac69037e9bbe97c3e773952f5abde5eac91397ca322d1a6,resource-grid,transverse_field_ising,TFIM-72,"{""coupling"":1.0,""field"":3.0,""periodic"":false}",72,72.0,proportional,1.0,0.001,287.0,143,trotter-p6-empirical,trotter,Trotter p=6 [empirical],empirical-operator-norm,empirical,6.0,,,,,,576.0,,,,,,,,,,,,,,,,,,,,,,,,,,,,,,commuting,2.0,0.00013562411157531695,0.4937923209,empirical-operator-norm,Repository empirical operator-norm calibration study v1 (2026-08-10),reviewed calibration opnorm-v1-tfim-open-trotter-p6; artifact docs/calibration_data/empirical_1d_v1_accepted.json,"{""prefactor"":0.4937923209}",False,implemented-product-formula,False,,"[""the resolved ordered Hamiltonian groups match the implemented formula"",""the fixed formal-order powers in time and segments apply"",""the reviewed affine size calibration extrapolates as flagged""]",,,,,,,implemented-product-formula,False,False,0.0009000000000000001,,,,,,,,,,,,,,,,,,,1.0,none,0.0,system register,1.0,72.0,3096000.0,0.0,-1.0,340560000.0,3074350.0,analytical-model,0.0001,opnorm-v1-tfim-open-trotter-p6,transverse_field_ising,affine-aN-plus-b,0.4937923209,4.0,12.0,4.0,12.0,True,True,asymptotic-domain,0.1.0,3.11.9,2.5.0,b58b31db18364511c43757e27fffc7abce8df2c1,True,ok,,
1.0,transverse_field_ising:N072,-3.0,jacobi-anger,,,,2.0,a8fa234e-a646-4911-8402-a67c302db4ae,2026-08-12T00:11:58.358108+00:00,c1ad72de628f71283ac69037e9bbe97c3e773952f5abde5eac91397ca322d1a6,resource-grid,transverse_field_ising,TFIM-72,"{""coupling"":1.0,""field"":3.0,""periodic"":false}",72,72.0,proportional,1.0,0.001,287.0,143,qsvt,qsvt,QSVT,jacobi-anger-rigorous,analytical,,,,,,,,,,,,,,,,,,,,,,,,,,,,,,,,,,,168543.0,28091.0,,,0.00012110212089278747,,jacobi-anger-polynomial-oaa,"Martyn et al., arXiv:2105.02859, Eqs. (76)--(77)",Jacobi--Anger tails plus exact cubic OAA identity,"{""oaa-unitarity-defect-distortion"":6.0553810075344885e-05,""scaled-polynomial-error"":6.054831081744259e-05}",True,ideal-qsvt-oaa-good-block,True,,"[""the cosine and sine polynomials are implemented exactly"",""the unamplified good block is exactly Q/2""]",,,,,,,implemented-qsvt-floating-phase-circuit,False,False,0.0009000000000000001,,,,,,,,,,,,,,,,,,,2.0,one robust OAA round,1.0,"component, quadrature, and index registers all-zero",,90.0,86294028.0,195847092.0,-1.0,11570141868.0,1296770598.0,analytical-model,0.0001,,,,,,,,,,,,0.1.0,3.11.9,2.5.0,b58b31db18364511c43757e27fffc7abce8df2c1,True,ok,,
1.0,transverse_field_ising:N072,-3.0,empirical,,9.0,,2.0,a8fa234e-a646-4911-8402-a67c302db4ae,2026-08-12T00:11:58.358108+00:00,c1ad72de628f71283ac69037e9bbe97c3e773952f5abde5eac91397ca322d1a6,resource-grid,transverse_field_ising,TFIM-72,"{""coupling"":1.0,""field"":3.0,""periodic"":false}",72,72.0,proportional,1.0,0.001,287.0,143,mpf-j-mizuta2026-theorem6-empirical-operator-norm,multiproduct,MPF J=Mizuta Theorem 6 (resolved per point) [empirical operator norm],empirical-operator-norm,,,9.0,18.0,mizuta2026-theorem6,5.000000000000001,0.0009000000000000001,,,,,,,,,,,,,,,,,,,,,,,,,,,,,,,,,,,,,,,,,,,,,,,,,,,,,0.0009000000000000001,,,,,,,,,,,,,,,,,,,,,,,,,,,,,,,,,,,,,,,,,,,0.1.0,3.11.9,2.5.0,b58b31db18364511c43757e27fffc7abce8df2c1,True,missing_empirical,UnsupportedEmpiricalCalibrationError,"no reviewed empirical operator-norm calibration for method=multiproduct, formal_order=18, model=transverse_field_ising, parameters={'coupling': 1.0, 'field': 3.0, 'periodic': False}, boundary=open, partition=None, schedule='new', formula='ordered-individual-pauli-strang-mpf-v1'"
1.0,transverse_field_ising:N072,-3.0,commutator,,9.0,13450.0,2.0,a8fa234e-a646-4911-8402-a67c302db4ae,2026-08-12T00:11:58.358108+00:00,c1ad72de628f71283ac69037e9bbe97c3e773952f5abde5eac91397ca322d1a6,resource-grid,transverse_field_ising,TFIM-72,"{""coupling"":1.0,""field"":3.0,""periodic"":false}",72,72.0,proportional,1.0,0.001,287.0,143,mpf-j-mizuta2026-theorem6-mizuta2026-commutator-ideal-rigorous,multiproduct,MPF J=Mizuta Theorem 6 (resolved per point) [Mizuta 2026 refined commutator],mizuta2026-commutator-ideal-rigorous,analytical,,9.0,18.0,mizuta2026-theorem6,5.000000000000001,0.0009000000000000001,13450.0,13450.0,,10221.0,"[""error""]",35.486637932635084,18.0,,,6.684779728709362e-08,1.1744017318793298e-15,9.378972005063221e-20,1.1743079421592789e-15,1.1744017318793298e-15,6.684779846149537e-08,0.0008999115786485564,1.7287176516619422e-05,False,0.007044905197121786,"[1.0000000000000002,1.0000000000000002,1.0000000000000002,1.0000000000000002,1.0000000000000002,1.0000000000000002,1.0000000000000002,1.0000000000000002,1.0000000000000002,1.0000000000000002,1.0000000000000002,1.0000000000000002,1.0000000000000002,1.0000000000000002,1.0000000000000002,1.0000000000000002,1.0000000000000002,1.0000000000000002,1.0000000000000002,1.0000000000000002,1.0000000000000002,1.0000000000000002,1.0000000000000002,1.0000000000000002,1.0000000000000002,1.0000000000000002,1.0000000000000002,1.0000000000000002,1.0000000000000002,1.0000000000000002,1.0000000000000002,1.0000000000000002,1.0000000000000002,1.0000000000000002,1.0000000000000002,1.0000000000000002,1.0000000000000002,1.0000000000000002,1.0000000000000002,1.0000000000000002,1.0000000000000002,1.0000000000000002,1.0000000000000002,1.0000000000000002,1.0000000000000002,1.0000000000000002,1.0000000000000002,1.0000000000000002,1.0000000000000002,1.0000000000000002,1.0000000000000002,1.0000000000000002,1.0000000000000002,1.0000000000000002,1.0000000000000002,1.0000000000000002,1.0000000000000002,1.0000000000000002,1.0000000000000002,1.0000000000000002,1.0000000000000002,1.0000000000000002,1.0000000000000002,1.0000000000000002,1.0000000000000002,1.0000000000000002,1.0000000000000002,1.0000000000000002,1.0000000000000002,1.0000000000000002,1.0000000000000002,1.0000000000000002,1.0000000000000002,1.0000000000000002,1.0000000000000002,1.0000000000000002,1.0000000000000002,1.0000000000000002,1.0000000000000002,1.0000000000000002,1.0000000000000002,1.0000000000000002,1.0000000000000002,1.0000000000000002,1.0000000000000002,1.0000000000000002,1.0000000000000002,1.0000000000000002,1.0000000000000002,1.0000000000000002,1.0000000000000002,1.0000000000000002,1.0000000000000002,1.0000000000000002,1.0000000000000002,1.0000000000000002,1.0000000000000002,1.0000000000000002,1.0000000000000002,1.0000000000000002,1.0000000000000002,1.0000000000000002,1.0000000000000002,1.0000000000000002,1.0000000000000002,1.0000000000000002,1.0000000000000002,1.0000000000000002,1.0000000000000002,1.0000000000000002,1.0000000000000002,1.0000000000000002,1.0000000000000002,1.0000000000000002,1.0000000000000002,1.0000000000000002,1.0000000000000002,1.0000000000000002,1.0000000000000002,1.0000000000000002,1.0000000000000002,1.0000000000000002,1.0000000000000002,1.0000000000000002,1.0000000000000002,1.0000000000000002,1.0000000000000002,1.0000000000000002,1.0000000000000002,1.0000000000000002,1.0000000000000002,1.0000000000000002,1.0000000000000002,1.0000000000000002,1.0000000000000002,1.0000000000000002,1.0000000000000002,1.0000000000000002,1.0000000000000002,1.0000000000000002,1.0000000000000002,1.0000000000000002,1.0000000000000002]",5.0000000000000036,18.0,False,,not-used,commutator,mizuta2026-commutator-ideal-rigorous,[],3228000.0,,,,0.0008999115786485564,9.582814284114874e+35,mizuta2026-commutator-ideal-rigorous,"Mizuta, Quantum 10, 1974 (2026), arXiv:2507.06557v4","Theorem 4, Eqs. (47)--(49), with direct Lemmas 9--10 BCH remainder","{""error_predicate_satisfied"":1.0,""extensiveness_g"":5.000000000000001,""joint_predicate_satisfied"":1.0,""legacy_first_condition_passed"":0.0,""legacy_first_time_limit"":1.7287176516619422e-05,""local_commutator_error"":6.684779728709362e-08,""local_step_error"":6.684779846149537e-08,""local_truncated_bch_error"":1.1744017318793298e-15,""locality_k"":2.0,""mu_upper"":35.486637932635084,""refined_lemma10_remainder"":1.1743079421592789e-15,""refined_lemma9_remainder"":9.378972005063221e-20,""refined_tail_fallback"":0.0,""repeated_global_error"":0.0008999115786485564,""schedule_weighted_extensiveness"":5.0000000000000036,""second_time_limit"":0.007044905197121786,""time_2_predicate_satisfied"":1.0,""total_branchwise_bch_remainder"":1.1744017318793298e-15,""truncation_order_p0"":18.0}",True,ideal-mpf,True,ordered individual Pauli terms,"[""individual Pauli summands define the ordered H_gamma decomposition"",""the actual Strang factors define schedule-weighted g_alpha extensiveness"",""Lemma 9 and Lemma 10 positive majorants directly certify the BCH remainder"",""the scalar-flow/Cauchy refined tail certificate is used"",""Theorem 4 second time hypothesis is satisfied"",""the repeated ideal MPF is composed with the Eq. (15) telescoping argument""]",,18.0,18.0,True,False,"{""2"":1704.0000000000016,""3"":27216.00000000004,""4"":352992.0000000008,""5"":5638464.000000017,""6"":77007360.0000003,""7"":1230183936.0000057,""8"":17379351552.00009,""9"":277660099584.00165,""10"":4013367508992.027,""11"":64125048397824.48,""12"":941929898999815.6,""13"":1.5051227707441284e+16,""14"":2.2371433013969107e+17,""15"":3.57501156198112e+18,""16"":5.361671830269178e+19,""17"":8.568609591565408e+20,""18"":1.2941659397334411e+22}",repeated-shared-ancilla-good-block,True,False,0.0009000000000000001,new,"[1,2,3,4,5,6,8,14,37]","[1.967691252631999e-13,-3.445506091008736e-08,2.544222523112307e-05,-0.0016199636587070087,0.021324279661958864,-0.07100801545469856,0.14994672471728007,-0.4079534241993221,1.3092849911631212]",1.9611628755355768,0.03883712446442322,80.0,registered-exact,True,9.0,4.0,2.0,5.0,11.0,5.0,6.0,3.0,2.0,3.0,2.0,one robust OAA round per segment,13450.0,branch register all-zero,,79.0,1841170500.0,1546750.0,-1.0,254087716000.0,2764145524.0,analytical-model,0.0001,,,,,,,,,,,,0.1.0,3.11.9,2.5.0,b58b31db18364511c43757e27fffc7abce8df2c1,True,ok,,
1.0,transverse_field_ising:N072,-3.1,commutator,720033.0,,,2.0,a8fa234e-a646-4911-8402-a67c302db4ae,2026-08-12T00:11:58.358108+00:00,c1ad72de628f71283ac69037e9bbe97c3e773952f5abde5eac91397ca322d1a6,resource-grid,transverse_field_ising,TFIM-72,"{""coupling"":1.0,""field"":3.0,""periodic"":false}",72,72.0,proportional,1.0,0.0007943282347242813,287.0,143,trotter-p2,trotter,Trotter p=2,analytical,analytical,2.0,,,,,,720033.0,,,,,,,,,,,,,,,,,,,,,,,,,,,,,,individual,143.0,0.0007148944665054623,993.0,childs-commutator,"Childs, Su, Tran, Wiebe, and Zhu, arXiv:1912.08854",Propositions 9--10,"{""prefactor"":993.0}",True,implemented-product-formula,True,,"[""the resolved ordered Hamiltonian groups match the implemented formula""]",,,,,,,implemented-product-formula,True,True,0.0007148954112518532,,,,,,,,,,,,,,,,,,,1.0,none,0.0,system register,1.0,72.0,205209405.0,0.0,-1.0,26677222650.0,203774375.0,analytical-model,7.943282347242814e-05,,,,,,,,,,,,0.1.0,3.11.9,2.5.0,b58b31db18364511c43757e27fffc7abce8df2c1,True,ok,,
1.0,transverse_field_ising:N072,-3.1,empirical,189516.0,,,2.0,a8fa234e-a646-4911-8402-a67c302db4ae,2026-08-12T00:11:58.358108+00:00,c1ad72de628f71283ac69037e9bbe97c3e773952f5abde5eac91397ca322d1a6,resource-grid,transverse_field_ising,TFIM-72,"{""coupling"":1.0,""field"":3.0,""periodic"":false}",72,72.0,proportional,1.0,0.0007943282347242813,287.0,143,trotter-p2-empirical,trotter,Trotter p=2 [empirical],empirical-operator-norm,empirical,2.0,,,,,,189516.0,,,,,,,,,,,,,,,,,,,,,,,,,,,,,,individual,143.0,0.0007148949882607412,68.7917766697,empirical-operator-norm,Repository empirical operator-norm calibration study v1 (2026-08-10),reviewed calibration opnorm-v1-tfim-open-trotter-p2; artifact docs/calibration_data/empirical_1d_v1_accepted.json,"{""prefactor"":68.7917766697}",False,implemented-product-formula,False,,"[""the resolved ordered Hamiltonian groups match the implemented formula"",""the fixed formal-order powers in time and segments apply"",""the reviewed affine size calibration extrapolates as flagged""]",,,,,,,implemented-product-formula,False,False,0.0007148954112518532,,,,,,,,,,,,,,,,,,,1.0,none,0.0,system register,1.0,72.0,54012060.0,0.0,-1.0,6697495440.0,53634354.0,analytical-model,7.943282347242814e-05,opnorm-v1-tfim-open-trotter-p2,transverse_field_ising,affine-aN-plus-b,68.7917766697,4.0,12.0,4.0,12.0,True,True,formula,0.1.0,3.11.9,2.5.0,b58b31db18364511c43757e27fffc7abce8df2c1,True,ok,,
1.0,transverse_field_ising:N072,-3.1,commutator,15066.0,,,2.0,a8fa234e-a646-4911-8402-a67c302db4ae,2026-08-12T00:11:58.358108+00:00,c1ad72de628f71283ac69037e9bbe97c3e773952f5abde5eac91397ca322d1a6,resource-grid,transverse_field_ising,TFIM-72,"{""coupling"":1.0,""field"":3.0,""periodic"":false}",72,72.0,proportional,1.0,0.0007943282347242813,287.0,143,trotter-p4,trotter,Trotter p=4,analytical,analytical,4.0,,,,,,15066.0,,,,,,,,,,,,,,,,,,,,,,,,,,,,,,commuting,2.0,0.0007147809609878446,19032.785200508108,schubert-mendl-commutator,"Schubert and Mendl, arXiv:2306.10603",Theorem 1,"{""prefactor"":19032.785200508108}",True,implemented-product-formula,True,,"[""the resolved ordered Hamiltonian groups match the implemented formula""]",,,,,,,implemented-product-formula,True,True,0.0007148954112518532,,,,,,,,,,,,,,,,,,,1.0,none,0.0,system register,1.0,72.0,16195950.0,0.0,-1.0,1911122100.0,16082692.0,analytical-model,7.943282347242814e-05,,,,,,,,,,,,0.1.0,3.11.9,2.5.0,b58b31db18364511c43757e27fffc7abce8df2c1,True,ok,,
1.0,transverse_field_ising:N072,-3.1,empirical,3009.0,,,2.0,a8fa234e-a646-4911-8402-a67c302db4ae,2026-08-12T00:11:58.358108+00:00,c1ad72de628f71283ac69037e9bbe97c3e773952f5abde5eac91397ca322d1a6,resource-grid,transverse_field_ising,TFIM-72,"{""coupling"":1.0,""field"":3.0,""periodic"":false}",72,72.0,proportional,1.0,0.0007943282347242813,287.0,143,trotter-p4-empirical,trotter,Trotter p=4 [empirical],empirical-operator-norm,empirical,4.0,,,,,,3009.0,,,,,,,,,,,,,,,,,,,,,,,,,,,,,,commuting,2.0,0.0007142335417647582,30.2598318541,empirical-operator-norm,Repository empirical operator-norm calibration study v1 (2026-08-10),reviewed calibration opnorm-v1-tfim-open-trotter-p4; artifact docs/calibration_data/empirical_1d_v1_accepted.json,"{""prefactor"":30.2598318541}",False,implemented-product-formula,False,,"[""the resolved ordered Hamiltonian groups match the implemented formula"",""the fixed formal-order powers in time and segments apply"",""the reviewed affine size calibration extrapolates as flagged""]",,,,,,,implemented-product-formula,False,False,0.0007148954112518532,,,,,,,,,,,,,,,,,,,1.0,none,0.0,system register,1.0,72.0,3234675.0,0.0,-1.0,359048925.0,3212055.0,analytical-model,7.943282347242814e-05,opnorm-v1-tfim-open-trotter-p4,transverse_field_ising,affine-aN-plus-b,30.2598318541,4.0,12.0,4.0,12.0,True,True,formula,0.1.0,3.11.9,2.5.0,b58b31db18364511c43757e27fffc7abce8df2c1,True,ok,,
1.0,transverse_field_ising:N072,-3.1,commutator,5998.0,,,2.0,a8fa234e-a646-4911-8402-a67c302db4ae,2026-08-12T00:11:58.358108+00:00,c1ad72de628f71283ac69037e9bbe97c3e773952f5abde5eac91397ca322d1a6,resource-grid,transverse_field_ising,TFIM-72,"{""coupling"":1.0,""field"":3.0,""periodic"":false}",72,72.0,proportional,1.0,0.0007943282347242813,287.0,143,trotter-p6,trotter,Trotter p=6,analytical,analytical,6.0,,,,,,5998.0,,,,,,,,,,,,,,,,,,,,,,,,,,,,,,commuting,2.0,0.0007143178474797594,3315910.460456222,schubert-mendl-commutator,"Schubert and Mendl, arXiv:2306.10603",Theorem 1,"{""prefactor"":3315910.460456222}",True,implemented-product-formula,True,,"[""the resolved ordered Hamiltonian groups match the implemented formula""]",,,,,,,implemented-product-formula,True,True,0.0007148954112518532,,,,,,,,,,,,,,,,,,,1.0,none,0.0,system register,1.0,72.0,32239250.0,0.0,-1.0,3900949250.0,32013801.0,analytical-model,7.943282347242814e-05,,,,,,,,,,,,0.1.0,3.11.9,2.5.0,b58b31db18364511c43757e27fffc7abce8df2c1,True,ok,,
1.0,transverse_field_ising:N072,-3.1,empirical,576.0,,,2.0,a8fa234e-a646-4911-8402-a67c302db4ae,2026-08-12T00:11:58.358108+00:00,c1ad72de628f71283ac69037e9bbe97c3e773952f5abde5eac91397ca322d1a6,resource-grid,transverse_field_ising,TFIM-72,"{""coupling"":1.0,""field"":3.0,""periodic"":false}",72,72.0,proportional,1.0,0.0007943282347242813,287.0,143,trotter-p6-empirical,trotter,Trotter p=6 [empirical],empirical-operator-norm,empirical,6.0,,,,,,576.0,,,,,,,,,,,,,,,,,,,,,,,,,,,,,,commuting,2.0,0.00013562411157531695,0.4937923209,empirical-operator-norm,Repository empirical operator-norm calibration study v1 (2026-08-10),reviewed calibration opnorm-v1-tfim-open-trotter-p6; artifact docs/calibration_data/empirical_1d_v1_accepted.json,"{""prefactor"":0.4937923209}",False,implemented-product-formula,False,,"[""the resolved ordered Hamiltonian groups match the implemented formula"",""the fixed formal-order powers in time and segments apply"",""the reviewed affine size calibration extrapolates as flagged""]",,,,,,,implemented-product-formula,False,False,0.0007148954112518532,,,,,,,,,,,,,,,,,,,1.0,none,0.0,system register,1.0,72.0,3096000.0,0.0,-1.0,343656000.0,3074350.0,analytical-model,7.943282347242814e-05,opnorm-v1-tfim-open-trotter-p6,transverse_field_ising,affine-aN-plus-b,0.4937923209,4.0,12.0,4.0,12.0,True,True,asymptotic-domain,0.1.0,3.11.9,2.5.0,b58b31db18364511c43757e27fffc7abce8df2c1,True,ok,,
1.0,transverse_field_ising:N072,-3.1,jacobi-anger,,,,2.0,a8fa234e-a646-4911-8402-a67c302db4ae,2026-08-12T00:11:58.358108+00:00,c1ad72de628f71283ac69037e9bbe97c3e773952f5abde5eac91397ca322d1a6,resource-grid,transverse_field_ising,TFIM-72,"{""coupling"":1.0,""field"":3.0,""periodic"":false}",72,72.0,proportional,1.0,0.0007943282347242813,287.0,143,qsvt,qsvt,QSVT,jacobi-anger-rigorous,analytical,,,,,,,,,,,,,,,,,,,,,,,,,,,,,,,,,,,168543.0,28091.0,,,0.00010053345196040772,,jacobi-anger-polynomial-oaa,"Martyn et al., arXiv:2105.02859, Eqs. (76)--(77)",Jacobi--Anger tails plus exact cubic OAA identity,"{""oaa-unitarity-defect-distortion"":5.026862092688217e-05,""scaled-polynomial-error"":5.026483103352555e-05}",True,ideal-qsvt-oaa-good-block,True,,"[""the cosine and sine polynomials are implemented exactly"",""the unamplified good block is exactly Q/2""]",,,,,,,implemented-qsvt-floating-phase-circuit,False,False,0.0007148954112518532,,,,,,,,,,,,,,,,,,,2.0,one robust OAA round,1.0,"component, quadrature, and index registers all-zero",,90.0,86294028.0,195847092.0,-1.0,11656435896.0,1296770598.0,analytical-model,7.943282347242814e-05,,,,,,,,,,,,0.1.0,3.11.9,2.5.0,b58b31db18364511c43757e27fffc7abce8df2c1,True,ok,,
1.0,transverse_field_ising:N072,-3.1,empirical,,9.0,,2.0,a8fa234e-a646-4911-8402-a67c302db4ae,2026-08-12T00:11:58.358108+00:00,c1ad72de628f71283ac69037e9bbe97c3e773952f5abde5eac91397ca322d1a6,resource-grid,transverse_field_ising,TFIM-72,"{""coupling"":1.0,""field"":3.0,""periodic"":false}",72,72.0,proportional,1.0,0.0007943282347242813,287.0,143,mpf-j-mizuta2026-theorem6-empirical-operator-norm,multiproduct,MPF J=Mizuta Theorem 6 (resolved per point) [empirical operator norm],empirical-operator-norm,,,9.0,18.0,mizuta2026-theorem6,5.000000000000001,0.0007148954112518532,,,,,,,,,,,,,,,,,,,,,,,,,,,,,,,,,,,,,,,,,,,,,,,,,,,,,0.0007148954112518532,,,,,,,,,,,,,,,,,,,,,,,,,,,,,,,,,,,,,,,,,,,0.1.0,3.11.9,2.5.0,b58b31db18364511c43757e27fffc7abce8df2c1,True,missing_empirical,UnsupportedEmpiricalCalibrationError,"no reviewed empirical operator-norm calibration for method=multiproduct, formal_order=18, model=transverse_field_ising, parameters={'coupling': 1.0, 'field': 3.0, 'periodic': False}, boundary=open, partition=None, schedule='new', formula='ordered-individual-pauli-strang-mpf-v1'"
1.0,transverse_field_ising:N072,-3.1,commutator,,9.0,13623.0,2.0,a8fa234e-a646-4911-8402-a67c302db4ae,2026-08-12T00:11:58.358108+00:00,c1ad72de628f71283ac69037e9bbe97c3e773952f5abde5eac91397ca322d1a6,resource-grid,transverse_field_ising,TFIM-72,"{""coupling"":1.0,""field"":3.0,""periodic"":false}",72,72.0,proportional,1.0,0.0007943282347242813,287.0,143,mpf-j-mizuta2026-theorem6-mizuta2026-commutator-ideal-rigorous,multiproduct,MPF J=Mizuta Theorem 6 (resolved per point) [Mizuta 2026 refined commutator],mizuta2026-commutator-ideal-rigorous,analytical,,9.0,18.0,mizuta2026-theorem6,5.000000000000001,0.0007148954112518532,13623.0,13623.0,,10221.0,"[""error""]",35.486637932635084,18.0,,,5.243582772721745e-08,9.11233159995334e-16,8.314769891275971e-20,9.11150012296421e-16,9.11233159995334e-16,5.243582863845062e-08,0.0007148437103946267,1.7287176516619422e-05,False,0.007044905197121786,"[1.0000000000000002,1.0000000000000002,1.0000000000000002,1.0000000000000002,1.0000000000000002,1.0000000000000002,1.0000000000000002,1.0000000000000002,1.0000000000000002,1.0000000000000002,1.0000000000000002,1.0000000000000002,1.0000000000000002,1.0000000000000002,1.0000000000000002,1.0000000000000002,1.0000000000000002,1.0000000000000002,1.0000000000000002,1.0000000000000002,1.0000000000000002,1.0000000000000002,1.0000000000000002,1.0000000000000002,1.0000000000000002,1.0000000000000002,1.0000000000000002,1.0000000000000002,1.0000000000000002,1.0000000000000002,1.0000000000000002,1.0000000000000002,1.0000000000000002,1.0000000000000002,1.0000000000000002,1.0000000000000002,1.0000000000000002,1.0000000000000002,1.0000000000000002,1.0000000000000002,1.0000000000000002,1.0000000000000002,1.0000000000000002,1.0000000000000002,1.0000000000000002,1.0000000000000002,1.0000000000000002,1.0000000000000002,1.0000000000000002,1.0000000000000002,1.0000000000000002,1.0000000000000002,1.0000000000000002,1.0000000000000002,1.0000000000000002,1.0000000000000002,1.0000000000000002,1.0000000000000002,1.0000000000000002,1.0000000000000002,1.0000000000000002,1.0000000000000002,1.0000000000000002,1.0000000000000002,1.0000000000000002,1.0000000000000002,1.0000000000000002,1.0000000000000002,1.0000000000000002,1.0000000000000002,1.0000000000000002,1.0000000000000002,1.0000000000000002,1.0000000000000002,1.0000000000000002,1.0000000000000002,1.0000000000000002,1.0000000000000002,1.0000000000000002,1.0000000000000002,1.0000000000000002,1.0000000000000002,1.0000000000000002,1.0000000000000002,1.0000000000000002,1.0000000000000002,1.0000000000000002,1.0000000000000002,1.0000000000000002,1.0000000000000002,1.0000000000000002,1.0000000000000002,1.0000000000000002,1.0000000000000002,1.0000000000000002,1.0000000000000002,1.0000000000000002,1.0000000000000002,1.0000000000000002,1.0000000000000002,1.0000000000000002,1.0000000000000002,1.0000000000000002,1.0000000000000002,1.0000000000000002,1.0000000000000002,1.0000000000000002,1.0000000000000002,1.0000000000000002,1.0000000000000002,1.0000000000000002,1.0000000000000002,1.0000000000000002,1.0000000000000002,1.0000000000000002,1.0000000000000002,1.0000000000000002,1.0000000000000002,1.0000000000000002,1.0000000000000002,1.0000000000000002,1.0000000000000002,1.0000000000000002,1.0000000000000002,1.0000000000000002,1.0000000000000002,1.0000000000000002,1.0000000000000002,1.0000000000000002,1.0000000000000002,1.0000000000000002,1.0000000000000002,1.0000000000000002,1.0000000000000002,1.0000000000000002,1.0000000000000002,1.0000000000000002,1.0000000000000002,1.0000000000000002,1.0000000000000002,1.0000000000000002,1.0000000000000002,1.0000000000000002]",5.0000000000000036,18.0,False,,not-used,commutator,mizuta2026-commutator-ideal-rigorous,[],3269520.0,,,,0.0007148437103946267,9.582814284114874e+35,mizuta2026-commutator-ideal-rigorous,"Mizuta, Quantum 10, 1974 (2026), arXiv:2507.06557v4","Theorem 4, Eqs. (47)--(49), with direct Lemmas 9--10 BCH remainder","{""error_predicate_satisfied"":1.0,""extensiveness_g"":5.000000000000001,""joint_predicate_satisfied"":1.0,""legacy_first_condition_passed"":0.0,""legacy_first_time_limit"":1.7287176516619422e-05,""local_commutator_error"":5.243582772721745e-08,""local_step_error"":5.243582863845062e-08,""local_truncated_bch_error"":9.11233159995334e-16,""locality_k"":2.0,""mu_upper"":35.486637932635084,""refined_lemma10_remainder"":9.11150012296421e-16,""refined_lemma9_remainder"":8.314769891275971e-20,""refined_tail_fallback"":0.0,""repeated_global_error"":0.0007148437103946267,""schedule_weighted_extensiveness"":5.0000000000000036,""second_time_limit"":0.007044905197121786,""time_2_predicate_satisfied"":1.0,""total_branchwise_bch_remainder"":9.11233159995334e-16,""truncation_order_p0"":18.0}",True,ideal-mpf,True,ordered individual Pauli terms,"[""individual Pauli summands define the ordered H_gamma decomposition"",""the actual Strang factors define schedule-weighted g_alpha extensiveness"",""Lemma 9 and Lemma 10 positive majorants directly certify the BCH remainder"",""the scalar-flow/Cauchy refined tail certificate is used"",""Theorem 4 second time hypothesis is satisfied"",""the repeated ideal MPF is composed with the Eq. (15) telescoping argument""]",,18.0,18.0,True,False,"{""2"":1704.0000000000016,""3"":27216.00000000004,""4"":352992.0000000008,""5"":5638464.000000017,""6"":77007360.0000003,""7"":1230183936.0000057,""8"":17379351552.00009,""9"":277660099584.00165,""10"":4013367508992.027,""11"":64125048397824.48,""12"":941929898999815.6,""13"":1.5051227707441284e+16,""14"":2.2371433013969107e+17,""15"":3.57501156198112e+18,""16"":5.361671830269178e+19,""17"":8.568609591565408e+20,""18"":1.2941659397334411e+22}",repeated-shared-ancilla-good-block,True,False,0.0007148954112518532,new,"[1,2,3,4,5,6,8,14,37]","[1.967691252631999e-13,-3.445506091008736e-08,2.544222523112307e-05,-0.0016199636587070087,0.021324279661958864,-0.07100801545469856,0.14994672471728007,-0.4079534241993221,1.3092849911631212]",1.9611628755355768,0.03883712446442322,80.0,registered-exact,True,9.0,4.0,2.0,5.0,11.0,5.0,6.0,3.0,2.0,3.0,2.0,one robust OAA round per segment,13623.0,branch register all-zero,,79.0,1864852470.0,1566645.0,-1.0,259220759910.0,2799699217.0,analytical-model,7.943282347242814e-05,,,,,,,,,,,,0.1.0,3.11.9,2.5.0,b58b31db18364511c43757e27fffc7abce8df2c1,True,ok,,
1.0,transverse_field_ising:N072,-3.2,commutator,807890.0,,,2.0,a8fa234e-a646-4911-8402-a67c302db4ae,2026-08-12T00:11:58.358108+00:00,c1ad72de628f71283ac69037e9bbe97c3e773952f5abde5eac91397ca322d1a6,resource-grid,transverse_field_ising,TFIM-72,"{""coupling"":1.0,""field"":3.0,""periodic"":false}",72,72.0,proportional,1.0,0.000630957344480193,287.0,143,trotter-p2,trotter,Trotter p=2,analytical,analytical,2.0,,,,,,807890.0,,,,,,,,,,,,,,,,,,,,,,,,,,,,,,individual,143.0,0.0005678613005980919,993.0,childs-commutator,"Childs, Su, Tran, Wiebe, and Zhu, arXiv:1912.08854",Propositions 9--10,"{""prefactor"":993.0}",True,implemented-product-formula,True,,"[""the resolved ordered Hamiltonian groups match the implemented formula""]",,,,,,,implemented-product-formula,True,True,0.0005678616100321737,,,,,,,,,,,,,,,,,,,1.0,none,0.0,system register,1.0,72.0,230248650.0,0.0,-1.0,30162573150.0,228638520.0,analytical-model,6.30957344480193e-05,,,,,,,,,,,,0.1.0,3.11.9,2.5.0,b58b31db18364511c43757e27fffc7abce8df2c1,True,ok,,
1.0,transverse_field_ising:N072,-3.2,empirical,212641.0,,,2.0,a8fa234e-a646-4911-8402-a67c302db4ae,2026-08-12T00:11:58.358108+00:00,c1ad72de628f71283ac69037e9bbe97c3e773952f5abde5eac91397ca322d1a6,resource-grid,transverse_field_ising,TFIM-72,"{""coupling"":1.0,""field"":3.0,""periodic"":false}",72,72.0,proportional,1.0,0.000630957344480193,287.0,143,trotter-p2-empirical,trotter,Trotter p=2 [empirical],empirical-operator-norm,empirical,2.0,,,,,,212641.0,,,,,,,,,,,,,,,,,,,,,,,,,,,,,,individual,143.0,0.0005678583331920641,68.7917766697,empirical-operator-norm,Repository empirical operator-norm calibration study v1 (2026-08-10),reviewed calibration opnorm-v1-tfim-open-trotter-p2; artifact docs/calibration_data/empirical_1d_v1_accepted.json,"{""prefactor"":68.7917766697}",False,implemented-product-formula,False,,"[""the resolved ordered Hamiltonian groups match the implemented formula"",""the fixed formal-order powers in time and segments apply"",""the reviewed affine size calibration extrapolates as flagged""]",,,,,,,implemented-product-formula,False,False,0.0005678616100321737,,,,,,,,,,,,,,,,,,,1.0,none,0.0,system register,1.0,72.0,60602685.0,0.0,-1.0,7575335625.0,60178890.0,analytical-model,6.30957344480193e-05,opnorm-v1-tfim-open-trotter-p2,transverse_field_ising,affine-aN-plus-b,68.7917766697,4.0,12.0,4.0,12.0,True,True,formula,0.1.0,3.11.9,2.5.0,b58b31db18364511c43757e27fffc7abce8df2c1,True,ok,,
1.0,transverse_field_ising:N072,-3.2,commutator,15959.0,,,2.0,a8fa234e-a646-4911-8402-a67c302db4ae,2026-08-12T00:11:58.358108+00:00,c1ad72de628f71283ac69037e9bbe97c3e773952f5abde5eac91397ca322d1a6,resource-grid,transverse_field_ising,TFIM-72,"{""coupling"":1.0,""field"":3.0,""periodic"":false}",72,72.0,proportional,1.0,0.000630957344480193,287.0,143,trotter-p4,trotter,Trotter p=4,analytical,analytical,4.0,,,,,,15959.0,,,,,,,,,,,,,,,,,,,,,,,,,,,,,,commuting,2.0,0.0005677303734779044,19032.785200508108,schubert-mendl-commutator,"Schubert and Mendl, arXiv:2306.10603",Theorem 1,"{""prefactor"":19032.785200508108}",True,implemented-product-formula,True,,"[""the resolved ordered Hamiltonian groups match the implemented formula""]",,,,,,,implemented-product-formula,True,True,0.0005678616100321737,,,,,,,,,,,,,,,,,,,1.0,none,0.0,system register,1.0,72.0,17155925.0,0.0,-1.0,2058711000.0,17035954.0,analytical-model,6.30957344480193e-05,,,,,,,,,,,,0.1.0,3.11.9,2.5.0,b58b31db18364511c43757e27fffc7abce8df2c1,True,ok,,
1.0,transverse_field_ising:N072,-3.2,empirical,3187.0,,,2.0,a8fa234e-a646-4911-8402-a67c302db4ae,2026-08-12T00:11:58.358108+00:00,c1ad72de628f71283ac69037e9bbe97c3e773952f5abde5eac91397ca322d1a6,resource-grid,transverse_field_ising,TFIM-72,"{""coupling"":1.0,""field"":3.0,""periodic"":false}",72,72.0,proportional,1.0,0.000630957344480193,287.0,143,trotter-p4-empirical,trotter,Trotter p=4 [empirical],empirical-operator-norm,empirical,4.0,,,,,,3187.0,,,,,,,,,,,,,,,,,,,,,,,,,,,,,,commuting,2.0,0.0005675455707511848,30.2598318541,empirical-operator-norm,Repository empirical operator-norm calibration study v1 (2026-08-10),reviewed calibration opnorm-v1-tfim-open-trotter-p4; artifact docs/calibration_data/empirical_1d_v1_accepted.json,"{""prefactor"":30.2598318541}",False,implemented-product-formula,False,,"[""the resolved ordered Hamiltonian groups match the implemented formula"",""the fixed formal-order powers in time and segments apply"",""the reviewed affine size calibration extrapolates as flagged""]",,,,,,,implemented-product-formula,False,False,0.0005678616100321737,,,,,,,,,,,,,,,,,,,1.0,none,0.0,system register,1.0,72.0,3426025.0,0.0,-1.0,387140825.0,3402067.0,analytical-model,6.30957344480193e-05,opnorm-v1-tfim-open-trotter-p4,transverse_field_ising,affine-aN-plus-b,30.2598318541,4.0,12.0,4.0,12.0,True,True,formula,0.1.0,3.11.9,2.5.0,b58b31db18364511c43757e27fffc7abce8df2c1,True,ok,,
1.0,transverse_field_ising:N072,-3.2,commutator,6232.0,,,2.0,a8fa234e-a646-4911-8402-a67c302db4ae,2026-08-12T00:11:58.358108+00:00,c1ad72de628f71283ac69037e9bbe97c3e773952f5abde5eac91397ca322d1a6,resource-grid,transverse_field_ising,TFIM-72,"{""coupling"":1.0,""field"":3.0,""periodic"":false}",72,72.0,proportional,1.0,0.000630957344480193,287.0,143,trotter-p6,trotter,Trotter p=6,analytical,analytical,6.0,,,,,,6232.0,,,,,,,,,,,,,,,,,,,,,,,,,,,,,,commuting,2.0,0.0005677610583931866,3315910.460456222,schubert-mendl-commutator,"Schubert and Mendl, arXiv:2306.10603",Theorem 1,"{""prefactor"":3315910.460456222}",True,implemented-product-formula,True,,"[""the resolved ordered Hamiltonian groups match the implemented formula""]",,,,,,,implemented-product-formula,True,True,0.0005678616100321737,,,,,,,,,,,,,,,,,,,1.0,none,0.0,system register,1.0,72.0,33497000.0,0.0,-1.0,4120131000.0,33262756.0,analytical-model,6.30957344480193e-05,,,,,,,,,,,,0.1.0,3.11.9,2.5.0,b58b31db18364511c43757e27fffc7abce8df2c1,True,ok,,
1.0,transverse_field_ising:N072,-3.2,empirical,576.0,,,2.0,a8fa234e-a646-4911-8402-a67c302db4ae,2026-08-12T00:11:58.358108+00:00,c1ad72de628f71283ac69037e9bbe97c3e773952f5abde5eac91397ca322d1a6,resource-grid,transverse_field_ising,TFIM-72,"{""coupling"":1.0,""field"":3.0,""periodic"":false}",72,72.0,proportional,1.0,0.000630957344480193,287.0,143,trotter-p6-empirical,trotter,Trotter p=6 [empirical],empirical-operator-norm,empirical,6.0,,,,,,576.0,,,,,,,,,,,,,,,,,,,,,,,,,,,,,,commuting,2.0,0.00013562411157531695,0.4937923209,empirical-operator-norm,Repository empirical operator-norm calibration study v1 (2026-08-10),reviewed calibration opnorm-v1-tfim-open-trotter-p6; artifact docs/calibration_data/empirical_1d_v1_accepted.json,"{""prefactor"":0.4937923209}",False,implemented-product-formula,False,,"[""the resolved ordered Hamiltonian groups match the implemented formula"",""the fixed formal-order powers in time and segments apply"",""the reviewed affine size calibration extrapolates as flagged""]",,,,,,,implemented-product-formula,False,False,0.0005678616100321737,,,,,,,,,,,,,,,,,,,1.0,none,0.0,system register,1.0,72.0,3096000.0,0.0,-1.0,346752000.0,3074350.0,analytical-model,6.30957344480193e-05,opnorm-v1-tfim-open-trotter-p6,transverse_field_ising,affine-aN-plus-b,0.4937923209,4.0,12.0,4.0,12.0,True,True,asymptotic-domain,0.1.0,3.11.9,2.5.0,b58b31db18364511c43757e27fffc7abce8df2c1,True,ok,,
1.0,transverse_field_ising:N072,-3.2,jacobi-anger,,,,2.0,a8fa234e-a646-4911-8402-a67c302db4ae,2026-08-12T00:11:58.358108+00:00,c1ad72de628f71283ac69037e9bbe97c3e773952f5abde5eac91397ca322d1a6,resource-grid,transverse_field_ising,TFIM-72,"{""coupling"":1.0,""field"":3.0,""periodic"":false}",72,72.0,proportional,1.0,0.000630957344480193,287.0,143,qsvt,qsvt,QSVT,jacobi-anger-rigorous,analytical,,,,,,,,,,,,,,,,,,,,,,,,,,,,,,,,,,,168543.0,28091.0,,,8.419540357428558e-05,,jacobi-anger-polynomial-oaa,"Martyn et al., arXiv:2105.02859, Eqs. (76)--(77)",Jacobi--Anger tails plus exact cubic OAA identity,"{""oaa-unitarity-defect-distortion"":4.2099030884237826e-05,""scaled-polynomial-error"":4.209637269004775e-05}",True,ideal-qsvt-oaa-good-block,True,,"[""the cosine and sine polynomials are implemented exactly"",""the unamplified good block is exactly Q/2""]",,,,,,,implemented-qsvt-floating-phase-circuit,False,False,0.0005678616100321737,,,,,,,,,,,,,,,,,,,2.0,one robust OAA round,1.0,"component, quadrature, and index registers all-zero",,90.0,86294028.0,195847092.0,-1.0,11742729924.0,1296770598.0,analytical-model,6.30957344480193e-05,,,,,,,,,,,,0.1.0,3.11.9,2.5.0,b58b31db18364511c43757e27fffc7abce8df2c1,True,ok,,
1.0,transverse_field_ising:N072,-3.2,empirical,,9.0,,2.0,a8fa234e-a646-4911-8402-a67c302db4ae,2026-08-12T00:11:58.358108+00:00,c1ad72de628f71283ac69037e9bbe97c3e773952f5abde5eac91397ca322d1a6,resource-grid,transverse_field_ising,TFIM-72,"{""coupling"":1.0,""field"":3.0,""periodic"":false}",72,72.0,proportional,1.0,0.000630957344480193,287.0,143,mpf-j-mizuta2026-theorem6-empirical-operator-norm,multiproduct,MPF J=Mizuta Theorem 6 (resolved per point) [empirical operator norm],empirical-operator-norm,,,9.0,18.0,mizuta2026-theorem6,5.000000000000001,0.0005678616100321737,,,,,,,,,,,,,,,,,,,,,,,,,,,,,,,,,,,,,,,,,,,,,,,,,,,,,0.0005678616100321737,,,,,,,,,,,,,,,,,,,,,,,,,,,,,,,,,,,,,,,,,,,0.1.0,3.11.9,2.5.0,b58b31db18364511c43757e27fffc7abce8df2c1,True,missing_empirical,UnsupportedEmpiricalCalibrationError,"no reviewed empirical operator-norm calibration for method=multiproduct, formal_order=18, model=transverse_field_ising, parameters={'coupling': 1.0, 'field': 3.0, 'periodic': False}, boundary=open, partition=None, schedule='new', formula='ordered-individual-pauli-strang-mpf-v1'"
1.0,transverse_field_ising:N072,-3.2,commutator,,9.0,13799.0,2.0,a8fa234e-a646-4911-8402-a67c302db4ae,2026-08-12T00:11:58.358108+00:00,c1ad72de628f71283ac69037e9bbe97c3e773952f5abde5eac91397ca322d1a6,resource-grid,transverse_field_ising,TFIM-72,"{""coupling"":1.0,""field"":3.0,""periodic"":false}",72,72.0,proportional,1.0,0.000630957344480193,287.0,143,mpf-j-mizuta2026-theorem6-mizuta2026-commutator-ideal-rigorous,multiproduct,MPF J=Mizuta Theorem 6 (resolved per point) [Mizuta 2026 refined commutator],mizuta2026-commutator-ideal-rigorous,analytical,,9.0,18.0,mizuta2026-theorem6,5.000000000000001,0.0005678616100321737,13799.0,13799.0,,10221.0,"[""error""]",35.486637932635084,18.0,,,4.10871318257683e-08,7.065133060520022e-16,7.367713812060983e-20,7.064396289138815e-16,7.065133060520022e-16,4.108713253228161e-08,0.0005672828548021461,1.7287176516619422e-05,False,0.007044905197121786,"[1.0000000000000002,1.0000000000000002,1.0000000000000002,1.0000000000000002,1.0000000000000002,1.0000000000000002,1.0000000000000002,1.0000000000000002,1.0000000000000002,1.0000000000000002,1.0000000000000002,1.0000000000000002,1.0000000000000002,1.0000000000000002,1.0000000000000002,1.0000000000000002,1.0000000000000002,1.0000000000000002,1.0000000000000002,1.0000000000000002,1.0000000000000002,1.0000000000000002,1.0000000000000002,1.0000000000000002,1.0000000000000002,1.0000000000000002,1.0000000000000002,1.0000000000000002,1.0000000000000002,1.0000000000000002,1.0000000000000002,1.0000000000000002,1.0000000000000002,1.0000000000000002,1.0000000000000002,1.0000000000000002,1.0000000000000002,1.0000000000000002,1.0000000000000002,1.0000000000000002,1.0000000000000002,1.0000000000000002,1.0000000000000002,1.0000000000000002,1.0000000000000002,1.0000000000000002,1.0000000000000002,1.0000000000000002,1.0000000000000002,1.0000000000000002,1.0000000000000002,1.0000000000000002,1.0000000000000002,1.0000000000000002,1.0000000000000002,1.0000000000000002,1.0000000000000002,1.0000000000000002,1.0000000000000002,1.0000000000000002,1.0000000000000002,1.0000000000000002,1.0000000000000002,1.0000000000000002,1.0000000000000002,1.0000000000000002,1.0000000000000002,1.0000000000000002,1.0000000000000002,1.0000000000000002,1.0000000000000002,1.0000000000000002,1.0000000000000002,1.0000000000000002,1.0000000000000002,1.0000000000000002,1.0000000000000002,1.0000000000000002,1.0000000000000002,1.0000000000000002,1.0000000000000002,1.0000000000000002,1.0000000000000002,1.0000000000000002,1.0000000000000002,1.0000000000000002,1.0000000000000002,1.0000000000000002,1.0000000000000002,1.0000000000000002,1.0000000000000002,1.0000000000000002,1.0000000000000002,1.0000000000000002,1.0000000000000002,1.0000000000000002,1.0000000000000002,1.0000000000000002,1.0000000000000002,1.0000000000000002,1.0000000000000002,1.0000000000000002,1.0000000000000002,1.0000000000000002,1.0000000000000002,1.0000000000000002,1.0000000000000002,1.0000000000000002,1.0000000000000002,1.0000000000000002,1.0000000000000002,1.0000000000000002,1.0000000000000002,1.0000000000000002,1.0000000000000002,1.0000000000000002,1.0000000000000002,1.0000000000000002,1.0000000000000002,1.0000000000000002,1.0000000000000002,1.0000000000000002,1.0000000000000002,1.0000000000000002,1.0000000000000002,1.0000000000000002,1.0000000000000002,1.0000000000000002,1.0000000000000002,1.0000000000000002,1.0000000000000002,1.0000000000000002,1.0000000000000002,1.0000000000000002,1.0000000000000002,1.0000000000000002,1.0000000000000002,1.0000000000000002,1.0000000000000002,1.0000000000000002,1.0000000000000002,1.0000000000000002,1.0000000000000002]",5.0000000000000036,18.0,False,,not-used,commutator,mizuta2026-commutator-ideal-rigorous,[],3311760.0,,,,0.0005672828548021461,9.582814284114874e+35,mizuta2026-commutator-ideal-rigorous,"Mizuta, Quantum 10, 1974 (2026), arXiv:2507.06557v4","Theorem 4, Eqs. (47)--(49), with direct Lemmas 9--10 BCH remainder","{""error_predicate_satisfied"":1.0,""extensiveness_g"":5.000000000000001,""joint_predicate_satisfied"":1.0,""legacy_first_condition_passed"":0.0,""legacy_first_time_limit"":1.7287176516619422e-05,""local_commutator_error"":4.10871318257683e-08,""local_step_error"":4.108713253228161e-08,""local_truncated_bch_error"":7.065133060520022e-16,""locality_k"":2.0,""mu_upper"":35.486637932635084,""refined_lemma10_remainder"":7.064396289138815e-16,""refined_lemma9_remainder"":7.367713812060983e-20,""refined_tail_fallback"":0.0,""repeated_global_error"":0.0005672828548021461,""schedule_weighted_extensiveness"":5.0000000000000036,""second_time_limit"":0.007044905197121786,""time_2_predicate_satisfied"":1.0,""total_branchwise_bch_remainder"":7.065133060520022e-16,""truncation_order_p0"":18.0}",True,ideal-mpf,True,ordered individual Pauli terms,"[""individual Pauli summands define the ordered H_gamma decomposition"",""the actual Strang factors define schedule-weighted g_alpha extensiveness"",""Lemma 9 and Lemma 10 positive majorants directly certify the BCH remainder"",""the scalar-flow/Cauchy refined tail certificate is used"",""Theorem 4 second time hypothesis is satisfied"",""the repeated ideal MPF is composed with the Eq. (15) telescoping argument""]",,18.0,18.0,True,False,"{""2"":1704.0000000000016,""3"":27216.00000000004,""4"":352992.0000000008,""5"":5638464.000000017,""6"":77007360.0000003,""7"":1230183936.0000057,""8"":17379351552.00009,""9"":277660099584.00165,""10"":4013367508992.027,""11"":64125048397824.48,""12"":941929898999815.6,""13"":1.5051227707441284e+16,""14"":2.2371433013969107e+17,""15"":3.57501156198112e+18,""16"":5.361671830269178e+19,""17"":8.568609591565408e+20,""18"":1.2941659397334411e+22}",repeated-shared-ancilla-good-block,True,False,0.0005678616100321737,new,"[1,2,3,4,5,6,8,14,37]","[1.967691252631999e-13,-3.445506091008736e-08,2.544222523112307e-05,-0.0016199636587070087,0.021324279661958864,-0.07100801545469856,0.14994672471728007,-0.4079534241993221,1.3092849911631212]",1.9611628755355768,0.03883712446442322,80.0,registered-exact,True,9.0,4.0,2.0,5.0,11.0,5.0,6.0,3.0,2.0,3.0,2.0,one robust OAA round per segment,13799.0,branch register all-zero,,79.0,1888945110.0,1586885.0,-1.0,264458662940.0,2835869449.0,analytical-model,6.30957344480193e-05,,,,,,,,,,,,0.1.0,3.11.9,2.5.0,b58b31db18364511c43757e27fffc7abce8df2c1,True,ok,,
1.0,transverse_field_ising:N072,-3.3,commutator,906468.0,,,2.0,a8fa234e-a646-4911-8402-a67c302db4ae,2026-08-12T00:11:58.358108+00:00,c1ad72de628f71283ac69037e9bbe97c3e773952f5abde5eac91397ca322d1a6,resource-grid,transverse_field_ising,TFIM-72,"{""coupling"":1.0,""field"":3.0,""periodic"":false}",72,72.0,proportional,1.0,0.0005011872336272725,287.0,143,trotter-p2,trotter,Trotter p=2,analytical,analytical,2.0,,,,,,906468.0,,,,,,,,,,,,,,,,,,,,,,,,,,,,,,individual,143.0,0.0004510677559600184,993.0,childs-commutator,"Childs, Su, Tran, Wiebe, and Zhu, arXiv:1912.08854",Propositions 9--10,"{""prefactor"":993.0}",True,implemented-product-formula,True,,"[""the resolved ordered Hamiltonian groups match the implemented formula""]",,,,,,,implemented-product-formula,True,True,0.0004510685102645453,,,,,,,,,,,,,,,,,,,1.0,none,0.0,system register,1.0,72.0,258343380.0,0.0,-1.0,34359669540.0,256536783.0,analytical-model,5.011872336272726e-05,,,,,,,,,,,,0.1.0,3.11.9,2.5.0,b58b31db18364511c43757e27fffc7abce8df2c1,True,ok,,
1.0,transverse_field_ising:N072,-3.3,empirical,238587.0,,,2.0,a8fa234e-a646-4911-8402-a67c302db4ae,2026-08-12T00:11:58.358108+00:00,c1ad72de628f71283ac69037e9bbe97c3e773952f5abde5eac91397ca322d1a6,resource-grid,transverse_field_ising,TFIM-72,"{""coupling"":1.0,""field"":3.0,""periodic"":false}",72,72.0,proportional,1.0,0.0005011872336272725,287.0,143,trotter-p2-empirical,trotter,Trotter p=2 [empirical],empirical-operator-norm,empirical,2.0,,,,,,238587.0,,,,,,,,,,,,,,,,,,,,,,,,,,,,,,individual,143.0,0.00045106638433618903,68.7917766697,empirical-operator-norm,Repository empirical operator-norm calibration study v1 (2026-08-10),reviewed calibration opnorm-v1-tfim-open-trotter-p2; artifact docs/calibration_data/empirical_1d_v1_accepted.json,"{""prefactor"":68.7917766697}",False,implemented-product-formula,False,,"[""the resolved ordered Hamiltonian groups match the implemented formula"",""the fixed formal-order powers in time and segments apply"",""the reviewed affine size calibration extrapolates as flagged""]",,,,,,,implemented-product-formula,False,False,0.0004510685102645453,,,,,,,,,,,,,,,,,,,1.0,none,0.0,system register,1.0,72.0,67997295.0,0.0,-1.0,8635656465.0,67521790.0,analytical-model,5.011872336272726e-05,opnorm-v1-tfim-open-trotter-p2,transverse_field_ising,affine-aN-plus-b,68.7917766697,4.0,12.0,4.0,12.0,True,True,formula,0.1.0,3.11.9,2.5.0,b58b31db18364511c43757e27fffc7abce8df2c1,True,ok,,
1.0,transverse_field_ising:N072,-3.3,commutator,16904.0,,,2.0,a8fa234e-a646-4911-8402-a67c302db4ae,2026-08-12T00:11:58.358108+00:00,c1ad72de628f71283ac69037e9bbe97c3e773952f5abde5eac91397ca322d1a6,resource-grid,transverse_field_ising,TFIM-72,"{""coupling"":1.0,""field"":3.0,""periodic"":false}",72,72.0,proportional,1.0,0.0005011872336272725,287.0,143,trotter-p4,trotter,Trotter p=4,analytical,analytical,4.0,,,,,,16904.0,,,,,,,,,,,,,,,,,,,,,,,,,,,,,,commuting,2.0,0.00045103151894198385,19032.785200508108,schubert-mendl-commutator,"Schubert and Mendl, arXiv:2306.10603",Theorem 1,"{""prefactor"":19032.785200508108}",True,implemented-product-formula,True,,"[""the resolved ordered Hamiltonian groups match the implemented formula""]",,,,,,,implemented-product-formula,True,True,0.0004510685102645453,,,,,,,,,,,,,,,,,,,1.0,none,0.0,system register,1.0,72.0,18171800.0,0.0,-1.0,2198787800.0,18044725.0,analytical-model,5.011872336272726e-05,,,,,,,,,,,,0.1.0,3.11.9,2.5.0,b58b31db18364511c43757e27fffc7abce8df2c1,True,ok,,
1.0,transverse_field_ising:N072,-3.3,empirical,3376.0,,,2.0,a8fa234e-a646-4911-8402-a67c302db4ae,2026-08-12T00:11:58.358108+00:00,c1ad72de628f71283ac69037e9bbe97c3e773952f5abde5eac91397ca322d1a6,resource-grid,transverse_field_ising,TFIM-72,"{""coupling"":1.0,""field"":3.0,""periodic"":false}",72,72.0,proportional,1.0,0.0005011872336272725,287.0,143,trotter-p4-empirical,trotter,Trotter p=4 [empirical],empirical-operator-norm,empirical,4.0,,,,,,3376.0,,,,,,,,,,,,,,,,,,,,,,,,,,,,,,commuting,2.0,0.00045073288072168153,30.2598318541,empirical-operator-norm,Repository empirical operator-norm calibration study v1 (2026-08-10),reviewed calibration opnorm-v1-tfim-open-trotter-p4; artifact docs/calibration_data/empirical_1d_v1_accepted.json,"{""prefactor"":30.2598318541}",False,implemented-product-formula,False,,"[""the resolved ordered Hamiltonian groups match the implemented formula"",""the fixed formal-order powers in time and segments apply"",""the reviewed affine size calibration extrapolates as flagged""]",,,,,,,implemented-product-formula,False,False,0.0004510685102645453,,,,,,,,,,,,,,,,,,,1.0,none,0.0,system register,1.0,72.0,3629200.0,0.0,-1.0,413728800.0,3603821.0,analytical-model,5.011872336272726e-05,opnorm-v1-tfim-open-trotter-p4,transverse_field_ising,affine-aN-plus-b,30.2598318541,4.0,12.0,4.0,12.0,True,True,formula,0.1.0,3.11.9,2.5.0,b58b31db18364511c43757e27fffc7abce8df2c1,True,ok,,
1.0,transverse_field_ising:N072,-3.3,commutator,6476.0,,,2.0,a8fa234e-a646-4911-8402-a67c302db4ae,2026-08-12T00:11:58.358108+00:00,c1ad72de628f71283ac69037e9bbe97c3e773952f5abde5eac91397ca322d1a6,resource-grid,transverse_field_ising,TFIM-72,"{""coupling"":1.0,""field"":3.0,""periodic"":false}",72,72.0,proportional,1.0,0.0005011872336272725,287.0,143,trotter-p6,trotter,Trotter p=6,analytical,analytical,6.0,,,,,,6476.0,,,,,,,,,,,,,,,,,,,,,,,,,,,,,,commuting,2.0,0.000450909337993225,3315910.460456222,schubert-mendl-commutator,"Schubert and Mendl, arXiv:2306.10603",Theorem 1,"{""prefactor"":3315910.460456222}",True,implemented-product-formula,True,,"[""the resolved ordered Hamiltonian groups match the implemented formula""]",,,,,,,implemented-product-formula,True,True,0.0004510685102645453,,,,,,,,,,,,,,,,,,,1.0,none,0.0,system register,1.0,72.0,34808500.0,0.0,-1.0,4316254000.0,34565084.0,analytical-model,5.011872336272726e-05,,,,,,,,,,,,0.1.0,3.11.9,2.5.0,b58b31db18364511c43757e27fffc7abce8df2c1,True,ok,,
1.0,transverse_field_ising:N072,-3.3,empirical,576.0,,,2.0,a8fa234e-a646-4911-8402-a67c302db4ae,2026-08-12T00:11:58.358108+00:00,c1ad72de628f71283ac69037e9bbe97c3e773952f5abde5eac91397ca322d1a6,resource-grid,transverse_field_ising,TFIM-72,"{""coupling"":1.0,""field"":3.0,""periodic"":false}",72,72.0,proportional,1.0,0.0005011872336272725,287.0,143,trotter-p6-empirical,trotter,Trotter p=6 [empirical],empirical-operator-norm,empirical,6.0,,,,,,576.0,,,,,,,,,,,,,,,,,,,,,,,,,,,,,,commuting,2.0,0.00013562411157531695,0.4937923209,empirical-operator-norm,Repository empirical operator-norm calibration study v1 (2026-08-10),reviewed calibration opnorm-v1-tfim-open-trotter-p6; artifact docs/calibration_data/empirical_1d_v1_accepted.json,"{""prefactor"":0.4937923209}",False,implemented-product-formula,False,,"[""the resolved ordered Hamiltonian groups match the implemented formula"",""the fixed formal-order powers in time and segments apply"",""the reviewed affine size calibration extrapolates as flagged""]",,,,,,,implemented-product-formula,False,False,0.0004510685102645453,,,,,,,,,,,,,,,,,,,1.0,none,0.0,system register,1.0,72.0,3096000.0,0.0,-1.0,349848000.0,3074350.0,analytical-model,5.011872336272726e-05,opnorm-v1-tfim-open-trotter-p6,transverse_field_ising,affine-aN-plus-b,0.4937923209,4.0,12.0,4.0,12.0,True,True,asymptotic-domain,0.1.0,3.11.9,2.5.0,b58b31db18364511c43757e27fffc7abce8df2c1,True,ok,,
1.0,transverse_field_ising:N072,-3.3,jacobi-anger,,,,2.0,a8fa234e-a646-4911-8402-a67c302db4ae,2026-08-12T00:11:58.358108+00:00,c1ad72de628f71283ac69037e9bbe97c3e773952f5abde5eac91397ca322d1a6,resource-grid,transverse_field_ising,TFIM-72,"{""coupling"":1.0,""field"":3.0,""periodic"":false}",72,72.0,proportional,1.0,0.0005011872336272725,287.0,143,qsvt,qsvt,QSVT,jacobi-anger-rigorous,analytical,,,,,,,,,,,,,,,,,,,,,,,,,,,,,,,,,,,168543.0,28091.0,,,7.121777309740754e-05,,jacobi-anger-polynomial-oaa,"Martyn et al., arXiv:2105.02859, Eqs. (76)--(77)",Jacobi--Anger tails plus exact cubic OAA identity,"{""oaa-unitarity-defect-distortion"":3.5609837503798745e-05,""scaled-polynomial-error"":3.560793559360879e-05}",True,ideal-qsvt-oaa-good-block,True,,"[""the cosine and sine polynomials are implemented exactly"",""the unamplified good block is exactly Q/2""]",,,,,,,implemented-qsvt-floating-phase-circuit,False,False,0.0004510685102645453,,,,,,,,,,,,,,,,,,,2.0,one robust OAA round,1.0,"component, quadrature, and index registers all-zero",,90.0,86294028.0,195847092.0,-1.0,11829023952.0,1296770598.0,analytical-model,5.011872336272726e-05,,,,,,,,,,,,0.1.0,3.11.9,2.5.0,b58b31db18364511c43757e27fffc7abce8df2c1,True,ok,,
1.0,transverse_field_ising:N072,-3.3,empirical,,9.0,,2.0,a8fa234e-a646-4911-8402-a67c302db4ae,2026-08-12T00:11:58.358108+00:00,c1ad72de628f71283ac69037e9bbe97c3e773952f5abde5eac91397ca322d1a6,resource-grid,transverse_field_ising,TFIM-72,"{""coupling"":1.0,""field"":3.0,""periodic"":false}",72,72.0,proportional,1.0,0.0005011872336272725,287.0,143,mpf-j-mizuta2026-theorem6-empirical-operator-norm,multiproduct,MPF J=Mizuta Theorem 6 (resolved per point) [empirical operator norm],empirical-operator-norm,,,9.0,18.0,mizuta2026-theorem6,5.000000000000001,0.0004510685102645453,,,,,,,,,,,,,,,,,,,,,,,,,,,,,,,,,,,,,,,,,,,,,,,,,,,,,0.0004510685102645453,,,,,,,,,,,,,,,,,,,,,,,,,,,,,,,,,,,,,,,,,,,0.1.0,3.11.9,2.5.0,b58b31db18364511c43757e27fffc7abce8df2c1,True,missing_empirical,UnsupportedEmpiricalCalibrationError,"no reviewed empirical operator-norm calibration for method=multiproduct, formal_order=18, model=transverse_field_ising, parameters={'coupling': 1.0, 'field': 3.0, 'periodic': False}, boundary=open, partition=None, schedule='new', formula='ordered-individual-pauli-strang-mpf-v1'"
1.0,transverse_field_ising:N072,-3.3,commutator,,9.0,13976.0,2.0,a8fa234e-a646-4911-8402-a67c302db4ae,2026-08-12T00:11:58.358108+00:00,c1ad72de628f71283ac69037e9bbe97c3e773952f5abde5eac91397ca322d1a6,resource-grid,transverse_field_ising,TFIM-72,"{""coupling"":1.0,""field"":3.0,""periodic"":false}",72,72.0,proportional,1.0,0.0005011872336272725,287.0,143,mpf-j-mizuta2026-theorem6-mizuta2026-commutator-ideal-rigorous,multiproduct,MPF J=Mizuta Theorem 6 (resolved per point) [Mizuta 2026 refined commutator],mizuta2026-commutator-ideal-rigorous,analytical,,9.0,18.0,mizuta2026-theorem6,5.000000000000001,0.0004510685102645453,13976.0,13976.0,,10221.0,"[""error""]",35.486637932635084,18.0,,,3.225043346833238e-08,5.489597489952046e-16,6.534390471682422e-20,5.488944050904877e-16,5.489597489952046e-16,3.225043401729214e-08,0.00045093525646681054,1.7287176516619422e-05,False,0.007044905197121786,"[1.0000000000000002,1.0000000000000002,1.0000000000000002,1.0000000000000002,1.0000000000000002,1.0000000000000002,1.0000000000000002,1.0000000000000002,1.0000000000000002,1.0000000000000002,1.0000000000000002,1.0000000000000002,1.0000000000000002,1.0000000000000002,1.0000000000000002,1.0000000000000002,1.0000000000000002,1.0000000000000002,1.0000000000000002,1.0000000000000002,1.0000000000000002,1.0000000000000002,1.0000000000000002,1.0000000000000002,1.0000000000000002,1.0000000000000002,1.0000000000000002,1.0000000000000002,1.0000000000000002,1.0000000000000002,1.0000000000000002,1.0000000000000002,1.0000000000000002,1.0000000000000002,1.0000000000000002,1.0000000000000002,1.0000000000000002,1.0000000000000002,1.0000000000000002,1.0000000000000002,1.0000000000000002,1.0000000000000002,1.0000000000000002,1.0000000000000002,1.0000000000000002,1.0000000000000002,1.0000000000000002,1.0000000000000002,1.0000000000000002,1.0000000000000002,1.0000000000000002,1.0000000000000002,1.0000000000000002,1.0000000000000002,1.0000000000000002,1.0000000000000002,1.0000000000000002,1.0000000000000002,1.0000000000000002,1.0000000000000002,1.0000000000000002,1.0000000000000002,1.0000000000000002,1.0000000000000002,1.0000000000000002,1.0000000000000002,1.0000000000000002,1.0000000000000002,1.0000000000000002,1.0000000000000002,1.0000000000000002,1.0000000000000002,1.0000000000000002,1.0000000000000002,1.0000000000000002,1.0000000000000002,1.0000000000000002,1.0000000000000002,1.0000000000000002,1.0000000000000002,1.0000000000000002,1.0000000000000002,1.0000000000000002,1.0000000000000002,1.0000000000000002,1.0000000000000002,1.0000000000000002,1.0000000000000002,1.0000000000000002,1.0000000000000002,1.0000000000000002,1.0000000000000002,1.0000000000000002,1.0000000000000002,1.0000000000000002,1.0000000000000002,1.0000000000000002,1.0000000000000002,1.0000000000000002,1.0000000000000002,1.0000000000000002,1.0000000000000002,1.0000000000000002,1.0000000000000002,1.0000000000000002,1.0000000000000002,1.0000000000000002,1.0000000000000002,1.0000000000000002,1.0000000000000002,1.0000000000000002,1.0000000000000002,1.0000000000000002,1.0000000000000002,1.0000000000000002,1.0000000000000002,1.0000000000000002,1.0000000000000002,1.0000000000000002,1.0000000000000002,1.0000000000000002,1.0000000000000002,1.0000000000000002,1.0000000000000002,1.0000000000000002,1.0000000000000002,1.0000000000000002,1.0000000000000002,1.0000000000000002,1.0000000000000002,1.0000000000000002,1.0000000000000002,1.0000000000000002,1.0000000000000002,1.0000000000000002,1.0000000000000002,1.0000000000000002,1.0000000000000002,1.0000000000000002,1.0000000000000002,1.0000000000000002,1.0000000000000002,1.0000000000000002]",5.0000000000000036,18.0,False,,not-used,commutator,mizuta2026-commutator-ideal-rigorous,[],3354240.0,,,,0.00045093525646681054,9.582814284114874e+35,mizuta2026-commutator-ideal-rigorous,"Mizuta, Quantum 10, 1974 (2026), arXiv:2507.06557v4","Theorem 4, Eqs. (47)--(49), with direct Lemmas 9--10 BCH remainder","{""error_predicate_satisfied"":1.0,""extensiveness_g"":5.000000000000001,""joint_predicate_satisfied"":1.0,""legacy_first_condition_passed"":0.0,""legacy_first_time_limit"":1.7287176516619422e-05,""local_commutator_error"":3.225043346833238e-08,""local_step_error"":3.225043401729214e-08,""local_truncated_bch_error"":5.489597489952046e-16,""locality_k"":2.0,""mu_upper"":35.486637932635084,""refined_lemma10_remainder"":5.488944050904877e-16,""refined_lemma9_remainder"":6.534390471682422e-20,""refined_tail_fallback"":0.0,""repeated_global_error"":0.00045093525646681054,""schedule_weighted_extensiveness"":5.0000000000000036,""second_time_limit"":0.007044905197121786,""time_2_predicate_satisfied"":1.0,""total_branchwise_bch_remainder"":5.489597489952046e-16,""truncation_order_p0"":18.0}",True,ideal-mpf,True,ordered individual Pauli terms,"[""individual Pauli summands define the ordered H_gamma decomposition"",""the actual Strang factors define schedule-weighted g_alpha extensiveness"",""Lemma 9 and Lemma 10 positive majorants directly certify the BCH remainder"",""the scalar-flow/Cauchy refined tail certificate is used"",""Theorem 4 second time hypothesis is satisfied"",""the repeated ideal MPF is composed with the Eq. (15) telescoping argument""]",,18.0,18.0,True,False,"{""2"":1704.0000000000016,""3"":27216.00000000004,""4"":352992.0000000008,""5"":5638464.000000017,""6"":77007360.0000003,""7"":1230183936.0000057,""8"":17379351552.00009,""9"":277660099584.00165,""10"":4013367508992.027,""11"":64125048397824.48,""12"":941929898999815.6,""13"":1.5051227707441284e+16,""14"":2.2371433013969107e+17,""15"":3.57501156198112e+18,""16"":5.361671830269178e+19,""17"":8.568609591565408e+20,""18"":1.2941659397334411e+22}",repeated-shared-ancilla-good-block,True,False,0.0004510685102645453,new,"[1,2,3,4,5,6,8,14,37]","[1.967691252631999e-13,-3.445506091008736e-08,2.544222523112307e-05,-0.0016199636587070087,0.021324279661958864,-0.07100801545469856,0.14994672471728007,-0.4079534241993221,1.3092849911631212]",1.9611628755355768,0.03883712446442322,80.0,registered-exact,True,9.0,4.0,2.0,5.0,11.0,5.0,6.0,3.0,2.0,3.0,2.0,one robust OAA round per segment,13976.0,branch register all-zero,,79.0,1913174640.0,1607240.0,-1.0,269764053200.0,2872245193.0,analytical-model,5.011872336272726e-05,,,,,,,,,,,,0.1.0,3.11.9,2.5.0,b58b31db18364511c43757e27fffc7abce8df2c1,True,ok,,
1.0,transverse_field_ising:N072,-3.4,commutator,1017073.0,,,2.0,a8fa234e-a646-4911-8402-a67c302db4ae,2026-08-12T00:11:58.358108+00:00,c1ad72de628f71283ac69037e9bbe97c3e773952f5abde5eac91397ca322d1a6,resource-grid,transverse_field_ising,TFIM-72,"{""coupling"":1.0,""field"":3.0,""periodic"":false}",72,72.0,proportional,1.0,0.00039810717055349735,287.0,143,trotter-p2,trotter,Trotter p=2,analytical,analytical,2.0,,,,,,1017073.0,,,,,,,,,,,,,,,,,,,,,,,,,,,,,,individual,143.0,0.00035829643505767546,993.0,childs-commutator,"Childs, Su, Tran, Wiebe, and Zhu, arXiv:1912.08854",Propositions 9--10,"{""prefactor"":993.0}",True,implemented-product-formula,True,,"[""the resolved ordered Hamiltonian groups match the implemented formula""]",,,,,,,implemented-product-formula,True,True,0.00035829645349814764,,,,,,,,,,,,,,,,,,,1.0,none,0.0,system register,1.0,72.0,289865805.0,0.0,-1.0,38842017870.0,287838772.0,analytical-model,3.9810717055349735e-05,,,,,,,,,,,,0.1.0,3.11.9,2.5.0,b58b31db18364511c43757e27fffc7abce8df2c1,True,ok,,
1.0,transverse_field_ising:N072,-3.4,empirical,267699.0,,,2.0,a8fa234e-a646-4911-8402-a67c302db4ae,2026-08-12T00:11:58.358108+00:00,c1ad72de628f71283ac69037e9bbe97c3e773952f5abde5eac91397ca322d1a6,resource-grid,transverse_field_ising,TFIM-72,"{""coupling"":1.0,""field"":3.0,""periodic"":false}",72,72.0,proportional,1.0,0.00039810717055349735,287.0,143,trotter-p2-empirical,trotter,Trotter p=2 [empirical],empirical-operator-norm,empirical,2.0,,,,,,267699.0,,,,,,,,,,,,,,,,,,,,,,,,,,,,,,individual,143.0,0.00035829481020331676,68.7917766697,empirical-operator-norm,Repository empirical operator-norm calibration study v1 (2026-08-10),reviewed calibration opnorm-v1-tfim-open-trotter-p2; artifact docs/calibration_data/empirical_1d_v1_accepted.json,"{""prefactor"":68.7917766697}",False,implemented-product-formula,False,,"[""the resolved ordered Hamiltonian groups match the implemented formula"",""the fixed formal-order powers in time and segments apply"",""the reviewed affine size calibration extrapolates as flagged""]",,,,,,,implemented-product-formula,False,False,0.00035829645349814764,,,,,,,,,,,,,,,,,,,1.0,none,0.0,system register,1.0,72.0,76294215.0,0.0,-1.0,9765659520.0,75760690.0,analytical-model,3.9810717055349735e-05,opnorm-v1-tfim-open-trotter-p2,transverse_field_ising,affine-aN-plus-b,68.7917766697,4.0,12.0,4.0,12.0,True,True,formula,0.1.0,3.11.9,2.5.0,b58b31db18364511c43757e27fffc7abce8df2c1,True,ok,,
1.0,transverse_field_ising:N072,-3.4,commutator,17906.0,,,2.0,a8fa234e-a646-4911-8402-a67c302db4ae,2026-08-12T00:11:58.358108+00:00,c1ad72de628f71283ac69037e9bbe97c3e773952f5abde5eac91397ca322d1a6,resource-grid,transverse_field_ising,TFIM-72,"{""coupling"":1.0,""field"":3.0,""periodic"":false}",72,72.0,proportional,1.0,0.00039810717055349735,287.0,143,trotter-p4,trotter,Trotter p=4,analytical,analytical,4.0,,,,,,17906.0,,,,,,,,,,,,,,,,,,,,,,,,,,,,,,commuting,2.0,0.0003582370564997277,19032.785200508108,schubert-mendl-commutator,"Schubert and Mendl, arXiv:2306.10603",Theorem 1,"{""prefactor"":19032.785200508108}",True,implemented-product-formula,True,,"[""the resolved ordered Hamiltonian groups match the implemented formula""]",,,,,,,implemented-product-formula,True,True,0.00035829645349814764,,,,,,,,,,,,,,,,,,,1.0,none,0.0,system register,1.0,72.0,19248950.0,0.0,-1.0,2348371900.0,19114342.0,analytical-model,3.9810717055349735e-05,,,,,,,,,,,,0.1.0,3.11.9,2.5.0,b58b31db18364511c43757e27fffc7abce8df2c1,True,ok,,
1.0,transverse_field_ising:N072,-3.4,empirical,3576.0,,,2.0,a8fa234e-a646-4911-8402-a67c302db4ae,2026-08-12T00:11:58.358108+00:00,c1ad72de628f71283ac69037e9bbe97c3e773952f5abde5eac91397ca322d1a6,resource-grid,transverse_field_ising,TFIM-72,"{""coupling"":1.0,""field"":3.0,""periodic"":false}",72,72.0,proportional,1.0,0.00039810717055349735,287.0,143,trotter-p4-empirical,trotter,Trotter p=4 [empirical],empirical-operator-norm,empirical,4.0,,,,,,3576.0,,,,,,,,,,,,,,,,,,,,,,,,,,,,,,commuting,2.0,0.0003580461037416991,30.2598318541,empirical-operator-norm,Repository empirical operator-norm calibration study v1 (2026-08-10),reviewed calibration opnorm-v1-tfim-open-trotter-p4; artifact docs/calibration_data/empirical_1d_v1_accepted.json,"{""prefactor"":30.2598318541}",False,implemented-product-formula,False,,"[""the resolved ordered Hamiltonian groups match the implemented formula"",""the fixed formal-order powers in time and segments apply"",""the reviewed affine size calibration extrapolates as flagged""]",,,,,,,implemented-product-formula,False,False,0.00035829645349814764,,,,,,,,,,,,,,,,,,,1.0,none,0.0,system register,1.0,72.0,3844200.0,0.0,-1.0,442083000.0,3817318.0,analytical-model,3.9810717055349735e-05,opnorm-v1-tfim-open-trotter-p4,transverse_field_ising,affine-aN-plus-b,30.2598318541,4.0,12.0,4.0,12.0,True,True,formula,0.1.0,3.11.9,2.5.0,b58b31db18364511c43757e27fffc7abce8df2c1,True,ok,,
1.0,transverse_field_ising:N072,-3.4,commutator,6729.0,,,2.0,a8fa234e-a646-4911-8402-a67c302db4ae,2026-08-12T00:11:58.358108+00:00,c1ad72de628f71283ac69037e9bbe97c3e773952f5abde5eac91397ca322d1a6,resource-grid,transverse_field_ising,TFIM-72,"{""coupling"":1.0,""field"":3.0,""periodic"":false}",72,72.0,proportional,1.0,0.00039810717055349735,287.0,143,trotter-p6,trotter,Trotter p=6,analytical,analytical,6.0,,,,,,6729.0,,,,,,,,,,,,,,,,,,,,,,,,,,,,,,commuting,2.0,0.00035828374079863417,3315910.460456222,schubert-mendl-commutator,"Schubert and Mendl, arXiv:2306.10603",Theorem 1,"{""prefactor"":3315910.460456222}",True,implemented-product-formula,True,,"[""the resolved ordered Hamiltonian groups match the implemented formula""]",,,,,,,implemented-product-formula,True,True,0.00035829645349814764,,,,,,,,,,,,,,,,,,,1.0,none,0.0,system register,1.0,72.0,36168375.0,0.0,-1.0,4521046875.0,35915450.0,analytical-model,3.9810717055349735e-05,,,,,,,,,,,,0.1.0,3.11.9,2.5.0,b58b31db18364511c43757e27fffc7abce8df2c1,True,ok,,
1.0,transverse_field_ising:N072,-3.4,empirical,576.0,,,2.0,a8fa234e-a646-4911-8402-a67c302db4ae,2026-08-12T00:11:58.358108+00:00,c1ad72de628f71283ac69037e9bbe97c3e773952f5abde5eac91397ca322d1a6,resource-grid,transverse_field_ising,TFIM-72,"{""coupling"":1.0,""field"":3.0,""periodic"":false}",72,72.0,proportional,1.0,0.00039810717055349735,287.0,143,trotter-p6-empirical,trotter,Trotter p=6 [empirical],empirical-operator-norm,empirical,6.0,,,,,,576.0,,,,,,,,,,,,,,,,,,,,,,,,,,,,,,commuting,2.0,0.00013562411157531695,0.4937923209,empirical-operator-norm,Repository empirical operator-norm calibration study v1 (2026-08-10),reviewed calibration opnorm-v1-tfim-open-trotter-p6; artifact docs/calibration_data/empirical_1d_v1_accepted.json,"{""prefactor"":0.4937923209}",False,implemented-product-formula,False,,"[""the resolved ordered Hamiltonian groups match the implemented formula"",""the fixed formal-order powers in time and segments apply"",""the reviewed affine size calibration extrapolates as flagged""]",,,,,,,implemented-product-formula,False,False,0.00035829645349814764,,,,,,,,,,,,,,,,,,,1.0,none,0.0,system register,1.0,72.0,3096000.0,0.0,-1.0,352944000.0,3074350.0,analytical-model,3.9810717055349735e-05,opnorm-v1-tfim-open-trotter-p6,transverse_field_ising,affine-aN-plus-b,0.4937923209,4.0,12.0,4.0,12.0,True,True,asymptotic-domain,0.1.0,3.11.9,2.5.0,b58b31db18364511c43757e27fffc7abce8df2c1,True,ok,,
1.0,transverse_field_ising:N072,-3.4,jacobi-anger,,,,2.0,a8fa234e-a646-4911-8402-a67c302db4ae,2026-08-12T00:11:58.358108+00:00,c1ad72de628f71283ac69037e9bbe97c3e773952f5abde5eac91397ca322d1a6,resource-grid,transverse_field_ising,TFIM-72,"{""coupling"":1.0,""field"":3.0,""periodic"":false}",72,72.0,proportional,1.0,0.00039810717055349735,287.0,143,qsvt,qsvt,QSVT,jacobi-anger-rigorous,analytical,,,,,,,,,,,,,,,,,,,,,,,,,,,,,,,,,,,168543.0,28091.0,,,6.090936479938645e-05,,jacobi-anger-polynomial-oaa,"Martyn et al., arXiv:2105.02859, Eqs. (76)--(77)",Jacobi--Anger tails plus exact cubic OAA identity,"{""oaa-unitarity-defect-distortion"":3.045537799073873e-05,""scaled-polynomial-error"":3.0453986808647716e-05}",True,ideal-qsvt-oaa-good-block,True,,"[""the cosine and sine polynomials are implemented exactly"",""the unamplified good block is exactly Q/2""]",,,,,,,implemented-qsvt-floating-phase-circuit,False,False,0.00035829645349814764,,,,,,,,,,,,,,,,,,,2.0,one robust OAA round,1.0,"component, quadrature, and index registers all-zero",,90.0,86294028.0,195847092.0,-1.0,11915317980.0,1296770598.0,analytical-model,3.9810717055349735e-05,,,,,,,,,,,,0.1.0,3.11.9,2.5.0,b58b31db18364511c43757e27fffc7abce8df2c1,True,ok,,
1.0,transverse_field_ising:N072,-3.4,empirical,,10.0,,2.0,a8fa234e-a646-4911-8402-a67c302db4ae,2026-08-12T00:11:58.358108+00:00,c1ad72de628f71283ac69037e9bbe97c3e773952f5abde5eac91397ca322d1a6,resource-grid,transverse_field_ising,TFIM-72,"{""coupling"":1.0,""field"":3.0,""periodic"":false}",72,72.0,proportional,1.0,0.00039810717055349735,287.0,143,mpf-j-mizuta2026-theorem6-empirical-operator-norm,multiproduct,MPF J=Mizuta Theorem 6 (resolved per point) [empirical operator norm],empirical-operator-norm,,,10.0,20.0,mizuta2026-theorem6,5.000000000000001,0.00035829645349814764,,,,,,,,,,,,,,,,,,,,,,,,,,,,,,,,,,,,,,,,,,,,,,,,,,,,,0.00035829645349814764,,,,,,,,,,,,,,,,,,,,,,,,,,,,,,,,,,,,,,,,,,,0.1.0,3.11.9,2.5.0,b58b31db18364511c43757e27fffc7abce8df2c1,True,missing_empirical,UnsupportedEmpiricalCalibrationError,"no reviewed empirical operator-norm calibration for method=multiproduct, formal_order=20, model=transverse_field_ising, parameters={'coupling': 1.0, 'field': 3.0, 'periodic': False}, boundary=open, partition=None, schedule='new', formula='ordered-individual-pauli-strang-mpf-v1'"
1.0,transverse_field_ising:N072,-3.4,commutator,,10.0,12785.0,2.0,a8fa234e-a646-4911-8402-a67c302db4ae,2026-08-12T00:11:58.358108+00:00,c1ad72de628f71283ac69037e9bbe97c3e773952f5abde5eac91397ca322d1a6,resource-grid,transverse_field_ising,TFIM-72,"{""coupling"":1.0,""field"":3.0,""periodic"":false}",72,72.0,proportional,1.0,0.00039810717055349735,287.0,143,mpf-j-mizuta2026-theorem6-mizuta2026-commutator-ideal-rigorous,multiproduct,MPF J=Mizuta Theorem 6 (resolved per point) [Mizuta 2026 refined commutator],mizuta2026-commutator-ideal-rigorous,analytical,,10.0,20.0,mizuta2026-theorem6,5.000000000000001,0.00035829645349814764,12785.0,12785.0,,10221.0,"[""error""]",35.48664801303001,20.0,,,2.797480573121169e-08,9.867675914979612e-16,4.490476951064679e-16,5.37719896391493e-16,9.867675914979612e-16,2.7974806717979284e-08,0.00035778583593317983,1.555845886495748e-05,False,0.007044903195934562,"[1.0000000000000002,1.0000000000000002,1.0000000000000002,1.0000000000000002,1.0000000000000002,1.0000000000000002,1.0000000000000002,1.0000000000000002,1.0000000000000002,1.0000000000000002,1.0000000000000002,1.0000000000000002,1.0000000000000002,1.0000000000000002,1.0000000000000002,1.0000000000000002,1.0000000000000002,1.0000000000000002,1.0000000000000002,1.0000000000000002,1.0000000000000002,1.0000000000000002,1.0000000000000002,1.0000000000000002,1.0000000000000002,1.0000000000000002,1.0000000000000002,1.0000000000000002,1.0000000000000002,1.0000000000000002,1.0000000000000002,1.0000000000000002,1.0000000000000002,1.0000000000000002,1.0000000000000002,1.0000000000000002,1.0000000000000002,1.0000000000000002,1.0000000000000002,1.0000000000000002,1.0000000000000002,1.0000000000000002,1.0000000000000002,1.0000000000000002,1.0000000000000002,1.0000000000000002,1.0000000000000002,1.0000000000000002,1.0000000000000002,1.0000000000000002,1.0000000000000002,1.0000000000000002,1.0000000000000002,1.0000000000000002,1.0000000000000002,1.0000000000000002,1.0000000000000002,1.0000000000000002,1.0000000000000002,1.0000000000000002,1.0000000000000002,1.0000000000000002,1.0000000000000002,1.0000000000000002,1.0000000000000002,1.0000000000000002,1.0000000000000002,1.0000000000000002,1.0000000000000002,1.0000000000000002,1.0000000000000002,1.0000000000000002,1.0000000000000002,1.0000000000000002,1.0000000000000002,1.0000000000000002,1.0000000000000002,1.0000000000000002,1.0000000000000002,1.0000000000000002,1.0000000000000002,1.0000000000000002,1.0000000000000002,1.0000000000000002,1.0000000000000002,1.0000000000000002,1.0000000000000002,1.0000000000000002,1.0000000000000002,1.0000000000000002,1.0000000000000002,1.0000000000000002,1.0000000000000002,1.0000000000000002,1.0000000000000002,1.0000000000000002,1.0000000000000002,1.0000000000000002,1.0000000000000002,1.0000000000000002,1.0000000000000002,1.0000000000000002,1.0000000000000002,1.0000000000000002,1.0000000000000002,1.0000000000000002,1.0000000000000002,1.0000000000000002,1.0000000000000002,1.0000000000000002,1.0000000000000002,1.0000000000000002,1.0000000000000002,1.0000000000000002,1.0000000000000002,1.0000000000000002,1.0000000000000002,1.0000000000000002,1.0000000000000002,1.0000000000000002,1.0000000000000002,1.0000000000000002,1.0000000000000002,1.0000000000000002,1.0000000000000002,1.0000000000000002,1.0000000000000002,1.0000000000000002,1.0000000000000002,1.0000000000000002,1.0000000000000002,1.0000000000000002,1.0000000000000002,1.0000000000000002,1.0000000000000002,1.0000000000000002,1.0000000000000002,1.0000000000000002,1.0000000000000002,1.0000000000000002,1.0000000000000002,1.0000000000000002,1.0000000000000002]",5.0000000000000036,20.0,False,,not-used,commutator,mizuta2026-commutator-ideal-rigorous,[],3912210.0,,,,0.00035778583593317983,4.8250301765671435e+39,mizuta2026-commutator-ideal-rigorous,"Mizuta, Quantum 10, 1974 (2026), arXiv:2507.06557v4","Theorem 4, Eqs. (47)--(49), with direct Lemmas 9--10 BCH remainder","{""error_predicate_satisfied"":1.0,""extensiveness_g"":5.000000000000001,""joint_predicate_satisfied"":1.0,""legacy_first_condition_passed"":0.0,""legacy_first_time_limit"":1.555845886495748e-05,""local_commutator_error"":2.797480573121169e-08,""local_step_error"":2.7974806717979284e-08,""local_truncated_bch_error"":9.867675914979612e-16,""locality_k"":2.0,""mu_upper"":35.48664801303001,""refined_lemma10_remainder"":5.37719896391493e-16,""refined_lemma9_remainder"":4.490476951064679e-16,""refined_tail_fallback"":0.0,""repeated_global_error"":0.00035778583593317983,""schedule_weighted_extensiveness"":5.0000000000000036,""second_time_limit"":0.007044903195934562,""time_2_predicate_satisfied"":1.0,""total_branchwise_bch_remainder"":9.867675914979612e-16,""truncation_order_p0"":20.0}",True,ideal-mpf,True,ordered individual Pauli terms,"[""individual Pauli summands define the ordered H_gamma decomposition"",""the actual Strang factors define schedule-weighted g_alpha extensiveness"",""Lemma 9 and Lemma 10 positive majorants directly certify the BCH remainder"",""the scalar-flow/Cauchy refined tail certificate is used"",""Theorem 4 second time hypothesis is satisfied"",""the repeated ideal MPF is composed with the Eq. (15) telescoping argument""]",,20.0,20.0,True,False,"{""2"":1704.0000000000016,""3"":27216.00000000004,""4"":352992.0000000008,""5"":5638464.000000017,""6"":77007360.0000003,""7"":1230183936.0000057,""8"":17379351552.00009,""9"":277660099584.00165,""10"":4013367508992.027,""11"":64125048397824.48,""12"":941929898999815.6,""13"":1.5051227707441284e+16,""14"":2.2371433013969107e+17,""15"":3.57501156198112e+18,""16"":5.361671830269178e+19,""17"":8.568609591565408e+20,""18"":1.2941659397334411e+22,""19"":2.068346456449243e+23,""20"":3.141660676974862e+24}",repeated-shared-ancilla-good-block,True,False,0.00035829645349814764,new,"[1,2,3,4,5,6,7,10,18,46]","[-1.018659142049789e-15,7.422846929019768e-10,-1.3257582359573536e-06,0.00016899488366474386,-0.004245967231050632,0.03062942826404365,-0.06314501886386865,0.12451536167559175,-0.4127707622244733,1.3248492885120446]",1.960326148155259,0.03967385184474104,102.0,registered-exact,True,10.0,5.0,2.0,6.0,12.0,4.0,6.0,3.0,2.0,3.0,2.0,one robust OAA round per segment,12785.0,branch register all-zero,,79.0,2231110350.0,1662050.0,-1.0,319055428250.0,3348444429.0,analytical-model,3.9810717055349735e-05,,,,,,,,,,,,0.1.0,3.11.9,2.5.0,b58b31db18364511c43757e27fffc7abce8df2c1,True,ok,,
1.0,transverse_field_ising:N072,-3.5,commutator,1141175.0,,,2.0,a8fa234e-a646-4911-8402-a67c302db4ae,2026-08-12T00:11:58.358108+00:00,c1ad72de628f71283ac69037e9bbe97c3e773952f5abde5eac91397ca322d1a6,resource-grid,transverse_field_ising,TFIM-72,"{""coupling"":1.0,""field"":3.0,""periodic"":false}",72,72.0,proportional,1.0,0.00031622776601683794,287.0,143,trotter-p2,trotter,Trotter p=2,analytical,analytical,2.0,,,,,,1141175.0,,,,,,,,,,,,,,,,,,,,,,,,,,,,,,individual,143.0,0.000284604812845389,993.0,childs-commutator,"Childs, Su, Tran, Wiebe, and Zhu, arXiv:1912.08854",Propositions 9--10,"{""prefactor"":993.0}",True,implemented-product-formula,True,,"[""the resolved ordered Hamiltonian groups match the implemented formula""]",,,,,,,implemented-product-formula,True,True,0.0002846049894151542,,,,,,,,,,,,,,,,,,,1.0,none,0.0,system register,1.0,72.0,325234875.0,0.0,-1.0,44231943000.0,322960506.0,analytical-model,3.1622776601683795e-05,,,,,,,,,,,,0.1.0,3.11.9,2.5.0,b58b31db18364511c43757e27fffc7abce8df2c1,True,ok,,
1.0,transverse_field_ising:N072,-3.5,empirical,300363.0,,,2.0,a8fa234e-a646-4911-8402-a67c302db4ae,2026-08-12T00:11:58.358108+00:00,c1ad72de628f71283ac69037e9bbe97c3e773952f5abde5eac91397ca322d1a6,resource-grid,transverse_field_ising,TFIM-72,"{""coupling"":1.0,""field"":3.0,""periodic"":false}",72,72.0,proportional,1.0,0.00031622776601683794,287.0,143,trotter-p2-empirical,trotter,Trotter p=2 [empirical],empirical-operator-norm,empirical,2.0,,,,,,300363.0,,,,,,,,,,,,,,,,,,,,,,,,,,,,,,individual,143.0,0.0002846040975995292,68.7917766697,empirical-operator-norm,Repository empirical operator-norm calibration study v1 (2026-08-10),reviewed calibration opnorm-v1-tfim-open-trotter-p2; artifact docs/calibration_data/empirical_1d_v1_accepted.json,"{""prefactor"":68.7917766697}",False,implemented-product-formula,False,,"[""the resolved ordered Hamiltonian groups match the implemented formula"",""the fixed formal-order powers in time and segments apply"",""the reviewed affine size calibration extrapolates as flagged""]",,,,,,,implemented-product-formula,False,False,0.0002846049894151542,,,,,,,,,,,,,,,,,,,1.0,none,0.0,system register,1.0,72.0,85603455.0,0.0,-1.0,11128449150.0,85004830.0,analytical-model,3.1622776601683795e-05,opnorm-v1-tfim-open-trotter-p2,transverse_field_ising,affine-aN-plus-b,68.7917766697,4.0,12.0,4.0,12.0,True,True,formula,0.1.0,3.11.9,2.5.0,b58b31db18364511c43757e27fffc7abce8df2c1,True,ok,,
1.0,transverse_field_ising:N072,-3.5,commutator,18967.0,,,2.0,a8fa234e-a646-4911-8402-a67c302db4ae,2026-08-12T00:11:58.358108+00:00,c1ad72de628f71283ac69037e9bbe97c3e773952f5abde5eac91397ca322d1a6,resource-grid,transverse_field_ising,TFIM-72,"{""coupling"":1.0,""field"":3.0,""periodic"":false}",72,72.0,proportional,1.0,0.00031622776601683794,287.0,143,trotter-p4,trotter,Trotter p=4,analytical,analytical,4.0,,,,,,18967.0,,,,,,,,,,,,,,,,,,,,,,,,,,,,,,commuting,2.0,0.00028455764085261084,19032.785200508108,schubert-mendl-commutator,"Schubert and Mendl, arXiv:2306.10603",Theorem 1,"{""prefactor"":19032.785200508108}",True,implemented-product-formula,True,,"[""the resolved ordered Hamiltonian groups match the implemented formula""]",,,,,,,implemented-product-formula,True,True,0.0002846049894151542,,,,,,,,,,,,,,,,,,,1.0,none,0.0,system register,1.0,72.0,20389525.0,0.0,-1.0,2507911575.0,20246941.0,analytical-model,3.1622776601683795e-05,,,,,,,,,,,,0.1.0,3.11.9,2.5.0,b58b31db18364511c43757e27fffc7abce8df2c1,True,ok,,
1.0,transverse_field_ising:N072,-3.5,empirical,3788.0,,,2.0,a8fa234e-a646-4911-8402-a67c302db4ae,2026-08-12T00:11:58.358108+00:00,c1ad72de628f71283ac69037e9bbe97c3e773952f5abde5eac91397ca322d1a6,resource-grid,transverse_field_ising,TFIM-72,"{""coupling"":1.0,""field"":3.0,""periodic"":false}",72,72.0,proportional,1.0,0.00031622776601683794,287.0,143,trotter-p4-empirical,trotter,Trotter p=4 [empirical],empirical-operator-norm,empirical,4.0,,,,,,3788.0,,,,,,,,,,,,,,,,,,,,,,,,,,,,,,commuting,2.0,0.00028437349217808,30.2598318541,empirical-operator-norm,Repository empirical operator-norm calibration study v1 (2026-08-10),reviewed calibration opnorm-v1-tfim-open-trotter-p4; artifact docs/calibration_data/empirical_1d_v1_accepted.json,"{""prefactor"":30.2598318541}",False,implemented-product-formula,False,,"[""the resolved ordered Hamiltonian groups match the implemented formula"",""the fixed formal-order powers in time and segments apply"",""the reviewed affine size calibration extrapolates as flagged""]",,,,,,,implemented-product-formula,False,False,0.0002846049894151542,,,,,,,,,,,,,,,,,,,1.0,none,0.0,system register,1.0,72.0,4072100.0,0.0,-1.0,472363600.0,4043624.0,analytical-model,3.1622776601683795e-05,opnorm-v1-tfim-open-trotter-p4,transverse_field_ising,affine-aN-plus-b,30.2598318541,4.0,12.0,4.0,12.0,True,True,formula,0.1.0,3.11.9,2.5.0,b58b31db18364511c43757e27fffc7abce8df2c1,True,ok,,
1.0,transverse_field_ising:N072,-3.5,commutator,6993.0,,,2.0,a8fa234e-a646-4911-8402-a67c302db4ae,2026-08-12T00:11:58.358108+00:00,c1ad72de628f71283ac69037e9bbe97c3e773952f5abde5eac91397ca322d1a6,resource-grid,transverse_field_ising,TFIM-72,"{""coupling"":1.0,""field"":3.0,""periodic"":false}",72,72.0,proportional,1.0,0.00031622776601683794,287.0,143,trotter-p6,trotter,Trotter p=6,analytical,analytical,6.0,,,,,,6993.0,,,,,,,,,,,,,,,,,,,,,,,,,,,,,,commuting,2.0,0.0002844127753990343,3315910.460456222,schubert-mendl-commutator,"Schubert and Mendl, arXiv:2306.10603",Theorem 1,"{""prefactor"":3315910.460456222}",True,implemented-product-formula,True,,"[""the resolved ordered Hamiltonian groups match the implemented formula""]",,,,,,,implemented-product-formula,True,True,0.0002846049894151542,,,,,,,,,,,,,,,,,,,1.0,none,0.0,system register,1.0,72.0,37587375.0,0.0,-1.0,4736009250.0,37324527.0,analytical-model,3.1622776601683795e-05,,,,,,,,,,,,0.1.0,3.11.9,2.5.0,b58b31db18364511c43757e27fffc7abce8df2c1,True,ok,,
1.0,transverse_field_ising:N072,-3.5,empirical,576.0,,,2.0,a8fa234e-a646-4911-8402-a67c302db4ae,2026-08-12T00:11:58.358108+00:00,c1ad72de628f71283ac69037e9bbe97c3e773952f5abde5eac91397ca322d1a6,resource-grid,transverse_field_ising,TFIM-72,"{""coupling"":1.0,""field"":3.0,""periodic"":false}",72,72.0,proportional,1.0,0.00031622776601683794,287.0,143,trotter-p6-empirical,trotter,Trotter p=6 [empirical],empirical-operator-norm,empirical,6.0,,,,,,576.0,,,,,,,,,,,,,,,,,,,,,,,,,,,,,,commuting,2.0,0.00013562411157531695,0.4937923209,empirical-operator-norm,Repository empirical operator-norm calibration study v1 (2026-08-10),reviewed calibration opnorm-v1-tfim-open-trotter-p6; artifact docs/calibration_data/empirical_1d_v1_accepted.json,"{""prefactor"":0.4937923209}",False,implemented-product-formula,False,,"[""the resolved ordered Hamiltonian groups match the implemented formula"",""the fixed formal-order powers in time and segments apply"",""the reviewed affine size calibration extrapolates as flagged""]",,,,,,,implemented-product-formula,False,False,0.0002846049894151542,,,,,,,,,,,,,,,,,,,1.0,none,0.0,system register,1.0,72.0,3096000.0,0.0,-1.0,356040000.0,3074350.0,analytical-model,3.1622776601683795e-05,opnorm-v1-tfim-open-trotter-p6,transverse_field_ising,affine-aN-plus-b,0.4937923209,4.0,12.0,4.0,12.0,True,True,asymptotic-domain,0.1.0,3.11.9,2.5.0,b58b31db18364511c43757e27fffc7abce8df2c1,True,ok,,
1.0,transverse_field_ising:N072,-3.5,jacobi-anger,,,,2.0,a8fa234e-a646-4911-8402-a67c302db4ae,2026-08-12T00:11:58.358108+00:00,c1ad72de628f71283ac69037e9bbe97c3e773952f5abde5eac91397ca322d1a6,resource-grid,transverse_field_ising,TFIM-72,"{""coupling"":1.0,""field"":3.0,""periodic"":false}",72,72.0,proportional,1.0,0.00031622776601683794,287.0,143,qsvt,qsvt,QSVT,jacobi-anger-rigorous,analytical,,,,,,,,,,,,,,,,,,,,,,,,,,,,,,,,,,,168543.0,28091.0,,,5.2721161825187404e-05,,jacobi-anger-polynomial-oaa,"Martyn et al., arXiv:2105.02859, Eqs. (76)--(77)",Jacobi--Anger tails plus exact cubic OAA identity,"{""oaa-unitarity-defect-distortion"":2.6361102056736042e-05,""scaled-polynomial-error"":2.6360059768451363e-05}",True,ideal-qsvt-oaa-good-block,True,,"[""the cosine and sine polynomials are implemented exactly"",""the unamplified good block is exactly Q/2""]",,,,,,,implemented-qsvt-floating-phase-circuit,False,False,0.0002846049894151542,,,,,,,,,,,,,,,,,,,2.0,one robust OAA round,1.0,"component, quadrature, and index registers all-zero",,90.0,86294028.0,195847092.0,-1.0,12001612008.0,1296770598.0,analytical-model,3.1622776601683795e-05,,,,,,,,,,,,0.1.0,3.11.9,2.5.0,b58b31db18364511c43757e27fffc7abce8df2c1,True,ok,,
1.0,transverse_field_ising:N072,-3.5,empirical,,10.0,,2.0,a8fa234e-a646-4911-8402-a67c302db4ae,2026-08-12T00:11:58.358108+00:00,c1ad72de628f71283ac69037e9bbe97c3e773952f5abde5eac91397ca322d1a6,resource-grid,transverse_field_ising,TFIM-72,"{""coupling"":1.0,""field"":3.0,""periodic"":false}",72,72.0,proportional,1.0,0.00031622776601683794,287.0,143,mpf-j-mizuta2026-theorem6-empirical-operator-norm,multiproduct,MPF J=Mizuta Theorem 6 (resolved per point) [empirical operator norm],empirical-operator-norm,,,10.0,20.0,mizuta2026-theorem6,5.000000000000001,0.0002846049894151542,,,,,,,,,,,,,,,,,,,,,,,,,,,,,,,,,,,,,,,,,,,,,,,,,,,,,0.0002846049894151542,,,,,,,,,,,,,,,,,,,,,,,,,,,,,,,,,,,,,,,,,,,0.1.0,3.11.9,2.5.0,b58b31db18364511c43757e27fffc7abce8df2c1,True,missing_empirical,UnsupportedEmpiricalCalibrationError,"no reviewed empirical operator-norm calibration for method=multiproduct, formal_order=20, model=transverse_field_ising, parameters={'coupling': 1.0, 'field': 3.0, 'periodic': False}, boundary=open, partition=None, schedule='new', formula='ordered-individual-pauli-strang-mpf-v1'"
1.0,transverse_field_ising:N072,-3.5,commutator,,10.0,12933.0,2.0,a8fa234e-a646-4911-8402-a67c302db4ae,2026-08-12T00:11:58.358108+00:00,c1ad72de628f71283ac69037e9bbe97c3e773952f5abde5eac91397ca322d1a6,resource-grid,transverse_field_ising,TFIM-72,"{""coupling"":1.0,""field"":3.0,""periodic"":false}",72,72.0,proportional,1.0,0.00031622776601683794,287.0,143,mpf-j-mizuta2026-theorem6-mizuta2026-commutator-ideal-rigorous,multiproduct,MPF J=Mizuta Theorem 6 (resolved per point) [Mizuta 2026 refined commutator],mizuta2026-commutator-ideal-rigorous,analytical,,10.0,20.0,mizuta2026-theorem6,5.000000000000001,0.0002846049894151542,12933.0,12933.0,,10221.0,"[""error""]",35.48664801303001,20.0,,,2.1968359647394475e-08,9.300777816670512e-16,4.3074506596185347e-16,4.993327157051975e-16,9.300777816670512e-16,2.196836057747226e-08,0.00028419753493280186,1.555845886495748e-05,False,0.007044903195934562,"[1.0000000000000002,1.0000000000000002,1.0000000000000002,1.0000000000000002,1.0000000000000002,1.0000000000000002,1.0000000000000002,1.0000000000000002,1.0000000000000002,1.0000000000000002,1.0000000000000002,1.0000000000000002,1.0000000000000002,1.0000000000000002,1.0000000000000002,1.0000000000000002,1.0000000000000002,1.0000000000000002,1.0000000000000002,1.0000000000000002,1.0000000000000002,1.0000000000000002,1.0000000000000002,1.0000000000000002,1.0000000000000002,1.0000000000000002,1.0000000000000002,1.0000000000000002,1.0000000000000002,1.0000000000000002,1.0000000000000002,1.0000000000000002,1.0000000000000002,1.0000000000000002,1.0000000000000002,1.0000000000000002,1.0000000000000002,1.0000000000000002,1.0000000000000002,1.0000000000000002,1.0000000000000002,1.0000000000000002,1.0000000000000002,1.0000000000000002,1.0000000000000002,1.0000000000000002,1.0000000000000002,1.0000000000000002,1.0000000000000002,1.0000000000000002,1.0000000000000002,1.0000000000000002,1.0000000000000002,1.0000000000000002,1.0000000000000002,1.0000000000000002,1.0000000000000002,1.0000000000000002,1.0000000000000002,1.0000000000000002,1.0000000000000002,1.0000000000000002,1.0000000000000002,1.0000000000000002,1.0000000000000002,1.0000000000000002,1.0000000000000002,1.0000000000000002,1.0000000000000002,1.0000000000000002,1.0000000000000002,1.0000000000000002,1.0000000000000002,1.0000000000000002,1.0000000000000002,1.0000000000000002,1.0000000000000002,1.0000000000000002,1.0000000000000002,1.0000000000000002,1.0000000000000002,1.0000000000000002,1.0000000000000002,1.0000000000000002,1.0000000000000002,1.0000000000000002,1.0000000000000002,1.0000000000000002,1.0000000000000002,1.0000000000000002,1.0000000000000002,1.0000000000000002,1.0000000000000002,1.0000000000000002,1.0000000000000002,1.0000000000000002,1.0000000000000002,1.0000000000000002,1.0000000000000002,1.0000000000000002,1.0000000000000002,1.0000000000000002,1.0000000000000002,1.0000000000000002,1.0000000000000002,1.0000000000000002,1.0000000000000002,1.0000000000000002,1.0000000000000002,1.0000000000000002,1.0000000000000002,1.0000000000000002,1.0000000000000002,1.0000000000000002,1.0000000000000002,1.0000000000000002,1.0000000000000002,1.0000000000000002,1.0000000000000002,1.0000000000000002,1.0000000000000002,1.0000000000000002,1.0000000000000002,1.0000000000000002,1.0000000000000002,1.0000000000000002,1.0000000000000002,1.0000000000000002,1.0000000000000002,1.0000000000000002,1.0000000000000002,1.0000000000000002,1.0000000000000002,1.0000000000000002,1.0000000000000002,1.0000000000000002,1.0000000000000002,1.0000000000000002,1.0000000000000002,1.0000000000000002,1.0000000000000002,1.0000000000000002,1.0000000000000002]",5.0000000000000036,20.0,False,,not-used,commutator,mizuta2026-commutator-ideal-rigorous,[],3957498.0,,,,0.00028419753493280186,4.8250301765671435e+39,mizuta2026-commutator-ideal-rigorous,"Mizuta, Quantum 10, 1974 (2026), arXiv:2507.06557v4","Theorem 4, Eqs. (47)--(49), with direct Lemmas 9--10 BCH remainder","{""error_predicate_satisfied"":1.0,""extensiveness_g"":5.000000000000001,""joint_predicate_satisfied"":1.0,""legacy_first_condition_passed"":0.0,""legacy_first_time_limit"":1.555845886495748e-05,""local_commutator_error"":2.1968359647394475e-08,""local_step_error"":2.196836057747226e-08,""local_truncated_bch_error"":9.300777816670512e-16,""locality_k"":2.0,""mu_upper"":35.48664801303001,""refined_lemma10_remainder"":4.993327157051975e-16,""refined_lemma9_remainder"":4.3074506596185347e-16,""refined_tail_fallback"":0.0,""repeated_global_error"":0.00028419753493280186,""schedule_weighted_extensiveness"":5.0000000000000036,""second_time_limit"":0.007044903195934562,""time_2_predicate_satisfied"":1.0,""total_branchwise_bch_remainder"":9.300777816670512e-16,""truncation_order_p0"":20.0}",True,ideal-mpf,True,ordered individual Pauli terms,"[""individual Pauli summands define the ordered H_gamma decomposition"",""the actual Strang factors define schedule-weighted g_alpha extensiveness"",""Lemma 9 and Lemma 10 positive majorants directly certify the BCH remainder"",""the scalar-flow/Cauchy refined tail certificate is used"",""Theorem 4 second time hypothesis is satisfied"",""the repeated ideal MPF is composed with the Eq. (15) telescoping argument""]",,20.0,20.0,True,False,"{""2"":1704.0000000000016,""3"":27216.00000000004,""4"":352992.0000000008,""5"":5638464.000000017,""6"":77007360.0000003,""7"":1230183936.0000057,""8"":17379351552.00009,""9"":277660099584.00165,""10"":4013367508992.027,""11"":64125048397824.48,""12"":941929898999815.6,""13"":1.5051227707441284e+16,""14"":2.2371433013969107e+17,""15"":3.57501156198112e+18,""16"":5.361671830269178e+19,""17"":8.568609591565408e+20,""18"":1.2941659397334411e+22,""19"":2.068346456449243e+23,""20"":3.141660676974862e+24}",repeated-shared-ancilla-good-block,True,False,0.0002846049894151542,new,"[1,2,3,4,5,6,7,10,18,46]","[-1.018659142049789e-15,7.422846929019768e-10,-1.3257582359573536e-06,0.00016899488366474386,-0.004245967231050632,0.03062942826404365,-0.06314501886386865,0.12451536167559175,-0.4127707622244733,1.3248492885120446]",1.960326148155259,0.03967385184474104,102.0,registered-exact,True,10.0,5.0,2.0,6.0,12.0,4.0,6.0,3.0,2.0,3.0,2.0,one robust OAA round per segment,12933.0,branch register all-zero,,79.0,2256937830.0,1681290.0,-1.0,325005772680.0,3387206241.0,analytical-model,3.1622776601683795e-05,,,,,,,,,,,,0.1.0,3.11.9,2.5.0,b58b31db18364511c43757e27fffc7abce8df2c1,True,ok,,
1.0,transverse_field_ising:N072,-3.6,commutator,1280420.0,,,2.0,a8fa234e-a646-4911-8402-a67c302db4ae,2026-08-12T00:11:58.358108+00:00,c1ad72de628f71283ac69037e9bbe97c3e773952f5abde5eac91397ca322d1a6,resource-grid,transverse_field_ising,TFIM-72,"{""coupling"":1.0,""field"":3.0,""periodic"":false}",72,72.0,proportional,1.0,0.00025118864315095795,287.0,143,trotter-p2,trotter,Trotter p=2,analytical,analytical,2.0,,,,,,1280420.0,,,,,,,,,,,,,,,,,,,,,,,,,,,,,,individual,143.0,0.0002260694300965044,993.0,childs-commutator,"Childs, Su, Tran, Wiebe, and Zhu, arXiv:1912.08854",Propositions 9--10,"{""prefactor"":993.0}",True,implemented-product-formula,True,,"[""the resolved ordered Hamiltonian groups match the implemented formula""]",,,,,,,implemented-product-formula,True,True,0.00022606977883586217,,,,,,,,,,,,,,,,,,,1.0,none,0.0,system register,1.0,72.0,364919700.0,0.0,-1.0,49993998900.0,362367814.0,analytical-model,2.5118864315095798e-05,,,,,,,,,,,,0.1.0,3.11.9,2.5.0,b58b31db18364511c43757e27fffc7abce8df2c1,True,ok,,
1.0,transverse_field_ising:N072,-3.6,empirical,337013.0,,,2.0,a8fa234e-a646-4911-8402-a67c302db4ae,2026-08-12T00:11:58.358108+00:00,c1ad72de628f71283ac69037e9bbe97c3e773952f5abde5eac91397ca322d1a6,resource-grid,transverse_field_ising,TFIM-72,"{""coupling"":1.0,""field"":3.0,""periodic"":false}",72,72.0,proportional,1.0,0.00025118864315095795,287.0,143,trotter-p2-empirical,trotter,Trotter p=2 [empirical],empirical-operator-norm,empirical,2.0,,,,,,337013.0,,,,,,,,,,,,,,,,,,,,,,,,,,,,,,individual,143.0,0.00022606884101314268,68.7917766697,empirical-operator-norm,Repository empirical operator-norm calibration study v1 (2026-08-10),reviewed calibration opnorm-v1-tfim-open-trotter-p2; artifact docs/calibration_data/empirical_1d_v1_accepted.json,"{""prefactor"":68.7917766697}",False,implemented-product-formula,False,,"[""the resolved ordered Hamiltonian groups match the implemented formula"",""the fixed formal-order powers in time and segments apply"",""the reviewed affine size calibration extrapolates as flagged""]",,,,,,,implemented-product-formula,False,False,0.00022606977883586217,,,,,,,,,,,,,,,,,,,1.0,none,0.0,system register,1.0,72.0,96048705.0,0.0,-1.0,12582380355.0,95377036.0,analytical-model,2.5118864315095798e-05,opnorm-v1-tfim-open-trotter-p2,transverse_field_ising,affine-aN-plus-b,68.7917766697,4.0,12.0,4.0,12.0,True,True,formula,0.1.0,3.11.9,2.5.0,b58b31db18364511c43757e27fffc7abce8df2c1,True,ok,,
1.0,transverse_field_ising:N072,-3.6,commutator,20091.0,,,2.0,a8fa234e-a646-4911-8402-a67c302db4ae,2026-08-12T00:11:58.358108+00:00,c1ad72de628f71283ac69037e9bbe97c3e773952f5abde5eac91397ca322d1a6,resource-grid,transverse_field_ising,TFIM-72,"{""coupling"":1.0,""field"":3.0,""periodic"":false}",72,72.0,proportional,1.0,0.00025118864315095795,287.0,143,trotter-p4,trotter,Trotter p=4,analytical,analytical,4.0,,,,,,20091.0,,,,,,,,,,,,,,,,,,,,,,,,,,,,,,commuting,2.0,0.0002260261116157283,19032.785200508108,schubert-mendl-commutator,"Schubert and Mendl, arXiv:2306.10603",Theorem 1,"{""prefactor"":19032.785200508108}",True,implemented-product-formula,True,,"[""the resolved ordered Hamiltonian groups match the implemented formula""]",,,,,,,implemented-product-formula,True,True,0.00022606977883586217,,,,,,,,,,,,,,,,,,,1.0,none,0.0,system register,1.0,72.0,21597825.0,0.0,-1.0,2699728125.0,21446792.0,analytical-model,2.5118864315095798e-05,,,,,,,,,,,,0.1.0,3.11.9,2.5.0,b58b31db18364511c43757e27fffc7abce8df2c1,True,ok,,
1.0,transverse_field_ising:N072,-3.6,empirical,4012.0,,,2.0,a8fa234e-a646-4911-8402-a67c302db4ae,2026-08-12T00:11:58.358108+00:00,c1ad72de628f71283ac69037e9bbe97c3e773952f5abde5eac91397ca322d1a6,resource-grid,transverse_field_ising,TFIM-72,"{""coupling"":1.0,""field"":3.0,""periodic"":false}",72,72.0,proportional,1.0,0.00025118864315095795,287.0,143,trotter-p4-empirical,trotter,Trotter p=4 [empirical],empirical-operator-norm,empirical,4.0,,,,,,4012.0,,,,,,,,,,,,,,,,,,,,,,,,,,,,,,commuting,2.0,0.00022598795657400485,30.2598318541,empirical-operator-norm,Repository empirical operator-norm calibration study v1 (2026-08-10),reviewed calibration opnorm-v1-tfim-open-trotter-p4; artifact docs/calibration_data/empirical_1d_v1_accepted.json,"{""prefactor"":30.2598318541}",False,implemented-product-formula,False,,"[""the resolved ordered Hamiltonian groups match the implemented formula"",""the fixed formal-order powers in time and segments apply"",""the reviewed affine size calibration extrapolates as flagged""]",,,,,,,implemented-product-formula,False,False,0.00022606977883586217,,,,,,,,,,,,,,,,,,,1.0,none,0.0,system register,1.0,72.0,4312900.0,0.0,-1.0,508922200.0,4282740.0,analytical-model,2.5118864315095798e-05,opnorm-v1-tfim-open-trotter-p4,transverse_field_ising,affine-aN-plus-b,30.2598318541,4.0,12.0,4.0,12.0,True,True,formula,0.1.0,3.11.9,2.5.0,b58b31db18364511c43757e27fffc7abce8df2c1,True,ok,,
1.0,transverse_field_ising:N072,-3.6,commutator,7266.0,,,2.0,a8fa234e-a646-4911-8402-a67c302db4ae,2026-08-12T00:11:58.358108+00:00,c1ad72de628f71283ac69037e9bbe97c3e773952f5abde5eac91397ca322d1a6,resource-grid,transverse_field_ising,TFIM-72,"{""coupling"":1.0,""field"":3.0,""periodic"":false}",72,72.0,proportional,1.0,0.00025118864315095795,287.0,143,trotter-p6,trotter,Trotter p=6,analytical,analytical,6.0,,,,,,7266.0,,,,,,,,,,,,,,,,,,,,,,,,,,,,,,commuting,2.0,0.00022602574460988106,3315910.460456222,schubert-mendl-commutator,"Schubert and Mendl, arXiv:2306.10603",Theorem 1,"{""prefactor"":3315910.460456222}",True,implemented-product-formula,True,,"[""the resolved ordered Hamiltonian groups match the implemented formula""]",,,,,,,implemented-product-formula,True,True,0.00022606977883586217,,,,,,,,,,,,,,,,,,,1.0,none,0.0,system register,1.0,72.0,39054750.0,0.0,-1.0,4959953250.0,38781640.0,analytical-model,2.5118864315095798e-05,,,,,,,,,,,,0.1.0,3.11.9,2.5.0,b58b31db18364511c43757e27fffc7abce8df2c1,True,ok,,
1.0,transverse_field_ising:N072,-3.6,empirical,576.0,,,2.0,a8fa234e-a646-4911-8402-a67c302db4ae,2026-08-12T00:11:58.358108+00:00,c1ad72de628f71283ac69037e9bbe97c3e773952f5abde5eac91397ca322d1a6,resource-grid,transverse_field_ising,TFIM-72,"{""coupling"":1.0,""field"":3.0,""periodic"":false}",72,72.0,proportional,1.0,0.00025118864315095795,287.0,143,trotter-p6-empirical,trotter,Trotter p=6 [empirical],empirical-operator-norm,empirical,6.0,,,,,,576.0,,,,,,,,,,,,,,,,,,,,,,,,,,,,,,commuting,2.0,0.00013562411157531695,0.4937923209,empirical-operator-norm,Repository empirical operator-norm calibration study v1 (2026-08-10),reviewed calibration opnorm-v1-tfim-open-trotter-p6; artifact docs/calibration_data/empirical_1d_v1_accepted.json,"{""prefactor"":0.4937923209}",False,implemented-product-formula,False,,"[""the resolved ordered Hamiltonian groups match the implemented formula"",""the fixed formal-order powers in time and segments apply"",""the reviewed affine size calibration extrapolates as flagged""]",,,,,,,implemented-product-formula,False,False,0.00022606977883586217,,,,,,,,,,,,,,,,,,,1.0,none,0.0,system register,1.0,72.0,3096000.0,0.0,-1.0,359136000.0,3074350.0,analytical-model,2.5118864315095798e-05,opnorm-v1-tfim-open-trotter-p6,transverse_field_ising,affine-aN-plus-b,0.4937923209,4.0,12.0,4.0,12.0,True,True,asymptotic-domain,0.1.0,3.11.9,2.5.0,b58b31db18364511c43757e27fffc7abce8df2c1,True,ok,,
1.0,transverse_field_ising:N072,-3.6,jacobi-anger,,,,2.0,a8fa234e-a646-4911-8402-a67c302db4ae,2026-08-12T00:11:58.358108+00:00,c1ad72de628f71283ac69037e9bbe97c3e773952f5abde5eac91397ca322d1a6,resource-grid,transverse_field_ising,TFIM-72,"{""coupling"":1.0,""field"":3.0,""periodic"":false}",72,72.0,proportional,1.0,0.00025118864315095795,287.0,143,qsvt,qsvt,QSVT,jacobi-anger-rigorous,analytical,,,,,,,,,,,,,,,,,,,,,,,,,,,,,,,,,,,168543.0,28091.0,,,4.621707684411186e-05,,jacobi-anger-polynomial-oaa,"Martyn et al., arXiv:2105.02859, Eqs. (76)--(77)",Jacobi--Anger tails plus exact cubic OAA identity,"{""oaa-unitarity-defect-distortion"":2.310893891466971e-05,""scaled-polynomial-error"":2.310813792944215e-05}",True,ideal-qsvt-oaa-good-block,True,,"[""the cosine and sine polynomials are implemented exactly"",""the unamplified good block is exactly Q/2""]",,,,,,,implemented-qsvt-floating-phase-circuit,False,False,0.00022606977883586217,,,,,,,,,,,,,,,,,,,2.0,one robust OAA round,1.0,"component, quadrature, and index registers all-zero",,90.0,86294028.0,195847092.0,-1.0,12087906036.0,1296770598.0,analytical-model,2.5118864315095798e-05,,,,,,,,,,,,0.1.0,3.11.9,2.5.0,b58b31db18364511c43757e27fffc7abce8df2c1,True,ok,,
1.0,transverse_field_ising:N072,-3.6,empirical,,10.0,,2.0,a8fa234e-a646-4911-8402-a67c302db4ae,2026-08-12T00:11:58.358108+00:00,c1ad72de628f71283ac69037e9bbe97c3e773952f5abde5eac91397ca322d1a6,resource-grid,transverse_field_ising,TFIM-72,"{""coupling"":1.0,""field"":3.0,""periodic"":false}",72,72.0,proportional,1.0,0.00025118864315095795,287.0,143,mpf-j-mizuta2026-theorem6-empirical-operator-norm,multiproduct,MPF J=Mizuta Theorem 6 (resolved per point) [empirical operator norm],empirical-operator-norm,,,10.0,20.0,mizuta2026-theorem6,5.000000000000001,0.00022606977883586217,,,,,,,,,,,,,,,,,,,,,,,,,,,,,,,,,,,,,,,,,,,,,,,,,,,,,0.00022606977883586217,,,,,,,,,,,,,,,,,,,,,,,,,,,,,,,,,,,,,,,,,,,0.1.0,3.11.9,2.5.0,b58b31db18364511c43757e27fffc7abce8df2c1,True,missing_empirical,UnsupportedEmpiricalCalibrationError,"no reviewed empirical operator-norm calibration for method=multiproduct, formal_order=20, model=transverse_field_ising, parameters={'coupling': 1.0, 'field': 3.0, 'periodic': False}, boundary=open, partition=None, schedule='new', formula='ordered-individual-pauli-strang-mpf-v1'"
1.0,transverse_field_ising:N072,-3.6,commutator,,10.0,13082.0,2.0,a8fa234e-a646-4911-8402-a67c302db4ae,2026-08-12T00:11:58.358108+00:00,c1ad72de628f71283ac69037e9bbe97c3e773952f5abde5eac91397ca322d1a6,resource-grid,transverse_field_ising,TFIM-72,"{""coupling"":1.0,""field"":3.0,""periodic"":false}",72,72.0,proportional,1.0,0.00025118864315095795,287.0,143,mpf-j-mizuta2026-theorem6-mizuta2026-commutator-ideal-rigorous,multiproduct,MPF J=Mizuta Theorem 6 (resolved per point) [Mizuta 2026 refined commutator],mizuta2026-commutator-ideal-rigorous,analytical,,10.0,20.0,mizuta2026-theorem6,5.000000000000001,0.00022606977883586217,13082.0,13082.0,,10221.0,"[""error""]",35.48664801303001,20.0,,,1.7271315522073853e-08,8.797874558781984e-16,4.132821718468043e-16,4.66505284031394e-16,8.797874558781984e-16,1.7271316401861313e-08,0.0002259944134356281,1.555845886495748e-05,False,0.007044903195934562,"[1.0000000000000002,1.0000000000000002,1.0000000000000002,1.0000000000000002,1.0000000000000002,1.0000000000000002,1.0000000000000002,1.0000000000000002,1.0000000000000002,1.0000000000000002,1.0000000000000002,1.0000000000000002,1.0000000000000002,1.0000000000000002,1.0000000000000002,1.0000000000000002,1.0000000000000002,1.0000000000000002,1.0000000000000002,1.0000000000000002,1.0000000000000002,1.0000000000000002,1.0000000000000002,1.0000000000000002,1.0000000000000002,1.0000000000000002,1.0000000000000002,1.0000000000000002,1.0000000000000002,1.0000000000000002,1.0000000000000002,1.0000000000000002,1.0000000000000002,1.0000000000000002,1.0000000000000002,1.0000000000000002,1.0000000000000002,1.0000000000000002,1.0000000000000002,1.0000000000000002,1.0000000000000002,1.0000000000000002,1.0000000000000002,1.0000000000000002,1.0000000000000002,1.0000000000000002,1.0000000000000002,1.0000000000000002,1.0000000000000002,1.0000000000000002,1.0000000000000002,1.0000000000000002,1.0000000000000002,1.0000000000000002,1.0000000000000002,1.0000000000000002,1.0000000000000002,1.0000000000000002,1.0000000000000002,1.0000000000000002,1.0000000000000002,1.0000000000000002,1.0000000000000002,1.0000000000000002,1.0000000000000002,1.0000000000000002,1.0000000000000002,1.0000000000000002,1.0000000000000002,1.0000000000000002,1.0000000000000002,1.0000000000000002,1.0000000000000002,1.0000000000000002,1.0000000000000002,1.0000000000000002,1.0000000000000002,1.0000000000000002,1.0000000000000002,1.0000000000000002,1.0000000000000002,1.0000000000000002,1.0000000000000002,1.0000000000000002,1.0000000000000002,1.0000000000000002,1.0000000000000002,1.0000000000000002,1.0000000000000002,1.0000000000000002,1.0000000000000002,1.0000000000000002,1.0000000000000002,1.0000000000000002,1.0000000000000002,1.0000000000000002,1.0000000000000002,1.0000000000000002,1.0000000000000002,1.0000000000000002,1.0000000000000002,1.0000000000000002,1.0000000000000002,1.0000000000000002,1.0000000000000002,1.0000000000000002,1.0000000000000002,1.0000000000000002,1.0000000000000002,1.0000000000000002,1.0000000000000002,1.0000000000000002,1.0000000000000002,1.0000000000000002,1.0000000000000002,1.0000000000000002,1.0000000000000002,1.0000000000000002,1.0000000000000002,1.0000000000000002,1.0000000000000002,1.0000000000000002,1.0000000000000002,1.0000000000000002,1.0000000000000002,1.0000000000000002,1.0000000000000002,1.0000000000000002,1.0000000000000002,1.0000000000000002,1.0000000000000002,1.0000000000000002,1.0000000000000002,1.0000000000000002,1.0000000000000002,1.0000000000000002,1.0000000000000002,1.0000000000000002,1.0000000000000002,1.0000000000000002,1.0000000000000002,1.0000000000000002,1.0000000000000002]",5.0000000000000036,20.0,False,,not-used,commutator,mizuta2026-commutator-ideal-rigorous,[],4003092.0,,,,0.0002259944134356281,4.8250301765671435e+39,mizuta2026-commutator-ideal-rigorous,"Mizuta, Quantum 10, 1974 (2026), arXiv:2507.06557v4","Theorem 4, Eqs. (47)--(49), with direct Lemmas 9--10 BCH remainder","{""error_predicate_satisfied"":1.0,""extensiveness_g"":5.000000000000001,""joint_predicate_satisfied"":1.0,""legacy_first_condition_passed"":0.0,""legacy_first_time_limit"":1.555845886495748e-05,""local_commutator_error"":1.7271315522073853e-08,""local_step_error"":1.7271316401861313e-08,""local_truncated_bch_error"":8.797874558781984e-16,""locality_k"":2.0,""mu_upper"":35.48664801303001,""refined_lemma10_remainder"":4.66505284031394e-16,""refined_lemma9_remainder"":4.132821718468043e-16,""refined_tail_fallback"":0.0,""repeated_global_error"":0.0002259944134356281,""schedule_weighted_extensiveness"":5.0000000000000036,""second_time_limit"":0.007044903195934562,""time_2_predicate_satisfied"":1.0,""total_branchwise_bch_remainder"":8.797874558781984e-16,""truncation_order_p0"":20.0}",True,ideal-mpf,True,ordered individual Pauli terms,"[""individual Pauli summands define the ordered H_gamma decomposition"",""the actual Strang factors define schedule-weighted g_alpha extensiveness"",""Lemma 9 and Lemma 10 positive majorants directly certify the BCH remainder"",""the scalar-flow/Cauchy refined tail certificate is used"",""Theorem 4 second time hypothesis is satisfied"",""the repeated ideal MPF is composed with the Eq. (15) telescoping argument""]",,20.0,20.0,True,False,"{""2"":1704.0000000000016,""3"":27216.00000000004,""4"":352992.0000000008,""5"":5638464.000000017,""6"":77007360.0000003,""7"":1230183936.0000057,""8"":17379351552.00009,""9"":277660099584.00165,""10"":4013367508992.027,""11"":64125048397824.48,""12"":941929898999815.6,""13"":1.5051227707441284e+16,""14"":2.2371433013969107e+17,""15"":3.57501156198112e+18,""16"":5.361671830269178e+19,""17"":8.568609591565408e+20,""18"":1.2941659397334411e+22,""19"":2.068346456449243e+23,""20"":3.141660676974862e+24}",repeated-shared-ancilla-good-block,True,False,0.00022606977883586217,new,"[1,2,3,4,5,6,7,10,18,46]","[-1.018659142049789e-15,7.422846929019768e-10,-1.3257582359573536e-06,0.00016899488366474386,-0.004245967231050632,0.03062942826404365,-0.06314501886386865,0.12451536167559175,-0.4127707622244733,1.3248492885120446]",1.960326148155259,0.03967385184474104,102.0,registered-exact,True,10.0,5.0,2.0,6.0,12.0,4.0,6.0,3.0,2.0,3.0,2.0,one robust OAA round per segment,13082.0,branch register all-zero,,79.0,2282939820.0,1700660.0,-1.0,331033076540.0,3426229958.0,analytical-model,2.5118864315095798e-05,,,,,,,,,,,,0.1.0,3.11.9,2.5.0,b58b31db18364511c43757e27fffc7abce8df2c1,True,ok,,
1.0,transverse_field_ising:N072,-3.7,commutator,1436654.0,,,2.0,a8fa234e-a646-4911-8402-a67c302db4ae,2026-08-12T00:11:58.358108+00:00,c1ad72de628f71283ac69037e9bbe97c3e773952f5abde5eac91397ca322d1a6,resource-grid,transverse_field_ising,TFIM-72,"{""coupling"":1.0,""field"":3.0,""periodic"":false}",72,72.0,proportional,1.0,0.00019952623149688788,287.0,143,trotter-p2,trotter,Trotter p=2,analytical,analytical,2.0,,,,,,1436654.0,,,,,,,,,,,,,,,,,,,,,,,,,,,,,,individual,143.0,0.0001795735486378889,993.0,childs-commutator,"Childs, Su, Tran, Wiebe, and Zhu, arXiv:1912.08854",Propositions 9--10,"{""prefactor"":993.0}",True,implemented-product-formula,True,,"[""the resolved ordered Hamiltonian groups match the implemented formula""]",,,,,,,implemented-product-formula,True,True,0.0001795736083471991,,,,,,,,,,,,,,,,,,,1.0,none,0.0,system register,1.0,72.0,409446390.0,0.0,-1.0,56913048210.0,406583129.0,analytical-model,1.995262314968879e-05,,,,,,,,,,,,0.1.0,3.11.9,2.5.0,b58b31db18364511c43757e27fffc7abce8df2c1,True,ok,,
1.0,transverse_field_ising:N072,-3.7,empirical,378135.0,,,2.0,a8fa234e-a646-4911-8402-a67c302db4ae,2026-08-12T00:11:58.358108+00:00,c1ad72de628f71283ac69037e9bbe97c3e773952f5abde5eac91397ca322d1a6,resource-grid,transverse_field_ising,TFIM-72,"{""coupling"":1.0,""field"":3.0,""periodic"":false}",72,72.0,proportional,1.0,0.00019952623149688788,287.0,143,trotter-p2-empirical,trotter,Trotter p=2 [empirical],empirical-operator-norm,empirical,2.0,,,,,,378135.0,,,,,,,,,,,,,,,,,,,,,,,,,,,,,,individual,143.0,0.00017957267852334758,68.7917766697,empirical-operator-norm,Repository empirical operator-norm calibration study v1 (2026-08-10),reviewed calibration opnorm-v1-tfim-open-trotter-p2; artifact docs/calibration_data/empirical_1d_v1_accepted.json,"{""prefactor"":68.7917766697}",False,implemented-product-formula,False,,"[""the resolved ordered Hamiltonian groups match the implemented formula"",""the fixed formal-order powers in time and segments apply"",""the reviewed affine size calibration extrapolates as flagged""]",,,,,,,implemented-product-formula,False,False,0.0001795736083471991,,,,,,,,,,,,,,,,,,,1.0,none,0.0,system register,1.0,72.0,107768475.0,0.0,-1.0,14333207175.0,107014850.0,analytical-model,1.995262314968879e-05,opnorm-v1-tfim-open-trotter-p2,transverse_field_ising,affine-aN-plus-b,68.7917766697,4.0,12.0,4.0,12.0,True,True,formula,0.1.0,3.11.9,2.5.0,b58b31db18364511c43757e27fffc7abce8df2c1,True,ok,,
1.0,transverse_field_ising:N072,-3.7,commutator,21281.0,,,2.0,a8fa234e-a646-4911-8402-a67c302db4ae,2026-08-12T00:11:58.358108+00:00,c1ad72de628f71283ac69037e9bbe97c3e773952f5abde5eac91397ca322d1a6,resource-grid,transverse_field_ising,TFIM-72,"{""coupling"":1.0,""field"":3.0,""periodic"":false}",72,72.0,proportional,1.0,0.00019952623149688788,287.0,143,trotter-p4,trotter,Trotter p=4,analytical,analytical,4.0,,,,,,21281.0,,,,,,,,,,,,,,,,,,,,,,,,,,,,,,commuting,2.0,0.00017955466854577767,19032.785200508108,schubert-mendl-commutator,"Schubert and Mendl, arXiv:2306.10603",Theorem 1,"{""prefactor"":19032.785200508108}",True,implemented-product-formula,True,,"[""the resolved ordered Hamiltonian groups match the implemented formula""]",,,,,,,implemented-product-formula,True,True,0.0001795736083471991,,,,,,,,,,,,,,,,,,,1.0,none,0.0,system register,1.0,72.0,22877075.0,0.0,-1.0,2882511450.0,22717096.0,analytical-model,1.995262314968879e-05,,,,,,,,,,,,0.1.0,3.11.9,2.5.0,b58b31db18364511c43757e27fffc7abce8df2c1,True,ok,,
1.0,transverse_field_ising:N072,-3.7,empirical,4250.0,,,2.0,a8fa234e-a646-4911-8402-a67c302db4ae,2026-08-12T00:11:58.358108+00:00,c1ad72de628f71283ac69037e9bbe97c3e773952f5abde5eac91397ca322d1a6,resource-grid,transverse_field_ising,TFIM-72,"{""coupling"":1.0,""field"":3.0,""periodic"":false}",72,72.0,proportional,1.0,0.00019952623149688788,287.0,143,trotter-p4-empirical,trotter,Trotter p=4 [empirical],empirical-operator-norm,empirical,4.0,,,,,,4250.0,,,,,,,,,,,,,,,,,,,,,,,,,,,,,,commuting,2.0,0.00017946231776605237,30.2598318541,empirical-operator-norm,Repository empirical operator-norm calibration study v1 (2026-08-10),reviewed calibration opnorm-v1-tfim-open-trotter-p4; artifact docs/calibration_data/empirical_1d_v1_accepted.json,"{""prefactor"":30.2598318541}",False,implemented-product-formula,False,,"[""the resolved ordered Hamiltonian groups match the implemented formula"",""the fixed formal-order powers in time and segments apply"",""the reviewed affine size calibration extrapolates as flagged""]",,,,,,,implemented-product-formula,False,False,0.0001795736083471991,,,,,,,,,,,,,,,,,,,1.0,none,0.0,system register,1.0,72.0,4568750.0,0.0,-1.0,543681250.0,4536801.0,analytical-model,1.995262314968879e-05,opnorm-v1-tfim-open-trotter-p4,transverse_field_ising,affine-aN-plus-b,30.2598318541,4.0,12.0,4.0,12.0,True,True,formula,0.1.0,3.11.9,2.5.0,b58b31db18364511c43757e27fffc7abce8df2c1,True,ok,,
1.0,transverse_field_ising:N072,-3.7,commutator,7551.0,,,2.0,a8fa234e-a646-4911-8402-a67c302db4ae,2026-08-12T00:11:58.358108+00:00,c1ad72de628f71283ac69037e9bbe97c3e773952f5abde5eac91397ca322d1a6,resource-grid,transverse_field_ising,TFIM-72,"{""coupling"":1.0,""field"":3.0,""periodic"":false}",72,72.0,proportional,1.0,0.00019952623149688788,287.0,143,trotter-p6,trotter,Trotter p=6,analytical,analytical,6.0,,,,,,7551.0,,,,,,,,,,,,,,,,,,,,,,,,,,,,,,commuting,2.0,0.00017943346682372597,3315910.460456222,schubert-mendl-commutator,"Schubert and Mendl, arXiv:2306.10603",Theorem 1,"{""prefactor"":3315910.460456222}",True,implemented-product-formula,True,,"[""the resolved ordered Hamiltonian groups match the implemented formula""]",,,,,,,implemented-product-formula,True,True,0.0001795736083471991,,,,,,,,,,,,,,,,,,,1.0,none,0.0,system register,1.0,72.0,40586625.0,0.0,-1.0,5235674625.0,40302803.0,analytical-model,1.995262314968879e-05,,,,,,,,,,,,0.1.0,3.11.9,2.5.0,b58b31db18364511c43757e27fffc7abce8df2c1,True,ok,,
1.0,transverse_field_ising:N072,-3.7,empirical,576.0,,,2.0,a8fa234e-a646-4911-8402-a67c302db4ae,2026-08-12T00:11:58.358108+00:00,c1ad72de628f71283ac69037e9bbe97c3e773952f5abde5eac91397ca322d1a6,resource-grid,transverse_field_ising,TFIM-72,"{""coupling"":1.0,""field"":3.0,""periodic"":false}",72,72.0,proportional,1.0,0.00019952623149688788,287.0,143,trotter-p6-empirical,trotter,Trotter p=6 [empirical],empirical-operator-norm,empirical,6.0,,,,,,576.0,,,,,,,,,,,,,,,,,,,,,,,,,,,,,,commuting,2.0,0.00013562411157531695,0.4937923209,empirical-operator-norm,Repository empirical operator-norm calibration study v1 (2026-08-10),reviewed calibration opnorm-v1-tfim-open-trotter-p6; artifact docs/calibration_data/empirical_1d_v1_accepted.json,"{""prefactor"":0.4937923209}",False,implemented-product-formula,False,,"[""the resolved ordered Hamiltonian groups match the implemented formula"",""the fixed formal-order powers in time and segments apply"",""the reviewed affine size calibration extrapolates as flagged""]",,,,,,,implemented-product-formula,False,False,0.0001795736083471991,,,,,,,,,,,,,,,,,,,1.0,none,0.0,system register,1.0,72.0,3096000.0,0.0,-1.0,362232000.0,3074350.0,analytical-model,1.995262314968879e-05,opnorm-v1-tfim-open-trotter-p6,transverse_field_ising,affine-aN-plus-b,0.4937923209,4.0,12.0,4.0,12.0,True,True,asymptotic-domain,0.1.0,3.11.9,2.5.0,b58b31db18364511c43757e27fffc7abce8df2c1,True,ok,,
1.0,transverse_field_ising:N072,-3.7,jacobi-anger,,,,2.0,a8fa234e-a646-4911-8402-a67c302db4ae,2026-08-12T00:11:58.358108+00:00,c1ad72de628f71283ac69037e9bbe97c3e773952f5abde5eac91397ca322d1a6,resource-grid,transverse_field_ising,TFIM-72,"{""coupling"":1.0,""field"":3.0,""periodic"":false}",72,72.0,proportional,1.0,0.00019952623149688788,287.0,143,qsvt,qsvt,QSVT,jacobi-anger-rigorous,analytical,,,,,,,,,,,,,,,,,,,,,,,,,,,,,,,,,,,168543.0,28091.0,,,4.1050721111922774e-05,,jacobi-anger-polynomial-oaa,"Martyn et al., arXiv:2105.02859, Eqs. (76)--(77)",Jacobi--Anger tails plus exact cubic OAA identity,"{""oaa-unitarity-defect-distortion"":2.052567651621481e-05,""scaled-polynomial-error"":2.0525044595707963e-05}",True,ideal-qsvt-oaa-good-block,True,,"[""the cosine and sine polynomials are implemented exactly"",""the unamplified good block is exactly Q/2""]",,,,,,,implemented-qsvt-floating-phase-circuit,False,False,0.0001795736083471991,,,,,,,,,,,,,,,,,,,2.0,one robust OAA round,1.0,"component, quadrature, and index registers all-zero",,90.0,86294028.0,195847092.0,-1.0,12174200064.0,1296770598.0,analytical-model,1.995262314968879e-05,,,,,,,,,,,,0.1.0,3.11.9,2.5.0,b58b31db18364511c43757e27fffc7abce8df2c1,True,ok,,
1.0,transverse_field_ising:N072,-3.7,empirical,,10.0,,2.0,a8fa234e-a646-4911-8402-a67c302db4ae,2026-08-12T00:11:58.358108+00:00,c1ad72de628f71283ac69037e9bbe97c3e773952f5abde5eac91397ca322d1a6,resource-grid,transverse_field_ising,TFIM-72,"{""coupling"":1.0,""field"":3.0,""periodic"":false}",72,72.0,proportional,1.0,0.00019952623149688788,287.0,143,mpf-j-mizuta2026-theorem6-empirical-operator-norm,multiproduct,MPF J=Mizuta Theorem 6 (resolved per point) [empirical operator norm],empirical-operator-norm,,,10.0,20.0,mizuta2026-theorem6,5.000000000000001,0.0001795736083471991,,,,,,,,,,,,,,,,,,,,,,,,,,,,,,,,,,,,,,,,,,,,,,,,,,,,,0.0001795736083471991,,,,,,,,,,,,,,,,,,,,,,,,,,,,,,,,,,,,,,,,,,,0.1.0,3.11.9,2.5.0,b58b31db18364511c43757e27fffc7abce8df2c1,True,missing_empirical,UnsupportedEmpiricalCalibrationError,"no reviewed empirical operator-norm calibration for method=multiproduct, formal_order=20, model=transverse_field_ising, parameters={'coupling': 1.0, 'field': 3.0, 'periodic': False}, boundary=open, partition=None, schedule='new', formula='ordered-individual-pauli-strang-mpf-v1'"
1.0,transverse_field_ising:N072,-3.7,commutator,,10.0,13234.0,2.0,a8fa234e-a646-4911-8402-a67c302db4ae,2026-08-12T00:11:58.358108+00:00,c1ad72de628f71283ac69037e9bbe97c3e773952f5abde5eac91397ca322d1a6,resource-grid,transverse_field_ising,TFIM-72,"{""coupling"":1.0,""field"":3.0,""periodic"":false}",72,72.0,proportional,1.0,0.00019952623149688788,287.0,143,mpf-j-mizuta2026-theorem6-mizuta2026-commutator-ideal-rigorous,multiproduct,MPF J=Mizuta Theorem 6 (resolved per point) [Mizuta 2026 refined commutator],mizuta2026-commutator-ideal-rigorous,analytical,,10.0,20.0,mizuta2026-theorem6,5.000000000000001,0.0001795736083471991,13234.0,13234.0,,10221.0,"[""error""]",35.48664801303001,20.0,,,1.3550918161433614e-08,8.331266022203357e-16,3.9640010655780803e-16,4.3672649566252753e-16,8.331266022203357e-16,1.3550918994560218e-08,0.00017936502270248452,1.555845886495748e-05,False,0.007044903195934562,"[1.0000000000000002,1.0000000000000002,1.0000000000000002,1.0000000000000002,1.0000000000000002,1.0000000000000002,1.0000000000000002,1.0000000000000002,1.0000000000000002,1.0000000000000002,1.0000000000000002,1.0000000000000002,1.0000000000000002,1.0000000000000002,1.0000000000000002,1.0000000000000002,1.0000000000000002,1.0000000000000002,1.0000000000000002,1.0000000000000002,1.0000000000000002,1.0000000000000002,1.0000000000000002,1.0000000000000002,1.0000000000000002,1.0000000000000002,1.0000000000000002,1.0000000000000002,1.0000000000000002,1.0000000000000002,1.0000000000000002,1.0000000000000002,1.0000000000000002,1.0000000000000002,1.0000000000000002,1.0000000000000002,1.0000000000000002,1.0000000000000002,1.0000000000000002,1.0000000000000002,1.0000000000000002,1.0000000000000002,1.0000000000000002,1.0000000000000002,1.0000000000000002,1.0000000000000002,1.0000000000000002,1.0000000000000002,1.0000000000000002,1.0000000000000002,1.0000000000000002,1.0000000000000002,1.0000000000000002,1.0000000000000002,1.0000000000000002,1.0000000000000002,1.0000000000000002,1.0000000000000002,1.0000000000000002,1.0000000000000002,1.0000000000000002,1.0000000000000002,1.0000000000000002,1.0000000000000002,1.0000000000000002,1.0000000000000002,1.0000000000000002,1.0000000000000002,1.0000000000000002,1.0000000000000002,1.0000000000000002,1.0000000000000002,1.0000000000000002,1.0000000000000002,1.0000000000000002,1.0000000000000002,1.0000000000000002,1.0000000000000002,1.0000000000000002,1.0000000000000002,1.0000000000000002,1.0000000000000002,1.0000000000000002,1.0000000000000002,1.0000000000000002,1.0000000000000002,1.0000000000000002,1.0000000000000002,1.0000000000000002,1.0000000000000002,1.0000000000000002,1.0000000000000002,1.0000000000000002,1.0000000000000002,1.0000000000000002,1.0000000000000002,1.0000000000000002,1.0000000000000002,1.0000000000000002,1.0000000000000002,1.0000000000000002,1.0000000000000002,1.0000000000000002,1.0000000000000002,1.0000000000000002,1.0000000000000002,1.0000000000000002,1.0000000000000002,1.0000000000000002,1.0000000000000002,1.0000000000000002,1.0000000000000002,1.0000000000000002,1.0000000000000002,1.0000000000000002,1.0000000000000002,1.0000000000000002,1.0000000000000002,1.0000000000000002,1.0000000000000002,1.0000000000000002,1.0000000000000002,1.0000000000000002,1.0000000000000002,1.0000000000000002,1.0000000000000002,1.0000000000000002,1.0000000000000002,1.0000000000000002,1.0000000000000002,1.0000000000000002,1.0000000000000002,1.0000000000000002,1.0000000000000002,1.0000000000000002,1.0000000000000002,1.0000000000000002,1.0000000000000002,1.0000000000000002,1.0000000000000002,1.0000000000000002,1.0000000000000002,1.0000000000000002]",5.0000000000000036,20.0,False,,not-used,commutator,mizuta2026-commutator-ideal-rigorous,[],4049604.0,,,,0.00017936502270248452,4.8250301765671435e+39,mizuta2026-commutator-ideal-rigorous,"Mizuta, Quantum 10, 1974 (2026), arXiv:2507.06557v4","Theorem 4, Eqs. (47)--(49), with direct Lemmas 9--10 BCH remainder","{""error_predicate_satisfied"":1.0,""extensiveness_g"":5.000000000000001,""joint_predicate_satisfied"":1.0,""legacy_first_condition_passed"":0.0,""legacy_first_time_limit"":1.555845886495748e-05,""local_commutator_error"":1.3550918161433614e-08,""local_step_error"":1.3550918994560218e-08,""local_truncated_bch_error"":8.331266022203357e-16,""locality_k"":2.0,""mu_upper"":35.48664801303001,""refined_lemma10_remainder"":4.3672649566252753e-16,""refined_lemma9_remainder"":3.9640010655780803e-16,""refined_tail_fallback"":0.0,""repeated_global_error"":0.00017936502270248452,""schedule_weighted_extensiveness"":5.0000000000000036,""second_time_limit"":0.007044903195934562,""time_2_predicate_satisfied"":1.0,""total_branchwise_bch_remainder"":8.331266022203357e-16,""truncation_order_p0"":20.0}",True,ideal-mpf,True,ordered individual Pauli terms,"[""individual Pauli summands define the ordered H_gamma decomposition"",""the actual Strang factors define schedule-weighted g_alpha extensiveness"",""Lemma 9 and Lemma 10 positive majorants directly certify the BCH remainder"",""the scalar-flow/Cauchy refined tail certificate is used"",""Theorem 4 second time hypothesis is satisfied"",""the repeated ideal MPF is composed with the Eq. (15) telescoping argument""]",,20.0,20.0,True,False,"{""2"":1704.0000000000016,""3"":27216.00000000004,""4"":352992.0000000008,""5"":5638464.000000017,""6"":77007360.0000003,""7"":1230183936.0000057,""8"":17379351552.00009,""9"":277660099584.00165,""10"":4013367508992.027,""11"":64125048397824.48,""12"":941929898999815.6,""13"":1.5051227707441284e+16,""14"":2.2371433013969107e+17,""15"":3.57501156198112e+18,""16"":5.361671830269178e+19,""17"":8.568609591565408e+20,""18"":1.2941659397334411e+22,""19"":2.068346456449243e+23,""20"":3.141660676974862e+24}",repeated-shared-ancilla-good-block,True,False,0.0001795736083471991,new,"[1,2,3,4,5,6,7,10,18,46]","[-1.018659142049789e-15,7.422846929019768e-10,-1.3257582359573536e-06,0.00016899488366474386,-0.004245967231050632,0.03062942826404365,-0.06314501886386865,0.12451536167559175,-0.4127707622244733,1.3248492885120446]",1.960326148155259,0.03967385184474104,102.0,registered-exact,True,10.0,5.0,2.0,6.0,12.0,4.0,6.0,3.0,2.0,3.0,2.0,one robust OAA round per segment,13234.0,branch register all-zero,,79.0,2309465340.0,1720420.0,-1.0,337188821320.0,3466039387.0,analytical-model,1.995262314968879e-05,,,,,,,,,,,,0.1.0,3.11.9,2.5.0,b58b31db18364511c43757e27fffc7abce8df2c1,True,ok,,
1.0,transverse_field_ising:N072,-3.8,commutator,1611953.0,,,2.0,a8fa234e-a646-4911-8402-a67c302db4ae,2026-08-12T00:11:58.358108+00:00,c1ad72de628f71283ac69037e9bbe97c3e773952f5abde5eac91397ca322d1a6,resource-grid,transverse_field_ising,TFIM-72,"{""coupling"":1.0,""field"":3.0,""periodic"":false}",72,72.0,proportional,1.0,0.00015848931924611142,287.0,143,trotter-p2,trotter,Trotter p=2,analytical,analytical,2.0,,,,,,1611953.0,,,,,,,,,,,,,,,,,,,,,,,,,,,,,,individual,143.0,0.00014264021608699758,993.0,childs-commutator,"Childs, Su, Tran, Wiebe, and Zhu, arXiv:1912.08854",Propositions 9--10,"{""prefactor"":993.0}",True,implemented-product-formula,True,,"[""the resolved ordered Hamiltonian groups match the implemented formula""]",,,,,,,implemented-product-formula,True,True,0.0001426403873215003,,,,,,,,,,,,,,,,,,,1.0,none,0.0,system register,1.0,72.0,459406605.0,0.0,-1.0,64316924700.0,456193972.0,analytical-model,1.584893192461114e-05,,,,,,,,,,,,0.1.0,3.11.9,2.5.0,b58b31db18364511c43757e27fffc7abce8df2c1,True,ok,,
1.0,transverse_field_ising:N072,-3.8,empirical,424274.0,,,2.0,a8fa234e-a646-4911-8402-a67c302db4ae,2026-08-12T00:11:58.358108+00:00,c1ad72de628f71283ac69037e9bbe97c3e773952f5abde5eac91397ca322d1a6,resource-grid,transverse_field_ising,TFIM-72,"{""coupling"":1.0,""field"":3.0,""periodic"":false}",72,72.0,proportional,1.0,0.00015848931924611142,287.0,143,trotter-p2-empirical,trotter,Trotter p=2 [empirical],empirical-operator-norm,empirical,2.0,,,,,,424274.0,,,,,,,,,,,,,,,,,,,,,,,,,,,,,,individual,143.0,0.00014263995011506623,68.7917766697,empirical-operator-norm,Repository empirical operator-norm calibration study v1 (2026-08-10),reviewed calibration opnorm-v1-tfim-open-trotter-p2; artifact docs/calibration_data/empirical_1d_v1_accepted.json,"{""prefactor"":68.7917766697}",False,implemented-product-formula,False,,"[""the resolved ordered Hamiltonian groups match the implemented formula"",""the fixed formal-order powers in time and segments apply"",""the reviewed affine size calibration extrapolates as flagged""]",,,,,,,implemented-product-formula,False,False,0.0001426403873215003,,,,,,,,,,,,,,,,,,,1.0,none,0.0,system register,1.0,72.0,120918090.0,0.0,-1.0,16203024060.0,120072509.0,analytical-model,1.584893192461114e-05,opnorm-v1-tfim-open-trotter-p2,transverse_field_ising,affine-aN-plus-b,68.7917766697,4.0,12.0,4.0,12.0,True,True,formula,0.1.0,3.11.9,2.5.0,b58b31db18364511c43757e27fffc7abce8df2c1,True,ok,,
1.0,transverse_field_ising:N072,-3.8,commutator,22542.0,,,2.0,a8fa234e-a646-4911-8402-a67c302db4ae,2026-08-12T00:11:58.358108+00:00,c1ad72de628f71283ac69037e9bbe97c3e773952f5abde5eac91397ca322d1a6,resource-grid,transverse_field_ising,TFIM-72,"{""coupling"":1.0,""field"":3.0,""periodic"":false}",72,72.0,proportional,1.0,0.00015848931924611142,287.0,143,trotter-p4,trotter,Trotter p=4,analytical,analytical,4.0,,,,,,22542.0,,,,,,,,,,,,,,,,,,,,,,,,,,,,,,commuting,2.0,0.00014262479941851201,19032.785200508108,schubert-mendl-commutator,"Schubert and Mendl, arXiv:2306.10603",Theorem 1,"{""prefactor"":19032.785200508108}",True,implemented-product-formula,True,,"[""the resolved ordered Hamiltonian groups match the implemented formula""]",,,,,,,implemented-product-formula,True,True,0.0001426403873215003,,,,,,,,,,,,,,,,,,,1.0,none,0.0,system register,1.0,72.0,24232650.0,0.0,-1.0,3077546550.0,24063191.0,analytical-model,1.584893192461114e-05,,,,,,,,,,,,0.1.0,3.11.9,2.5.0,b58b31db18364511c43757e27fffc7abce8df2c1,True,ok,,
1.0,transverse_field_ising:N072,-3.8,empirical,4502.0,,,2.0,a8fa234e-a646-4911-8402-a67c302db4ae,2026-08-12T00:11:58.358108+00:00,c1ad72de628f71283ac69037e9bbe97c3e773952f5abde5eac91397ca322d1a6,resource-grid,transverse_field_ising,TFIM-72,"{""coupling"":1.0,""field"":3.0,""periodic"":false}",72,72.0,proportional,1.0,0.00015848931924611142,287.0,143,trotter-p4-empirical,trotter,Trotter p=4 [empirical],empirical-operator-norm,empirical,4.0,,,,,,4502.0,,,,,,,,,,,,,,,,,,,,,,,,,,,,,,commuting,2.0,0.00014253024443209808,30.2598318541,empirical-operator-norm,Repository empirical operator-norm calibration study v1 (2026-08-10),reviewed calibration opnorm-v1-tfim-open-trotter-p4; artifact docs/calibration_data/empirical_1d_v1_accepted.json,"{""prefactor"":30.2598318541}",False,implemented-product-formula,False,,"[""the resolved ordered Hamiltonian groups match the implemented formula"",""the fixed formal-order powers in time and segments apply"",""the reviewed affine size calibration extrapolates as flagged""]",,,,,,,implemented-product-formula,False,False,0.0001426403873215003,,,,,,,,,,,,,,,,,,,1.0,none,0.0,system register,1.0,72.0,4839650.0,0.0,-1.0,580758000.0,4805807.0,analytical-model,1.584893192461114e-05,opnorm-v1-tfim-open-trotter-p4,transverse_field_ising,affine-aN-plus-b,30.2598318541,4.0,12.0,4.0,12.0,True,True,formula,0.1.0,3.11.9,2.5.0,b58b31db18364511c43757e27fffc7abce8df2c1,True,ok,,
1.0,transverse_field_ising:N072,-3.8,commutator,7846.0,,,2.0,a8fa234e-a646-4911-8402-a67c302db4ae,2026-08-12T00:11:58.358108+00:00,c1ad72de628f71283ac69037e9bbe97c3e773952f5abde5eac91397ca322d1a6,resource-grid,transverse_field_ising,TFIM-72,"{""coupling"":1.0,""field"":3.0,""periodic"":false}",72,72.0,proportional,1.0,0.00015848931924611142,287.0,143,trotter-p6,trotter,Trotter p=6,analytical,analytical,6.0,,,,,,7846.0,,,,,,,,,,,,,,,,,,,,,,,,,,,,,,commuting,2.0,0.00014257403705382097,3315910.460456222,schubert-mendl-commutator,"Schubert and Mendl, arXiv:2306.10603",Theorem 1,"{""prefactor"":3315910.460456222}",True,implemented-product-formula,True,,"[""the resolved ordered Hamiltonian groups match the implemented formula""]",,,,,,,implemented-product-formula,True,True,0.0001426403873215003,,,,,,,,,,,,,,,,,,,1.0,none,0.0,system register,1.0,72.0,42172250.0,0.0,-1.0,5482392500.0,41877340.0,analytical-model,1.584893192461114e-05,,,,,,,,,,,,0.1.0,3.11.9,2.5.0,b58b31db18364511c43757e27fffc7abce8df2c1,True,ok,,
1.0,transverse_field_ising:N072,-3.8,empirical,576.0,,,2.0,a8fa234e-a646-4911-8402-a67c302db4ae,2026-08-12T00:11:58.358108+00:00,c1ad72de628f71283ac69037e9bbe97c3e773952f5abde5eac91397ca322d1a6,resource-grid,transverse_field_ising,TFIM-72,"{""coupling"":1.0,""field"":3.0,""periodic"":false}",72,72.0,proportional,1.0,0.00015848931924611142,287.0,143,trotter-p6-empirical,trotter,Trotter p=6 [empirical],empirical-operator-norm,empirical,6.0,,,,,,576.0,,,,,,,,,,,,,,,,,,,,,,,,,,,,,,commuting,2.0,0.00013562411157531695,0.4937923209,empirical-operator-norm,Repository empirical operator-norm calibration study v1 (2026-08-10),reviewed calibration opnorm-v1-tfim-open-trotter-p6; artifact docs/calibration_data/empirical_1d_v1_accepted.json,"{""prefactor"":0.4937923209}",False,implemented-product-formula,False,,"[""the resolved ordered Hamiltonian groups match the implemented formula"",""the fixed formal-order powers in time and segments apply"",""the reviewed affine size calibration extrapolates as flagged""]",,,,,,,implemented-product-formula,False,False,0.0001426403873215003,,,,,,,,,,,,,,,,,,,1.0,none,0.0,system register,1.0,72.0,3096000.0,0.0,-1.0,365328000.0,3074350.0,analytical-model,1.584893192461114e-05,opnorm-v1-tfim-open-trotter-p6,transverse_field_ising,affine-aN-plus-b,0.4937923209,4.0,12.0,4.0,12.0,True,True,asymptotic-domain,0.1.0,3.11.9,2.5.0,b58b31db18364511c43757e27fffc7abce8df2c1,True,ok,,
1.0,transverse_field_ising:N072,-3.8,jacobi-anger,,,,2.0,a8fa234e-a646-4911-8402-a67c302db4ae,2026-08-12T00:11:58.358108+00:00,c1ad72de628f71283ac69037e9bbe97c3e773952f5abde5eac91397ca322d1a6,resource-grid,transverse_field_ising,TFIM-72,"{""coupling"":1.0,""field"":3.0,""periodic"":false}",72,72.0,proportional,1.0,0.00015848931924611142,287.0,143,qsvt,qsvt,QSVT,jacobi-anger-rigorous,analytical,,,,,,,,,,,,,,,,,,,,,,,,,,,,,,,,,,,168543.0,28091.0,,,3.6946953148508845e-05,,jacobi-anger-polynomial-oaa,"Martyn et al., arXiv:2105.02859, Eqs. (76)--(77)",Jacobi--Anger tails plus exact cubic OAA identity,"{""oaa-unitarity-defect-distortion"":1.8473732520740738e-05,""scaled-polynomial-error"":1.8473220627768107e-05}",True,ideal-qsvt-oaa-good-block,True,,"[""the cosine and sine polynomials are implemented exactly"",""the unamplified good block is exactly Q/2""]",,,,,,,implemented-qsvt-floating-phase-circuit,False,False,0.0001426403873215003,,,,,,,,,,,,,,,,,,,2.0,one robust OAA round,1.0,"component, quadrature, and index registers all-zero",,90.0,86294028.0,195847092.0,-1.0,12260494092.0,1296770598.0,analytical-model,1.584893192461114e-05,,,,,,,,,,,,0.1.0,3.11.9,2.5.0,b58b31db18364511c43757e27fffc7abce8df2c1,True,ok,,
1.0,transverse_field_ising:N072,-3.8,empirical,,10.0,,2.0,a8fa234e-a646-4911-8402-a67c302db4ae,2026-08-12T00:11:58.358108+00:00,c1ad72de628f71283ac69037e9bbe97c3e773952f5abde5eac91397ca322d1a6,resource-grid,transverse_field_ising,TFIM-72,"{""coupling"":1.0,""field"":3.0,""periodic"":false}",72,72.0,proportional,1.0,0.00015848931924611142,287.0,143,mpf-j-mizuta2026-theorem6-empirical-operator-norm,multiproduct,MPF J=Mizuta Theorem 6 (resolved per point) [empirical operator norm],empirical-operator-norm,,,10.0,20.0,mizuta2026-theorem6,5.000000000000001,0.0001426403873215003,,,,,,,,,,,,,,,,,,,,,,,,,,,,,,,,,,,,,,,,,,,,,,,,,,,,,0.0001426403873215003,,,,,,,,,,,,,,,,,,,,,,,,,,,,,,,,,,,,,,,,,,,0.1.0,3.11.9,2.5.0,b58b31db18364511c43757e27fffc7abce8df2c1,True,missing_empirical,UnsupportedEmpiricalCalibrationError,"no reviewed empirical operator-norm calibration for method=multiproduct, formal_order=20, model=transverse_field_ising, parameters={'coupling': 1.0, 'field': 3.0, 'periodic': False}, boundary=open, partition=None, schedule='new', formula='ordered-individual-pauli-strang-mpf-v1'"
1.0,transverse_field_ising:N072,-3.8,commutator,,10.0,13387.0,2.0,a8fa234e-a646-4911-8402-a67c302db4ae,2026-08-12T00:11:58.358108+00:00,c1ad72de628f71283ac69037e9bbe97c3e773952f5abde5eac91397ca322d1a6,resource-grid,transverse_field_ising,TFIM-72,"{""coupling"":1.0,""field"":3.0,""periodic"":false}",72,72.0,proportional,1.0,0.00015848931924611142,287.0,143,mpf-j-mizuta2026-theorem6-mizuta2026-commutator-ideal-rigorous,multiproduct,MPF J=Mizuta Theorem 6 (resolved per point) [Mizuta 2026 refined commutator],mizuta2026-commutator-ideal-rigorous,analytical,,10.0,20.0,mizuta2026-theorem6,5.000000000000001,0.0001426403873215003,13387.0,13387.0,,10221.0,"[""error""]",35.48664801303001,20.0,,,1.0644712292789521e-08,2.973164940422342e-17,2.1528743890171422e-19,2.9516361965321694e-17,2.973164940422342e-17,1.0644712322521171e-08,0.0001425210702590003,1.555845886495748e-05,False,0.007044903195934562,"[1.0000000000000002,1.0000000000000002,1.0000000000000002,1.0000000000000002,1.0000000000000002,1.0000000000000002,1.0000000000000002,1.0000000000000002,1.0000000000000002,1.0000000000000002,1.0000000000000002,1.0000000000000002,1.0000000000000002,1.0000000000000002,1.0000000000000002,1.0000000000000002,1.0000000000000002,1.0000000000000002,1.0000000000000002,1.0000000000000002,1.0000000000000002,1.0000000000000002,1.0000000000000002,1.0000000000000002,1.0000000000000002,1.0000000000000002,1.0000000000000002,1.0000000000000002,1.0000000000000002,1.0000000000000002,1.0000000000000002,1.0000000000000002,1.0000000000000002,1.0000000000000002,1.0000000000000002,1.0000000000000002,1.0000000000000002,1.0000000000000002,1.0000000000000002,1.0000000000000002,1.0000000000000002,1.0000000000000002,1.0000000000000002,1.0000000000000002,1.0000000000000002,1.0000000000000002,1.0000000000000002,1.0000000000000002,1.0000000000000002,1.0000000000000002,1.0000000000000002,1.0000000000000002,1.0000000000000002,1.0000000000000002,1.0000000000000002,1.0000000000000002,1.0000000000000002,1.0000000000000002,1.0000000000000002,1.0000000000000002,1.0000000000000002,1.0000000000000002,1.0000000000000002,1.0000000000000002,1.0000000000000002,1.0000000000000002,1.0000000000000002,1.0000000000000002,1.0000000000000002,1.0000000000000002,1.0000000000000002,1.0000000000000002,1.0000000000000002,1.0000000000000002,1.0000000000000002,1.0000000000000002,1.0000000000000002,1.0000000000000002,1.0000000000000002,1.0000000000000002,1.0000000000000002,1.0000000000000002,1.0000000000000002,1.0000000000000002,1.0000000000000002,1.0000000000000002,1.0000000000000002,1.0000000000000002,1.0000000000000002,1.0000000000000002,1.0000000000000002,1.0000000000000002,1.0000000000000002,1.0000000000000002,1.0000000000000002,1.0000000000000002,1.0000000000000002,1.0000000000000002,1.0000000000000002,1.0000000000000002,1.0000000000000002,1.0000000000000002,1.0000000000000002,1.0000000000000002,1.0000000000000002,1.0000000000000002,1.0000000000000002,1.0000000000000002,1.0000000000000002,1.0000000000000002,1.0000000000000002,1.0000000000000002,1.0000000000000002,1.0000000000000002,1.0000000000000002,1.0000000000000002,1.0000000000000002,1.0000000000000002,1.0000000000000002,1.0000000000000002,1.0000000000000002,1.0000000000000002,1.0000000000000002,1.0000000000000002,1.0000000000000002,1.0000000000000002,1.0000000000000002,1.0000000000000002,1.0000000000000002,1.0000000000000002,1.0000000000000002,1.0000000000000002,1.0000000000000002,1.0000000000000002,1.0000000000000002,1.0000000000000002,1.0000000000000002,1.0000000000000002,1.0000000000000002,1.0000000000000002,1.0000000000000002,1.0000000000000002,1.0000000000000002]",5.0000000000000036,20.0,False,,not-used,commutator,mizuta2026-commutator-ideal-rigorous,[],4096422.0,,,,0.0001425210702590003,4.8250301765671435e+39,mizuta2026-commutator-ideal-rigorous,"Mizuta, Quantum 10, 1974 (2026), arXiv:2507.06557v4","Theorem 4, Eqs. (47)--(49), with direct Lemmas 9--10 BCH remainder","{""error_predicate_satisfied"":1.0,""extensiveness_g"":5.000000000000001,""joint_predicate_satisfied"":1.0,""legacy_first_condition_passed"":0.0,""legacy_first_time_limit"":1.555845886495748e-05,""local_commutator_error"":1.0644712292789521e-08,""local_step_error"":1.0644712322521171e-08,""local_truncated_bch_error"":2.973164940422342e-17,""locality_k"":2.0,""mu_upper"":35.48664801303001,""refined_lemma10_remainder"":2.9516361965321694e-17,""refined_lemma9_remainder"":2.1528743890171422e-19,""refined_tail_fallback"":0.0,""repeated_global_error"":0.0001425210702590003,""schedule_weighted_extensiveness"":5.0000000000000036,""second_time_limit"":0.007044903195934562,""time_2_predicate_satisfied"":1.0,""total_branchwise_bch_remainder"":2.973164940422342e-17,""truncation_order_p0"":20.0}",True,ideal-mpf,True,ordered individual Pauli terms,"[""individual Pauli summands define the ordered H_gamma decomposition"",""the actual Strang factors define schedule-weighted g_alpha extensiveness"",""Lemma 9 and Lemma 10 positive majorants directly certify the BCH remainder"",""the scalar-flow/Cauchy refined tail certificate is used"",""Theorem 4 second time hypothesis is satisfied"",""the repeated ideal MPF is composed with the Eq. (15) telescoping argument""]",,20.0,20.0,True,False,"{""2"":1704.0000000000016,""3"":27216.00000000004,""4"":352992.0000000008,""5"":5638464.000000017,""6"":77007360.0000003,""7"":1230183936.0000057,""8"":17379351552.00009,""9"":277660099584.00165,""10"":4013367508992.027,""11"":64125048397824.48,""12"":941929898999815.6,""13"":1.5051227707441284e+16,""14"":2.2371433013969107e+17,""15"":3.57501156198112e+18,""16"":5.361671830269178e+19,""17"":8.568609591565408e+20,""18"":1.2941659397334411e+22,""19"":2.068346456449243e+23,""20"":3.141660676974862e+24}",repeated-shared-ancilla-good-block,True,False,0.0001426403873215003,new,"[1,2,3,4,5,6,7,10,18,46]","[-1.018659142049789e-15,7.422846929019768e-10,-1.3257582359573536e-06,0.00016899488366474386,-0.004245967231050632,0.03062942826404365,-0.06314501886386865,0.12451536167559175,-0.4127707622244733,1.3248492885120446]",1.960326148155259,0.03967385184474104,102.0,registered-exact,True,10.0,5.0,2.0,6.0,12.0,4.0,6.0,3.0,2.0,3.0,2.0,one robust OAA round per segment,13387.0,branch register all-zero,,79.0,2336165370.0,1740310.0,-1.0,343423270630.0,3506110721.0,analytical-model,1.584893192461114e-05,,,,,,,,,,,,0.1.0,3.11.9,2.5.0,b58b31db18364511c43757e27fffc7abce8df2c1,True,ok,,
1.0,transverse_field_ising:N072,-3.9,commutator,1808640.0,,,2.0,a8fa234e-a646-4911-8402-a67c302db4ae,2026-08-12T00:11:58.358108+00:00,c1ad72de628f71283ac69037e9bbe97c3e773952f5abde5eac91397ca322d1a6,resource-grid,transverse_field_ising,TFIM-72,"{""coupling"":1.0,""field"":3.0,""periodic"":false}",72,72.0,proportional,1.0,0.00012589254117941674,287.0,143,trotter-p2,trotter,Trotter p=2,analytical,analytical,2.0,,,,,,1808640.0,,,,,,,,,,,,,,,,,,,,,,,,,,,,,,individual,143.0,0.00011330327802344924,993.0,childs-commutator,"Childs, Su, Tran, Wiebe, and Zhu, arXiv:1912.08854",Propositions 9--10,"{""prefactor"":993.0}",True,implemented-product-formula,True,,"[""the resolved ordered Hamiltonian groups match the implemented formula""]",,,,,,,implemented-product-formula,True,True,0.00011330328706147508,,,,,,,,,,,,,,,,,,,1.0,none,0.0,system register,1.0,72.0,515462400.0,0.0,-1.0,73195660800.0,511857768.0,analytical-model,1.2589254117941675e-05,,,,,,,,,,,,0.1.0,3.11.9,2.5.0,b58b31db18364511c43757e27fffc7abce8df2c1,True,ok,,
1.0,transverse_field_ising:N072,-3.9,empirical,476043.0,,,2.0,a8fa234e-a646-4911-8402-a67c302db4ae,2026-08-12T00:11:58.358108+00:00,c1ad72de628f71283ac69037e9bbe97c3e773952f5abde5eac91397ca322d1a6,resource-grid,transverse_field_ising,TFIM-72,"{""coupling"":1.0,""field"":3.0,""periodic"":false}",72,72.0,proportional,1.0,0.00012589254117941674,287.0,143,trotter-p2-empirical,trotter,Trotter p=2 [empirical],empirical-operator-norm,empirical,2.0,,,,,,476043.0,,,,,,,,,,,,,,,,,,,,,,,,,,,,,,individual,143.0,0.00011330306243711122,68.7917766697,empirical-operator-norm,Repository empirical operator-norm calibration study v1 (2026-08-10),reviewed calibration opnorm-v1-tfim-open-trotter-p2; artifact docs/calibration_data/empirical_1d_v1_accepted.json,"{""prefactor"":68.7917766697}",False,implemented-product-formula,False,,"[""the resolved ordered Hamiltonian groups match the implemented formula"",""the fixed formal-order powers in time and segments apply"",""the reviewed affine size calibration extrapolates as flagged""]",,,,,,,implemented-product-formula,False,False,0.00011330328706147508,,,,,,,,,,,,,,,,,,,1.0,none,0.0,system register,1.0,72.0,135672255.0,0.0,-1.0,18451426680.0,134723498.0,analytical-model,1.2589254117941675e-05,opnorm-v1-tfim-open-trotter-p2,transverse_field_ising,affine-aN-plus-b,68.7917766697,4.0,12.0,4.0,12.0,True,True,formula,0.1.0,3.11.9,2.5.0,b58b31db18364511c43757e27fffc7abce8df2c1,True,ok,,
1.0,transverse_field_ising:N072,-3.9,commutator,23878.0,,,2.0,a8fa234e-a646-4911-8402-a67c302db4ae,2026-08-12T00:11:58.358108+00:00,c1ad72de628f71283ac69037e9bbe97c3e773952f5abde5eac91397ca322d1a6,resource-grid,transverse_field_ising,TFIM-72,"{""coupling"":1.0,""field"":3.0,""periodic"":false}",72,72.0,proportional,1.0,0.00012589254117941674,287.0,143,trotter-p4,trotter,Trotter p=4,analytical,analytical,4.0,,,,,,23878.0,,,,,,,,,,,,,,,,,,,,,,,,,,,,,,commuting,2.0,0.00011328516381281705,19032.785200508108,schubert-mendl-commutator,"Schubert and Mendl, arXiv:2306.10603",Theorem 1,"{""prefactor"":19032.785200508108}",True,implemented-product-formula,True,,"[""the resolved ordered Hamiltonian groups match the implemented formula""]",,,,,,,implemented-product-formula,True,True,0.00011330328706147508,,,,,,,,,,,,,,,,,,,1.0,none,0.0,system register,1.0,72.0,25668850.0,0.0,-1.0,3311281650.0,25489348.0,analytical-model,1.2589254117941675e-05,,,,,,,,,,,,0.1.0,3.11.9,2.5.0,b58b31db18364511c43757e27fffc7abce8df2c1,True,ok,,
1.0,transverse_field_ising:N072,-3.9,empirical,4768.0,,,2.0,a8fa234e-a646-4911-8402-a67c302db4ae,2026-08-12T00:11:58.358108+00:00,c1ad72de628f71283ac69037e9bbe97c3e773952f5abde5eac91397ca322d1a6,resource-grid,transverse_field_ising,TFIM-72,"{""coupling"":1.0,""field"":3.0,""periodic"":false}",72,72.0,proportional,1.0,0.00012589254117941674,287.0,143,trotter-p4-empirical,trotter,Trotter p=4 [empirical],empirical-operator-norm,empirical,4.0,,,,,,4768.0,,,,,,,,,,,,,,,,,,,,,,,,,,,,,,commuting,2.0,0.00011328802501202243,30.2598318541,empirical-operator-norm,Repository empirical operator-norm calibration study v1 (2026-08-10),reviewed calibration opnorm-v1-tfim-open-trotter-p4; artifact docs/calibration_data/empirical_1d_v1_accepted.json,"{""prefactor"":30.2598318541}",False,implemented-product-formula,False,,"[""the resolved ordered Hamiltonian groups match the implemented formula"",""the fixed formal-order powers in time and segments apply"",""the reviewed affine size calibration extrapolates as flagged""]",,,,,,,implemented-product-formula,False,False,0.00011330328706147508,,,,,,,,,,,,,,,,,,,1.0,none,0.0,system register,1.0,72.0,5125600.0,0.0,-1.0,620197600.0,5089757.0,analytical-model,1.2589254117941675e-05,opnorm-v1-tfim-open-trotter-p4,transverse_field_ising,affine-aN-plus-b,30.2598318541,4.0,12.0,4.0,12.0,True,True,formula,0.1.0,3.11.9,2.5.0,b58b31db18364511c43757e27fffc7abce8df2c1,True,ok,,
1.0,transverse_field_ising:N072,-3.9,commutator,8153.0,,,2.0,a8fa234e-a646-4911-8402-a67c302db4ae,2026-08-12T00:11:58.358108+00:00,c1ad72de628f71283ac69037e9bbe97c3e773952f5abde5eac91397ca322d1a6,resource-grid,transverse_field_ising,TFIM-72,"{""coupling"":1.0,""field"":3.0,""periodic"":false}",72,72.0,proportional,1.0,0.00012589254117941674,287.0,143,trotter-p6,trotter,Trotter p=6,analytical,analytical,6.0,,,,,,8153.0,,,,,,,,,,,,,,,,,,,,,,,,,,,,,,commuting,2.0,0.00011324671572218125,3315910.460456222,schubert-mendl-commutator,"Schubert and Mendl, arXiv:2306.10603",Theorem 1,"{""prefactor"":3315910.460456222}",True,implemented-product-formula,True,,"[""the resolved ordered Hamiltonian groups match the implemented formula""]",,,,,,,implemented-product-formula,True,True,0.00011330328706147508,,,,,,,,,,,,,,,,,,,1.0,none,0.0,system register,1.0,72.0,43822375.0,0.0,-1.0,5740731125.0,43515925.0,analytical-model,1.2589254117941675e-05,,,,,,,,,,,,0.1.0,3.11.9,2.5.0,b58b31db18364511c43757e27fffc7abce8df2c1,True,ok,,
1.0,transverse_field_ising:N072,-3.9,empirical,594.0,,,2.0,a8fa234e-a646-4911-8402-a67c302db4ae,2026-08-12T00:11:58.358108+00:00,c1ad72de628f71283ac69037e9bbe97c3e773952f5abde5eac91397ca322d1a6,resource-grid,transverse_field_ising,TFIM-72,"{""coupling"":1.0,""field"":3.0,""periodic"":false}",72,72.0,proportional,1.0,0.00012589254117941674,287.0,143,trotter-p6-empirical,trotter,Trotter p=6 [empirical],empirical-operator-norm,empirical,6.0,,,,,,594.0,,,,,,,,,,,,,,,,,,,,,,,,,,,,,,commuting,2.0,0.00011275949883141127,0.4937923209,empirical-operator-norm,Repository empirical operator-norm calibration study v1 (2026-08-10),reviewed calibration opnorm-v1-tfim-open-trotter-p6; artifact docs/calibration_data/empirical_1d_v1_accepted.json,"{""prefactor"":0.4937923209}",False,implemented-product-formula,False,,"[""the resolved ordered Hamiltonian groups match the implemented formula"",""the fixed formal-order powers in time and segments apply"",""the reviewed affine size calibration extrapolates as flagged""]",,,,,,,implemented-product-formula,False,False,0.00011330328706147508,,,,,,,,,,,,,,,,,,,1.0,none,0.0,system register,1.0,72.0,3192750.0,0.0,-1.0,379937250.0,3170424.0,analytical-model,1.2589254117941675e-05,opnorm-v1-tfim-open-trotter-p6,transverse_field_ising,affine-aN-plus-b,0.4937923209,4.0,12.0,4.0,12.0,True,True,formula,0.1.0,3.11.9,2.5.0,b58b31db18364511c43757e27fffc7abce8df2c1,True,ok,,
1.0,transverse_field_ising:N072,-3.9,jacobi-anger,,,,2.0,a8fa234e-a646-4911-8402-a67c302db4ae,2026-08-12T00:11:58.358108+00:00,c1ad72de628f71283ac69037e9bbe97c3e773952f5abde5eac91397ca322d1a6,resource-grid,transverse_field_ising,TFIM-72,"{""coupling"":1.0,""field"":3.0,""periodic"":false}",72,72.0,proportional,1.0,0.00012589254117941674,287.0,143,qsvt,qsvt,QSVT,jacobi-anger-rigorous,analytical,,,,,,,,,,,,,,,,,,,,,,,,,,,,,,,,,,,168555.0,28093.0,,,1.5442861966601325e-05,,jacobi-anger-polynomial-oaa,"Martyn et al., arXiv:2105.02859, Eqs. (76)--(77)",Jacobi--Anger tails plus exact cubic OAA identity,"{""oaa-unitarity-defect-distortion"":7.721475698270178e-06,""scaled-polynomial-error"":7.721386268331148e-06}",True,ideal-qsvt-oaa-good-block,True,,"[""the cosine and sine polynomials are implemented exactly"",""the unamplified good block is exactly Q/2""]",,,,,,,implemented-qsvt-floating-phase-circuit,False,False,0.00011330328706147508,,,,,,,,,,,,,,,,,,,2.0,one robust OAA round,1.0,"component, quadrature, and index registers all-zero",,90.0,86300172.0,195861036.0,-1.0,12347667192.0,1296862926.0,analytical-model,1.2589254117941675e-05,,,,,,,,,,,,0.1.0,3.11.9,2.5.0,b58b31db18364511c43757e27fffc7abce8df2c1,True,ok,,
1.0,transverse_field_ising:N072,-3.9,empirical,,10.0,,2.0,a8fa234e-a646-4911-8402-a67c302db4ae,2026-08-12T00:11:58.358108+00:00,c1ad72de628f71283ac69037e9bbe97c3e773952f5abde5eac91397ca322d1a6,resource-grid,transverse_field_ising,TFIM-72,"{""coupling"":1.0,""field"":3.0,""periodic"":false}",72,72.0,proportional,1.0,0.00012589254117941674,287.0,143,mpf-j-mizuta2026-theorem6-empirical-operator-norm,multiproduct,MPF J=Mizuta Theorem 6 (resolved per point) [empirical operator norm],empirical-operator-norm,,,10.0,20.0,mizuta2026-theorem6,5.000000000000001,0.00011330328706147508,,,,,,,,,,,,,,,,,,,,,,,,,,,,,,,,,,,,,,,,,,,,,,,,,,,,,0.00011330328706147508,,,,,,,,,,,,,,,,,,,,,,,,,,,,,,,,,,,,,,,,,,,0.1.0,3.11.9,2.5.0,b58b31db18364511c43757e27fffc7abce8df2c1,True,missing_empirical,UnsupportedEmpiricalCalibrationError,"no reviewed empirical operator-norm calibration for method=multiproduct, formal_order=20, model=transverse_field_ising, parameters={'coupling': 1.0, 'field': 3.0, 'periodic': False}, boundary=open, partition=None, schedule='new', formula='ordered-individual-pauli-strang-mpf-v1'"
1.0,transverse_field_ising:N072,-3.9,commutator,,10.0,13542.0,2.0,a8fa234e-a646-4911-8402-a67c302db4ae,2026-08-12T00:11:58.358108+00:00,c1ad72de628f71283ac69037e9bbe97c3e773952f5abde5eac91397ca322d1a6,resource-grid,transverse_field_ising,TFIM-72,"{""coupling"":1.0,""field"":3.0,""periodic"":false}",72,72.0,proportional,1.0,0.00012589254117941674,287.0,143,mpf-j-mizuta2026-theorem6-mizuta2026-commutator-ideal-rigorous,multiproduct,MPF J=Mizuta Theorem 6 (resolved per point) [Mizuta 2026 refined commutator],mizuta2026-commutator-ideal-rigorous,analytical,,10.0,20.0,mizuta2026-theorem6,5.000000000000001,0.00011330328706147508,13542.0,13542.0,,10221.0,"[""error""]",35.48664801303001,20.0,,,8.35879088015583e-09,2.3084827896082885e-17,1.9911824639095761e-19,2.2885709649691924e-17,2.3084827896082885e-17,8.358790903240659e-09,0.00011320755924118057,1.555845886495748e-05,False,0.007044903195934562,"[1.0000000000000002,1.0000000000000002,1.0000000000000002,1.0000000000000002,1.0000000000000002,1.0000000000000002,1.0000000000000002,1.0000000000000002,1.0000000000000002,1.0000000000000002,1.0000000000000002,1.0000000000000002,1.0000000000000002,1.0000000000000002,1.0000000000000002,1.0000000000000002,1.0000000000000002,1.0000000000000002,1.0000000000000002,1.0000000000000002,1.0000000000000002,1.0000000000000002,1.0000000000000002,1.0000000000000002,1.0000000000000002,1.0000000000000002,1.0000000000000002,1.0000000000000002,1.0000000000000002,1.0000000000000002,1.0000000000000002,1.0000000000000002,1.0000000000000002,1.0000000000000002,1.0000000000000002,1.0000000000000002,1.0000000000000002,1.0000000000000002,1.0000000000000002,1.0000000000000002,1.0000000000000002,1.0000000000000002,1.0000000000000002,1.0000000000000002,1.0000000000000002,1.0000000000000002,1.0000000000000002,1.0000000000000002,1.0000000000000002,1.0000000000000002,1.0000000000000002,1.0000000000000002,1.0000000000000002,1.0000000000000002,1.0000000000000002,1.0000000000000002,1.0000000000000002,1.0000000000000002,1.0000000000000002,1.0000000000000002,1.0000000000000002,1.0000000000000002,1.0000000000000002,1.0000000000000002,1.0000000000000002,1.0000000000000002,1.0000000000000002,1.0000000000000002,1.0000000000000002,1.0000000000000002,1.0000000000000002,1.0000000000000002,1.0000000000000002,1.0000000000000002,1.0000000000000002,1.0000000000000002,1.0000000000000002,1.0000000000000002,1.0000000000000002,1.0000000000000002,1.0000000000000002,1.0000000000000002,1.0000000000000002,1.0000000000000002,1.0000000000000002,1.0000000000000002,1.0000000000000002,1.0000000000000002,1.0000000000000002,1.0000000000000002,1.0000000000000002,1.0000000000000002,1.0000000000000002,1.0000000000000002,1.0000000000000002,1.0000000000000002,1.0000000000000002,1.0000000000000002,1.0000000000000002,1.0000000000000002,1.0000000000000002,1.0000000000000002,1.0000000000000002,1.0000000000000002,1.0000000000000002,1.0000000000000002,1.0000000000000002,1.0000000000000002,1.0000000000000002,1.0000000000000002,1.0000000000000002,1.0000000000000002,1.0000000000000002,1.0000000000000002,1.0000000000000002,1.0000000000000002,1.0000000000000002,1.0000000000000002,1.0000000000000002,1.0000000000000002,1.0000000000000002,1.0000000000000002,1.0000000000000002,1.0000000000000002,1.0000000000000002,1.0000000000000002,1.0000000000000002,1.0000000000000002,1.0000000000000002,1.0000000000000002,1.0000000000000002,1.0000000000000002,1.0000000000000002,1.0000000000000002,1.0000000000000002,1.0000000000000002,1.0000000000000002,1.0000000000000002,1.0000000000000002,1.0000000000000002,1.0000000000000002,1.0000000000000002,1.0000000000000002]",5.0000000000000036,20.0,False,,not-used,commutator,mizuta2026-commutator-ideal-rigorous,[],4143852.0,,,,0.00011320755924118057,4.8250301765671435e+39,mizuta2026-commutator-ideal-rigorous,"Mizuta, Quantum 10, 1974 (2026), arXiv:2507.06557v4","Theorem 4, Eqs. (47)--(49), with direct Lemmas 9--10 BCH remainder","{""error_predicate_satisfied"":1.0,""extensiveness_g"":5.000000000000001,""joint_predicate_satisfied"":1.0,""legacy_first_condition_passed"":0.0,""legacy_first_time_limit"":1.555845886495748e-05,""local_commutator_error"":8.35879088015583e-09,""local_step_error"":8.358790903240659e-09,""local_truncated_bch_error"":2.3084827896082885e-17,""locality_k"":2.0,""mu_upper"":35.48664801303001,""refined_lemma10_remainder"":2.2885709649691924e-17,""refined_lemma9_remainder"":1.9911824639095761e-19,""refined_tail_fallback"":0.0,""repeated_global_error"":0.00011320755924118057,""schedule_weighted_extensiveness"":5.0000000000000036,""second_time_limit"":0.007044903195934562,""time_2_predicate_satisfied"":1.0,""total_branchwise_bch_remainder"":2.3084827896082885e-17,""truncation_order_p0"":20.0}",True,ideal-mpf,True,ordered individual Pauli terms,"[""individual Pauli summands define the ordered H_gamma decomposition"",""the actual Strang factors define schedule-weighted g_alpha extensiveness"",""Lemma 9 and Lemma 10 positive majorants directly certify the BCH remainder"",""the scalar-flow/Cauchy refined tail certificate is used"",""Theorem 4 second time hypothesis is satisfied"",""the repeated ideal MPF is composed with the Eq. (15) telescoping argument""]",,20.0,20.0,True,False,"{""2"":1704.0000000000016,""3"":27216.00000000004,""4"":352992.0000000008,""5"":5638464.000000017,""6"":77007360.0000003,""7"":1230183936.0000057,""8"":17379351552.00009,""9"":277660099584.00165,""10"":4013367508992.027,""11"":64125048397824.48,""12"":941929898999815.6,""13"":1.5051227707441284e+16,""14"":2.2371433013969107e+17,""15"":3.57501156198112e+18,""16"":5.361671830269178e+19,""17"":8.568609591565408e+20,""18"":1.2941659397334411e+22,""19"":2.068346456449243e+23,""20"":3.141660676974862e+24}",repeated-shared-ancilla-good-block,True,False,0.00011330328706147508,new,"[1,2,3,4,5,6,7,10,18,46]","[-1.018659142049789e-15,7.422846929019768e-10,-1.3257582359573536e-06,0.00016899488366474386,-0.004245967231050632,0.03062942826404365,-0.06314501886386865,0.12451536167559175,-0.4127707622244733,1.3248492885120446]",1.960326148155259,0.03967385184474104,102.0,registered-exact,True,10.0,5.0,2.0,6.0,12.0,4.0,6.0,3.0,2.0,3.0,2.0,one robust OAA round per segment,13542.0,branch register all-zero,,79.0,2363214420.0,1760460.0,-1.0,349762776000.0,3546705862.0,analytical-model,1.2589254117941675e-05,,,,,,,,,,,,0.1.0,3.11.9,2.5.0,b58b31db18364511c43757e27fffc7abce8df2c1,True,ok,,
1.0,transverse_field_ising:N072,-4.0,commutator,2029328.0,,,2.0,a8fa234e-a646-4911-8402-a67c302db4ae,2026-08-12T00:11:58.358108+00:00,c1ad72de628f71283ac69037e9bbe97c3e773952f5abde5eac91397ca322d1a6,resource-grid,transverse_field_ising,TFIM-72,"{""coupling"":1.0,""field"":3.0,""periodic"":false}",72,72.0,proportional,1.0,0.0001,287.0,143,trotter-p2,trotter,Trotter p=2,analytical,analytical,2.0,,,,,,2029328.0,,,,,,,,,,,,,,,,,,,,,,,,,,,,,,individual,143.0,8.999994467386193e-05,993.0,childs-commutator,"Childs, Su, Tran, Wiebe, and Zhu, arXiv:1912.08854",Propositions 9--10,"{""prefactor"":993.0}",True,implemented-product-formula,True,,"[""the resolved ordered Hamiltonian groups match the implemented formula""]",,,,,,,implemented-product-formula,True,True,9e-05,,,,,,,,,,,,,,,,,,,1.0,none,0.0,system register,1.0,72.0,578358480.0,0.0,-1.0,82705262640.0,574314016.0,analytical-model,1e-05,,,,,,,,,,,,0.1.0,3.11.9,2.5.0,b58b31db18364511c43757e27fffc7abce8df2c1,True,ok,,
1.0,transverse_field_ising:N072,-4.0,empirical,534129.0,,,2.0,a8fa234e-a646-4911-8402-a67c302db4ae,2026-08-12T00:11:58.358108+00:00,c1ad72de628f71283ac69037e9bbe97c3e773952f5abde5eac91397ca322d1a6,resource-grid,transverse_field_ising,TFIM-72,"{""coupling"":1.0,""field"":3.0,""periodic"":false}",72,72.0,proportional,1.0,0.0001,287.0,143,trotter-p2-empirical,trotter,Trotter p=2 [empirical],empirical-operator-norm,empirical,2.0,,,,,,534129.0,,,,,,,,,,,,,,,,,,,,,,,,,,,,,,individual,143.0,8.999983203532721e-05,68.7917766697,empirical-operator-norm,Repository empirical operator-norm calibration study v1 (2026-08-10),reviewed calibration opnorm-v1-tfim-open-trotter-p2; artifact docs/calibration_data/empirical_1d_v1_accepted.json,"{""prefactor"":68.7917766697}",False,implemented-product-formula,False,,"[""the resolved ordered Hamiltonian groups match the implemented formula"",""the fixed formal-order powers in time and segments apply"",""the reviewed affine size calibration extrapolates as flagged""]",,,,,,,implemented-product-formula,False,False,9e-05,,,,,,,,,,,,,,,,,,,1.0,none,0.0,system register,1.0,72.0,152226765.0,0.0,-1.0,20855066805.0,151162243.0,analytical-model,1e-05,opnorm-v1-tfim-open-trotter-p2,transverse_field_ising,affine-aN-plus-b,68.7917766697,4.0,12.0,4.0,12.0,True,True,formula,0.1.0,3.11.9,2.5.0,b58b31db18364511c43757e27fffc7abce8df2c1,True,ok,,
1.0,transverse_field_ising:N072,-4.0,commutator,25292.0,,,2.0,a8fa234e-a646-4911-8402-a67c302db4ae,2026-08-12T00:11:58.358108+00:00,c1ad72de628f71283ac69037e9bbe97c3e773952f5abde5eac91397ca322d1a6,resource-grid,transverse_field_ising,TFIM-72,"{""coupling"":1.0,""field"":3.0,""periodic"":false}",72,72.0,proportional,1.0,0.0001,287.0,143,trotter-p4,trotter,Trotter p=4,analytical,analytical,4.0,,,,,,25292.0,,,,,,,,,,,,,,,,,,,,,,,,,,,,,,commuting,2.0,8.999785028471313e-05,19032.785200508108,schubert-mendl-commutator,"Schubert and Mendl, arXiv:2306.10603",Theorem 1,"{""prefactor"":19032.785200508108}",True,implemented-product-formula,True,,"[""the resolved ordered Hamiltonian groups match the implemented formula""]",,,,,,,implemented-product-formula,True,True,9e-05,,,,,,,,,,,,,,,,,,,1.0,none,0.0,system register,1.0,72.0,27188900.0,0.0,-1.0,3534557000.0,26998768.0,analytical-model,1e-05,,,,,,,,,,,,0.1.0,3.11.9,2.5.0,b58b31db18364511c43757e27fffc7abce8df2c1,True,ok,,
1.0,transverse_field_ising:N072,-4.0,empirical,5051.0,,,2.0,a8fa234e-a646-4911-8402-a67c302db4ae,2026-08-12T00:11:58.358108+00:00,c1ad72de628f71283ac69037e9bbe97c3e773952f5abde5eac91397ca322d1a6,resource-grid,transverse_field_ising,TFIM-72,"{""coupling"":1.0,""field"":3.0,""periodic"":false}",72,72.0,proportional,1.0,0.0001,287.0,143,trotter-p4-empirical,trotter,Trotter p=4 [empirical],empirical-operator-norm,empirical,4.0,,,,,,5051.0,,,,,,,,,,,,,,,,,,,,,,,,,,,,,,commuting,2.0,8.995380086496187e-05,30.2598318541,empirical-operator-norm,Repository empirical operator-norm calibration study v1 (2026-08-10),reviewed calibration opnorm-v1-tfim-open-trotter-p4; artifact docs/calibration_data/empirical_1d_v1_accepted.json,"{""prefactor"":30.2598318541}",False,implemented-product-formula,False,,"[""the resolved ordered Hamiltonian groups match the implemented formula"",""the fixed formal-order powers in time and segments apply"",""the reviewed affine size calibration extrapolates as flagged""]",,,,,,,implemented-product-formula,False,False,9e-05,,,,,,,,,,,,,,,,,,,1.0,none,0.0,system register,1.0,72.0,5429825.0,0.0,-1.0,667868475.0,5391855.0,analytical-model,1e-05,opnorm-v1-tfim-open-trotter-p4,transverse_field_ising,affine-aN-plus-b,30.2598318541,4.0,12.0,4.0,12.0,True,True,formula,0.1.0,3.11.9,2.5.0,b58b31db18364511c43757e27fffc7abce8df2c1,True,ok,,
1.0,transverse_field_ising:N072,-4.0,commutator,8472.0,,,2.0,a8fa234e-a646-4911-8402-a67c302db4ae,2026-08-12T00:11:58.358108+00:00,c1ad72de628f71283ac69037e9bbe97c3e773952f5abde5eac91397ca322d1a6,resource-grid,transverse_field_ising,TFIM-72,"{""coupling"":1.0,""field"":3.0,""periodic"":false}",72,72.0,proportional,1.0,0.0001,287.0,143,trotter-p6,trotter,Trotter p=6,analytical,analytical,6.0,,,,,,8472.0,,,,,,,,,,,,,,,,,,,,,,,,,,,,,,commuting,2.0,8.995277946110343e-05,3315910.460456222,schubert-mendl-commutator,"Schubert and Mendl, arXiv:2306.10603",Theorem 1,"{""prefactor"":3315910.460456222}",True,implemented-product-formula,True,,"[""the resolved ordered Hamiltonian groups match the implemented formula""]",,,,,,,implemented-product-formula,True,True,9e-05,,,,,,,,,,,,,,,,,,,1.0,none,0.0,system register,1.0,72.0,45537000.0,0.0,-1.0,6010884000.0,45218560.0,analytical-model,1e-05,,,,,,,,,,,,0.1.0,3.11.9,2.5.0,b58b31db18364511c43757e27fffc7abce8df2c1,True,ok,,
1.0,transverse_field_ising:N072,-4.0,empirical,617.0,,,2.0,a8fa234e-a646-4911-8402-a67c302db4ae,2026-08-12T00:11:58.358108+00:00,c1ad72de628f71283ac69037e9bbe97c3e773952f5abde5eac91397ca322d1a6,resource-grid,transverse_field_ising,TFIM-72,"{""coupling"":1.0,""field"":3.0,""periodic"":false}",72,72.0,proportional,1.0,0.0001,287.0,143,trotter-p6-empirical,trotter,Trotter p=6 [empirical],empirical-operator-norm,empirical,6.0,,,,,,617.0,,,,,,,,,,,,,,,,,,,,,,,,,,,,,,commuting,2.0,8.977611809240948e-05,0.4937923209,empirical-operator-norm,Repository empirical operator-norm calibration study v1 (2026-08-10),reviewed calibration opnorm-v1-tfim-open-trotter-p6; artifact docs/calibration_data/empirical_1d_v1_accepted.json,"{""prefactor"":0.4937923209}",False,implemented-product-formula,False,,"[""the resolved ordered Hamiltonian groups match the implemented formula"",""the fixed formal-order powers in time and segments apply"",""the reviewed affine size calibration extrapolates as flagged""]",,,,,,,implemented-product-formula,False,False,9e-05,,,,,,,,,,,,,,,,,,,1.0,none,0.0,system register,1.0,72.0,3316375.0,0.0,-1.0,401281375.0,3293184.0,analytical-model,1e-05,opnorm-v1-tfim-open-trotter-p6,transverse_field_ising,affine-aN-plus-b,0.4937923209,4.0,12.0,4.0,12.0,True,True,formula,0.1.0,3.11.9,2.5.0,b58b31db18364511c43757e27fffc7abce8df2c1,True,ok,,
1.0,transverse_field_ising:N072,-4.0,jacobi-anger,,,,2.0,a8fa234e-a646-4911-8402-a67c302db4ae,2026-08-12T00:11:58.358108+00:00,c1ad72de628f71283ac69037e9bbe97c3e773952f5abde5eac91397ca322d1a6,resource-grid,transverse_field_ising,TFIM-72,"{""coupling"":1.0,""field"":3.0,""periodic"":false}",72,72.0,proportional,1.0,0.0001,287.0,143,qsvt,qsvt,QSVT,jacobi-anger-rigorous,analytical,,,,,,,,,,,,,,,,,,,,,,,,,,,,,,,,,,,168555.0,28093.0,,,1.2853584068167288e-05,,jacobi-anger-polynomial-oaa,"Martyn et al., arXiv:2105.02859, Eqs. (76)--(77)",Jacobi--Anger tails plus exact cubic OAA identity,"{""oaa-unitarity-defect-distortion"":6.426823011593265e-06,""scaled-polynomial-error"":6.4267610565740234e-06}",True,ideal-qsvt-oaa-good-block,True,,"[""the cosine and sine polynomials are implemented exactly"",""the unamplified good block is exactly Q/2""]",,,,,,,implemented-qsvt-floating-phase-circuit,False,False,9e-05,,,,,,,,,,,,,,,,,,,2.0,one robust OAA round,1.0,"component, quadrature, and index registers all-zero",,90.0,86300172.0,195861036.0,-1.0,12433967364.0,1296862926.0,analytical-model,1e-05,,,,,,,,,,,,0.1.0,3.11.9,2.5.0,b58b31db18364511c43757e27fffc7abce8df2c1,True,ok,,
1.0,transverse_field_ising:N072,-4.0,empirical,,10.0,,2.0,a8fa234e-a646-4911-8402-a67c302db4ae,2026-08-12T00:11:58.358108+00:00,c1ad72de628f71283ac69037e9bbe97c3e773952f5abde5eac91397ca322d1a6,resource-grid,transverse_field_ising,TFIM-72,"{""coupling"":1.0,""field"":3.0,""periodic"":false}",72,72.0,proportional,1.0,0.0001,287.0,143,mpf-j-mizuta2026-theorem6-empirical-operator-norm,multiproduct,MPF J=Mizuta Theorem 6 (resolved per point) [empirical operator norm],empirical-operator-norm,,,10.0,20.0,mizuta2026-theorem6,5.000000000000001,9e-05,,,,,,,,,,,,,,,,,,,,,,,,,,,,,,,,,,,,,,,,,,,,,,,,,,,,,9e-05,,,,,,,,,,,,,,,,,,,,,,,,,,,,,,,,,,,,,,,,,,,0.1.0,3.11.9,2.5.0,b58b31db18364511c43757e27fffc7abce8df2c1,True,missing_empirical,UnsupportedEmpiricalCalibrationError,"no reviewed empirical operator-norm calibration for method=multiproduct, formal_order=20, model=transverse_field_ising, parameters={'coupling': 1.0, 'field': 3.0, 'periodic': False}, boundary=open, partition=None, schedule='new', formula='ordered-individual-pauli-strang-mpf-v1'"
1.0,transverse_field_ising:N072,-4.0,commutator,,10.0,13699.0,2.0,a8fa234e-a646-4911-8402-a67c302db4ae,2026-08-12T00:11:58.358108+00:00,c1ad72de628f71283ac69037e9bbe97c3e773952f5abde5eac91397ca322d1a6,resource-grid,transverse_field_ising,TFIM-72,"{""coupling"":1.0,""field"":3.0,""periodic"":false}",72,72.0,proportional,1.0,0.0001,287.0,143,mpf-j-mizuta2026-theorem6-mizuta2026-commutator-ideal-rigorous,multiproduct,MPF J=Mizuta Theorem 6 (resolved per point) [Mizuta 2026 refined commutator],mizuta2026-commutator-ideal-rigorous,analytical,,10.0,20.0,mizuta2026-theorem6,5.000000000000001,9e-05,13699.0,13699.0,,10221.0,"[""error""]",35.48664801303001,20.0,,,6.5616986274862135e-09,1.7955584428863346e-17,1.8415048525698862e-19,1.7771433943606355e-17,1.7955584428863346e-17,6.561698645441799e-09,8.989678949730487e-05,1.555845886495748e-05,False,0.007044903195934562,"[1.0000000000000002,1.0000000000000002,1.0000000000000002,1.0000000000000002,1.0000000000000002,1.0000000000000002,1.0000000000000002,1.0000000000000002,1.0000000000000002,1.0000000000000002,1.0000000000000002,1.0000000000000002,1.0000000000000002,1.0000000000000002,1.0000000000000002,1.0000000000000002,1.0000000000000002,1.0000000000000002,1.0000000000000002,1.0000000000000002,1.0000000000000002,1.0000000000000002,1.0000000000000002,1.0000000000000002,1.0000000000000002,1.0000000000000002,1.0000000000000002,1.0000000000000002,1.0000000000000002,1.0000000000000002,1.0000000000000002,1.0000000000000002,1.0000000000000002,1.0000000000000002,1.0000000000000002,1.0000000000000002,1.0000000000000002,1.0000000000000002,1.0000000000000002,1.0000000000000002,1.0000000000000002,1.0000000000000002,1.0000000000000002,1.0000000000000002,1.0000000000000002,1.0000000000000002,1.0000000000000002,1.0000000000000002,1.0000000000000002,1.0000000000000002,1.0000000000000002,1.0000000000000002,1.0000000000000002,1.0000000000000002,1.0000000000000002,1.0000000000000002,1.0000000000000002,1.0000000000000002,1.0000000000000002,1.0000000000000002,1.0000000000000002,1.0000000000000002,1.0000000000000002,1.0000000000000002,1.0000000000000002,1.0000000000000002,1.0000000000000002,1.0000000000000002,1.0000000000000002,1.0000000000000002,1.0000000000000002,1.0000000000000002,1.0000000000000002,1.0000000000000002,1.0000000000000002,1.0000000000000002,1.0000000000000002,1.0000000000000002,1.0000000000000002,1.0000000000000002,1.0000000000000002,1.0000000000000002,1.0000000000000002,1.0000000000000002,1.0000000000000002,1.0000000000000002,1.0000000000000002,1.0000000000000002,1.0000000000000002,1.0000000000000002,1.0000000000000002,1.0000000000000002,1.0000000000000002,1.0000000000000002,1.0000000000000002,1.0000000000000002,1.0000000000000002,1.0000000000000002,1.0000000000000002,1.0000000000000002,1.0000000000000002,1.0000000000000002,1.0000000000000002,1.0000000000000002,1.0000000000000002,1.0000000000000002,1.0000000000000002,1.0000000000000002,1.0000000000000002,1.0000000000000002,1.0000000000000002,1.0000000000000002,1.0000000000000002,1.0000000000000002,1.0000000000000002,1.0000000000000002,1.0000000000000002,1.0000000000000002,1.0000000000000002,1.0000000000000002,1.0000000000000002,1.0000000000000002,1.0000000000000002,1.0000000000000002,1.0000000000000002,1.0000000000000002,1.0000000000000002,1.0000000000000002,1.0000000000000002,1.0000000000000002,1.0000000000000002,1.0000000000000002,1.0000000000000002,1.0000000000000002,1.0000000000000002,1.0000000000000002,1.0000000000000002,1.0000000000000002,1.0000000000000002,1.0000000000000002,1.0000000000000002,1.0000000000000002,1.0000000000000002]",5.0000000000000036,20.0,False,,not-used,commutator,mizuta2026-commutator-ideal-rigorous,[],4191894.0,,,,8.989678949730487e-05,4.8250301765671435e+39,mizuta2026-commutator-ideal-rigorous,"Mizuta, Quantum 10, 1974 (2026), arXiv:2507.06557v4","Theorem 4, Eqs. (47)--(49), with direct Lemmas 9--10 BCH remainder","{""error_predicate_satisfied"":1.0,""extensiveness_g"":5.000000000000001,""joint_predicate_satisfied"":1.0,""legacy_first_condition_passed"":0.0,""legacy_first_time_limit"":1.555845886495748e-05,""local_commutator_error"":6.5616986274862135e-09,""local_step_error"":6.561698645441799e-09,""local_truncated_bch_error"":1.7955584428863346e-17,""locality_k"":2.0,""mu_upper"":35.48664801303001,""refined_lemma10_remainder"":1.7771433943606355e-17,""refined_lemma9_remainder"":1.8415048525698862e-19,""refined_tail_fallback"":0.0,""repeated_global_error"":8.989678949730487e-05,""schedule_weighted_extensiveness"":5.0000000000000036,""second_time_limit"":0.007044903195934562,""time_2_predicate_satisfied"":1.0,""total_branchwise_bch_remainder"":1.7955584428863346e-17,""truncation_order_p0"":20.0}",True,ideal-mpf,True,ordered individual Pauli terms,"[""individual Pauli summands define the ordered H_gamma decomposition"",""the actual Strang factors define schedule-weighted g_alpha extensiveness"",""Lemma 9 and Lemma 10 positive majorants directly certify the BCH remainder"",""the scalar-flow/Cauchy refined tail certificate is used"",""Theorem 4 second time hypothesis is satisfied"",""the repeated ideal MPF is composed with the Eq. (15) telescoping argument""]",,20.0,20.0,True,False,"{""2"":1704.0000000000016,""3"":27216.00000000004,""4"":352992.0000000008,""5"":5638464.000000017,""6"":77007360.0000003,""7"":1230183936.0000057,""8"":17379351552.00009,""9"":277660099584.00165,""10"":4013367508992.027,""11"":64125048397824.48,""12"":941929898999815.6,""13"":1.5051227707441284e+16,""14"":2.2371433013969107e+17,""15"":3.57501156198112e+18,""16"":5.361671830269178e+19,""17"":8.568609591565408e+20,""18"":1.2941659397334411e+22,""19"":2.068346456449243e+23,""20"":3.141660676974862e+24}",repeated-shared-ancilla-good-block,True,False,9e-05,new,"[1,2,3,4,5,6,7,10,18,46]","[-1.018659142049789e-15,7.422846929019768e-10,-1.3257582359573536e-06,0.00016899488366474386,-0.004245967231050632,0.03062942826404365,-0.06314501886386865,0.12451536167559175,-0.4127707622244733,1.3248492885120446]",1.960326148155259,0.03967385184474104,102.0,registered-exact,True,10.0,5.0,2.0,6.0,12.0,4.0,6.0,3.0,2.0,3.0,2.0,one robust OAA round per segment,13699.0,branch register all-zero,,79.0,2390612490.0,1780870.0,-1.0,356208384490.0,3587824812.0,analytical-model,1e-05,,,,,,,,,,,,0.1.0,3.11.9,2.5.0,b58b31db18364511c43757e27fffc7abce8df2c1,True,ok,,
