grid_schema_version,shard_id,log10_target_error,estimator_variant,trotter_reps,mpf_branch_count,mpf_segments,schema_version,run_id,generated_at_utc,config_digest,sweep,hamiltonian_model,hamiltonian_name,model_parameters_json,system_qubits,evolution_time,time_scaling_mode,time_scaling_coefficient,target_error,hamiltonian_alpha,hamiltonian_term_count,method_id,method_family,method_label,error_policy,estimate_category,trotter_order,mpf_term_count,mpf_formal_order,mpf_branch_count_policy,mpf_branch_count_policy_extensiveness_g,mpf_branch_count_policy_target_error,segment_count,mpf_r_error,mpf_r_time_1,mpf_r_time_2,mpf_active_constraints_json,mpf_mu_upper,mpf_truncation_order_p0,mpf_auxiliary_error,mpf_auxiliary_allocation_fraction,mpf_local_commutator_error,mpf_local_truncated_bch_error,mpf_refined_lemma9_remainder,mpf_refined_lemma10_remainder,mpf_total_branchwise_bch_remainder,mpf_local_step_error,mpf_repeated_global_error,mpf_legacy_first_time_limit,mpf_legacy_first_condition_passed,mpf_second_time_limit,mpf_schedule_weights_json,mpf_schedule_weighted_extensiveness,mpf_exact_commutator_cutoff,mpf_locality_fallback,mpf_locality_fallback_reason,mpf_refined_tail_fallback_status,mpf_local_error_dominance,mpf_bound_policy,mpf_bound_candidates_json,query_count,qsvt_degree,trotter_partition,trotter_group_count,bound_value,bound_prefactor,bound_method,bound_reference,bound_theorem_or_equations,bound_components_json,bound_rigorous,bound_scope,bound_target_satisfied,hamiltonian_decomposition,bound_assumptions_json,bound_fallback_reason,max_nested_commutator_order,max_exact_nested_commutator_order,locality_compatible,commutator_cap_fallback,commutator_bounds_json,circuit_bound_scope,circuit_bound_rigorous,circuit_target_satisfied,algorithm_error_budget,mpf_schedule,mpf_exponents_json,mpf_coefficients_json,mpf_coefficient_l1_norm,mpf_padding_weight,mpf_exponent_sum,mpf_exponent_sum_source,mpf_explicit_schedule_available,mpf_physical_branch_count,mpf_negative_coefficient_count,mpf_padding_branch_count,mpf_sign_branch_count,mpf_active_branch_count,mpf_unused_branch_state_count,mpf_prepare_calls_per_segment,mpf_select_calls_per_segment,mpf_good_reflections_per_segment,mpf_base_lcu_uses_per_segment,lcu_normalization,amplitude_amplification,amplitude_amplification_rounds,good_subspace,nominal_success_probability,total_qubits,rotation_count,toffoli_count,depth,t_count,cnot_count,counting_mode,rotation_synthesis_error,empirical_calibration_id,empirical_calibration_model,empirical_coefficient_model,empirical_coefficient_value,empirical_calibration_size_min,empirical_calibration_size_max,empirical_calibration_time_min,empirical_calibration_time_max,empirical_size_extrapolated,empirical_time_extrapolated,empirical_active_constraint,package_version,python_version,qiskit_version,git_commit,git_dirty,status,error_type,error_message
1.0,transverse_field_ising:N089,-1.0,commutator,98196.0,,,2.0,a8fa234e-a646-4911-8402-a67c302db4ae,2026-08-12T00:11:58.358108+00:00,c1ad72de628f71283ac69037e9bbe97c3e773952f5abde5eac91397ca322d1a6,resource-grid,transverse_field_ising,TFIM-89,"{""coupling"":1.0,""field"":3.0,""periodic"":false}",89,89.0,proportional,1.0,0.1,355.0,177,trotter-p2,trotter,Trotter p=2,analytical,analytical,2.0,,,,,,98196.0,,,,,,,,,,,,,,,,,,,,,,,,,,,,,,individual,177.0,0.08999957910716247,1231.0,childs-commutator,"Childs, Su, Tran, Wiebe, and Zhu, arXiv:1912.08854",Propositions 9--10,"{""prefactor"":1231.0}",True,implemented-product-formula,True,,"[""the resolved ordered Hamiltonian groups match the implemented formula""]",,,,,,,implemented-product-formula,True,True,0.09000000000000001,,,,,,,,,,,,,,,,,,,1.0,none,0.0,system register,1.0,89.0,34663188.0,0.0,-1.0,3500981988.0,34467351.0,analytical-model,0.010000000000000002,,,,,,,,,,,,0.1.0,3.11.9,2.5.0,b58b31db18364511c43757e27fffc7abce8df2c1,True,ok,,
1.0,transverse_field_ising:N089,-1.0,empirical,25836.0,,,2.0,a8fa234e-a646-4911-8402-a67c302db4ae,2026-08-12T00:11:58.358108+00:00,c1ad72de628f71283ac69037e9bbe97c3e773952f5abde5eac91397ca322d1a6,resource-grid,transverse_field_ising,TFIM-89,"{""coupling"":1.0,""field"":3.0,""periodic"":false}",89,89.0,proportional,1.0,0.1,355.0,177,trotter-p2-empirical,trotter,Trotter p=2 [empirical],empirical-operator-norm,empirical,2.0,,,,,,25836.0,,,,,,,,,,,,,,,,,,,,,,,,,,,,,,individual,177.0,0.08999726070776115,85.2137784292,empirical-operator-norm,Repository empirical operator-norm calibration study v1 (2026-08-10),reviewed calibration opnorm-v1-tfim-open-trotter-p2; artifact docs/calibration_data/empirical_1d_v1_accepted.json,"{""prefactor"":85.2137784292}",False,implemented-product-formula,False,,"[""the resolved ordered Hamiltonian groups match the implemented formula"",""the fixed formal-order powers in time and segments apply"",""the reviewed affine size calibration extrapolates as flagged""]",,,,,,,implemented-product-formula,False,False,0.09000000000000001,,,,,,,,,,,,,,,,,,,1.0,none,0.0,system register,1.0,89.0,9120108.0,0.0,-1.0,866410260.0,9068582.0,analytical-model,0.010000000000000002,opnorm-v1-tfim-open-trotter-p2,transverse_field_ising,affine-aN-plus-b,85.2137784292,4.0,12.0,4.0,12.0,True,True,formula,0.1.0,3.11.9,2.5.0,b58b31db18364511c43757e27fffc7abce8df2c1,True,ok,,
1.0,transverse_field_ising:N089,-1.0,commutator,6188.0,,,2.0,a8fa234e-a646-4911-8402-a67c302db4ae,2026-08-12T00:11:58.358108+00:00,c1ad72de628f71283ac69037e9bbe97c3e773952f5abde5eac91397ca322d1a6,resource-grid,transverse_field_ising,TFIM-89,"{""coupling"":1.0,""field"":3.0,""periodic"":false}",89,89.0,proportional,1.0,0.1,355.0,177,trotter-p4,trotter,Trotter p=4,analytical,analytical,4.0,,,,,,6188.0,,,,,,,,,,,,,,,,,,,,,,,,,,,,,,commuting,2.0,0.08997595248003767,23625.316736077137,schubert-mendl-commutator,"Schubert and Mendl, arXiv:2306.10603",Theorem 1,"{""prefactor"":23625.316736077137}",True,implemented-product-formula,True,,"[""the resolved ordered Hamiltonian groups match the implemented formula""]",,,,,,,implemented-product-formula,True,True,0.09000000000000001,,,,,,,,,,,,,,,,,,,1.0,none,0.0,system register,1.0,89.0,8230040.0,0.0,-1.0,773623760.0,8183543.0,analytical-model,0.010000000000000002,,,,,,,,,,,,0.1.0,3.11.9,2.5.0,b58b31db18364511c43757e27fffc7abce8df2c1,True,ok,,
1.0,transverse_field_ising:N089,-1.0,empirical,1235.0,,,2.0,a8fa234e-a646-4911-8402-a67c302db4ae,2026-08-12T00:11:58.358108+00:00,c1ad72de628f71283ac69037e9bbe97c3e773952f5abde5eac91397ca322d1a6,resource-grid,transverse_field_ising,TFIM-89,"{""coupling"":1.0,""field"":3.0,""periodic"":false}",89,89.0,proportional,1.0,0.1,355.0,177,trotter-p4-empirical,trotter,Trotter p=4 [empirical],empirical-operator-norm,empirical,4.0,,,,,,1235.0,,,,,,,,,,,,,,,,,,,,,,,,,,,,,,commuting,2.0,0.08998768233658062,37.4887417028,empirical-operator-norm,Repository empirical operator-norm calibration study v1 (2026-08-10),reviewed calibration opnorm-v1-tfim-open-trotter-p4; artifact docs/calibration_data/empirical_1d_v1_accepted.json,"{""prefactor"":37.4887417028}",False,implemented-product-formula,False,,"[""the resolved ordered Hamiltonian groups match the implemented formula"",""the fixed formal-order powers in time and segments apply"",""the reviewed affine size calibration extrapolates as flagged""]",,,,,,,implemented-product-formula,False,False,0.09000000000000001,,,,,,,,,,,,,,,,,,,1.0,none,0.0,system register,1.0,89.0,1642550.0,0.0,-1.0,142901850.0,1633271.0,analytical-model,0.010000000000000002,opnorm-v1-tfim-open-trotter-p4,transverse_field_ising,affine-aN-plus-b,37.4887417028,4.0,12.0,4.0,12.0,True,True,formula,0.1.0,3.11.9,2.5.0,b58b31db18364511c43757e27fffc7abce8df2c1,True,ok,,
1.0,transverse_field_ising:N089,-1.0,commutator,3557.0,,,2.0,a8fa234e-a646-4911-8402-a67c302db4ae,2026-08-12T00:11:58.358108+00:00,c1ad72de628f71283ac69037e9bbe97c3e773952f5abde5eac91397ca322d1a6,resource-grid,transverse_field_ising,TFIM-89,"{""coupling"":1.0,""field"":3.0,""periodic"":false}",89,89.0,proportional,1.0,0.1,355.0,177,trotter-p6,trotter,Trotter p=6,analytical,analytical,6.0,,,,,,3557.0,,,,,,,,,,,,,,,,,,,,,,,,,,,,,,commuting,2.0,0.08999358583032611,4120830.026684159,schubert-mendl-commutator,"Schubert and Mendl, arXiv:2306.10603",Theorem 1,"{""prefactor"":4120830.026684159}",True,implemented-product-formula,True,,"[""the resolved ordered Hamiltonian groups match the implemented formula""]",,,,,,,implemented-product-formula,True,True,0.09000000000000001,,,,,,,,,,,,,,,,,,,1.0,none,0.0,system register,1.0,89.0,23654050.0,0.0,-1.0,2341750950.0,23520412.0,analytical-model,0.010000000000000002,,,,,,,,,,,,0.1.0,3.11.9,2.5.0,b58b31db18364511c43757e27fffc7abce8df2c1,True,ok,,
1.0,transverse_field_ising:N089,-1.0,empirical,712.0,,,2.0,a8fa234e-a646-4911-8402-a67c302db4ae,2026-08-12T00:11:58.358108+00:00,c1ad72de628f71283ac69037e9bbe97c3e773952f5abde5eac91397ca322d1a6,resource-grid,transverse_field_ising,TFIM-89,"{""coupling"":1.0,""field"":3.0,""periodic"":false}",89,89.0,proportional,1.0,0.1,355.0,177,trotter-p6-empirical,trotter,Trotter p=6 [empirical],empirical-operator-norm,empirical,6.0,,,,,,712.0,,,,,,,,,,,,,,,,,,,,,,,,,,,,,,commuting,2.0,0.00020519860730361896,0.604399817,empirical-operator-norm,Repository empirical operator-norm calibration study v1 (2026-08-10),reviewed calibration opnorm-v1-tfim-open-trotter-p6; artifact docs/calibration_data/empirical_1d_v1_accepted.json,"{""prefactor"":0.604399817}",False,implemented-product-formula,False,,"[""the resolved ordered Hamiltonian groups match the implemented formula"",""the fixed formal-order powers in time and segments apply"",""the reviewed affine size calibration extrapolates as flagged""]",,,,,,,implemented-product-formula,False,False,0.09000000000000001,,,,,,,,,,,,,,,,,,,1.0,none,0.0,system register,1.0,89.0,4734800.0,0.0,-1.0,435601600.0,4708050.0,analytical-model,0.010000000000000002,opnorm-v1-tfim-open-trotter-p6,transverse_field_ising,affine-aN-plus-b,0.604399817,4.0,12.0,4.0,12.0,True,True,asymptotic-domain,0.1.0,3.11.9,2.5.0,b58b31db18364511c43757e27fffc7abce8df2c1,True,ok,,
1.0,transverse_field_ising:N089,-1.0,jacobi-anger,,,,2.0,a8fa234e-a646-4911-8402-a67c302db4ae,2026-08-12T00:11:58.358108+00:00,c1ad72de628f71283ac69037e9bbe97c3e773952f5abde5eac91397ca322d1a6,resource-grid,transverse_field_ising,TFIM-89,"{""coupling"":1.0,""field"":3.0,""periodic"":false}",89,89.0,proportional,1.0,0.1,355.0,177,qsvt,qsvt,QSVT,jacobi-anger-rigorous,analytical,,,,,,,,,,,,,,,,,,,,,,,,,,,,,,,,,,,257655.0,42943.0,,,0.01205651050708828,,jacobi-anger-polynomial-oaa,"Martyn et al., arXiv:2105.02859, Eqs. (76)--(77)",Jacobi--Anger tails plus exact cubic OAA identity,"{""oaa-unitarity-defect-distortion"":0.006055320001309164,""scaled-polynomial-error"":0.0060011905057791165}",True,ideal-qsvt-oaa-good-block,True,,"[""the cosine and sine polynomials are implemented exactly"",""the unamplified good block is exactly Q/2""]",,,,,,,implemented-qsvt-floating-phase-circuit,False,False,0.09000000000000001,,,,,,,,,,,,,,,,,,,2.0,one robust OAA round,1.0,"component, quadrature, and index registers all-zero",,107.0,131919372.0,369477396.0,-1.0,15461363016.0,2416031691.0,analytical-model,0.010000000000000002,,,,,,,,,,,,0.1.0,3.11.9,2.5.0,b58b31db18364511c43757e27fffc7abce8df2c1,True,ok,,
1.0,transverse_field_ising:N089,-1.0,empirical,,7.0,112.0,2.0,a8fa234e-a646-4911-8402-a67c302db4ae,2026-08-12T00:11:58.358108+00:00,c1ad72de628f71283ac69037e9bbe97c3e773952f5abde5eac91397ca322d1a6,resource-grid,transverse_field_ising,TFIM-89,"{""coupling"":1.0,""field"":3.0,""periodic"":false}",89,89.0,proportional,1.0,0.1,355.0,177,mpf-j-mizuta2026-theorem6-empirical-operator-norm,multiproduct,MPF J=Mizuta Theorem 6 (resolved per point) [empirical operator norm],empirical-operator-norm,empirical,,7.0,14.0,mizuta2026-theorem6,5.000000000000001,0.09000000000000001,112.0,,,,[],,,,,,,,,,,,,,,[],,,,,,,empirical-operator-norm,[],15456.0,,,,0.021577820282007193,0.006056333600000001,empirical-operator-norm,Repository empirical operator-norm calibration study v1 (2026-08-10),reviewed calibration opnorm-v1-tfim-open-mpf-new-m7; fixed formal powers,"{""empirical_coefficient"":0.006056333600000001}",False,ideal-mpf,False,ordered individual Pauli terms,"[""the fixed formal-order powers in time and segments apply"",""the empirical estimate concerns the repeated ideal MPF operator"",""the reviewed affine size calibration extrapolates as flagged""]",,0.0,0.0,False,False,{},repeated-shared-ancilla-good-block,False,False,0.09000000000000001,new,"[1,2,3,4,5,9,22]","[2.9953607852158573e-09,-2.9318124556219793e-05,0.003468573778195489,-0.04863485570038276,0.1308718708891307,-0.4341006887393225,1.3484244149015747]",1.965529725128523,0.034470274871476914,46.0,registered-exact,True,7.0,3.0,2.0,4.0,9.0,7.0,6.0,3.0,2.0,3.0,2.0,one robust OAA round per segment,112.0,branch register all-zero,,96.0,10922016.0,10192.0,-1.0,1037632288.0,16409208.0,analytical-model,0.010000000000000002,opnorm-v1-tfim-open-mpf-new-m7,transverse_field_ising,affine-aN-plus-b,0.006056333600000001,4.0,12.0,4.0,12.0,True,True,asymptotic-domain,0.1.0,3.11.9,2.5.0,b58b31db18364511c43757e27fffc7abce8df2c1,True,ok,,
1.0,transverse_field_ising:N089,-1.0,commutator,,7.0,17166.0,2.0,a8fa234e-a646-4911-8402-a67c302db4ae,2026-08-12T00:11:58.358108+00:00,c1ad72de628f71283ac69037e9bbe97c3e773952f5abde5eac91397ca322d1a6,resource-grid,transverse_field_ising,TFIM-89,"{""coupling"":1.0,""field"":3.0,""periodic"":false}",89,89.0,proportional,1.0,0.1,355.0,177,mpf-j-mizuta2026-theorem6-mizuta2026-commutator-ideal-rigorous,multiproduct,MPF J=Mizuta Theorem 6 (resolved per point) [Mizuta 2026 refined commutator],mizuta2026-commutator-ideal-rigorous,analytical,,7.0,14.0,mizuta2026-theorem6,5.000000000000001,0.09000000000000001,17166.0,17166.0,,13402.0,"[""error""]",37.64533977175202,14.0,,,4.826014067187396e-06,1.4986502598602116e-12,7.990577061057612e-20,1.4986501799544409e-12,1.4986502598602116e-12,4.826015565837657e-06,0.08999825067560957,2.222636980708212e-05,False,0.006640928240142829,"[1.0000000000000002,1.0000000000000002,1.0000000000000002,1.0000000000000002,1.0000000000000002,1.0000000000000002,1.0000000000000002,1.0000000000000002,1.0000000000000002,1.0000000000000002,1.0000000000000002,1.0000000000000002,1.0000000000000002,1.0000000000000002,1.0000000000000002,1.0000000000000002,1.0000000000000002,1.0000000000000002,1.0000000000000002,1.0000000000000002,1.0000000000000002,1.0000000000000002,1.0000000000000002,1.0000000000000002,1.0000000000000002,1.0000000000000002,1.0000000000000002,1.0000000000000002,1.0000000000000002,1.0000000000000002,1.0000000000000002,1.0000000000000002,1.0000000000000002,1.0000000000000002,1.0000000000000002,1.0000000000000002,1.0000000000000002,1.0000000000000002,1.0000000000000002,1.0000000000000002,1.0000000000000002,1.0000000000000002,1.0000000000000002,1.0000000000000002,1.0000000000000002,1.0000000000000002,1.0000000000000002,1.0000000000000002,1.0000000000000002,1.0000000000000002,1.0000000000000002,1.0000000000000002,1.0000000000000002,1.0000000000000002,1.0000000000000002,1.0000000000000002,1.0000000000000002,1.0000000000000002,1.0000000000000002,1.0000000000000002,1.0000000000000002,1.0000000000000002,1.0000000000000002,1.0000000000000002,1.0000000000000002,1.0000000000000002,1.0000000000000002,1.0000000000000002,1.0000000000000002,1.0000000000000002,1.0000000000000002,1.0000000000000002,1.0000000000000002,1.0000000000000002,1.0000000000000002,1.0000000000000002,1.0000000000000002,1.0000000000000002,1.0000000000000002,1.0000000000000002,1.0000000000000002,1.0000000000000002,1.0000000000000002,1.0000000000000002,1.0000000000000002,1.0000000000000002,1.0000000000000002,1.0000000000000002,1.0000000000000002,1.0000000000000002,1.0000000000000002,1.0000000000000002,1.0000000000000002,1.0000000000000002,1.0000000000000002,1.0000000000000002,1.0000000000000002,1.0000000000000002,1.0000000000000002,1.0000000000000002,1.0000000000000002,1.0000000000000002,1.0000000000000002,1.0000000000000002,1.0000000000000002,1.0000000000000002,1.0000000000000002,1.0000000000000002,1.0000000000000002,1.0000000000000002,1.0000000000000002,1.0000000000000002,1.0000000000000002,1.0000000000000002,1.0000000000000002,1.0000000000000002,1.0000000000000002,1.0000000000000002,1.0000000000000002,1.0000000000000002,1.0000000000000002,1.0000000000000002,1.0000000000000002,1.0000000000000002,1.0000000000000002,1.0000000000000002,1.0000000000000002,1.0000000000000002,1.0000000000000002,1.0000000000000002,1.0000000000000002,1.0000000000000002,1.0000000000000002,1.0000000000000002,1.0000000000000002,1.0000000000000002,1.0000000000000002,1.0000000000000002,1.0000000000000002,1.0000000000000002,1.0000000000000002,1.0000000000000002,1.0000000000000002,1.0000000000000002,1.0000000000000002,1.0000000000000002,1.0000000000000002,1.0000000000000002,1.0000000000000002,1.0000000000000002,1.0000000000000002,1.0000000000000002,1.0000000000000002,1.0000000000000002,1.0000000000000002,1.0000000000000002,1.0000000000000002,1.0000000000000002,1.0000000000000002,1.0000000000000002,1.0000000000000002,1.0000000000000002,1.0000000000000002,1.0000000000000002,1.0000000000000002,1.0000000000000002,1.0000000000000002,1.0000000000000002,1.0000000000000002,1.0000000000000002,1.0000000000000002,1.0000000000000002,1.0000000000000002,1.0000000000000002,1.0000000000000002,1.0000000000000002,1.0000000000000002]",5.0000000000000036,14.0,False,,not-used,commutator,mizuta2026-commutator-ideal-rigorous,[],2368908.0,,,,0.08999825067560957,9.17857173831654e+28,mizuta2026-commutator-ideal-rigorous,"Mizuta, Quantum 10, 1974 (2026), arXiv:2507.06557v4","Theorem 4, Eqs. (47)--(49), with direct Lemmas 9--10 BCH remainder","{""error_predicate_satisfied"":1.0,""extensiveness_g"":5.000000000000001,""joint_predicate_satisfied"":1.0,""legacy_first_condition_passed"":0.0,""legacy_first_time_limit"":2.222636980708212e-05,""local_commutator_error"":4.826014067187396e-06,""local_step_error"":4.826015565837657e-06,""local_truncated_bch_error"":1.4986502598602116e-12,""locality_k"":2.0,""mu_upper"":37.64533977175202,""refined_lemma10_remainder"":1.4986501799544409e-12,""refined_lemma9_remainder"":7.990577061057612e-20,""refined_tail_fallback"":0.0,""repeated_global_error"":0.08999825067560957,""schedule_weighted_extensiveness"":5.0000000000000036,""second_time_limit"":0.006640928240142829,""time_2_predicate_satisfied"":1.0,""total_branchwise_bch_remainder"":1.4986502598602116e-12,""truncation_order_p0"":14.0}",True,ideal-mpf,True,ordered individual Pauli terms,"[""individual Pauli summands define the ordered H_gamma decomposition"",""the actual Strang factors define schedule-weighted g_alpha extensiveness"",""Lemma 9 and Lemma 10 positive majorants directly certify the BCH remainder"",""the scalar-flow/Cauchy refined tail certificate is used"",""Theorem 4 second time hypothesis is satisfied"",""the repeated ideal MPF is composed with the Eq. (15) telescoping argument""]",,14.0,14.0,True,False,"{""2"":2112.000000000002,""3"":33744.00000000005,""4"":437856.000000001,""5"":6996288.0000000205,""6"":95599104.00000036,""7"":1527651840.000007,""8"":21592366080.000114,""9"":345068332032.0021,""10"":4990024826880.033,""11"":79751565484032.6,""12"":1171981014171657.5,""13"":1.8732045550190756e+16,""14"":2.7853937024041222e+17}",repeated-shared-ancilla-good-block,True,False,0.09000000000000001,new,"[1,2,3,4,5,9,22]","[2.9953607852158573e-09,-2.9318124556219793e-05,0.003468573778195489,-0.04863485570038276,0.1308718708891307,-0.4341006887393225,1.3484244149015747]",1.965529725128523,0.034470274871476914,46.0,registered-exact,True,7.0,3.0,2.0,4.0,9.0,7.0,6.0,3.0,2.0,3.0,2.0,one robust OAA round per segment,17166.0,branch register all-zero,,96.0,1673993988.0,1562106.0,-1.0,197537539008.0,2515004044.0,analytical-model,0.010000000000000002,,,,,,,,,,,,0.1.0,3.11.9,2.5.0,b58b31db18364511c43757e27fffc7abce8df2c1,True,ok,,
1.0,transverse_field_ising:N089,-1.1,commutator,110178.0,,,2.0,a8fa234e-a646-4911-8402-a67c302db4ae,2026-08-12T00:11:58.358108+00:00,c1ad72de628f71283ac69037e9bbe97c3e773952f5abde5eac91397ca322d1a6,resource-grid,transverse_field_ising,TFIM-89,"{""coupling"":1.0,""field"":3.0,""periodic"":false}",89,89.0,proportional,1.0,0.07943282347242814,355.0,177,trotter-p2,trotter,Trotter p=2,analytical,analytical,2.0,,,,,,110178.0,,,,,,,,,,,,,,,,,,,,,,,,,,,,,,individual,177.0,0.07148884881221719,1231.0,childs-commutator,"Childs, Su, Tran, Wiebe, and Zhu, arXiv:1912.08854",Propositions 9--10,"{""prefactor"":1231.0}",True,implemented-product-formula,True,,"[""the resolved ordered Hamiltonian groups match the implemented formula""]",,,,,,,implemented-product-formula,True,True,0.07148954112518532,,,,,,,,,,,,,,,,,,,1.0,none,0.0,system register,1.0,89.0,38892834.0,0.0,-1.0,3967069068.0,38673101.0,analytical-model,0.007943282347242814,,,,,,,,,,,,0.1.0,3.11.9,2.5.0,b58b31db18364511c43757e27fffc7abce8df2c1,True,ok,,
1.0,transverse_field_ising:N089,-1.1,empirical,28989.0,,,2.0,a8fa234e-a646-4911-8402-a67c302db4ae,2026-08-12T00:11:58.358108+00:00,c1ad72de628f71283ac69037e9bbe97c3e773952f5abde5eac91397ca322d1a6,resource-grid,transverse_field_ising,TFIM-89,"{""coupling"":1.0,""field"":3.0,""periodic"":false}",89,89.0,proportional,1.0,0.07943282347242814,355.0,177,trotter-p2-empirical,trotter,Trotter p=2 [empirical],empirical-operator-norm,empirical,2.0,,,,,,28989.0,,,,,,,,,,,,,,,,,,,,,,,,,,,,,,individual,177.0,0.07148474528334285,85.2137784292,empirical-operator-norm,Repository empirical operator-norm calibration study v1 (2026-08-10),reviewed calibration opnorm-v1-tfim-open-trotter-p2; artifact docs/calibration_data/empirical_1d_v1_accepted.json,"{""prefactor"":85.2137784292}",False,implemented-product-formula,False,,"[""the resolved ordered Hamiltonian groups match the implemented formula"",""the fixed formal-order powers in time and segments apply"",""the reviewed affine size calibration extrapolates as flagged""]",,,,,,,implemented-product-formula,False,False,0.07148954112518532,,,,,,,,,,,,,,,,,,,1.0,none,0.0,system register,1.0,89.0,10233117.0,0.0,-1.0,982379232.0,10175303.0,analytical-model,0.007943282347242814,opnorm-v1-tfim-open-trotter-p2,transverse_field_ising,affine-aN-plus-b,85.2137784292,4.0,12.0,4.0,12.0,True,True,formula,0.1.0,3.11.9,2.5.0,b58b31db18364511c43757e27fffc7abce8df2c1,True,ok,,
1.0,transverse_field_ising:N089,-1.1,commutator,6555.0,,,2.0,a8fa234e-a646-4911-8402-a67c302db4ae,2026-08-12T00:11:58.358108+00:00,c1ad72de628f71283ac69037e9bbe97c3e773952f5abde5eac91397ca322d1a6,resource-grid,transverse_field_ising,TFIM-89,"{""coupling"":1.0,""field"":3.0,""periodic"":false}",89,89.0,proportional,1.0,0.07943282347242814,355.0,177,trotter-p4,trotter,Trotter p=4,analytical,analytical,4.0,,,,,,6555.0,,,,,,,,,,,,,,,,,,,,,,,,,,,,,,commuting,2.0,0.07145570176357481,23625.316736077137,schubert-mendl-commutator,"Schubert and Mendl, arXiv:2306.10603",Theorem 1,"{""prefactor"":23625.316736077137}",True,implemented-product-formula,True,,"[""the resolved ordered Hamiltonian groups match the implemented formula""]",,,,,,,implemented-product-formula,True,True,0.07148954112518532,,,,,,,,,,,,,,,,,,,1.0,none,0.0,system register,1.0,89.0,8718150.0,0.0,-1.0,836942400.0,8668895.0,analytical-model,0.007943282347242814,,,,,,,,,,,,0.1.0,3.11.9,2.5.0,b58b31db18364511c43757e27fffc7abce8df2c1,True,ok,,
1.0,transverse_field_ising:N089,-1.1,empirical,1309.0,,,2.0,a8fa234e-a646-4911-8402-a67c302db4ae,2026-08-12T00:11:58.358108+00:00,c1ad72de628f71283ac69037e9bbe97c3e773952f5abde5eac91397ca322d1a6,resource-grid,transverse_field_ising,TFIM-89,"{""coupling"":1.0,""field"":3.0,""periodic"":false}",89,89.0,proportional,1.0,0.07943282347242814,355.0,177,trotter-p4-empirical,trotter,Trotter p=4 [empirical],empirical-operator-norm,empirical,4.0,,,,,,1309.0,,,,,,,,,,,,,,,,,,,,,,,,,,,,,,commuting,2.0,0.07130045655142263,37.4887417028,empirical-operator-norm,Repository empirical operator-norm calibration study v1 (2026-08-10),reviewed calibration opnorm-v1-tfim-open-trotter-p4; artifact docs/calibration_data/empirical_1d_v1_accepted.json,"{""prefactor"":37.4887417028}",False,implemented-product-formula,False,,"[""the resolved ordered Hamiltonian groups match the implemented formula"",""the fixed formal-order powers in time and segments apply"",""the reviewed affine size calibration extrapolates as flagged""]",,,,,,,implemented-product-formula,False,False,0.07148954112518532,,,,,,,,,,,,,,,,,,,1.0,none,0.0,system register,1.0,89.0,1740970.0,0.0,-1.0,153205360.0,1731135.0,analytical-model,0.007943282347242814,opnorm-v1-tfim-open-trotter-p4,transverse_field_ising,affine-aN-plus-b,37.4887417028,4.0,12.0,4.0,12.0,True,True,formula,0.1.0,3.11.9,2.5.0,b58b31db18364511c43757e27fffc7abce8df2c1,True,ok,,
1.0,transverse_field_ising:N089,-1.1,commutator,3697.0,,,2.0,a8fa234e-a646-4911-8402-a67c302db4ae,2026-08-12T00:11:58.358108+00:00,c1ad72de628f71283ac69037e9bbe97c3e773952f5abde5eac91397ca322d1a6,resource-grid,transverse_field_ising,TFIM-89,"{""coupling"":1.0,""field"":3.0,""periodic"":false}",89,89.0,proportional,1.0,0.07943282347242814,355.0,177,trotter-p6,trotter,Trotter p=6,analytical,analytical,6.0,,,,,,3697.0,,,,,,,,,,,,,,,,,,,,,,,,,,,,,,commuting,2.0,0.07138682134500512,4120830.026684159,schubert-mendl-commutator,"Schubert and Mendl, arXiv:2306.10603",Theorem 1,"{""prefactor"":4120830.026684159}",True,implemented-product-formula,True,,"[""the resolved ordered Hamiltonian groups match the implemented formula""]",,,,,,,implemented-product-formula,True,True,0.07148954112518532,,,,,,,,,,,,,,,,,,,1.0,none,0.0,system register,1.0,89.0,24585050.0,0.0,-1.0,2458505000.0,24446152.0,analytical-model,0.007943282347242814,,,,,,,,,,,,0.1.0,3.11.9,2.5.0,b58b31db18364511c43757e27fffc7abce8df2c1,True,ok,,
1.0,transverse_field_ising:N089,-1.1,empirical,712.0,,,2.0,a8fa234e-a646-4911-8402-a67c302db4ae,2026-08-12T00:11:58.358108+00:00,c1ad72de628f71283ac69037e9bbe97c3e773952f5abde5eac91397ca322d1a6,resource-grid,transverse_field_ising,TFIM-89,"{""coupling"":1.0,""field"":3.0,""periodic"":false}",89,89.0,proportional,1.0,0.07943282347242814,355.0,177,trotter-p6-empirical,trotter,Trotter p=6 [empirical],empirical-operator-norm,empirical,6.0,,,,,,712.0,,,,,,,,,,,,,,,,,,,,,,,,,,,,,,commuting,2.0,0.00020519860730361896,0.604399817,empirical-operator-norm,Repository empirical operator-norm calibration study v1 (2026-08-10),reviewed calibration opnorm-v1-tfim-open-trotter-p6; artifact docs/calibration_data/empirical_1d_v1_accepted.json,"{""prefactor"":0.604399817}",False,implemented-product-formula,False,,"[""the resolved ordered Hamiltonian groups match the implemented formula"",""the fixed formal-order powers in time and segments apply"",""the reviewed affine size calibration extrapolates as flagged""]",,,,,,,implemented-product-formula,False,False,0.07148954112518532,,,,,,,,,,,,,,,,,,,1.0,none,0.0,system register,1.0,89.0,4734800.0,0.0,-1.0,440336400.0,4708050.0,analytical-model,0.007943282347242814,opnorm-v1-tfim-open-trotter-p6,transverse_field_ising,affine-aN-plus-b,0.604399817,4.0,12.0,4.0,12.0,True,True,asymptotic-domain,0.1.0,3.11.9,2.5.0,b58b31db18364511c43757e27fffc7abce8df2c1,True,ok,,
1.0,transverse_field_ising:N089,-1.1,jacobi-anger,,,,2.0,a8fa234e-a646-4911-8402-a67c302db4ae,2026-08-12T00:11:58.358108+00:00,c1ad72de628f71283ac69037e9bbe97c3e773952f5abde5eac91397ca322d1a6,resource-grid,transverse_field_ising,TFIM-89,"{""coupling"":1.0,""field"":3.0,""periodic"":false}",89,89.0,proportional,1.0,0.07943282347242814,355.0,177,qsvt,qsvt,QSVT,jacobi-anger-rigorous,analytical,,,,,,,,,,,,,,,,,,,,,,,,,,,,,,,,,,,257655.0,42943.0,,,0.009984903418650309,,jacobi-anger-polynomial-oaa,"Martyn et al., arXiv:2105.02859, Eqs. (76)--(77)",Jacobi--Anger tails plus exact cubic OAA identity,"{""oaa-unitarity-defect-distortion"":0.005011036982371937,""scaled-polynomial-error"":0.0049738664362783715}",True,ideal-qsvt-oaa-good-block,True,,"[""the cosine and sine polynomials are implemented exactly"",""the unamplified good block is exactly Q/2""]",,,,,,,implemented-qsvt-floating-phase-circuit,False,False,0.07148954112518532,,,,,,,,,,,,,,,,,,,2.0,one robust OAA round,1.0,"component, quadrature, and index registers all-zero",,107.0,131919372.0,369477396.0,-1.0,15593282388.0,2416031691.0,analytical-model,0.007943282347242814,,,,,,,,,,,,0.1.0,3.11.9,2.5.0,b58b31db18364511c43757e27fffc7abce8df2c1,True,ok,,
1.0,transverse_field_ising:N089,-1.1,empirical,,7.0,112.0,2.0,a8fa234e-a646-4911-8402-a67c302db4ae,2026-08-12T00:11:58.358108+00:00,c1ad72de628f71283ac69037e9bbe97c3e773952f5abde5eac91397ca322d1a6,resource-grid,transverse_field_ising,TFIM-89,"{""coupling"":1.0,""field"":3.0,""periodic"":false}",89,89.0,proportional,1.0,0.07943282347242814,355.0,177,mpf-j-mizuta2026-theorem6-empirical-operator-norm,multiproduct,MPF J=Mizuta Theorem 6 (resolved per point) [empirical operator norm],empirical-operator-norm,empirical,,7.0,14.0,mizuta2026-theorem6,5.000000000000001,0.07148954112518532,112.0,,,,[],,,,,,,,,,,,,,,[],,,,,,,empirical-operator-norm,[],15456.0,,,,0.021577820282007193,0.006056333600000001,empirical-operator-norm,Repository empirical operator-norm calibration study v1 (2026-08-10),reviewed calibration opnorm-v1-tfim-open-mpf-new-m7; fixed formal powers,"{""empirical_coefficient"":0.006056333600000001}",False,ideal-mpf,False,ordered individual Pauli terms,"[""the fixed formal-order powers in time and segments apply"",""the empirical estimate concerns the repeated ideal MPF operator"",""the reviewed affine size calibration extrapolates as flagged""]",,0.0,0.0,False,False,{},repeated-shared-ancilla-good-block,False,False,0.07148954112518532,new,"[1,2,3,4,5,9,22]","[2.9953607852158573e-09,-2.9318124556219793e-05,0.003468573778195489,-0.04863485570038276,0.1308718708891307,-0.4341006887393225,1.3484244149015747]",1.965529725128523,0.034470274871476914,46.0,registered-exact,True,7.0,3.0,2.0,4.0,9.0,7.0,6.0,3.0,2.0,3.0,2.0,one robust OAA round per segment,112.0,branch register all-zero,,96.0,10922016.0,10192.0,-1.0,1048554304.0,16409208.0,analytical-model,0.007943282347242814,opnorm-v1-tfim-open-mpf-new-m7,transverse_field_ising,affine-aN-plus-b,0.006056333600000001,4.0,12.0,4.0,12.0,True,True,asymptotic-domain,0.1.0,3.11.9,2.5.0,b58b31db18364511c43757e27fffc7abce8df2c1,True,ok,,
1.0,transverse_field_ising:N089,-1.1,commutator,,7.0,17431.0,2.0,a8fa234e-a646-4911-8402-a67c302db4ae,2026-08-12T00:11:58.358108+00:00,c1ad72de628f71283ac69037e9bbe97c3e773952f5abde5eac91397ca322d1a6,resource-grid,transverse_field_ising,TFIM-89,"{""coupling"":1.0,""field"":3.0,""periodic"":false}",89,89.0,proportional,1.0,0.07943282347242814,355.0,177,mpf-j-mizuta2026-theorem6-mizuta2026-commutator-ideal-rigorous,multiproduct,MPF J=Mizuta Theorem 6 (resolved per point) [Mizuta 2026 refined commutator],mizuta2026-commutator-ideal-rigorous,analytical,,7.0,14.0,mizuta2026-theorem6,5.000000000000001,0.07148954112518532,17431.0,17431.0,,13402.0,"[""error""]",37.64533977175202,14.0,,,3.83522336919219e-06,1.1801593487758718e-12,9.08942794828687e-22,1.1801593478669287e-12,1.1801593487758718e-12,3.835224549351539e-06,0.07147344997211294,2.222636980708212e-05,False,0.006640928240142829,"[1.0000000000000002,1.0000000000000002,1.0000000000000002,1.0000000000000002,1.0000000000000002,1.0000000000000002,1.0000000000000002,1.0000000000000002,1.0000000000000002,1.0000000000000002,1.0000000000000002,1.0000000000000002,1.0000000000000002,1.0000000000000002,1.0000000000000002,1.0000000000000002,1.0000000000000002,1.0000000000000002,1.0000000000000002,1.0000000000000002,1.0000000000000002,1.0000000000000002,1.0000000000000002,1.0000000000000002,1.0000000000000002,1.0000000000000002,1.0000000000000002,1.0000000000000002,1.0000000000000002,1.0000000000000002,1.0000000000000002,1.0000000000000002,1.0000000000000002,1.0000000000000002,1.0000000000000002,1.0000000000000002,1.0000000000000002,1.0000000000000002,1.0000000000000002,1.0000000000000002,1.0000000000000002,1.0000000000000002,1.0000000000000002,1.0000000000000002,1.0000000000000002,1.0000000000000002,1.0000000000000002,1.0000000000000002,1.0000000000000002,1.0000000000000002,1.0000000000000002,1.0000000000000002,1.0000000000000002,1.0000000000000002,1.0000000000000002,1.0000000000000002,1.0000000000000002,1.0000000000000002,1.0000000000000002,1.0000000000000002,1.0000000000000002,1.0000000000000002,1.0000000000000002,1.0000000000000002,1.0000000000000002,1.0000000000000002,1.0000000000000002,1.0000000000000002,1.0000000000000002,1.0000000000000002,1.0000000000000002,1.0000000000000002,1.0000000000000002,1.0000000000000002,1.0000000000000002,1.0000000000000002,1.0000000000000002,1.0000000000000002,1.0000000000000002,1.0000000000000002,1.0000000000000002,1.0000000000000002,1.0000000000000002,1.0000000000000002,1.0000000000000002,1.0000000000000002,1.0000000000000002,1.0000000000000002,1.0000000000000002,1.0000000000000002,1.0000000000000002,1.0000000000000002,1.0000000000000002,1.0000000000000002,1.0000000000000002,1.0000000000000002,1.0000000000000002,1.0000000000000002,1.0000000000000002,1.0000000000000002,1.0000000000000002,1.0000000000000002,1.0000000000000002,1.0000000000000002,1.0000000000000002,1.0000000000000002,1.0000000000000002,1.0000000000000002,1.0000000000000002,1.0000000000000002,1.0000000000000002,1.0000000000000002,1.0000000000000002,1.0000000000000002,1.0000000000000002,1.0000000000000002,1.0000000000000002,1.0000000000000002,1.0000000000000002,1.0000000000000002,1.0000000000000002,1.0000000000000002,1.0000000000000002,1.0000000000000002,1.0000000000000002,1.0000000000000002,1.0000000000000002,1.0000000000000002,1.0000000000000002,1.0000000000000002,1.0000000000000002,1.0000000000000002,1.0000000000000002,1.0000000000000002,1.0000000000000002,1.0000000000000002,1.0000000000000002,1.0000000000000002,1.0000000000000002,1.0000000000000002,1.0000000000000002,1.0000000000000002,1.0000000000000002,1.0000000000000002,1.0000000000000002,1.0000000000000002,1.0000000000000002,1.0000000000000002,1.0000000000000002,1.0000000000000002,1.0000000000000002,1.0000000000000002,1.0000000000000002,1.0000000000000002,1.0000000000000002,1.0000000000000002,1.0000000000000002,1.0000000000000002,1.0000000000000002,1.0000000000000002,1.0000000000000002,1.0000000000000002,1.0000000000000002,1.0000000000000002,1.0000000000000002,1.0000000000000002,1.0000000000000002,1.0000000000000002,1.0000000000000002,1.0000000000000002,1.0000000000000002,1.0000000000000002,1.0000000000000002,1.0000000000000002,1.0000000000000002,1.0000000000000002,1.0000000000000002]",5.0000000000000036,14.0,False,,not-used,commutator,mizuta2026-commutator-ideal-rigorous,[],2405478.0,,,,0.07147344997211294,9.17857173831654e+28,mizuta2026-commutator-ideal-rigorous,"Mizuta, Quantum 10, 1974 (2026), arXiv:2507.06557v4","Theorem 4, Eqs. (47)--(49), with direct Lemmas 9--10 BCH remainder","{""error_predicate_satisfied"":1.0,""extensiveness_g"":5.000000000000001,""joint_predicate_satisfied"":1.0,""legacy_first_condition_passed"":0.0,""legacy_first_time_limit"":2.222636980708212e-05,""local_commutator_error"":3.83522336919219e-06,""local_step_error"":3.835224549351539e-06,""local_truncated_bch_error"":1.1801593487758718e-12,""locality_k"":2.0,""mu_upper"":37.64533977175202,""refined_lemma10_remainder"":1.1801593478669287e-12,""refined_lemma9_remainder"":9.08942794828687e-22,""refined_tail_fallback"":0.0,""repeated_global_error"":0.07147344997211294,""schedule_weighted_extensiveness"":5.0000000000000036,""second_time_limit"":0.006640928240142829,""time_2_predicate_satisfied"":1.0,""total_branchwise_bch_remainder"":1.1801593487758718e-12,""truncation_order_p0"":14.0}",True,ideal-mpf,True,ordered individual Pauli terms,"[""individual Pauli summands define the ordered H_gamma decomposition"",""the actual Strang factors define schedule-weighted g_alpha extensiveness"",""Lemma 9 and Lemma 10 positive majorants directly certify the BCH remainder"",""the scalar-flow/Cauchy refined tail certificate is used"",""Theorem 4 second time hypothesis is satisfied"",""the repeated ideal MPF is composed with the Eq. (15) telescoping argument""]",,14.0,14.0,True,False,"{""2"":2112.000000000002,""3"":33744.00000000005,""4"":437856.000000001,""5"":6996288.0000000205,""6"":95599104.00000036,""7"":1527651840.000007,""8"":21592366080.000114,""9"":345068332032.0021,""10"":4990024826880.033,""11"":79751565484032.6,""12"":1171981014171657.5,""13"":1.8732045550190756e+16,""14"":2.7853937024041222e+17}",repeated-shared-ancilla-good-block,True,False,0.07148954112518532,new,"[1,2,3,4,5,9,22]","[2.9953607852158573e-09,-2.9318124556219793e-05,0.003468573778195489,-0.04863485570038276,0.1308718708891307,-0.4341006887393225,1.3484244149015747]",1.965529725128523,0.034470274871476914,46.0,registered-exact,True,7.0,3.0,2.0,4.0,9.0,7.0,6.0,3.0,2.0,3.0,2.0,one robust OAA round per segment,17431.0,branch register all-zero,,96.0,1699836258.0,1586221.0,-1.0,202286859586.0,2553829401.0,analytical-model,0.007943282347242814,,,,,,,,,,,,0.1.0,3.11.9,2.5.0,b58b31db18364511c43757e27fffc7abce8df2c1,True,ok,,
1.0,transverse_field_ising:N089,-1.2,commutator,123622.0,,,2.0,a8fa234e-a646-4911-8402-a67c302db4ae,2026-08-12T00:11:58.358108+00:00,c1ad72de628f71283ac69037e9bbe97c3e773952f5abde5eac91397ca322d1a6,resource-grid,transverse_field_ising,TFIM-89,"{""coupling"":1.0,""field"":3.0,""periodic"":false}",89,89.0,proportional,1.0,0.06309573444801933,355.0,177,trotter-p2,trotter,Trotter p=2,analytical,analytical,2.0,,,,,,123622.0,,,,,,,,,,,,,,,,,,,,,,,,,,,,,,individual,177.0,0.05678538072374005,1231.0,childs-commutator,"Childs, Su, Tran, Wiebe, and Zhu, arXiv:1912.08854",Propositions 9--10,"{""prefactor"":1231.0}",True,implemented-product-formula,True,,"[""the resolved ordered Hamiltonian groups match the implemented formula""]",,,,,,,implemented-product-formula,True,True,0.0567861610032174,,,,,,,,,,,,,,,,,,,1.0,none,0.0,system register,1.0,89.0,43638566.0,0.0,-1.0,4538410864.0,43392021.0,analytical-model,0.006309573444801934,,,,,,,,,,,,0.1.0,3.11.9,2.5.0,b58b31db18364511c43757e27fffc7abce8df2c1,True,ok,,
1.0,transverse_field_ising:N089,-1.2,empirical,32526.0,,,2.0,a8fa234e-a646-4911-8402-a67c302db4ae,2026-08-12T00:11:58.358108+00:00,c1ad72de628f71283ac69037e9bbe97c3e773952f5abde5eac91397ca322d1a6,resource-grid,transverse_field_ising,TFIM-89,"{""coupling"":1.0,""field"":3.0,""periodic"":false}",89,89.0,proportional,1.0,0.06309573444801933,355.0,177,trotter-p2-empirical,trotter,Trotter p=2 [empirical],empirical-operator-norm,empirical,2.0,,,,,,32526.0,,,,,,,,,,,,,,,,,,,,,,,,,,,,,,individual,177.0,0.05678302529456259,85.2137784292,empirical-operator-norm,Repository empirical operator-norm calibration study v1 (2026-08-10),reviewed calibration opnorm-v1-tfim-open-trotter-p2; artifact docs/calibration_data/empirical_1d_v1_accepted.json,"{""prefactor"":85.2137784292}",False,implemented-product-formula,False,,"[""the resolved ordered Hamiltonian groups match the implemented formula"",""the fixed formal-order powers in time and segments apply"",""the reviewed affine size calibration extrapolates as flagged""]",,,,,,,implemented-product-formula,False,False,0.0567861610032174,,,,,,,,,,,,,,,,,,,1.0,none,0.0,system register,1.0,89.0,11481678.0,0.0,-1.0,1125204444.0,11416810.0,analytical-model,0.006309573444801934,opnorm-v1-tfim-open-trotter-p2,transverse_field_ising,affine-aN-plus-b,85.2137784292,4.0,12.0,4.0,12.0,True,True,formula,0.1.0,3.11.9,2.5.0,b58b31db18364511c43757e27fffc7abce8df2c1,True,ok,,
1.0,transverse_field_ising:N089,-1.2,commutator,6943.0,,,2.0,a8fa234e-a646-4911-8402-a67c302db4ae,2026-08-12T00:11:58.358108+00:00,c1ad72de628f71283ac69037e9bbe97c3e773952f5abde5eac91397ca322d1a6,resource-grid,transverse_field_ising,TFIM-89,"{""coupling"":1.0,""field"":3.0,""periodic"":false}",89,89.0,proportional,1.0,0.06309573444801933,355.0,177,trotter-p4,trotter,Trotter p=4,analytical,analytical,4.0,,,,,,6943.0,,,,,,,,,,,,,,,,,,,,,,,,,,,,,,commuting,2.0,0.05677262979134913,23625.316736077137,schubert-mendl-commutator,"Schubert and Mendl, arXiv:2306.10603",Theorem 1,"{""prefactor"":23625.316736077137}",True,implemented-product-formula,True,,"[""the resolved ordered Hamiltonian groups match the implemented formula""]",,,,,,,implemented-product-formula,True,True,0.0567861610032174,,,,,,,,,,,,,,,,,,,1.0,none,0.0,system register,1.0,89.0,9234190.0,0.0,-1.0,895716430.0,9182020.0,analytical-model,0.006309573444801934,,,,,,,,,,,,0.1.0,3.11.9,2.5.0,b58b31db18364511c43757e27fffc7abce8df2c1,True,ok,,
1.0,transverse_field_ising:N089,-1.2,empirical,1386.0,,,2.0,a8fa234e-a646-4911-8402-a67c302db4ae,2026-08-12T00:11:58.358108+00:00,c1ad72de628f71283ac69037e9bbe97c3e773952f5abde5eac91397ca322d1a6,resource-grid,transverse_field_ising,TFIM-89,"{""coupling"":1.0,""field"":3.0,""periodic"":false}",89,89.0,proportional,1.0,0.06309573444801933,355.0,177,trotter-p4-empirical,trotter,Trotter p=4 [empirical],empirical-operator-norm,empirical,4.0,,,,,,1386.0,,,,,,,,,,,,,,,,,,,,,,,,,,,,,,commuting,2.0,0.05672806576390199,37.4887417028,empirical-operator-norm,Repository empirical operator-norm calibration study v1 (2026-08-10),reviewed calibration opnorm-v1-tfim-open-trotter-p4; artifact docs/calibration_data/empirical_1d_v1_accepted.json,"{""prefactor"":37.4887417028}",False,implemented-product-formula,False,,"[""the resolved ordered Hamiltonian groups match the implemented formula"",""the fixed formal-order powers in time and segments apply"",""the reviewed affine size calibration extrapolates as flagged""]",,,,,,,implemented-product-formula,False,False,0.0567861610032174,,,,,,,,,,,,,,,,,,,1.0,none,0.0,system register,1.0,89.0,1843380.0,0.0,-1.0,165904200.0,1832966.0,analytical-model,0.006309573444801934,opnorm-v1-tfim-open-trotter-p4,transverse_field_ising,affine-aN-plus-b,37.4887417028,4.0,12.0,4.0,12.0,True,True,formula,0.1.0,3.11.9,2.5.0,b58b31db18364511c43757e27fffc7abce8df2c1,True,ok,,
1.0,transverse_field_ising:N089,-1.2,commutator,3841.0,,,2.0,a8fa234e-a646-4911-8402-a67c302db4ae,2026-08-12T00:11:58.358108+00:00,c1ad72de628f71283ac69037e9bbe97c3e773952f5abde5eac91397ca322d1a6,resource-grid,transverse_field_ising,TFIM-89,"{""coupling"":1.0,""field"":3.0,""periodic"":false}",89,89.0,proportional,1.0,0.06309573444801933,355.0,177,trotter-p6,trotter,Trotter p=6,analytical,analytical,6.0,,,,,,3841.0,,,,,,,,,,,,,,,,,,,,,,,,,,,,,,commuting,2.0,0.05676085189237589,4120830.026684159,schubert-mendl-commutator,"Schubert and Mendl, arXiv:2306.10603",Theorem 1,"{""prefactor"":4120830.026684159}",True,implemented-product-formula,True,,"[""the resolved ordered Hamiltonian groups match the implemented formula""]",,,,,,,implemented-product-formula,True,True,0.0567861610032174,,,,,,,,,,,,,,,,,,,1.0,none,0.0,system register,1.0,89.0,25542650.0,0.0,-1.0,2579807650.0,25398342.0,analytical-model,0.006309573444801934,,,,,,,,,,,,0.1.0,3.11.9,2.5.0,b58b31db18364511c43757e27fffc7abce8df2c1,True,ok,,
1.0,transverse_field_ising:N089,-1.2,empirical,712.0,,,2.0,a8fa234e-a646-4911-8402-a67c302db4ae,2026-08-12T00:11:58.358108+00:00,c1ad72de628f71283ac69037e9bbe97c3e773952f5abde5eac91397ca322d1a6,resource-grid,transverse_field_ising,TFIM-89,"{""coupling"":1.0,""field"":3.0,""periodic"":false}",89,89.0,proportional,1.0,0.06309573444801933,355.0,177,trotter-p6-empirical,trotter,Trotter p=6 [empirical],empirical-operator-norm,empirical,6.0,,,,,,712.0,,,,,,,,,,,,,,,,,,,,,,,,,,,,,,commuting,2.0,0.00020519860730361896,0.604399817,empirical-operator-norm,Repository empirical operator-norm calibration study v1 (2026-08-10),reviewed calibration opnorm-v1-tfim-open-trotter-p6; artifact docs/calibration_data/empirical_1d_v1_accepted.json,"{""prefactor"":0.604399817}",False,implemented-product-formula,False,,"[""the resolved ordered Hamiltonian groups match the implemented formula"",""the fixed formal-order powers in time and segments apply"",""the reviewed affine size calibration extrapolates as flagged""]",,,,,,,implemented-product-formula,False,False,0.0567861610032174,,,,,,,,,,,,,,,,,,,1.0,none,0.0,system register,1.0,89.0,4734800.0,0.0,-1.0,445071200.0,4708050.0,analytical-model,0.006309573444801934,opnorm-v1-tfim-open-trotter-p6,transverse_field_ising,affine-aN-plus-b,0.604399817,4.0,12.0,4.0,12.0,True,True,asymptotic-domain,0.1.0,3.11.9,2.5.0,b58b31db18364511c43757e27fffc7abce8df2c1,True,ok,,
1.0,transverse_field_ising:N089,-1.2,jacobi-anger,,,,2.0,a8fa234e-a646-4911-8402-a67c302db4ae,2026-08-12T00:11:58.358108+00:00,c1ad72de628f71283ac69037e9bbe97c3e773952f5abde5eac91397ca322d1a6,resource-grid,transverse_field_ising,TFIM-89,"{""coupling"":1.0,""field"":3.0,""periodic"":false}",89,89.0,proportional,1.0,0.06309573444801933,355.0,177,qsvt,qsvt,QSVT,jacobi-anger-rigorous,analytical,,,,,,,,,,,,,,,,,,,,,,,,,,,,,,,,,,,257655.0,42943.0,,,0.008341635157153903,,jacobi-anger-polynomial-oaa,"Martyn et al., arXiv:2105.02859, Eqs. (76)--(77)",Jacobi--Anger tails plus exact cubic OAA identity,"{""oaa-unitarity-defect-distortion"":0.004183801235491717,""scaled-polynomial-error"":0.0041578339216621855}",True,ideal-qsvt-oaa-good-block,True,,"[""the cosine and sine polynomials are implemented exactly"",""the unamplified good block is exactly Q/2""]",,,,,,,implemented-qsvt-floating-phase-circuit,False,False,0.0567861610032174,,,,,,,,,,,,,,,,,,,2.0,one robust OAA round,1.0,"component, quadrature, and index registers all-zero",,107.0,131919372.0,369477396.0,-1.0,15725201760.0,2416031691.0,analytical-model,0.006309573444801934,,,,,,,,,,,,0.1.0,3.11.9,2.5.0,b58b31db18364511c43757e27fffc7abce8df2c1,True,ok,,
1.0,transverse_field_ising:N089,-1.2,empirical,,7.0,112.0,2.0,a8fa234e-a646-4911-8402-a67c302db4ae,2026-08-12T00:11:58.358108+00:00,c1ad72de628f71283ac69037e9bbe97c3e773952f5abde5eac91397ca322d1a6,resource-grid,transverse_field_ising,TFIM-89,"{""coupling"":1.0,""field"":3.0,""periodic"":false}",89,89.0,proportional,1.0,0.06309573444801933,355.0,177,mpf-j-mizuta2026-theorem6-empirical-operator-norm,multiproduct,MPF J=Mizuta Theorem 6 (resolved per point) [empirical operator norm],empirical-operator-norm,empirical,,7.0,14.0,mizuta2026-theorem6,5.000000000000001,0.0567861610032174,112.0,,,,[],,,,,,,,,,,,,,,[],,,,,,,empirical-operator-norm,[],15456.0,,,,0.021577820282007193,0.006056333600000001,empirical-operator-norm,Repository empirical operator-norm calibration study v1 (2026-08-10),reviewed calibration opnorm-v1-tfim-open-mpf-new-m7; fixed formal powers,"{""empirical_coefficient"":0.006056333600000001}",False,ideal-mpf,False,ordered individual Pauli terms,"[""the fixed formal-order powers in time and segments apply"",""the empirical estimate concerns the repeated ideal MPF operator"",""the reviewed affine size calibration extrapolates as flagged""]",,0.0,0.0,False,False,{},repeated-shared-ancilla-good-block,False,False,0.0567861610032174,new,"[1,2,3,4,5,9,22]","[2.9953607852158573e-09,-2.9318124556219793e-05,0.003468573778195489,-0.04863485570038276,0.1308718708891307,-0.4341006887393225,1.3484244149015747]",1.965529725128523,0.034470274871476914,46.0,registered-exact,True,7.0,3.0,2.0,4.0,9.0,7.0,6.0,3.0,2.0,3.0,2.0,one robust OAA round per segment,112.0,branch register all-zero,,96.0,10922016.0,10192.0,-1.0,1070398336.0,16409208.0,analytical-model,0.006309573444801934,opnorm-v1-tfim-open-mpf-new-m7,transverse_field_ising,affine-aN-plus-b,0.006056333600000001,4.0,12.0,4.0,12.0,True,True,asymptotic-domain,0.1.0,3.11.9,2.5.0,b58b31db18364511c43757e27fffc7abce8df2c1,True,ok,,
1.0,transverse_field_ising:N089,-1.2,commutator,,7.0,17704.0,2.0,a8fa234e-a646-4911-8402-a67c302db4ae,2026-08-12T00:11:58.358108+00:00,c1ad72de628f71283ac69037e9bbe97c3e773952f5abde5eac91397ca322d1a6,resource-grid,transverse_field_ising,TFIM-89,"{""coupling"":1.0,""field"":3.0,""periodic"":false}",89,89.0,proportional,1.0,0.06309573444801933,355.0,177,mpf-j-mizuta2026-theorem6-mizuta2026-commutator-ideal-rigorous,multiproduct,MPF J=Mizuta Theorem 6 (resolved per point) [Mizuta 2026 refined commutator],mizuta2026-commutator-ideal-rigorous,analytical,,7.0,14.0,mizuta2026-theorem6,5.000000000000001,0.0567861610032174,17704.0,17704.0,,13402.0,"[""error""]",37.64533977175202,14.0,,,3.0377651294797065e-06,9.263776187710573e-13,7.166636889844165e-22,9.263776180543934e-13,9.263776187710573e-13,3.037766055857326e-06,0.05675197677477102,2.222636980708212e-05,False,0.006640928240142829,"[1.0000000000000002,1.0000000000000002,1.0000000000000002,1.0000000000000002,1.0000000000000002,1.0000000000000002,1.0000000000000002,1.0000000000000002,1.0000000000000002,1.0000000000000002,1.0000000000000002,1.0000000000000002,1.0000000000000002,1.0000000000000002,1.0000000000000002,1.0000000000000002,1.0000000000000002,1.0000000000000002,1.0000000000000002,1.0000000000000002,1.0000000000000002,1.0000000000000002,1.0000000000000002,1.0000000000000002,1.0000000000000002,1.0000000000000002,1.0000000000000002,1.0000000000000002,1.0000000000000002,1.0000000000000002,1.0000000000000002,1.0000000000000002,1.0000000000000002,1.0000000000000002,1.0000000000000002,1.0000000000000002,1.0000000000000002,1.0000000000000002,1.0000000000000002,1.0000000000000002,1.0000000000000002,1.0000000000000002,1.0000000000000002,1.0000000000000002,1.0000000000000002,1.0000000000000002,1.0000000000000002,1.0000000000000002,1.0000000000000002,1.0000000000000002,1.0000000000000002,1.0000000000000002,1.0000000000000002,1.0000000000000002,1.0000000000000002,1.0000000000000002,1.0000000000000002,1.0000000000000002,1.0000000000000002,1.0000000000000002,1.0000000000000002,1.0000000000000002,1.0000000000000002,1.0000000000000002,1.0000000000000002,1.0000000000000002,1.0000000000000002,1.0000000000000002,1.0000000000000002,1.0000000000000002,1.0000000000000002,1.0000000000000002,1.0000000000000002,1.0000000000000002,1.0000000000000002,1.0000000000000002,1.0000000000000002,1.0000000000000002,1.0000000000000002,1.0000000000000002,1.0000000000000002,1.0000000000000002,1.0000000000000002,1.0000000000000002,1.0000000000000002,1.0000000000000002,1.0000000000000002,1.0000000000000002,1.0000000000000002,1.0000000000000002,1.0000000000000002,1.0000000000000002,1.0000000000000002,1.0000000000000002,1.0000000000000002,1.0000000000000002,1.0000000000000002,1.0000000000000002,1.0000000000000002,1.0000000000000002,1.0000000000000002,1.0000000000000002,1.0000000000000002,1.0000000000000002,1.0000000000000002,1.0000000000000002,1.0000000000000002,1.0000000000000002,1.0000000000000002,1.0000000000000002,1.0000000000000002,1.0000000000000002,1.0000000000000002,1.0000000000000002,1.0000000000000002,1.0000000000000002,1.0000000000000002,1.0000000000000002,1.0000000000000002,1.0000000000000002,1.0000000000000002,1.0000000000000002,1.0000000000000002,1.0000000000000002,1.0000000000000002,1.0000000000000002,1.0000000000000002,1.0000000000000002,1.0000000000000002,1.0000000000000002,1.0000000000000002,1.0000000000000002,1.0000000000000002,1.0000000000000002,1.0000000000000002,1.0000000000000002,1.0000000000000002,1.0000000000000002,1.0000000000000002,1.0000000000000002,1.0000000000000002,1.0000000000000002,1.0000000000000002,1.0000000000000002,1.0000000000000002,1.0000000000000002,1.0000000000000002,1.0000000000000002,1.0000000000000002,1.0000000000000002,1.0000000000000002,1.0000000000000002,1.0000000000000002,1.0000000000000002,1.0000000000000002,1.0000000000000002,1.0000000000000002,1.0000000000000002,1.0000000000000002,1.0000000000000002,1.0000000000000002,1.0000000000000002,1.0000000000000002,1.0000000000000002,1.0000000000000002,1.0000000000000002,1.0000000000000002,1.0000000000000002,1.0000000000000002,1.0000000000000002,1.0000000000000002,1.0000000000000002,1.0000000000000002,1.0000000000000002,1.0000000000000002,1.0000000000000002,1.0000000000000002]",5.0000000000000036,14.0,False,,not-used,commutator,mizuta2026-commutator-ideal-rigorous,[],2443152.0,,,,0.05675197677477102,9.17857173831654e+28,mizuta2026-commutator-ideal-rigorous,"Mizuta, Quantum 10, 1974 (2026), arXiv:2507.06557v4","Theorem 4, Eqs. (47)--(49), with direct Lemmas 9--10 BCH remainder","{""error_predicate_satisfied"":1.0,""extensiveness_g"":5.000000000000001,""joint_predicate_satisfied"":1.0,""legacy_first_condition_passed"":0.0,""legacy_first_time_limit"":2.222636980708212e-05,""local_commutator_error"":3.0377651294797065e-06,""local_step_error"":3.037766055857326e-06,""local_truncated_bch_error"":9.263776187710573e-13,""locality_k"":2.0,""mu_upper"":37.64533977175202,""refined_lemma10_remainder"":9.263776180543934e-13,""refined_lemma9_remainder"":7.166636889844165e-22,""refined_tail_fallback"":0.0,""repeated_global_error"":0.05675197677477102,""schedule_weighted_extensiveness"":5.0000000000000036,""second_time_limit"":0.006640928240142829,""time_2_predicate_satisfied"":1.0,""total_branchwise_bch_remainder"":9.263776187710573e-13,""truncation_order_p0"":14.0}",True,ideal-mpf,True,ordered individual Pauli terms,"[""individual Pauli summands define the ordered H_gamma decomposition"",""the actual Strang factors define schedule-weighted g_alpha extensiveness"",""Lemma 9 and Lemma 10 positive majorants directly certify the BCH remainder"",""the scalar-flow/Cauchy refined tail certificate is used"",""Theorem 4 second time hypothesis is satisfied"",""the repeated ideal MPF is composed with the Eq. (15) telescoping argument""]",,14.0,14.0,True,False,"{""2"":2112.000000000002,""3"":33744.00000000005,""4"":437856.000000001,""5"":6996288.0000000205,""6"":95599104.00000036,""7"":1527651840.000007,""8"":21592366080.000114,""9"":345068332032.0021,""10"":4990024826880.033,""11"":79751565484032.6,""12"":1171981014171657.5,""13"":1.8732045550190756e+16,""14"":2.7853937024041222e+17}",repeated-shared-ancilla-good-block,True,False,0.0567861610032174,new,"[1,2,3,4,5,9,22]","[2.9953607852158573e-09,-2.9318124556219793e-05,0.003468573778195489,-0.04863485570038276,0.1308718708891307,-0.4341006887393225,1.3484244149015747]",1.965529725128523,0.034470274871476914,46.0,registered-exact,True,7.0,3.0,2.0,4.0,9.0,7.0,6.0,3.0,2.0,3.0,2.0,one robust OAA round per segment,17704.0,branch register all-zero,,96.0,1726458672.0,1611064.0,-1.0,207181484896.0,2593826844.0,analytical-model,0.006309573444801934,,,,,,,,,,,,0.1.0,3.11.9,2.5.0,b58b31db18364511c43757e27fffc7abce8df2c1,True,ok,,
1.0,transverse_field_ising:N089,-1.3,commutator,138706.0,,,2.0,a8fa234e-a646-4911-8402-a67c302db4ae,2026-08-12T00:11:58.358108+00:00,c1ad72de628f71283ac69037e9bbe97c3e773952f5abde5eac91397ca322d1a6,resource-grid,transverse_field_ising,TFIM-89,"{""coupling"":1.0,""field"":3.0,""periodic"":false}",89,89.0,proportional,1.0,0.05011872336272722,355.0,177,trotter-p2,trotter,Trotter p=2,analytical,analytical,2.0,,,,,,138706.0,,,,,,,,,,,,,,,,,,,,,,,,,,,,,,individual,177.0,0.04510633877486928,1231.0,childs-commutator,"Childs, Su, Tran, Wiebe, and Zhu, arXiv:1912.08854",Propositions 9--10,"{""prefactor"":1231.0}",True,implemented-product-formula,True,,"[""the resolved ordered Hamiltonian groups match the implemented formula""]",,,,,,,implemented-product-formula,True,True,0.0451068510264545,,,,,,,,,,,,,,,,,,,1.0,none,0.0,system register,1.0,89.0,48963218.0,0.0,-1.0,5141137890.0,48686590.0,analytical-model,0.005011872336272722,,,,,,,,,,,,0.1.0,3.11.9,2.5.0,b58b31db18364511c43757e27fffc7abce8df2c1,True,ok,,
1.0,transverse_field_ising:N089,-1.3,empirical,36494.0,,,2.0,a8fa234e-a646-4911-8402-a67c302db4ae,2026-08-12T00:11:58.358108+00:00,c1ad72de628f71283ac69037e9bbe97c3e773952f5abde5eac91397ca322d1a6,resource-grid,transverse_field_ising,TFIM-89,"{""coupling"":1.0,""field"":3.0,""periodic"":false}",89,89.0,proportional,1.0,0.05011872336272722,355.0,177,trotter-p2-empirical,trotter,Trotter p=2 [empirical],empirical-operator-norm,empirical,2.0,,,,,,36494.0,,,,,,,,,,,,,,,,,,,,,,,,,,,,,,individual,177.0,0.04510626915933248,85.2137784292,empirical-operator-norm,Repository empirical operator-norm calibration study v1 (2026-08-10),reviewed calibration opnorm-v1-tfim-open-trotter-p2; artifact docs/calibration_data/empirical_1d_v1_accepted.json,"{""prefactor"":85.2137784292}",False,implemented-product-formula,False,,"[""the resolved ordered Hamiltonian groups match the implemented formula"",""the fixed formal-order powers in time and segments apply"",""the reviewed affine size calibration extrapolates as flagged""]",,,,,,,implemented-product-formula,False,False,0.0451068510264545,,,,,,,,,,,,,,,,,,,1.0,none,0.0,system register,1.0,89.0,12882382.0,0.0,-1.0,1275355818.0,12809601.0,analytical-model,0.005011872336272722,opnorm-v1-tfim-open-trotter-p2,transverse_field_ising,affine-aN-plus-b,85.2137784292,4.0,12.0,4.0,12.0,True,True,formula,0.1.0,3.11.9,2.5.0,b58b31db18364511c43757e27fffc7abce8df2c1,True,ok,,
1.0,transverse_field_ising:N089,-1.3,commutator,7354.0,,,2.0,a8fa234e-a646-4911-8402-a67c302db4ae,2026-08-12T00:11:58.358108+00:00,c1ad72de628f71283ac69037e9bbe97c3e773952f5abde5eac91397ca322d1a6,resource-grid,transverse_field_ising,TFIM-89,"{""coupling"":1.0,""field"":3.0,""periodic"":false}",89,89.0,proportional,1.0,0.05011872336272722,355.0,177,trotter-p4,trotter,Trotter p=4,analytical,analytical,4.0,,,,,,7354.0,,,,,,,,,,,,,,,,,,,,,,,,,,,,,,commuting,2.0,0.04510588109777289,23625.316736077137,schubert-mendl-commutator,"Schubert and Mendl, arXiv:2306.10603",Theorem 1,"{""prefactor"":23625.316736077137}",True,implemented-product-formula,True,,"[""the resolved ordered Hamiltonian groups match the implemented formula""]",,,,,,,implemented-product-formula,True,True,0.0451068510264545,,,,,,,,,,,,,,,,,,,1.0,none,0.0,system register,1.0,89.0,9780820.0,0.0,-1.0,958520360.0,9725562.0,analytical-model,0.005011872336272722,,,,,,,,,,,,0.1.0,3.11.9,2.5.0,b58b31db18364511c43757e27fffc7abce8df2c1,True,ok,,
1.0,transverse_field_ising:N089,-1.3,empirical,1468.0,,,2.0,a8fa234e-a646-4911-8402-a67c302db4ae,2026-08-12T00:11:58.358108+00:00,c1ad72de628f71283ac69037e9bbe97c3e773952f5abde5eac91397ca322d1a6,resource-grid,transverse_field_ising,TFIM-89,"{""coupling"":1.0,""field"":3.0,""periodic"":false}",89,89.0,proportional,1.0,0.05011872336272722,355.0,177,trotter-p4-empirical,trotter,Trotter p=4 [empirical],empirical-operator-norm,empirical,4.0,,,,,,1468.0,,,,,,,,,,,,,,,,,,,,,,,,,,,,,,commuting,2.0,0.045076135385841515,37.4887417028,empirical-operator-norm,Repository empirical operator-norm calibration study v1 (2026-08-10),reviewed calibration opnorm-v1-tfim-open-trotter-p4; artifact docs/calibration_data/empirical_1d_v1_accepted.json,"{""prefactor"":37.4887417028}",False,implemented-product-formula,False,,"[""the resolved ordered Hamiltonian groups match the implemented formula"",""the fixed formal-order powers in time and segments apply"",""the reviewed affine size calibration extrapolates as flagged""]",,,,,,,implemented-product-formula,False,False,0.0451068510264545,,,,,,,,,,,,,,,,,,,1.0,none,0.0,system register,1.0,89.0,1952440.0,0.0,-1.0,177672040.0,1941410.0,analytical-model,0.005011872336272722,opnorm-v1-tfim-open-trotter-p4,transverse_field_ising,affine-aN-plus-b,37.4887417028,4.0,12.0,4.0,12.0,True,True,formula,0.1.0,3.11.9,2.5.0,b58b31db18364511c43757e27fffc7abce8df2c1,True,ok,,
1.0,transverse_field_ising:N089,-1.3,commutator,3991.0,,,2.0,a8fa234e-a646-4911-8402-a67c302db4ae,2026-08-12T00:11:58.358108+00:00,c1ad72de628f71283ac69037e9bbe97c3e773952f5abde5eac91397ca322d1a6,resource-grid,transverse_field_ising,TFIM-89,"{""coupling"":1.0,""field"":3.0,""periodic"":false}",89,89.0,proportional,1.0,0.05011872336272722,355.0,177,trotter-p6,trotter,Trotter p=6,analytical,analytical,6.0,,,,,,3991.0,,,,,,,,,,,,,,,,,,,,,,,,,,,,,,commuting,2.0,0.04510496822481674,4120830.026684159,schubert-mendl-commutator,"Schubert and Mendl, arXiv:2306.10603",Theorem 1,"{""prefactor"":4120830.026684159}",True,implemented-product-formula,True,,"[""the resolved ordered Hamiltonian groups match the implemented formula""]",,,,,,,implemented-product-formula,True,True,0.0451068510264545,,,,,,,,,,,,,,,,,,,1.0,none,0.0,system register,1.0,89.0,26540150.0,0.0,-1.0,2707095300.0,26390206.0,analytical-model,0.005011872336272722,,,,,,,,,,,,0.1.0,3.11.9,2.5.0,b58b31db18364511c43757e27fffc7abce8df2c1,True,ok,,
1.0,transverse_field_ising:N089,-1.3,empirical,712.0,,,2.0,a8fa234e-a646-4911-8402-a67c302db4ae,2026-08-12T00:11:58.358108+00:00,c1ad72de628f71283ac69037e9bbe97c3e773952f5abde5eac91397ca322d1a6,resource-grid,transverse_field_ising,TFIM-89,"{""coupling"":1.0,""field"":3.0,""periodic"":false}",89,89.0,proportional,1.0,0.05011872336272722,355.0,177,trotter-p6-empirical,trotter,Trotter p=6 [empirical],empirical-operator-norm,empirical,6.0,,,,,,712.0,,,,,,,,,,,,,,,,,,,,,,,,,,,,,,commuting,2.0,0.00020519860730361896,0.604399817,empirical-operator-norm,Repository empirical operator-norm calibration study v1 (2026-08-10),reviewed calibration opnorm-v1-tfim-open-trotter-p6; artifact docs/calibration_data/empirical_1d_v1_accepted.json,"{""prefactor"":0.604399817}",False,implemented-product-formula,False,,"[""the resolved ordered Hamiltonian groups match the implemented formula"",""the fixed formal-order powers in time and segments apply"",""the reviewed affine size calibration extrapolates as flagged""]",,,,,,,implemented-product-formula,False,False,0.0451068510264545,,,,,,,,,,,,,,,,,,,1.0,none,0.0,system register,1.0,89.0,4734800.0,0.0,-1.0,449806000.0,4708050.0,analytical-model,0.005011872336272722,opnorm-v1-tfim-open-trotter-p6,transverse_field_ising,affine-aN-plus-b,0.604399817,4.0,12.0,4.0,12.0,True,True,asymptotic-domain,0.1.0,3.11.9,2.5.0,b58b31db18364511c43757e27fffc7abce8df2c1,True,ok,,
1.0,transverse_field_ising:N089,-1.3,jacobi-anger,,,,2.0,a8fa234e-a646-4911-8402-a67c302db4ae,2026-08-12T00:11:58.358108+00:00,c1ad72de628f71283ac69037e9bbe97c3e773952f5abde5eac91397ca322d1a6,resource-grid,transverse_field_ising,TFIM-89,"{""coupling"":1.0,""field"":3.0,""periodic"":false}",89,89.0,proportional,1.0,0.05011872336272722,355.0,177,qsvt,qsvt,QSVT,jacobi-anger-rigorous,analytical,,,,,,,,,,,,,,,,,,,,,,,,,,,,,,,,,,,257655.0,42943.0,,,0.007037770444714914,,jacobi-anger-polynomial-oaa,"Martyn et al., arXiv:2105.02859, Eqs. (76)--(77)",Jacobi--Anger tails plus exact cubic OAA identity,"{""oaa-unitarity-defect-distortion"":0.003528134189865538,""scaled-polynomial-error"":0.003509636254849376}",True,ideal-qsvt-oaa-good-block,True,,"[""the cosine and sine polynomials are implemented exactly"",""the unamplified good block is exactly Q/2""]",,,,,,,implemented-qsvt-floating-phase-circuit,False,False,0.0451068510264545,,,,,,,,,,,,,,,,,,,2.0,one robust OAA round,1.0,"component, quadrature, and index registers all-zero",,107.0,131919372.0,369477396.0,-1.0,15857121132.0,2416031691.0,analytical-model,0.005011872336272722,,,,,,,,,,,,0.1.0,3.11.9,2.5.0,b58b31db18364511c43757e27fffc7abce8df2c1,True,ok,,
1.0,transverse_field_ising:N089,-1.3,empirical,,7.0,112.0,2.0,a8fa234e-a646-4911-8402-a67c302db4ae,2026-08-12T00:11:58.358108+00:00,c1ad72de628f71283ac69037e9bbe97c3e773952f5abde5eac91397ca322d1a6,resource-grid,transverse_field_ising,TFIM-89,"{""coupling"":1.0,""field"":3.0,""periodic"":false}",89,89.0,proportional,1.0,0.05011872336272722,355.0,177,mpf-j-mizuta2026-theorem6-empirical-operator-norm,multiproduct,MPF J=Mizuta Theorem 6 (resolved per point) [empirical operator norm],empirical-operator-norm,empirical,,7.0,14.0,mizuta2026-theorem6,5.000000000000001,0.0451068510264545,112.0,,,,[],,,,,,,,,,,,,,,[],,,,,,,empirical-operator-norm,[],15456.0,,,,0.021577820282007193,0.006056333600000001,empirical-operator-norm,Repository empirical operator-norm calibration study v1 (2026-08-10),reviewed calibration opnorm-v1-tfim-open-mpf-new-m7; fixed formal powers,"{""empirical_coefficient"":0.006056333600000001}",False,ideal-mpf,False,ordered individual Pauli terms,"[""the fixed formal-order powers in time and segments apply"",""the empirical estimate concerns the repeated ideal MPF operator"",""the reviewed affine size calibration extrapolates as flagged""]",,0.0,0.0,False,False,{},repeated-shared-ancilla-good-block,False,False,0.0451068510264545,new,"[1,2,3,4,5,9,22]","[2.9953607852158573e-09,-2.9318124556219793e-05,0.003468573778195489,-0.04863485570038276,0.1308718708891307,-0.4341006887393225,1.3484244149015747]",1.965529725128523,0.034470274871476914,46.0,registered-exact,True,7.0,3.0,2.0,4.0,9.0,7.0,6.0,3.0,2.0,3.0,2.0,one robust OAA round per segment,112.0,branch register all-zero,,96.0,10922016.0,10192.0,-1.0,1081320352.0,16409208.0,analytical-model,0.005011872336272722,opnorm-v1-tfim-open-mpf-new-m7,transverse_field_ising,affine-aN-plus-b,0.006056333600000001,4.0,12.0,4.0,12.0,True,True,asymptotic-domain,0.1.0,3.11.9,2.5.0,b58b31db18364511c43757e27fffc7abce8df2c1,True,ok,,
1.0,transverse_field_ising:N089,-1.3,commutator,,7.0,17984.0,2.0,a8fa234e-a646-4911-8402-a67c302db4ae,2026-08-12T00:11:58.358108+00:00,c1ad72de628f71283ac69037e9bbe97c3e773952f5abde5eac91397ca322d1a6,resource-grid,transverse_field_ising,TFIM-89,"{""coupling"":1.0,""field"":3.0,""periodic"":false}",89,89.0,proportional,1.0,0.05011872336272722,355.0,177,mpf-j-mizuta2026-theorem6-mizuta2026-commutator-ideal-rigorous,multiproduct,MPF J=Mizuta Theorem 6 (resolved per point) [Mizuta 2026 refined commutator],mizuta2026-commutator-ideal-rigorous,analytical,,7.0,14.0,mizuta2026-theorem6,5.000000000000001,0.0451068510264545,17984.0,17984.0,,13402.0,"[""error""]",37.64533977175202,14.0,,,2.4006607833273756e-06,7.256226107190418e-13,5.637967243829963e-22,7.25622610155245e-13,7.256226107190418e-13,2.4006615089499867e-06,0.045078158823443,2.222636980708212e-05,False,0.006640928240142829,"[1.0000000000000002,1.0000000000000002,1.0000000000000002,1.0000000000000002,1.0000000000000002,1.0000000000000002,1.0000000000000002,1.0000000000000002,1.0000000000000002,1.0000000000000002,1.0000000000000002,1.0000000000000002,1.0000000000000002,1.0000000000000002,1.0000000000000002,1.0000000000000002,1.0000000000000002,1.0000000000000002,1.0000000000000002,1.0000000000000002,1.0000000000000002,1.0000000000000002,1.0000000000000002,1.0000000000000002,1.0000000000000002,1.0000000000000002,1.0000000000000002,1.0000000000000002,1.0000000000000002,1.0000000000000002,1.0000000000000002,1.0000000000000002,1.0000000000000002,1.0000000000000002,1.0000000000000002,1.0000000000000002,1.0000000000000002,1.0000000000000002,1.0000000000000002,1.0000000000000002,1.0000000000000002,1.0000000000000002,1.0000000000000002,1.0000000000000002,1.0000000000000002,1.0000000000000002,1.0000000000000002,1.0000000000000002,1.0000000000000002,1.0000000000000002,1.0000000000000002,1.0000000000000002,1.0000000000000002,1.0000000000000002,1.0000000000000002,1.0000000000000002,1.0000000000000002,1.0000000000000002,1.0000000000000002,1.0000000000000002,1.0000000000000002,1.0000000000000002,1.0000000000000002,1.0000000000000002,1.0000000000000002,1.0000000000000002,1.0000000000000002,1.0000000000000002,1.0000000000000002,1.0000000000000002,1.0000000000000002,1.0000000000000002,1.0000000000000002,1.0000000000000002,1.0000000000000002,1.0000000000000002,1.0000000000000002,1.0000000000000002,1.0000000000000002,1.0000000000000002,1.0000000000000002,1.0000000000000002,1.0000000000000002,1.0000000000000002,1.0000000000000002,1.0000000000000002,1.0000000000000002,1.0000000000000002,1.0000000000000002,1.0000000000000002,1.0000000000000002,1.0000000000000002,1.0000000000000002,1.0000000000000002,1.0000000000000002,1.0000000000000002,1.0000000000000002,1.0000000000000002,1.0000000000000002,1.0000000000000002,1.0000000000000002,1.0000000000000002,1.0000000000000002,1.0000000000000002,1.0000000000000002,1.0000000000000002,1.0000000000000002,1.0000000000000002,1.0000000000000002,1.0000000000000002,1.0000000000000002,1.0000000000000002,1.0000000000000002,1.0000000000000002,1.0000000000000002,1.0000000000000002,1.0000000000000002,1.0000000000000002,1.0000000000000002,1.0000000000000002,1.0000000000000002,1.0000000000000002,1.0000000000000002,1.0000000000000002,1.0000000000000002,1.0000000000000002,1.0000000000000002,1.0000000000000002,1.0000000000000002,1.0000000000000002,1.0000000000000002,1.0000000000000002,1.0000000000000002,1.0000000000000002,1.0000000000000002,1.0000000000000002,1.0000000000000002,1.0000000000000002,1.0000000000000002,1.0000000000000002,1.0000000000000002,1.0000000000000002,1.0000000000000002,1.0000000000000002,1.0000000000000002,1.0000000000000002,1.0000000000000002,1.0000000000000002,1.0000000000000002,1.0000000000000002,1.0000000000000002,1.0000000000000002,1.0000000000000002,1.0000000000000002,1.0000000000000002,1.0000000000000002,1.0000000000000002,1.0000000000000002,1.0000000000000002,1.0000000000000002,1.0000000000000002,1.0000000000000002,1.0000000000000002,1.0000000000000002,1.0000000000000002,1.0000000000000002,1.0000000000000002,1.0000000000000002,1.0000000000000002,1.0000000000000002,1.0000000000000002,1.0000000000000002,1.0000000000000002,1.0000000000000002,1.0000000000000002,1.0000000000000002,1.0000000000000002]",5.0000000000000036,14.0,False,,not-used,commutator,mizuta2026-commutator-ideal-rigorous,[],2481792.0,,,,0.045078158823443,9.17857173831654e+28,mizuta2026-commutator-ideal-rigorous,"Mizuta, Quantum 10, 1974 (2026), arXiv:2507.06557v4","Theorem 4, Eqs. (47)--(49), with direct Lemmas 9--10 BCH remainder","{""error_predicate_satisfied"":1.0,""extensiveness_g"":5.000000000000001,""joint_predicate_satisfied"":1.0,""legacy_first_condition_passed"":0.0,""legacy_first_time_limit"":2.222636980708212e-05,""local_commutator_error"":2.4006607833273756e-06,""local_step_error"":2.4006615089499867e-06,""local_truncated_bch_error"":7.256226107190418e-13,""locality_k"":2.0,""mu_upper"":37.64533977175202,""refined_lemma10_remainder"":7.25622610155245e-13,""refined_lemma9_remainder"":5.637967243829963e-22,""refined_tail_fallback"":0.0,""repeated_global_error"":0.045078158823443,""schedule_weighted_extensiveness"":5.0000000000000036,""second_time_limit"":0.006640928240142829,""time_2_predicate_satisfied"":1.0,""total_branchwise_bch_remainder"":7.256226107190418e-13,""truncation_order_p0"":14.0}",True,ideal-mpf,True,ordered individual Pauli terms,"[""individual Pauli summands define the ordered H_gamma decomposition"",""the actual Strang factors define schedule-weighted g_alpha extensiveness"",""Lemma 9 and Lemma 10 positive majorants directly certify the BCH remainder"",""the scalar-flow/Cauchy refined tail certificate is used"",""Theorem 4 second time hypothesis is satisfied"",""the repeated ideal MPF is composed with the Eq. (15) telescoping argument""]",,14.0,14.0,True,False,"{""2"":2112.000000000002,""3"":33744.00000000005,""4"":437856.000000001,""5"":6996288.0000000205,""6"":95599104.00000036,""7"":1527651840.000007,""8"":21592366080.000114,""9"":345068332032.0021,""10"":4990024826880.033,""11"":79751565484032.6,""12"":1171981014171657.5,""13"":1.8732045550190756e+16,""14"":2.7853937024041222e+17}",repeated-shared-ancilla-good-block,True,False,0.0451068510264545,new,"[1,2,3,4,5,9,22]","[2.9953607852158573e-09,-2.9318124556219793e-05,0.003468573778195489,-0.04863485570038276,0.1308718708891307,-0.4341006887393225,1.3484244149015747]",1.965529725128523,0.034470274871476914,46.0,registered-exact,True,7.0,3.0,2.0,4.0,9.0,7.0,6.0,3.0,2.0,3.0,2.0,one robust OAA round per segment,17984.0,branch register all-zero,,96.0,1753763712.0,1636544.0,-1.0,212211955328.0,2634849862.0,analytical-model,0.005011872336272722,,,,,,,,,,,,0.1.0,3.11.9,2.5.0,b58b31db18364511c43757e27fffc7abce8df2c1,True,ok,,
1.0,transverse_field_ising:N089,-1.4,commutator,155630.0,,,2.0,a8fa234e-a646-4911-8402-a67c302db4ae,2026-08-12T00:11:58.358108+00:00,c1ad72de628f71283ac69037e9bbe97c3e773952f5abde5eac91397ca322d1a6,resource-grid,transverse_field_ising,TFIM-89,"{""coupling"":1.0,""field"":3.0,""periodic"":false}",89,89.0,proportional,1.0,0.039810717055349734,355.0,177,trotter-p2,trotter,Trotter p=2,analytical,analytical,2.0,,,,,,155630.0,,,,,,,,,,,,,,,,,,,,,,,,,,,,,,individual,177.0,0.035829556952178376,1231.0,childs-commutator,"Childs, Su, Tran, Wiebe, and Zhu, arXiv:1912.08854",Propositions 9--10,"{""prefactor"":1231.0}",True,implemented-product-formula,True,,"[""the resolved ordered Hamiltonian groups match the implemented formula""]",,,,,,,implemented-product-formula,True,True,0.03582964534981476,,,,,,,,,,,,,,,,,,,1.0,none,0.0,system register,1.0,89.0,54937390.0,0.0,-1.0,5878300730.0,54627010.0,analytical-model,0.003981071705534973,,,,,,,,,,,,0.1.0,3.11.9,2.5.0,b58b31db18364511c43757e27fffc7abce8df2c1,True,ok,,
1.0,transverse_field_ising:N089,-1.4,empirical,40947.0,,,2.0,a8fa234e-a646-4911-8402-a67c302db4ae,2026-08-12T00:11:58.358108+00:00,c1ad72de628f71283ac69037e9bbe97c3e773952f5abde5eac91397ca322d1a6,resource-grid,transverse_field_ising,TFIM-89,"{""coupling"":1.0,""field"":3.0,""periodic"":false}",89,89.0,proportional,1.0,0.039810717055349734,355.0,177,trotter-p2-empirical,trotter,Trotter p=2 [empirical],empirical-operator-norm,empirical,2.0,,,,,,40947.0,,,,,,,,,,,,,,,,,,,,,,,,,,,,,,individual,177.0,0.035829080729576274,85.2137784292,empirical-operator-norm,Repository empirical operator-norm calibration study v1 (2026-08-10),reviewed calibration opnorm-v1-tfim-open-trotter-p2; artifact docs/calibration_data/empirical_1d_v1_accepted.json,"{""prefactor"":85.2137784292}",False,implemented-product-formula,False,,"[""the resolved ordered Hamiltonian groups match the implemented formula"",""the fixed formal-order powers in time and segments apply"",""the reviewed affine size calibration extrapolates as flagged""]",,,,,,,implemented-product-formula,False,False,0.03582964534981476,,,,,,,,,,,,,,,,,,,1.0,none,0.0,system register,1.0,89.0,14454291.0,0.0,-1.0,1459883391.0,14372629.0,analytical-model,0.003981071705534973,opnorm-v1-tfim-open-trotter-p2,transverse_field_ising,affine-aN-plus-b,85.2137784292,4.0,12.0,4.0,12.0,True,True,formula,0.1.0,3.11.9,2.5.0,b58b31db18364511c43757e27fffc7abce8df2c1,True,ok,,
1.0,transverse_field_ising:N089,-1.4,commutator,7790.0,,,2.0,a8fa234e-a646-4911-8402-a67c302db4ae,2026-08-12T00:11:58.358108+00:00,c1ad72de628f71283ac69037e9bbe97c3e773952f5abde5eac91397ca322d1a6,resource-grid,transverse_field_ising,TFIM-89,"{""coupling"":1.0,""field"":3.0,""periodic"":false}",89,89.0,proportional,1.0,0.039810717055349734,355.0,177,trotter-p4,trotter,Trotter p=4,analytical,analytical,4.0,,,,,,7790.0,,,,,,,,,,,,,,,,,,,,,,,,,,,,,,commuting,2.0,0.035824310646204324,23625.316736077137,schubert-mendl-commutator,"Schubert and Mendl, arXiv:2306.10603",Theorem 1,"{""prefactor"":23625.316736077137}",True,implemented-product-formula,True,,"[""the resolved ordered Hamiltonian groups match the implemented formula""]",,,,,,,implemented-product-formula,True,True,0.03582964534981476,,,,,,,,,,,,,,,,,,,1.0,none,0.0,system register,1.0,89.0,10360700.0,0.0,-1.0,1025709300.0,10302165.0,analytical-model,0.003981071705534973,,,,,,,,,,,,0.1.0,3.11.9,2.5.0,b58b31db18364511c43757e27fffc7abce8df2c1,True,ok,,
1.0,transverse_field_ising:N089,-1.4,empirical,1555.0,,,2.0,a8fa234e-a646-4911-8402-a67c302db4ae,2026-08-12T00:11:58.358108+00:00,c1ad72de628f71283ac69037e9bbe97c3e773952f5abde5eac91397ca322d1a6,resource-grid,transverse_field_ising,TFIM-89,"{""coupling"":1.0,""field"":3.0,""periodic"":false}",89,89.0,proportional,1.0,0.039810717055349734,355.0,177,trotter-p4-empirical,trotter,Trotter p=4 [empirical],empirical-operator-norm,empirical,4.0,,,,,,1555.0,,,,,,,,,,,,,,,,,,,,,,,,,,,,,,commuting,2.0,0.03580381657024342,37.4887417028,empirical-operator-norm,Repository empirical operator-norm calibration study v1 (2026-08-10),reviewed calibration opnorm-v1-tfim-open-trotter-p4; artifact docs/calibration_data/empirical_1d_v1_accepted.json,"{""prefactor"":37.4887417028}",False,implemented-product-formula,False,,"[""the resolved ordered Hamiltonian groups match the implemented formula"",""the fixed formal-order powers in time and segments apply"",""the reviewed affine size calibration extrapolates as flagged""]",,,,,,,implemented-product-formula,False,False,0.03582964534981476,,,,,,,,,,,,,,,,,,,1.0,none,0.0,system register,1.0,89.0,2068150.0,0.0,-1.0,190269800.0,2056466.0,analytical-model,0.003981071705534973,opnorm-v1-tfim-open-trotter-p4,transverse_field_ising,affine-aN-plus-b,37.4887417028,4.0,12.0,4.0,12.0,True,True,formula,0.1.0,3.11.9,2.5.0,b58b31db18364511c43757e27fffc7abce8df2c1,True,ok,,
1.0,transverse_field_ising:N089,-1.4,commutator,4148.0,,,2.0,a8fa234e-a646-4911-8402-a67c302db4ae,2026-08-12T00:11:58.358108+00:00,c1ad72de628f71283ac69037e9bbe97c3e773952f5abde5eac91397ca322d1a6,resource-grid,transverse_field_ising,TFIM-89,"{""coupling"":1.0,""field"":3.0,""periodic"":false}",89,89.0,proportional,1.0,0.039810717055349734,355.0,177,trotter-p6,trotter,Trotter p=6,analytical,analytical,6.0,,,,,,4148.0,,,,,,,,,,,,,,,,,,,,,,,,,,,,,,commuting,2.0,0.035783454251724287,4120830.026684159,schubert-mendl-commutator,"Schubert and Mendl, arXiv:2306.10603",Theorem 1,"{""prefactor"":4120830.026684159}",True,implemented-product-formula,True,,"[""the resolved ordered Hamiltonian groups match the implemented formula""]",,,,,,,implemented-product-formula,True,True,0.03582964534981476,,,,,,,,,,,,,,,,,,,1.0,none,0.0,system register,1.0,89.0,27584200.0,0.0,-1.0,2868756800.0,27428358.0,analytical-model,0.003981071705534973,,,,,,,,,,,,0.1.0,3.11.9,2.5.0,b58b31db18364511c43757e27fffc7abce8df2c1,True,ok,,
1.0,transverse_field_ising:N089,-1.4,empirical,712.0,,,2.0,a8fa234e-a646-4911-8402-a67c302db4ae,2026-08-12T00:11:58.358108+00:00,c1ad72de628f71283ac69037e9bbe97c3e773952f5abde5eac91397ca322d1a6,resource-grid,transverse_field_ising,TFIM-89,"{""coupling"":1.0,""field"":3.0,""periodic"":false}",89,89.0,proportional,1.0,0.039810717055349734,355.0,177,trotter-p6-empirical,trotter,Trotter p=6 [empirical],empirical-operator-norm,empirical,6.0,,,,,,712.0,,,,,,,,,,,,,,,,,,,,,,,,,,,,,,commuting,2.0,0.00020519860730361896,0.604399817,empirical-operator-norm,Repository empirical operator-norm calibration study v1 (2026-08-10),reviewed calibration opnorm-v1-tfim-open-trotter-p6; artifact docs/calibration_data/empirical_1d_v1_accepted.json,"{""prefactor"":0.604399817}",False,implemented-product-formula,False,,"[""the resolved ordered Hamiltonian groups match the implemented formula"",""the fixed formal-order powers in time and segments apply"",""the reviewed affine size calibration extrapolates as flagged""]",,,,,,,implemented-product-formula,False,False,0.03582964534981476,,,,,,,,,,,,,,,,,,,1.0,none,0.0,system register,1.0,89.0,4734800.0,0.0,-1.0,454540800.0,4708050.0,analytical-model,0.003981071705534973,opnorm-v1-tfim-open-trotter-p6,transverse_field_ising,affine-aN-plus-b,0.604399817,4.0,12.0,4.0,12.0,True,True,asymptotic-domain,0.1.0,3.11.9,2.5.0,b58b31db18364511c43757e27fffc7abce8df2c1,True,ok,,
1.0,transverse_field_ising:N089,-1.4,jacobi-anger,,,,2.0,a8fa234e-a646-4911-8402-a67c302db4ae,2026-08-12T00:11:58.358108+00:00,c1ad72de628f71283ac69037e9bbe97c3e773952f5abde5eac91397ca322d1a6,resource-grid,transverse_field_ising,TFIM-89,"{""coupling"":1.0,""field"":3.0,""periodic"":false}",89,89.0,proportional,1.0,0.039810717055349734,355.0,177,qsvt,qsvt,QSVT,jacobi-anger-rigorous,analytical,,,,,,,,,,,,,,,,,,,,,,,,,,,,,,,,,,,257655.0,42943.0,,,0.006002975354335451,,jacobi-anger-polynomial-oaa,"Martyn et al., arXiv:2105.02859, Eqs. (76)--(77)",Jacobi--Anger tails plus exact cubic OAA identity,"{""oaa-unitarity-defect-distortion"":0.0030082208079177533,""scaled-polynomial-error"":0.002994754546417698}",True,ideal-qsvt-oaa-good-block,True,,"[""the cosine and sine polynomials are implemented exactly"",""the unamplified good block is exactly Q/2""]",,,,,,,implemented-qsvt-floating-phase-circuit,False,False,0.03582964534981476,,,,,,,,,,,,,,,,,,,2.0,one robust OAA round,1.0,"component, quadrature, and index registers all-zero",,107.0,131919372.0,369477396.0,-1.0,15989040504.0,2416031691.0,analytical-model,0.003981071705534973,,,,,,,,,,,,0.1.0,3.11.9,2.5.0,b58b31db18364511c43757e27fffc7abce8df2c1,True,ok,,
1.0,transverse_field_ising:N089,-1.4,empirical,,7.0,112.0,2.0,a8fa234e-a646-4911-8402-a67c302db4ae,2026-08-12T00:11:58.358108+00:00,c1ad72de628f71283ac69037e9bbe97c3e773952f5abde5eac91397ca322d1a6,resource-grid,transverse_field_ising,TFIM-89,"{""coupling"":1.0,""field"":3.0,""periodic"":false}",89,89.0,proportional,1.0,0.039810717055349734,355.0,177,mpf-j-mizuta2026-theorem6-empirical-operator-norm,multiproduct,MPF J=Mizuta Theorem 6 (resolved per point) [empirical operator norm],empirical-operator-norm,empirical,,7.0,14.0,mizuta2026-theorem6,5.000000000000001,0.03582964534981476,112.0,,,,[],,,,,,,,,,,,,,,[],,,,,,,empirical-operator-norm,[],15456.0,,,,0.021577820282007193,0.006056333600000001,empirical-operator-norm,Repository empirical operator-norm calibration study v1 (2026-08-10),reviewed calibration opnorm-v1-tfim-open-mpf-new-m7; fixed formal powers,"{""empirical_coefficient"":0.006056333600000001}",False,ideal-mpf,False,ordered individual Pauli terms,"[""the fixed formal-order powers in time and segments apply"",""the empirical estimate concerns the repeated ideal MPF operator"",""the reviewed affine size calibration extrapolates as flagged""]",,0.0,0.0,False,False,{},repeated-shared-ancilla-good-block,False,False,0.03582964534981476,new,"[1,2,3,4,5,9,22]","[2.9953607852158573e-09,-2.9318124556219793e-05,0.003468573778195489,-0.04863485570038276,0.1308718708891307,-0.4341006887393225,1.3484244149015747]",1.965529725128523,0.034470274871476914,46.0,registered-exact,True,7.0,3.0,2.0,4.0,9.0,7.0,6.0,3.0,2.0,3.0,2.0,one robust OAA round per segment,112.0,branch register all-zero,,96.0,10922016.0,10192.0,-1.0,1092242368.0,16409208.0,analytical-model,0.003981071705534973,opnorm-v1-tfim-open-mpf-new-m7,transverse_field_ising,affine-aN-plus-b,0.006056333600000001,4.0,12.0,4.0,12.0,True,True,asymptotic-domain,0.1.0,3.11.9,2.5.0,b58b31db18364511c43757e27fffc7abce8df2c1,True,ok,,
1.0,transverse_field_ising:N089,-1.4,commutator,,7.0,18271.0,2.0,a8fa234e-a646-4911-8402-a67c302db4ae,2026-08-12T00:11:58.358108+00:00,c1ad72de628f71283ac69037e9bbe97c3e773952f5abde5eac91397ca322d1a6,resource-grid,transverse_field_ising,TFIM-89,"{""coupling"":1.0,""field"":3.0,""periodic"":false}",89,89.0,proportional,1.0,0.039810717055349734,355.0,177,mpf-j-mizuta2026-theorem6-mizuta2026-commutator-ideal-rigorous,multiproduct,MPF J=Mizuta Theorem 6 (resolved per point) [Mizuta 2026 refined commutator],mizuta2026-commutator-ideal-rigorous,analytical,,7.0,14.0,mizuta2026-theorem6,5.000000000000001,0.03582964534981476,18271.0,18271.0,,13402.0,"[""error""]",37.64533977175202,14.0,,,1.8931736109094029e-06,5.672571772443991e-13,4.426185840746083e-22,5.672571768017805e-13,5.672571772443991e-13,1.8931741781665803e-06,0.035807531294196324,2.222636980708212e-05,False,0.006640928240142829,"[1.0000000000000002,1.0000000000000002,1.0000000000000002,1.0000000000000002,1.0000000000000002,1.0000000000000002,1.0000000000000002,1.0000000000000002,1.0000000000000002,1.0000000000000002,1.0000000000000002,1.0000000000000002,1.0000000000000002,1.0000000000000002,1.0000000000000002,1.0000000000000002,1.0000000000000002,1.0000000000000002,1.0000000000000002,1.0000000000000002,1.0000000000000002,1.0000000000000002,1.0000000000000002,1.0000000000000002,1.0000000000000002,1.0000000000000002,1.0000000000000002,1.0000000000000002,1.0000000000000002,1.0000000000000002,1.0000000000000002,1.0000000000000002,1.0000000000000002,1.0000000000000002,1.0000000000000002,1.0000000000000002,1.0000000000000002,1.0000000000000002,1.0000000000000002,1.0000000000000002,1.0000000000000002,1.0000000000000002,1.0000000000000002,1.0000000000000002,1.0000000000000002,1.0000000000000002,1.0000000000000002,1.0000000000000002,1.0000000000000002,1.0000000000000002,1.0000000000000002,1.0000000000000002,1.0000000000000002,1.0000000000000002,1.0000000000000002,1.0000000000000002,1.0000000000000002,1.0000000000000002,1.0000000000000002,1.0000000000000002,1.0000000000000002,1.0000000000000002,1.0000000000000002,1.0000000000000002,1.0000000000000002,1.0000000000000002,1.0000000000000002,1.0000000000000002,1.0000000000000002,1.0000000000000002,1.0000000000000002,1.0000000000000002,1.0000000000000002,1.0000000000000002,1.0000000000000002,1.0000000000000002,1.0000000000000002,1.0000000000000002,1.0000000000000002,1.0000000000000002,1.0000000000000002,1.0000000000000002,1.0000000000000002,1.0000000000000002,1.0000000000000002,1.0000000000000002,1.0000000000000002,1.0000000000000002,1.0000000000000002,1.0000000000000002,1.0000000000000002,1.0000000000000002,1.0000000000000002,1.0000000000000002,1.0000000000000002,1.0000000000000002,1.0000000000000002,1.0000000000000002,1.0000000000000002,1.0000000000000002,1.0000000000000002,1.0000000000000002,1.0000000000000002,1.0000000000000002,1.0000000000000002,1.0000000000000002,1.0000000000000002,1.0000000000000002,1.0000000000000002,1.0000000000000002,1.0000000000000002,1.0000000000000002,1.0000000000000002,1.0000000000000002,1.0000000000000002,1.0000000000000002,1.0000000000000002,1.0000000000000002,1.0000000000000002,1.0000000000000002,1.0000000000000002,1.0000000000000002,1.0000000000000002,1.0000000000000002,1.0000000000000002,1.0000000000000002,1.0000000000000002,1.0000000000000002,1.0000000000000002,1.0000000000000002,1.0000000000000002,1.0000000000000002,1.0000000000000002,1.0000000000000002,1.0000000000000002,1.0000000000000002,1.0000000000000002,1.0000000000000002,1.0000000000000002,1.0000000000000002,1.0000000000000002,1.0000000000000002,1.0000000000000002,1.0000000000000002,1.0000000000000002,1.0000000000000002,1.0000000000000002,1.0000000000000002,1.0000000000000002,1.0000000000000002,1.0000000000000002,1.0000000000000002,1.0000000000000002,1.0000000000000002,1.0000000000000002,1.0000000000000002,1.0000000000000002,1.0000000000000002,1.0000000000000002,1.0000000000000002,1.0000000000000002,1.0000000000000002,1.0000000000000002,1.0000000000000002,1.0000000000000002,1.0000000000000002,1.0000000000000002,1.0000000000000002,1.0000000000000002,1.0000000000000002,1.0000000000000002,1.0000000000000002,1.0000000000000002,1.0000000000000002,1.0000000000000002,1.0000000000000002,1.0000000000000002]",5.0000000000000036,14.0,False,,not-used,commutator,mizuta2026-commutator-ideal-rigorous,[],2521398.0,,,,0.035807531294196324,9.17857173831654e+28,mizuta2026-commutator-ideal-rigorous,"Mizuta, Quantum 10, 1974 (2026), arXiv:2507.06557v4","Theorem 4, Eqs. (47)--(49), with direct Lemmas 9--10 BCH remainder","{""error_predicate_satisfied"":1.0,""extensiveness_g"":5.000000000000001,""joint_predicate_satisfied"":1.0,""legacy_first_condition_passed"":0.0,""legacy_first_time_limit"":2.222636980708212e-05,""local_commutator_error"":1.8931736109094029e-06,""local_step_error"":1.8931741781665803e-06,""local_truncated_bch_error"":5.672571772443991e-13,""locality_k"":2.0,""mu_upper"":37.64533977175202,""refined_lemma10_remainder"":5.672571768017805e-13,""refined_lemma9_remainder"":4.426185840746083e-22,""refined_tail_fallback"":0.0,""repeated_global_error"":0.035807531294196324,""schedule_weighted_extensiveness"":5.0000000000000036,""second_time_limit"":0.006640928240142829,""time_2_predicate_satisfied"":1.0,""total_branchwise_bch_remainder"":5.672571772443991e-13,""truncation_order_p0"":14.0}",True,ideal-mpf,True,ordered individual Pauli terms,"[""individual Pauli summands define the ordered H_gamma decomposition"",""the actual Strang factors define schedule-weighted g_alpha extensiveness"",""Lemma 9 and Lemma 10 positive majorants directly certify the BCH remainder"",""the scalar-flow/Cauchy refined tail certificate is used"",""Theorem 4 second time hypothesis is satisfied"",""the repeated ideal MPF is composed with the Eq. (15) telescoping argument""]",,14.0,14.0,True,False,"{""2"":2112.000000000002,""3"":33744.00000000005,""4"":437856.000000001,""5"":6996288.0000000205,""6"":95599104.00000036,""7"":1527651840.000007,""8"":21592366080.000114,""9"":345068332032.0021,""10"":4990024826880.033,""11"":79751565484032.6,""12"":1171981014171657.5,""13"":1.8732045550190756e+16,""14"":2.7853937024041222e+17}",repeated-shared-ancilla-good-block,True,False,0.03582964534981476,new,"[1,2,3,4,5,9,22]","[2.9953607852158573e-09,-2.9318124556219793e-05,0.003468573778195489,-0.04863485570038276,0.1308718708891307,-0.4341006887393225,1.3484244149015747]",1.965529725128523,0.034470274871476914,46.0,registered-exact,True,7.0,3.0,2.0,4.0,9.0,7.0,6.0,3.0,2.0,3.0,2.0,one robust OAA round per segment,18271.0,branch register all-zero,,96.0,1781751378.0,1662661.0,-1.0,217380318760.0,2676898456.0,analytical-model,0.003981071705534973,,,,,,,,,,,,0.1.0,3.11.9,2.5.0,b58b31db18364511c43757e27fffc7abce8df2c1,True,ok,,
1.0,transverse_field_ising:N089,-1.5,commutator,174620.0,,,2.0,a8fa234e-a646-4911-8402-a67c302db4ae,2026-08-12T00:11:58.358108+00:00,c1ad72de628f71283ac69037e9bbe97c3e773952f5abde5eac91397ca322d1a6,resource-grid,transverse_field_ising,TFIM-89,"{""coupling"":1.0,""field"":3.0,""periodic"":false}",89,89.0,proportional,1.0,0.03162277660168379,355.0,177,trotter-p2,trotter,Trotter p=2,analytical,analytical,2.0,,,,,,174620.0,,,,,,,,,,,,,,,,,,,,,,,,,,,,,,individual,177.0,0.02846034137894218,1231.0,childs-commutator,"Childs, Su, Tran, Wiebe, and Zhu, arXiv:1912.08854",Propositions 9--10,"{""prefactor"":1231.0}",True,implemented-product-formula,True,,"[""the resolved ordered Hamiltonian groups match the implemented formula""]",,,,,,,implemented-product-formula,True,True,0.02846049894151541,,,,,,,,,,,,,,,,,,,1.0,none,0.0,system register,1.0,89.0,61640860.0,0.0,-1.0,6657212880.0,61292607.0,analytical-model,0.0031622776601683794,,,,,,,,,,,,0.1.0,3.11.9,2.5.0,b58b31db18364511c43757e27fffc7abce8df2c1,True,ok,,
1.0,transverse_field_ising:N089,-1.5,empirical,45943.0,,,2.0,a8fa234e-a646-4911-8402-a67c302db4ae,2026-08-12T00:11:58.358108+00:00,c1ad72de628f71283ac69037e9bbe97c3e773952f5abde5eac91397ca322d1a6,resource-grid,transverse_field_ising,TFIM-89,"{""coupling"":1.0,""field"":3.0,""periodic"":false}",89,89.0,proportional,1.0,0.03162277660168379,355.0,177,trotter-p2-empirical,trotter,Trotter p=2 [empirical],empirical-operator-norm,empirical,2.0,,,,,,45943.0,,,,,,,,,,,,,,,,,,,,,,,,,,,,,,individual,177.0,0.028460409302441817,85.2137784292,empirical-operator-norm,Repository empirical operator-norm calibration study v1 (2026-08-10),reviewed calibration opnorm-v1-tfim-open-trotter-p2; artifact docs/calibration_data/empirical_1d_v1_accepted.json,"{""prefactor"":85.2137784292}",False,implemented-product-formula,False,,"[""the resolved ordered Hamiltonian groups match the implemented formula"",""the fixed formal-order powers in time and segments apply"",""the reviewed affine size calibration extrapolates as flagged""]",,,,,,,implemented-product-formula,False,False,0.02846049894151541,,,,,,,,,,,,,,,,,,,1.0,none,0.0,system register,1.0,89.0,16217879.0,0.0,-1.0,1654223658.0,16126253.0,analytical-model,0.0031622776601683794,opnorm-v1-tfim-open-trotter-p2,transverse_field_ising,affine-aN-plus-b,85.2137784292,4.0,12.0,4.0,12.0,True,True,formula,0.1.0,3.11.9,2.5.0,b58b31db18364511c43757e27fffc7abce8df2c1,True,ok,,
1.0,transverse_field_ising:N089,-1.5,commutator,8252.0,,,2.0,a8fa234e-a646-4911-8402-a67c302db4ae,2026-08-12T00:11:58.358108+00:00,c1ad72de628f71283ac69037e9bbe97c3e773952f5abde5eac91397ca322d1a6,resource-grid,transverse_field_ising,TFIM-89,"{""coupling"":1.0,""field"":3.0,""periodic"":false}",89,89.0,proportional,1.0,0.03162277660168379,355.0,177,trotter-p4,trotter,Trotter p=4,analytical,analytical,4.0,,,,,,8252.0,,,,,,,,,,,,,,,,,,,,,,,,,,,,,,commuting,2.0,0.028450558461799575,23625.316736077137,schubert-mendl-commutator,"Schubert and Mendl, arXiv:2306.10603",Theorem 1,"{""prefactor"":23625.316736077137}",True,implemented-product-formula,True,,"[""the resolved ordered Hamiltonian groups match the implemented formula""]",,,,,,,implemented-product-formula,True,True,0.02846049894151541,,,,,,,,,,,,,,,,,,,1.0,none,0.0,system register,1.0,89.0,10975160.0,0.0,-1.0,1108491160.0,10913154.0,analytical-model,0.0031622776601683794,,,,,,,,,,,,0.1.0,3.11.9,2.5.0,b58b31db18364511c43757e27fffc7abce8df2c1,True,ok,,
1.0,transverse_field_ising:N089,-1.5,empirical,1647.0,,,2.0,a8fa234e-a646-4911-8402-a67c302db4ae,2026-08-12T00:11:58.358108+00:00,c1ad72de628f71283ac69037e9bbe97c3e773952f5abde5eac91397ca322d1a6,resource-grid,transverse_field_ising,TFIM-89,"{""coupling"":1.0,""field"":3.0,""periodic"":false}",89,89.0,proportional,1.0,0.03162277660168379,355.0,177,trotter-p4-empirical,trotter,Trotter p=4 [empirical],empirical-operator-norm,empirical,4.0,,,,,,1647.0,,,,,,,,,,,,,,,,,,,,,,,,,,,,,,commuting,2.0,0.02844962198742415,37.4887417028,empirical-operator-norm,Repository empirical operator-norm calibration study v1 (2026-08-10),reviewed calibration opnorm-v1-tfim-open-trotter-p4; artifact docs/calibration_data/empirical_1d_v1_accepted.json,"{""prefactor"":37.4887417028}",False,implemented-product-formula,False,,"[""the resolved ordered Hamiltonian groups match the implemented formula"",""the fixed formal-order powers in time and segments apply"",""the reviewed affine size calibration extrapolates as flagged""]",,,,,,,implemented-product-formula,False,False,0.02846049894151541,,,,,,,,,,,,,,,,,,,1.0,none,0.0,system register,1.0,89.0,2190510.0,0.0,-1.0,203717430.0,2178135.0,analytical-model,0.0031622776601683794,opnorm-v1-tfim-open-trotter-p4,transverse_field_ising,affine-aN-plus-b,37.4887417028,4.0,12.0,4.0,12.0,True,True,formula,0.1.0,3.11.9,2.5.0,b58b31db18364511c43757e27fffc7abce8df2c1,True,ok,,
1.0,transverse_field_ising:N089,-1.5,commutator,4310.0,,,2.0,a8fa234e-a646-4911-8402-a67c302db4ae,2026-08-12T00:11:58.358108+00:00,c1ad72de628f71283ac69037e9bbe97c3e773952f5abde5eac91397ca322d1a6,resource-grid,transverse_field_ising,TFIM-89,"{""coupling"":1.0,""field"":3.0,""periodic"":false}",89,89.0,proportional,1.0,0.03162277660168379,355.0,177,trotter-p6,trotter,Trotter p=6,analytical,analytical,6.0,,,,,,4310.0,,,,,,,,,,,,,,,,,,,,,,,,,,,,,,commuting,2.0,0.02843486213562003,4120830.026684159,schubert-mendl-commutator,"Schubert and Mendl, arXiv:2306.10603",Theorem 1,"{""prefactor"":4120830.026684159}",True,implemented-product-formula,True,,"[""the resolved ordered Hamiltonian groups match the implemented formula""]",,,,,,,implemented-product-formula,True,True,0.02846049894151541,,,,,,,,,,,,,,,,,,,1.0,none,0.0,system register,1.0,89.0,28661500.0,0.0,-1.0,3009457500.0,28499571.0,analytical-model,0.0031622776601683794,,,,,,,,,,,,0.1.0,3.11.9,2.5.0,b58b31db18364511c43757e27fffc7abce8df2c1,True,ok,,
1.0,transverse_field_ising:N089,-1.5,empirical,712.0,,,2.0,a8fa234e-a646-4911-8402-a67c302db4ae,2026-08-12T00:11:58.358108+00:00,c1ad72de628f71283ac69037e9bbe97c3e773952f5abde5eac91397ca322d1a6,resource-grid,transverse_field_ising,TFIM-89,"{""coupling"":1.0,""field"":3.0,""periodic"":false}",89,89.0,proportional,1.0,0.03162277660168379,355.0,177,trotter-p6-empirical,trotter,Trotter p=6 [empirical],empirical-operator-norm,empirical,6.0,,,,,,712.0,,,,,,,,,,,,,,,,,,,,,,,,,,,,,,commuting,2.0,0.00020519860730361896,0.604399817,empirical-operator-norm,Repository empirical operator-norm calibration study v1 (2026-08-10),reviewed calibration opnorm-v1-tfim-open-trotter-p6; artifact docs/calibration_data/empirical_1d_v1_accepted.json,"{""prefactor"":0.604399817}",False,implemented-product-formula,False,,"[""the resolved ordered Hamiltonian groups match the implemented formula"",""the fixed formal-order powers in time and segments apply"",""the reviewed affine size calibration extrapolates as flagged""]",,,,,,,implemented-product-formula,False,False,0.02846049894151541,,,,,,,,,,,,,,,,,,,1.0,none,0.0,system register,1.0,89.0,4734800.0,0.0,-1.0,459275600.0,4708050.0,analytical-model,0.0031622776601683794,opnorm-v1-tfim-open-trotter-p6,transverse_field_ising,affine-aN-plus-b,0.604399817,4.0,12.0,4.0,12.0,True,True,asymptotic-domain,0.1.0,3.11.9,2.5.0,b58b31db18364511c43757e27fffc7abce8df2c1,True,ok,,
1.0,transverse_field_ising:N089,-1.5,jacobi-anger,,,,2.0,a8fa234e-a646-4911-8402-a67c302db4ae,2026-08-12T00:11:58.358108+00:00,c1ad72de628f71283ac69037e9bbe97c3e773952f5abde5eac91397ca322d1a6,resource-grid,transverse_field_ising,TFIM-89,"{""coupling"":1.0,""field"":3.0,""periodic"":false}",89,89.0,proportional,1.0,0.03162277660168379,355.0,177,qsvt,qsvt,QSVT,jacobi-anger-rigorous,analytical,,,,,,,,,,,,,,,,,,,,,,,,,,,,,,,,,,,257655.0,42943.0,,,0.005181576885836534,,jacobi-anger-polynomial-oaa,"Martyn et al., arXiv:2105.02859, Eqs. (76)--(77)",Jacobi--Anger tails plus exact cubic OAA identity,"{""oaa-unitarity-defect-distortion"":0.0025958074179693548,""scaled-polynomial-error"":0.002585769467867179}",True,ideal-qsvt-oaa-good-block,True,,"[""the cosine and sine polynomials are implemented exactly"",""the unamplified good block is exactly Q/2""]",,,,,,,implemented-qsvt-floating-phase-circuit,False,False,0.02846049894151541,,,,,,,,,,,,,,,,,,,2.0,one robust OAA round,1.0,"component, quadrature, and index registers all-zero",,107.0,131919372.0,369477396.0,-1.0,16120959876.0,2416031691.0,analytical-model,0.0031622776601683794,,,,,,,,,,,,0.1.0,3.11.9,2.5.0,b58b31db18364511c43757e27fffc7abce8df2c1,True,ok,,
1.0,transverse_field_ising:N089,-1.5,empirical,,8.0,112.0,2.0,a8fa234e-a646-4911-8402-a67c302db4ae,2026-08-12T00:11:58.358108+00:00,c1ad72de628f71283ac69037e9bbe97c3e773952f5abde5eac91397ca322d1a6,resource-grid,transverse_field_ising,TFIM-89,"{""coupling"":1.0,""field"":3.0,""periodic"":false}",89,89.0,proportional,1.0,0.03162277660168379,355.0,177,mpf-j-mizuta2026-theorem6-empirical-operator-norm,multiproduct,MPF J=Mizuta Theorem 6 (resolved per point) [empirical operator norm],empirical-operator-norm,empirical,,8.0,16.0,mizuta2026-theorem6,5.000000000000001,0.02846049894151541,112.0,,,,[],,,,,,,,,,,,,,,[],,,,,,,empirical-operator-norm,[],20496.0,,,,0.0010093792186199014,0.0004486551,empirical-operator-norm,Repository empirical operator-norm calibration study v1 (2026-08-10),reviewed calibration opnorm-v1-tfim-open-mpf-new-m8; fixed formal powers,"{""empirical_coefficient"":0.0004486551}",False,ideal-mpf,False,ordered individual Pauli terms,"[""the fixed formal-order powers in time and segments apply"",""the empirical estimate concerns the repeated ideal MPF operator"",""the reviewed affine size calibration extrapolates as flagged""]",,0.0,0.0,False,False,{},repeated-shared-ancilla-good-block,False,False,0.02846049894151541,new,"[1,2,3,4,5,6,11,29]","[-3.280633240950701e-11,1.38314223008236e-06,-0.00042434045620952707,0.013663236344294543,-0.0975962105352182,0.17214651362521294,-0.39147182230350597,1.3036812402160025]",1.9789847466554802,0.021015253344519813,61.0,registered-exact,True,8.0,4.0,2.0,5.0,10.0,6.0,6.0,3.0,2.0,3.0,2.0,one robust OAA round per segment,112.0,branch register all-zero,,96.0,14480256.0,11872.0,-1.0,1477033600.0,21746932.0,analytical-model,0.0031622776601683794,opnorm-v1-tfim-open-mpf-new-m8,transverse_field_ising,affine-aN-plus-b,0.0004486551,4.0,12.0,4.0,12.0,True,True,asymptotic-domain,0.1.0,3.11.9,2.5.0,b58b31db18364511c43757e27fffc7abce8df2c1,True,ok,,
1.0,transverse_field_ising:N089,-1.5,commutator,,8.0,16351.0,2.0,a8fa234e-a646-4911-8402-a67c302db4ae,2026-08-12T00:11:58.358108+00:00,c1ad72de628f71283ac69037e9bbe97c3e773952f5abde5eac91397ca322d1a6,resource-grid,transverse_field_ising,TFIM-89,"{""coupling"":1.0,""field"":3.0,""periodic"":false}",89,89.0,proportional,1.0,0.03162277660168379,355.0,177,mpf-j-mizuta2026-theorem6-mizuta2026-commutator-ideal-rigorous,multiproduct,MPF J=Mizuta Theorem 6 (resolved per point) [Mizuta 2026 refined commutator],mizuta2026-commutator-ideal-rigorous,analytical,,8.0,16.0,mizuta2026-theorem6,5.000000000000001,0.02846049894151541,16351.0,16351.0,,13402.0,"[""error""]",37.64548989958904,16.0,,,1.6928813169320428e-06,9.621324354522632e-14,1.2995537822999036e-19,9.621311358984808e-14,9.621324354522632e-14,1.6928814131452866e-06,0.02845715721195494,1.944807358119685e-05,False,0.006640901756540274,"[1.0000000000000002,1.0000000000000002,1.0000000000000002,1.0000000000000002,1.0000000000000002,1.0000000000000002,1.0000000000000002,1.0000000000000002,1.0000000000000002,1.0000000000000002,1.0000000000000002,1.0000000000000002,1.0000000000000002,1.0000000000000002,1.0000000000000002,1.0000000000000002,1.0000000000000002,1.0000000000000002,1.0000000000000002,1.0000000000000002,1.0000000000000002,1.0000000000000002,1.0000000000000002,1.0000000000000002,1.0000000000000002,1.0000000000000002,1.0000000000000002,1.0000000000000002,1.0000000000000002,1.0000000000000002,1.0000000000000002,1.0000000000000002,1.0000000000000002,1.0000000000000002,1.0000000000000002,1.0000000000000002,1.0000000000000002,1.0000000000000002,1.0000000000000002,1.0000000000000002,1.0000000000000002,1.0000000000000002,1.0000000000000002,1.0000000000000002,1.0000000000000002,1.0000000000000002,1.0000000000000002,1.0000000000000002,1.0000000000000002,1.0000000000000002,1.0000000000000002,1.0000000000000002,1.0000000000000002,1.0000000000000002,1.0000000000000002,1.0000000000000002,1.0000000000000002,1.0000000000000002,1.0000000000000002,1.0000000000000002,1.0000000000000002,1.0000000000000002,1.0000000000000002,1.0000000000000002,1.0000000000000002,1.0000000000000002,1.0000000000000002,1.0000000000000002,1.0000000000000002,1.0000000000000002,1.0000000000000002,1.0000000000000002,1.0000000000000002,1.0000000000000002,1.0000000000000002,1.0000000000000002,1.0000000000000002,1.0000000000000002,1.0000000000000002,1.0000000000000002,1.0000000000000002,1.0000000000000002,1.0000000000000002,1.0000000000000002,1.0000000000000002,1.0000000000000002,1.0000000000000002,1.0000000000000002,1.0000000000000002,1.0000000000000002,1.0000000000000002,1.0000000000000002,1.0000000000000002,1.0000000000000002,1.0000000000000002,1.0000000000000002,1.0000000000000002,1.0000000000000002,1.0000000000000002,1.0000000000000002,1.0000000000000002,1.0000000000000002,1.0000000000000002,1.0000000000000002,1.0000000000000002,1.0000000000000002,1.0000000000000002,1.0000000000000002,1.0000000000000002,1.0000000000000002,1.0000000000000002,1.0000000000000002,1.0000000000000002,1.0000000000000002,1.0000000000000002,1.0000000000000002,1.0000000000000002,1.0000000000000002,1.0000000000000002,1.0000000000000002,1.0000000000000002,1.0000000000000002,1.0000000000000002,1.0000000000000002,1.0000000000000002,1.0000000000000002,1.0000000000000002,1.0000000000000002,1.0000000000000002,1.0000000000000002,1.0000000000000002,1.0000000000000002,1.0000000000000002,1.0000000000000002,1.0000000000000002,1.0000000000000002,1.0000000000000002,1.0000000000000002,1.0000000000000002,1.0000000000000002,1.0000000000000002,1.0000000000000002,1.0000000000000002,1.0000000000000002,1.0000000000000002,1.0000000000000002,1.0000000000000002,1.0000000000000002,1.0000000000000002,1.0000000000000002,1.0000000000000002,1.0000000000000002,1.0000000000000002,1.0000000000000002,1.0000000000000002,1.0000000000000002,1.0000000000000002,1.0000000000000002,1.0000000000000002,1.0000000000000002,1.0000000000000002,1.0000000000000002,1.0000000000000002,1.0000000000000002,1.0000000000000002,1.0000000000000002,1.0000000000000002,1.0000000000000002,1.0000000000000002,1.0000000000000002,1.0000000000000002,1.0000000000000002,1.0000000000000002,1.0000000000000002,1.0000000000000002,1.0000000000000002,1.0000000000000002]",5.0000000000000036,16.0,False,,not-used,commutator,mizuta2026-commutator-ideal-rigorous,[],2992233.0,,,,0.02845715721195494,5.239017078695717e+32,mizuta2026-commutator-ideal-rigorous,"Mizuta, Quantum 10, 1974 (2026), arXiv:2507.06557v4","Theorem 4, Eqs. (47)--(49), with direct Lemmas 9--10 BCH remainder","{""error_predicate_satisfied"":1.0,""extensiveness_g"":5.000000000000001,""joint_predicate_satisfied"":1.0,""legacy_first_condition_passed"":0.0,""legacy_first_time_limit"":1.944807358119685e-05,""local_commutator_error"":1.6928813169320428e-06,""local_step_error"":1.6928814131452866e-06,""local_truncated_bch_error"":9.621324354522632e-14,""locality_k"":2.0,""mu_upper"":37.64548989958904,""refined_lemma10_remainder"":9.621311358984808e-14,""refined_lemma9_remainder"":1.2995537822999036e-19,""refined_tail_fallback"":0.0,""repeated_global_error"":0.02845715721195494,""schedule_weighted_extensiveness"":5.0000000000000036,""second_time_limit"":0.006640901756540274,""time_2_predicate_satisfied"":1.0,""total_branchwise_bch_remainder"":9.621324354522632e-14,""truncation_order_p0"":16.0}",True,ideal-mpf,True,ordered individual Pauli terms,"[""individual Pauli summands define the ordered H_gamma decomposition"",""the actual Strang factors define schedule-weighted g_alpha extensiveness"",""Lemma 9 and Lemma 10 positive majorants directly certify the BCH remainder"",""the scalar-flow/Cauchy refined tail certificate is used"",""Theorem 4 second time hypothesis is satisfied"",""the repeated ideal MPF is composed with the Eq. (15) telescoping argument""]",,16.0,16.0,True,False,"{""2"":2112.000000000002,""3"":33744.00000000005,""4"":437856.000000001,""5"":6996288.0000000205,""6"":95599104.00000036,""7"":1527651840.000007,""8"":21592366080.000114,""9"":345068332032.0021,""10"":4990024826880.033,""11"":79751565484032.6,""12"":1171981014171657.5,""13"":1.8732045550190756e+16,""14"":2.7853937024041222e+17,""15"":4.452212203592659e+18,""16"":6.679876190887078e+19}",repeated-shared-ancilla-good-block,True,False,0.02846049894151541,new,"[1,2,3,4,5,6,11,29]","[-3.280633240950701e-11,1.38314223008236e-06,-0.00042434045620952707,0.013663236344294543,-0.0975962105352182,0.17214651362521294,-0.39147182230350597,1.3036812402160025]",1.9789847466554802,0.021015253344519813,61.0,registered-exact,True,8.0,4.0,2.0,5.0,10.0,6.0,6.0,3.0,2.0,3.0,2.0,one robust OAA round per segment,16351.0,branch register all-zero,,96.0,2113988088.0,1733206.0,-1.0,262141455736.0,3174857874.0,analytical-model,0.0031622776601683794,,,,,,,,,,,,0.1.0,3.11.9,2.5.0,b58b31db18364511c43757e27fffc7abce8df2c1,True,ok,,
1.0,transverse_field_ising:N089,-1.6,commutator,195927.0,,,2.0,a8fa234e-a646-4911-8402-a67c302db4ae,2026-08-12T00:11:58.358108+00:00,c1ad72de628f71283ac69037e9bbe97c3e773952f5abde5eac91397ca322d1a6,resource-grid,transverse_field_ising,TFIM-89,"{""coupling"":1.0,""field"":3.0,""periodic"":false}",89,89.0,proportional,1.0,0.025118864315095794,355.0,177,trotter-p2,trotter,Trotter p=2,analytical,analytical,2.0,,,,,,195927.0,,,,,,,,,,,,,,,,,,,,,,,,,,,,,,individual,177.0,0.022606820994320712,1231.0,childs-commutator,"Childs, Su, Tran, Wiebe, and Zhu, arXiv:1912.08854",Propositions 9--10,"{""prefactor"":1231.0}",True,implemented-product-formula,True,,"[""the resolved ordered Hamiltonian groups match the implemented formula""]",,,,,,,implemented-product-formula,True,True,0.022606977883586215,,,,,,,,,,,,,,,,,,,1.0,none,0.0,system register,1.0,89.0,69162231.0,0.0,-1.0,7607845410.0,68771484.0,analytical-model,0.0025118864315095794,,,,,,,,,,,,0.1.0,3.11.9,2.5.0,b58b31db18364511c43757e27fffc7abce8df2c1,True,ok,,
1.0,transverse_field_ising:N089,-1.6,empirical,51549.0,,,2.0,a8fa234e-a646-4911-8402-a67c302db4ae,2026-08-12T00:11:58.358108+00:00,c1ad72de628f71283ac69037e9bbe97c3e773952f5abde5eac91397ca322d1a6,resource-grid,transverse_field_ising,TFIM-89,"{""coupling"":1.0,""field"":3.0,""periodic"":false}",89,89.0,proportional,1.0,0.025118864315095794,355.0,177,trotter-p2-empirical,trotter,Trotter p=2 [empirical],empirical-operator-norm,empirical,2.0,,,,,,51549.0,,,,,,,,,,,,,,,,,,,,,,,,,,,,,,individual,177.0,0.022606813572775355,85.2137784292,empirical-operator-norm,Repository empirical operator-norm calibration study v1 (2026-08-10),reviewed calibration opnorm-v1-tfim-open-trotter-p2; artifact docs/calibration_data/empirical_1d_v1_accepted.json,"{""prefactor"":85.2137784292}",False,implemented-product-formula,False,,"[""the resolved ordered Hamiltonian groups match the implemented formula"",""the fixed formal-order powers in time and segments apply"",""the reviewed affine size calibration extrapolates as flagged""]",,,,,,,implemented-product-formula,False,False,0.022606977883586215,,,,,,,,,,,,,,,,,,,1.0,none,0.0,system register,1.0,89.0,18196797.0,0.0,-1.0,1892466888.0,18093991.0,analytical-model,0.0025118864315095794,opnorm-v1-tfim-open-trotter-p2,transverse_field_ising,affine-aN-plus-b,85.2137784292,4.0,12.0,4.0,12.0,True,True,formula,0.1.0,3.11.9,2.5.0,b58b31db18364511c43757e27fffc7abce8df2c1,True,ok,,
1.0,transverse_field_ising:N089,-1.6,commutator,8741.0,,,2.0,a8fa234e-a646-4911-8402-a67c302db4ae,2026-08-12T00:11:58.358108+00:00,c1ad72de628f71283ac69037e9bbe97c3e773952f5abde5eac91397ca322d1a6,resource-grid,transverse_field_ising,TFIM-89,"{""coupling"":1.0,""field"":3.0,""periodic"":false}",89,89.0,proportional,1.0,0.025118864315095794,355.0,177,trotter-p4,trotter,Trotter p=4,analytical,analytical,4.0,,,,,,8741.0,,,,,,,,,,,,,,,,,,,,,,,,,,,,,,commuting,2.0,0.022598686212789352,23625.316736077137,schubert-mendl-commutator,"Schubert and Mendl, arXiv:2306.10603",Theorem 1,"{""prefactor"":23625.316736077137}",True,implemented-product-formula,True,,"[""the resolved ordered Hamiltonian groups match the implemented formula""]",,,,,,,implemented-product-formula,True,True,0.022606977883586215,,,,,,,,,,,,,,,,,,,1.0,none,0.0,system register,1.0,89.0,11625530.0,0.0,-1.0,1185804060.0,11559850.0,analytical-model,0.0025118864315095794,,,,,,,,,,,,0.1.0,3.11.9,2.5.0,b58b31db18364511c43757e27fffc7abce8df2c1,True,ok,,
1.0,transverse_field_ising:N089,-1.6,empirical,1745.0,,,2.0,a8fa234e-a646-4911-8402-a67c302db4ae,2026-08-12T00:11:58.358108+00:00,c1ad72de628f71283ac69037e9bbe97c3e773952f5abde5eac91397ca322d1a6,resource-grid,transverse_field_ising,TFIM-89,"{""coupling"":1.0,""field"":3.0,""periodic"":false}",89,89.0,proportional,1.0,0.025118864315095794,355.0,177,trotter-p4-empirical,trotter,Trotter p=4 [empirical],empirical-operator-norm,empirical,4.0,,,,,,1745.0,,,,,,,,,,,,,,,,,,,,,,,,,,,,,,commuting,2.0,0.022577152774180393,37.4887417028,empirical-operator-norm,Repository empirical operator-norm calibration study v1 (2026-08-10),reviewed calibration opnorm-v1-tfim-open-trotter-p4; artifact docs/calibration_data/empirical_1d_v1_accepted.json,"{""prefactor"":37.4887417028}",False,implemented-product-formula,False,,"[""the resolved ordered Hamiltonian groups match the implemented formula"",""the fixed formal-order powers in time and segments apply"",""the reviewed affine size calibration extrapolates as flagged""]",,,,,,,implemented-product-formula,False,False,0.022606977883586215,,,,,,,,,,,,,,,,,,,1.0,none,0.0,system register,1.0,89.0,2320850.0,0.0,-1.0,220480750.0,2307738.0,analytical-model,0.0025118864315095794,opnorm-v1-tfim-open-trotter-p4,transverse_field_ising,affine-aN-plus-b,37.4887417028,4.0,12.0,4.0,12.0,True,True,formula,0.1.0,3.11.9,2.5.0,b58b31db18364511c43757e27fffc7abce8df2c1,True,ok,,
1.0,transverse_field_ising:N089,-1.6,commutator,4478.0,,,2.0,a8fa234e-a646-4911-8402-a67c302db4ae,2026-08-12T00:11:58.358108+00:00,c1ad72de628f71283ac69037e9bbe97c3e773952f5abde5eac91397ca322d1a6,resource-grid,transverse_field_ising,TFIM-89,"{""coupling"":1.0,""field"":3.0,""periodic"":false}",89,89.0,proportional,1.0,0.025118864315095794,355.0,177,trotter-p6,trotter,Trotter p=6,analytical,analytical,6.0,,,,,,4478.0,,,,,,,,,,,,,,,,,,,,,,,,,,,,,,commuting,2.0,0.02260529674299476,4120830.026684159,schubert-mendl-commutator,"Schubert and Mendl, arXiv:2306.10603",Theorem 1,"{""prefactor"":4120830.026684159}",True,implemented-product-formula,True,,"[""the resolved ordered Hamiltonian groups match the implemented formula""]",,,,,,,implemented-product-formula,True,True,0.022606977883586215,,,,,,,,,,,,,,,,,,,1.0,none,0.0,system register,1.0,89.0,29778700.0,0.0,-1.0,3156542200.0,29610459.0,analytical-model,0.0025118864315095794,,,,,,,,,,,,0.1.0,3.11.9,2.5.0,b58b31db18364511c43757e27fffc7abce8df2c1,True,ok,,
1.0,transverse_field_ising:N089,-1.6,empirical,712.0,,,2.0,a8fa234e-a646-4911-8402-a67c302db4ae,2026-08-12T00:11:58.358108+00:00,c1ad72de628f71283ac69037e9bbe97c3e773952f5abde5eac91397ca322d1a6,resource-grid,transverse_field_ising,TFIM-89,"{""coupling"":1.0,""field"":3.0,""periodic"":false}",89,89.0,proportional,1.0,0.025118864315095794,355.0,177,trotter-p6-empirical,trotter,Trotter p=6 [empirical],empirical-operator-norm,empirical,6.0,,,,,,712.0,,,,,,,,,,,,,,,,,,,,,,,,,,,,,,commuting,2.0,0.00020519860730361896,0.604399817,empirical-operator-norm,Repository empirical operator-norm calibration study v1 (2026-08-10),reviewed calibration opnorm-v1-tfim-open-trotter-p6; artifact docs/calibration_data/empirical_1d_v1_accepted.json,"{""prefactor"":0.604399817}",False,implemented-product-formula,False,,"[""the resolved ordered Hamiltonian groups match the implemented formula"",""the fixed formal-order powers in time and segments apply"",""the reviewed affine size calibration extrapolates as flagged""]",,,,,,,implemented-product-formula,False,False,0.022606977883586215,,,,,,,,,,,,,,,,,,,1.0,none,0.0,system register,1.0,89.0,4734800.0,0.0,-1.0,464010400.0,4708050.0,analytical-model,0.0025118864315095794,opnorm-v1-tfim-open-trotter-p6,transverse_field_ising,affine-aN-plus-b,0.604399817,4.0,12.0,4.0,12.0,True,True,asymptotic-domain,0.1.0,3.11.9,2.5.0,b58b31db18364511c43757e27fffc7abce8df2c1,True,ok,,
1.0,transverse_field_ising:N089,-1.6,jacobi-anger,,,,2.0,a8fa234e-a646-4911-8402-a67c302db4ae,2026-08-12T00:11:58.358108+00:00,c1ad72de628f71283ac69037e9bbe97c3e773952f5abde5eac91397ca322d1a6,resource-grid,transverse_field_ising,TFIM-89,"{""coupling"":1.0,""field"":3.0,""periodic"":false}",89,89.0,proportional,1.0,0.025118864315095794,355.0,177,qsvt,qsvt,QSVT,jacobi-anger-rigorous,analytical,,,,,,,,,,,,,,,,,,,,,,,,,,,,,,,,,,,257655.0,42943.0,,,0.004529475433770427,,jacobi-anger-polynomial-oaa,"Martyn et al., arXiv:2105.02859, Eqs. (76)--(77)",Jacobi--Anger tails plus exact cubic OAA identity,"{""oaa-unitarity-defect-distortion"":0.002268574361376692,""scaled-polynomial-error"":0.0022609010723937356}",True,ideal-qsvt-oaa-good-block,True,,"[""the cosine and sine polynomials are implemented exactly"",""the unamplified good block is exactly Q/2""]",,,,,,,implemented-qsvt-floating-phase-circuit,False,False,0.022606977883586215,,,,,,,,,,,,,,,,,,,2.0,one robust OAA round,1.0,"component, quadrature, and index registers all-zero",,107.0,131919372.0,369477396.0,-1.0,16252879248.0,2416031691.0,analytical-model,0.0025118864315095794,,,,,,,,,,,,0.1.0,3.11.9,2.5.0,b58b31db18364511c43757e27fffc7abce8df2c1,True,ok,,
1.0,transverse_field_ising:N089,-1.6,empirical,,8.0,112.0,2.0,a8fa234e-a646-4911-8402-a67c302db4ae,2026-08-12T00:11:58.358108+00:00,c1ad72de628f71283ac69037e9bbe97c3e773952f5abde5eac91397ca322d1a6,resource-grid,transverse_field_ising,TFIM-89,"{""coupling"":1.0,""field"":3.0,""periodic"":false}",89,89.0,proportional,1.0,0.025118864315095794,355.0,177,mpf-j-mizuta2026-theorem6-empirical-operator-norm,multiproduct,MPF J=Mizuta Theorem 6 (resolved per point) [empirical operator norm],empirical-operator-norm,empirical,,8.0,16.0,mizuta2026-theorem6,5.000000000000001,0.022606977883586215,112.0,,,,[],,,,,,,,,,,,,,,[],,,,,,,empirical-operator-norm,[],20496.0,,,,0.0010093792186199014,0.0004486551,empirical-operator-norm,Repository empirical operator-norm calibration study v1 (2026-08-10),reviewed calibration opnorm-v1-tfim-open-mpf-new-m8; fixed formal powers,"{""empirical_coefficient"":0.0004486551}",False,ideal-mpf,False,ordered individual Pauli terms,"[""the fixed formal-order powers in time and segments apply"",""the empirical estimate concerns the repeated ideal MPF operator"",""the reviewed affine size calibration extrapolates as flagged""]",,0.0,0.0,False,False,{},repeated-shared-ancilla-good-block,False,False,0.022606977883586215,new,"[1,2,3,4,5,6,11,29]","[-3.280633240950701e-11,1.38314223008236e-06,-0.00042434045620952707,0.013663236344294543,-0.0975962105352182,0.17214651362521294,-0.39147182230350597,1.3036812402160025]",1.9789847466554802,0.021015253344519813,61.0,registered-exact,True,8.0,4.0,2.0,5.0,10.0,6.0,6.0,3.0,2.0,3.0,2.0,one robust OAA round per segment,112.0,branch register all-zero,,96.0,14480256.0,11872.0,-1.0,1491513856.0,21746932.0,analytical-model,0.0025118864315095794,opnorm-v1-tfim-open-mpf-new-m8,transverse_field_ising,affine-aN-plus-b,0.0004486551,4.0,12.0,4.0,12.0,True,True,asymptotic-domain,0.1.0,3.11.9,2.5.0,b58b31db18364511c43757e27fffc7abce8df2c1,True,ok,,
1.0,transverse_field_ising:N089,-1.6,commutator,,8.0,16583.0,2.0,a8fa234e-a646-4911-8402-a67c302db4ae,2026-08-12T00:11:58.358108+00:00,c1ad72de628f71283ac69037e9bbe97c3e773952f5abde5eac91397ca322d1a6,resource-grid,transverse_field_ising,TFIM-89,"{""coupling"":1.0,""field"":3.0,""periodic"":false}",89,89.0,proportional,1.0,0.025118864315095794,355.0,177,mpf-j-mizuta2026-theorem6-mizuta2026-commutator-ideal-rigorous,multiproduct,MPF J=Mizuta Theorem 6 (resolved per point) [Mizuta 2026 refined commutator],mizuta2026-commutator-ideal-rigorous,analytical,,8.0,16.0,mizuta2026-theorem6,5.000000000000001,0.022606977883586215,16583.0,16583.0,,13402.0,"[""error""]",37.64548989958904,16.0,,,1.332315911663828e-06,7.4930361718322e-14,1.1017515441447667e-19,7.493025154316758e-14,7.4930361718322e-14,1.33231598659419e-06,0.022587333721451382,1.944807358119685e-05,False,0.006640901756540274,"[1.0000000000000002,1.0000000000000002,1.0000000000000002,1.0000000000000002,1.0000000000000002,1.0000000000000002,1.0000000000000002,1.0000000000000002,1.0000000000000002,1.0000000000000002,1.0000000000000002,1.0000000000000002,1.0000000000000002,1.0000000000000002,1.0000000000000002,1.0000000000000002,1.0000000000000002,1.0000000000000002,1.0000000000000002,1.0000000000000002,1.0000000000000002,1.0000000000000002,1.0000000000000002,1.0000000000000002,1.0000000000000002,1.0000000000000002,1.0000000000000002,1.0000000000000002,1.0000000000000002,1.0000000000000002,1.0000000000000002,1.0000000000000002,1.0000000000000002,1.0000000000000002,1.0000000000000002,1.0000000000000002,1.0000000000000002,1.0000000000000002,1.0000000000000002,1.0000000000000002,1.0000000000000002,1.0000000000000002,1.0000000000000002,1.0000000000000002,1.0000000000000002,1.0000000000000002,1.0000000000000002,1.0000000000000002,1.0000000000000002,1.0000000000000002,1.0000000000000002,1.0000000000000002,1.0000000000000002,1.0000000000000002,1.0000000000000002,1.0000000000000002,1.0000000000000002,1.0000000000000002,1.0000000000000002,1.0000000000000002,1.0000000000000002,1.0000000000000002,1.0000000000000002,1.0000000000000002,1.0000000000000002,1.0000000000000002,1.0000000000000002,1.0000000000000002,1.0000000000000002,1.0000000000000002,1.0000000000000002,1.0000000000000002,1.0000000000000002,1.0000000000000002,1.0000000000000002,1.0000000000000002,1.0000000000000002,1.0000000000000002,1.0000000000000002,1.0000000000000002,1.0000000000000002,1.0000000000000002,1.0000000000000002,1.0000000000000002,1.0000000000000002,1.0000000000000002,1.0000000000000002,1.0000000000000002,1.0000000000000002,1.0000000000000002,1.0000000000000002,1.0000000000000002,1.0000000000000002,1.0000000000000002,1.0000000000000002,1.0000000000000002,1.0000000000000002,1.0000000000000002,1.0000000000000002,1.0000000000000002,1.0000000000000002,1.0000000000000002,1.0000000000000002,1.0000000000000002,1.0000000000000002,1.0000000000000002,1.0000000000000002,1.0000000000000002,1.0000000000000002,1.0000000000000002,1.0000000000000002,1.0000000000000002,1.0000000000000002,1.0000000000000002,1.0000000000000002,1.0000000000000002,1.0000000000000002,1.0000000000000002,1.0000000000000002,1.0000000000000002,1.0000000000000002,1.0000000000000002,1.0000000000000002,1.0000000000000002,1.0000000000000002,1.0000000000000002,1.0000000000000002,1.0000000000000002,1.0000000000000002,1.0000000000000002,1.0000000000000002,1.0000000000000002,1.0000000000000002,1.0000000000000002,1.0000000000000002,1.0000000000000002,1.0000000000000002,1.0000000000000002,1.0000000000000002,1.0000000000000002,1.0000000000000002,1.0000000000000002,1.0000000000000002,1.0000000000000002,1.0000000000000002,1.0000000000000002,1.0000000000000002,1.0000000000000002,1.0000000000000002,1.0000000000000002,1.0000000000000002,1.0000000000000002,1.0000000000000002,1.0000000000000002,1.0000000000000002,1.0000000000000002,1.0000000000000002,1.0000000000000002,1.0000000000000002,1.0000000000000002,1.0000000000000002,1.0000000000000002,1.0000000000000002,1.0000000000000002,1.0000000000000002,1.0000000000000002,1.0000000000000002,1.0000000000000002,1.0000000000000002,1.0000000000000002,1.0000000000000002,1.0000000000000002,1.0000000000000002,1.0000000000000002,1.0000000000000002,1.0000000000000002,1.0000000000000002]",5.0000000000000036,16.0,False,,not-used,commutator,mizuta2026-commutator-ideal-rigorous,[],3034689.0,,,,0.022587333721451382,5.239017078695717e+32,mizuta2026-commutator-ideal-rigorous,"Mizuta, Quantum 10, 1974 (2026), arXiv:2507.06557v4","Theorem 4, Eqs. (47)--(49), with direct Lemmas 9--10 BCH remainder","{""error_predicate_satisfied"":1.0,""extensiveness_g"":5.000000000000001,""joint_predicate_satisfied"":1.0,""legacy_first_condition_passed"":0.0,""legacy_first_time_limit"":1.944807358119685e-05,""local_commutator_error"":1.332315911663828e-06,""local_step_error"":1.33231598659419e-06,""local_truncated_bch_error"":7.4930361718322e-14,""locality_k"":2.0,""mu_upper"":37.64548989958904,""refined_lemma10_remainder"":7.493025154316758e-14,""refined_lemma9_remainder"":1.1017515441447667e-19,""refined_tail_fallback"":0.0,""repeated_global_error"":0.022587333721451382,""schedule_weighted_extensiveness"":5.0000000000000036,""second_time_limit"":0.006640901756540274,""time_2_predicate_satisfied"":1.0,""total_branchwise_bch_remainder"":7.4930361718322e-14,""truncation_order_p0"":16.0}",True,ideal-mpf,True,ordered individual Pauli terms,"[""individual Pauli summands define the ordered H_gamma decomposition"",""the actual Strang factors define schedule-weighted g_alpha extensiveness"",""Lemma 9 and Lemma 10 positive majorants directly certify the BCH remainder"",""the scalar-flow/Cauchy refined tail certificate is used"",""Theorem 4 second time hypothesis is satisfied"",""the repeated ideal MPF is composed with the Eq. (15) telescoping argument""]",,16.0,16.0,True,False,"{""2"":2112.000000000002,""3"":33744.00000000005,""4"":437856.000000001,""5"":6996288.0000000205,""6"":95599104.00000036,""7"":1527651840.000007,""8"":21592366080.000114,""9"":345068332032.0021,""10"":4990024826880.033,""11"":79751565484032.6,""12"":1171981014171657.5,""13"":1.8732045550190756e+16,""14"":2.7853937024041222e+17,""15"":4.452212203592659e+18,""16"":6.679876190887078e+19}",repeated-shared-ancilla-good-block,True,False,0.022606977883586215,new,"[1,2,3,4,5,6,11,29]","[-3.280633240950701e-11,1.38314223008236e-06,-0.00042434045620952707,0.013663236344294543,-0.0975962105352182,0.17214651362521294,-0.39147182230350597,1.3036812402160025]",1.9789847466554802,0.021015253344519813,61.0,registered-exact,True,8.0,4.0,2.0,5.0,10.0,6.0,6.0,3.0,2.0,3.0,2.0,one robust OAA round per segment,16583.0,branch register all-zero,,96.0,2143982904.0,1757798.0,-1.0,268004894192.0,3219905090.0,analytical-model,0.0025118864315095794,,,,,,,,,,,,0.1.0,3.11.9,2.5.0,b58b31db18364511c43757e27fffc7abce8df2c1,True,ok,,
1.0,transverse_field_ising:N089,-1.7,commutator,219833.0,,,2.0,a8fa234e-a646-4911-8402-a67c302db4ae,2026-08-12T00:11:58.358108+00:00,c1ad72de628f71283ac69037e9bbe97c3e773952f5abde5eac91397ca322d1a6,resource-grid,transverse_field_ising,TFIM-89,"{""coupling"":1.0,""field"":3.0,""periodic"":false}",89,89.0,proportional,1.0,0.0199526231496888,355.0,177,trotter-p2,trotter,Trotter p=2,analytical,analytical,2.0,,,,,,219833.0,,,,,,,,,,,,,,,,,,,,,,,,,,,,,,individual,177.0,0.01795735215751943,1231.0,childs-commutator,"Childs, Su, Tran, Wiebe, and Zhu, arXiv:1912.08854",Propositions 9--10,"{""prefactor"":1231.0}",True,implemented-product-formula,True,,"[""the resolved ordered Hamiltonian groups match the implemented formula""]",,,,,,,implemented-product-formula,True,True,0.01795736083471992,,,,,,,,,,,,,,,,,,,1.0,none,0.0,system register,1.0,89.0,77601049.0,0.0,-1.0,8613716439.0,77162625.0,analytical-model,0.00199526231496888,,,,,,,,,,,,0.1.0,3.11.9,2.5.0,b58b31db18364511c43757e27fffc7abce8df2c1,True,ok,,
1.0,transverse_field_ising:N089,-1.7,empirical,57839.0,,,2.0,a8fa234e-a646-4911-8402-a67c302db4ae,2026-08-12T00:11:58.358108+00:00,c1ad72de628f71283ac69037e9bbe97c3e773952f5abde5eac91397ca322d1a6,resource-grid,transverse_field_ising,TFIM-89,"{""coupling"":1.0,""field"":3.0,""periodic"":false}",89,89.0,proportional,1.0,0.0199526231496888,355.0,177,trotter-p2-empirical,trotter,Trotter p=2 [empirical],empirical-operator-norm,empirical,2.0,,,,,,57839.0,,,,,,,,,,,,,,,,,,,,,,,,,,,,,,individual,177.0,0.017957186418184178,85.2137784292,empirical-operator-norm,Repository empirical operator-norm calibration study v1 (2026-08-10),reviewed calibration opnorm-v1-tfim-open-trotter-p2; artifact docs/calibration_data/empirical_1d_v1_accepted.json,"{""prefactor"":85.2137784292}",False,implemented-product-formula,False,,"[""the resolved ordered Hamiltonian groups match the implemented formula"",""the fixed formal-order powers in time and segments apply"",""the reviewed affine size calibration extrapolates as flagged""]",,,,,,,implemented-product-formula,False,False,0.01795736083471992,,,,,,,,,,,,,,,,,,,1.0,none,0.0,system register,1.0,89.0,20417167.0,0.0,-1.0,2143802535.0,20301816.0,analytical-model,0.00199526231496888,opnorm-v1-tfim-open-trotter-p2,transverse_field_ising,affine-aN-plus-b,85.2137784292,4.0,12.0,4.0,12.0,True,True,formula,0.1.0,3.11.9,2.5.0,b58b31db18364511c43757e27fffc7abce8df2c1,True,ok,,
1.0,transverse_field_ising:N089,-1.7,commutator,9259.0,,,2.0,a8fa234e-a646-4911-8402-a67c302db4ae,2026-08-12T00:11:58.358108+00:00,c1ad72de628f71283ac69037e9bbe97c3e773952f5abde5eac91397ca322d1a6,resource-grid,transverse_field_ising,TFIM-89,"{""coupling"":1.0,""field"":3.0,""periodic"":false}",89,89.0,proportional,1.0,0.0199526231496888,355.0,177,trotter-p4,trotter,Trotter p=4,analytical,analytical,4.0,,,,,,9259.0,,,,,,,,,,,,,,,,,,,,,,,,,,,,,,commuting,2.0,0.017950284509871642,23625.316736077137,schubert-mendl-commutator,"Schubert and Mendl, arXiv:2306.10603",Theorem 1,"{""prefactor"":23625.316736077137}",True,implemented-product-formula,True,,"[""the resolved ordered Hamiltonian groups match the implemented formula""]",,,,,,,implemented-product-formula,True,True,0.01795736083471992,,,,,,,,,,,,,,,,,,,1.0,none,0.0,system register,1.0,89.0,12314470.0,0.0,-1.0,1268390410.0,12244897.0,analytical-model,0.00199526231496888,,,,,,,,,,,,0.1.0,3.11.9,2.5.0,b58b31db18364511c43757e27fffc7abce8df2c1,True,ok,,
1.0,transverse_field_ising:N089,-1.7,empirical,1848.0,,,2.0,a8fa234e-a646-4911-8402-a67c302db4ae,2026-08-12T00:11:58.358108+00:00,c1ad72de628f71283ac69037e9bbe97c3e773952f5abde5eac91397ca322d1a6,resource-grid,transverse_field_ising,TFIM-89,"{""coupling"":1.0,""field"":3.0,""periodic"":false}",89,89.0,proportional,1.0,0.0199526231496888,355.0,177,trotter-p4-empirical,trotter,Trotter p=4 [empirical],empirical-operator-norm,empirical,4.0,,,,,,1848.0,,,,,,,,,,,,,,,,,,,,,,,,,,,,,,commuting,2.0,0.017949114558109627,37.4887417028,empirical-operator-norm,Repository empirical operator-norm calibration study v1 (2026-08-10),reviewed calibration opnorm-v1-tfim-open-trotter-p4; artifact docs/calibration_data/empirical_1d_v1_accepted.json,"{""prefactor"":37.4887417028}",False,implemented-product-formula,False,,"[""the resolved ordered Hamiltonian groups match the implemented formula"",""the fixed formal-order powers in time and segments apply"",""the reviewed affine size calibration extrapolates as flagged""]",,,,,,,implemented-product-formula,False,False,0.01795736083471992,,,,,,,,,,,,,,,,,,,1.0,none,0.0,system register,1.0,89.0,2457840.0,0.0,-1.0,235952640.0,2443954.0,analytical-model,0.00199526231496888,opnorm-v1-tfim-open-trotter-p4,transverse_field_ising,affine-aN-plus-b,37.4887417028,4.0,12.0,4.0,12.0,True,True,formula,0.1.0,3.11.9,2.5.0,b58b31db18364511c43757e27fffc7abce8df2c1,True,ok,,
1.0,transverse_field_ising:N089,-1.7,commutator,4654.0,,,2.0,a8fa234e-a646-4911-8402-a67c302db4ae,2026-08-12T00:11:58.358108+00:00,c1ad72de628f71283ac69037e9bbe97c3e773952f5abde5eac91397ca322d1a6,resource-grid,transverse_field_ising,TFIM-89,"{""coupling"":1.0,""field"":3.0,""periodic"":false}",89,89.0,proportional,1.0,0.0199526231496888,355.0,177,trotter-p6,trotter,Trotter p=6,analytical,analytical,6.0,,,,,,4654.0,,,,,,,,,,,,,,,,,,,,,,,,,,,,,,commuting,2.0,0.017937275320516796,4120830.026684159,schubert-mendl-commutator,"Schubert and Mendl, arXiv:2306.10603",Theorem 1,"{""prefactor"":4120830.026684159}",True,implemented-product-formula,True,,"[""the resolved ordered Hamiltonian groups match the implemented formula""]",,,,,,,implemented-product-formula,True,True,0.01795736083471992,,,,,,,,,,,,,,,,,,,1.0,none,0.0,system register,1.0,89.0,30949100.0,0.0,-1.0,3311553700.0,30774247.0,analytical-model,0.00199526231496888,,,,,,,,,,,,0.1.0,3.11.9,2.5.0,b58b31db18364511c43757e27fffc7abce8df2c1,True,ok,,
1.0,transverse_field_ising:N089,-1.7,empirical,712.0,,,2.0,a8fa234e-a646-4911-8402-a67c302db4ae,2026-08-12T00:11:58.358108+00:00,c1ad72de628f71283ac69037e9bbe97c3e773952f5abde5eac91397ca322d1a6,resource-grid,transverse_field_ising,TFIM-89,"{""coupling"":1.0,""field"":3.0,""periodic"":false}",89,89.0,proportional,1.0,0.0199526231496888,355.0,177,trotter-p6-empirical,trotter,Trotter p=6 [empirical],empirical-operator-norm,empirical,6.0,,,,,,712.0,,,,,,,,,,,,,,,,,,,,,,,,,,,,,,commuting,2.0,0.00020519860730361896,0.604399817,empirical-operator-norm,Repository empirical operator-norm calibration study v1 (2026-08-10),reviewed calibration opnorm-v1-tfim-open-trotter-p6; artifact docs/calibration_data/empirical_1d_v1_accepted.json,"{""prefactor"":0.604399817}",False,implemented-product-formula,False,,"[""the resolved ordered Hamiltonian groups match the implemented formula"",""the fixed formal-order powers in time and segments apply"",""the reviewed affine size calibration extrapolates as flagged""]",,,,,,,implemented-product-formula,False,False,0.01795736083471992,,,,,,,,,,,,,,,,,,,1.0,none,0.0,system register,1.0,89.0,4734800.0,0.0,-1.0,468745200.0,4708050.0,analytical-model,0.00199526231496888,opnorm-v1-tfim-open-trotter-p6,transverse_field_ising,affine-aN-plus-b,0.604399817,4.0,12.0,4.0,12.0,True,True,asymptotic-domain,0.1.0,3.11.9,2.5.0,b58b31db18364511c43757e27fffc7abce8df2c1,True,ok,,
1.0,transverse_field_ising:N089,-1.7,jacobi-anger,,,,2.0,a8fa234e-a646-4911-8402-a67c302db4ae,2026-08-12T00:11:58.358108+00:00,c1ad72de628f71283ac69037e9bbe97c3e773952f5abde5eac91397ca322d1a6,resource-grid,transverse_field_ising,TFIM-89,"{""coupling"":1.0,""field"":3.0,""periodic"":false}",89,89.0,proportional,1.0,0.0199526231496888,355.0,177,qsvt,qsvt,QSVT,jacobi-anger-rigorous,analytical,,,,,,,,,,,,,,,,,,,,,,,,,,,,,,,,,,,257655.0,42943.0,,,0.004011718989491306,,jacobi-anger-polynomial-oaa,"Martyn et al., arXiv:2105.02859, Eqs. (76)--(77)",Jacobi--Anger tails plus exact cubic OAA identity,"{""oaa-unitarity-defect-distortion"":0.0020088700561918475,""scaled-polynomial-error"":0.0020028489332994583}",True,ideal-qsvt-oaa-good-block,True,,"[""the cosine and sine polynomials are implemented exactly"",""the unamplified good block is exactly Q/2""]",,,,,,,implemented-qsvt-floating-phase-circuit,False,False,0.01795736083471992,,,,,,,,,,,,,,,,,,,2.0,one robust OAA round,1.0,"component, quadrature, and index registers all-zero",,107.0,131919372.0,369477396.0,-1.0,16516717992.0,2416031691.0,analytical-model,0.00199526231496888,,,,,,,,,,,,0.1.0,3.11.9,2.5.0,b58b31db18364511c43757e27fffc7abce8df2c1,True,ok,,
1.0,transverse_field_ising:N089,-1.7,empirical,,8.0,112.0,2.0,a8fa234e-a646-4911-8402-a67c302db4ae,2026-08-12T00:11:58.358108+00:00,c1ad72de628f71283ac69037e9bbe97c3e773952f5abde5eac91397ca322d1a6,resource-grid,transverse_field_ising,TFIM-89,"{""coupling"":1.0,""field"":3.0,""periodic"":false}",89,89.0,proportional,1.0,0.0199526231496888,355.0,177,mpf-j-mizuta2026-theorem6-empirical-operator-norm,multiproduct,MPF J=Mizuta Theorem 6 (resolved per point) [empirical operator norm],empirical-operator-norm,empirical,,8.0,16.0,mizuta2026-theorem6,5.000000000000001,0.01795736083471992,112.0,,,,[],,,,,,,,,,,,,,,[],,,,,,,empirical-operator-norm,[],20496.0,,,,0.0010093792186199014,0.0004486551,empirical-operator-norm,Repository empirical operator-norm calibration study v1 (2026-08-10),reviewed calibration opnorm-v1-tfim-open-mpf-new-m8; fixed formal powers,"{""empirical_coefficient"":0.0004486551}",False,ideal-mpf,False,ordered individual Pauli terms,"[""the fixed formal-order powers in time and segments apply"",""the empirical estimate concerns the repeated ideal MPF operator"",""the reviewed affine size calibration extrapolates as flagged""]",,0.0,0.0,False,False,{},repeated-shared-ancilla-good-block,False,False,0.01795736083471992,new,"[1,2,3,4,5,6,11,29]","[-3.280633240950701e-11,1.38314223008236e-06,-0.00042434045620952707,0.013663236344294543,-0.0975962105352182,0.17214651362521294,-0.39147182230350597,1.3036812402160025]",1.9789847466554802,0.021015253344519813,61.0,registered-exact,True,8.0,4.0,2.0,5.0,10.0,6.0,6.0,3.0,2.0,3.0,2.0,one robust OAA round per segment,112.0,branch register all-zero,,96.0,14480256.0,11872.0,-1.0,1505994112.0,21746932.0,analytical-model,0.00199526231496888,opnorm-v1-tfim-open-mpf-new-m8,transverse_field_ising,affine-aN-plus-b,0.0004486551,4.0,12.0,4.0,12.0,True,True,asymptotic-domain,0.1.0,3.11.9,2.5.0,b58b31db18364511c43757e27fffc7abce8df2c1,True,ok,,
1.0,transverse_field_ising:N089,-1.7,commutator,,8.0,16818.0,2.0,a8fa234e-a646-4911-8402-a67c302db4ae,2026-08-12T00:11:58.358108+00:00,c1ad72de628f71283ac69037e9bbe97c3e773952f5abde5eac91397ca322d1a6,resource-grid,transverse_field_ising,TFIM-89,"{""coupling"":1.0,""field"":3.0,""periodic"":false}",89,89.0,proportional,1.0,0.0199526231496888,355.0,177,mpf-j-mizuta2026-theorem6-mizuta2026-commutator-ideal-rigorous,multiproduct,MPF J=Mizuta Theorem 6 (resolved per point) [Mizuta 2026 refined commutator],mizuta2026-commutator-ideal-rigorous,analytical,,8.0,16.0,mizuta2026-theorem6,5.000000000000001,0.01795736083471992,16818.0,16818.0,,13402.0,"[""error""]",37.64548989958904,16.0,,,1.0488563424309588e-06,5.839109072322586e-14,9.342928379523757e-20,5.839099729394205e-14,5.839109072322586e-14,1.0488564008220498e-06,0.017953566370670023,1.944807358119685e-05,False,0.006640901756540274,"[1.0000000000000002,1.0000000000000002,1.0000000000000002,1.0000000000000002,1.0000000000000002,1.0000000000000002,1.0000000000000002,1.0000000000000002,1.0000000000000002,1.0000000000000002,1.0000000000000002,1.0000000000000002,1.0000000000000002,1.0000000000000002,1.0000000000000002,1.0000000000000002,1.0000000000000002,1.0000000000000002,1.0000000000000002,1.0000000000000002,1.0000000000000002,1.0000000000000002,1.0000000000000002,1.0000000000000002,1.0000000000000002,1.0000000000000002,1.0000000000000002,1.0000000000000002,1.0000000000000002,1.0000000000000002,1.0000000000000002,1.0000000000000002,1.0000000000000002,1.0000000000000002,1.0000000000000002,1.0000000000000002,1.0000000000000002,1.0000000000000002,1.0000000000000002,1.0000000000000002,1.0000000000000002,1.0000000000000002,1.0000000000000002,1.0000000000000002,1.0000000000000002,1.0000000000000002,1.0000000000000002,1.0000000000000002,1.0000000000000002,1.0000000000000002,1.0000000000000002,1.0000000000000002,1.0000000000000002,1.0000000000000002,1.0000000000000002,1.0000000000000002,1.0000000000000002,1.0000000000000002,1.0000000000000002,1.0000000000000002,1.0000000000000002,1.0000000000000002,1.0000000000000002,1.0000000000000002,1.0000000000000002,1.0000000000000002,1.0000000000000002,1.0000000000000002,1.0000000000000002,1.0000000000000002,1.0000000000000002,1.0000000000000002,1.0000000000000002,1.0000000000000002,1.0000000000000002,1.0000000000000002,1.0000000000000002,1.0000000000000002,1.0000000000000002,1.0000000000000002,1.0000000000000002,1.0000000000000002,1.0000000000000002,1.0000000000000002,1.0000000000000002,1.0000000000000002,1.0000000000000002,1.0000000000000002,1.0000000000000002,1.0000000000000002,1.0000000000000002,1.0000000000000002,1.0000000000000002,1.0000000000000002,1.0000000000000002,1.0000000000000002,1.0000000000000002,1.0000000000000002,1.0000000000000002,1.0000000000000002,1.0000000000000002,1.0000000000000002,1.0000000000000002,1.0000000000000002,1.0000000000000002,1.0000000000000002,1.0000000000000002,1.0000000000000002,1.0000000000000002,1.0000000000000002,1.0000000000000002,1.0000000000000002,1.0000000000000002,1.0000000000000002,1.0000000000000002,1.0000000000000002,1.0000000000000002,1.0000000000000002,1.0000000000000002,1.0000000000000002,1.0000000000000002,1.0000000000000002,1.0000000000000002,1.0000000000000002,1.0000000000000002,1.0000000000000002,1.0000000000000002,1.0000000000000002,1.0000000000000002,1.0000000000000002,1.0000000000000002,1.0000000000000002,1.0000000000000002,1.0000000000000002,1.0000000000000002,1.0000000000000002,1.0000000000000002,1.0000000000000002,1.0000000000000002,1.0000000000000002,1.0000000000000002,1.0000000000000002,1.0000000000000002,1.0000000000000002,1.0000000000000002,1.0000000000000002,1.0000000000000002,1.0000000000000002,1.0000000000000002,1.0000000000000002,1.0000000000000002,1.0000000000000002,1.0000000000000002,1.0000000000000002,1.0000000000000002,1.0000000000000002,1.0000000000000002,1.0000000000000002,1.0000000000000002,1.0000000000000002,1.0000000000000002,1.0000000000000002,1.0000000000000002,1.0000000000000002,1.0000000000000002,1.0000000000000002,1.0000000000000002,1.0000000000000002,1.0000000000000002,1.0000000000000002,1.0000000000000002,1.0000000000000002,1.0000000000000002,1.0000000000000002,1.0000000000000002,1.0000000000000002,1.0000000000000002]",5.0000000000000036,16.0,False,,not-used,commutator,mizuta2026-commutator-ideal-rigorous,[],3077694.0,,,,0.017953566370670023,5.239017078695717e+32,mizuta2026-commutator-ideal-rigorous,"Mizuta, Quantum 10, 1974 (2026), arXiv:2507.06557v4","Theorem 4, Eqs. (47)--(49), with direct Lemmas 9--10 BCH remainder","{""error_predicate_satisfied"":1.0,""extensiveness_g"":5.000000000000001,""joint_predicate_satisfied"":1.0,""legacy_first_condition_passed"":0.0,""legacy_first_time_limit"":1.944807358119685e-05,""local_commutator_error"":1.0488563424309588e-06,""local_step_error"":1.0488564008220498e-06,""local_truncated_bch_error"":5.839109072322586e-14,""locality_k"":2.0,""mu_upper"":37.64548989958904,""refined_lemma10_remainder"":5.839099729394205e-14,""refined_lemma9_remainder"":9.342928379523757e-20,""refined_tail_fallback"":0.0,""repeated_global_error"":0.017953566370670023,""schedule_weighted_extensiveness"":5.0000000000000036,""second_time_limit"":0.006640901756540274,""time_2_predicate_satisfied"":1.0,""total_branchwise_bch_remainder"":5.839109072322586e-14,""truncation_order_p0"":16.0}",True,ideal-mpf,True,ordered individual Pauli terms,"[""individual Pauli summands define the ordered H_gamma decomposition"",""the actual Strang factors define schedule-weighted g_alpha extensiveness"",""Lemma 9 and Lemma 10 positive majorants directly certify the BCH remainder"",""the scalar-flow/Cauchy refined tail certificate is used"",""Theorem 4 second time hypothesis is satisfied"",""the repeated ideal MPF is composed with the Eq. (15) telescoping argument""]",,16.0,16.0,True,False,"{""2"":2112.000000000002,""3"":33744.00000000005,""4"":437856.000000001,""5"":6996288.0000000205,""6"":95599104.00000036,""7"":1527651840.000007,""8"":21592366080.000114,""9"":345068332032.0021,""10"":4990024826880.033,""11"":79751565484032.6,""12"":1171981014171657.5,""13"":1.8732045550190756e+16,""14"":2.7853937024041222e+17,""15"":4.452212203592659e+18,""16"":6.679876190887078e+19}",repeated-shared-ancilla-good-block,True,False,0.01795736083471992,new,"[1,2,3,4,5,6,11,29]","[-3.280633240950701e-11,1.38314223008236e-06,-0.00042434045620952707,0.013663236344294543,-0.0975962105352182,0.17214651362521294,-0.39147182230350597,1.3036812402160025]",1.9789847466554802,0.021015253344519813,61.0,registered-exact,True,8.0,4.0,2.0,5.0,10.0,6.0,6.0,3.0,2.0,3.0,2.0,one robust OAA round per segment,16818.0,branch register all-zero,,96.0,2174365584.0,1782708.0,-1.0,273977194416.0,3265534813.0,analytical-model,0.00199526231496888,,,,,,,,,,,,0.1.0,3.11.9,2.5.0,b58b31db18364511c43757e27fffc7abce8df2c1,True,ok,,
1.0,transverse_field_ising:N089,-1.8,commutator,246657.0,,,2.0,a8fa234e-a646-4911-8402-a67c302db4ae,2026-08-12T00:11:58.358108+00:00,c1ad72de628f71283ac69037e9bbe97c3e773952f5abde5eac91397ca322d1a6,resource-grid,transverse_field_ising,TFIM-89,"{""coupling"":1.0,""field"":3.0,""periodic"":false}",89,89.0,proportional,1.0,0.015848931924611134,355.0,177,trotter-p2,trotter,Trotter p=2,analytical,analytical,2.0,,,,,,246657.0,,,,,,,,,,,,,,,,,,,,,,,,,,,,,,individual,177.0,0.014263995160110031,1231.0,childs-commutator,"Childs, Su, Tran, Wiebe, and Zhu, arXiv:1912.08854",Propositions 9--10,"{""prefactor"":1231.0}",True,implemented-product-formula,True,,"[""the resolved ordered Hamiltonian groups match the implemented formula""]",,,,,,,implemented-product-formula,True,True,0.014264038732150021,,,,,,,,,,,,,,,,,,,1.0,none,0.0,system register,1.0,89.0,87069921.0,0.0,-1.0,9838901073.0,86578001.0,analytical-model,0.0015848931924611134,,,,,,,,,,,,0.1.0,3.11.9,2.5.0,b58b31db18364511c43757e27fffc7abce8df2c1,True,ok,,
1.0,transverse_field_ising:N089,-1.8,empirical,64897.0,,,2.0,a8fa234e-a646-4911-8402-a67c302db4ae,2026-08-12T00:11:58.358108+00:00,c1ad72de628f71283ac69037e9bbe97c3e773952f5abde5eac91397ca322d1a6,resource-grid,transverse_field_ising,TFIM-89,"{""coupling"":1.0,""field"":3.0,""periodic"":false}",89,89.0,proportional,1.0,0.015848931924611134,355.0,177,trotter-p2-empirical,trotter,Trotter p=2 [empirical],empirical-operator-norm,empirical,2.0,,,,,,64897.0,,,,,,,,,,,,,,,,,,,,,,,,,,,,,,individual,177.0,0.014263647593774671,85.2137784292,empirical-operator-norm,Repository empirical operator-norm calibration study v1 (2026-08-10),reviewed calibration opnorm-v1-tfim-open-trotter-p2; artifact docs/calibration_data/empirical_1d_v1_accepted.json,"{""prefactor"":85.2137784292}",False,implemented-product-formula,False,,"[""the resolved ordered Hamiltonian groups match the implemented formula"",""the fixed formal-order powers in time and segments apply"",""the reviewed affine size calibration extrapolates as flagged""]",,,,,,,implemented-product-formula,False,False,0.014264038732150021,,,,,,,,,,,,,,,,,,,1.0,none,0.0,system register,1.0,89.0,22908641.0,0.0,-1.0,2451224587.0,22779214.0,analytical-model,0.0015848931924611134,opnorm-v1-tfim-open-trotter-p2,transverse_field_ising,affine-aN-plus-b,85.2137784292,4.0,12.0,4.0,12.0,True,True,formula,0.1.0,3.11.9,2.5.0,b58b31db18364511c43757e27fffc7abce8df2c1,True,ok,,
1.0,transverse_field_ising:N089,-1.8,commutator,9807.0,,,2.0,a8fa234e-a646-4911-8402-a67c302db4ae,2026-08-12T00:11:58.358108+00:00,c1ad72de628f71283ac69037e9bbe97c3e773952f5abde5eac91397ca322d1a6,resource-grid,transverse_field_ising,TFIM-89,"{""coupling"":1.0,""field"":3.0,""periodic"":false}",89,89.0,proportional,1.0,0.015848931924611134,355.0,177,trotter-p4,trotter,Trotter p=4,analytical,analytical,4.0,,,,,,9807.0,,,,,,,,,,,,,,,,,,,,,,,,,,,,,,commuting,2.0,0.014262083398110274,23625.316736077137,schubert-mendl-commutator,"Schubert and Mendl, arXiv:2306.10603",Theorem 1,"{""prefactor"":23625.316736077137}",True,implemented-product-formula,True,,"[""the resolved ordered Hamiltonian groups match the implemented formula""]",,,,,,,implemented-product-formula,True,True,0.014264038732150021,,,,,,,,,,,,,,,,,,,1.0,none,0.0,system register,1.0,89.0,13043310.0,0.0,-1.0,1356504240.0,12969619.0,analytical-model,0.0015848931924611134,,,,,,,,,,,,0.1.0,3.11.9,2.5.0,b58b31db18364511c43757e27fffc7abce8df2c1,True,ok,,
1.0,transverse_field_ising:N089,-1.8,empirical,1958.0,,,2.0,a8fa234e-a646-4911-8402-a67c302db4ae,2026-08-12T00:11:58.358108+00:00,c1ad72de628f71283ac69037e9bbe97c3e773952f5abde5eac91397ca322d1a6,resource-grid,transverse_field_ising,TFIM-89,"{""coupling"":1.0,""field"":3.0,""periodic"":false}",89,89.0,proportional,1.0,0.015848931924611134,355.0,177,trotter-p4-empirical,trotter,Trotter p=4 [empirical],empirical-operator-norm,empirical,4.0,,,,,,1958.0,,,,,,,,,,,,,,,,,,,,,,,,,,,,,,commuting,2.0,0.014242956473043154,37.4887417028,empirical-operator-norm,Repository empirical operator-norm calibration study v1 (2026-08-10),reviewed calibration opnorm-v1-tfim-open-trotter-p4; artifact docs/calibration_data/empirical_1d_v1_accepted.json,"{""prefactor"":37.4887417028}",False,implemented-product-formula,False,,"[""the resolved ordered Hamiltonian groups match the implemented formula"",""the fixed formal-order powers in time and segments apply"",""the reviewed affine size calibration extrapolates as flagged""]",,,,,,,implemented-product-formula,False,False,0.014264038732150021,,,,,,,,,,,,,,,,,,,1.0,none,0.0,system register,1.0,89.0,2604140.0,0.0,-1.0,252601580.0,2589428.0,analytical-model,0.0015848931924611134,opnorm-v1-tfim-open-trotter-p4,transverse_field_ising,affine-aN-plus-b,37.4887417028,4.0,12.0,4.0,12.0,True,True,formula,0.1.0,3.11.9,2.5.0,b58b31db18364511c43757e27fffc7abce8df2c1,True,ok,,
1.0,transverse_field_ising:N089,-1.8,commutator,4836.0,,,2.0,a8fa234e-a646-4911-8402-a67c302db4ae,2026-08-12T00:11:58.358108+00:00,c1ad72de628f71283ac69037e9bbe97c3e773952f5abde5eac91397ca322d1a6,resource-grid,transverse_field_ising,TFIM-89,"{""coupling"":1.0,""field"":3.0,""periodic"":false}",89,89.0,proportional,1.0,0.015848931924611134,355.0,177,trotter-p6,trotter,Trotter p=6,analytical,analytical,6.0,,,,,,4836.0,,,,,,,,,,,,,,,,,,,,,,,,,,,,,,commuting,2.0,0.014249413678806305,4120830.026684159,schubert-mendl-commutator,"Schubert and Mendl, arXiv:2306.10603",Theorem 1,"{""prefactor"":4120830.026684159}",True,implemented-product-formula,True,,"[""the resolved ordered Hamiltonian groups match the implemented formula""]",,,,,,,implemented-product-formula,True,True,0.014264038732150021,,,,,,,,,,,,,,,,,,,1.0,none,0.0,system register,1.0,89.0,32159400.0,0.0,-1.0,3473215200.0,31977709.0,analytical-model,0.0015848931924611134,,,,,,,,,,,,0.1.0,3.11.9,2.5.0,b58b31db18364511c43757e27fffc7abce8df2c1,True,ok,,
1.0,transverse_field_ising:N089,-1.8,empirical,712.0,,,2.0,a8fa234e-a646-4911-8402-a67c302db4ae,2026-08-12T00:11:58.358108+00:00,c1ad72de628f71283ac69037e9bbe97c3e773952f5abde5eac91397ca322d1a6,resource-grid,transverse_field_ising,TFIM-89,"{""coupling"":1.0,""field"":3.0,""periodic"":false}",89,89.0,proportional,1.0,0.015848931924611134,355.0,177,trotter-p6-empirical,trotter,Trotter p=6 [empirical],empirical-operator-norm,empirical,6.0,,,,,,712.0,,,,,,,,,,,,,,,,,,,,,,,,,,,,,,commuting,2.0,0.00020519860730361896,0.604399817,empirical-operator-norm,Repository empirical operator-norm calibration study v1 (2026-08-10),reviewed calibration opnorm-v1-tfim-open-trotter-p6; artifact docs/calibration_data/empirical_1d_v1_accepted.json,"{""prefactor"":0.604399817}",False,implemented-product-formula,False,,"[""the resolved ordered Hamiltonian groups match the implemented formula"",""the fixed formal-order powers in time and segments apply"",""the reviewed affine size calibration extrapolates as flagged""]",,,,,,,implemented-product-formula,False,False,0.014264038732150021,,,,,,,,,,,,,,,,,,,1.0,none,0.0,system register,1.0,89.0,4734800.0,0.0,-1.0,473480000.0,4708050.0,analytical-model,0.0015848931924611134,opnorm-v1-tfim-open-trotter-p6,transverse_field_ising,affine-aN-plus-b,0.604399817,4.0,12.0,4.0,12.0,True,True,asymptotic-domain,0.1.0,3.11.9,2.5.0,b58b31db18364511c43757e27fffc7abce8df2c1,True,ok,,
1.0,transverse_field_ising:N089,-1.8,jacobi-anger,,,,2.0,a8fa234e-a646-4911-8402-a67c302db4ae,2026-08-12T00:11:58.358108+00:00,c1ad72de628f71283ac69037e9bbe97c3e773952f5abde5eac91397ca322d1a6,resource-grid,transverse_field_ising,TFIM-89,"{""coupling"":1.0,""field"":3.0,""periodic"":false}",89,89.0,proportional,1.0,0.015848931924611134,355.0,177,qsvt,qsvt,QSVT,jacobi-anger-rigorous,analytical,,,,,,,,,,,,,,,,,,,,,,,,,,,,,,,,,,,257655.0,42943.0,,,0.003600593081335663,,jacobi-anger-polynomial-oaa,"Martyn et al., arXiv:2105.02859, Eqs. (76)--(77)",Jacobi--Anger tails plus exact cubic OAA identity,"{""oaa-unitarity-defect-distortion"":0.0018027222481496893,""scaled-polynomial-error"":0.0017978708331859738}",True,ideal-qsvt-oaa-good-block,True,,"[""the cosine and sine polynomials are implemented exactly"",""the unamplified good block is exactly Q/2""]",,,,,,,implemented-qsvt-floating-phase-circuit,False,False,0.014264038732150021,,,,,,,,,,,,,,,,,,,2.0,one robust OAA round,1.0,"component, quadrature, and index registers all-zero",,107.0,131919372.0,369477396.0,-1.0,16648637364.0,2416031691.0,analytical-model,0.0015848931924611134,,,,,,,,,,,,0.1.0,3.11.9,2.5.0,b58b31db18364511c43757e27fffc7abce8df2c1,True,ok,,
1.0,transverse_field_ising:N089,-1.8,empirical,,8.0,112.0,2.0,a8fa234e-a646-4911-8402-a67c302db4ae,2026-08-12T00:11:58.358108+00:00,c1ad72de628f71283ac69037e9bbe97c3e773952f5abde5eac91397ca322d1a6,resource-grid,transverse_field_ising,TFIM-89,"{""coupling"":1.0,""field"":3.0,""periodic"":false}",89,89.0,proportional,1.0,0.015848931924611134,355.0,177,mpf-j-mizuta2026-theorem6-empirical-operator-norm,multiproduct,MPF J=Mizuta Theorem 6 (resolved per point) [empirical operator norm],empirical-operator-norm,empirical,,8.0,16.0,mizuta2026-theorem6,5.000000000000001,0.014264038732150021,112.0,,,,[],,,,,,,,,,,,,,,[],,,,,,,empirical-operator-norm,[],20496.0,,,,0.0010093792186199014,0.0004486551,empirical-operator-norm,Repository empirical operator-norm calibration study v1 (2026-08-10),reviewed calibration opnorm-v1-tfim-open-mpf-new-m8; fixed formal powers,"{""empirical_coefficient"":0.0004486551}",False,ideal-mpf,False,ordered individual Pauli terms,"[""the fixed formal-order powers in time and segments apply"",""the empirical estimate concerns the repeated ideal MPF operator"",""the reviewed affine size calibration extrapolates as flagged""]",,0.0,0.0,False,False,{},repeated-shared-ancilla-good-block,False,False,0.014264038732150021,new,"[1,2,3,4,5,6,11,29]","[-3.280633240950701e-11,1.38314223008236e-06,-0.00042434045620952707,0.013663236344294543,-0.0975962105352182,0.17214651362521294,-0.39147182230350597,1.3036812402160025]",1.9789847466554802,0.021015253344519813,61.0,registered-exact,True,8.0,4.0,2.0,5.0,10.0,6.0,6.0,3.0,2.0,3.0,2.0,one robust OAA round per segment,112.0,branch register all-zero,,96.0,14480256.0,11872.0,-1.0,1520474368.0,21746932.0,analytical-model,0.0015848931924611134,opnorm-v1-tfim-open-mpf-new-m8,transverse_field_ising,affine-aN-plus-b,0.0004486551,4.0,12.0,4.0,12.0,True,True,asymptotic-domain,0.1.0,3.11.9,2.5.0,b58b31db18364511c43757e27fffc7abce8df2c1,True,ok,,
1.0,transverse_field_ising:N089,-1.8,commutator,,8.0,17058.0,2.0,a8fa234e-a646-4911-8402-a67c302db4ae,2026-08-12T00:11:58.358108+00:00,c1ad72de628f71283ac69037e9bbe97c3e773952f5abde5eac91397ca322d1a6,resource-grid,transverse_field_ising,TFIM-89,"{""coupling"":1.0,""field"":3.0,""periodic"":false}",89,89.0,proportional,1.0,0.015848931924611134,355.0,177,mpf-j-mizuta2026-theorem6-mizuta2026-commutator-ideal-rigorous,multiproduct,MPF J=Mizuta Theorem 6 (resolved per point) [Mizuta 2026 refined commutator],mizuta2026-commutator-ideal-rigorous,analytical,,8.0,16.0,mizuta2026-theorem6,5.000000000000001,0.014264038732150021,17058.0,17058.0,,13402.0,"[""error""]",37.64548989958904,16.0,,,8.243318039828931e-07,4.54366493057162e-14,7.914177779437328e-20,4.5436570163938397e-14,4.54366493057162e-14,8.243318494195425e-07,0.014260561986301564,1.944807358119685e-05,False,0.006640901756540274,"[1.0000000000000002,1.0000000000000002,1.0000000000000002,1.0000000000000002,1.0000000000000002,1.0000000000000002,1.0000000000000002,1.0000000000000002,1.0000000000000002,1.0000000000000002,1.0000000000000002,1.0000000000000002,1.0000000000000002,1.0000000000000002,1.0000000000000002,1.0000000000000002,1.0000000000000002,1.0000000000000002,1.0000000000000002,1.0000000000000002,1.0000000000000002,1.0000000000000002,1.0000000000000002,1.0000000000000002,1.0000000000000002,1.0000000000000002,1.0000000000000002,1.0000000000000002,1.0000000000000002,1.0000000000000002,1.0000000000000002,1.0000000000000002,1.0000000000000002,1.0000000000000002,1.0000000000000002,1.0000000000000002,1.0000000000000002,1.0000000000000002,1.0000000000000002,1.0000000000000002,1.0000000000000002,1.0000000000000002,1.0000000000000002,1.0000000000000002,1.0000000000000002,1.0000000000000002,1.0000000000000002,1.0000000000000002,1.0000000000000002,1.0000000000000002,1.0000000000000002,1.0000000000000002,1.0000000000000002,1.0000000000000002,1.0000000000000002,1.0000000000000002,1.0000000000000002,1.0000000000000002,1.0000000000000002,1.0000000000000002,1.0000000000000002,1.0000000000000002,1.0000000000000002,1.0000000000000002,1.0000000000000002,1.0000000000000002,1.0000000000000002,1.0000000000000002,1.0000000000000002,1.0000000000000002,1.0000000000000002,1.0000000000000002,1.0000000000000002,1.0000000000000002,1.0000000000000002,1.0000000000000002,1.0000000000000002,1.0000000000000002,1.0000000000000002,1.0000000000000002,1.0000000000000002,1.0000000000000002,1.0000000000000002,1.0000000000000002,1.0000000000000002,1.0000000000000002,1.0000000000000002,1.0000000000000002,1.0000000000000002,1.0000000000000002,1.0000000000000002,1.0000000000000002,1.0000000000000002,1.0000000000000002,1.0000000000000002,1.0000000000000002,1.0000000000000002,1.0000000000000002,1.0000000000000002,1.0000000000000002,1.0000000000000002,1.0000000000000002,1.0000000000000002,1.0000000000000002,1.0000000000000002,1.0000000000000002,1.0000000000000002,1.0000000000000002,1.0000000000000002,1.0000000000000002,1.0000000000000002,1.0000000000000002,1.0000000000000002,1.0000000000000002,1.0000000000000002,1.0000000000000002,1.0000000000000002,1.0000000000000002,1.0000000000000002,1.0000000000000002,1.0000000000000002,1.0000000000000002,1.0000000000000002,1.0000000000000002,1.0000000000000002,1.0000000000000002,1.0000000000000002,1.0000000000000002,1.0000000000000002,1.0000000000000002,1.0000000000000002,1.0000000000000002,1.0000000000000002,1.0000000000000002,1.0000000000000002,1.0000000000000002,1.0000000000000002,1.0000000000000002,1.0000000000000002,1.0000000000000002,1.0000000000000002,1.0000000000000002,1.0000000000000002,1.0000000000000002,1.0000000000000002,1.0000000000000002,1.0000000000000002,1.0000000000000002,1.0000000000000002,1.0000000000000002,1.0000000000000002,1.0000000000000002,1.0000000000000002,1.0000000000000002,1.0000000000000002,1.0000000000000002,1.0000000000000002,1.0000000000000002,1.0000000000000002,1.0000000000000002,1.0000000000000002,1.0000000000000002,1.0000000000000002,1.0000000000000002,1.0000000000000002,1.0000000000000002,1.0000000000000002,1.0000000000000002,1.0000000000000002,1.0000000000000002,1.0000000000000002,1.0000000000000002,1.0000000000000002,1.0000000000000002,1.0000000000000002,1.0000000000000002,1.0000000000000002]",5.0000000000000036,16.0,False,,not-used,commutator,mizuta2026-commutator-ideal-rigorous,[],3121614.0,,,,0.014260561986301564,5.239017078695717e+32,mizuta2026-commutator-ideal-rigorous,"Mizuta, Quantum 10, 1974 (2026), arXiv:2507.06557v4","Theorem 4, Eqs. (47)--(49), with direct Lemmas 9--10 BCH remainder","{""error_predicate_satisfied"":1.0,""extensiveness_g"":5.000000000000001,""joint_predicate_satisfied"":1.0,""legacy_first_condition_passed"":0.0,""legacy_first_time_limit"":1.944807358119685e-05,""local_commutator_error"":8.243318039828931e-07,""local_step_error"":8.243318494195425e-07,""local_truncated_bch_error"":4.54366493057162e-14,""locality_k"":2.0,""mu_upper"":37.64548989958904,""refined_lemma10_remainder"":4.5436570163938397e-14,""refined_lemma9_remainder"":7.914177779437328e-20,""refined_tail_fallback"":0.0,""repeated_global_error"":0.014260561986301564,""schedule_weighted_extensiveness"":5.0000000000000036,""second_time_limit"":0.006640901756540274,""time_2_predicate_satisfied"":1.0,""total_branchwise_bch_remainder"":4.54366493057162e-14,""truncation_order_p0"":16.0}",True,ideal-mpf,True,ordered individual Pauli terms,"[""individual Pauli summands define the ordered H_gamma decomposition"",""the actual Strang factors define schedule-weighted g_alpha extensiveness"",""Lemma 9 and Lemma 10 positive majorants directly certify the BCH remainder"",""the scalar-flow/Cauchy refined tail certificate is used"",""Theorem 4 second time hypothesis is satisfied"",""the repeated ideal MPF is composed with the Eq. (15) telescoping argument""]",,16.0,16.0,True,False,"{""2"":2112.000000000002,""3"":33744.00000000005,""4"":437856.000000001,""5"":6996288.0000000205,""6"":95599104.00000036,""7"":1527651840.000007,""8"":21592366080.000114,""9"":345068332032.0021,""10"":4990024826880.033,""11"":79751565484032.6,""12"":1171981014171657.5,""13"":1.8732045550190756e+16,""14"":2.7853937024041222e+17,""15"":4.452212203592659e+18,""16"":6.679876190887078e+19}",repeated-shared-ancilla-good-block,True,False,0.014264038732150021,new,"[1,2,3,4,5,6,11,29]","[-3.280633240950701e-11,1.38314223008236e-06,-0.00042434045620952707,0.013663236344294543,-0.0975962105352182,0.17214651362521294,-0.39147182230350597,1.3036812402160025]",1.9789847466554802,0.021015253344519813,61.0,registered-exact,True,8.0,4.0,2.0,5.0,10.0,6.0,6.0,3.0,2.0,3.0,2.0,one robust OAA round per segment,17058.0,branch register all-zero,,96.0,2205394704.0,1808148.0,-1.0,280092360000.0,3312135381.0,analytical-model,0.0015848931924611134,,,,,,,,,,,,0.1.0,3.11.9,2.5.0,b58b31db18364511c43757e27fffc7abce8df2c1,True,ok,,
1.0,transverse_field_ising:N089,-1.9,commutator,276754.0,,,2.0,a8fa234e-a646-4911-8402-a67c302db4ae,2026-08-12T00:11:58.358108+00:00,c1ad72de628f71283ac69037e9bbe97c3e773952f5abde5eac91397ca322d1a6,resource-grid,transverse_field_ising,TFIM-89,"{""coupling"":1.0,""field"":3.0,""periodic"":false}",89,89.0,proportional,1.0,0.012589254117941675,355.0,177,trotter-p2,trotter,Trotter p=2,analytical,analytical,2.0,,,,,,276754.0,,,,,,,,,,,,,,,,,,,,,,,,,,,,,,individual,177.0,0.0113302700133702,1231.0,childs-commutator,"Childs, Su, Tran, Wiebe, and Zhu, arXiv:1912.08854",Propositions 9--10,"{""prefactor"":1231.0}",True,implemented-product-formula,True,,"[""the resolved ordered Hamiltonian groups match the implemented formula""]",,,,,,,implemented-product-formula,True,True,0.011330328706147507,,,,,,,,,,,,,,,,,,,1.0,none,0.0,system register,1.0,89.0,97694162.0,0.0,-1.0,11137134468.0,97142218.0,analytical-model,0.0012589254117941675,,,,,,,,,,,,0.1.0,3.11.9,2.5.0,b58b31db18364511c43757e27fffc7abce8df2c1,True,ok,,
1.0,transverse_field_ising:N089,-1.9,empirical,72815.0,,,2.0,a8fa234e-a646-4911-8402-a67c302db4ae,2026-08-12T00:11:58.358108+00:00,c1ad72de628f71283ac69037e9bbe97c3e773952f5abde5eac91397ca322d1a6,resource-grid,transverse_field_ising,TFIM-89,"{""coupling"":1.0,""field"":3.0,""periodic"":false}",89,89.0,proportional,1.0,0.012589254117941675,355.0,177,trotter-p2-empirical,trotter,Trotter p=2 [empirical],empirical-operator-norm,empirical,2.0,,,,,,72815.0,,,,,,,,,,,,,,,,,,,,,,,,,,,,,,individual,177.0,0.011330214577707734,85.2137784292,empirical-operator-norm,Repository empirical operator-norm calibration study v1 (2026-08-10),reviewed calibration opnorm-v1-tfim-open-trotter-p2; artifact docs/calibration_data/empirical_1d_v1_accepted.json,"{""prefactor"":85.2137784292}",False,implemented-product-formula,False,,"[""the resolved ordered Hamiltonian groups match the implemented formula"",""the fixed formal-order powers in time and segments apply"",""the reviewed affine size calibration extrapolates as flagged""]",,,,,,,implemented-product-formula,False,False,0.011330328706147507,,,,,,,,,,,,,,,,,,,1.0,none,0.0,system register,1.0,89.0,25703695.0,0.0,-1.0,2775999060.0,25558477.0,analytical-model,0.0012589254117941675,opnorm-v1-tfim-open-trotter-p2,transverse_field_ising,affine-aN-plus-b,85.2137784292,4.0,12.0,4.0,12.0,True,True,formula,0.1.0,3.11.9,2.5.0,b58b31db18364511c43757e27fffc7abce8df2c1,True,ok,,
1.0,transverse_field_ising:N089,-1.9,commutator,10388.0,,,2.0,a8fa234e-a646-4911-8402-a67c302db4ae,2026-08-12T00:11:58.358108+00:00,c1ad72de628f71283ac69037e9bbe97c3e773952f5abde5eac91397ca322d1a6,resource-grid,transverse_field_ising,TFIM-89,"{""coupling"":1.0,""field"":3.0,""periodic"":false}",89,89.0,proportional,1.0,0.012589254117941675,355.0,177,trotter-p4,trotter,Trotter p=4,analytical,analytical,4.0,,,,,,10388.0,,,,,,,,,,,,,,,,,,,,,,,,,,,,,,commuting,2.0,0.011329217357005908,23625.316736077137,schubert-mendl-commutator,"Schubert and Mendl, arXiv:2306.10603",Theorem 1,"{""prefactor"":23625.316736077137}",True,implemented-product-formula,True,,"[""the resolved ordered Hamiltonian groups match the implemented formula""]",,,,,,,implemented-product-formula,True,True,0.011330328706147507,,,,,,,,,,,,,,,,,,,1.0,none,0.0,system register,1.0,89.0,13816040.0,0.0,-1.0,1464500240.0,13737984.0,analytical-model,0.0012589254117941675,,,,,,,,,,,,0.1.0,3.11.9,2.5.0,b58b31db18364511c43757e27fffc7abce8df2c1,True,ok,,
1.0,transverse_field_ising:N089,-1.9,empirical,2074.0,,,2.0,a8fa234e-a646-4911-8402-a67c302db4ae,2026-08-12T00:11:58.358108+00:00,c1ad72de628f71283ac69037e9bbe97c3e773952f5abde5eac91397ca322d1a6,resource-grid,transverse_field_ising,TFIM-89,"{""coupling"":1.0,""field"":3.0,""periodic"":false}",89,89.0,proportional,1.0,0.012589254117941675,355.0,177,trotter-p4-empirical,trotter,Trotter p=4 [empirical],empirical-operator-norm,empirical,4.0,,,,,,2074.0,,,,,,,,,,,,,,,,,,,,,,,,,,,,,,commuting,2.0,0.01131399255772401,37.4887417028,empirical-operator-norm,Repository empirical operator-norm calibration study v1 (2026-08-10),reviewed calibration opnorm-v1-tfim-open-trotter-p4; artifact docs/calibration_data/empirical_1d_v1_accepted.json,"{""prefactor"":37.4887417028}",False,implemented-product-formula,False,,"[""the resolved ordered Hamiltonian groups match the implemented formula"",""the fixed formal-order powers in time and segments apply"",""the reviewed affine size calibration extrapolates as flagged""]",,,,,,,implemented-product-formula,False,False,0.011330328706147507,,,,,,,,,,,,,,,,,,,1.0,none,0.0,system register,1.0,89.0,2758420.0,0.0,-1.0,273083580.0,2742836.0,analytical-model,0.0012589254117941675,opnorm-v1-tfim-open-trotter-p4,transverse_field_ising,affine-aN-plus-b,37.4887417028,4.0,12.0,4.0,12.0,True,True,formula,0.1.0,3.11.9,2.5.0,b58b31db18364511c43757e27fffc7abce8df2c1,True,ok,,
1.0,transverse_field_ising:N089,-1.9,commutator,5025.0,,,2.0,a8fa234e-a646-4911-8402-a67c302db4ae,2026-08-12T00:11:58.358108+00:00,c1ad72de628f71283ac69037e9bbe97c3e773952f5abde5eac91397ca322d1a6,resource-grid,transverse_field_ising,TFIM-89,"{""coupling"":1.0,""field"":3.0,""periodic"":false}",89,89.0,proportional,1.0,0.012589254117941675,355.0,177,trotter-p6,trotter,Trotter p=6,analytical,analytical,6.0,,,,,,5025.0,,,,,,,,,,,,,,,,,,,,,,,,,,,,,,commuting,2.0,0.011321353506797518,4120830.026684159,schubert-mendl-commutator,"Schubert and Mendl, arXiv:2306.10603",Theorem 1,"{""prefactor"":4120830.026684159}",True,implemented-product-formula,True,,"[""the resolved ordered Hamiltonian groups match the implemented formula""]",,,,,,,implemented-product-formula,True,True,0.011330328706147507,,,,,,,,,,,,,,,,,,,1.0,none,0.0,system register,1.0,89.0,33416250.0,0.0,-1.0,3642371250.0,33227458.0,analytical-model,0.0012589254117941675,,,,,,,,,,,,0.1.0,3.11.9,2.5.0,b58b31db18364511c43757e27fffc7abce8df2c1,True,ok,,
1.0,transverse_field_ising:N089,-1.9,empirical,712.0,,,2.0,a8fa234e-a646-4911-8402-a67c302db4ae,2026-08-12T00:11:58.358108+00:00,c1ad72de628f71283ac69037e9bbe97c3e773952f5abde5eac91397ca322d1a6,resource-grid,transverse_field_ising,TFIM-89,"{""coupling"":1.0,""field"":3.0,""periodic"":false}",89,89.0,proportional,1.0,0.012589254117941675,355.0,177,trotter-p6-empirical,trotter,Trotter p=6 [empirical],empirical-operator-norm,empirical,6.0,,,,,,712.0,,,,,,,,,,,,,,,,,,,,,,,,,,,,,,commuting,2.0,0.00020519860730361896,0.604399817,empirical-operator-norm,Repository empirical operator-norm calibration study v1 (2026-08-10),reviewed calibration opnorm-v1-tfim-open-trotter-p6; artifact docs/calibration_data/empirical_1d_v1_accepted.json,"{""prefactor"":0.604399817}",False,implemented-product-formula,False,,"[""the resolved ordered Hamiltonian groups match the implemented formula"",""the fixed formal-order powers in time and segments apply"",""the reviewed affine size calibration extrapolates as flagged""]",,,,,,,implemented-product-formula,False,False,0.011330328706147507,,,,,,,,,,,,,,,,,,,1.0,none,0.0,system register,1.0,89.0,4734800.0,0.0,-1.0,478214800.0,4708050.0,analytical-model,0.0012589254117941675,opnorm-v1-tfim-open-trotter-p6,transverse_field_ising,affine-aN-plus-b,0.604399817,4.0,12.0,4.0,12.0,True,True,asymptotic-domain,0.1.0,3.11.9,2.5.0,b58b31db18364511c43757e27fffc7abce8df2c1,True,ok,,
1.0,transverse_field_ising:N089,-1.9,jacobi-anger,,,,2.0,a8fa234e-a646-4911-8402-a67c302db4ae,2026-08-12T00:11:58.358108+00:00,c1ad72de628f71283ac69037e9bbe97c3e773952f5abde5eac91397ca322d1a6,resource-grid,transverse_field_ising,TFIM-89,"{""coupling"":1.0,""field"":3.0,""periodic"":false}",89,89.0,proportional,1.0,0.012589254117941675,355.0,177,qsvt,qsvt,QSVT,jacobi-anger-rigorous,analytical,,,,,,,,,,,,,,,,,,,,,,,,,,,,,,,,,,,257667.0,42945.0,,,0.0015319407826236333,,jacobi-anger-polynomial-oaa,"Martyn et al., arXiv:2105.02859, Eqs. (76)--(77)",Jacobi--Anger tails plus exact cubic OAA identity,"{""oaa-unitarity-defect-distortion"":0.0007664100314674407,""scaled-polynomial-error"":0.0007655307511561926}",True,ideal-qsvt-oaa-good-block,True,,"[""the cosine and sine polynomials are implemented exactly"",""the unamplified good block is exactly Q/2""]",,,,,,,implemented-qsvt-floating-phase-circuit,False,False,0.011330328706147507,,,,,,,,,,,,,,,,,,,2.0,one robust OAA round,1.0,"component, quadrature, and index registers all-zero",,107.0,131925516.0,369494604.0,-1.0,16781338272.0,2416144215.0,analytical-model,0.0012589254117941675,,,,,,,,,,,,0.1.0,3.11.9,2.5.0,b58b31db18364511c43757e27fffc7abce8df2c1,True,ok,,
1.0,transverse_field_ising:N089,-1.9,empirical,,8.0,112.0,2.0,a8fa234e-a646-4911-8402-a67c302db4ae,2026-08-12T00:11:58.358108+00:00,c1ad72de628f71283ac69037e9bbe97c3e773952f5abde5eac91397ca322d1a6,resource-grid,transverse_field_ising,TFIM-89,"{""coupling"":1.0,""field"":3.0,""periodic"":false}",89,89.0,proportional,1.0,0.012589254117941675,355.0,177,mpf-j-mizuta2026-theorem6-empirical-operator-norm,multiproduct,MPF J=Mizuta Theorem 6 (resolved per point) [empirical operator norm],empirical-operator-norm,empirical,,8.0,16.0,mizuta2026-theorem6,5.000000000000001,0.011330328706147507,112.0,,,,[],,,,,,,,,,,,,,,[],,,,,,,empirical-operator-norm,[],20496.0,,,,0.0010093792186199014,0.0004486551,empirical-operator-norm,Repository empirical operator-norm calibration study v1 (2026-08-10),reviewed calibration opnorm-v1-tfim-open-mpf-new-m8; fixed formal powers,"{""empirical_coefficient"":0.0004486551}",False,ideal-mpf,False,ordered individual Pauli terms,"[""the fixed formal-order powers in time and segments apply"",""the empirical estimate concerns the repeated ideal MPF operator"",""the reviewed affine size calibration extrapolates as flagged""]",,0.0,0.0,False,False,{},repeated-shared-ancilla-good-block,False,False,0.011330328706147507,new,"[1,2,3,4,5,6,11,29]","[-3.280633240950701e-11,1.38314223008236e-06,-0.00042434045620952707,0.013663236344294543,-0.0975962105352182,0.17214651362521294,-0.39147182230350597,1.3036812402160025]",1.9789847466554802,0.021015253344519813,61.0,registered-exact,True,8.0,4.0,2.0,5.0,10.0,6.0,6.0,3.0,2.0,3.0,2.0,one robust OAA round per segment,112.0,branch register all-zero,,96.0,14480256.0,11872.0,-1.0,1534954624.0,21746932.0,analytical-model,0.0012589254117941675,opnorm-v1-tfim-open-mpf-new-m8,transverse_field_ising,affine-aN-plus-b,0.0004486551,4.0,12.0,4.0,12.0,True,True,asymptotic-domain,0.1.0,3.11.9,2.5.0,b58b31db18364511c43757e27fffc7abce8df2c1,True,ok,,
1.0,transverse_field_ising:N089,-1.9,commutator,,8.0,17302.0,2.0,a8fa234e-a646-4911-8402-a67c302db4ae,2026-08-12T00:11:58.358108+00:00,c1ad72de628f71283ac69037e9bbe97c3e773952f5abde5eac91397ca322d1a6,resource-grid,transverse_field_ising,TFIM-89,"{""coupling"":1.0,""field"":3.0,""periodic"":false}",89,89.0,proportional,1.0,0.012589254117941675,355.0,177,mpf-j-mizuta2026-theorem6-mizuta2026-commutator-ideal-rigorous,multiproduct,MPF J=Mizuta Theorem 6 (resolved per point) [Mizuta 2026 refined commutator],mizuta2026-commutator-ideal-rigorous,analytical,,8.0,16.0,mizuta2026-theorem6,5.000000000000001,0.011330328706147507,17302.0,17302.0,,13402.0,"[""error""]",37.64548989958904,16.0,,,6.475043592301343e-07,3.534499837695472e-14,6.701636801599968e-20,3.53449313605867e-14,3.534499837695472e-14,6.475043945751327e-07,0.011329329263224204,1.944807358119685e-05,False,0.006640901756540274,"[1.0000000000000002,1.0000000000000002,1.0000000000000002,1.0000000000000002,1.0000000000000002,1.0000000000000002,1.0000000000000002,1.0000000000000002,1.0000000000000002,1.0000000000000002,1.0000000000000002,1.0000000000000002,1.0000000000000002,1.0000000000000002,1.0000000000000002,1.0000000000000002,1.0000000000000002,1.0000000000000002,1.0000000000000002,1.0000000000000002,1.0000000000000002,1.0000000000000002,1.0000000000000002,1.0000000000000002,1.0000000000000002,1.0000000000000002,1.0000000000000002,1.0000000000000002,1.0000000000000002,1.0000000000000002,1.0000000000000002,1.0000000000000002,1.0000000000000002,1.0000000000000002,1.0000000000000002,1.0000000000000002,1.0000000000000002,1.0000000000000002,1.0000000000000002,1.0000000000000002,1.0000000000000002,1.0000000000000002,1.0000000000000002,1.0000000000000002,1.0000000000000002,1.0000000000000002,1.0000000000000002,1.0000000000000002,1.0000000000000002,1.0000000000000002,1.0000000000000002,1.0000000000000002,1.0000000000000002,1.0000000000000002,1.0000000000000002,1.0000000000000002,1.0000000000000002,1.0000000000000002,1.0000000000000002,1.0000000000000002,1.0000000000000002,1.0000000000000002,1.0000000000000002,1.0000000000000002,1.0000000000000002,1.0000000000000002,1.0000000000000002,1.0000000000000002,1.0000000000000002,1.0000000000000002,1.0000000000000002,1.0000000000000002,1.0000000000000002,1.0000000000000002,1.0000000000000002,1.0000000000000002,1.0000000000000002,1.0000000000000002,1.0000000000000002,1.0000000000000002,1.0000000000000002,1.0000000000000002,1.0000000000000002,1.0000000000000002,1.0000000000000002,1.0000000000000002,1.0000000000000002,1.0000000000000002,1.0000000000000002,1.0000000000000002,1.0000000000000002,1.0000000000000002,1.0000000000000002,1.0000000000000002,1.0000000000000002,1.0000000000000002,1.0000000000000002,1.0000000000000002,1.0000000000000002,1.0000000000000002,1.0000000000000002,1.0000000000000002,1.0000000000000002,1.0000000000000002,1.0000000000000002,1.0000000000000002,1.0000000000000002,1.0000000000000002,1.0000000000000002,1.0000000000000002,1.0000000000000002,1.0000000000000002,1.0000000000000002,1.0000000000000002,1.0000000000000002,1.0000000000000002,1.0000000000000002,1.0000000000000002,1.0000000000000002,1.0000000000000002,1.0000000000000002,1.0000000000000002,1.0000000000000002,1.0000000000000002,1.0000000000000002,1.0000000000000002,1.0000000000000002,1.0000000000000002,1.0000000000000002,1.0000000000000002,1.0000000000000002,1.0000000000000002,1.0000000000000002,1.0000000000000002,1.0000000000000002,1.0000000000000002,1.0000000000000002,1.0000000000000002,1.0000000000000002,1.0000000000000002,1.0000000000000002,1.0000000000000002,1.0000000000000002,1.0000000000000002,1.0000000000000002,1.0000000000000002,1.0000000000000002,1.0000000000000002,1.0000000000000002,1.0000000000000002,1.0000000000000002,1.0000000000000002,1.0000000000000002,1.0000000000000002,1.0000000000000002,1.0000000000000002,1.0000000000000002,1.0000000000000002,1.0000000000000002,1.0000000000000002,1.0000000000000002,1.0000000000000002,1.0000000000000002,1.0000000000000002,1.0000000000000002,1.0000000000000002,1.0000000000000002,1.0000000000000002,1.0000000000000002,1.0000000000000002,1.0000000000000002,1.0000000000000002,1.0000000000000002,1.0000000000000002,1.0000000000000002,1.0000000000000002,1.0000000000000002]",5.0000000000000036,16.0,False,,not-used,commutator,mizuta2026-commutator-ideal-rigorous,[],3166266.0,,,,0.011329329263224204,5.239017078695717e+32,mizuta2026-commutator-ideal-rigorous,"Mizuta, Quantum 10, 1974 (2026), arXiv:2507.06557v4","Theorem 4, Eqs. (47)--(49), with direct Lemmas 9--10 BCH remainder","{""error_predicate_satisfied"":1.0,""extensiveness_g"":5.000000000000001,""joint_predicate_satisfied"":1.0,""legacy_first_condition_passed"":0.0,""legacy_first_time_limit"":1.944807358119685e-05,""local_commutator_error"":6.475043592301343e-07,""local_step_error"":6.475043945751327e-07,""local_truncated_bch_error"":3.534499837695472e-14,""locality_k"":2.0,""mu_upper"":37.64548989958904,""refined_lemma10_remainder"":3.53449313605867e-14,""refined_lemma9_remainder"":6.701636801599968e-20,""refined_tail_fallback"":0.0,""repeated_global_error"":0.011329329263224204,""schedule_weighted_extensiveness"":5.0000000000000036,""second_time_limit"":0.006640901756540274,""time_2_predicate_satisfied"":1.0,""total_branchwise_bch_remainder"":3.534499837695472e-14,""truncation_order_p0"":16.0}",True,ideal-mpf,True,ordered individual Pauli terms,"[""individual Pauli summands define the ordered H_gamma decomposition"",""the actual Strang factors define schedule-weighted g_alpha extensiveness"",""Lemma 9 and Lemma 10 positive majorants directly certify the BCH remainder"",""the scalar-flow/Cauchy refined tail certificate is used"",""Theorem 4 second time hypothesis is satisfied"",""the repeated ideal MPF is composed with the Eq. (15) telescoping argument""]",,16.0,16.0,True,False,"{""2"":2112.000000000002,""3"":33744.00000000005,""4"":437856.000000001,""5"":6996288.0000000205,""6"":95599104.00000036,""7"":1527651840.000007,""8"":21592366080.000114,""9"":345068332032.0021,""10"":4990024826880.033,""11"":79751565484032.6,""12"":1171981014171657.5,""13"":1.8732045550190756e+16,""14"":2.7853937024041222e+17,""15"":4.452212203592659e+18,""16"":6.679876190887078e+19}",repeated-shared-ancilla-good-block,True,False,0.011330328706147507,new,"[1,2,3,4,5,6,11,29]","[-3.280633240950701e-11,1.38314223008236e-06,-0.00042434045620952707,0.013663236344294543,-0.0975962105352182,0.17214651362521294,-0.39147182230350597,1.3036812402160025]",1.9789847466554802,0.021015253344519813,61.0,registered-exact,True,8.0,4.0,2.0,5.0,10.0,6.0,6.0,3.0,2.0,3.0,2.0,one robust OAA round per segment,17302.0,branch register all-zero,,96.0,2236940976.0,1834012.0,-1.0,286335780976.0,3359512625.0,analytical-model,0.0012589254117941675,,,,,,,,,,,,0.1.0,3.11.9,2.5.0,b58b31db18364511c43757e27fffc7abce8df2c1,True,ok,,
1.0,transverse_field_ising:N089,-2.0,commutator,310523.0,,,2.0,a8fa234e-a646-4911-8402-a67c302db4ae,2026-08-12T00:11:58.358108+00:00,c1ad72de628f71283ac69037e9bbe97c3e773952f5abde5eac91397ca322d1a6,resource-grid,transverse_field_ising,TFIM-89,"{""coupling"":1.0,""field"":3.0,""periodic"":false}",89,89.0,proportional,1.0,0.01,355.0,177,trotter-p2,trotter,Trotter p=2,analytical,analytical,2.0,,,,,,310523.0,,,,,,,,,,,,,,,,,,,,,,,,,,,,,,individual,177.0,0.008999958902979825,1231.0,childs-commutator,"Childs, Su, Tran, Wiebe, and Zhu, arXiv:1912.08854",Propositions 9--10,"{""prefactor"":1231.0}",True,implemented-product-formula,True,,"[""the resolved ordered Hamiltonian groups match the implemented formula""]",,,,,,,implemented-product-formula,True,True,0.009000000000000001,,,,,,,,,,,,,,,,,,,1.0,none,0.0,system register,1.0,89.0,109614619.0,0.0,-1.0,12715295804.0,108995328.0,analytical-model,0.001,,,,,,,,,,,,0.1.0,3.11.9,2.5.0,b58b31db18364511c43757e27fffc7abce8df2c1,True,ok,,
1.0,transverse_field_ising:N089,-2.0,empirical,81700.0,,,2.0,a8fa234e-a646-4911-8402-a67c302db4ae,2026-08-12T00:11:58.358108+00:00,c1ad72de628f71283ac69037e9bbe97c3e773952f5abde5eac91397ca322d1a6,resource-grid,transverse_field_ising,TFIM-89,"{""coupling"":1.0,""field"":3.0,""periodic"":false}",89,89.0,proportional,1.0,0.01,355.0,177,trotter-p2-empirical,trotter,Trotter p=2 [empirical],empirical-operator-norm,empirical,2.0,,,,,,81700.0,,,,,,,,,,,,,,,,,,,,,,,,,,,,,,individual,177.0,0.008999859498127262,85.2137784292,empirical-operator-norm,Repository empirical operator-norm calibration study v1 (2026-08-10),reviewed calibration opnorm-v1-tfim-open-trotter-p2; artifact docs/calibration_data/empirical_1d_v1_accepted.json,"{""prefactor"":85.2137784292}",False,implemented-product-formula,False,,"[""the resolved ordered Hamiltonian groups match the implemented formula"",""the fixed formal-order powers in time and segments apply"",""the reviewed affine size calibration extrapolates as flagged""]",,,,,,,implemented-product-formula,False,False,0.009000000000000001,,,,,,,,,,,,,,,,,,,1.0,none,0.0,system register,1.0,89.0,28840100.0,0.0,-1.0,3172411000.0,28677162.0,analytical-model,0.001,opnorm-v1-tfim-open-trotter-p2,transverse_field_ising,affine-aN-plus-b,85.2137784292,4.0,12.0,4.0,12.0,True,True,formula,0.1.0,3.11.9,2.5.0,b58b31db18364511c43757e27fffc7abce8df2c1,True,ok,,
1.0,transverse_field_ising:N089,-2.0,commutator,11004.0,,,2.0,a8fa234e-a646-4911-8402-a67c302db4ae,2026-08-12T00:11:58.358108+00:00,c1ad72de628f71283ac69037e9bbe97c3e773952f5abde5eac91397ca322d1a6,resource-grid,transverse_field_ising,TFIM-89,"{""coupling"":1.0,""field"":3.0,""periodic"":false}",89,89.0,proportional,1.0,0.01,355.0,177,trotter-p4,trotter,Trotter p=4,analytical,analytical,4.0,,,,,,11004.0,,,,,,,,,,,,,,,,,,,,,,,,,,,,,,commuting,2.0,0.008997572318453391,23625.316736077137,schubert-mendl-commutator,"Schubert and Mendl, arXiv:2306.10603",Theorem 1,"{""prefactor"":23625.316736077137}",True,implemented-product-formula,True,,"[""the resolved ordered Hamiltonian groups match the implemented formula""]",,,,,,,implemented-product-formula,True,True,0.009000000000000001,,,,,,,,,,,,,,,,,,,1.0,none,0.0,system register,1.0,89.0,14635320.0,0.0,-1.0,1565979240.0,14552635.0,analytical-model,0.001,,,,,,,,,,,,0.1.0,3.11.9,2.5.0,b58b31db18364511c43757e27fffc7abce8df2c1,True,ok,,
1.0,transverse_field_ising:N089,-2.0,empirical,2197.0,,,2.0,a8fa234e-a646-4911-8402-a67c302db4ae,2026-08-12T00:11:58.358108+00:00,c1ad72de628f71283ac69037e9bbe97c3e773952f5abde5eac91397ca322d1a6,resource-grid,transverse_field_ising,TFIM-89,"{""coupling"":1.0,""field"":3.0,""periodic"":false}",89,89.0,proportional,1.0,0.01,355.0,177,trotter-p4-empirical,trotter,Trotter p=4 [empirical],empirical-operator-norm,empirical,4.0,,,,,,2197.0,,,,,,,,,,,,,,,,,,,,,,,,,,,,,,commuting,2.0,0.008985260429606862,37.4887417028,empirical-operator-norm,Repository empirical operator-norm calibration study v1 (2026-08-10),reviewed calibration opnorm-v1-tfim-open-trotter-p4; artifact docs/calibration_data/empirical_1d_v1_accepted.json,"{""prefactor"":37.4887417028}",False,implemented-product-formula,False,,"[""the resolved ordered Hamiltonian groups match the implemented formula"",""the fixed formal-order powers in time and segments apply"",""the reviewed affine size calibration extrapolates as flagged""]",,,,,,,implemented-product-formula,False,False,0.009000000000000001,,,,,,,,,,,,,,,,,,,1.0,none,0.0,system register,1.0,89.0,2922010.0,0.0,-1.0,292201000.0,2905502.0,analytical-model,0.001,opnorm-v1-tfim-open-trotter-p4,transverse_field_ising,affine-aN-plus-b,37.4887417028,4.0,12.0,4.0,12.0,True,True,formula,0.1.0,3.11.9,2.5.0,b58b31db18364511c43757e27fffc7abce8df2c1,True,ok,,
1.0,transverse_field_ising:N089,-2.0,commutator,5221.0,,,2.0,a8fa234e-a646-4911-8402-a67c302db4ae,2026-08-12T00:11:58.358108+00:00,c1ad72de628f71283ac69037e9bbe97c3e773952f5abde5eac91397ca322d1a6,resource-grid,transverse_field_ising,TFIM-89,"{""coupling"":1.0,""field"":3.0,""periodic"":false}",89,89.0,proportional,1.0,0.01,355.0,177,trotter-p6,trotter,Trotter p=6,analytical,analytical,6.0,,,,,,5221.0,,,,,,,,,,,,,,,,,,,,,,,,,,,,,,commuting,2.0,0.008998965537623506,4120830.026684159,schubert-mendl-commutator,"Schubert and Mendl, arXiv:2306.10603",Theorem 1,"{""prefactor"":4120830.026684159}",True,implemented-product-formula,True,,"[""the resolved ordered Hamiltonian groups match the implemented formula""]",,,,,,,implemented-product-formula,True,True,0.009000000000000001,,,,,,,,,,,,,,,,,,,1.0,none,0.0,system register,1.0,89.0,34719650.0,0.0,-1.0,3853881150.0,34523494.0,analytical-model,0.001,,,,,,,,,,,,0.1.0,3.11.9,2.5.0,b58b31db18364511c43757e27fffc7abce8df2c1,True,ok,,
1.0,transverse_field_ising:N089,-2.0,empirical,712.0,,,2.0,a8fa234e-a646-4911-8402-a67c302db4ae,2026-08-12T00:11:58.358108+00:00,c1ad72de628f71283ac69037e9bbe97c3e773952f5abde5eac91397ca322d1a6,resource-grid,transverse_field_ising,TFIM-89,"{""coupling"":1.0,""field"":3.0,""periodic"":false}",89,89.0,proportional,1.0,0.01,355.0,177,trotter-p6-empirical,trotter,Trotter p=6 [empirical],empirical-operator-norm,empirical,6.0,,,,,,712.0,,,,,,,,,,,,,,,,,,,,,,,,,,,,,,commuting,2.0,0.00020519860730361896,0.604399817,empirical-operator-norm,Repository empirical operator-norm calibration study v1 (2026-08-10),reviewed calibration opnorm-v1-tfim-open-trotter-p6; artifact docs/calibration_data/empirical_1d_v1_accepted.json,"{""prefactor"":0.604399817}",False,implemented-product-formula,False,,"[""the resolved ordered Hamiltonian groups match the implemented formula"",""the fixed formal-order powers in time and segments apply"",""the reviewed affine size calibration extrapolates as flagged""]",,,,,,,implemented-product-formula,False,False,0.009000000000000001,,,,,,,,,,,,,,,,,,,1.0,none,0.0,system register,1.0,89.0,4734800.0,0.0,-1.0,482949600.0,4708050.0,analytical-model,0.001,opnorm-v1-tfim-open-trotter-p6,transverse_field_ising,affine-aN-plus-b,0.604399817,4.0,12.0,4.0,12.0,True,True,asymptotic-domain,0.1.0,3.11.9,2.5.0,b58b31db18364511c43757e27fffc7abce8df2c1,True,ok,,
1.0,transverse_field_ising:N089,-2.0,jacobi-anger,,,,2.0,a8fa234e-a646-4911-8402-a67c302db4ae,2026-08-12T00:11:58.358108+00:00,c1ad72de628f71283ac69037e9bbe97c3e773952f5abde5eac91397ca322d1a6,resource-grid,transverse_field_ising,TFIM-89,"{""coupling"":1.0,""field"":3.0,""periodic"":false}",89,89.0,proportional,1.0,0.01,355.0,177,qsvt,qsvt,QSVT,jacobi-anger-rigorous,analytical,,,,,,,,,,,,,,,,,,,,,,,,,,,,,,,,,,,257667.0,42945.0,,,0.0012727783803388052,,jacobi-anger-polynomial-oaa,"Martyn et al., arXiv:2105.02859, Eqs. (76)--(77)",Jacobi--Anger tails plus exact cubic OAA identity,"{""oaa-unitarity-defect-distortion"":0.000636692708246941,""scaled-polynomial-error"":0.0006360856720918641}",True,ideal-qsvt-oaa-good-block,True,,"[""the cosine and sine polynomials are implemented exactly"",""the unamplified good block is exactly Q/2""]",,,,,,,implemented-qsvt-floating-phase-circuit,False,False,0.009000000000000001,,,,,,,,,,,,,,,,,,,2.0,one robust OAA round,1.0,"component, quadrature, and index registers all-zero",,107.0,131925516.0,369494604.0,-1.0,16913263788.0,2416144215.0,analytical-model,0.001,,,,,,,,,,,,0.1.0,3.11.9,2.5.0,b58b31db18364511c43757e27fffc7abce8df2c1,True,ok,,
1.0,transverse_field_ising:N089,-2.0,empirical,,8.0,112.0,2.0,a8fa234e-a646-4911-8402-a67c302db4ae,2026-08-12T00:11:58.358108+00:00,c1ad72de628f71283ac69037e9bbe97c3e773952f5abde5eac91397ca322d1a6,resource-grid,transverse_field_ising,TFIM-89,"{""coupling"":1.0,""field"":3.0,""periodic"":false}",89,89.0,proportional,1.0,0.01,355.0,177,mpf-j-mizuta2026-theorem6-empirical-operator-norm,multiproduct,MPF J=Mizuta Theorem 6 (resolved per point) [empirical operator norm],empirical-operator-norm,empirical,,8.0,16.0,mizuta2026-theorem6,5.000000000000001,0.009000000000000001,112.0,,,,[],,,,,,,,,,,,,,,[],,,,,,,empirical-operator-norm,[],20496.0,,,,0.0010093792186199014,0.0004486551,empirical-operator-norm,Repository empirical operator-norm calibration study v1 (2026-08-10),reviewed calibration opnorm-v1-tfim-open-mpf-new-m8; fixed formal powers,"{""empirical_coefficient"":0.0004486551}",False,ideal-mpf,False,ordered individual Pauli terms,"[""the fixed formal-order powers in time and segments apply"",""the empirical estimate concerns the repeated ideal MPF operator"",""the reviewed affine size calibration extrapolates as flagged""]",,0.0,0.0,False,False,{},repeated-shared-ancilla-good-block,False,False,0.009000000000000001,new,"[1,2,3,4,5,6,11,29]","[-3.280633240950701e-11,1.38314223008236e-06,-0.00042434045620952707,0.013663236344294543,-0.0975962105352182,0.17214651362521294,-0.39147182230350597,1.3036812402160025]",1.9789847466554802,0.021015253344519813,61.0,registered-exact,True,8.0,4.0,2.0,5.0,10.0,6.0,6.0,3.0,2.0,3.0,2.0,one robust OAA round per segment,112.0,branch register all-zero,,96.0,14480256.0,11872.0,-1.0,1549434880.0,21746932.0,analytical-model,0.001,opnorm-v1-tfim-open-mpf-new-m8,transverse_field_ising,affine-aN-plus-b,0.0004486551,4.0,12.0,4.0,12.0,True,True,asymptotic-domain,0.1.0,3.11.9,2.5.0,b58b31db18364511c43757e27fffc7abce8df2c1,True,ok,,
1.0,transverse_field_ising:N089,-2.0,commutator,,8.0,17551.0,2.0,a8fa234e-a646-4911-8402-a67c302db4ae,2026-08-12T00:11:58.358108+00:00,c1ad72de628f71283ac69037e9bbe97c3e773952f5abde5eac91397ca322d1a6,resource-grid,transverse_field_ising,TFIM-89,"{""coupling"":1.0,""field"":3.0,""periodic"":false}",89,89.0,proportional,1.0,0.01,355.0,177,mpf-j-mizuta2026-theorem6-mizuta2026-commutator-ideal-rigorous,multiproduct,MPF J=Mizuta Theorem 6 (resolved per point) [Mizuta 2026 refined commutator],mizuta2026-commutator-ideal-rigorous,analytical,,8.0,16.0,mizuta2026-theorem6,5.000000000000001,0.009000000000000001,17551.0,17551.0,,13402.0,"[""error""]",37.64548989958904,16.0,,,5.07864903372482e-07,2.7460014266123868e-14,5.669435318958726e-20,2.7459957571770674e-14,2.7460014266123868e-14,5.078649308324964e-07,0.00899333911210705,1.944807358119685e-05,False,0.006640901756540274,"[1.0000000000000002,1.0000000000000002,1.0000000000000002,1.0000000000000002,1.0000000000000002,1.0000000000000002,1.0000000000000002,1.0000000000000002,1.0000000000000002,1.0000000000000002,1.0000000000000002,1.0000000000000002,1.0000000000000002,1.0000000000000002,1.0000000000000002,1.0000000000000002,1.0000000000000002,1.0000000000000002,1.0000000000000002,1.0000000000000002,1.0000000000000002,1.0000000000000002,1.0000000000000002,1.0000000000000002,1.0000000000000002,1.0000000000000002,1.0000000000000002,1.0000000000000002,1.0000000000000002,1.0000000000000002,1.0000000000000002,1.0000000000000002,1.0000000000000002,1.0000000000000002,1.0000000000000002,1.0000000000000002,1.0000000000000002,1.0000000000000002,1.0000000000000002,1.0000000000000002,1.0000000000000002,1.0000000000000002,1.0000000000000002,1.0000000000000002,1.0000000000000002,1.0000000000000002,1.0000000000000002,1.0000000000000002,1.0000000000000002,1.0000000000000002,1.0000000000000002,1.0000000000000002,1.0000000000000002,1.0000000000000002,1.0000000000000002,1.0000000000000002,1.0000000000000002,1.0000000000000002,1.0000000000000002,1.0000000000000002,1.0000000000000002,1.0000000000000002,1.0000000000000002,1.0000000000000002,1.0000000000000002,1.0000000000000002,1.0000000000000002,1.0000000000000002,1.0000000000000002,1.0000000000000002,1.0000000000000002,1.0000000000000002,1.0000000000000002,1.0000000000000002,1.0000000000000002,1.0000000000000002,1.0000000000000002,1.0000000000000002,1.0000000000000002,1.0000000000000002,1.0000000000000002,1.0000000000000002,1.0000000000000002,1.0000000000000002,1.0000000000000002,1.0000000000000002,1.0000000000000002,1.0000000000000002,1.0000000000000002,1.0000000000000002,1.0000000000000002,1.0000000000000002,1.0000000000000002,1.0000000000000002,1.0000000000000002,1.0000000000000002,1.0000000000000002,1.0000000000000002,1.0000000000000002,1.0000000000000002,1.0000000000000002,1.0000000000000002,1.0000000000000002,1.0000000000000002,1.0000000000000002,1.0000000000000002,1.0000000000000002,1.0000000000000002,1.0000000000000002,1.0000000000000002,1.0000000000000002,1.0000000000000002,1.0000000000000002,1.0000000000000002,1.0000000000000002,1.0000000000000002,1.0000000000000002,1.0000000000000002,1.0000000000000002,1.0000000000000002,1.0000000000000002,1.0000000000000002,1.0000000000000002,1.0000000000000002,1.0000000000000002,1.0000000000000002,1.0000000000000002,1.0000000000000002,1.0000000000000002,1.0000000000000002,1.0000000000000002,1.0000000000000002,1.0000000000000002,1.0000000000000002,1.0000000000000002,1.0000000000000002,1.0000000000000002,1.0000000000000002,1.0000000000000002,1.0000000000000002,1.0000000000000002,1.0000000000000002,1.0000000000000002,1.0000000000000002,1.0000000000000002,1.0000000000000002,1.0000000000000002,1.0000000000000002,1.0000000000000002,1.0000000000000002,1.0000000000000002,1.0000000000000002,1.0000000000000002,1.0000000000000002,1.0000000000000002,1.0000000000000002,1.0000000000000002,1.0000000000000002,1.0000000000000002,1.0000000000000002,1.0000000000000002,1.0000000000000002,1.0000000000000002,1.0000000000000002,1.0000000000000002,1.0000000000000002,1.0000000000000002,1.0000000000000002,1.0000000000000002,1.0000000000000002,1.0000000000000002,1.0000000000000002,1.0000000000000002,1.0000000000000002,1.0000000000000002,1.0000000000000002,1.0000000000000002]",5.0000000000000036,16.0,False,,not-used,commutator,mizuta2026-commutator-ideal-rigorous,[],3211833.0,,,,0.00899333911210705,5.239017078695717e+32,mizuta2026-commutator-ideal-rigorous,"Mizuta, Quantum 10, 1974 (2026), arXiv:2507.06557v4","Theorem 4, Eqs. (47)--(49), with direct Lemmas 9--10 BCH remainder","{""error_predicate_satisfied"":1.0,""extensiveness_g"":5.000000000000001,""joint_predicate_satisfied"":1.0,""legacy_first_condition_passed"":0.0,""legacy_first_time_limit"":1.944807358119685e-05,""local_commutator_error"":5.07864903372482e-07,""local_step_error"":5.078649308324964e-07,""local_truncated_bch_error"":2.7460014266123868e-14,""locality_k"":2.0,""mu_upper"":37.64548989958904,""refined_lemma10_remainder"":2.7459957571770674e-14,""refined_lemma9_remainder"":5.669435318958726e-20,""refined_tail_fallback"":0.0,""repeated_global_error"":0.00899333911210705,""schedule_weighted_extensiveness"":5.0000000000000036,""second_time_limit"":0.006640901756540274,""time_2_predicate_satisfied"":1.0,""total_branchwise_bch_remainder"":2.7460014266123868e-14,""truncation_order_p0"":16.0}",True,ideal-mpf,True,ordered individual Pauli terms,"[""individual Pauli summands define the ordered H_gamma decomposition"",""the actual Strang factors define schedule-weighted g_alpha extensiveness"",""Lemma 9 and Lemma 10 positive majorants directly certify the BCH remainder"",""the scalar-flow/Cauchy refined tail certificate is used"",""Theorem 4 second time hypothesis is satisfied"",""the repeated ideal MPF is composed with the Eq. (15) telescoping argument""]",,16.0,16.0,True,False,"{""2"":2112.000000000002,""3"":33744.00000000005,""4"":437856.000000001,""5"":6996288.0000000205,""6"":95599104.00000036,""7"":1527651840.000007,""8"":21592366080.000114,""9"":345068332032.0021,""10"":4990024826880.033,""11"":79751565484032.6,""12"":1171981014171657.5,""13"":1.8732045550190756e+16,""14"":2.7853937024041222e+17,""15"":4.452212203592659e+18,""16"":6.679876190887078e+19}",repeated-shared-ancilla-good-block,True,False,0.009000000000000001,new,"[1,2,3,4,5,6,11,29]","[-3.280633240950701e-11,1.38314223008236e-06,-0.00042434045620952707,0.013663236344294543,-0.0975962105352182,0.17214651362521294,-0.39147182230350597,1.3036812402160025]",1.9789847466554802,0.021015253344519813,61.0,registered-exact,True,8.0,4.0,2.0,5.0,10.0,6.0,6.0,3.0,2.0,3.0,2.0,one robust OAA round per segment,17551.0,branch register all-zero,,96.0,2269133688.0,1860406.0,-1.0,292725687376.0,3407860714.0,analytical-model,0.001,,,,,,,,,,,,0.1.0,3.11.9,2.5.0,b58b31db18364511c43757e27fffc7abce8df2c1,True,ok,,
1.0,transverse_field_ising:N089,-2.1,commutator,348412.0,,,2.0,a8fa234e-a646-4911-8402-a67c302db4ae,2026-08-12T00:11:58.358108+00:00,c1ad72de628f71283ac69037e9bbe97c3e773952f5abde5eac91397ca322d1a6,resource-grid,transverse_field_ising,TFIM-89,"{""coupling"":1.0,""field"":3.0,""periodic"":false}",89,89.0,proportional,1.0,0.007943282347242814,355.0,177,trotter-p2,trotter,Trotter p=2,analytical,analytical,2.0,,,,,,348412.0,,,,,,,,,,,,,,,,,,,,,,,,,,,,,,individual,177.0,0.007148943483847413,1231.0,childs-commutator,"Childs, Su, Tran, Wiebe, and Zhu, arXiv:1912.08854",Propositions 9--10,"{""prefactor"":1231.0}",True,implemented-product-formula,True,,"[""the resolved ordered Hamiltonian groups match the implemented formula""]",,,,,,,implemented-product-formula,True,True,0.007148954112518533,,,,,,,,,,,,,,,,,,,1.0,none,0.0,system register,1.0,89.0,122989436.0,0.0,-1.0,14389764012.0,122294581.0,analytical-model,0.0007943282347242814,,,,,,,,,,,,0.1.0,3.11.9,2.5.0,b58b31db18364511c43757e27fffc7abce8df2c1,True,ok,,
1.0,transverse_field_ising:N089,-2.1,empirical,91669.0,,,2.0,a8fa234e-a646-4911-8402-a67c302db4ae,2026-08-12T00:11:58.358108+00:00,c1ad72de628f71283ac69037e9bbe97c3e773952f5abde5eac91397ca322d1a6,resource-grid,transverse_field_ising,TFIM-89,"{""coupling"":1.0,""field"":3.0,""periodic"":false}",89,89.0,proportional,1.0,0.007943282347242814,355.0,177,trotter-p2-empirical,trotter,Trotter p=2 [empirical],empirical-operator-norm,empirical,2.0,,,,,,91669.0,,,,,,,,,,,,,,,,,,,,,,,,,,,,,,individual,177.0,0.007148828114387543,85.2137784292,empirical-operator-norm,Repository empirical operator-norm calibration study v1 (2026-08-10),reviewed calibration opnorm-v1-tfim-open-trotter-p2; artifact docs/calibration_data/empirical_1d_v1_accepted.json,"{""prefactor"":85.2137784292}",False,implemented-product-formula,False,,"[""the resolved ordered Hamiltonian groups match the implemented formula"",""the fixed formal-order powers in time and segments apply"",""the reviewed affine size calibration extrapolates as flagged""]",,,,,,,implemented-product-formula,False,False,0.007148954112518533,,,,,,,,,,,,,,,,,,,1.0,none,0.0,system register,1.0,89.0,32359157.0,0.0,-1.0,3591866427.0,32176337.0,analytical-model,0.0007943282347242814,opnorm-v1-tfim-open-trotter-p2,transverse_field_ising,affine-aN-plus-b,85.2137784292,4.0,12.0,4.0,12.0,True,True,formula,0.1.0,3.11.9,2.5.0,b58b31db18364511c43757e27fffc7abce8df2c1,True,ok,,
1.0,transverse_field_ising:N089,-2.1,commutator,11656.0,,,2.0,a8fa234e-a646-4911-8402-a67c302db4ae,2026-08-12T00:11:58.358108+00:00,c1ad72de628f71283ac69037e9bbe97c3e773952f5abde5eac91397ca322d1a6,resource-grid,transverse_field_ising,TFIM-89,"{""coupling"":1.0,""field"":3.0,""periodic"":false}",89,89.0,proportional,1.0,0.007943282347242814,355.0,177,trotter-p4,trotter,Trotter p=4,analytical,analytical,4.0,,,,,,11656.0,,,,,,,,,,,,,,,,,,,,,,,,,,,,,,commuting,2.0,0.007147094391016462,23625.316736077137,schubert-mendl-commutator,"Schubert and Mendl, arXiv:2306.10603",Theorem 1,"{""prefactor"":23625.316736077137}",True,implemented-product-formula,True,,"[""the resolved ordered Hamiltonian groups match the implemented formula""]",,,,,,,implemented-product-formula,True,True,0.007148954112518533,,,,,,,,,,,,,,,,,,,1.0,none,0.0,system register,1.0,89.0,15502480.0,0.0,-1.0,1674267840.0,15414896.0,analytical-model,0.0007943282347242814,,,,,,,,,,,,0.1.0,3.11.9,2.5.0,b58b31db18364511c43757e27fffc7abce8df2c1,True,ok,,
1.0,transverse_field_ising:N089,-2.1,empirical,2327.0,,,2.0,a8fa234e-a646-4911-8402-a67c302db4ae,2026-08-12T00:11:58.358108+00:00,c1ad72de628f71283ac69037e9bbe97c3e773952f5abde5eac91397ca322d1a6,resource-grid,transverse_field_ising,TFIM-89,"{""coupling"":1.0,""field"":3.0,""periodic"":false}",89,89.0,proportional,1.0,0.007943282347242814,355.0,177,trotter-p4-empirical,trotter,Trotter p=4 [empirical],empirical-operator-norm,empirical,4.0,,,,,,2327.0,,,,,,,,,,,,,,,,,,,,,,,,,,,,,,commuting,2.0,0.007139459984554928,37.4887417028,empirical-operator-norm,Repository empirical operator-norm calibration study v1 (2026-08-10),reviewed calibration opnorm-v1-tfim-open-trotter-p4; artifact docs/calibration_data/empirical_1d_v1_accepted.json,"{""prefactor"":37.4887417028}",False,implemented-product-formula,False,,"[""the resolved ordered Hamiltonian groups match the implemented formula"",""the fixed formal-order powers in time and segments apply"",""the reviewed affine size calibration extrapolates as flagged""]",,,,,,,implemented-product-formula,False,False,0.007148954112518533,,,,,,,,,,,,,,,,,,,1.0,none,0.0,system register,1.0,89.0,3094910.0,0.0,-1.0,312585910.0,3077425.0,analytical-model,0.0007943282347242814,opnorm-v1-tfim-open-trotter-p4,transverse_field_ising,affine-aN-plus-b,37.4887417028,4.0,12.0,4.0,12.0,True,True,formula,0.1.0,3.11.9,2.5.0,b58b31db18364511c43757e27fffc7abce8df2c1,True,ok,,
1.0,transverse_field_ising:N089,-2.1,commutator,5426.0,,,2.0,a8fa234e-a646-4911-8402-a67c302db4ae,2026-08-12T00:11:58.358108+00:00,c1ad72de628f71283ac69037e9bbe97c3e773952f5abde5eac91397ca322d1a6,resource-grid,transverse_field_ising,TFIM-89,"{""coupling"":1.0,""field"":3.0,""periodic"":false}",89,89.0,proportional,1.0,0.007943282347242814,355.0,177,trotter-p6,trotter,Trotter p=6,analytical,analytical,6.0,,,,,,5426.0,,,,,,,,,,,,,,,,,,,,,,,,,,,,,,commuting,2.0,0.007142265847641491,4120830.026684159,schubert-mendl-commutator,"Schubert and Mendl, arXiv:2306.10603",Theorem 1,"{""prefactor"":4120830.026684159}",True,implemented-product-formula,True,,"[""the resolved ordered Hamiltonian groups match the implemented formula""]",,,,,,,implemented-product-formula,True,True,0.007148954112518533,,,,,,,,,,,,,,,,,,,1.0,none,0.0,system register,1.0,89.0,36082900.0,0.0,-1.0,4041284800.0,35879042.0,analytical-model,0.0007943282347242814,,,,,,,,,,,,0.1.0,3.11.9,2.5.0,b58b31db18364511c43757e27fffc7abce8df2c1,True,ok,,
1.0,transverse_field_ising:N089,-2.1,empirical,712.0,,,2.0,a8fa234e-a646-4911-8402-a67c302db4ae,2026-08-12T00:11:58.358108+00:00,c1ad72de628f71283ac69037e9bbe97c3e773952f5abde5eac91397ca322d1a6,resource-grid,transverse_field_ising,TFIM-89,"{""coupling"":1.0,""field"":3.0,""periodic"":false}",89,89.0,proportional,1.0,0.007943282347242814,355.0,177,trotter-p6-empirical,trotter,Trotter p=6 [empirical],empirical-operator-norm,empirical,6.0,,,,,,712.0,,,,,,,,,,,,,,,,,,,,,,,,,,,,,,commuting,2.0,0.00020519860730361896,0.604399817,empirical-operator-norm,Repository empirical operator-norm calibration study v1 (2026-08-10),reviewed calibration opnorm-v1-tfim-open-trotter-p6; artifact docs/calibration_data/empirical_1d_v1_accepted.json,"{""prefactor"":0.604399817}",False,implemented-product-formula,False,,"[""the resolved ordered Hamiltonian groups match the implemented formula"",""the fixed formal-order powers in time and segments apply"",""the reviewed affine size calibration extrapolates as flagged""]",,,,,,,implemented-product-formula,False,False,0.007148954112518533,,,,,,,,,,,,,,,,,,,1.0,none,0.0,system register,1.0,89.0,4734800.0,0.0,-1.0,487684400.0,4708050.0,analytical-model,0.0007943282347242814,opnorm-v1-tfim-open-trotter-p6,transverse_field_ising,affine-aN-plus-b,0.604399817,4.0,12.0,4.0,12.0,True,True,asymptotic-domain,0.1.0,3.11.9,2.5.0,b58b31db18364511c43757e27fffc7abce8df2c1,True,ok,,
1.0,transverse_field_ising:N089,-2.1,jacobi-anger,,,,2.0,a8fa234e-a646-4911-8402-a67c302db4ae,2026-08-12T00:11:58.358108+00:00,c1ad72de628f71283ac69037e9bbe97c3e773952f5abde5eac91397ca322d1a6,resource-grid,transverse_field_ising,TFIM-89,"{""coupling"":1.0,""field"":3.0,""periodic"":false}",89,89.0,proportional,1.0,0.007943282347242814,355.0,177,qsvt,qsvt,QSVT,jacobi-anger-rigorous,analytical,,,,,,,,,,,,,,,,,,,,,,,,,,,,,,,,,,,257667.0,42945.0,,,0.0010669542131182721,,jacobi-anger-polynomial-oaa,"Martyn et al., arXiv:2105.02859, Eqs. (76)--(77)",Jacobi--Anger tails plus exact cubic OAA identity,"{""oaa-unitarity-defect-distortion"":0.000533690422173278,""scaled-polynomial-error"":0.0005332637909449941}",True,ideal-qsvt-oaa-good-block,True,,"[""the cosine and sine polynomials are implemented exactly"",""the unamplified good block is exactly Q/2""]",,,,,,,implemented-qsvt-floating-phase-circuit,False,False,0.007148954112518533,,,,,,,,,,,,,,,,,,,2.0,one robust OAA round,1.0,"component, quadrature, and index registers all-zero",,107.0,131925516.0,369494604.0,-1.0,17045189304.0,2416144215.0,analytical-model,0.0007943282347242814,,,,,,,,,,,,0.1.0,3.11.9,2.5.0,b58b31db18364511c43757e27fffc7abce8df2c1,True,ok,,
1.0,transverse_field_ising:N089,-2.1,empirical,,8.0,112.0,2.0,a8fa234e-a646-4911-8402-a67c302db4ae,2026-08-12T00:11:58.358108+00:00,c1ad72de628f71283ac69037e9bbe97c3e773952f5abde5eac91397ca322d1a6,resource-grid,transverse_field_ising,TFIM-89,"{""coupling"":1.0,""field"":3.0,""periodic"":false}",89,89.0,proportional,1.0,0.007943282347242814,355.0,177,mpf-j-mizuta2026-theorem6-empirical-operator-norm,multiproduct,MPF J=Mizuta Theorem 6 (resolved per point) [empirical operator norm],empirical-operator-norm,empirical,,8.0,16.0,mizuta2026-theorem6,5.000000000000001,0.007148954112518533,112.0,,,,[],,,,,,,,,,,,,,,[],,,,,,,empirical-operator-norm,[],20496.0,,,,0.0010093792186199014,0.0004486551,empirical-operator-norm,Repository empirical operator-norm calibration study v1 (2026-08-10),reviewed calibration opnorm-v1-tfim-open-mpf-new-m8; fixed formal powers,"{""empirical_coefficient"":0.0004486551}",False,ideal-mpf,False,ordered individual Pauli terms,"[""the fixed formal-order powers in time and segments apply"",""the empirical estimate concerns the repeated ideal MPF operator"",""the reviewed affine size calibration extrapolates as flagged""]",,0.0,0.0,False,False,{},repeated-shared-ancilla-good-block,False,False,0.007148954112518533,new,"[1,2,3,4,5,6,11,29]","[-3.280633240950701e-11,1.38314223008236e-06,-0.00042434045620952707,0.013663236344294543,-0.0975962105352182,0.17214651362521294,-0.39147182230350597,1.3036812402160025]",1.9789847466554802,0.021015253344519813,61.0,registered-exact,True,8.0,4.0,2.0,5.0,10.0,6.0,6.0,3.0,2.0,3.0,2.0,one robust OAA round per segment,112.0,branch register all-zero,,96.0,14480256.0,11872.0,-1.0,1563915136.0,21746932.0,analytical-model,0.0007943282347242814,opnorm-v1-tfim-open-mpf-new-m8,transverse_field_ising,affine-aN-plus-b,0.0004486551,4.0,12.0,4.0,12.0,True,True,asymptotic-domain,0.1.0,3.11.9,2.5.0,b58b31db18364511c43757e27fffc7abce8df2c1,True,ok,,
1.0,transverse_field_ising:N089,-2.1,commutator,,8.0,17803.0,2.0,a8fa234e-a646-4911-8402-a67c302db4ae,2026-08-12T00:11:58.358108+00:00,c1ad72de628f71283ac69037e9bbe97c3e773952f5abde5eac91397ca322d1a6,resource-grid,transverse_field_ising,TFIM-89,"{""coupling"":1.0,""field"":3.0,""periodic"":false}",89,89.0,proportional,1.0,0.007943282347242814,355.0,177,mpf-j-mizuta2026-theorem6-mizuta2026-commutator-ideal-rigorous,multiproduct,MPF J=Mizuta Theorem 6 (resolved per point) [Mizuta 2026 refined commutator],mizuta2026-commutator-ideal-rigorous,analytical,,8.0,16.0,mizuta2026-theorem6,5.000000000000001,0.007148954112518533,17803.0,17803.0,,13402.0,"[""error""]",37.64548989958904,16.0,,,3.985617947761891e-07,2.1351611687371516e-14,4.7982881283138214e-20,2.135156370449023e-14,2.1351611687371516e-14,3.985618161278009e-07,0.007146119682948667,1.944807358119685e-05,False,0.006640901756540274,"[1.0000000000000002,1.0000000000000002,1.0000000000000002,1.0000000000000002,1.0000000000000002,1.0000000000000002,1.0000000000000002,1.0000000000000002,1.0000000000000002,1.0000000000000002,1.0000000000000002,1.0000000000000002,1.0000000000000002,1.0000000000000002,1.0000000000000002,1.0000000000000002,1.0000000000000002,1.0000000000000002,1.0000000000000002,1.0000000000000002,1.0000000000000002,1.0000000000000002,1.0000000000000002,1.0000000000000002,1.0000000000000002,1.0000000000000002,1.0000000000000002,1.0000000000000002,1.0000000000000002,1.0000000000000002,1.0000000000000002,1.0000000000000002,1.0000000000000002,1.0000000000000002,1.0000000000000002,1.0000000000000002,1.0000000000000002,1.0000000000000002,1.0000000000000002,1.0000000000000002,1.0000000000000002,1.0000000000000002,1.0000000000000002,1.0000000000000002,1.0000000000000002,1.0000000000000002,1.0000000000000002,1.0000000000000002,1.0000000000000002,1.0000000000000002,1.0000000000000002,1.0000000000000002,1.0000000000000002,1.0000000000000002,1.0000000000000002,1.0000000000000002,1.0000000000000002,1.0000000000000002,1.0000000000000002,1.0000000000000002,1.0000000000000002,1.0000000000000002,1.0000000000000002,1.0000000000000002,1.0000000000000002,1.0000000000000002,1.0000000000000002,1.0000000000000002,1.0000000000000002,1.0000000000000002,1.0000000000000002,1.0000000000000002,1.0000000000000002,1.0000000000000002,1.0000000000000002,1.0000000000000002,1.0000000000000002,1.0000000000000002,1.0000000000000002,1.0000000000000002,1.0000000000000002,1.0000000000000002,1.0000000000000002,1.0000000000000002,1.0000000000000002,1.0000000000000002,1.0000000000000002,1.0000000000000002,1.0000000000000002,1.0000000000000002,1.0000000000000002,1.0000000000000002,1.0000000000000002,1.0000000000000002,1.0000000000000002,1.0000000000000002,1.0000000000000002,1.0000000000000002,1.0000000000000002,1.0000000000000002,1.0000000000000002,1.0000000000000002,1.0000000000000002,1.0000000000000002,1.0000000000000002,1.0000000000000002,1.0000000000000002,1.0000000000000002,1.0000000000000002,1.0000000000000002,1.0000000000000002,1.0000000000000002,1.0000000000000002,1.0000000000000002,1.0000000000000002,1.0000000000000002,1.0000000000000002,1.0000000000000002,1.0000000000000002,1.0000000000000002,1.0000000000000002,1.0000000000000002,1.0000000000000002,1.0000000000000002,1.0000000000000002,1.0000000000000002,1.0000000000000002,1.0000000000000002,1.0000000000000002,1.0000000000000002,1.0000000000000002,1.0000000000000002,1.0000000000000002,1.0000000000000002,1.0000000000000002,1.0000000000000002,1.0000000000000002,1.0000000000000002,1.0000000000000002,1.0000000000000002,1.0000000000000002,1.0000000000000002,1.0000000000000002,1.0000000000000002,1.0000000000000002,1.0000000000000002,1.0000000000000002,1.0000000000000002,1.0000000000000002,1.0000000000000002,1.0000000000000002,1.0000000000000002,1.0000000000000002,1.0000000000000002,1.0000000000000002,1.0000000000000002,1.0000000000000002,1.0000000000000002,1.0000000000000002,1.0000000000000002,1.0000000000000002,1.0000000000000002,1.0000000000000002,1.0000000000000002,1.0000000000000002,1.0000000000000002,1.0000000000000002,1.0000000000000002,1.0000000000000002,1.0000000000000002,1.0000000000000002,1.0000000000000002,1.0000000000000002,1.0000000000000002,1.0000000000000002,1.0000000000000002,1.0000000000000002]",5.0000000000000036,16.0,False,,not-used,commutator,mizuta2026-commutator-ideal-rigorous,[],3257949.0,,,,0.007146119682948667,5.239017078695717e+32,mizuta2026-commutator-ideal-rigorous,"Mizuta, Quantum 10, 1974 (2026), arXiv:2507.06557v4","Theorem 4, Eqs. (47)--(49), with direct Lemmas 9--10 BCH remainder","{""error_predicate_satisfied"":1.0,""extensiveness_g"":5.000000000000001,""joint_predicate_satisfied"":1.0,""legacy_first_condition_passed"":0.0,""legacy_first_time_limit"":1.944807358119685e-05,""local_commutator_error"":3.985617947761891e-07,""local_step_error"":3.985618161278009e-07,""local_truncated_bch_error"":2.1351611687371516e-14,""locality_k"":2.0,""mu_upper"":37.64548989958904,""refined_lemma10_remainder"":2.135156370449023e-14,""refined_lemma9_remainder"":4.7982881283138214e-20,""refined_tail_fallback"":0.0,""repeated_global_error"":0.007146119682948667,""schedule_weighted_extensiveness"":5.0000000000000036,""second_time_limit"":0.006640901756540274,""time_2_predicate_satisfied"":1.0,""total_branchwise_bch_remainder"":2.1351611687371516e-14,""truncation_order_p0"":16.0}",True,ideal-mpf,True,ordered individual Pauli terms,"[""individual Pauli summands define the ordered H_gamma decomposition"",""the actual Strang factors define schedule-weighted g_alpha extensiveness"",""Lemma 9 and Lemma 10 positive majorants directly certify the BCH remainder"",""the scalar-flow/Cauchy refined tail certificate is used"",""Theorem 4 second time hypothesis is satisfied"",""the repeated ideal MPF is composed with the Eq. (15) telescoping argument""]",,16.0,16.0,True,False,"{""2"":2112.000000000002,""3"":33744.00000000005,""4"":437856.000000001,""5"":6996288.0000000205,""6"":95599104.00000036,""7"":1527651840.000007,""8"":21592366080.000114,""9"":345068332032.0021,""10"":4990024826880.033,""11"":79751565484032.6,""12"":1171981014171657.5,""13"":1.8732045550190756e+16,""14"":2.7853937024041222e+17,""15"":4.452212203592659e+18,""16"":6.679876190887078e+19}",repeated-shared-ancilla-good-block,True,False,0.007148954112518533,new,"[1,2,3,4,5,6,11,29]","[-3.280633240950701e-11,1.38314223008236e-06,-0.00042434045620952707,0.013663236344294543,-0.0975962105352182,0.17214651362521294,-0.39147182230350597,1.3036812402160025]",1.9789847466554802,0.021015253344519813,61.0,registered-exact,True,8.0,4.0,2.0,5.0,10.0,6.0,6.0,3.0,2.0,3.0,2.0,one robust OAA round per segment,17803.0,branch register all-zero,,96.0,2301714264.0,1887118.0,-1.0,299230402792.0,3456791311.0,analytical-model,0.0007943282347242814,,,,,,,,,,,,0.1.0,3.11.9,2.5.0,b58b31db18364511c43757e27fffc7abce8df2c1,True,ok,,
1.0,transverse_field_ising:N089,-2.2,commutator,390925.0,,,2.0,a8fa234e-a646-4911-8402-a67c302db4ae,2026-08-12T00:11:58.358108+00:00,c1ad72de628f71283ac69037e9bbe97c3e773952f5abde5eac91397ca322d1a6,resource-grid,transverse_field_ising,TFIM-89,"{""coupling"":1.0,""field"":3.0,""periodic"":false}",89,89.0,proportional,1.0,0.00630957344480193,355.0,177,trotter-p2,trotter,Trotter p=2,analytical,analytical,2.0,,,,,,390925.0,,,,,,,,,,,,,,,,,,,,,,,,,,,,,,individual,177.0,0.005678598759002738,1231.0,childs-commutator,"Childs, Su, Tran, Wiebe, and Zhu, arXiv:1912.08854",Propositions 9--10,"{""prefactor"":1231.0}",True,implemented-product-formula,True,,"[""the resolved ordered Hamiltonian groups match the implemented formula""]",,,,,,,implemented-product-formula,True,True,0.005678616100321737,,,,,,,,,,,,,,,,,,,1.0,none,0.0,system register,1.0,89.0,137996525.0,0.0,-1.0,16421586475.0,137216884.0,analytical-model,0.0006309573444801931,,,,,,,,,,,,0.1.0,3.11.9,2.5.0,b58b31db18364511c43757e27fffc7abce8df2c1,True,ok,,
1.0,transverse_field_ising:N089,-2.2,empirical,102854.0,,,2.0,a8fa234e-a646-4911-8402-a67c302db4ae,2026-08-12T00:11:58.358108+00:00,c1ad72de628f71283ac69037e9bbe97c3e773952f5abde5eac91397ca322d1a6,resource-grid,transverse_field_ising,TFIM-89,"{""coupling"":1.0,""field"":3.0,""periodic"":false}",89,89.0,proportional,1.0,0.00630957344480193,355.0,177,trotter-p2-empirical,trotter,Trotter p=2 [empirical],empirical-operator-norm,empirical,2.0,,,,,,102854.0,,,,,,,,,,,,,,,,,,,,,,,,,,,,,,individual,177.0,0.005678550211862601,85.2137784292,empirical-operator-norm,Repository empirical operator-norm calibration study v1 (2026-08-10),reviewed calibration opnorm-v1-tfim-open-trotter-p2; artifact docs/calibration_data/empirical_1d_v1_accepted.json,"{""prefactor"":85.2137784292}",False,implemented-product-formula,False,,"[""the resolved ordered Hamiltonian groups match the implemented formula"",""the fixed formal-order powers in time and segments apply"",""the reviewed affine size calibration extrapolates as flagged""]",,,,,,,implemented-product-formula,False,False,0.005678616100321737,,,,,,,,,,,,,,,,,,,1.0,none,0.0,system register,1.0,89.0,36307462.0,0.0,-1.0,4102743206.0,36102336.0,analytical-model,0.0006309573444801931,opnorm-v1-tfim-open-trotter-p2,transverse_field_ising,affine-aN-plus-b,85.2137784292,4.0,12.0,4.0,12.0,True,True,formula,0.1.0,3.11.9,2.5.0,b58b31db18364511c43757e27fffc7abce8df2c1,True,ok,,
1.0,transverse_field_ising:N089,-2.2,commutator,12346.0,,,2.0,a8fa234e-a646-4911-8402-a67c302db4ae,2026-08-12T00:11:58.358108+00:00,c1ad72de628f71283ac69037e9bbe97c3e773952f5abde5eac91397ca322d1a6,resource-grid,transverse_field_ising,TFIM-89,"{""coupling"":1.0,""field"":3.0,""periodic"":false}",89,89.0,proportional,1.0,0.00630957344480193,355.0,177,trotter-p4,trotter,Trotter p=4,analytical,analytical,4.0,,,,,,12346.0,,,,,,,,,,,,,,,,,,,,,,,,,,,,,,commuting,2.0,0.005678355549701534,23625.316736077137,schubert-mendl-commutator,"Schubert and Mendl, arXiv:2306.10603",Theorem 1,"{""prefactor"":23625.316736077137}",True,implemented-product-formula,True,,"[""the resolved ordered Hamiltonian groups match the implemented formula""]",,,,,,,implemented-product-formula,True,True,0.005678616100321737,,,,,,,,,,,,,,,,,,,1.0,none,0.0,system register,1.0,89.0,16420180.0,0.0,-1.0,1789799620.0,16327411.0,analytical-model,0.0006309573444801931,,,,,,,,,,,,0.1.0,3.11.9,2.5.0,b58b31db18364511c43757e27fffc7abce8df2c1,True,ok,,
1.0,transverse_field_ising:N089,-2.2,empirical,2465.0,,,2.0,a8fa234e-a646-4911-8402-a67c302db4ae,2026-08-12T00:11:58.358108+00:00,c1ad72de628f71283ac69037e9bbe97c3e773952f5abde5eac91397ca322d1a6,resource-grid,transverse_field_ising,TFIM-89,"{""coupling"":1.0,""field"":3.0,""periodic"":false}",89,89.0,proportional,1.0,0.00630957344480193,355.0,177,trotter-p4-empirical,trotter,Trotter p=4 [empirical],empirical-operator-norm,empirical,4.0,,,,,,2465.0,,,,,,,,,,,,,,,,,,,,,,,,,,,,,,commuting,2.0,0.005670001874719401,37.4887417028,empirical-operator-norm,Repository empirical operator-norm calibration study v1 (2026-08-10),reviewed calibration opnorm-v1-tfim-open-trotter-p4; artifact docs/calibration_data/empirical_1d_v1_accepted.json,"{""prefactor"":37.4887417028}",False,implemented-product-formula,False,,"[""the resolved ordered Hamiltonian groups match the implemented formula"",""the fixed formal-order powers in time and segments apply"",""the reviewed affine size calibration extrapolates as flagged""]",,,,,,,implemented-product-formula,False,False,0.005678616100321737,,,,,,,,,,,,,,,,,,,1.0,none,0.0,system register,1.0,89.0,3278450.0,0.0,-1.0,334401900.0,3259928.0,analytical-model,0.0006309573444801931,opnorm-v1-tfim-open-trotter-p4,transverse_field_ising,affine-aN-plus-b,37.4887417028,4.0,12.0,4.0,12.0,True,True,formula,0.1.0,3.11.9,2.5.0,b58b31db18364511c43757e27fffc7abce8df2c1,True,ok,,
1.0,transverse_field_ising:N089,-2.2,commutator,5638.0,,,2.0,a8fa234e-a646-4911-8402-a67c302db4ae,2026-08-12T00:11:58.358108+00:00,c1ad72de628f71283ac69037e9bbe97c3e773952f5abde5eac91397ca322d1a6,resource-grid,transverse_field_ising,TFIM-89,"{""coupling"":1.0,""field"":3.0,""periodic"":false}",89,89.0,proportional,1.0,0.00630957344480193,355.0,177,trotter-p6,trotter,Trotter p=6,analytical,analytical,6.0,,,,,,5638.0,,,,,,,,,,,,,,,,,,,,,,,,,,,,,,commuting,2.0,0.005674979782947976,4120830.026684159,schubert-mendl-commutator,"Schubert and Mendl, arXiv:2306.10603",Theorem 1,"{""prefactor"":4120830.026684159}",True,implemented-product-formula,True,,"[""the resolved ordered Hamiltonian groups match the implemented formula""]",,,,,,,implemented-product-formula,True,True,0.005678616100321737,,,,,,,,,,,,,,,,,,,1.0,none,0.0,system register,1.0,89.0,37492700.0,0.0,-1.0,4236675100.0,37280877.0,analytical-model,0.0006309573444801931,,,,,,,,,,,,0.1.0,3.11.9,2.5.0,b58b31db18364511c43757e27fffc7abce8df2c1,True,ok,,
1.0,transverse_field_ising:N089,-2.2,empirical,712.0,,,2.0,a8fa234e-a646-4911-8402-a67c302db4ae,2026-08-12T00:11:58.358108+00:00,c1ad72de628f71283ac69037e9bbe97c3e773952f5abde5eac91397ca322d1a6,resource-grid,transverse_field_ising,TFIM-89,"{""coupling"":1.0,""field"":3.0,""periodic"":false}",89,89.0,proportional,1.0,0.00630957344480193,355.0,177,trotter-p6-empirical,trotter,Trotter p=6 [empirical],empirical-operator-norm,empirical,6.0,,,,,,712.0,,,,,,,,,,,,,,,,,,,,,,,,,,,,,,commuting,2.0,0.00020519860730361896,0.604399817,empirical-operator-norm,Repository empirical operator-norm calibration study v1 (2026-08-10),reviewed calibration opnorm-v1-tfim-open-trotter-p6; artifact docs/calibration_data/empirical_1d_v1_accepted.json,"{""prefactor"":0.604399817}",False,implemented-product-formula,False,,"[""the resolved ordered Hamiltonian groups match the implemented formula"",""the fixed formal-order powers in time and segments apply"",""the reviewed affine size calibration extrapolates as flagged""]",,,,,,,implemented-product-formula,False,False,0.005678616100321737,,,,,,,,,,,,,,,,,,,1.0,none,0.0,system register,1.0,89.0,4734800.0,0.0,-1.0,492419200.0,4708050.0,analytical-model,0.0006309573444801931,opnorm-v1-tfim-open-trotter-p6,transverse_field_ising,affine-aN-plus-b,0.604399817,4.0,12.0,4.0,12.0,True,True,asymptotic-domain,0.1.0,3.11.9,2.5.0,b58b31db18364511c43757e27fffc7abce8df2c1,True,ok,,
1.0,transverse_field_ising:N089,-2.2,jacobi-anger,,,,2.0,a8fa234e-a646-4911-8402-a67c302db4ae,2026-08-12T00:11:58.358108+00:00,c1ad72de628f71283ac69037e9bbe97c3e773952f5abde5eac91397ca322d1a6,resource-grid,transverse_field_ising,TFIM-89,"{""coupling"":1.0,""field"":3.0,""periodic"":false}",89,89.0,proportional,1.0,0.00630957344480193,355.0,177,qsvt,qsvt,QSVT,jacobi-anger-rigorous,analytical,,,,,,,,,,,,,,,,,,,,,,,,,,,,,,,,,,,257667.0,42945.0,,,0.0009034848808230638,,jacobi-anger-polynomial-oaa,"Martyn et al., arXiv:2105.02859, Eqs. (76)--(77)",Jacobi--Anger tails plus exact cubic OAA identity,"{""oaa-unitarity-defect-distortion"":0.00045189541322047315,""scaled-polynomial-error"":0.0004515894676025906}",True,ideal-qsvt-oaa-good-block,True,,"[""the cosine and sine polynomials are implemented exactly"",""the unamplified good block is exactly Q/2""]",,,,,,,implemented-qsvt-floating-phase-circuit,False,False,0.005678616100321737,,,,,,,,,,,,,,,,,,,2.0,one robust OAA round,1.0,"component, quadrature, and index registers all-zero",,107.0,131925516.0,369494604.0,-1.0,17177114820.0,2416144215.0,analytical-model,0.0006309573444801931,,,,,,,,,,,,0.1.0,3.11.9,2.5.0,b58b31db18364511c43757e27fffc7abce8df2c1,True,ok,,
1.0,transverse_field_ising:N089,-2.2,empirical,,8.0,112.0,2.0,a8fa234e-a646-4911-8402-a67c302db4ae,2026-08-12T00:11:58.358108+00:00,c1ad72de628f71283ac69037e9bbe97c3e773952f5abde5eac91397ca322d1a6,resource-grid,transverse_field_ising,TFIM-89,"{""coupling"":1.0,""field"":3.0,""periodic"":false}",89,89.0,proportional,1.0,0.00630957344480193,355.0,177,mpf-j-mizuta2026-theorem6-empirical-operator-norm,multiproduct,MPF J=Mizuta Theorem 6 (resolved per point) [empirical operator norm],empirical-operator-norm,empirical,,8.0,16.0,mizuta2026-theorem6,5.000000000000001,0.005678616100321737,112.0,,,,[],,,,,,,,,,,,,,,[],,,,,,,empirical-operator-norm,[],20496.0,,,,0.0010093792186199014,0.0004486551,empirical-operator-norm,Repository empirical operator-norm calibration study v1 (2026-08-10),reviewed calibration opnorm-v1-tfim-open-mpf-new-m8; fixed formal powers,"{""empirical_coefficient"":0.0004486551}",False,ideal-mpf,False,ordered individual Pauli terms,"[""the fixed formal-order powers in time and segments apply"",""the empirical estimate concerns the repeated ideal MPF operator"",""the reviewed affine size calibration extrapolates as flagged""]",,0.0,0.0,False,False,{},repeated-shared-ancilla-good-block,False,False,0.005678616100321737,new,"[1,2,3,4,5,6,11,29]","[-3.280633240950701e-11,1.38314223008236e-06,-0.00042434045620952707,0.013663236344294543,-0.0975962105352182,0.17214651362521294,-0.39147182230350597,1.3036812402160025]",1.9789847466554802,0.021015253344519813,61.0,registered-exact,True,8.0,4.0,2.0,5.0,10.0,6.0,6.0,3.0,2.0,3.0,2.0,one robust OAA round per segment,112.0,branch register all-zero,,96.0,14480256.0,11872.0,-1.0,1578395392.0,21746932.0,analytical-model,0.0006309573444801931,opnorm-v1-tfim-open-mpf-new-m8,transverse_field_ising,affine-aN-plus-b,0.0004486551,4.0,12.0,4.0,12.0,True,True,asymptotic-domain,0.1.0,3.11.9,2.5.0,b58b31db18364511c43757e27fffc7abce8df2c1,True,ok,,
1.0,transverse_field_ising:N089,-2.2,commutator,,8.0,18059.0,2.0,a8fa234e-a646-4911-8402-a67c302db4ae,2026-08-12T00:11:58.358108+00:00,c1ad72de628f71283ac69037e9bbe97c3e773952f5abde5eac91397ca322d1a6,resource-grid,transverse_field_ising,TFIM-89,"{""coupling"":1.0,""field"":3.0,""periodic"":false}",89,89.0,proportional,1.0,0.00630957344480193,355.0,177,mpf-j-mizuta2026-theorem6-mizuta2026-commutator-ideal-rigorous,multiproduct,MPF J=Mizuta Theorem 6 (resolved per point) [Mizuta 2026 refined commutator],mizuta2026-commutator-ideal-rigorous,analytical,,8.0,16.0,mizuta2026-theorem6,5.000000000000001,0.005678616100321737,18059.0,18059.0,,13402.0,"[""error""]",37.64548989958904,16.0,,,3.1267061020307784e-07,1.6599568752930325e-14,5.855888389716069e-23,1.6599568694371438e-14,1.6599568752930325e-14,3.126706268026466e-07,0.005678490428172973,1.944807358119685e-05,False,0.006640901756540274,"[1.0000000000000002,1.0000000000000002,1.0000000000000002,1.0000000000000002,1.0000000000000002,1.0000000000000002,1.0000000000000002,1.0000000000000002,1.0000000000000002,1.0000000000000002,1.0000000000000002,1.0000000000000002,1.0000000000000002,1.0000000000000002,1.0000000000000002,1.0000000000000002,1.0000000000000002,1.0000000000000002,1.0000000000000002,1.0000000000000002,1.0000000000000002,1.0000000000000002,1.0000000000000002,1.0000000000000002,1.0000000000000002,1.0000000000000002,1.0000000000000002,1.0000000000000002,1.0000000000000002,1.0000000000000002,1.0000000000000002,1.0000000000000002,1.0000000000000002,1.0000000000000002,1.0000000000000002,1.0000000000000002,1.0000000000000002,1.0000000000000002,1.0000000000000002,1.0000000000000002,1.0000000000000002,1.0000000000000002,1.0000000000000002,1.0000000000000002,1.0000000000000002,1.0000000000000002,1.0000000000000002,1.0000000000000002,1.0000000000000002,1.0000000000000002,1.0000000000000002,1.0000000000000002,1.0000000000000002,1.0000000000000002,1.0000000000000002,1.0000000000000002,1.0000000000000002,1.0000000000000002,1.0000000000000002,1.0000000000000002,1.0000000000000002,1.0000000000000002,1.0000000000000002,1.0000000000000002,1.0000000000000002,1.0000000000000002,1.0000000000000002,1.0000000000000002,1.0000000000000002,1.0000000000000002,1.0000000000000002,1.0000000000000002,1.0000000000000002,1.0000000000000002,1.0000000000000002,1.0000000000000002,1.0000000000000002,1.0000000000000002,1.0000000000000002,1.0000000000000002,1.0000000000000002,1.0000000000000002,1.0000000000000002,1.0000000000000002,1.0000000000000002,1.0000000000000002,1.0000000000000002,1.0000000000000002,1.0000000000000002,1.0000000000000002,1.0000000000000002,1.0000000000000002,1.0000000000000002,1.0000000000000002,1.0000000000000002,1.0000000000000002,1.0000000000000002,1.0000000000000002,1.0000000000000002,1.0000000000000002,1.0000000000000002,1.0000000000000002,1.0000000000000002,1.0000000000000002,1.0000000000000002,1.0000000000000002,1.0000000000000002,1.0000000000000002,1.0000000000000002,1.0000000000000002,1.0000000000000002,1.0000000000000002,1.0000000000000002,1.0000000000000002,1.0000000000000002,1.0000000000000002,1.0000000000000002,1.0000000000000002,1.0000000000000002,1.0000000000000002,1.0000000000000002,1.0000000000000002,1.0000000000000002,1.0000000000000002,1.0000000000000002,1.0000000000000002,1.0000000000000002,1.0000000000000002,1.0000000000000002,1.0000000000000002,1.0000000000000002,1.0000000000000002,1.0000000000000002,1.0000000000000002,1.0000000000000002,1.0000000000000002,1.0000000000000002,1.0000000000000002,1.0000000000000002,1.0000000000000002,1.0000000000000002,1.0000000000000002,1.0000000000000002,1.0000000000000002,1.0000000000000002,1.0000000000000002,1.0000000000000002,1.0000000000000002,1.0000000000000002,1.0000000000000002,1.0000000000000002,1.0000000000000002,1.0000000000000002,1.0000000000000002,1.0000000000000002,1.0000000000000002,1.0000000000000002,1.0000000000000002,1.0000000000000002,1.0000000000000002,1.0000000000000002,1.0000000000000002,1.0000000000000002,1.0000000000000002,1.0000000000000002,1.0000000000000002,1.0000000000000002,1.0000000000000002,1.0000000000000002,1.0000000000000002,1.0000000000000002,1.0000000000000002,1.0000000000000002,1.0000000000000002,1.0000000000000002,1.0000000000000002,1.0000000000000002]",5.0000000000000036,16.0,False,,not-used,commutator,mizuta2026-commutator-ideal-rigorous,[],3304797.0,,,,0.005678490428172973,5.239017078695717e+32,mizuta2026-commutator-ideal-rigorous,"Mizuta, Quantum 10, 1974 (2026), arXiv:2507.06557v4","Theorem 4, Eqs. (47)--(49), with direct Lemmas 9--10 BCH remainder","{""error_predicate_satisfied"":1.0,""extensiveness_g"":5.000000000000001,""joint_predicate_satisfied"":1.0,""legacy_first_condition_passed"":0.0,""legacy_first_time_limit"":1.944807358119685e-05,""local_commutator_error"":3.1267061020307784e-07,""local_step_error"":3.126706268026466e-07,""local_truncated_bch_error"":1.6599568752930325e-14,""locality_k"":2.0,""mu_upper"":37.64548989958904,""refined_lemma10_remainder"":1.6599568694371438e-14,""refined_lemma9_remainder"":5.855888389716069e-23,""refined_tail_fallback"":0.0,""repeated_global_error"":0.005678490428172973,""schedule_weighted_extensiveness"":5.0000000000000036,""second_time_limit"":0.006640901756540274,""time_2_predicate_satisfied"":1.0,""total_branchwise_bch_remainder"":1.6599568752930325e-14,""truncation_order_p0"":16.0}",True,ideal-mpf,True,ordered individual Pauli terms,"[""individual Pauli summands define the ordered H_gamma decomposition"",""the actual Strang factors define schedule-weighted g_alpha extensiveness"",""Lemma 9 and Lemma 10 positive majorants directly certify the BCH remainder"",""the scalar-flow/Cauchy refined tail certificate is used"",""Theorem 4 second time hypothesis is satisfied"",""the repeated ideal MPF is composed with the Eq. (15) telescoping argument""]",,16.0,16.0,True,False,"{""2"":2112.000000000002,""3"":33744.00000000005,""4"":437856.000000001,""5"":6996288.0000000205,""6"":95599104.00000036,""7"":1527651840.000007,""8"":21592366080.000114,""9"":345068332032.0021,""10"":4990024826880.033,""11"":79751565484032.6,""12"":1171981014171657.5,""13"":1.8732045550190756e+16,""14"":2.7853937024041222e+17,""15"":4.452212203592659e+18,""16"":6.679876190887078e+19}",repeated-shared-ancilla-good-block,True,False,0.005678616100321737,new,"[1,2,3,4,5,6,11,29]","[-3.280633240950701e-11,1.38314223008236e-06,-0.00042434045620952707,0.013663236344294543,-0.0975962105352182,0.17214651362521294,-0.39147182230350597,1.3036812402160025]",1.9789847466554802,0.021015253344519813,61.0,registered-exact,True,8.0,4.0,2.0,5.0,10.0,6.0,6.0,3.0,2.0,3.0,2.0,one robust OAA round per segment,18059.0,branch register all-zero,,96.0,2334811992.0,1914254.0,-1.0,305868027968.0,3506498584.0,analytical-model,0.0006309573444801931,,,,,,,,,,,,0.1.0,3.11.9,2.5.0,b58b31db18364511c43757e27fffc7abce8df2c1,True,ok,,
1.0,transverse_field_ising:N089,-2.3,commutator,438625.0,,,2.0,a8fa234e-a646-4911-8402-a67c302db4ae,2026-08-12T00:11:58.358108+00:00,c1ad72de628f71283ac69037e9bbe97c3e773952f5abde5eac91397ca322d1a6,resource-grid,transverse_field_ising,TFIM-89,"{""coupling"":1.0,""field"":3.0,""periodic"":false}",89,89.0,proportional,1.0,0.005011872336272725,355.0,177,trotter-p2,trotter,Trotter p=2,analytical,analytical,2.0,,,,,,438625.0,,,,,,,,,,,,,,,,,,,,,,,,,,,,,,individual,177.0,0.004510672649355593,1231.0,childs-commutator,"Childs, Su, Tran, Wiebe, and Zhu, arXiv:1912.08854",Propositions 9--10,"{""prefactor"":1231.0}",True,implemented-product-formula,True,,"[""the resolved ordered Hamiltonian groups match the implemented formula""]",,,,,,,implemented-product-formula,True,True,0.004510685102645452,,,,,,,,,,,,,,,,,,,1.0,none,0.0,system register,1.0,89.0,154834625.0,0.0,-1.0,18580155000.0,153959854.0,analytical-model,0.0005011872336272725,,,,,,,,,,,,0.1.0,3.11.9,2.5.0,b58b31db18364511c43757e27fffc7abce8df2c1,True,ok,,
1.0,transverse_field_ising:N089,-2.3,empirical,115404.0,,,2.0,a8fa234e-a646-4911-8402-a67c302db4ae,2026-08-12T00:11:58.358108+00:00,c1ad72de628f71283ac69037e9bbe97c3e773952f5abde5eac91397ca322d1a6,resource-grid,transverse_field_ising,TFIM-89,"{""coupling"":1.0,""field"":3.0,""periodic"":false}",89,89.0,proportional,1.0,0.005011872336272725,355.0,177,trotter-p2-empirical,trotter,Trotter p=2 [empirical],empirical-operator-norm,empirical,2.0,,,,,,115404.0,,,,,,,,,,,,,,,,,,,,,,,,,,,,,,individual,177.0,0.004510639496026308,85.2137784292,empirical-operator-norm,Repository empirical operator-norm calibration study v1 (2026-08-10),reviewed calibration opnorm-v1-tfim-open-trotter-p2; artifact docs/calibration_data/empirical_1d_v1_accepted.json,"{""prefactor"":85.2137784292}",False,implemented-product-formula,False,,"[""the resolved ordered Hamiltonian groups match the implemented formula"",""the fixed formal-order powers in time and segments apply"",""the reviewed affine size calibration extrapolates as flagged""]",,,,,,,implemented-product-formula,False,False,0.004510685102645452,,,,,,,,,,,,,,,,,,,1.0,none,0.0,system register,1.0,89.0,40737612.0,0.0,-1.0,4644087768.0,40507456.0,analytical-model,0.0005011872336272725,opnorm-v1-tfim-open-trotter-p2,transverse_field_ising,affine-aN-plus-b,85.2137784292,4.0,12.0,4.0,12.0,True,True,formula,0.1.0,3.11.9,2.5.0,b58b31db18364511c43757e27fffc7abce8df2c1,True,ok,,
1.0,transverse_field_ising:N089,-2.3,commutator,13078.0,,,2.0,a8fa234e-a646-4911-8402-a67c302db4ae,2026-08-12T00:11:58.358108+00:00,c1ad72de628f71283ac69037e9bbe97c3e773952f5abde5eac91397ca322d1a6,resource-grid,transverse_field_ising,TFIM-89,"{""coupling"":1.0,""field"":3.0,""periodic"":false}",89,89.0,proportional,1.0,0.005011872336272725,355.0,177,trotter-p4,trotter,Trotter p=4,analytical,analytical,4.0,,,,,,13078.0,,,,,,,,,,,,,,,,,,,,,,,,,,,,,,commuting,2.0,0.0045098525287192775,23625.316736077137,schubert-mendl-commutator,"Schubert and Mendl, arXiv:2306.10603",Theorem 1,"{""prefactor"":23625.316736077137}",True,implemented-product-formula,True,,"[""the resolved ordered Hamiltonian groups match the implemented formula""]",,,,,,,implemented-product-formula,True,True,0.004510685102645452,,,,,,,,,,,,,,,,,,,1.0,none,0.0,system register,1.0,89.0,17393740.0,0.0,-1.0,1930705140.0,17295471.0,analytical-model,0.0005011872336272725,,,,,,,,,,,,0.1.0,3.11.9,2.5.0,b58b31db18364511c43757e27fffc7abce8df2c1,True,ok,,
1.0,transverse_field_ising:N089,-2.3,empirical,2611.0,,,2.0,a8fa234e-a646-4911-8402-a67c302db4ae,2026-08-12T00:11:58.358108+00:00,c1ad72de628f71283ac69037e9bbe97c3e773952f5abde5eac91397ca322d1a6,resource-grid,transverse_field_ising,TFIM-89,"{""coupling"":1.0,""field"":3.0,""periodic"":false}",89,89.0,proportional,1.0,0.005011872336272725,355.0,177,trotter-p4-empirical,trotter,Trotter p=4 [empirical],empirical-operator-norm,empirical,4.0,,,,,,2611.0,,,,,,,,,,,,,,,,,,,,,,,,,,,,,,commuting,2.0,0.004504259566924209,37.4887417028,empirical-operator-norm,Repository empirical operator-norm calibration study v1 (2026-08-10),reviewed calibration opnorm-v1-tfim-open-trotter-p4; artifact docs/calibration_data/empirical_1d_v1_accepted.json,"{""prefactor"":37.4887417028}",False,implemented-product-formula,False,,"[""the resolved ordered Hamiltonian groups match the implemented formula"",""the fixed formal-order powers in time and segments apply"",""the reviewed affine size calibration extrapolates as flagged""]",,,,,,,implemented-product-formula,False,False,0.004510685102645452,,,,,,,,,,,,,,,,,,,1.0,none,0.0,system register,1.0,89.0,3472630.0,0.0,-1.0,361153520.0,3453011.0,analytical-model,0.0005011872336272725,opnorm-v1-tfim-open-trotter-p4,transverse_field_ising,affine-aN-plus-b,37.4887417028,4.0,12.0,4.0,12.0,True,True,formula,0.1.0,3.11.9,2.5.0,b58b31db18364511c43757e27fffc7abce8df2c1,True,ok,,
1.0,transverse_field_ising:N089,-2.3,commutator,5858.0,,,2.0,a8fa234e-a646-4911-8402-a67c302db4ae,2026-08-12T00:11:58.358108+00:00,c1ad72de628f71283ac69037e9bbe97c3e773952f5abde5eac91397ca322d1a6,resource-grid,transverse_field_ising,TFIM-89,"{""coupling"":1.0,""field"":3.0,""periodic"":false}",89,89.0,proportional,1.0,0.005011872336272725,355.0,177,trotter-p6,trotter,Trotter p=6,analytical,analytical,6.0,,,,,,5858.0,,,,,,,,,,,,,,,,,,,,,,,,,,,,,,commuting,2.0,0.004510436197122596,4120830.026684159,schubert-mendl-commutator,"Schubert and Mendl, arXiv:2306.10603",Theorem 1,"{""prefactor"":4120830.026684159}",True,implemented-product-formula,True,,"[""the resolved ordered Hamiltonian groups match the implemented formula""]",,,,,,,implemented-product-formula,True,True,0.004510685102645452,,,,,,,,,,,,,,,,,,,1.0,none,0.0,system register,1.0,89.0,38955700.0,0.0,-1.0,4440949800.0,38735612.0,analytical-model,0.0005011872336272725,,,,,,,,,,,,0.1.0,3.11.9,2.5.0,b58b31db18364511c43757e27fffc7abce8df2c1,True,ok,,
1.0,transverse_field_ising:N089,-2.3,empirical,712.0,,,2.0,a8fa234e-a646-4911-8402-a67c302db4ae,2026-08-12T00:11:58.358108+00:00,c1ad72de628f71283ac69037e9bbe97c3e773952f5abde5eac91397ca322d1a6,resource-grid,transverse_field_ising,TFIM-89,"{""coupling"":1.0,""field"":3.0,""periodic"":false}",89,89.0,proportional,1.0,0.005011872336272725,355.0,177,trotter-p6-empirical,trotter,Trotter p=6 [empirical],empirical-operator-norm,empirical,6.0,,,,,,712.0,,,,,,,,,,,,,,,,,,,,,,,,,,,,,,commuting,2.0,0.00020519860730361896,0.604399817,empirical-operator-norm,Repository empirical operator-norm calibration study v1 (2026-08-10),reviewed calibration opnorm-v1-tfim-open-trotter-p6; artifact docs/calibration_data/empirical_1d_v1_accepted.json,"{""prefactor"":0.604399817}",False,implemented-product-formula,False,,"[""the resolved ordered Hamiltonian groups match the implemented formula"",""the fixed formal-order powers in time and segments apply"",""the reviewed affine size calibration extrapolates as flagged""]",,,,,,,implemented-product-formula,False,False,0.004510685102645452,,,,,,,,,,,,,,,,,,,1.0,none,0.0,system register,1.0,89.0,4734800.0,0.0,-1.0,497154000.0,4708050.0,analytical-model,0.0005011872336272725,opnorm-v1-tfim-open-trotter-p6,transverse_field_ising,affine-aN-plus-b,0.604399817,4.0,12.0,4.0,12.0,True,True,asymptotic-domain,0.1.0,3.11.9,2.5.0,b58b31db18364511c43757e27fffc7abce8df2c1,True,ok,,
1.0,transverse_field_ising:N089,-2.3,jacobi-anger,,,,2.0,a8fa234e-a646-4911-8402-a67c302db4ae,2026-08-12T00:11:58.358108+00:00,c1ad72de628f71283ac69037e9bbe97c3e773952f5abde5eac91397ca322d1a6,resource-grid,transverse_field_ising,TFIM-89,"{""coupling"":1.0,""field"":3.0,""periodic"":false}",89,89.0,proportional,1.0,0.005011872336272725,355.0,177,qsvt,qsvt,QSVT,jacobi-anger-rigorous,analytical,,,,,,,,,,,,,,,,,,,,,,,,,,,,,,,,,,,257667.0,42945.0,,,0.0007736508426578459,,jacobi-anger-polynomial-oaa,"Martyn et al., arXiv:2105.02859, Eqs. (76)--(77)",Jacobi--Anger tails plus exact cubic OAA identity,"{""oaa-unitarity-defect-distortion"":0.0003869375961381628,""scaled-polynomial-error"":0.0003867132465196831}",True,ideal-qsvt-oaa-good-block,True,,"[""the cosine and sine polynomials are implemented exactly"",""the unamplified good block is exactly Q/2""]",,,,,,,implemented-qsvt-floating-phase-circuit,False,False,0.004510685102645452,,,,,,,,,,,,,,,,,,,2.0,one robust OAA round,1.0,"component, quadrature, and index registers all-zero",,107.0,131925516.0,369494604.0,-1.0,17309040336.0,2416144215.0,analytical-model,0.0005011872336272725,,,,,,,,,,,,0.1.0,3.11.9,2.5.0,b58b31db18364511c43757e27fffc7abce8df2c1,True,ok,,
1.0,transverse_field_ising:N089,-2.3,empirical,,8.0,112.0,2.0,a8fa234e-a646-4911-8402-a67c302db4ae,2026-08-12T00:11:58.358108+00:00,c1ad72de628f71283ac69037e9bbe97c3e773952f5abde5eac91397ca322d1a6,resource-grid,transverse_field_ising,TFIM-89,"{""coupling"":1.0,""field"":3.0,""periodic"":false}",89,89.0,proportional,1.0,0.005011872336272725,355.0,177,mpf-j-mizuta2026-theorem6-empirical-operator-norm,multiproduct,MPF J=Mizuta Theorem 6 (resolved per point) [empirical operator norm],empirical-operator-norm,empirical,,8.0,16.0,mizuta2026-theorem6,5.000000000000001,0.004510685102645452,112.0,,,,[],,,,,,,,,,,,,,,[],,,,,,,empirical-operator-norm,[],20496.0,,,,0.0010093792186199014,0.0004486551,empirical-operator-norm,Repository empirical operator-norm calibration study v1 (2026-08-10),reviewed calibration opnorm-v1-tfim-open-mpf-new-m8; fixed formal powers,"{""empirical_coefficient"":0.0004486551}",False,ideal-mpf,False,ordered individual Pauli terms,"[""the fixed formal-order powers in time and segments apply"",""the empirical estimate concerns the repeated ideal MPF operator"",""the reviewed affine size calibration extrapolates as flagged""]",,0.0,0.0,False,False,{},repeated-shared-ancilla-good-block,False,False,0.004510685102645452,new,"[1,2,3,4,5,6,11,29]","[-3.280633240950701e-11,1.38314223008236e-06,-0.00042434045620952707,0.013663236344294543,-0.0975962105352182,0.17214651362521294,-0.39147182230350597,1.3036812402160025]",1.9789847466554802,0.021015253344519813,61.0,registered-exact,True,8.0,4.0,2.0,5.0,10.0,6.0,6.0,3.0,2.0,3.0,2.0,one robust OAA round per segment,112.0,branch register all-zero,,96.0,14480256.0,11872.0,-1.0,1592875648.0,21746932.0,analytical-model,0.0005011872336272725,opnorm-v1-tfim-open-mpf-new-m8,transverse_field_ising,affine-aN-plus-b,0.0004486551,4.0,12.0,4.0,12.0,True,True,asymptotic-domain,0.1.0,3.11.9,2.5.0,b58b31db18364511c43757e27fffc7abce8df2c1,True,ok,,
1.0,transverse_field_ising:N089,-2.3,commutator,,8.0,18320.0,2.0,a8fa234e-a646-4911-8402-a67c302db4ae,2026-08-12T00:11:58.358108+00:00,c1ad72de628f71283ac69037e9bbe97c3e773952f5abde5eac91397ca322d1a6,resource-grid,transverse_field_ising,TFIM-89,"{""coupling"":1.0,""field"":3.0,""periodic"":false}",89,89.0,proportional,1.0,0.005011872336272725,355.0,177,mpf-j-mizuta2026-theorem6-mizuta2026-commutator-ideal-rigorous,multiproduct,MPF J=Mizuta Theorem 6 (resolved per point) [Mizuta 2026 refined commutator],mizuta2026-commutator-ideal-rigorous,analytical,,8.0,16.0,mizuta2026-theorem6,5.000000000000001,0.004510685102645452,18320.0,18320.0,,13402.0,"[""error""]",37.64548989958904,16.0,,,2.449892050761038e-07,1.2891693745262832e-14,4.755108034329227e-23,1.289169369771175e-14,1.2891693745262832e-14,2.449892179677976e-07,0.004508390600419103,1.944807358119685e-05,False,0.006640901756540274,"[1.0000000000000002,1.0000000000000002,1.0000000000000002,1.0000000000000002,1.0000000000000002,1.0000000000000002,1.0000000000000002,1.0000000000000002,1.0000000000000002,1.0000000000000002,1.0000000000000002,1.0000000000000002,1.0000000000000002,1.0000000000000002,1.0000000000000002,1.0000000000000002,1.0000000000000002,1.0000000000000002,1.0000000000000002,1.0000000000000002,1.0000000000000002,1.0000000000000002,1.0000000000000002,1.0000000000000002,1.0000000000000002,1.0000000000000002,1.0000000000000002,1.0000000000000002,1.0000000000000002,1.0000000000000002,1.0000000000000002,1.0000000000000002,1.0000000000000002,1.0000000000000002,1.0000000000000002,1.0000000000000002,1.0000000000000002,1.0000000000000002,1.0000000000000002,1.0000000000000002,1.0000000000000002,1.0000000000000002,1.0000000000000002,1.0000000000000002,1.0000000000000002,1.0000000000000002,1.0000000000000002,1.0000000000000002,1.0000000000000002,1.0000000000000002,1.0000000000000002,1.0000000000000002,1.0000000000000002,1.0000000000000002,1.0000000000000002,1.0000000000000002,1.0000000000000002,1.0000000000000002,1.0000000000000002,1.0000000000000002,1.0000000000000002,1.0000000000000002,1.0000000000000002,1.0000000000000002,1.0000000000000002,1.0000000000000002,1.0000000000000002,1.0000000000000002,1.0000000000000002,1.0000000000000002,1.0000000000000002,1.0000000000000002,1.0000000000000002,1.0000000000000002,1.0000000000000002,1.0000000000000002,1.0000000000000002,1.0000000000000002,1.0000000000000002,1.0000000000000002,1.0000000000000002,1.0000000000000002,1.0000000000000002,1.0000000000000002,1.0000000000000002,1.0000000000000002,1.0000000000000002,1.0000000000000002,1.0000000000000002,1.0000000000000002,1.0000000000000002,1.0000000000000002,1.0000000000000002,1.0000000000000002,1.0000000000000002,1.0000000000000002,1.0000000000000002,1.0000000000000002,1.0000000000000002,1.0000000000000002,1.0000000000000002,1.0000000000000002,1.0000000000000002,1.0000000000000002,1.0000000000000002,1.0000000000000002,1.0000000000000002,1.0000000000000002,1.0000000000000002,1.0000000000000002,1.0000000000000002,1.0000000000000002,1.0000000000000002,1.0000000000000002,1.0000000000000002,1.0000000000000002,1.0000000000000002,1.0000000000000002,1.0000000000000002,1.0000000000000002,1.0000000000000002,1.0000000000000002,1.0000000000000002,1.0000000000000002,1.0000000000000002,1.0000000000000002,1.0000000000000002,1.0000000000000002,1.0000000000000002,1.0000000000000002,1.0000000000000002,1.0000000000000002,1.0000000000000002,1.0000000000000002,1.0000000000000002,1.0000000000000002,1.0000000000000002,1.0000000000000002,1.0000000000000002,1.0000000000000002,1.0000000000000002,1.0000000000000002,1.0000000000000002,1.0000000000000002,1.0000000000000002,1.0000000000000002,1.0000000000000002,1.0000000000000002,1.0000000000000002,1.0000000000000002,1.0000000000000002,1.0000000000000002,1.0000000000000002,1.0000000000000002,1.0000000000000002,1.0000000000000002,1.0000000000000002,1.0000000000000002,1.0000000000000002,1.0000000000000002,1.0000000000000002,1.0000000000000002,1.0000000000000002,1.0000000000000002,1.0000000000000002,1.0000000000000002,1.0000000000000002,1.0000000000000002,1.0000000000000002,1.0000000000000002,1.0000000000000002,1.0000000000000002,1.0000000000000002,1.0000000000000002,1.0000000000000002,1.0000000000000002,1.0000000000000002]",5.0000000000000036,16.0,False,,not-used,commutator,mizuta2026-commutator-ideal-rigorous,[],3352560.0,,,,0.004508390600419103,5.239017078695717e+32,mizuta2026-commutator-ideal-rigorous,"Mizuta, Quantum 10, 1974 (2026), arXiv:2507.06557v4","Theorem 4, Eqs. (47)--(49), with direct Lemmas 9--10 BCH remainder","{""error_predicate_satisfied"":1.0,""extensiveness_g"":5.000000000000001,""joint_predicate_satisfied"":1.0,""legacy_first_condition_passed"":0.0,""legacy_first_time_limit"":1.944807358119685e-05,""local_commutator_error"":2.449892050761038e-07,""local_step_error"":2.449892179677976e-07,""local_truncated_bch_error"":1.2891693745262832e-14,""locality_k"":2.0,""mu_upper"":37.64548989958904,""refined_lemma10_remainder"":1.289169369771175e-14,""refined_lemma9_remainder"":4.755108034329227e-23,""refined_tail_fallback"":0.0,""repeated_global_error"":0.004508390600419103,""schedule_weighted_extensiveness"":5.0000000000000036,""second_time_limit"":0.006640901756540274,""time_2_predicate_satisfied"":1.0,""total_branchwise_bch_remainder"":1.2891693745262832e-14,""truncation_order_p0"":16.0}",True,ideal-mpf,True,ordered individual Pauli terms,"[""individual Pauli summands define the ordered H_gamma decomposition"",""the actual Strang factors define schedule-weighted g_alpha extensiveness"",""Lemma 9 and Lemma 10 positive majorants directly certify the BCH remainder"",""the scalar-flow/Cauchy refined tail certificate is used"",""Theorem 4 second time hypothesis is satisfied"",""the repeated ideal MPF is composed with the Eq. (15) telescoping argument""]",,16.0,16.0,True,False,"{""2"":2112.000000000002,""3"":33744.00000000005,""4"":437856.000000001,""5"":6996288.0000000205,""6"":95599104.00000036,""7"":1527651840.000007,""8"":21592366080.000114,""9"":345068332032.0021,""10"":4990024826880.033,""11"":79751565484032.6,""12"":1171981014171657.5,""13"":1.8732045550190756e+16,""14"":2.7853937024041222e+17,""15"":4.452212203592659e+18,""16"":6.679876190887078e+19}",repeated-shared-ancilla-good-block,True,False,0.004510685102645452,new,"[1,2,3,4,5,6,11,29]","[-3.280633240950701e-11,1.38314223008236e-06,-0.00042434045620952707,0.013663236344294543,-0.0975962105352182,0.17214651362521294,-0.39147182230350597,1.3036812402160025]",1.9789847466554802,0.021015253344519813,61.0,registered-exact,True,8.0,4.0,2.0,5.0,10.0,6.0,6.0,3.0,2.0,3.0,2.0,one robust OAA round per segment,18320.0,branch register all-zero,,96.0,2368556160.0,1941920.0,-1.0,312657180800.0,3557176702.0,analytical-model,0.0005011872336272725,,,,,,,,,,,,0.1.0,3.11.9,2.5.0,b58b31db18364511c43757e27fffc7abce8df2c1,True,ok,,
1.0,transverse_field_ising:N089,-2.4,commutator,492145.0,,,2.0,a8fa234e-a646-4911-8402-a67c302db4ae,2026-08-12T00:11:58.358108+00:00,c1ad72de628f71283ac69037e9bbe97c3e773952f5abde5eac91397ca322d1a6,resource-grid,transverse_field_ising,TFIM-89,"{""coupling"":1.0,""field"":3.0,""periodic"":false}",89,89.0,proportional,1.0,0.003981071705534973,355.0,177,trotter-p2,trotter,Trotter p=2,analytical,analytical,2.0,,,,,,492145.0,,,,,,,,,,,,,,,,,,,,,,,,,,,,,,individual,177.0,0.0035829596593631246,1231.0,childs-commutator,"Childs, Su, Tran, Wiebe, and Zhu, arXiv:1912.08854",Propositions 9--10,"{""prefactor"":1231.0}",True,implemented-product-formula,True,,"[""the resolved ordered Hamiltonian groups match the implemented formula""]",,,,,,,implemented-product-formula,True,True,0.0035829645349814763,,,,,,,,,,,,,,,,,,,1.0,none,0.0,system register,1.0,89.0,173727185.0,0.0,-1.0,21194716570.0,172745676.0,analytical-model,0.00039810717055349735,,,,,,,,,,,,0.1.0,3.11.9,2.5.0,b58b31db18364511c43757e27fffc7abce8df2c1,True,ok,,
1.0,transverse_field_ising:N089,-2.4,empirical,129485.0,,,2.0,a8fa234e-a646-4911-8402-a67c302db4ae,2026-08-12T00:11:58.358108+00:00,c1ad72de628f71283ac69037e9bbe97c3e773952f5abde5eac91397ca322d1a6,resource-grid,transverse_field_ising,TFIM-89,"{""coupling"":1.0,""field"":3.0,""periodic"":false}",89,89.0,proportional,1.0,0.003981071705534973,355.0,177,trotter-p2-empirical,trotter,Trotter p=2 [empirical],empirical-operator-norm,empirical,2.0,,,,,,129485.0,,,,,,,,,,,,,,,,,,,,,,,,,,,,,,individual,177.0,0.003582951424431625,85.2137784292,empirical-operator-norm,Repository empirical operator-norm calibration study v1 (2026-08-10),reviewed calibration opnorm-v1-tfim-open-trotter-p2; artifact docs/calibration_data/empirical_1d_v1_accepted.json,"{""prefactor"":85.2137784292}",False,implemented-product-formula,False,,"[""the resolved ordered Hamiltonian groups match the implemented formula"",""the fixed formal-order powers in time and segments apply"",""the reviewed affine size calibration extrapolates as flagged""]",,,,,,,implemented-product-formula,False,False,0.0035829645349814763,,,,,,,,,,,,,,,,,,,1.0,none,0.0,system register,1.0,89.0,45708205.0,0.0,-1.0,5302151780.0,45449967.0,analytical-model,0.00039810717055349735,opnorm-v1-tfim-open-trotter-p2,transverse_field_ising,affine-aN-plus-b,85.2137784292,4.0,12.0,4.0,12.0,True,True,formula,0.1.0,3.11.9,2.5.0,b58b31db18364511c43757e27fffc7abce8df2c1,True,ok,,
1.0,transverse_field_ising:N089,-2.4,commutator,13853.0,,,2.0,a8fa234e-a646-4911-8402-a67c302db4ae,2026-08-12T00:11:58.358108+00:00,c1ad72de628f71283ac69037e9bbe97c3e773952f5abde5eac91397ca322d1a6,resource-grid,transverse_field_ising,TFIM-89,"{""coupling"":1.0,""field"":3.0,""periodic"":false}",89,89.0,proportional,1.0,0.003981071705534973,355.0,177,trotter-p4,trotter,Trotter p=4,analytical,analytical,4.0,,,,,,13853.0,,,,,,,,,,,,,,,,,,,,,,,,,,,,,,commuting,2.0,0.003582220673983479,23625.316736077137,schubert-mendl-commutator,"Schubert and Mendl, arXiv:2306.10603",Theorem 1,"{""prefactor"":23625.316736077137}",True,implemented-product-formula,True,,"[""the resolved ordered Hamiltonian groups match the implemented formula""]",,,,,,,implemented-product-formula,True,True,0.0035829645349814763,,,,,,,,,,,,,,,,,,,1.0,none,0.0,system register,1.0,89.0,18424490.0,0.0,-1.0,2063542880.0,18320397.0,analytical-model,0.00039810717055349735,,,,,,,,,,,,0.1.0,3.11.9,2.5.0,b58b31db18364511c43757e27fffc7abce8df2c1,True,ok,,
1.0,transverse_field_ising:N089,-2.4,empirical,2765.0,,,2.0,a8fa234e-a646-4911-8402-a67c302db4ae,2026-08-12T00:11:58.358108+00:00,c1ad72de628f71283ac69037e9bbe97c3e773952f5abde5eac91397ca322d1a6,resource-grid,transverse_field_ising,TFIM-89,"{""coupling"":1.0,""field"":3.0,""periodic"":false}",89,89.0,proportional,1.0,0.003981071705534973,355.0,177,trotter-p4-empirical,trotter,Trotter p=4 [empirical],empirical-operator-norm,empirical,4.0,,,,,,2765.0,,,,,,,,,,,,,,,,,,,,,,,,,,,,,,commuting,2.0,0.0035815445232892803,37.4887417028,empirical-operator-norm,Repository empirical operator-norm calibration study v1 (2026-08-10),reviewed calibration opnorm-v1-tfim-open-trotter-p4; artifact docs/calibration_data/empirical_1d_v1_accepted.json,"{""prefactor"":37.4887417028}",False,implemented-product-formula,False,,"[""the resolved ordered Hamiltonian groups match the implemented formula"",""the fixed formal-order powers in time and segments apply"",""the reviewed affine size calibration extrapolates as flagged""]",,,,,,,implemented-product-formula,False,False,0.0035829645349814763,,,,,,,,,,,,,,,,,,,1.0,none,0.0,system register,1.0,89.0,3677450.0,0.0,-1.0,386132250.0,3656674.0,analytical-model,0.00039810717055349735,opnorm-v1-tfim-open-trotter-p4,transverse_field_ising,affine-aN-plus-b,37.4887417028,4.0,12.0,4.0,12.0,True,True,formula,0.1.0,3.11.9,2.5.0,b58b31db18364511c43757e27fffc7abce8df2c1,True,ok,,
1.0,transverse_field_ising:N089,-2.4,commutator,6088.0,,,2.0,a8fa234e-a646-4911-8402-a67c302db4ae,2026-08-12T00:11:58.358108+00:00,c1ad72de628f71283ac69037e9bbe97c3e773952f5abde5eac91397ca322d1a6,resource-grid,transverse_field_ising,TFIM-89,"{""coupling"":1.0,""field"":3.0,""periodic"":false}",89,89.0,proportional,1.0,0.003981071705534973,355.0,177,trotter-p6,trotter,Trotter p=6,analytical,analytical,6.0,,,,,,6088.0,,,,,,,,,,,,,,,,,,,,,,,,,,,,,,commuting,2.0,0.003579866945570625,4120830.026684159,schubert-mendl-commutator,"Schubert and Mendl, arXiv:2306.10603",Theorem 1,"{""prefactor"":4120830.026684159}",True,implemented-product-formula,True,,"[""the resolved ordered Hamiltonian groups match the implemented formula""]",,,,,,,implemented-product-formula,True,True,0.0035829645349814763,,,,,,,,,,,,,,,,,,,1.0,none,0.0,system register,1.0,89.0,40485200.0,0.0,-1.0,4655798000.0,40256471.0,analytical-model,0.00039810717055349735,,,,,,,,,,,,0.1.0,3.11.9,2.5.0,b58b31db18364511c43757e27fffc7abce8df2c1,True,ok,,
1.0,transverse_field_ising:N089,-2.4,empirical,712.0,,,2.0,a8fa234e-a646-4911-8402-a67c302db4ae,2026-08-12T00:11:58.358108+00:00,c1ad72de628f71283ac69037e9bbe97c3e773952f5abde5eac91397ca322d1a6,resource-grid,transverse_field_ising,TFIM-89,"{""coupling"":1.0,""field"":3.0,""periodic"":false}",89,89.0,proportional,1.0,0.003981071705534973,355.0,177,trotter-p6-empirical,trotter,Trotter p=6 [empirical],empirical-operator-norm,empirical,6.0,,,,,,712.0,,,,,,,,,,,,,,,,,,,,,,,,,,,,,,commuting,2.0,0.00020519860730361896,0.604399817,empirical-operator-norm,Repository empirical operator-norm calibration study v1 (2026-08-10),reviewed calibration opnorm-v1-tfim-open-trotter-p6; artifact docs/calibration_data/empirical_1d_v1_accepted.json,"{""prefactor"":0.604399817}",False,implemented-product-formula,False,,"[""the resolved ordered Hamiltonian groups match the implemented formula"",""the fixed formal-order powers in time and segments apply"",""the reviewed affine size calibration extrapolates as flagged""]",,,,,,,implemented-product-formula,False,False,0.0035829645349814763,,,,,,,,,,,,,,,,,,,1.0,none,0.0,system register,1.0,89.0,4734800.0,0.0,-1.0,501888800.0,4708050.0,analytical-model,0.00039810717055349735,opnorm-v1-tfim-open-trotter-p6,transverse_field_ising,affine-aN-plus-b,0.604399817,4.0,12.0,4.0,12.0,True,True,asymptotic-domain,0.1.0,3.11.9,2.5.0,b58b31db18364511c43757e27fffc7abce8df2c1,True,ok,,
1.0,transverse_field_ising:N089,-2.4,jacobi-anger,,,,2.0,a8fa234e-a646-4911-8402-a67c302db4ae,2026-08-12T00:11:58.358108+00:00,c1ad72de628f71283ac69037e9bbe97c3e773952f5abde5eac91397ca322d1a6,resource-grid,transverse_field_ising,TFIM-89,"{""coupling"":1.0,""field"":3.0,""periodic"":false}",89,89.0,proportional,1.0,0.003981071705534973,355.0,177,qsvt,qsvt,QSVT,jacobi-anger-rigorous,analytical,,,,,,,,,,,,,,,,,,,,,,,,,,,,,,,,,,,257667.0,42945.0,,,0.0006705290022127671,,jacobi-anger-polynomial-oaa,"Martyn et al., arXiv:2105.02859, Eqs. (76)--(77)",Jacobi--Anger tails plus exact cubic OAA identity,"{""oaa-unitarity-defect-distortion"":0.0003353487698615247,""scaled-polynomial-error"":0.0003351802323512424}",True,ideal-qsvt-oaa-good-block,True,,"[""the cosine and sine polynomials are implemented exactly"",""the unamplified good block is exactly Q/2""]",,,,,,,implemented-qsvt-floating-phase-circuit,False,False,0.0035829645349814763,,,,,,,,,,,,,,,,,,,2.0,one robust OAA round,1.0,"component, quadrature, and index registers all-zero",,107.0,131925516.0,369494604.0,-1.0,17440965852.0,2416144215.0,analytical-model,0.00039810717055349735,,,,,,,,,,,,0.1.0,3.11.9,2.5.0,b58b31db18364511c43757e27fffc7abce8df2c1,True,ok,,
1.0,transverse_field_ising:N089,-2.4,empirical,,9.0,,2.0,a8fa234e-a646-4911-8402-a67c302db4ae,2026-08-12T00:11:58.358108+00:00,c1ad72de628f71283ac69037e9bbe97c3e773952f5abde5eac91397ca322d1a6,resource-grid,transverse_field_ising,TFIM-89,"{""coupling"":1.0,""field"":3.0,""periodic"":false}",89,89.0,proportional,1.0,0.003981071705534973,355.0,177,mpf-j-mizuta2026-theorem6-empirical-operator-norm,multiproduct,MPF J=Mizuta Theorem 6 (resolved per point) [empirical operator norm],empirical-operator-norm,,,9.0,18.0,mizuta2026-theorem6,5.000000000000001,0.0035829645349814763,,,,,,,,,,,,,,,,,,,,,,,,,,,,,,,,,,,,,,,,,,,,,,,,,,,,,0.0035829645349814763,,,,,,,,,,,,,,,,,,,,,,,,,,,,,,,,,,,,,,,,,,,0.1.0,3.11.9,2.5.0,b58b31db18364511c43757e27fffc7abce8df2c1,True,missing_empirical,UnsupportedEmpiricalCalibrationError,"no reviewed empirical operator-norm calibration for method=multiproduct, formal_order=18, model=transverse_field_ising, parameters={'coupling': 1.0, 'field': 3.0, 'periodic': False}, boundary=open, partition=None, schedule='new', formula='ordered-individual-pauli-strang-mpf-v1'"
1.0,transverse_field_ising:N089,-2.4,commutator,,9.0,72834.0,2.0,a8fa234e-a646-4911-8402-a67c302db4ae,2026-08-12T00:11:58.358108+00:00,c1ad72de628f71283ac69037e9bbe97c3e773952f5abde5eac91397ca322d1a6,resource-grid,transverse_field_ising,TFIM-89,"{""coupling"":1.0,""field"":3.0,""periodic"":false}",89,89.0,proportional,1.0,0.003981071705534973,355.0,177,mpf-j-mizuta2026-theorem6-mizuta2026-commutator-ideal-rigorous,multiproduct,MPF J=Mizuta Theorem 6 (resolved per point) [Mizuta 2026 refined commutator],mizuta2026-commutator-ideal-rigorous,analytical,,9.0,18.0,mizuta2026-theorem6,5.000000000000001,0.0035829645349814763,72834.0,72834.0,,54448.0,"[""error""]",152.94129384106031,18.0,,,4.901085822296702e-08,5.713678357411955e-28,1.2456855742379333e-41,5.71367835741183e-28,5.713678357411955e-28,4.9010858222967026e-08,0.0035824218921045726,1.7287176516619422e-05,False,0.0016346141301760207,"[1.0000000000000002,1.0000000000000002,1.0000000000000002,1.0000000000000002,1.0000000000000002,1.0000000000000002,1.0000000000000002,1.0000000000000002,1.0000000000000002,1.0000000000000002,1.0000000000000002,1.0000000000000002,1.0000000000000002,1.0000000000000002,1.0000000000000002,1.0000000000000002,1.0000000000000002,1.0000000000000002,1.0000000000000002,1.0000000000000002,1.0000000000000002,1.0000000000000002,1.0000000000000002,1.0000000000000002,1.0000000000000002,1.0000000000000002,1.0000000000000002,1.0000000000000002,1.0000000000000002,1.0000000000000002,1.0000000000000002,1.0000000000000002,1.0000000000000002,1.0000000000000002,1.0000000000000002,1.0000000000000002,1.0000000000000002,1.0000000000000002,1.0000000000000002,1.0000000000000002,1.0000000000000002,1.0000000000000002,1.0000000000000002,1.0000000000000002,1.0000000000000002,1.0000000000000002,1.0000000000000002,1.0000000000000002,1.0000000000000002,1.0000000000000002,1.0000000000000002,1.0000000000000002,1.0000000000000002,1.0000000000000002,1.0000000000000002,1.0000000000000002,1.0000000000000002,1.0000000000000002,1.0000000000000002,1.0000000000000002,1.0000000000000002,1.0000000000000002,1.0000000000000002,1.0000000000000002,1.0000000000000002,1.0000000000000002,1.0000000000000002,1.0000000000000002,1.0000000000000002,1.0000000000000002,1.0000000000000002,1.0000000000000002,1.0000000000000002,1.0000000000000002,1.0000000000000002,1.0000000000000002,1.0000000000000002,1.0000000000000002,1.0000000000000002,1.0000000000000002,1.0000000000000002,1.0000000000000002,1.0000000000000002,1.0000000000000002,1.0000000000000002,1.0000000000000002,1.0000000000000002,1.0000000000000002,1.0000000000000002,1.0000000000000002,1.0000000000000002,1.0000000000000002,1.0000000000000002,1.0000000000000002,1.0000000000000002,1.0000000000000002,1.0000000000000002,1.0000000000000002,1.0000000000000002,1.0000000000000002,1.0000000000000002,1.0000000000000002,1.0000000000000002,1.0000000000000002,1.0000000000000002,1.0000000000000002,1.0000000000000002,1.0000000000000002,1.0000000000000002,1.0000000000000002,1.0000000000000002,1.0000000000000002,1.0000000000000002,1.0000000000000002,1.0000000000000002,1.0000000000000002,1.0000000000000002,1.0000000000000002,1.0000000000000002,1.0000000000000002,1.0000000000000002,1.0000000000000002,1.0000000000000002,1.0000000000000002,1.0000000000000002,1.0000000000000002,1.0000000000000002,1.0000000000000002,1.0000000000000002,1.0000000000000002,1.0000000000000002,1.0000000000000002,1.0000000000000002,1.0000000000000002,1.0000000000000002,1.0000000000000002,1.0000000000000002,1.0000000000000002,1.0000000000000002,1.0000000000000002,1.0000000000000002,1.0000000000000002,1.0000000000000002,1.0000000000000002,1.0000000000000002,1.0000000000000002,1.0000000000000002,1.0000000000000002,1.0000000000000002,1.0000000000000002,1.0000000000000002,1.0000000000000002,1.0000000000000002,1.0000000000000002,1.0000000000000002,1.0000000000000002,1.0000000000000002,1.0000000000000002,1.0000000000000002,1.0000000000000002,1.0000000000000002,1.0000000000000002,1.0000000000000002,1.0000000000000002,1.0000000000000002,1.0000000000000002,1.0000000000000002,1.0000000000000002,1.0000000000000002,1.0000000000000002,1.0000000000000002,1.0000000000000002,1.0000000000000002,1.0000000000000002,1.0000000000000002,1.0000000000000002,1.0000000000000002]",5.0000000000000036,17.0,True,exact commutator transition cap reached; locality bound used,not-used,commutator,mizuta2026-commutator-ideal-rigorous,[],17480160.0,,,,0.0035824218921045726,1.087004283473059e+48,mizuta2026-commutator-ideal-rigorous,"Mizuta, Quantum 10, 1974 (2026), arXiv:2507.06557v4","Theorem 4, Eqs. (47)--(49), with direct Lemmas 9--10 BCH remainder","{""error_predicate_satisfied"":1.0,""extensiveness_g"":5.000000000000001,""joint_predicate_satisfied"":1.0,""legacy_first_condition_passed"":0.0,""legacy_first_time_limit"":1.7287176516619422e-05,""local_commutator_error"":4.901085822296702e-08,""local_step_error"":4.9010858222967026e-08,""local_truncated_bch_error"":5.713678357411955e-28,""locality_k"":2.0,""mu_upper"":152.94129384106031,""refined_lemma10_remainder"":5.71367835741183e-28,""refined_lemma9_remainder"":1.2456855742379333e-41,""refined_tail_fallback"":0.0,""repeated_global_error"":0.0035824218921045726,""schedule_weighted_extensiveness"":5.0000000000000036,""second_time_limit"":0.0016346141301760207,""time_2_predicate_satisfied"":1.0,""total_branchwise_bch_remainder"":5.713678357411955e-28,""truncation_order_p0"":18.0}",True,ideal-mpf,True,ordered individual Pauli terms,"[""individual Pauli summands define the ordered H_gamma decomposition"",""the actual Strang factors define schedule-weighted g_alpha extensiveness"",""Lemma 9 and Lemma 10 positive majorants directly certify the BCH remainder"",""the scalar-flow/Cauchy refined tail certificate is used"",""Theorem 4 second time hypothesis is satisfied"",""the repeated ideal MPF is composed with the Eq. (15) telescoping argument""]","exact Pauli recurrence would require 269217 transitions at order 18, above cap 250000; remaining orders use Mizuta 2026 Eq. (8)",18.0,17.0,True,True,"{""2"":2112.000000000002,""3"":33744.00000000005,""4"":437856.000000001,""5"":6996288.0000000205,""6"":95599104.00000036,""7"":1527651840.000007,""8"":21592366080.000114,""9"":345068332032.0021,""10"":4990024826880.033,""11"":79751565484032.6,""12"":1171981014171657.5,""13"":1.8732045550190756e+16,""14"":2.7853937024041222e+17,""15"":4.452212203592659e+18,""16"":6.679876190887078e+19,""17"":1.0677736568554049e+21,""18"":2.0746194846052442e+39}",repeated-shared-ancilla-good-block,True,False,0.0035829645349814763,new,"[1,2,3,4,5,6,8,14,37]","[1.967691252631999e-13,-3.445506091008736e-08,2.544222523112307e-05,-0.0016199636587070087,0.021324279661958864,-0.07100801545469856,0.14994672471728007,-0.4079534241993221,1.3092849911631212]",1.9611628755355768,0.03883712446442322,80.0,registered-exact,True,9.0,4.0,2.0,5.0,11.0,5.0,6.0,3.0,2.0,3.0,2.0,one robust OAA round per segment,72834.0,branch register all-zero,,96.0,12347548020.0,8375910.0,-1.0,1728690226440.0,18534239572.0,analytical-model,0.00039810717055349735,,,,,,,,,,,,0.1.0,3.11.9,2.5.0,b58b31db18364511c43757e27fffc7abce8df2c1,True,ok,,
1.0,transverse_field_ising:N089,-2.5,commutator,552196.0,,,2.0,a8fa234e-a646-4911-8402-a67c302db4ae,2026-08-12T00:11:58.358108+00:00,c1ad72de628f71283ac69037e9bbe97c3e773952f5abde5eac91397ca322d1a6,resource-grid,transverse_field_ising,TFIM-89,"{""coupling"":1.0,""field"":3.0,""periodic"":false}",89,89.0,proportional,1.0,0.0031622776601683794,355.0,177,trotter-p2,trotter,Trotter p=2,analytical,analytical,2.0,,,,,,552196.0,,,,,,,,,,,,,,,,,,,,,,,,,,,,,,individual,177.0,0.002846043673047409,1231.0,childs-commutator,"Childs, Su, Tran, Wiebe, and Zhu, arXiv:1912.08854",Propositions 9--10,"{""prefactor"":1231.0}",True,implemented-product-formula,True,,"[""the resolved ordered Hamiltonian groups match the implemented formula""]",,,,,,,implemented-product-formula,True,True,0.0028460498941515417,,,,,,,,,,,,,,,,,,,1.0,none,0.0,system register,1.0,89.0,194925188.0,0.0,-1.0,23975798124.0,193823916.0,analytical-model,0.00031622776601683794,,,,,,,,,,,,0.1.0,3.11.9,2.5.0,b58b31db18364511c43757e27fffc7abce8df2c1,True,ok,,
1.0,transverse_field_ising:N089,-2.5,empirical,145285.0,,,2.0,a8fa234e-a646-4911-8402-a67c302db4ae,2026-08-12T00:11:58.358108+00:00,c1ad72de628f71283ac69037e9bbe97c3e773952f5abde5eac91397ca322d1a6,resource-grid,transverse_field_ising,TFIM-89,"{""coupling"":1.0,""field"":3.0,""periodic"":false}",89,89.0,proportional,1.0,0.0031622776601683794,355.0,177,trotter-p2-empirical,trotter,Trotter p=2 [empirical],empirical-operator-norm,empirical,2.0,,,,,,145285.0,,,,,,,,,,,,,,,,,,,,,,,,,,,,,,individual,177.0,0.0028460222240419713,85.2137784292,empirical-operator-norm,Repository empirical operator-norm calibration study v1 (2026-08-10),reviewed calibration opnorm-v1-tfim-open-trotter-p2; artifact docs/calibration_data/empirical_1d_v1_accepted.json,"{""prefactor"":85.2137784292}",False,implemented-product-formula,False,,"[""the resolved ordered Hamiltonian groups match the implemented formula"",""the fixed formal-order powers in time and segments apply"",""the reviewed affine size calibration extrapolates as flagged""]",,,,,,,implemented-product-formula,False,False,0.0028460498941515417,,,,,,,,,,,,,,,,,,,1.0,none,0.0,system register,1.0,89.0,51285605.0,0.0,-1.0,6000415785.0,50995856.0,analytical-model,0.00031622776601683794,opnorm-v1-tfim-open-trotter-p2,transverse_field_ising,affine-aN-plus-b,85.2137784292,4.0,12.0,4.0,12.0,True,True,formula,0.1.0,3.11.9,2.5.0,b58b31db18364511c43757e27fffc7abce8df2c1,True,ok,,
1.0,transverse_field_ising:N089,-2.5,commutator,14674.0,,,2.0,a8fa234e-a646-4911-8402-a67c302db4ae,2026-08-12T00:11:58.358108+00:00,c1ad72de628f71283ac69037e9bbe97c3e773952f5abde5eac91397ca322d1a6,resource-grid,transverse_field_ising,TFIM-89,"{""coupling"":1.0,""field"":3.0,""periodic"":false}",89,89.0,proportional,1.0,0.0031622776601683794,355.0,177,trotter-p4,trotter,Trotter p=4,analytical,analytical,4.0,,,,,,14674.0,,,,,,,,,,,,,,,,,,,,,,,,,,,,,,commuting,2.0,0.0028453363616399658,23625.316736077137,schubert-mendl-commutator,"Schubert and Mendl, arXiv:2306.10603",Theorem 1,"{""prefactor"":23625.316736077137}",True,implemented-product-formula,True,,"[""the resolved ordered Hamiltonian groups match the implemented formula""]",,,,,,,implemented-product-formula,True,True,0.0028460498941515417,,,,,,,,,,,,,,,,,,,1.0,none,0.0,system register,1.0,89.0,19516420.0,0.0,-1.0,2205355460.0,19406158.0,analytical-model,0.00031622776601683794,,,,,,,,,,,,0.1.0,3.11.9,2.5.0,b58b31db18364511c43757e27fffc7abce8df2c1,True,ok,,
1.0,transverse_field_ising:N089,-2.5,empirical,2929.0,,,2.0,a8fa234e-a646-4911-8402-a67c302db4ae,2026-08-12T00:11:58.358108+00:00,c1ad72de628f71283ac69037e9bbe97c3e773952f5abde5eac91397ca322d1a6,resource-grid,transverse_field_ising,TFIM-89,"{""coupling"":1.0,""field"":3.0,""periodic"":false}",89,89.0,proportional,1.0,0.0031622776601683794,355.0,177,trotter-p4-empirical,trotter,Trotter p=4 [empirical],empirical-operator-norm,empirical,4.0,,,,,,2929.0,,,,,,,,,,,,,,,,,,,,,,,,,,,,,,commuting,2.0,0.002844286959950543,37.4887417028,empirical-operator-norm,Repository empirical operator-norm calibration study v1 (2026-08-10),reviewed calibration opnorm-v1-tfim-open-trotter-p4; artifact docs/calibration_data/empirical_1d_v1_accepted.json,"{""prefactor"":37.4887417028}",False,implemented-product-formula,False,,"[""the resolved ordered Hamiltonian groups match the implemented formula"",""the fixed formal-order powers in time and segments apply"",""the reviewed affine size calibration extrapolates as flagged""]",,,,,,,implemented-product-formula,False,False,0.0028460498941515417,,,,,,,,,,,,,,,,,,,1.0,none,0.0,system register,1.0,89.0,3895570.0,0.0,-1.0,412930420.0,3873562.0,analytical-model,0.00031622776601683794,opnorm-v1-tfim-open-trotter-p4,transverse_field_ising,affine-aN-plus-b,37.4887417028,4.0,12.0,4.0,12.0,True,True,formula,0.1.0,3.11.9,2.5.0,b58b31db18364511c43757e27fffc7abce8df2c1,True,ok,,
1.0,transverse_field_ising:N089,-2.5,commutator,6326.0,,,2.0,a8fa234e-a646-4911-8402-a67c302db4ae,2026-08-12T00:11:58.358108+00:00,c1ad72de628f71283ac69037e9bbe97c3e773952f5abde5eac91397ca322d1a6,resource-grid,transverse_field_ising,TFIM-89,"{""coupling"":1.0,""field"":3.0,""periodic"":false}",89,89.0,proportional,1.0,0.0031622776601683794,355.0,177,trotter-p6,trotter,Trotter p=6,analytical,analytical,6.0,,,,,,6326.0,,,,,,,,,,,,,,,,,,,,,,,,,,,,,,commuting,2.0,0.00284406568519888,4120830.026684159,schubert-mendl-commutator,"Schubert and Mendl, arXiv:2306.10603",Theorem 1,"{""prefactor"":4120830.026684159}",True,implemented-product-formula,True,,"[""the resolved ordered Hamiltonian groups match the implemented formula""]",,,,,,,implemented-product-formula,True,True,0.0028460498941515417,,,,,,,,,,,,,,,,,,,1.0,none,0.0,system register,1.0,89.0,42067900.0,0.0,-1.0,4921944300.0,41830229.0,analytical-model,0.00031622776601683794,,,,,,,,,,,,0.1.0,3.11.9,2.5.0,b58b31db18364511c43757e27fffc7abce8df2c1,True,ok,,
1.0,transverse_field_ising:N089,-2.5,empirical,712.0,,,2.0,a8fa234e-a646-4911-8402-a67c302db4ae,2026-08-12T00:11:58.358108+00:00,c1ad72de628f71283ac69037e9bbe97c3e773952f5abde5eac91397ca322d1a6,resource-grid,transverse_field_ising,TFIM-89,"{""coupling"":1.0,""field"":3.0,""periodic"":false}",89,89.0,proportional,1.0,0.0031622776601683794,355.0,177,trotter-p6-empirical,trotter,Trotter p=6 [empirical],empirical-operator-norm,empirical,6.0,,,,,,712.0,,,,,,,,,,,,,,,,,,,,,,,,,,,,,,commuting,2.0,0.00020519860730361896,0.604399817,empirical-operator-norm,Repository empirical operator-norm calibration study v1 (2026-08-10),reviewed calibration opnorm-v1-tfim-open-trotter-p6; artifact docs/calibration_data/empirical_1d_v1_accepted.json,"{""prefactor"":0.604399817}",False,implemented-product-formula,False,,"[""the resolved ordered Hamiltonian groups match the implemented formula"",""the fixed formal-order powers in time and segments apply"",""the reviewed affine size calibration extrapolates as flagged""]",,,,,,,implemented-product-formula,False,False,0.0028460498941515417,,,,,,,,,,,,,,,,,,,1.0,none,0.0,system register,1.0,89.0,4734800.0,0.0,-1.0,506623600.0,4708050.0,analytical-model,0.00031622776601683794,opnorm-v1-tfim-open-trotter-p6,transverse_field_ising,affine-aN-plus-b,0.604399817,4.0,12.0,4.0,12.0,True,True,asymptotic-domain,0.1.0,3.11.9,2.5.0,b58b31db18364511c43757e27fffc7abce8df2c1,True,ok,,
1.0,transverse_field_ising:N089,-2.5,jacobi-anger,,,,2.0,a8fa234e-a646-4911-8402-a67c302db4ae,2026-08-12T00:11:58.358108+00:00,c1ad72de628f71283ac69037e9bbe97c3e773952f5abde5eac91397ca322d1a6,resource-grid,transverse_field_ising,TFIM-89,"{""coupling"":1.0,""field"":3.0,""periodic"":false}",89,89.0,proportional,1.0,0.0031622776601683794,355.0,177,qsvt,qsvt,QSVT,jacobi-anger-rigorous,analytical,,,,,,,,,,,,,,,,,,,,,,,,,,,,,,,,,,,257667.0,42945.0,,,0.0005886220922466152,,jacobi-anger-polynomial-oaa,"Martyn et al., arXiv:2105.02859, Eqs. (76)--(77)",Jacobi--Anger tails plus exact cubic OAA identity,"{""oaa-unitarity-defect-distortion"":0.0002943759880696886,""scaled-polynomial-error"":0.0002942461041769266}",True,ideal-qsvt-oaa-good-block,True,,"[""the cosine and sine polynomials are implemented exactly"",""the unamplified good block is exactly Q/2""]",,,,,,,implemented-qsvt-floating-phase-circuit,False,False,0.0028460498941515417,,,,,,,,,,,,,,,,,,,2.0,one robust OAA round,1.0,"component, quadrature, and index registers all-zero",,107.0,131925516.0,369494604.0,-1.0,17572891368.0,2416144215.0,analytical-model,0.00031622776601683794,,,,,,,,,,,,0.1.0,3.11.9,2.5.0,b58b31db18364511c43757e27fffc7abce8df2c1,True,ok,,
1.0,transverse_field_ising:N089,-2.5,empirical,,9.0,,2.0,a8fa234e-a646-4911-8402-a67c302db4ae,2026-08-12T00:11:58.358108+00:00,c1ad72de628f71283ac69037e9bbe97c3e773952f5abde5eac91397ca322d1a6,resource-grid,transverse_field_ising,TFIM-89,"{""coupling"":1.0,""field"":3.0,""periodic"":false}",89,89.0,proportional,1.0,0.0031622776601683794,355.0,177,mpf-j-mizuta2026-theorem6-empirical-operator-norm,multiproduct,MPF J=Mizuta Theorem 6 (resolved per point) [empirical operator norm],empirical-operator-norm,,,9.0,18.0,mizuta2026-theorem6,5.000000000000001,0.0028460498941515417,,,,,,,,,,,,,,,,,,,,,,,,,,,,,,,,,,,,,,,,,,,,,,,,,,,,,0.0028460498941515417,,,,,,,,,,,,,,,,,,,,,,,,,,,,,,,,,,,,,,,,,,,0.1.0,3.11.9,2.5.0,b58b31db18364511c43757e27fffc7abce8df2c1,True,missing_empirical,UnsupportedEmpiricalCalibrationError,"no reviewed empirical operator-norm calibration for method=multiproduct, formal_order=18, model=transverse_field_ising, parameters={'coupling': 1.0, 'field': 3.0, 'periodic': False}, boundary=open, partition=None, schedule='new', formula='ordered-individual-pauli-strang-mpf-v1'"
1.0,transverse_field_ising:N089,-2.5,commutator,,9.0,73769.0,2.0,a8fa234e-a646-4911-8402-a67c302db4ae,2026-08-12T00:11:58.358108+00:00,c1ad72de628f71283ac69037e9bbe97c3e773952f5abde5eac91397ca322d1a6,resource-grid,transverse_field_ising,TFIM-89,"{""coupling"":1.0,""field"":3.0,""periodic"":false}",89,89.0,proportional,1.0,0.0031622776601683794,355.0,177,mpf-j-mizuta2026-theorem6-mizuta2026-commutator-ideal-rigorous,multiproduct,MPF J=Mizuta Theorem 6 (resolved per point) [Mizuta 2026 refined commutator],mizuta2026-commutator-ideal-rigorous,analytical,,9.0,18.0,mizuta2026-theorem6,5.000000000000001,0.0028460498941515417,73769.0,73769.0,,54448.0,"[""error""]",152.94129384106031,18.0,,,3.846248611587382e-08,4.47729868906714e-28,9.77351765272245e-42,4.4772986890670415e-28,4.47729868906714e-28,3.846248611587383e-08,0.0028454009538704554,1.7287176516619422e-05,False,0.0016346141301760207,"[1.0000000000000002,1.0000000000000002,1.0000000000000002,1.0000000000000002,1.0000000000000002,1.0000000000000002,1.0000000000000002,1.0000000000000002,1.0000000000000002,1.0000000000000002,1.0000000000000002,1.0000000000000002,1.0000000000000002,1.0000000000000002,1.0000000000000002,1.0000000000000002,1.0000000000000002,1.0000000000000002,1.0000000000000002,1.0000000000000002,1.0000000000000002,1.0000000000000002,1.0000000000000002,1.0000000000000002,1.0000000000000002,1.0000000000000002,1.0000000000000002,1.0000000000000002,1.0000000000000002,1.0000000000000002,1.0000000000000002,1.0000000000000002,1.0000000000000002,1.0000000000000002,1.0000000000000002,1.0000000000000002,1.0000000000000002,1.0000000000000002,1.0000000000000002,1.0000000000000002,1.0000000000000002,1.0000000000000002,1.0000000000000002,1.0000000000000002,1.0000000000000002,1.0000000000000002,1.0000000000000002,1.0000000000000002,1.0000000000000002,1.0000000000000002,1.0000000000000002,1.0000000000000002,1.0000000000000002,1.0000000000000002,1.0000000000000002,1.0000000000000002,1.0000000000000002,1.0000000000000002,1.0000000000000002,1.0000000000000002,1.0000000000000002,1.0000000000000002,1.0000000000000002,1.0000000000000002,1.0000000000000002,1.0000000000000002,1.0000000000000002,1.0000000000000002,1.0000000000000002,1.0000000000000002,1.0000000000000002,1.0000000000000002,1.0000000000000002,1.0000000000000002,1.0000000000000002,1.0000000000000002,1.0000000000000002,1.0000000000000002,1.0000000000000002,1.0000000000000002,1.0000000000000002,1.0000000000000002,1.0000000000000002,1.0000000000000002,1.0000000000000002,1.0000000000000002,1.0000000000000002,1.0000000000000002,1.0000000000000002,1.0000000000000002,1.0000000000000002,1.0000000000000002,1.0000000000000002,1.0000000000000002,1.0000000000000002,1.0000000000000002,1.0000000000000002,1.0000000000000002,1.0000000000000002,1.0000000000000002,1.0000000000000002,1.0000000000000002,1.0000000000000002,1.0000000000000002,1.0000000000000002,1.0000000000000002,1.0000000000000002,1.0000000000000002,1.0000000000000002,1.0000000000000002,1.0000000000000002,1.0000000000000002,1.0000000000000002,1.0000000000000002,1.0000000000000002,1.0000000000000002,1.0000000000000002,1.0000000000000002,1.0000000000000002,1.0000000000000002,1.0000000000000002,1.0000000000000002,1.0000000000000002,1.0000000000000002,1.0000000000000002,1.0000000000000002,1.0000000000000002,1.0000000000000002,1.0000000000000002,1.0000000000000002,1.0000000000000002,1.0000000000000002,1.0000000000000002,1.0000000000000002,1.0000000000000002,1.0000000000000002,1.0000000000000002,1.0000000000000002,1.0000000000000002,1.0000000000000002,1.0000000000000002,1.0000000000000002,1.0000000000000002,1.0000000000000002,1.0000000000000002,1.0000000000000002,1.0000000000000002,1.0000000000000002,1.0000000000000002,1.0000000000000002,1.0000000000000002,1.0000000000000002,1.0000000000000002,1.0000000000000002,1.0000000000000002,1.0000000000000002,1.0000000000000002,1.0000000000000002,1.0000000000000002,1.0000000000000002,1.0000000000000002,1.0000000000000002,1.0000000000000002,1.0000000000000002,1.0000000000000002,1.0000000000000002,1.0000000000000002,1.0000000000000002,1.0000000000000002,1.0000000000000002,1.0000000000000002,1.0000000000000002,1.0000000000000002,1.0000000000000002,1.0000000000000002,1.0000000000000002,1.0000000000000002]",5.0000000000000036,17.0,True,exact commutator transition cap reached; locality bound used,not-used,commutator,mizuta2026-commutator-ideal-rigorous,[],17704560.0,,,,0.0028454009538704554,1.087004283473059e+48,mizuta2026-commutator-ideal-rigorous,"Mizuta, Quantum 10, 1974 (2026), arXiv:2507.06557v4","Theorem 4, Eqs. (47)--(49), with direct Lemmas 9--10 BCH remainder","{""error_predicate_satisfied"":1.0,""extensiveness_g"":5.000000000000001,""joint_predicate_satisfied"":1.0,""legacy_first_condition_passed"":0.0,""legacy_first_time_limit"":1.7287176516619422e-05,""local_commutator_error"":3.846248611587382e-08,""local_step_error"":3.846248611587383e-08,""local_truncated_bch_error"":4.47729868906714e-28,""locality_k"":2.0,""mu_upper"":152.94129384106031,""refined_lemma10_remainder"":4.4772986890670415e-28,""refined_lemma9_remainder"":9.77351765272245e-42,""refined_tail_fallback"":0.0,""repeated_global_error"":0.0028454009538704554,""schedule_weighted_extensiveness"":5.0000000000000036,""second_time_limit"":0.0016346141301760207,""time_2_predicate_satisfied"":1.0,""total_branchwise_bch_remainder"":4.47729868906714e-28,""truncation_order_p0"":18.0}",True,ideal-mpf,True,ordered individual Pauli terms,"[""individual Pauli summands define the ordered H_gamma decomposition"",""the actual Strang factors define schedule-weighted g_alpha extensiveness"",""Lemma 9 and Lemma 10 positive majorants directly certify the BCH remainder"",""the scalar-flow/Cauchy refined tail certificate is used"",""Theorem 4 second time hypothesis is satisfied"",""the repeated ideal MPF is composed with the Eq. (15) telescoping argument""]","exact Pauli recurrence would require 269217 transitions at order 18, above cap 250000; remaining orders use Mizuta 2026 Eq. (8)",18.0,17.0,True,True,"{""2"":2112.000000000002,""3"":33744.00000000005,""4"":437856.000000001,""5"":6996288.0000000205,""6"":95599104.00000036,""7"":1527651840.000007,""8"":21592366080.000114,""9"":345068332032.0021,""10"":4990024826880.033,""11"":79751565484032.6,""12"":1171981014171657.5,""13"":1.8732045550190756e+16,""14"":2.7853937024041222e+17,""15"":4.452212203592659e+18,""16"":6.679876190887078e+19,""17"":1.0677736568554049e+21,""18"":2.0746194846052442e+39}",repeated-shared-ancilla-good-block,True,False,0.0028460498941515417,new,"[1,2,3,4,5,6,8,14,37]","[1.967691252631999e-13,-3.445506091008736e-08,2.544222523112307e-05,-0.0016199636587070087,0.021324279661958864,-0.07100801545469856,0.14994672471728007,-0.4079534241993221,1.3092849911631212]",1.9611628755355768,0.03883712446442322,80.0,registered-exact,True,9.0,4.0,2.0,5.0,11.0,5.0,6.0,3.0,2.0,3.0,2.0,one robust OAA round per segment,73769.0,branch register all-zero,,96.0,12506058570.0,8483435.0,-1.0,1775894250680.0,18772171225.0,analytical-model,0.00031622776601683794,,,,,,,,,,,,0.1.0,3.11.9,2.5.0,b58b31db18364511c43757e27fffc7abce8df2c1,True,ok,,
1.0,transverse_field_ising:N089,-2.6,commutator,619574.0,,,2.0,a8fa234e-a646-4911-8402-a67c302db4ae,2026-08-12T00:11:58.358108+00:00,c1ad72de628f71283ac69037e9bbe97c3e773952f5abde5eac91397ca322d1a6,resource-grid,transverse_field_ising,TFIM-89,"{""coupling"":1.0,""field"":3.0,""periodic"":false}",89,89.0,proportional,1.0,0.0025118864315095794,355.0,177,trotter-p2,trotter,Trotter p=2,analytical,analytical,2.0,,,,,,619574.0,,,,,,,,,,,,,,,,,,,,,,,,,,,,,,individual,177.0,0.0022606935939709907,1231.0,childs-commutator,"Childs, Su, Tran, Wiebe, and Zhu, arXiv:1912.08854",Propositions 9--10,"{""prefactor"":1231.0}",True,implemented-product-formula,True,,"[""the resolved ordered Hamiltonian groups match the implemented formula""]",,,,,,,implemented-product-formula,True,True,0.0022606977883586218,,,,,,,,,,,,,,,,,,,1.0,none,0.0,system register,1.0,89.0,218709622.0,0.0,-1.0,27338702750.0,217473975.0,analytical-model,0.00025118864315095795,,,,,,,,,,,,0.1.0,3.11.9,2.5.0,b58b31db18364511c43757e27fffc7abce8df2c1,True,ok,,
1.0,transverse_field_ising:N089,-2.6,empirical,163012.0,,,2.0,a8fa234e-a646-4911-8402-a67c302db4ae,2026-08-12T00:11:58.358108+00:00,c1ad72de628f71283ac69037e9bbe97c3e773952f5abde5eac91397ca322d1a6,resource-grid,transverse_field_ising,TFIM-89,"{""coupling"":1.0,""field"":3.0,""periodic"":false}",89,89.0,proportional,1.0,0.0025118864315095794,355.0,177,trotter-p2-empirical,trotter,Trotter p=2 [empirical],empirical-operator-norm,empirical,2.0,,,,,,163012.0,,,,,,,,,,,,,,,,,,,,,,,,,,,,,,individual,177.0,0.0022606883219993203,85.2137784292,empirical-operator-norm,Repository empirical operator-norm calibration study v1 (2026-08-10),reviewed calibration opnorm-v1-tfim-open-trotter-p2; artifact docs/calibration_data/empirical_1d_v1_accepted.json,"{""prefactor"":85.2137784292}",False,implemented-product-formula,False,,"[""the resolved ordered Hamiltonian groups match the implemented formula"",""the fixed formal-order powers in time and segments apply"",""the reviewed affine size calibration extrapolates as flagged""]",,,,,,,implemented-product-formula,False,False,0.0022606977883586218,,,,,,,,,,,,,,,,,,,1.0,none,0.0,system register,1.0,89.0,57543236.0,0.0,-1.0,6847645084.0,57218133.0,analytical-model,0.00025118864315095795,opnorm-v1-tfim-open-trotter-p2,transverse_field_ising,affine-aN-plus-b,85.2137784292,4.0,12.0,4.0,12.0,True,True,formula,0.1.0,3.11.9,2.5.0,b58b31db18364511c43757e27fffc7abce8df2c1,True,ok,,
1.0,transverse_field_ising:N089,-2.6,commutator,15543.0,,,2.0,a8fa234e-a646-4911-8402-a67c302db4ae,2026-08-12T00:11:58.358108+00:00,c1ad72de628f71283ac69037e9bbe97c3e773952f5abde5eac91397ca322d1a6,resource-grid,transverse_field_ising,TFIM-89,"{""coupling"":1.0,""field"":3.0,""periodic"":false}",89,89.0,proportional,1.0,0.0025118864315095794,355.0,177,trotter-p4,trotter,Trotter p=4,analytical,analytical,4.0,,,,,,15543.0,,,,,,,,,,,,,,,,,,,,,,,,,,,,,,commuting,2.0,0.002260415542626779,23625.316736077137,schubert-mendl-commutator,"Schubert and Mendl, arXiv:2306.10603",Theorem 1,"{""prefactor"":23625.316736077137}",True,implemented-product-formula,True,,"[""the resolved ordered Hamiltonian groups match the implemented formula""]",,,,,,,implemented-product-formula,True,True,0.0022606977883586218,,,,,,,,,,,,,,,,,,,1.0,none,0.0,system register,1.0,89.0,20672190.0,0.0,-1.0,2356629660.0,20555398.0,analytical-model,0.00025118864315095795,,,,,,,,,,,,0.1.0,3.11.9,2.5.0,b58b31db18364511c43757e27fffc7abce8df2c1,True,ok,,
1.0,transverse_field_ising:N089,-2.6,empirical,3103.0,,,2.0,a8fa234e-a646-4911-8402-a67c302db4ae,2026-08-12T00:11:58.358108+00:00,c1ad72de628f71283ac69037e9bbe97c3e773952f5abde5eac91397ca322d1a6,resource-grid,transverse_field_ising,TFIM-89,"{""coupling"":1.0,""field"":3.0,""periodic"":false}",89,89.0,proportional,1.0,0.0025118864315095794,355.0,177,trotter-p4-empirical,trotter,Trotter p=4 [empirical],empirical-operator-norm,empirical,4.0,,,,,,3103.0,,,,,,,,,,,,,,,,,,,,,,,,,,,,,,commuting,2.0,0.002257999256585509,37.4887417028,empirical-operator-norm,Repository empirical operator-norm calibration study v1 (2026-08-10),reviewed calibration opnorm-v1-tfim-open-trotter-p4; artifact docs/calibration_data/empirical_1d_v1_accepted.json,"{""prefactor"":37.4887417028}",False,implemented-product-formula,False,,"[""the resolved ordered Hamiltonian groups match the implemented formula"",""the fixed formal-order powers in time and segments apply"",""the reviewed affine size calibration extrapolates as flagged""]",,,,,,,implemented-product-formula,False,False,0.0022606977883586218,,,,,,,,,,,,,,,,,,,1.0,none,0.0,system register,1.0,89.0,4126990.0,0.0,-1.0,441587930.0,4103674.0,analytical-model,0.00025118864315095795,opnorm-v1-tfim-open-trotter-p4,transverse_field_ising,affine-aN-plus-b,37.4887417028,4.0,12.0,4.0,12.0,True,True,formula,0.1.0,3.11.9,2.5.0,b58b31db18364511c43757e27fffc7abce8df2c1,True,ok,,
1.0,transverse_field_ising:N089,-2.6,commutator,6573.0,,,2.0,a8fa234e-a646-4911-8402-a67c302db4ae,2026-08-12T00:11:58.358108+00:00,c1ad72de628f71283ac69037e9bbe97c3e773952f5abde5eac91397ca322d1a6,resource-grid,transverse_field_ising,TFIM-89,"{""coupling"":1.0,""field"":3.0,""periodic"":false}",89,89.0,proportional,1.0,0.0025118864315095794,355.0,177,trotter-p6,trotter,Trotter p=6,analytical,analytical,6.0,,,,,,6573.0,,,,,,,,,,,,,,,,,,,,,,,,,,,,,,commuting,2.0,0.0022601275762246177,4120830.026684159,schubert-mendl-commutator,"Schubert and Mendl, arXiv:2306.10603",Theorem 1,"{""prefactor"":4120830.026684159}",True,implemented-product-formula,True,,"[""the resolved ordered Hamiltonian groups match the implemented formula""]",,,,,,,implemented-product-formula,True,True,0.0022606977883586218,,,,,,,,,,,,,,,,,,,1.0,none,0.0,system register,1.0,89.0,43710450.0,0.0,-1.0,5157833100.0,43463499.0,analytical-model,0.00025118864315095795,,,,,,,,,,,,0.1.0,3.11.9,2.5.0,b58b31db18364511c43757e27fffc7abce8df2c1,True,ok,,
1.0,transverse_field_ising:N089,-2.6,empirical,712.0,,,2.0,a8fa234e-a646-4911-8402-a67c302db4ae,2026-08-12T00:11:58.358108+00:00,c1ad72de628f71283ac69037e9bbe97c3e773952f5abde5eac91397ca322d1a6,resource-grid,transverse_field_ising,TFIM-89,"{""coupling"":1.0,""field"":3.0,""periodic"":false}",89,89.0,proportional,1.0,0.0025118864315095794,355.0,177,trotter-p6-empirical,trotter,Trotter p=6 [empirical],empirical-operator-norm,empirical,6.0,,,,,,712.0,,,,,,,,,,,,,,,,,,,,,,,,,,,,,,commuting,2.0,0.00020519860730361896,0.604399817,empirical-operator-norm,Repository empirical operator-norm calibration study v1 (2026-08-10),reviewed calibration opnorm-v1-tfim-open-trotter-p6; artifact docs/calibration_data/empirical_1d_v1_accepted.json,"{""prefactor"":0.604399817}",False,implemented-product-formula,False,,"[""the resolved ordered Hamiltonian groups match the implemented formula"",""the fixed formal-order powers in time and segments apply"",""the reviewed affine size calibration extrapolates as flagged""]",,,,,,,implemented-product-formula,False,False,0.0022606977883586218,,,,,,,,,,,,,,,,,,,1.0,none,0.0,system register,1.0,89.0,4734800.0,0.0,-1.0,511358400.0,4708050.0,analytical-model,0.00025118864315095795,opnorm-v1-tfim-open-trotter-p6,transverse_field_ising,affine-aN-plus-b,0.604399817,4.0,12.0,4.0,12.0,True,True,asymptotic-domain,0.1.0,3.11.9,2.5.0,b58b31db18364511c43757e27fffc7abce8df2c1,True,ok,,
1.0,transverse_field_ising:N089,-2.6,jacobi-anger,,,,2.0,a8fa234e-a646-4911-8402-a67c302db4ae,2026-08-12T00:11:58.358108+00:00,c1ad72de628f71283ac69037e9bbe97c3e773952f5abde5eac91397ca322d1a6,resource-grid,transverse_field_ising,TFIM-89,"{""coupling"":1.0,""field"":3.0,""periodic"":false}",89,89.0,proportional,1.0,0.0025118864315095794,355.0,177,qsvt,qsvt,QSVT,jacobi-anger-rigorous,analytical,,,,,,,,,,,,,,,,,,,,,,,,,,,,,,,,,,,257667.0,42945.0,,,0.0005235647044242158,,jacobi-anger-polynomial-oaa,"Martyn et al., arXiv:2105.02859, Eqs. (76)--(77)",Jacobi--Anger tails plus exact cubic OAA identity,"{""oaa-unitarity-defect-distortion"":0.00026183373402010517,""scaled-polynomial-error"":0.00026173097040411064}",True,ideal-qsvt-oaa-good-block,True,,"[""the cosine and sine polynomials are implemented exactly"",""the unamplified good block is exactly Q/2""]",,,,,,,implemented-qsvt-floating-phase-circuit,False,False,0.0022606977883586218,,,,,,,,,,,,,,,,,,,2.0,one robust OAA round,1.0,"component, quadrature, and index registers all-zero",,107.0,131925516.0,369494604.0,-1.0,17704816884.0,2416144215.0,analytical-model,0.00025118864315095795,,,,,,,,,,,,0.1.0,3.11.9,2.5.0,b58b31db18364511c43757e27fffc7abce8df2c1,True,ok,,
1.0,transverse_field_ising:N089,-2.6,empirical,,9.0,,2.0,a8fa234e-a646-4911-8402-a67c302db4ae,2026-08-12T00:11:58.358108+00:00,c1ad72de628f71283ac69037e9bbe97c3e773952f5abde5eac91397ca322d1a6,resource-grid,transverse_field_ising,TFIM-89,"{""coupling"":1.0,""field"":3.0,""periodic"":false}",89,89.0,proportional,1.0,0.0025118864315095794,355.0,177,mpf-j-mizuta2026-theorem6-empirical-operator-norm,multiproduct,MPF J=Mizuta Theorem 6 (resolved per point) [empirical operator norm],empirical-operator-norm,,,9.0,18.0,mizuta2026-theorem6,5.000000000000001,0.0022606977883586218,,,,,,,,,,,,,,,,,,,,,,,,,,,,,,,,,,,,,,,,,,,,,,,,,,,,,0.0022606977883586218,,,,,,,,,,,,,,,,,,,,,,,,,,,,,,,,,,,,,,,,,,,0.1.0,3.11.9,2.5.0,b58b31db18364511c43757e27fffc7abce8df2c1,True,missing_empirical,UnsupportedEmpiricalCalibrationError,"no reviewed empirical operator-norm calibration for method=multiproduct, formal_order=18, model=transverse_field_ising, parameters={'coupling': 1.0, 'field': 3.0, 'periodic': False}, boundary=open, partition=None, schedule='new', formula='ordered-individual-pauli-strang-mpf-v1'"
1.0,transverse_field_ising:N089,-2.6,commutator,,9.0,74716.0,2.0,a8fa234e-a646-4911-8402-a67c302db4ae,2026-08-12T00:11:58.358108+00:00,c1ad72de628f71283ac69037e9bbe97c3e773952f5abde5eac91397ca322d1a6,resource-grid,transverse_field_ising,TFIM-89,"{""coupling"":1.0,""field"":3.0,""periodic"":false}",89,89.0,proportional,1.0,0.0025118864315095794,355.0,177,mpf-j-mizuta2026-theorem6-mizuta2026-commutator-ideal-rigorous,multiproduct,MPF J=Mizuta Theorem 6 (resolved per point) [Mizuta 2026 refined commutator],mizuta2026-commutator-ideal-rigorous,analytical,,9.0,18.0,mizuta2026-theorem6,5.000000000000001,0.0022606977883586218,74716.0,74716.0,,54448.0,"[""error""]",152.94129384106031,18.0,,,3.018441244826671e-08,3.508534301431168e-28,7.66822823741885e-42,3.5085343014310907e-28,3.508534301431168e-28,3.0184412448266717e-08,0.002260350423007132,1.7287176516619422e-05,False,0.0016346141301760207,"[1.0000000000000002,1.0000000000000002,1.0000000000000002,1.0000000000000002,1.0000000000000002,1.0000000000000002,1.0000000000000002,1.0000000000000002,1.0000000000000002,1.0000000000000002,1.0000000000000002,1.0000000000000002,1.0000000000000002,1.0000000000000002,1.0000000000000002,1.0000000000000002,1.0000000000000002,1.0000000000000002,1.0000000000000002,1.0000000000000002,1.0000000000000002,1.0000000000000002,1.0000000000000002,1.0000000000000002,1.0000000000000002,1.0000000000000002,1.0000000000000002,1.0000000000000002,1.0000000000000002,1.0000000000000002,1.0000000000000002,1.0000000000000002,1.0000000000000002,1.0000000000000002,1.0000000000000002,1.0000000000000002,1.0000000000000002,1.0000000000000002,1.0000000000000002,1.0000000000000002,1.0000000000000002,1.0000000000000002,1.0000000000000002,1.0000000000000002,1.0000000000000002,1.0000000000000002,1.0000000000000002,1.0000000000000002,1.0000000000000002,1.0000000000000002,1.0000000000000002,1.0000000000000002,1.0000000000000002,1.0000000000000002,1.0000000000000002,1.0000000000000002,1.0000000000000002,1.0000000000000002,1.0000000000000002,1.0000000000000002,1.0000000000000002,1.0000000000000002,1.0000000000000002,1.0000000000000002,1.0000000000000002,1.0000000000000002,1.0000000000000002,1.0000000000000002,1.0000000000000002,1.0000000000000002,1.0000000000000002,1.0000000000000002,1.0000000000000002,1.0000000000000002,1.0000000000000002,1.0000000000000002,1.0000000000000002,1.0000000000000002,1.0000000000000002,1.0000000000000002,1.0000000000000002,1.0000000000000002,1.0000000000000002,1.0000000000000002,1.0000000000000002,1.0000000000000002,1.0000000000000002,1.0000000000000002,1.0000000000000002,1.0000000000000002,1.0000000000000002,1.0000000000000002,1.0000000000000002,1.0000000000000002,1.0000000000000002,1.0000000000000002,1.0000000000000002,1.0000000000000002,1.0000000000000002,1.0000000000000002,1.0000000000000002,1.0000000000000002,1.0000000000000002,1.0000000000000002,1.0000000000000002,1.0000000000000002,1.0000000000000002,1.0000000000000002,1.0000000000000002,1.0000000000000002,1.0000000000000002,1.0000000000000002,1.0000000000000002,1.0000000000000002,1.0000000000000002,1.0000000000000002,1.0000000000000002,1.0000000000000002,1.0000000000000002,1.0000000000000002,1.0000000000000002,1.0000000000000002,1.0000000000000002,1.0000000000000002,1.0000000000000002,1.0000000000000002,1.0000000000000002,1.0000000000000002,1.0000000000000002,1.0000000000000002,1.0000000000000002,1.0000000000000002,1.0000000000000002,1.0000000000000002,1.0000000000000002,1.0000000000000002,1.0000000000000002,1.0000000000000002,1.0000000000000002,1.0000000000000002,1.0000000000000002,1.0000000000000002,1.0000000000000002,1.0000000000000002,1.0000000000000002,1.0000000000000002,1.0000000000000002,1.0000000000000002,1.0000000000000002,1.0000000000000002,1.0000000000000002,1.0000000000000002,1.0000000000000002,1.0000000000000002,1.0000000000000002,1.0000000000000002,1.0000000000000002,1.0000000000000002,1.0000000000000002,1.0000000000000002,1.0000000000000002,1.0000000000000002,1.0000000000000002,1.0000000000000002,1.0000000000000002,1.0000000000000002,1.0000000000000002,1.0000000000000002,1.0000000000000002,1.0000000000000002,1.0000000000000002,1.0000000000000002,1.0000000000000002,1.0000000000000002,1.0000000000000002,1.0000000000000002,1.0000000000000002]",5.0000000000000036,17.0,True,exact commutator transition cap reached; locality bound used,not-used,commutator,mizuta2026-commutator-ideal-rigorous,[],17931840.0,,,,0.002260350423007132,1.087004283473059e+48,mizuta2026-commutator-ideal-rigorous,"Mizuta, Quantum 10, 1974 (2026), arXiv:2507.06557v4","Theorem 4, Eqs. (47)--(49), with direct Lemmas 9--10 BCH remainder","{""error_predicate_satisfied"":1.0,""extensiveness_g"":5.000000000000001,""joint_predicate_satisfied"":1.0,""legacy_first_condition_passed"":0.0,""legacy_first_time_limit"":1.7287176516619422e-05,""local_commutator_error"":3.018441244826671e-08,""local_step_error"":3.0184412448266717e-08,""local_truncated_bch_error"":3.508534301431168e-28,""locality_k"":2.0,""mu_upper"":152.94129384106031,""refined_lemma10_remainder"":3.5085343014310907e-28,""refined_lemma9_remainder"":7.66822823741885e-42,""refined_tail_fallback"":0.0,""repeated_global_error"":0.002260350423007132,""schedule_weighted_extensiveness"":5.0000000000000036,""second_time_limit"":0.0016346141301760207,""time_2_predicate_satisfied"":1.0,""total_branchwise_bch_remainder"":3.508534301431168e-28,""truncation_order_p0"":18.0}",True,ideal-mpf,True,ordered individual Pauli terms,"[""individual Pauli summands define the ordered H_gamma decomposition"",""the actual Strang factors define schedule-weighted g_alpha extensiveness"",""Lemma 9 and Lemma 10 positive majorants directly certify the BCH remainder"",""the scalar-flow/Cauchy refined tail certificate is used"",""Theorem 4 second time hypothesis is satisfied"",""the repeated ideal MPF is composed with the Eq. (15) telescoping argument""]","exact Pauli recurrence would require 269217 transitions at order 18, above cap 250000; remaining orders use Mizuta 2026 Eq. (8)",18.0,17.0,True,True,"{""2"":2112.000000000002,""3"":33744.00000000005,""4"":437856.000000001,""5"":6996288.0000000205,""6"":95599104.00000036,""7"":1527651840.000007,""8"":21592366080.000114,""9"":345068332032.0021,""10"":4990024826880.033,""11"":79751565484032.6,""12"":1171981014171657.5,""13"":1.8732045550190756e+16,""14"":2.7853937024041222e+17,""15"":4.452212203592659e+18,""16"":6.679876190887078e+19,""17"":1.0677736568554049e+21,""18"":2.0746194846052442e+39}",repeated-shared-ancilla-good-block,True,False,0.0022606977883586218,new,"[1,2,3,4,5,6,8,14,37]","[1.967691252631999e-13,-3.445506091008736e-08,2.544222523112307e-05,-0.0016199636587070087,0.021324279661958864,-0.07100801545469856,0.14994672471728007,-0.4079534241993221,1.3092849911631212]",1.9611628755355768,0.03883712446442322,80.0,registered-exact,True,9.0,4.0,2.0,5.0,11.0,5.0,6.0,3.0,2.0,3.0,2.0,one robust OAA round per segment,74716.0,branch register all-zero,,96.0,12666603480.0,8592340.0,-1.0,1811358667000.0,19013156546.0,analytical-model,0.00025118864315095795,,,,,,,,,,,,0.1.0,3.11.9,2.5.0,b58b31db18364511c43757e27fffc7abce8df2c1,True,ok,,
1.0,transverse_field_ising:N089,-2.7,commutator,695173.0,,,2.0,a8fa234e-a646-4911-8402-a67c302db4ae,2026-08-12T00:11:58.358108+00:00,c1ad72de628f71283ac69037e9bbe97c3e773952f5abde5eac91397ca322d1a6,resource-grid,transverse_field_ising,TFIM-89,"{""coupling"":1.0,""field"":3.0,""periodic"":false}",89,89.0,proportional,1.0,0.001995262314968879,355.0,177,trotter-p2,trotter,Trotter p=2,analytical,analytical,2.0,,,,,,695173.0,,,,,,,,,,,,,,,,,,,,,,,,,,,,,,individual,177.0,0.0017957351375744747,1231.0,childs-commutator,"Childs, Su, Tran, Wiebe, and Zhu, arXiv:1912.08854",Propositions 9--10,"{""prefactor"":1231.0}",True,implemented-product-formula,True,,"[""the resolved ordered Hamiltonian groups match the implemented formula""]",,,,,,,implemented-product-formula,True,True,0.001795736083471991,,,,,,,,,,,,,,,,,,,1.0,none,0.0,system register,1.0,89.0,245396069.0,0.0,-1.0,30919904694.0,244009651.0,analytical-model,0.0001995262314968879,,,,,,,,,,,,0.1.0,3.11.9,2.5.0,b58b31db18364511c43757e27fffc7abce8df2c1,True,ok,,
1.0,transverse_field_ising:N089,-2.7,empirical,182903.0,,,2.0,a8fa234e-a646-4911-8402-a67c302db4ae,2026-08-12T00:11:58.358108+00:00,c1ad72de628f71283ac69037e9bbe97c3e773952f5abde5eac91397ca322d1a6,resource-grid,transverse_field_ising,TFIM-89,"{""coupling"":1.0,""field"":3.0,""periodic"":false}",89,89.0,proportional,1.0,0.001995262314968879,355.0,177,trotter-p2-empirical,trotter,Trotter p=2 [empirical],empirical-operator-norm,empirical,2.0,,,,,,182903.0,,,,,,,,,,,,,,,,,,,,,,,,,,,,,,individual,177.0,0.0017957182017121806,85.2137784292,empirical-operator-norm,Repository empirical operator-norm calibration study v1 (2026-08-10),reviewed calibration opnorm-v1-tfim-open-trotter-p2; artifact docs/calibration_data/empirical_1d_v1_accepted.json,"{""prefactor"":85.2137784292}",False,implemented-product-formula,False,,"[""the resolved ordered Hamiltonian groups match the implemented formula"",""the fixed formal-order powers in time and segments apply"",""the reviewed affine size calibration extrapolates as flagged""]",,,,,,,implemented-product-formula,False,False,0.001795736083471991,,,,,,,,,,,,,,,,,,,1.0,none,0.0,system register,1.0,89.0,64564759.0,0.0,-1.0,7747771080.0,64199987.0,analytical-model,0.0001995262314968879,opnorm-v1-tfim-open-trotter-p2,transverse_field_ising,affine-aN-plus-b,85.2137784292,4.0,12.0,4.0,12.0,True,True,formula,0.1.0,3.11.9,2.5.0,b58b31db18364511c43757e27fffc7abce8df2c1,True,ok,,
1.0,transverse_field_ising:N089,-2.7,commutator,16464.0,,,2.0,a8fa234e-a646-4911-8402-a67c302db4ae,2026-08-12T00:11:58.358108+00:00,c1ad72de628f71283ac69037e9bbe97c3e773952f5abde5eac91397ca322d1a6,resource-grid,transverse_field_ising,TFIM-89,"{""coupling"":1.0,""field"":3.0,""periodic"":false}",89,89.0,proportional,1.0,0.001995262314968879,355.0,177,trotter-p4,trotter,Trotter p=4,analytical,analytical,4.0,,,,,,16464.0,,,,,,,,,,,,,,,,,,,,,,,,,,,,,,commuting,2.0,0.0017955034469210147,23625.316736077137,schubert-mendl-commutator,"Schubert and Mendl, arXiv:2306.10603",Theorem 1,"{""prefactor"":23625.316736077137}",True,implemented-product-formula,True,,"[""the resolved ordered Hamiltonian groups match the implemented formula""]",,,,,,,implemented-product-formula,True,True,0.001795736083471991,,,,,,,,,,,,,,,,,,,1.0,none,0.0,system register,1.0,89.0,21897120.0,0.0,-1.0,2540065920.0,21773408.0,analytical-model,0.0001995262314968879,,,,,,,,,,,,0.1.0,3.11.9,2.5.0,b58b31db18364511c43757e27fffc7abce8df2c1,True,ok,,
1.0,transverse_field_ising:N089,-2.7,empirical,3286.0,,,2.0,a8fa234e-a646-4911-8402-a67c302db4ae,2026-08-12T00:11:58.358108+00:00,c1ad72de628f71283ac69037e9bbe97c3e773952f5abde5eac91397ca322d1a6,resource-grid,transverse_field_ising,TFIM-89,"{""coupling"":1.0,""field"":3.0,""periodic"":false}",89,89.0,proportional,1.0,0.001995262314968879,355.0,177,trotter-p4-empirical,trotter,Trotter p=4 [empirical],empirical-operator-norm,empirical,4.0,,,,,,3286.0,,,,,,,,,,,,,,,,,,,,,,,,,,,,,,commuting,2.0,0.00179548036669595,37.4887417028,empirical-operator-norm,Repository empirical operator-norm calibration study v1 (2026-08-10),reviewed calibration opnorm-v1-tfim-open-trotter-p4; artifact docs/calibration_data/empirical_1d_v1_accepted.json,"{""prefactor"":37.4887417028}",False,implemented-product-formula,False,,"[""the resolved ordered Hamiltonian groups match the implemented formula"",""the fixed formal-order powers in time and segments apply"",""the reviewed affine size calibration extrapolates as flagged""]",,,,,,,implemented-product-formula,False,False,0.001795736083471991,,,,,,,,,,,,,,,,,,,1.0,none,0.0,system register,1.0,89.0,4370380.0,0.0,-1.0,476371420.0,4345689.0,analytical-model,0.0001995262314968879,opnorm-v1-tfim-open-trotter-p4,transverse_field_ising,affine-aN-plus-b,37.4887417028,4.0,12.0,4.0,12.0,True,True,formula,0.1.0,3.11.9,2.5.0,b58b31db18364511c43757e27fffc7abce8df2c1,True,ok,,
1.0,transverse_field_ising:N089,-2.7,commutator,6830.0,,,2.0,a8fa234e-a646-4911-8402-a67c302db4ae,2026-08-12T00:11:58.358108+00:00,c1ad72de628f71283ac69037e9bbe97c3e773952f5abde5eac91397ca322d1a6,resource-grid,transverse_field_ising,TFIM-89,"{""coupling"":1.0,""field"":3.0,""periodic"":false}",89,89.0,proportional,1.0,0.001995262314968879,355.0,177,trotter-p6,trotter,Trotter p=6,analytical,analytical,6.0,,,,,,6830.0,,,,,,,,,,,,,,,,,,,,,,,,,,,,,,commuting,2.0,0.00179552115265213,4120830.026684159,schubert-mendl-commutator,"Schubert and Mendl, arXiv:2306.10603",Theorem 1,"{""prefactor"":4120830.026684159}",True,implemented-product-formula,True,,"[""the resolved ordered Hamiltonian groups match the implemented formula""]",,,,,,,implemented-product-formula,True,True,0.001795736083471991,,,,,,,,,,,,,,,,,,,1.0,none,0.0,system register,1.0,89.0,45419500.0,0.0,-1.0,5404920500.0,45162893.0,analytical-model,0.0001995262314968879,,,,,,,,,,,,0.1.0,3.11.9,2.5.0,b58b31db18364511c43757e27fffc7abce8df2c1,True,ok,,
1.0,transverse_field_ising:N089,-2.7,empirical,712.0,,,2.0,a8fa234e-a646-4911-8402-a67c302db4ae,2026-08-12T00:11:58.358108+00:00,c1ad72de628f71283ac69037e9bbe97c3e773952f5abde5eac91397ca322d1a6,resource-grid,transverse_field_ising,TFIM-89,"{""coupling"":1.0,""field"":3.0,""periodic"":false}",89,89.0,proportional,1.0,0.001995262314968879,355.0,177,trotter-p6-empirical,trotter,Trotter p=6 [empirical],empirical-operator-norm,empirical,6.0,,,,,,712.0,,,,,,,,,,,,,,,,,,,,,,,,,,,,,,commuting,2.0,0.00020519860730361896,0.604399817,empirical-operator-norm,Repository empirical operator-norm calibration study v1 (2026-08-10),reviewed calibration opnorm-v1-tfim-open-trotter-p6; artifact docs/calibration_data/empirical_1d_v1_accepted.json,"{""prefactor"":0.604399817}",False,implemented-product-formula,False,,"[""the resolved ordered Hamiltonian groups match the implemented formula"",""the fixed formal-order powers in time and segments apply"",""the reviewed affine size calibration extrapolates as flagged""]",,,,,,,implemented-product-formula,False,False,0.001795736083471991,,,,,,,,,,,,,,,,,,,1.0,none,0.0,system register,1.0,89.0,4734800.0,0.0,-1.0,516093200.0,4708050.0,analytical-model,0.0001995262314968879,opnorm-v1-tfim-open-trotter-p6,transverse_field_ising,affine-aN-plus-b,0.604399817,4.0,12.0,4.0,12.0,True,True,asymptotic-domain,0.1.0,3.11.9,2.5.0,b58b31db18364511c43757e27fffc7abce8df2c1,True,ok,,
1.0,transverse_field_ising:N089,-2.7,jacobi-anger,,,,2.0,a8fa234e-a646-4911-8402-a67c302db4ae,2026-08-12T00:11:58.358108+00:00,c1ad72de628f71283ac69037e9bbe97c3e773952f5abde5eac91397ca322d1a6,resource-grid,transverse_field_ising,TFIM-89,"{""coupling"":1.0,""field"":3.0,""periodic"":false}",89,89.0,proportional,1.0,0.001995262314968879,355.0,177,qsvt,qsvt,QSVT,jacobi-anger-rigorous,analytical,,,,,,,,,,,,,,,,,,,,,,,,,,,,,,,,,,,257667.0,42945.0,,,0.00047189004528670243,,jacobi-anger-polynomial-oaa,"Martyn et al., arXiv:2105.02859, Eqs. (76)--(77)",Jacobi--Anger tails plus exact cubic OAA identity,"{""oaa-unitarity-defect-distortion"":0.00023598676369407636,""scaled-polynomial-error"":0.00023590328159262607}",True,ideal-qsvt-oaa-good-block,True,,"[""the cosine and sine polynomials are implemented exactly"",""the unamplified good block is exactly Q/2""]",,,,,,,implemented-qsvt-floating-phase-circuit,False,False,0.001795736083471991,,,,,,,,,,,,,,,,,,,2.0,one robust OAA round,1.0,"component, quadrature, and index registers all-zero",,107.0,131925516.0,369494604.0,-1.0,17836742400.0,2416144215.0,analytical-model,0.0001995262314968879,,,,,,,,,,,,0.1.0,3.11.9,2.5.0,b58b31db18364511c43757e27fffc7abce8df2c1,True,ok,,
1.0,transverse_field_ising:N089,-2.7,empirical,,9.0,,2.0,a8fa234e-a646-4911-8402-a67c302db4ae,2026-08-12T00:11:58.358108+00:00,c1ad72de628f71283ac69037e9bbe97c3e773952f5abde5eac91397ca322d1a6,resource-grid,transverse_field_ising,TFIM-89,"{""coupling"":1.0,""field"":3.0,""periodic"":false}",89,89.0,proportional,1.0,0.001995262314968879,355.0,177,mpf-j-mizuta2026-theorem6-empirical-operator-norm,multiproduct,MPF J=Mizuta Theorem 6 (resolved per point) [empirical operator norm],empirical-operator-norm,,,9.0,18.0,mizuta2026-theorem6,5.000000000000001,0.001795736083471991,,,,,,,,,,,,,,,,,,,,,,,,,,,,,,,,,,,,,,,,,,,,,,,,,,,,,0.001795736083471991,,,,,,,,,,,,,,,,,,,,,,,,,,,,,,,,,,,,,,,,,,,0.1.0,3.11.9,2.5.0,b58b31db18364511c43757e27fffc7abce8df2c1,True,missing_empirical,UnsupportedEmpiricalCalibrationError,"no reviewed empirical operator-norm calibration for method=multiproduct, formal_order=18, model=transverse_field_ising, parameters={'coupling': 1.0, 'field': 3.0, 'periodic': False}, boundary=open, partition=None, schedule='new', formula='ordered-individual-pauli-strang-mpf-v1'"
1.0,transverse_field_ising:N089,-2.7,commutator,,9.0,75676.0,2.0,a8fa234e-a646-4911-8402-a67c302db4ae,2026-08-12T00:11:58.358108+00:00,c1ad72de628f71283ac69037e9bbe97c3e773952f5abde5eac91397ca322d1a6,resource-grid,transverse_field_ising,TFIM-89,"{""coupling"":1.0,""field"":3.0,""periodic"":false}",89,89.0,proportional,1.0,0.001995262314968879,355.0,177,mpf-j-mizuta2026-theorem6-mizuta2026-commutator-ideal-rigorous,multiproduct,MPF J=Mizuta Theorem 6 (resolved per point) [Mizuta 2026 refined commutator],mizuta2026-commutator-ideal-rigorous,analytical,,9.0,18.0,mizuta2026-theorem6,5.000000000000001,0.001795736083471991,75676.0,75676.0,,54448.0,"[""error""]",152.94129384106031,18.0,,,2.3682970804554835e-08,2.7488549941299753e-28,6.015177777776373e-42,2.7488549941299147e-28,2.7488549941299753e-28,2.368297080455484e-08,0.001795447433507892,1.7287176516619422e-05,False,0.0016346141301760207,"[1.0000000000000002,1.0000000000000002,1.0000000000000002,1.0000000000000002,1.0000000000000002,1.0000000000000002,1.0000000000000002,1.0000000000000002,1.0000000000000002,1.0000000000000002,1.0000000000000002,1.0000000000000002,1.0000000000000002,1.0000000000000002,1.0000000000000002,1.0000000000000002,1.0000000000000002,1.0000000000000002,1.0000000000000002,1.0000000000000002,1.0000000000000002,1.0000000000000002,1.0000000000000002,1.0000000000000002,1.0000000000000002,1.0000000000000002,1.0000000000000002,1.0000000000000002,1.0000000000000002,1.0000000000000002,1.0000000000000002,1.0000000000000002,1.0000000000000002,1.0000000000000002,1.0000000000000002,1.0000000000000002,1.0000000000000002,1.0000000000000002,1.0000000000000002,1.0000000000000002,1.0000000000000002,1.0000000000000002,1.0000000000000002,1.0000000000000002,1.0000000000000002,1.0000000000000002,1.0000000000000002,1.0000000000000002,1.0000000000000002,1.0000000000000002,1.0000000000000002,1.0000000000000002,1.0000000000000002,1.0000000000000002,1.0000000000000002,1.0000000000000002,1.0000000000000002,1.0000000000000002,1.0000000000000002,1.0000000000000002,1.0000000000000002,1.0000000000000002,1.0000000000000002,1.0000000000000002,1.0000000000000002,1.0000000000000002,1.0000000000000002,1.0000000000000002,1.0000000000000002,1.0000000000000002,1.0000000000000002,1.0000000000000002,1.0000000000000002,1.0000000000000002,1.0000000000000002,1.0000000000000002,1.0000000000000002,1.0000000000000002,1.0000000000000002,1.0000000000000002,1.0000000000000002,1.0000000000000002,1.0000000000000002,1.0000000000000002,1.0000000000000002,1.0000000000000002,1.0000000000000002,1.0000000000000002,1.0000000000000002,1.0000000000000002,1.0000000000000002,1.0000000000000002,1.0000000000000002,1.0000000000000002,1.0000000000000002,1.0000000000000002,1.0000000000000002,1.0000000000000002,1.0000000000000002,1.0000000000000002,1.0000000000000002,1.0000000000000002,1.0000000000000002,1.0000000000000002,1.0000000000000002,1.0000000000000002,1.0000000000000002,1.0000000000000002,1.0000000000000002,1.0000000000000002,1.0000000000000002,1.0000000000000002,1.0000000000000002,1.0000000000000002,1.0000000000000002,1.0000000000000002,1.0000000000000002,1.0000000000000002,1.0000000000000002,1.0000000000000002,1.0000000000000002,1.0000000000000002,1.0000000000000002,1.0000000000000002,1.0000000000000002,1.0000000000000002,1.0000000000000002,1.0000000000000002,1.0000000000000002,1.0000000000000002,1.0000000000000002,1.0000000000000002,1.0000000000000002,1.0000000000000002,1.0000000000000002,1.0000000000000002,1.0000000000000002,1.0000000000000002,1.0000000000000002,1.0000000000000002,1.0000000000000002,1.0000000000000002,1.0000000000000002,1.0000000000000002,1.0000000000000002,1.0000000000000002,1.0000000000000002,1.0000000000000002,1.0000000000000002,1.0000000000000002,1.0000000000000002,1.0000000000000002,1.0000000000000002,1.0000000000000002,1.0000000000000002,1.0000000000000002,1.0000000000000002,1.0000000000000002,1.0000000000000002,1.0000000000000002,1.0000000000000002,1.0000000000000002,1.0000000000000002,1.0000000000000002,1.0000000000000002,1.0000000000000002,1.0000000000000002,1.0000000000000002,1.0000000000000002,1.0000000000000002,1.0000000000000002,1.0000000000000002,1.0000000000000002,1.0000000000000002,1.0000000000000002,1.0000000000000002,1.0000000000000002]",5.0000000000000036,17.0,True,exact commutator transition cap reached; locality bound used,not-used,commutator,mizuta2026-commutator-ideal-rigorous,[],18162240.0,,,,0.001795447433507892,1.087004283473059e+48,mizuta2026-commutator-ideal-rigorous,"Mizuta, Quantum 10, 1974 (2026), arXiv:2507.06557v4","Theorem 4, Eqs. (47)--(49), with direct Lemmas 9--10 BCH remainder","{""error_predicate_satisfied"":1.0,""extensiveness_g"":5.000000000000001,""joint_predicate_satisfied"":1.0,""legacy_first_condition_passed"":0.0,""legacy_first_time_limit"":1.7287176516619422e-05,""local_commutator_error"":2.3682970804554835e-08,""local_step_error"":2.368297080455484e-08,""local_truncated_bch_error"":2.7488549941299753e-28,""locality_k"":2.0,""mu_upper"":152.94129384106031,""refined_lemma10_remainder"":2.7488549941299147e-28,""refined_lemma9_remainder"":6.015177777776373e-42,""refined_tail_fallback"":0.0,""repeated_global_error"":0.001795447433507892,""schedule_weighted_extensiveness"":5.0000000000000036,""second_time_limit"":0.0016346141301760207,""time_2_predicate_satisfied"":1.0,""total_branchwise_bch_remainder"":2.7488549941299753e-28,""truncation_order_p0"":18.0}",True,ideal-mpf,True,ordered individual Pauli terms,"[""individual Pauli summands define the ordered H_gamma decomposition"",""the actual Strang factors define schedule-weighted g_alpha extensiveness"",""Lemma 9 and Lemma 10 positive majorants directly certify the BCH remainder"",""the scalar-flow/Cauchy refined tail certificate is used"",""Theorem 4 second time hypothesis is satisfied"",""the repeated ideal MPF is composed with the Eq. (15) telescoping argument""]","exact Pauli recurrence would require 269217 transitions at order 18, above cap 250000; remaining orders use Mizuta 2026 Eq. (8)",18.0,17.0,True,True,"{""2"":2112.000000000002,""3"":33744.00000000005,""4"":437856.000000001,""5"":6996288.0000000205,""6"":95599104.00000036,""7"":1527651840.000007,""8"":21592366080.000114,""9"":345068332032.0021,""10"":4990024826880.033,""11"":79751565484032.6,""12"":1171981014171657.5,""13"":1.8732045550190756e+16,""14"":2.7853937024041222e+17,""15"":4.452212203592659e+18,""16"":6.679876190887078e+19,""17"":1.0677736568554049e+21,""18"":2.0746194846052442e+39}",repeated-shared-ancilla-good-block,True,False,0.001795736083471991,new,"[1,2,3,4,5,6,8,14,37]","[1.967691252631999e-13,-3.445506091008736e-08,2.544222523112307e-05,-0.0016199636587070087,0.021324279661958864,-0.07100801545469856,0.14994672471728007,-0.4079534241993221,1.3092849911631212]",1.9611628755355768,0.03883712446442322,80.0,registered-exact,True,9.0,4.0,2.0,5.0,11.0,5.0,6.0,3.0,2.0,3.0,2.0,one robust OAA round per segment,75676.0,branch register all-zero,,96.0,12829352280.0,8702740.0,-1.0,1847461539280.0,19257450008.0,analytical-model,0.0001995262314968879,,,,,,,,,,,,0.1.0,3.11.9,2.5.0,b58b31db18364511c43757e27fffc7abce8df2c1,True,ok,,
1.0,transverse_field_ising:N089,-2.8,commutator,779997.0,,,2.0,a8fa234e-a646-4911-8402-a67c302db4ae,2026-08-12T00:11:58.358108+00:00,c1ad72de628f71283ac69037e9bbe97c3e773952f5abde5eac91397ca322d1a6,resource-grid,transverse_field_ising,TFIM-89,"{""coupling"":1.0,""field"":3.0,""periodic"":false}",89,89.0,proportional,1.0,0.001584893192461114,355.0,177,trotter-p2,trotter,Trotter p=2,analytical,analytical,2.0,,,,,,779997.0,,,,,,,,,,,,,,,,,,,,,,,,,,,,,,individual,177.0,0.0014264028838801102,1231.0,childs-commutator,"Childs, Su, Tran, Wiebe, and Zhu, arXiv:1912.08854",Propositions 9--10,"{""prefactor"":1231.0}",True,implemented-product-formula,True,,"[""the resolved ordered Hamiltonian groups match the implemented formula""]",,,,,,,implemented-product-formula,True,True,0.0014264038732150026,,,,,,,,,,,,,,,,,,,1.0,none,0.0,system register,1.0,89.0,275338941.0,0.0,-1.0,35243384448.0,273783354.0,analytical-model,0.00015848931924611142,,,,,,,,,,,,0.1.0,3.11.9,2.5.0,b58b31db18364511c43757e27fffc7abce8df2c1,True,ok,,
1.0,transverse_field_ising:N089,-2.8,empirical,205220.0,,,2.0,a8fa234e-a646-4911-8402-a67c302db4ae,2026-08-12T00:11:58.358108+00:00,c1ad72de628f71283ac69037e9bbe97c3e773952f5abde5eac91397ca322d1a6,resource-grid,transverse_field_ising,TFIM-89,"{""coupling"":1.0,""field"":3.0,""periodic"":false}",89,89.0,proportional,1.0,0.001584893192461114,355.0,177,trotter-p2-empirical,trotter,Trotter p=2 [empirical],empirical-operator-norm,empirical,2.0,,,,,,205220.0,,,,,,,,,,,,,,,,,,,,,,,,,,,,,,individual,177.0,0.0014263971945480587,85.2137784292,empirical-operator-norm,Repository empirical operator-norm calibration study v1 (2026-08-10),reviewed calibration opnorm-v1-tfim-open-trotter-p2; artifact docs/calibration_data/empirical_1d_v1_accepted.json,"{""prefactor"":85.2137784292}",False,implemented-product-formula,False,,"[""the resolved ordered Hamiltonian groups match the implemented formula"",""the fixed formal-order powers in time and segments apply"",""the reviewed affine size calibration extrapolates as flagged""]",,,,,,,implemented-product-formula,False,False,0.0014264038732150026,,,,,,,,,,,,,,,,,,,1.0,none,0.0,system register,1.0,89.0,72442660.0,0.0,-1.0,8838004520.0,72033380.0,analytical-model,0.00015848931924611142,opnorm-v1-tfim-open-trotter-p2,transverse_field_ising,affine-aN-plus-b,85.2137784292,4.0,12.0,4.0,12.0,True,True,formula,0.1.0,3.11.9,2.5.0,b58b31db18364511c43757e27fffc7abce8df2c1,True,ok,,
1.0,transverse_field_ising:N089,-2.8,commutator,17439.0,,,2.0,a8fa234e-a646-4911-8402-a67c302db4ae,2026-08-12T00:11:58.358108+00:00,c1ad72de628f71283ac69037e9bbe97c3e773952f5abde5eac91397ca322d1a6,resource-grid,transverse_field_ising,TFIM-89,"{""coupling"":1.0,""field"":3.0,""periodic"":false}",89,89.0,proportional,1.0,0.001584893192461114,355.0,177,trotter-p4,trotter,Trotter p=4,analytical,analytical,4.0,,,,,,17439.0,,,,,,,,,,,,,,,,,,,,,,,,,,,,,,commuting,2.0,0.001426400105109073,23625.316736077137,schubert-mendl-commutator,"Schubert and Mendl, arXiv:2306.10603",Theorem 1,"{""prefactor"":23625.316736077137}",True,implemented-product-formula,True,,"[""the resolved ordered Hamiltonian groups match the implemented formula""]",,,,,,,implemented-product-formula,True,True,0.0014264038732150026,,,,,,,,,,,,,,,,,,,1.0,none,0.0,system register,1.0,89.0,23193870.0,0.0,-1.0,2713682790.0,23062832.0,analytical-model,0.00015848931924611142,,,,,,,,,,,,0.1.0,3.11.9,2.5.0,b58b31db18364511c43757e27fffc7abce8df2c1,True,ok,,
1.0,transverse_field_ising:N089,-2.8,empirical,3481.0,,,2.0,a8fa234e-a646-4911-8402-a67c302db4ae,2026-08-12T00:11:58.358108+00:00,c1ad72de628f71283ac69037e9bbe97c3e773952f5abde5eac91397ca322d1a6,resource-grid,transverse_field_ising,TFIM-89,"{""coupling"":1.0,""field"":3.0,""periodic"":false}",89,89.0,proportional,1.0,0.001584893192461114,355.0,177,trotter-p4-empirical,trotter,Trotter p=4 [empirical],empirical-operator-norm,empirical,4.0,,,,,,3481.0,,,,,,,,,,,,,,,,,,,,,,,,,,,,,,commuting,2.0,0.0014257218445453952,37.4887417028,empirical-operator-norm,Repository empirical operator-norm calibration study v1 (2026-08-10),reviewed calibration opnorm-v1-tfim-open-trotter-p4; artifact docs/calibration_data/empirical_1d_v1_accepted.json,"{""prefactor"":37.4887417028}",False,implemented-product-formula,False,,"[""the resolved ordered Hamiltonian groups match the implemented formula"",""the fixed formal-order powers in time and segments apply"",""the reviewed affine size calibration extrapolates as flagged""]",,,,,,,implemented-product-formula,False,False,0.0014264038732150026,,,,,,,,,,,,,,,,,,,1.0,none,0.0,system register,1.0,89.0,4629730.0,0.0,-1.0,509270300.0,4603574.0,analytical-model,0.00015848931924611142,opnorm-v1-tfim-open-trotter-p4,transverse_field_ising,affine-aN-plus-b,37.4887417028,4.0,12.0,4.0,12.0,True,True,formula,0.1.0,3.11.9,2.5.0,b58b31db18364511c43757e27fffc7abce8df2c1,True,ok,,
1.0,transverse_field_ising:N089,-2.8,commutator,7098.0,,,2.0,a8fa234e-a646-4911-8402-a67c302db4ae,2026-08-12T00:11:58.358108+00:00,c1ad72de628f71283ac69037e9bbe97c3e773952f5abde5eac91397ca322d1a6,resource-grid,transverse_field_ising,TFIM-89,"{""coupling"":1.0,""field"":3.0,""periodic"":false}",89,89.0,proportional,1.0,0.001584893192461114,355.0,177,trotter-p6,trotter,Trotter p=6,analytical,analytical,6.0,,,,,,7098.0,,,,,,,,,,,,,,,,,,,,,,,,,,,,,,commuting,2.0,0.001425275362208965,4120830.026684159,schubert-mendl-commutator,"Schubert and Mendl, arXiv:2306.10603",Theorem 1,"{""prefactor"":4120830.026684159}",True,implemented-product-formula,True,,"[""the resolved ordered Hamiltonian groups match the implemented formula""]",,,,,,,implemented-product-formula,True,True,0.0014264038732150026,,,,,,,,,,,,,,,,,,,1.0,none,0.0,system register,1.0,89.0,47201700.0,0.0,-1.0,5664204000.0,46935024.0,analytical-model,0.00015848931924611142,,,,,,,,,,,,0.1.0,3.11.9,2.5.0,b58b31db18364511c43757e27fffc7abce8df2c1,True,ok,,
1.0,transverse_field_ising:N089,-2.8,empirical,712.0,,,2.0,a8fa234e-a646-4911-8402-a67c302db4ae,2026-08-12T00:11:58.358108+00:00,c1ad72de628f71283ac69037e9bbe97c3e773952f5abde5eac91397ca322d1a6,resource-grid,transverse_field_ising,TFIM-89,"{""coupling"":1.0,""field"":3.0,""periodic"":false}",89,89.0,proportional,1.0,0.001584893192461114,355.0,177,trotter-p6-empirical,trotter,Trotter p=6 [empirical],empirical-operator-norm,empirical,6.0,,,,,,712.0,,,,,,,,,,,,,,,,,,,,,,,,,,,,,,commuting,2.0,0.00020519860730361896,0.604399817,empirical-operator-norm,Repository empirical operator-norm calibration study v1 (2026-08-10),reviewed calibration opnorm-v1-tfim-open-trotter-p6; artifact docs/calibration_data/empirical_1d_v1_accepted.json,"{""prefactor"":0.604399817}",False,implemented-product-formula,False,,"[""the resolved ordered Hamiltonian groups match the implemented formula"",""the fixed formal-order powers in time and segments apply"",""the reviewed affine size calibration extrapolates as flagged""]",,,,,,,implemented-product-formula,False,False,0.0014264038732150026,,,,,,,,,,,,,,,,,,,1.0,none,0.0,system register,1.0,89.0,4734800.0,0.0,-1.0,520828000.0,4708050.0,analytical-model,0.00015848931924611142,opnorm-v1-tfim-open-trotter-p6,transverse_field_ising,affine-aN-plus-b,0.604399817,4.0,12.0,4.0,12.0,True,True,asymptotic-domain,0.1.0,3.11.9,2.5.0,b58b31db18364511c43757e27fffc7abce8df2c1,True,ok,,
1.0,transverse_field_ising:N089,-2.8,jacobi-anger,,,,2.0,a8fa234e-a646-4911-8402-a67c302db4ae,2026-08-12T00:11:58.358108+00:00,c1ad72de628f71283ac69037e9bbe97c3e773952f5abde5eac91397ca322d1a6,resource-grid,transverse_field_ising,TFIM-89,"{""coupling"":1.0,""field"":3.0,""periodic"":false}",89,89.0,proportional,1.0,0.001584893192461114,355.0,177,qsvt,qsvt,QSVT,jacobi-anger-rigorous,analytical,,,,,,,,,,,,,,,,,,,,,,,,,,,,,,,,,,,257679.0,42947.0,,,0.00019534371841933994,,jacobi-anger-polynomial-oaa,"Martyn et al., arXiv:2105.02859, Eqs. (76)--(77)",Jacobi--Anger tails plus exact cubic OAA identity,"{""oaa-unitarity-defect-distortion"":9.767901323853964e-05,""scaled-polynomial-error"":9.76647051808003e-05}",True,ideal-qsvt-oaa-good-block,True,,"[""the cosine and sine polynomials are implemented exactly"",""the unamplified good block is exactly Q/2""]",,,,,,,implemented-qsvt-floating-phase-circuit,False,False,0.0014264038732150026,,,,,,,,,,,,,,,,,,,2.0,one robust OAA round,1.0,"component, quadrature, and index registers all-zero",,107.0,131931660.0,369511812.0,-1.0,17969504748.0,2416256739.0,analytical-model,0.00015848931924611142,,,,,,,,,,,,0.1.0,3.11.9,2.5.0,b58b31db18364511c43757e27fffc7abce8df2c1,True,ok,,
1.0,transverse_field_ising:N089,-2.8,empirical,,9.0,,2.0,a8fa234e-a646-4911-8402-a67c302db4ae,2026-08-12T00:11:58.358108+00:00,c1ad72de628f71283ac69037e9bbe97c3e773952f5abde5eac91397ca322d1a6,resource-grid,transverse_field_ising,TFIM-89,"{""coupling"":1.0,""field"":3.0,""periodic"":false}",89,89.0,proportional,1.0,0.001584893192461114,355.0,177,mpf-j-mizuta2026-theorem6-empirical-operator-norm,multiproduct,MPF J=Mizuta Theorem 6 (resolved per point) [empirical operator norm],empirical-operator-norm,,,9.0,18.0,mizuta2026-theorem6,5.000000000000001,0.0014264038732150026,,,,,,,,,,,,,,,,,,,,,,,,,,,,,,,,,,,,,,,,,,,,,,,,,,,,,0.0014264038732150026,,,,,,,,,,,,,,,,,,,,,,,,,,,,,,,,,,,,,,,,,,,0.1.0,3.11.9,2.5.0,b58b31db18364511c43757e27fffc7abce8df2c1,True,missing_empirical,UnsupportedEmpiricalCalibrationError,"no reviewed empirical operator-norm calibration for method=multiproduct, formal_order=18, model=transverse_field_ising, parameters={'coupling': 1.0, 'field': 3.0, 'periodic': False}, boundary=open, partition=None, schedule='new', formula='ordered-individual-pauli-strang-mpf-v1'"
1.0,transverse_field_ising:N089,-2.8,commutator,,9.0,76649.0,2.0,a8fa234e-a646-4911-8402-a67c302db4ae,2026-08-12T00:11:58.358108+00:00,c1ad72de628f71283ac69037e9bbe97c3e773952f5abde5eac91397ca322d1a6,resource-grid,transverse_field_ising,TFIM-89,"{""coupling"":1.0,""field"":3.0,""periodic"":false}",89,89.0,proportional,1.0,0.001584893192461114,355.0,177,mpf-j-mizuta2026-theorem6-mizuta2026-commutator-ideal-rigorous,multiproduct,MPF J=Mizuta Theorem 6 (resolved per point) [Mizuta 2026 refined commutator],mizuta2026-commutator-ideal-rigorous,analytical,,9.0,18.0,mizuta2026-theorem6,5.000000000000001,0.0014264038732150026,76649.0,76649.0,,54448.0,"[""error""]",152.94129384106031,18.0,,,1.857881502110921e-08,2.153350293632188e-28,4.7177129807842395e-42,2.1533502936321403e-28,2.153350293632188e-28,1.8578815021109214e-08,0.0014260769221920973,1.7287176516619422e-05,False,0.0016346141301760207,"[1.0000000000000002,1.0000000000000002,1.0000000000000002,1.0000000000000002,1.0000000000000002,1.0000000000000002,1.0000000000000002,1.0000000000000002,1.0000000000000002,1.0000000000000002,1.0000000000000002,1.0000000000000002,1.0000000000000002,1.0000000000000002,1.0000000000000002,1.0000000000000002,1.0000000000000002,1.0000000000000002,1.0000000000000002,1.0000000000000002,1.0000000000000002,1.0000000000000002,1.0000000000000002,1.0000000000000002,1.0000000000000002,1.0000000000000002,1.0000000000000002,1.0000000000000002,1.0000000000000002,1.0000000000000002,1.0000000000000002,1.0000000000000002,1.0000000000000002,1.0000000000000002,1.0000000000000002,1.0000000000000002,1.0000000000000002,1.0000000000000002,1.0000000000000002,1.0000000000000002,1.0000000000000002,1.0000000000000002,1.0000000000000002,1.0000000000000002,1.0000000000000002,1.0000000000000002,1.0000000000000002,1.0000000000000002,1.0000000000000002,1.0000000000000002,1.0000000000000002,1.0000000000000002,1.0000000000000002,1.0000000000000002,1.0000000000000002,1.0000000000000002,1.0000000000000002,1.0000000000000002,1.0000000000000002,1.0000000000000002,1.0000000000000002,1.0000000000000002,1.0000000000000002,1.0000000000000002,1.0000000000000002,1.0000000000000002,1.0000000000000002,1.0000000000000002,1.0000000000000002,1.0000000000000002,1.0000000000000002,1.0000000000000002,1.0000000000000002,1.0000000000000002,1.0000000000000002,1.0000000000000002,1.0000000000000002,1.0000000000000002,1.0000000000000002,1.0000000000000002,1.0000000000000002,1.0000000000000002,1.0000000000000002,1.0000000000000002,1.0000000000000002,1.0000000000000002,1.0000000000000002,1.0000000000000002,1.0000000000000002,1.0000000000000002,1.0000000000000002,1.0000000000000002,1.0000000000000002,1.0000000000000002,1.0000000000000002,1.0000000000000002,1.0000000000000002,1.0000000000000002,1.0000000000000002,1.0000000000000002,1.0000000000000002,1.0000000000000002,1.0000000000000002,1.0000000000000002,1.0000000000000002,1.0000000000000002,1.0000000000000002,1.0000000000000002,1.0000000000000002,1.0000000000000002,1.0000000000000002,1.0000000000000002,1.0000000000000002,1.0000000000000002,1.0000000000000002,1.0000000000000002,1.0000000000000002,1.0000000000000002,1.0000000000000002,1.0000000000000002,1.0000000000000002,1.0000000000000002,1.0000000000000002,1.0000000000000002,1.0000000000000002,1.0000000000000002,1.0000000000000002,1.0000000000000002,1.0000000000000002,1.0000000000000002,1.0000000000000002,1.0000000000000002,1.0000000000000002,1.0000000000000002,1.0000000000000002,1.0000000000000002,1.0000000000000002,1.0000000000000002,1.0000000000000002,1.0000000000000002,1.0000000000000002,1.0000000000000002,1.0000000000000002,1.0000000000000002,1.0000000000000002,1.0000000000000002,1.0000000000000002,1.0000000000000002,1.0000000000000002,1.0000000000000002,1.0000000000000002,1.0000000000000002,1.0000000000000002,1.0000000000000002,1.0000000000000002,1.0000000000000002,1.0000000000000002,1.0000000000000002,1.0000000000000002,1.0000000000000002,1.0000000000000002,1.0000000000000002,1.0000000000000002,1.0000000000000002,1.0000000000000002,1.0000000000000002,1.0000000000000002,1.0000000000000002,1.0000000000000002,1.0000000000000002,1.0000000000000002,1.0000000000000002,1.0000000000000002,1.0000000000000002,1.0000000000000002,1.0000000000000002,1.0000000000000002]",5.0000000000000036,17.0,True,exact commutator transition cap reached; locality bound used,not-used,commutator,mizuta2026-commutator-ideal-rigorous,[],18395760.0,,,,0.0014260769221920973,1.087004283473059e+48,mizuta2026-commutator-ideal-rigorous,"Mizuta, Quantum 10, 1974 (2026), arXiv:2507.06557v4","Theorem 4, Eqs. (47)--(49), with direct Lemmas 9--10 BCH remainder","{""error_predicate_satisfied"":1.0,""extensiveness_g"":5.000000000000001,""joint_predicate_satisfied"":1.0,""legacy_first_condition_passed"":0.0,""legacy_first_time_limit"":1.7287176516619422e-05,""local_commutator_error"":1.857881502110921e-08,""local_step_error"":1.8578815021109214e-08,""local_truncated_bch_error"":2.153350293632188e-28,""locality_k"":2.0,""mu_upper"":152.94129384106031,""refined_lemma10_remainder"":2.1533502936321403e-28,""refined_lemma9_remainder"":4.7177129807842395e-42,""refined_tail_fallback"":0.0,""repeated_global_error"":0.0014260769221920973,""schedule_weighted_extensiveness"":5.0000000000000036,""second_time_limit"":0.0016346141301760207,""time_2_predicate_satisfied"":1.0,""total_branchwise_bch_remainder"":2.153350293632188e-28,""truncation_order_p0"":18.0}",True,ideal-mpf,True,ordered individual Pauli terms,"[""individual Pauli summands define the ordered H_gamma decomposition"",""the actual Strang factors define schedule-weighted g_alpha extensiveness"",""Lemma 9 and Lemma 10 positive majorants directly certify the BCH remainder"",""the scalar-flow/Cauchy refined tail certificate is used"",""Theorem 4 second time hypothesis is satisfied"",""the repeated ideal MPF is composed with the Eq. (15) telescoping argument""]","exact Pauli recurrence would require 269217 transitions at order 18, above cap 250000; remaining orders use Mizuta 2026 Eq. (8)",18.0,17.0,True,True,"{""2"":2112.000000000002,""3"":33744.00000000005,""4"":437856.000000001,""5"":6996288.0000000205,""6"":95599104.00000036,""7"":1527651840.000007,""8"":21592366080.000114,""9"":345068332032.0021,""10"":4990024826880.033,""11"":79751565484032.6,""12"":1171981014171657.5,""13"":1.8732045550190756e+16,""14"":2.7853937024041222e+17,""15"":4.452212203592659e+18,""16"":6.679876190887078e+19,""17"":1.0677736568554049e+21,""18"":2.0746194846052442e+39}",repeated-shared-ancilla-good-block,True,False,0.0014264038732150026,new,"[1,2,3,4,5,6,8,14,37]","[1.967691252631999e-13,-3.445506091008736e-08,2.544222523112307e-05,-0.0016199636587070087,0.021324279661958864,-0.07100801545469856,0.14994672471728007,-0.4079534241993221,1.3092849911631212]",1.9611628755355768,0.03883712446442322,80.0,registered-exact,True,9.0,4.0,2.0,5.0,11.0,5.0,6.0,3.0,2.0,3.0,2.0,one robust OAA round per segment,76649.0,branch register all-zero,,96.0,12994304970.0,8814635.0,-1.0,1884209479190.0,19505051610.0,analytical-model,0.00015848931924611142,,,,,,,,,,,,0.1.0,3.11.9,2.5.0,b58b31db18364511c43757e27fffc7abce8df2c1,True,ok,,
1.0,transverse_field_ising:N089,-2.9,commutator,875171.0,,,2.0,a8fa234e-a646-4911-8402-a67c302db4ae,2026-08-12T00:11:58.358108+00:00,c1ad72de628f71283ac69037e9bbe97c3e773952f5abde5eac91397ca322d1a6,resource-grid,transverse_field_ising,TFIM-89,"{""coupling"":1.0,""field"":3.0,""periodic"":false}",89,89.0,proportional,1.0,0.0012589254117941675,355.0,177,trotter-p2,trotter,Trotter p=2,analytical,analytical,2.0,,,,,,875171.0,,,,,,,,,,,,,,,,,,,,,,,,,,,,,,individual,177.0,0.0011330321580352194,1231.0,childs-commutator,"Childs, Su, Tran, Wiebe, and Zhu, arXiv:1912.08854",Propositions 9--10,"{""prefactor"":1231.0}",True,implemented-product-formula,True,,"[""the resolved ordered Hamiltonian groups match the implemented formula""]",,,,,,,implemented-product-formula,True,True,0.0011330328706147508,,,,,,,,,,,,,,,,,,,1.0,none,0.0,system register,1.0,89.0,308935363.0,0.0,-1.0,39852661827.0,307189966.0,analytical-model,0.00012589254117941674,,,,,,,,,,,,0.1.0,3.11.9,2.5.0,b58b31db18364511c43757e27fffc7abce8df2c1,True,ok,,
1.0,transverse_field_ising:N089,-2.9,empirical,230261.0,,,2.0,a8fa234e-a646-4911-8402-a67c302db4ae,2026-08-12T00:11:58.358108+00:00,c1ad72de628f71283ac69037e9bbe97c3e773952f5abde5eac91397ca322d1a6,resource-grid,transverse_field_ising,TFIM-89,"{""coupling"":1.0,""field"":3.0,""periodic"":false}",89,89.0,proportional,1.0,0.0012589254117941675,355.0,177,trotter-p2-empirical,trotter,Trotter p=2 [empirical],empirical-operator-norm,empirical,2.0,,,,,,230261.0,,,,,,,,,,,,,,,,,,,,,,,,,,,,,,individual,177.0,0.0011330238966672933,85.2137784292,empirical-operator-norm,Repository empirical operator-norm calibration study v1 (2026-08-10),reviewed calibration opnorm-v1-tfim-open-trotter-p2; artifact docs/calibration_data/empirical_1d_v1_accepted.json,"{""prefactor"":85.2137784292}",False,implemented-product-formula,False,,"[""the resolved ordered Hamiltonian groups match the implemented formula"",""the fixed formal-order powers in time and segments apply"",""the reviewed affine size calibration extrapolates as flagged""]",,,,,,,implemented-product-formula,False,False,0.0011330328706147508,,,,,,,,,,,,,,,,,,,1.0,none,0.0,system register,1.0,89.0,81282133.0,0.0,-1.0,9997702359.0,80822912.0,analytical-model,0.00012589254117941674,opnorm-v1-tfim-open-trotter-p2,transverse_field_ising,affine-aN-plus-b,85.2137784292,4.0,12.0,4.0,12.0,True,True,formula,0.1.0,3.11.9,2.5.0,b58b31db18364511c43757e27fffc7abce8df2c1,True,ok,,
1.0,transverse_field_ising:N089,-2.9,commutator,18473.0,,,2.0,a8fa234e-a646-4911-8402-a67c302db4ae,2026-08-12T00:11:58.358108+00:00,c1ad72de628f71283ac69037e9bbe97c3e773952f5abde5eac91397ca322d1a6,resource-grid,transverse_field_ising,TFIM-89,"{""coupling"":1.0,""field"":3.0,""periodic"":false}",89,89.0,proportional,1.0,0.0012589254117941675,355.0,177,trotter-p4,trotter,Trotter p=4,analytical,analytical,4.0,,,,,,18473.0,,,,,,,,,,,,,,,,,,,,,,,,,,,,,,commuting,2.0,0.0011328644587668343,23625.316736077137,schubert-mendl-commutator,"Schubert and Mendl, arXiv:2306.10603",Theorem 1,"{""prefactor"":23625.316736077137}",True,implemented-product-formula,True,,"[""the resolved ordered Hamiltonian groups match the implemented formula""]",,,,,,,implemented-product-formula,True,True,0.0011330328706147508,,,,,,,,,,,,,,,,,,,1.0,none,0.0,system register,1.0,89.0,24569090.0,0.0,-1.0,2899152620.0,24430282.0,analytical-model,0.00012589254117941674,,,,,,,,,,,,0.1.0,3.11.9,2.5.0,b58b31db18364511c43757e27fffc7abce8df2c1,True,ok,,
1.0,transverse_field_ising:N089,-2.9,empirical,3687.0,,,2.0,a8fa234e-a646-4911-8402-a67c302db4ae,2026-08-12T00:11:58.358108+00:00,c1ad72de628f71283ac69037e9bbe97c3e773952f5abde5eac91397ca322d1a6,resource-grid,transverse_field_ising,TFIM-89,"{""coupling"":1.0,""field"":3.0,""periodic"":false}",89,89.0,proportional,1.0,0.0012589254117941675,355.0,177,trotter-p4-empirical,trotter,Trotter p=4 [empirical],empirical-operator-norm,empirical,4.0,,,,,,3687.0,,,,,,,,,,,,,,,,,,,,,,,,,,,,,,commuting,2.0,0.0011328133188510604,37.4887417028,empirical-operator-norm,Repository empirical operator-norm calibration study v1 (2026-08-10),reviewed calibration opnorm-v1-tfim-open-trotter-p4; artifact docs/calibration_data/empirical_1d_v1_accepted.json,"{""prefactor"":37.4887417028}",False,implemented-product-formula,False,,"[""the resolved ordered Hamiltonian groups match the implemented formula"",""the fixed formal-order powers in time and segments apply"",""the reviewed affine size calibration extrapolates as flagged""]",,,,,,,implemented-product-formula,False,False,0.0011330328706147508,,,,,,,,,,,,,,,,,,,1.0,none,0.0,system register,1.0,89.0,4903710.0,0.0,-1.0,544311810.0,4876006.0,analytical-model,0.00012589254117941674,opnorm-v1-tfim-open-trotter-p4,transverse_field_ising,affine-aN-plus-b,37.4887417028,4.0,12.0,4.0,12.0,True,True,formula,0.1.0,3.11.9,2.5.0,b58b31db18364511c43757e27fffc7abce8df2c1,True,ok,,
1.0,transverse_field_ising:N089,-2.9,commutator,7375.0,,,2.0,a8fa234e-a646-4911-8402-a67c302db4ae,2026-08-12T00:11:58.358108+00:00,c1ad72de628f71283ac69037e9bbe97c3e773952f5abde5eac91397ca322d1a6,resource-grid,transverse_field_ising,TFIM-89,"{""coupling"":1.0,""field"":3.0,""periodic"":false}",89,89.0,proportional,1.0,0.0012589254117941675,355.0,177,trotter-p6,trotter,Trotter p=6,analytical,analytical,6.0,,,,,,7375.0,,,,,,,,,,,,,,,,,,,,,,,,,,,,,,commuting,2.0,0.001132772246427219,4120830.026684159,schubert-mendl-commutator,"Schubert and Mendl, arXiv:2306.10603",Theorem 1,"{""prefactor"":4120830.026684159}",True,implemented-product-formula,True,,"[""the resolved ordered Hamiltonian groups match the implemented formula""]",,,,,,,implemented-product-formula,True,True,0.0011330328706147508,,,,,,,,,,,,,,,,,,,1.0,none,0.0,system register,1.0,89.0,49043750.0,0.0,-1.0,5934293750.0,48766667.0,analytical-model,0.00012589254117941674,,,,,,,,,,,,0.1.0,3.11.9,2.5.0,b58b31db18364511c43757e27fffc7abce8df2c1,True,ok,,
1.0,transverse_field_ising:N089,-2.9,empirical,712.0,,,2.0,a8fa234e-a646-4911-8402-a67c302db4ae,2026-08-12T00:11:58.358108+00:00,c1ad72de628f71283ac69037e9bbe97c3e773952f5abde5eac91397ca322d1a6,resource-grid,transverse_field_ising,TFIM-89,"{""coupling"":1.0,""field"":3.0,""periodic"":false}",89,89.0,proportional,1.0,0.0012589254117941675,355.0,177,trotter-p6-empirical,trotter,Trotter p=6 [empirical],empirical-operator-norm,empirical,6.0,,,,,,712.0,,,,,,,,,,,,,,,,,,,,,,,,,,,,,,commuting,2.0,0.00020519860730361896,0.604399817,empirical-operator-norm,Repository empirical operator-norm calibration study v1 (2026-08-10),reviewed calibration opnorm-v1-tfim-open-trotter-p6; artifact docs/calibration_data/empirical_1d_v1_accepted.json,"{""prefactor"":0.604399817}",False,implemented-product-formula,False,,"[""the resolved ordered Hamiltonian groups match the implemented formula"",""the fixed formal-order powers in time and segments apply"",""the reviewed affine size calibration extrapolates as flagged""]",,,,,,,implemented-product-formula,False,False,0.0011330328706147508,,,,,,,,,,,,,,,,,,,1.0,none,0.0,system register,1.0,89.0,4734800.0,0.0,-1.0,525562800.0,4708050.0,analytical-model,0.00012589254117941674,opnorm-v1-tfim-open-trotter-p6,transverse_field_ising,affine-aN-plus-b,0.604399817,4.0,12.0,4.0,12.0,True,True,asymptotic-domain,0.1.0,3.11.9,2.5.0,b58b31db18364511c43757e27fffc7abce8df2c1,True,ok,,
1.0,transverse_field_ising:N089,-2.9,jacobi-anger,,,,2.0,a8fa234e-a646-4911-8402-a67c302db4ae,2026-08-12T00:11:58.358108+00:00,c1ad72de628f71283ac69037e9bbe97c3e773952f5abde5eac91397ca322d1a6,resource-grid,transverse_field_ising,TFIM-89,"{""coupling"":1.0,""field"":3.0,""periodic"":false}",89,89.0,proportional,1.0,0.0012589254117941675,355.0,177,qsvt,qsvt,QSVT,jacobi-anger-rigorous,analytical,,,,,,,,,,,,,,,,,,,,,,,,,,,,,,,,,,,257679.0,42947.0,,,0.00016274316383528773,,jacobi-anger-polynomial-oaa,"Martyn et al., arXiv:2105.02859, Eqs. (76)--(77)",Jacobi--Anger tails plus exact cubic OAA identity,"{""oaa-unitarity-defect-distortion"":8.137654744701318e-05,""scaled-polynomial-error"":8.136661638827455e-05}",True,ideal-qsvt-oaa-good-block,True,,"[""the cosine and sine polynomials are implemented exactly"",""the unamplified good block is exactly Q/2""]",,,,,,,implemented-qsvt-floating-phase-circuit,False,False,0.0011330328706147508,,,,,,,,,,,,,,,,,,,2.0,one robust OAA round,1.0,"component, quadrature, and index registers all-zero",,107.0,131931660.0,369511812.0,-1.0,18101436408.0,2416256739.0,analytical-model,0.00012589254117941674,,,,,,,,,,,,0.1.0,3.11.9,2.5.0,b58b31db18364511c43757e27fffc7abce8df2c1,True,ok,,
1.0,transverse_field_ising:N089,-2.9,empirical,,9.0,,2.0,a8fa234e-a646-4911-8402-a67c302db4ae,2026-08-12T00:11:58.358108+00:00,c1ad72de628f71283ac69037e9bbe97c3e773952f5abde5eac91397ca322d1a6,resource-grid,transverse_field_ising,TFIM-89,"{""coupling"":1.0,""field"":3.0,""periodic"":false}",89,89.0,proportional,1.0,0.0012589254117941675,355.0,177,mpf-j-mizuta2026-theorem6-empirical-operator-norm,multiproduct,MPF J=Mizuta Theorem 6 (resolved per point) [empirical operator norm],empirical-operator-norm,,,9.0,18.0,mizuta2026-theorem6,5.000000000000001,0.0011330328706147508,,,,,,,,,,,,,,,,,,,,,,,,,,,,,,,,,,,,,,,,,,,,,,,,,,,,,0.0011330328706147508,,,,,,,,,,,,,,,,,,,,,,,,,,,,,,,,,,,,,,,,,,,0.1.0,3.11.9,2.5.0,b58b31db18364511c43757e27fffc7abce8df2c1,True,missing_empirical,UnsupportedEmpiricalCalibrationError,"no reviewed empirical operator-norm calibration for method=multiproduct, formal_order=18, model=transverse_field_ising, parameters={'coupling': 1.0, 'field': 3.0, 'periodic': False}, boundary=open, partition=None, schedule='new', formula='ordered-individual-pauli-strang-mpf-v1'"
1.0,transverse_field_ising:N089,-2.9,commutator,,9.0,77634.0,2.0,a8fa234e-a646-4911-8402-a67c302db4ae,2026-08-12T00:11:58.358108+00:00,c1ad72de628f71283ac69037e9bbe97c3e773952f5abde5eac91397ca322d1a6,resource-grid,transverse_field_ising,TFIM-89,"{""coupling"":1.0,""field"":3.0,""periodic"":false}",89,89.0,proportional,1.0,0.0012589254117941675,355.0,177,mpf-j-mizuta2026-theorem6-mizuta2026-commutator-ideal-rigorous,multiproduct,MPF J=Mizuta Theorem 6 (resolved per point) [Mizuta 2026 refined commutator],mizuta2026-commutator-ideal-rigorous,analytical,,9.0,18.0,mizuta2026-theorem6,5.000000000000001,0.0011330328706147508,77634.0,77634.0,,54448.0,"[""error""]",152.94129384106031,18.0,,,1.4576527624111245e-08,1.687099717938461e-28,3.7005828861524074e-42,1.6870997179384239e-28,1.687099717938461e-28,1.4576527624111247e-08,0.0011329154497427426,1.7287176516619422e-05,False,0.0016346141301760207,"[1.0000000000000002,1.0000000000000002,1.0000000000000002,1.0000000000000002,1.0000000000000002,1.0000000000000002,1.0000000000000002,1.0000000000000002,1.0000000000000002,1.0000000000000002,1.0000000000000002,1.0000000000000002,1.0000000000000002,1.0000000000000002,1.0000000000000002,1.0000000000000002,1.0000000000000002,1.0000000000000002,1.0000000000000002,1.0000000000000002,1.0000000000000002,1.0000000000000002,1.0000000000000002,1.0000000000000002,1.0000000000000002,1.0000000000000002,1.0000000000000002,1.0000000000000002,1.0000000000000002,1.0000000000000002,1.0000000000000002,1.0000000000000002,1.0000000000000002,1.0000000000000002,1.0000000000000002,1.0000000000000002,1.0000000000000002,1.0000000000000002,1.0000000000000002,1.0000000000000002,1.0000000000000002,1.0000000000000002,1.0000000000000002,1.0000000000000002,1.0000000000000002,1.0000000000000002,1.0000000000000002,1.0000000000000002,1.0000000000000002,1.0000000000000002,1.0000000000000002,1.0000000000000002,1.0000000000000002,1.0000000000000002,1.0000000000000002,1.0000000000000002,1.0000000000000002,1.0000000000000002,1.0000000000000002,1.0000000000000002,1.0000000000000002,1.0000000000000002,1.0000000000000002,1.0000000000000002,1.0000000000000002,1.0000000000000002,1.0000000000000002,1.0000000000000002,1.0000000000000002,1.0000000000000002,1.0000000000000002,1.0000000000000002,1.0000000000000002,1.0000000000000002,1.0000000000000002,1.0000000000000002,1.0000000000000002,1.0000000000000002,1.0000000000000002,1.0000000000000002,1.0000000000000002,1.0000000000000002,1.0000000000000002,1.0000000000000002,1.0000000000000002,1.0000000000000002,1.0000000000000002,1.0000000000000002,1.0000000000000002,1.0000000000000002,1.0000000000000002,1.0000000000000002,1.0000000000000002,1.0000000000000002,1.0000000000000002,1.0000000000000002,1.0000000000000002,1.0000000000000002,1.0000000000000002,1.0000000000000002,1.0000000000000002,1.0000000000000002,1.0000000000000002,1.0000000000000002,1.0000000000000002,1.0000000000000002,1.0000000000000002,1.0000000000000002,1.0000000000000002,1.0000000000000002,1.0000000000000002,1.0000000000000002,1.0000000000000002,1.0000000000000002,1.0000000000000002,1.0000000000000002,1.0000000000000002,1.0000000000000002,1.0000000000000002,1.0000000000000002,1.0000000000000002,1.0000000000000002,1.0000000000000002,1.0000000000000002,1.0000000000000002,1.0000000000000002,1.0000000000000002,1.0000000000000002,1.0000000000000002,1.0000000000000002,1.0000000000000002,1.0000000000000002,1.0000000000000002,1.0000000000000002,1.0000000000000002,1.0000000000000002,1.0000000000000002,1.0000000000000002,1.0000000000000002,1.0000000000000002,1.0000000000000002,1.0000000000000002,1.0000000000000002,1.0000000000000002,1.0000000000000002,1.0000000000000002,1.0000000000000002,1.0000000000000002,1.0000000000000002,1.0000000000000002,1.0000000000000002,1.0000000000000002,1.0000000000000002,1.0000000000000002,1.0000000000000002,1.0000000000000002,1.0000000000000002,1.0000000000000002,1.0000000000000002,1.0000000000000002,1.0000000000000002,1.0000000000000002,1.0000000000000002,1.0000000000000002,1.0000000000000002,1.0000000000000002,1.0000000000000002,1.0000000000000002,1.0000000000000002,1.0000000000000002,1.0000000000000002,1.0000000000000002,1.0000000000000002,1.0000000000000002,1.0000000000000002,1.0000000000000002,1.0000000000000002]",5.0000000000000036,17.0,True,exact commutator transition cap reached; locality bound used,not-used,commutator,mizuta2026-commutator-ideal-rigorous,[],18632160.0,,,,0.0011329154497427426,1.087004283473059e+48,mizuta2026-commutator-ideal-rigorous,"Mizuta, Quantum 10, 1974 (2026), arXiv:2507.06557v4","Theorem 4, Eqs. (47)--(49), with direct Lemmas 9--10 BCH remainder","{""error_predicate_satisfied"":1.0,""extensiveness_g"":5.000000000000001,""joint_predicate_satisfied"":1.0,""legacy_first_condition_passed"":0.0,""legacy_first_time_limit"":1.7287176516619422e-05,""local_commutator_error"":1.4576527624111245e-08,""local_step_error"":1.4576527624111247e-08,""local_truncated_bch_error"":1.687099717938461e-28,""locality_k"":2.0,""mu_upper"":152.94129384106031,""refined_lemma10_remainder"":1.6870997179384239e-28,""refined_lemma9_remainder"":3.7005828861524074e-42,""refined_tail_fallback"":0.0,""repeated_global_error"":0.0011329154497427426,""schedule_weighted_extensiveness"":5.0000000000000036,""second_time_limit"":0.0016346141301760207,""time_2_predicate_satisfied"":1.0,""total_branchwise_bch_remainder"":1.687099717938461e-28,""truncation_order_p0"":18.0}",True,ideal-mpf,True,ordered individual Pauli terms,"[""individual Pauli summands define the ordered H_gamma decomposition"",""the actual Strang factors define schedule-weighted g_alpha extensiveness"",""Lemma 9 and Lemma 10 positive majorants directly certify the BCH remainder"",""the scalar-flow/Cauchy refined tail certificate is used"",""Theorem 4 second time hypothesis is satisfied"",""the repeated ideal MPF is composed with the Eq. (15) telescoping argument""]","exact Pauli recurrence would require 269217 transitions at order 18, above cap 250000; remaining orders use Mizuta 2026 Eq. (8)",18.0,17.0,True,True,"{""2"":2112.000000000002,""3"":33744.00000000005,""4"":437856.000000001,""5"":6996288.0000000205,""6"":95599104.00000036,""7"":1527651840.000007,""8"":21592366080.000114,""9"":345068332032.0021,""10"":4990024826880.033,""11"":79751565484032.6,""12"":1171981014171657.5,""13"":1.8732045550190756e+16,""14"":2.7853937024041222e+17,""15"":4.452212203592659e+18,""16"":6.679876190887078e+19,""17"":1.0677736568554049e+21,""18"":2.0746194846052442e+39}",repeated-shared-ancilla-good-block,True,False,0.0011330328706147508,new,"[1,2,3,4,5,6,8,14,37]","[1.967691252631999e-13,-3.445506091008736e-08,2.544222523112307e-05,-0.0016199636587070087,0.021324279661958864,-0.07100801545469856,0.14994672471728007,-0.4079534241993221,1.3092849911631212]",1.9611628755355768,0.03883712446442322,80.0,registered-exact,True,9.0,4.0,2.0,5.0,11.0,5.0,6.0,3.0,2.0,3.0,2.0,one robust OAA round per segment,77634.0,branch register all-zero,,96.0,13161292020.0,8927910.0,-1.0,1921584346560.0,19755706881.0,analytical-model,0.00012589254117941674,,,,,,,,,,,,0.1.0,3.11.9,2.5.0,b58b31db18364511c43757e27fffc7abce8df2c1,True,ok,,
1.0,transverse_field_ising:N089,-3.0,commutator,981958.0,,,2.0,a8fa234e-a646-4911-8402-a67c302db4ae,2026-08-12T00:11:58.358108+00:00,c1ad72de628f71283ac69037e9bbe97c3e773952f5abde5eac91397ca322d1a6,resource-grid,transverse_field_ising,TFIM-89,"{""coupling"":1.0,""field"":3.0,""periodic"":false}",89,89.0,proportional,1.0,0.001,355.0,177,trotter-p2,trotter,Trotter p=2,analytical,analytical,2.0,,,,,,981958.0,,,,,,,,,,,,,,,,,,,,,,,,,,,,,,individual,177.0,0.0008999994572027937,1231.0,childs-commutator,"Childs, Su, Tran, Wiebe, and Zhu, arXiv:1912.08854",Propositions 9--10,"{""prefactor"":1231.0}",True,implemented-product-formula,True,,"[""the resolved ordered Hamiltonian groups match the implemented formula""]",,,,,,,implemented-product-formula,True,True,0.0009000000000000001,,,,,,,,,,,,,,,,,,,1.0,none,0.0,system register,1.0,89.0,346631174.0,0.0,-1.0,45408683794.0,344672806.0,analytical-model,0.0001,,,,,,,,,,,,0.1.0,3.11.9,2.5.0,b58b31db18364511c43757e27fffc7abce8df2c1,True,ok,,
1.0,transverse_field_ising:N089,-3.0,empirical,258357.0,,,2.0,a8fa234e-a646-4911-8402-a67c302db4ae,2026-08-12T00:11:58.358108+00:00,c1ad72de628f71283ac69037e9bbe97c3e773952f5abde5eac91397ca322d1a6,resource-grid,transverse_field_ising,TFIM-89,"{""coupling"":1.0,""field"":3.0,""periodic"":false}",89,89.0,proportional,1.0,0.001,355.0,177,trotter-p2-empirical,trotter,Trotter p=2 [empirical],empirical-operator-norm,empirical,2.0,,,,,,258357.0,,,,,,,,,,,,,,,,,,,,,,,,,,,,,,individual,177.0,0.0008999935078737702,85.2137784292,empirical-operator-norm,Repository empirical operator-norm calibration study v1 (2026-08-10),reviewed calibration opnorm-v1-tfim-open-trotter-p2; artifact docs/calibration_data/empirical_1d_v1_accepted.json,"{""prefactor"":85.2137784292}",False,implemented-product-formula,False,,"[""the resolved ordered Hamiltonian groups match the implemented formula"",""the fixed formal-order powers in time and segments apply"",""the reviewed affine size calibration extrapolates as flagged""]",,,,,,,implemented-product-formula,False,False,0.0009000000000000001,,,,,,,,,,,,,,,,,,,1.0,none,0.0,system register,1.0,89.0,91200021.0,0.0,-1.0,11400002625.0,90684767.0,analytical-model,0.0001,opnorm-v1-tfim-open-trotter-p2,transverse_field_ising,affine-aN-plus-b,85.2137784292,4.0,12.0,4.0,12.0,True,True,formula,0.1.0,3.11.9,2.5.0,b58b31db18364511c43757e27fffc7abce8df2c1,True,ok,,
1.0,transverse_field_ising:N089,-3.0,commutator,19567.0,,,2.0,a8fa234e-a646-4911-8402-a67c302db4ae,2026-08-12T00:11:58.358108+00:00,c1ad72de628f71283ac69037e9bbe97c3e773952f5abde5eac91397ca322d1a6,resource-grid,transverse_field_ising,TFIM-89,"{""coupling"":1.0,""field"":3.0,""periodic"":false}",89,89.0,proportional,1.0,0.001,355.0,177,trotter-p4,trotter,Trotter p=4,analytical,analytical,4.0,,,,,,19567.0,,,,,,,,,,,,,,,,,,,,,,,,,,,,,,commuting,2.0,0.000899975512483717,23625.316736077137,schubert-mendl-commutator,"Schubert and Mendl, arXiv:2306.10603",Theorem 1,"{""prefactor"":23625.316736077137}",True,implemented-product-formula,True,,"[""the resolved ordered Hamiltonian groups match the implemented formula""]",,,,,,,implemented-product-formula,True,True,0.0009000000000000001,,,,,,,,,,,,,,,,,,,1.0,none,0.0,system register,1.0,89.0,26024110.0,0.0,-1.0,3122893200.0,25877082.0,analytical-model,0.0001,,,,,,,,,,,,0.1.0,3.11.9,2.5.0,b58b31db18364511c43757e27fffc7abce8df2c1,True,ok,,
1.0,transverse_field_ising:N089,-3.0,empirical,3906.0,,,2.0,a8fa234e-a646-4911-8402-a67c302db4ae,2026-08-12T00:11:58.358108+00:00,c1ad72de628f71283ac69037e9bbe97c3e773952f5abde5eac91397ca322d1a6,resource-grid,transverse_field_ising,TFIM-89,"{""coupling"":1.0,""field"":3.0,""periodic"":false}",89,89.0,proportional,1.0,0.001,355.0,177,trotter-p4-empirical,trotter,Trotter p=4 [empirical],empirical-operator-norm,empirical,4.0,,,,,,3906.0,,,,,,,,,,,,,,,,,,,,,,,,,,,,,,commuting,2.0,0.00089933592289649,37.4887417028,empirical-operator-norm,Repository empirical operator-norm calibration study v1 (2026-08-10),reviewed calibration opnorm-v1-tfim-open-trotter-p4; artifact docs/calibration_data/empirical_1d_v1_accepted.json,"{""prefactor"":37.4887417028}",False,implemented-product-formula,False,,"[""the resolved ordered Hamiltonian groups match the implemented formula"",""the fixed formal-order powers in time and segments apply"",""the reviewed affine size calibration extrapolates as flagged""]",,,,,,,implemented-product-formula,False,False,0.0009000000000000001,,,,,,,,,,,,,,,,,,,1.0,none,0.0,system register,1.0,89.0,5194980.0,0.0,-1.0,581837760.0,5165630.0,analytical-model,0.0001,opnorm-v1-tfim-open-trotter-p4,transverse_field_ising,affine-aN-plus-b,37.4887417028,4.0,12.0,4.0,12.0,True,True,formula,0.1.0,3.11.9,2.5.0,b58b31db18364511c43757e27fffc7abce8df2c1,True,ok,,
1.0,transverse_field_ising:N089,-3.0,commutator,7664.0,,,2.0,a8fa234e-a646-4911-8402-a67c302db4ae,2026-08-12T00:11:58.358108+00:00,c1ad72de628f71283ac69037e9bbe97c3e773952f5abde5eac91397ca322d1a6,resource-grid,transverse_field_ising,TFIM-89,"{""coupling"":1.0,""field"":3.0,""periodic"":false}",89,89.0,proportional,1.0,0.001,355.0,177,trotter-p6,trotter,Trotter p=6,analytical,analytical,6.0,,,,,,7664.0,,,,,,,,,,,,,,,,,,,,,,,,,,,,,,commuting,2.0,0.0008994598279828069,4120830.026684159,schubert-mendl-commutator,"Schubert and Mendl, arXiv:2306.10603",Theorem 1,"{""prefactor"":4120830.026684159}",True,implemented-product-formula,True,,"[""the resolved ordered Hamiltonian groups match the implemented formula""]",,,,,,,implemented-product-formula,True,True,0.0009000000000000001,,,,,,,,,,,,,,,,,,,1.0,none,0.0,system register,1.0,89.0,50965600.0,0.0,-1.0,6217803200.0,50677659.0,analytical-model,0.0001,,,,,,,,,,,,0.1.0,3.11.9,2.5.0,b58b31db18364511c43757e27fffc7abce8df2c1,True,ok,,
1.0,transverse_field_ising:N089,-3.0,empirical,712.0,,,2.0,a8fa234e-a646-4911-8402-a67c302db4ae,2026-08-12T00:11:58.358108+00:00,c1ad72de628f71283ac69037e9bbe97c3e773952f5abde5eac91397ca322d1a6,resource-grid,transverse_field_ising,TFIM-89,"{""coupling"":1.0,""field"":3.0,""periodic"":false}",89,89.0,proportional,1.0,0.001,355.0,177,trotter-p6-empirical,trotter,Trotter p=6 [empirical],empirical-operator-norm,empirical,6.0,,,,,,712.0,,,,,,,,,,,,,,,,,,,,,,,,,,,,,,commuting,2.0,0.00020519860730361896,0.604399817,empirical-operator-norm,Repository empirical operator-norm calibration study v1 (2026-08-10),reviewed calibration opnorm-v1-tfim-open-trotter-p6; artifact docs/calibration_data/empirical_1d_v1_accepted.json,"{""prefactor"":0.604399817}",False,implemented-product-formula,False,,"[""the resolved ordered Hamiltonian groups match the implemented formula"",""the fixed formal-order powers in time and segments apply"",""the reviewed affine size calibration extrapolates as flagged""]",,,,,,,implemented-product-formula,False,False,0.0009000000000000001,,,,,,,,,,,,,,,,,,,1.0,none,0.0,system register,1.0,89.0,4734800.0,0.0,-1.0,530297600.0,4708050.0,analytical-model,0.0001,opnorm-v1-tfim-open-trotter-p6,transverse_field_ising,affine-aN-plus-b,0.604399817,4.0,12.0,4.0,12.0,True,True,asymptotic-domain,0.1.0,3.11.9,2.5.0,b58b31db18364511c43757e27fffc7abce8df2c1,True,ok,,
1.0,transverse_field_ising:N089,-3.0,jacobi-anger,,,,2.0,a8fa234e-a646-4911-8402-a67c302db4ae,2026-08-12T00:11:58.358108+00:00,c1ad72de628f71283ac69037e9bbe97c3e773952f5abde5eac91397ca322d1a6,resource-grid,transverse_field_ising,TFIM-89,"{""coupling"":1.0,""field"":3.0,""periodic"":false}",89,89.0,proportional,1.0,0.001,355.0,177,qsvt,qsvt,QSVT,jacobi-anger-rigorous,analytical,,,,,,,,,,,,,,,,,,,,,,,,,,,,,,,,,,,257679.0,42947.0,,,0.0001368481908014672,,jacobi-anger-polynomial-oaa,"Martyn et al., arXiv:2105.02859, Eqs. (76)--(77)",Jacobi--Anger tails plus exact cubic OAA identity,"{""oaa-unitarity-defect-distortion"":6.842760651307501e-05,""scaled-polynomial-error"":6.842058428839219e-05}",True,ideal-qsvt-oaa-good-block,True,,"[""the cosine and sine polynomials are implemented exactly"",""the unamplified good block is exactly Q/2""]",,,,,,,implemented-qsvt-floating-phase-circuit,False,False,0.0009000000000000001,,,,,,,,,,,,,,,,,,,2.0,one robust OAA round,1.0,"component, quadrature, and index registers all-zero",,107.0,131931660.0,369511812.0,-1.0,18233368068.0,2416256739.0,analytical-model,0.0001,,,,,,,,,,,,0.1.0,3.11.9,2.5.0,b58b31db18364511c43757e27fffc7abce8df2c1,True,ok,,
1.0,transverse_field_ising:N089,-3.0,empirical,,9.0,,2.0,a8fa234e-a646-4911-8402-a67c302db4ae,2026-08-12T00:11:58.358108+00:00,c1ad72de628f71283ac69037e9bbe97c3e773952f5abde5eac91397ca322d1a6,resource-grid,transverse_field_ising,TFIM-89,"{""coupling"":1.0,""field"":3.0,""periodic"":false}",89,89.0,proportional,1.0,0.001,355.0,177,mpf-j-mizuta2026-theorem6-empirical-operator-norm,multiproduct,MPF J=Mizuta Theorem 6 (resolved per point) [empirical operator norm],empirical-operator-norm,,,9.0,18.0,mizuta2026-theorem6,5.000000000000001,0.0009000000000000001,,,,,,,,,,,,,,,,,,,,,,,,,,,,,,,,,,,,,,,,,,,,,,,,,,,,,0.0009000000000000001,,,,,,,,,,,,,,,,,,,,,,,,,,,,,,,,,,,,,,,,,,,0.1.0,3.11.9,2.5.0,b58b31db18364511c43757e27fffc7abce8df2c1,True,missing_empirical,UnsupportedEmpiricalCalibrationError,"no reviewed empirical operator-norm calibration for method=multiproduct, formal_order=18, model=transverse_field_ising, parameters={'coupling': 1.0, 'field': 3.0, 'periodic': False}, boundary=open, partition=None, schedule='new', formula='ordered-individual-pauli-strang-mpf-v1'"
1.0,transverse_field_ising:N089,-3.0,commutator,,9.0,78633.0,2.0,a8fa234e-a646-4911-8402-a67c302db4ae,2026-08-12T00:11:58.358108+00:00,c1ad72de628f71283ac69037e9bbe97c3e773952f5abde5eac91397ca322d1a6,resource-grid,transverse_field_ising,TFIM-89,"{""coupling"":1.0,""field"":3.0,""periodic"":false}",89,89.0,proportional,1.0,0.001,355.0,177,mpf-j-mizuta2026-theorem6-mizuta2026-commutator-ideal-rigorous,multiproduct,MPF J=Mizuta Theorem 6 (resolved per point) [Mizuta 2026 refined commutator],mizuta2026-commutator-ideal-rigorous,analytical,,9.0,18.0,mizuta2026-theorem6,5.000000000000001,0.0009000000000000001,78633.0,78633.0,,54448.0,"[""error""]",152.94129384106031,18.0,,,1.143271359239889e-08,1.321398236803119e-28,2.9018106453488184e-42,1.3213982368030897e-28,1.321398236803119e-28,1.1432713592398892e-08,0.0008997971014459655,1.7287176516619422e-05,False,0.0016346141301760207,"[1.0000000000000002,1.0000000000000002,1.0000000000000002,1.0000000000000002,1.0000000000000002,1.0000000000000002,1.0000000000000002,1.0000000000000002,1.0000000000000002,1.0000000000000002,1.0000000000000002,1.0000000000000002,1.0000000000000002,1.0000000000000002,1.0000000000000002,1.0000000000000002,1.0000000000000002,1.0000000000000002,1.0000000000000002,1.0000000000000002,1.0000000000000002,1.0000000000000002,1.0000000000000002,1.0000000000000002,1.0000000000000002,1.0000000000000002,1.0000000000000002,1.0000000000000002,1.0000000000000002,1.0000000000000002,1.0000000000000002,1.0000000000000002,1.0000000000000002,1.0000000000000002,1.0000000000000002,1.0000000000000002,1.0000000000000002,1.0000000000000002,1.0000000000000002,1.0000000000000002,1.0000000000000002,1.0000000000000002,1.0000000000000002,1.0000000000000002,1.0000000000000002,1.0000000000000002,1.0000000000000002,1.0000000000000002,1.0000000000000002,1.0000000000000002,1.0000000000000002,1.0000000000000002,1.0000000000000002,1.0000000000000002,1.0000000000000002,1.0000000000000002,1.0000000000000002,1.0000000000000002,1.0000000000000002,1.0000000000000002,1.0000000000000002,1.0000000000000002,1.0000000000000002,1.0000000000000002,1.0000000000000002,1.0000000000000002,1.0000000000000002,1.0000000000000002,1.0000000000000002,1.0000000000000002,1.0000000000000002,1.0000000000000002,1.0000000000000002,1.0000000000000002,1.0000000000000002,1.0000000000000002,1.0000000000000002,1.0000000000000002,1.0000000000000002,1.0000000000000002,1.0000000000000002,1.0000000000000002,1.0000000000000002,1.0000000000000002,1.0000000000000002,1.0000000000000002,1.0000000000000002,1.0000000000000002,1.0000000000000002,1.0000000000000002,1.0000000000000002,1.0000000000000002,1.0000000000000002,1.0000000000000002,1.0000000000000002,1.0000000000000002,1.0000000000000002,1.0000000000000002,1.0000000000000002,1.0000000000000002,1.0000000000000002,1.0000000000000002,1.0000000000000002,1.0000000000000002,1.0000000000000002,1.0000000000000002,1.0000000000000002,1.0000000000000002,1.0000000000000002,1.0000000000000002,1.0000000000000002,1.0000000000000002,1.0000000000000002,1.0000000000000002,1.0000000000000002,1.0000000000000002,1.0000000000000002,1.0000000000000002,1.0000000000000002,1.0000000000000002,1.0000000000000002,1.0000000000000002,1.0000000000000002,1.0000000000000002,1.0000000000000002,1.0000000000000002,1.0000000000000002,1.0000000000000002,1.0000000000000002,1.0000000000000002,1.0000000000000002,1.0000000000000002,1.0000000000000002,1.0000000000000002,1.0000000000000002,1.0000000000000002,1.0000000000000002,1.0000000000000002,1.0000000000000002,1.0000000000000002,1.0000000000000002,1.0000000000000002,1.0000000000000002,1.0000000000000002,1.0000000000000002,1.0000000000000002,1.0000000000000002,1.0000000000000002,1.0000000000000002,1.0000000000000002,1.0000000000000002,1.0000000000000002,1.0000000000000002,1.0000000000000002,1.0000000000000002,1.0000000000000002,1.0000000000000002,1.0000000000000002,1.0000000000000002,1.0000000000000002,1.0000000000000002,1.0000000000000002,1.0000000000000002,1.0000000000000002,1.0000000000000002,1.0000000000000002,1.0000000000000002,1.0000000000000002,1.0000000000000002,1.0000000000000002,1.0000000000000002,1.0000000000000002,1.0000000000000002,1.0000000000000002,1.0000000000000002,1.0000000000000002,1.0000000000000002]",5.0000000000000036,17.0,True,exact commutator transition cap reached; locality bound used,not-used,commutator,mizuta2026-commutator-ideal-rigorous,[],18871920.0,,,,0.0008997971014459655,1.087004283473059e+48,mizuta2026-commutator-ideal-rigorous,"Mizuta, Quantum 10, 1974 (2026), arXiv:2507.06557v4","Theorem 4, Eqs. (47)--(49), with direct Lemmas 9--10 BCH remainder","{""error_predicate_satisfied"":1.0,""extensiveness_g"":5.000000000000001,""joint_predicate_satisfied"":1.0,""legacy_first_condition_passed"":0.0,""legacy_first_time_limit"":1.7287176516619422e-05,""local_commutator_error"":1.143271359239889e-08,""local_step_error"":1.1432713592398892e-08,""local_truncated_bch_error"":1.321398236803119e-28,""locality_k"":2.0,""mu_upper"":152.94129384106031,""refined_lemma10_remainder"":1.3213982368030897e-28,""refined_lemma9_remainder"":2.9018106453488184e-42,""refined_tail_fallback"":0.0,""repeated_global_error"":0.0008997971014459655,""schedule_weighted_extensiveness"":5.0000000000000036,""second_time_limit"":0.0016346141301760207,""time_2_predicate_satisfied"":1.0,""total_branchwise_bch_remainder"":1.321398236803119e-28,""truncation_order_p0"":18.0}",True,ideal-mpf,True,ordered individual Pauli terms,"[""individual Pauli summands define the ordered H_gamma decomposition"",""the actual Strang factors define schedule-weighted g_alpha extensiveness"",""Lemma 9 and Lemma 10 positive majorants directly certify the BCH remainder"",""the scalar-flow/Cauchy refined tail certificate is used"",""Theorem 4 second time hypothesis is satisfied"",""the repeated ideal MPF is composed with the Eq. (15) telescoping argument""]","exact Pauli recurrence would require 269217 transitions at order 18, above cap 250000; remaining orders use Mizuta 2026 Eq. (8)",18.0,17.0,True,True,"{""2"":2112.000000000002,""3"":33744.00000000005,""4"":437856.000000001,""5"":6996288.0000000205,""6"":95599104.00000036,""7"":1527651840.000007,""8"":21592366080.000114,""9"":345068332032.0021,""10"":4990024826880.033,""11"":79751565484032.6,""12"":1171981014171657.5,""13"":1.8732045550190756e+16,""14"":2.7853937024041222e+17,""15"":4.452212203592659e+18,""16"":6.679876190887078e+19,""17"":1.0677736568554049e+21,""18"":2.0746194846052442e+39}",repeated-shared-ancilla-good-block,True,False,0.0009000000000000001,new,"[1,2,3,4,5,6,8,14,37]","[1.967691252631999e-13,-3.445506091008736e-08,2.544222523112307e-05,-0.0016199636587070087,0.021324279661958864,-0.07100801545469856,0.14994672471728007,-0.4079534241993221,1.3092849911631212]",1.9611628755355768,0.03883712446442322,80.0,registered-exact,True,9.0,4.0,2.0,5.0,11.0,5.0,6.0,3.0,2.0,3.0,2.0,one robust OAA round per segment,78633.0,branch register all-zero,,96.0,13330652490.0,9042795.0,-1.0,1959642087210.0,20009924765.0,analytical-model,0.0001,,,,,,,,,,,,0.1.0,3.11.9,2.5.0,b58b31db18364511c43757e27fffc7abce8df2c1,True,ok,,
1.0,transverse_field_ising:N089,-3.1,commutator,1101775.0,,,2.0,a8fa234e-a646-4911-8402-a67c302db4ae,2026-08-12T00:11:58.358108+00:00,c1ad72de628f71283ac69037e9bbe97c3e773952f5abde5eac91397ca322d1a6,resource-grid,transverse_field_ising,TFIM-89,"{""coupling"":1.0,""field"":3.0,""periodic"":false}",89,89.0,proportional,1.0,0.0007943282347242813,355.0,177,trotter-p2,trotter,Trotter p=2,analytical,analytical,2.0,,,,,,1101775.0,,,,,,,,,,,,,,,,,,,,,,,,,,,,,,individual,177.0,0.0007148949766530448,1231.0,childs-commutator,"Childs, Su, Tran, Wiebe, and Zhu, arXiv:1912.08854",Propositions 9--10,"{""prefactor"":1231.0}",True,implemented-product-formula,True,,"[""the resolved ordered Hamiltonian groups match the implemented formula""]",,,,,,,implemented-product-formula,True,True,0.0007148954112518532,,,,,,,,,,,,,,,,,,,1.0,none,0.0,system register,1.0,89.0,388926575.0,0.0,-1.0,51338307900.0,386729250.0,analytical-model,7.943282347242814e-05,,,,,,,,,,,,0.1.0,3.11.9,2.5.0,b58b31db18364511c43757e27fffc7abce8df2c1,True,ok,,
1.0,transverse_field_ising:N089,-3.1,empirical,289881.0,,,2.0,a8fa234e-a646-4911-8402-a67c302db4ae,2026-08-12T00:11:58.358108+00:00,c1ad72de628f71283ac69037e9bbe97c3e773952f5abde5eac91397ca322d1a6,resource-grid,transverse_field_ising,TFIM-89,"{""coupling"":1.0,""field"":3.0,""periodic"":false}",89,89.0,proportional,1.0,0.0007943282347242813,355.0,177,trotter-p2-empirical,trotter,Trotter p=2 [empirical],empirical-operator-norm,empirical,2.0,,,,,,289881.0,,,,,,,,,,,,,,,,,,,,,,,,,,,,,,individual,177.0,0.0007148918415787988,85.2137784292,empirical-operator-norm,Repository empirical operator-norm calibration study v1 (2026-08-10),reviewed calibration opnorm-v1-tfim-open-trotter-p2; artifact docs/calibration_data/empirical_1d_v1_accepted.json,"{""prefactor"":85.2137784292}",False,implemented-product-formula,False,,"[""the resolved ordered Hamiltonian groups match the implemented formula"",""the fixed formal-order powers in time and segments apply"",""the reviewed affine size calibration extrapolates as flagged""]",,,,,,,implemented-product-formula,False,False,0.0007148954112518532,,,,,,,,,,,,,,,,,,,1.0,none,0.0,system register,1.0,89.0,102327993.0,0.0,-1.0,12995655111.0,101749869.0,analytical-model,7.943282347242814e-05,opnorm-v1-tfim-open-trotter-p2,transverse_field_ising,affine-aN-plus-b,85.2137784292,4.0,12.0,4.0,12.0,True,True,formula,0.1.0,3.11.9,2.5.0,b58b31db18364511c43757e27fffc7abce8df2c1,True,ok,,
1.0,transverse_field_ising:N089,-3.1,commutator,20727.0,,,2.0,a8fa234e-a646-4911-8402-a67c302db4ae,2026-08-12T00:11:58.358108+00:00,c1ad72de628f71283ac69037e9bbe97c3e773952f5abde5eac91397ca322d1a6,resource-grid,transverse_field_ising,TFIM-89,"{""coupling"":1.0,""field"":3.0,""periodic"":false}",89,89.0,proportional,1.0,0.0007943282347242813,355.0,177,trotter-p4,trotter,Trotter p=4,analytical,analytical,4.0,,,,,,20727.0,,,,,,,,,,,,,,,,,,,,,,,,,,,,,,commuting,2.0,0.0007147956210072509,23625.316736077137,schubert-mendl-commutator,"Schubert and Mendl, arXiv:2306.10603",Theorem 1,"{""prefactor"":23625.316736077137}",True,implemented-product-formula,True,,"[""the resolved ordered Hamiltonian groups match the implemented formula""]",,,,,,,implemented-product-formula,True,True,0.0007148954112518532,,,,,,,,,,,,,,,,,,,1.0,none,0.0,system register,1.0,89.0,27566910.0,0.0,-1.0,3335596110.0,27411165.0,analytical-model,7.943282347242814e-05,,,,,,,,,,,,0.1.0,3.11.9,2.5.0,b58b31db18364511c43757e27fffc7abce8df2c1,True,ok,,
1.0,transverse_field_ising:N089,-3.1,empirical,4137.0,,,2.0,a8fa234e-a646-4911-8402-a67c302db4ae,2026-08-12T00:11:58.358108+00:00,c1ad72de628f71283ac69037e9bbe97c3e773952f5abde5eac91397ca322d1a6,resource-grid,transverse_field_ising,TFIM-89,"{""coupling"":1.0,""field"":3.0,""periodic"":false}",89,89.0,proportional,1.0,0.0007943282347242813,355.0,177,trotter-p4-empirical,trotter,Trotter p=4 [empirical],empirical-operator-norm,empirical,4.0,,,,,,4137.0,,,,,,,,,,,,,,,,,,,,,,,,,,,,,,commuting,2.0,0.0007146753669994554,37.4887417028,empirical-operator-norm,Repository empirical operator-norm calibration study v1 (2026-08-10),reviewed calibration opnorm-v1-tfim-open-trotter-p4; artifact docs/calibration_data/empirical_1d_v1_accepted.json,"{""prefactor"":37.4887417028}",False,implemented-product-formula,False,,"[""the resolved ordered Hamiltonian groups match the implemented formula"",""the fixed formal-order powers in time and segments apply"",""the reviewed affine size calibration extrapolates as flagged""]",,,,,,,implemented-product-formula,False,False,0.0007148954112518532,,,,,,,,,,,,,,,,,,,1.0,none,0.0,system register,1.0,89.0,5502210.0,0.0,-1.0,627251940.0,5471125.0,analytical-model,7.943282347242814e-05,opnorm-v1-tfim-open-trotter-p4,transverse_field_ising,affine-aN-plus-b,37.4887417028,4.0,12.0,4.0,12.0,True,True,formula,0.1.0,3.11.9,2.5.0,b58b31db18364511c43757e27fffc7abce8df2c1,True,ok,,
1.0,transverse_field_ising:N089,-3.1,commutator,7964.0,,,2.0,a8fa234e-a646-4911-8402-a67c302db4ae,2026-08-12T00:11:58.358108+00:00,c1ad72de628f71283ac69037e9bbe97c3e773952f5abde5eac91397ca322d1a6,resource-grid,transverse_field_ising,TFIM-89,"{""coupling"":1.0,""field"":3.0,""periodic"":false}",89,89.0,proportional,1.0,0.0007943282347242813,355.0,177,trotter-p6,trotter,Trotter p=6,analytical,analytical,6.0,,,,,,7964.0,,,,,,,,,,,,,,,,,,,,,,,,,,,,,,commuting,2.0,0.0007143766318185873,4120830.026684159,schubert-mendl-commutator,"Schubert and Mendl, arXiv:2306.10603",Theorem 1,"{""prefactor"":4120830.026684159}",True,implemented-product-formula,True,,"[""the resolved ordered Hamiltonian groups match the implemented formula""]",,,,,,,implemented-product-formula,True,True,0.0007148954112518532,,,,,,,,,,,,,,,,,,,1.0,none,0.0,system register,1.0,89.0,52960600.0,0.0,-1.0,6567114400.0,52661388.0,analytical-model,7.943282347242814e-05,,,,,,,,,,,,0.1.0,3.11.9,2.5.0,b58b31db18364511c43757e27fffc7abce8df2c1,True,ok,,
1.0,transverse_field_ising:N089,-3.1,empirical,712.0,,,2.0,a8fa234e-a646-4911-8402-a67c302db4ae,2026-08-12T00:11:58.358108+00:00,c1ad72de628f71283ac69037e9bbe97c3e773952f5abde5eac91397ca322d1a6,resource-grid,transverse_field_ising,TFIM-89,"{""coupling"":1.0,""field"":3.0,""periodic"":false}",89,89.0,proportional,1.0,0.0007943282347242813,355.0,177,trotter-p6-empirical,trotter,Trotter p=6 [empirical],empirical-operator-norm,empirical,6.0,,,,,,712.0,,,,,,,,,,,,,,,,,,,,,,,,,,,,,,commuting,2.0,0.00020519860730361896,0.604399817,empirical-operator-norm,Repository empirical operator-norm calibration study v1 (2026-08-10),reviewed calibration opnorm-v1-tfim-open-trotter-p6; artifact docs/calibration_data/empirical_1d_v1_accepted.json,"{""prefactor"":0.604399817}",False,implemented-product-formula,False,,"[""the resolved ordered Hamiltonian groups match the implemented formula"",""the fixed formal-order powers in time and segments apply"",""the reviewed affine size calibration extrapolates as flagged""]",,,,,,,implemented-product-formula,False,False,0.0007148954112518532,,,,,,,,,,,,,,,,,,,1.0,none,0.0,system register,1.0,89.0,4734800.0,0.0,-1.0,535032400.0,4708050.0,analytical-model,7.943282347242814e-05,opnorm-v1-tfim-open-trotter-p6,transverse_field_ising,affine-aN-plus-b,0.604399817,4.0,12.0,4.0,12.0,True,True,asymptotic-domain,0.1.0,3.11.9,2.5.0,b58b31db18364511c43757e27fffc7abce8df2c1,True,ok,,
1.0,transverse_field_ising:N089,-3.1,jacobi-anger,,,,2.0,a8fa234e-a646-4911-8402-a67c302db4ae,2026-08-12T00:11:58.358108+00:00,c1ad72de628f71283ac69037e9bbe97c3e773952f5abde5eac91397ca322d1a6,resource-grid,transverse_field_ising,TFIM-89,"{""coupling"":1.0,""field"":3.0,""periodic"":false}",89,89.0,proportional,1.0,0.0007943282347242813,355.0,177,qsvt,qsvt,QSVT,jacobi-anger-rigorous,analytical,,,,,,,,,,,,,,,,,,,,,,,,,,,,,,,,,,,257679.0,42947.0,,,0.00011627944092423473,,jacobi-anger-polynomial-oaa,"Martyn et al., arXiv:2105.02859, Eqs. (76)--(77)",Jacobi--Anger tails plus exact cubic OAA identity,"{""oaa-unitarity-defect-distortion"":5.8142255460492536e-05,""scaled-polynomial-error"":5.81371854637422e-05}",True,ideal-qsvt-oaa-good-block,True,,"[""the cosine and sine polynomials are implemented exactly"",""the unamplified good block is exactly Q/2""]",,,,,,,implemented-qsvt-floating-phase-circuit,False,False,0.0007148954112518532,,,,,,,,,,,,,,,,,,,2.0,one robust OAA round,1.0,"component, quadrature, and index registers all-zero",,107.0,131931660.0,369511812.0,-1.0,18365299728.0,2416256739.0,analytical-model,7.943282347242814e-05,,,,,,,,,,,,0.1.0,3.11.9,2.5.0,b58b31db18364511c43757e27fffc7abce8df2c1,True,ok,,
1.0,transverse_field_ising:N089,-3.1,empirical,,9.0,,2.0,a8fa234e-a646-4911-8402-a67c302db4ae,2026-08-12T00:11:58.358108+00:00,c1ad72de628f71283ac69037e9bbe97c3e773952f5abde5eac91397ca322d1a6,resource-grid,transverse_field_ising,TFIM-89,"{""coupling"":1.0,""field"":3.0,""periodic"":false}",89,89.0,proportional,1.0,0.0007943282347242813,355.0,177,mpf-j-mizuta2026-theorem6-empirical-operator-norm,multiproduct,MPF J=Mizuta Theorem 6 (resolved per point) [empirical operator norm],empirical-operator-norm,,,9.0,18.0,mizuta2026-theorem6,5.000000000000001,0.0007148954112518532,,,,,,,,,,,,,,,,,,,,,,,,,,,,,,,,,,,,,,,,,,,,,,,,,,,,,0.0007148954112518532,,,,,,,,,,,,,,,,,,,,,,,,,,,,,,,,,,,,,,,,,,,0.1.0,3.11.9,2.5.0,b58b31db18364511c43757e27fffc7abce8df2c1,True,missing_empirical,UnsupportedEmpiricalCalibrationError,"no reviewed empirical operator-norm calibration for method=multiproduct, formal_order=18, model=transverse_field_ising, parameters={'coupling': 1.0, 'field': 3.0, 'periodic': False}, boundary=open, partition=None, schedule='new', formula='ordered-individual-pauli-strang-mpf-v1'"
1.0,transverse_field_ising:N089,-3.1,commutator,,9.0,79644.0,2.0,a8fa234e-a646-4911-8402-a67c302db4ae,2026-08-12T00:11:58.358108+00:00,c1ad72de628f71283ac69037e9bbe97c3e773952f5abde5eac91397ca322d1a6,resource-grid,transverse_field_ising,TFIM-89,"{""coupling"":1.0,""field"":3.0,""periodic"":false}",89,89.0,proportional,1.0,0.0007943282347242813,355.0,177,mpf-j-mizuta2026-theorem6-mizuta2026-commutator-ideal-rigorous,multiproduct,MPF J=Mizuta Theorem 6 (resolved per point) [Mizuta 2026 refined commutator],mizuta2026-commutator-ideal-rigorous,analytical,,9.0,18.0,mizuta2026-theorem6,5.000000000000001,0.0007148954112518532,79644.0,79644.0,,54448.0,"[""error""]",152.94129384106031,18.0,,,8.968775880582429e-09,1.0351998722247573e-28,2.2759249610132622e-42,1.0351998722247342e-28,1.0351998722247573e-28,8.96877588058243e-09,0.0007148195997104031,1.7287176516619422e-05,False,0.0016346141301760207,"[1.0000000000000002,1.0000000000000002,1.0000000000000002,1.0000000000000002,1.0000000000000002,1.0000000000000002,1.0000000000000002,1.0000000000000002,1.0000000000000002,1.0000000000000002,1.0000000000000002,1.0000000000000002,1.0000000000000002,1.0000000000000002,1.0000000000000002,1.0000000000000002,1.0000000000000002,1.0000000000000002,1.0000000000000002,1.0000000000000002,1.0000000000000002,1.0000000000000002,1.0000000000000002,1.0000000000000002,1.0000000000000002,1.0000000000000002,1.0000000000000002,1.0000000000000002,1.0000000000000002,1.0000000000000002,1.0000000000000002,1.0000000000000002,1.0000000000000002,1.0000000000000002,1.0000000000000002,1.0000000000000002,1.0000000000000002,1.0000000000000002,1.0000000000000002,1.0000000000000002,1.0000000000000002,1.0000000000000002,1.0000000000000002,1.0000000000000002,1.0000000000000002,1.0000000000000002,1.0000000000000002,1.0000000000000002,1.0000000000000002,1.0000000000000002,1.0000000000000002,1.0000000000000002,1.0000000000000002,1.0000000000000002,1.0000000000000002,1.0000000000000002,1.0000000000000002,1.0000000000000002,1.0000000000000002,1.0000000000000002,1.0000000000000002,1.0000000000000002,1.0000000000000002,1.0000000000000002,1.0000000000000002,1.0000000000000002,1.0000000000000002,1.0000000000000002,1.0000000000000002,1.0000000000000002,1.0000000000000002,1.0000000000000002,1.0000000000000002,1.0000000000000002,1.0000000000000002,1.0000000000000002,1.0000000000000002,1.0000000000000002,1.0000000000000002,1.0000000000000002,1.0000000000000002,1.0000000000000002,1.0000000000000002,1.0000000000000002,1.0000000000000002,1.0000000000000002,1.0000000000000002,1.0000000000000002,1.0000000000000002,1.0000000000000002,1.0000000000000002,1.0000000000000002,1.0000000000000002,1.0000000000000002,1.0000000000000002,1.0000000000000002,1.0000000000000002,1.0000000000000002,1.0000000000000002,1.0000000000000002,1.0000000000000002,1.0000000000000002,1.0000000000000002,1.0000000000000002,1.0000000000000002,1.0000000000000002,1.0000000000000002,1.0000000000000002,1.0000000000000002,1.0000000000000002,1.0000000000000002,1.0000000000000002,1.0000000000000002,1.0000000000000002,1.0000000000000002,1.0000000000000002,1.0000000000000002,1.0000000000000002,1.0000000000000002,1.0000000000000002,1.0000000000000002,1.0000000000000002,1.0000000000000002,1.0000000000000002,1.0000000000000002,1.0000000000000002,1.0000000000000002,1.0000000000000002,1.0000000000000002,1.0000000000000002,1.0000000000000002,1.0000000000000002,1.0000000000000002,1.0000000000000002,1.0000000000000002,1.0000000000000002,1.0000000000000002,1.0000000000000002,1.0000000000000002,1.0000000000000002,1.0000000000000002,1.0000000000000002,1.0000000000000002,1.0000000000000002,1.0000000000000002,1.0000000000000002,1.0000000000000002,1.0000000000000002,1.0000000000000002,1.0000000000000002,1.0000000000000002,1.0000000000000002,1.0000000000000002,1.0000000000000002,1.0000000000000002,1.0000000000000002,1.0000000000000002,1.0000000000000002,1.0000000000000002,1.0000000000000002,1.0000000000000002,1.0000000000000002,1.0000000000000002,1.0000000000000002,1.0000000000000002,1.0000000000000002,1.0000000000000002,1.0000000000000002,1.0000000000000002,1.0000000000000002,1.0000000000000002,1.0000000000000002,1.0000000000000002,1.0000000000000002,1.0000000000000002,1.0000000000000002,1.0000000000000002]",5.0000000000000036,17.0,True,exact commutator transition cap reached; locality bound used,not-used,commutator,mizuta2026-commutator-ideal-rigorous,[],19114560.0,,,,0.0007148195997104031,1.087004283473059e+48,mizuta2026-commutator-ideal-rigorous,"Mizuta, Quantum 10, 1974 (2026), arXiv:2507.06557v4","Theorem 4, Eqs. (47)--(49), with direct Lemmas 9--10 BCH remainder","{""error_predicate_satisfied"":1.0,""extensiveness_g"":5.000000000000001,""joint_predicate_satisfied"":1.0,""legacy_first_condition_passed"":0.0,""legacy_first_time_limit"":1.7287176516619422e-05,""local_commutator_error"":8.968775880582429e-09,""local_step_error"":8.96877588058243e-09,""local_truncated_bch_error"":1.0351998722247573e-28,""locality_k"":2.0,""mu_upper"":152.94129384106031,""refined_lemma10_remainder"":1.0351998722247342e-28,""refined_lemma9_remainder"":2.2759249610132622e-42,""refined_tail_fallback"":0.0,""repeated_global_error"":0.0007148195997104031,""schedule_weighted_extensiveness"":5.0000000000000036,""second_time_limit"":0.0016346141301760207,""time_2_predicate_satisfied"":1.0,""total_branchwise_bch_remainder"":1.0351998722247573e-28,""truncation_order_p0"":18.0}",True,ideal-mpf,True,ordered individual Pauli terms,"[""individual Pauli summands define the ordered H_gamma decomposition"",""the actual Strang factors define schedule-weighted g_alpha extensiveness"",""Lemma 9 and Lemma 10 positive majorants directly certify the BCH remainder"",""the scalar-flow/Cauchy refined tail certificate is used"",""Theorem 4 second time hypothesis is satisfied"",""the repeated ideal MPF is composed with the Eq. (15) telescoping argument""]","exact Pauli recurrence would require 269217 transitions at order 18, above cap 250000; remaining orders use Mizuta 2026 Eq. (8)",18.0,17.0,True,True,"{""2"":2112.000000000002,""3"":33744.00000000005,""4"":437856.000000001,""5"":6996288.0000000205,""6"":95599104.00000036,""7"":1527651840.000007,""8"":21592366080.000114,""9"":345068332032.0021,""10"":4990024826880.033,""11"":79751565484032.6,""12"":1171981014171657.5,""13"":1.8732045550190756e+16,""14"":2.7853937024041222e+17,""15"":4.452212203592659e+18,""16"":6.679876190887078e+19,""17"":1.0677736568554049e+21,""18"":2.0746194846052442e+39}",repeated-shared-ancilla-good-block,True,False,0.0007148954112518532,new,"[1,2,3,4,5,6,8,14,37]","[1.967691252631999e-13,-3.445506091008736e-08,2.544222523112307e-05,-0.0016199636587070087,0.021324279661958864,-0.07100801545469856,0.14994672471728007,-0.4079534241993221,1.3092849911631212]",1.9611628755355768,0.03883712446442322,80.0,registered-exact,True,9.0,4.0,2.0,5.0,11.0,5.0,6.0,3.0,2.0,3.0,2.0,one robust OAA round per segment,79644.0,branch register all-zero,,96.0,13502047320.0,9159060.0,-1.0,1998339639600.0,20267196316.0,analytical-model,7.943282347242814e-05,,,,,,,,,,,,0.1.0,3.11.9,2.5.0,b58b31db18364511c43757e27fffc7abce8df2c1,True,ok,,
1.0,transverse_field_ising:N089,-3.2,commutator,1236212.0,,,2.0,a8fa234e-a646-4911-8402-a67c302db4ae,2026-08-12T00:11:58.358108+00:00,c1ad72de628f71283ac69037e9bbe97c3e773952f5abde5eac91397ca322d1a6,resource-grid,transverse_field_ising,TFIM-89,"{""coupling"":1.0,""field"":3.0,""periodic"":false}",89,89.0,proportional,1.0,0.000630957344480193,355.0,177,trotter-p2,trotter,Trotter p=2,analytical,analytical,2.0,,,,,,1236212.0,,,,,,,,,,,,,,,,,,,,,,,,,,,,,,individual,177.0,0.0005678611568589171,1231.0,childs-commutator,"Childs, Su, Tran, Wiebe, and Zhu, arXiv:1912.08854",Propositions 9--10,"{""prefactor"":1231.0}",True,implemented-product-formula,True,,"[""the resolved ordered Hamiltonian groups match the implemented formula""]",,,,,,,implemented-product-formula,True,True,0.0005678616100321737,,,,,,,,,,,,,,,,,,,1.0,none,0.0,system register,1.0,89.0,436382836.0,0.0,-1.0,58475300024.0,433917397.0,analytical-model,6.30957344480193e-05,,,,,,,,,,,,0.1.0,3.11.9,2.5.0,b58b31db18364511c43757e27fffc7abce8df2c1,True,ok,,
1.0,transverse_field_ising:N089,-3.2,empirical,325252.0,,,2.0,a8fa234e-a646-4911-8402-a67c302db4ae,2026-08-12T00:11:58.358108+00:00,c1ad72de628f71283ac69037e9bbe97c3e773952f5abde5eac91397ca322d1a6,resource-grid,transverse_field_ising,TFIM-89,"{""coupling"":1.0,""field"":3.0,""periodic"":false}",89,89.0,proportional,1.0,0.000630957344480193,355.0,177,trotter-p2-empirical,trotter,Trotter p=2 [empirical],empirical-operator-norm,empirical,2.0,,,,,,325252.0,,,,,,,,,,,,,,,,,,,,,,,,,,,,,,individual,177.0,0.0005678581863504304,85.2137784292,empirical-operator-norm,Repository empirical operator-norm calibration study v1 (2026-08-10),reviewed calibration opnorm-v1-tfim-open-trotter-p2; artifact docs/calibration_data/empirical_1d_v1_accepted.json,"{""prefactor"":85.2137784292}",False,implemented-product-formula,False,,"[""the resolved ordered Hamiltonian groups match the implemented formula"",""the fixed formal-order powers in time and segments apply"",""the reviewed affine size calibration extrapolates as flagged""]",,,,,,,implemented-product-formula,False,False,0.0005678616100321737,,,,,,,,,,,,,,,,,,,1.0,none,0.0,system register,1.0,89.0,114813956.0,0.0,-1.0,14696186368.0,114165290.0,analytical-model,6.30957344480193e-05,opnorm-v1-tfim-open-trotter-p2,transverse_field_ising,affine-aN-plus-b,85.2137784292,4.0,12.0,4.0,12.0,True,True,formula,0.1.0,3.11.9,2.5.0,b58b31db18364511c43757e27fffc7abce8df2c1,True,ok,,
1.0,transverse_field_ising:N089,-3.2,commutator,21955.0,,,2.0,a8fa234e-a646-4911-8402-a67c302db4ae,2026-08-12T00:11:58.358108+00:00,c1ad72de628f71283ac69037e9bbe97c3e773952f5abde5eac91397ca322d1a6,resource-grid,transverse_field_ising,TFIM-89,"{""coupling"":1.0,""field"":3.0,""periodic"":false}",89,89.0,proportional,1.0,0.000630957344480193,355.0,177,trotter-p4,trotter,Trotter p=4,analytical,analytical,4.0,,,,,,21955.0,,,,,,,,,,,,,,,,,,,,,,,,,,,,,,commuting,2.0,0.0005677980636309782,23625.316736077137,schubert-mendl-commutator,"Schubert and Mendl, arXiv:2306.10603",Theorem 1,"{""prefactor"":23625.316736077137}",True,implemented-product-formula,True,,"[""the resolved ordered Hamiltonian groups match the implemented formula""]",,,,,,,implemented-product-formula,True,True,0.0005678616100321737,,,,,,,,,,,,,,,,,,,1.0,none,0.0,system register,1.0,89.0,29200150.0,0.0,-1.0,3562418300.0,29035178.0,analytical-model,6.30957344480193e-05,,,,,,,,,,,,0.1.0,3.11.9,2.5.0,b58b31db18364511c43757e27fffc7abce8df2c1,True,ok,,
1.0,transverse_field_ising:N089,-3.2,empirical,4382.0,,,2.0,a8fa234e-a646-4911-8402-a67c302db4ae,2026-08-12T00:11:58.358108+00:00,c1ad72de628f71283ac69037e9bbe97c3e773952f5abde5eac91397ca322d1a6,resource-grid,transverse_field_ising,TFIM-89,"{""coupling"":1.0,""field"":3.0,""periodic"":false}",89,89.0,proportional,1.0,0.000630957344480193,355.0,177,trotter-p4-empirical,trotter,Trotter p=4 [empirical],empirical-operator-norm,empirical,4.0,,,,,,4382.0,,,,,,,,,,,,,,,,,,,,,,,,,,,,,,commuting,2.0,0.0005677555705972527,37.4887417028,empirical-operator-norm,Repository empirical operator-norm calibration study v1 (2026-08-10),reviewed calibration opnorm-v1-tfim-open-trotter-p4; artifact docs/calibration_data/empirical_1d_v1_accepted.json,"{""prefactor"":37.4887417028}",False,implemented-product-formula,False,,"[""the resolved ordered Hamiltonian groups match the implemented formula"",""the fixed formal-order powers in time and segments apply"",""the reviewed affine size calibration extrapolates as flagged""]",,,,,,,implemented-product-formula,False,False,0.0005678616100321737,,,,,,,,,,,,,,,,,,,1.0,none,0.0,system register,1.0,89.0,5828060.0,0.0,-1.0,670226900.0,5795134.0,analytical-model,6.30957344480193e-05,opnorm-v1-tfim-open-trotter-p4,transverse_field_ising,affine-aN-plus-b,37.4887417028,4.0,12.0,4.0,12.0,True,True,formula,0.1.0,3.11.9,2.5.0,b58b31db18364511c43757e27fffc7abce8df2c1,True,ok,,
1.0,transverse_field_ising:N089,-3.2,commutator,8275.0,,,2.0,a8fa234e-a646-4911-8402-a67c302db4ae,2026-08-12T00:11:58.358108+00:00,c1ad72de628f71283ac69037e9bbe97c3e773952f5abde5eac91397ca322d1a6,resource-grid,transverse_field_ising,TFIM-89,"{""coupling"":1.0,""field"":3.0,""periodic"":false}",89,89.0,proportional,1.0,0.000630957344480193,355.0,177,trotter-p6,trotter,Trotter p=6,analytical,analytical,6.0,,,,,,8275.0,,,,,,,,,,,,,,,,,,,,,,,,,,,,,,commuting,2.0,0.0005676841036365911,4120830.026684159,schubert-mendl-commutator,"Schubert and Mendl, arXiv:2306.10603",Theorem 1,"{""prefactor"":4120830.026684159}",True,implemented-product-formula,True,,"[""the resolved ordered Hamiltonian groups match the implemented formula""]",,,,,,,implemented-product-formula,True,True,0.0005678616100321737,,,,,,,,,,,,,,,,,,,1.0,none,0.0,system register,1.0,89.0,55028750.0,0.0,-1.0,6878593750.0,54717854.0,analytical-model,6.30957344480193e-05,,,,,,,,,,,,0.1.0,3.11.9,2.5.0,b58b31db18364511c43757e27fffc7abce8df2c1,True,ok,,
1.0,transverse_field_ising:N089,-3.2,empirical,712.0,,,2.0,a8fa234e-a646-4911-8402-a67c302db4ae,2026-08-12T00:11:58.358108+00:00,c1ad72de628f71283ac69037e9bbe97c3e773952f5abde5eac91397ca322d1a6,resource-grid,transverse_field_ising,TFIM-89,"{""coupling"":1.0,""field"":3.0,""periodic"":false}",89,89.0,proportional,1.0,0.000630957344480193,355.0,177,trotter-p6-empirical,trotter,Trotter p=6 [empirical],empirical-operator-norm,empirical,6.0,,,,,,712.0,,,,,,,,,,,,,,,,,,,,,,,,,,,,,,commuting,2.0,0.00020519860730361896,0.604399817,empirical-operator-norm,Repository empirical operator-norm calibration study v1 (2026-08-10),reviewed calibration opnorm-v1-tfim-open-trotter-p6; artifact docs/calibration_data/empirical_1d_v1_accepted.json,"{""prefactor"":0.604399817}",False,implemented-product-formula,False,,"[""the resolved ordered Hamiltonian groups match the implemented formula"",""the fixed formal-order powers in time and segments apply"",""the reviewed affine size calibration extrapolates as flagged""]",,,,,,,implemented-product-formula,False,False,0.0005678616100321737,,,,,,,,,,,,,,,,,,,1.0,none,0.0,system register,1.0,89.0,4734800.0,0.0,-1.0,539767200.0,4708050.0,analytical-model,6.30957344480193e-05,opnorm-v1-tfim-open-trotter-p6,transverse_field_ising,affine-aN-plus-b,0.604399817,4.0,12.0,4.0,12.0,True,True,asymptotic-domain,0.1.0,3.11.9,2.5.0,b58b31db18364511c43757e27fffc7abce8df2c1,True,ok,,
1.0,transverse_field_ising:N089,-3.2,jacobi-anger,,,,2.0,a8fa234e-a646-4911-8402-a67c302db4ae,2026-08-12T00:11:58.358108+00:00,c1ad72de628f71283ac69037e9bbe97c3e773952f5abde5eac91397ca322d1a6,resource-grid,transverse_field_ising,TFIM-89,"{""coupling"":1.0,""field"":3.0,""periodic"":false}",89,89.0,proportional,1.0,0.000630957344480193,355.0,177,qsvt,qsvt,QSVT,jacobi-anger-rigorous,analytical,,,,,,,,,,,,,,,,,,,,,,,,,,,,,,,,,,,257679.0,42947.0,,,9.994132823955043e-05,,jacobi-anger-polynomial-oaa,"Martyn et al., arXiv:2105.02859, Eqs. (76)--(77)",Jacobi--Anger tails plus exact cubic OAA identity,"{""oaa-unitarity-defect-distortion"":4.9972536811054364e-05,""scaled-polynomial-error"":4.996879142849607e-05}",True,ideal-qsvt-oaa-good-block,True,,"[""the cosine and sine polynomials are implemented exactly"",""the unamplified good block is exactly Q/2""]",,,,,,,implemented-qsvt-floating-phase-circuit,False,False,0.0005678616100321737,,,,,,,,,,,,,,,,,,,2.0,one robust OAA round,1.0,"component, quadrature, and index registers all-zero",,107.0,131931660.0,369511812.0,-1.0,18497231388.0,2416256739.0,analytical-model,6.30957344480193e-05,,,,,,,,,,,,0.1.0,3.11.9,2.5.0,b58b31db18364511c43757e27fffc7abce8df2c1,True,ok,,
1.0,transverse_field_ising:N089,-3.2,empirical,,10.0,,2.0,a8fa234e-a646-4911-8402-a67c302db4ae,2026-08-12T00:11:58.358108+00:00,c1ad72de628f71283ac69037e9bbe97c3e773952f5abde5eac91397ca322d1a6,resource-grid,transverse_field_ising,TFIM-89,"{""coupling"":1.0,""field"":3.0,""periodic"":false}",89,89.0,proportional,1.0,0.000630957344480193,355.0,177,mpf-j-mizuta2026-theorem6-empirical-operator-norm,multiproduct,MPF J=Mizuta Theorem 6 (resolved per point) [empirical operator norm],empirical-operator-norm,,,10.0,20.0,mizuta2026-theorem6,5.000000000000001,0.0005678616100321737,,,,,,,,,,,,,,,,,,,,,,,,,,,,,,,,,,,,,,,,,,,,,,,,,,,,,0.0005678616100321737,,,,,,,,,,,,,,,,,,,,,,,,,,,,,,,,,,,,,,,,,,,0.1.0,3.11.9,2.5.0,b58b31db18364511c43757e27fffc7abce8df2c1,True,missing_empirical,UnsupportedEmpiricalCalibrationError,"no reviewed empirical operator-norm calibration for method=multiproduct, formal_order=20, model=transverse_field_ising, parameters={'coupling': 1.0, 'field': 3.0, 'periodic': False}, boundary=open, partition=None, schedule='new', formula='ordered-individual-pauli-strang-mpf-v1'"
1.0,transverse_field_ising:N089,-3.2,commutator,,10.0,81536.0,2.0,a8fa234e-a646-4911-8402-a67c302db4ae,2026-08-12T00:11:58.358108+00:00,c1ad72de628f71283ac69037e9bbe97c3e773952f5abde5eac91397ca322d1a6,resource-grid,transverse_field_ising,TFIM-89,"{""coupling"":1.0,""field"":3.0,""periodic"":false}",89,89.0,proportional,1.0,0.000630957344480193,355.0,177,mpf-j-mizuta2026-theorem6-mizuta2026-commutator-ideal-rigorous,multiproduct,MPF J=Mizuta Theorem 6 (resolved per point) [Mizuta 2026 refined commutator],mizuta2026-commutator-ideal-rigorous,analytical,,10.0,20.0,mizuta2026-theorem6,5.000000000000001,0.0005678616100321737,81536.0,81536.0,,61002.0,"[""error""]",171.35134914728454,20.0,,,6.96027292013109e-09,5.812889851271143e-32,4.420258974227703e-48,5.812889851271142e-32,5.812889851271143e-32,6.9602729201310905e-09,0.0005678349710620525,1.555845886495748e-05,False,0.0014589905550443799,"[1.0000000000000002,1.0000000000000002,1.0000000000000002,1.0000000000000002,1.0000000000000002,1.0000000000000002,1.0000000000000002,1.0000000000000002,1.0000000000000002,1.0000000000000002,1.0000000000000002,1.0000000000000002,1.0000000000000002,1.0000000000000002,1.0000000000000002,1.0000000000000002,1.0000000000000002,1.0000000000000002,1.0000000000000002,1.0000000000000002,1.0000000000000002,1.0000000000000002,1.0000000000000002,1.0000000000000002,1.0000000000000002,1.0000000000000002,1.0000000000000002,1.0000000000000002,1.0000000000000002,1.0000000000000002,1.0000000000000002,1.0000000000000002,1.0000000000000002,1.0000000000000002,1.0000000000000002,1.0000000000000002,1.0000000000000002,1.0000000000000002,1.0000000000000002,1.0000000000000002,1.0000000000000002,1.0000000000000002,1.0000000000000002,1.0000000000000002,1.0000000000000002,1.0000000000000002,1.0000000000000002,1.0000000000000002,1.0000000000000002,1.0000000000000002,1.0000000000000002,1.0000000000000002,1.0000000000000002,1.0000000000000002,1.0000000000000002,1.0000000000000002,1.0000000000000002,1.0000000000000002,1.0000000000000002,1.0000000000000002,1.0000000000000002,1.0000000000000002,1.0000000000000002,1.0000000000000002,1.0000000000000002,1.0000000000000002,1.0000000000000002,1.0000000000000002,1.0000000000000002,1.0000000000000002,1.0000000000000002,1.0000000000000002,1.0000000000000002,1.0000000000000002,1.0000000000000002,1.0000000000000002,1.0000000000000002,1.0000000000000002,1.0000000000000002,1.0000000000000002,1.0000000000000002,1.0000000000000002,1.0000000000000002,1.0000000000000002,1.0000000000000002,1.0000000000000002,1.0000000000000002,1.0000000000000002,1.0000000000000002,1.0000000000000002,1.0000000000000002,1.0000000000000002,1.0000000000000002,1.0000000000000002,1.0000000000000002,1.0000000000000002,1.0000000000000002,1.0000000000000002,1.0000000000000002,1.0000000000000002,1.0000000000000002,1.0000000000000002,1.0000000000000002,1.0000000000000002,1.0000000000000002,1.0000000000000002,1.0000000000000002,1.0000000000000002,1.0000000000000002,1.0000000000000002,1.0000000000000002,1.0000000000000002,1.0000000000000002,1.0000000000000002,1.0000000000000002,1.0000000000000002,1.0000000000000002,1.0000000000000002,1.0000000000000002,1.0000000000000002,1.0000000000000002,1.0000000000000002,1.0000000000000002,1.0000000000000002,1.0000000000000002,1.0000000000000002,1.0000000000000002,1.0000000000000002,1.0000000000000002,1.0000000000000002,1.0000000000000002,1.0000000000000002,1.0000000000000002,1.0000000000000002,1.0000000000000002,1.0000000000000002,1.0000000000000002,1.0000000000000002,1.0000000000000002,1.0000000000000002,1.0000000000000002,1.0000000000000002,1.0000000000000002,1.0000000000000002,1.0000000000000002,1.0000000000000002,1.0000000000000002,1.0000000000000002,1.0000000000000002,1.0000000000000002,1.0000000000000002,1.0000000000000002,1.0000000000000002,1.0000000000000002,1.0000000000000002,1.0000000000000002,1.0000000000000002,1.0000000000000002,1.0000000000000002,1.0000000000000002,1.0000000000000002,1.0000000000000002,1.0000000000000002,1.0000000000000002,1.0000000000000002,1.0000000000000002,1.0000000000000002,1.0000000000000002,1.0000000000000002,1.0000000000000002,1.0000000000000002,1.0000000000000002,1.0000000000000002,1.0000000000000002,1.0000000000000002,1.0000000000000002,1.0000000000000002]",5.0000000000000036,17.0,True,exact commutator transition cap reached; locality bound used,not-used,commutator,mizuta2026-commutator-ideal-rigorous,[],24950016.0,,,,0.0005678349710620525,1.1060469722284659e+54,mizuta2026-commutator-ideal-rigorous,"Mizuta, Quantum 10, 1974 (2026), arXiv:2507.06557v4","Theorem 4, Eqs. (47)--(49), with direct Lemmas 9--10 BCH remainder","{""error_predicate_satisfied"":1.0,""extensiveness_g"":5.000000000000001,""joint_predicate_satisfied"":1.0,""legacy_first_condition_passed"":0.0,""legacy_first_time_limit"":1.555845886495748e-05,""local_commutator_error"":6.96027292013109e-09,""local_step_error"":6.9602729201310905e-09,""local_truncated_bch_error"":5.812889851271143e-32,""locality_k"":2.0,""mu_upper"":171.35134914728454,""refined_lemma10_remainder"":5.812889851271142e-32,""refined_lemma9_remainder"":4.420258974227703e-48,""refined_tail_fallback"":0.0,""repeated_global_error"":0.0005678349710620525,""schedule_weighted_extensiveness"":5.0000000000000036,""second_time_limit"":0.0014589905550443799,""time_2_predicate_satisfied"":1.0,""total_branchwise_bch_remainder"":5.812889851271143e-32,""truncation_order_p0"":20.0}",True,ideal-mpf,True,ordered individual Pauli terms,"[""individual Pauli summands define the ordered H_gamma decomposition"",""the actual Strang factors define schedule-weighted g_alpha extensiveness"",""Lemma 9 and Lemma 10 positive majorants directly certify the BCH remainder"",""the scalar-flow/Cauchy refined tail certificate is used"",""Theorem 4 second time hypothesis is satisfied"",""the repeated ideal MPF is composed with the Eq. (15) telescoping argument""]","exact Pauli recurrence would require 269217 transitions at order 18, above cap 250000; remaining orders use Mizuta 2026 Eq. (8)",20.0,17.0,True,True,"{""2"":2112.000000000002,""3"":33744.00000000005,""4"":437856.000000001,""5"":6996288.0000000205,""6"":95599104.00000036,""7"":1527651840.000007,""8"":21592366080.000114,""9"":345068332032.0021,""10"":4990024826880.033,""11"":79751565484032.6,""12"":1171981014171657.5,""13"":1.8732045550190756e+16,""14"":2.7853937024041222e+17,""15"":4.452212203592659e+18,""16"":6.679876190887078e+19,""17"":1.0677736568554049e+21,""18"":2.0746194846052442e+39,""19"":7.468630144578908e+41,""20"":2.8380794549399876e+44}",repeated-shared-ancilla-good-block,True,False,0.0005678616100321737,new,"[1,2,3,4,5,6,7,10,18,46]","[-1.018659142049789e-15,7.422846929019768e-10,-1.3257582359573536e-06,0.00016899488366474386,-0.004245967231050632,0.03062942826404365,-0.06314501886386865,0.12451536167559175,-0.4127707622244733,1.3248492885120446]",1.960326148155259,0.03967385184474104,102.0,registered-exact,True,10.0,5.0,2.0,6.0,12.0,4.0,6.0,3.0,2.0,3.0,2.0,one robust OAA round per segment,81536.0,branch register all-zero,,96.0,17622049536.0,10599680.0,-1.0,2643349829120.0,26444385697.0,analytical-model,6.30957344480193e-05,,,,,,,,,,,,0.1.0,3.11.9,2.5.0,b58b31db18364511c43757e27fffc7abce8df2c1,True,ok,,
1.0,transverse_field_ising:N089,-3.3,commutator,1387053.0,,,2.0,a8fa234e-a646-4911-8402-a67c302db4ae,2026-08-12T00:11:58.358108+00:00,c1ad72de628f71283ac69037e9bbe97c3e773952f5abde5eac91397ca322d1a6,resource-grid,transverse_field_ising,TFIM-89,"{""coupling"":1.0,""field"":3.0,""periodic"":false}",89,89.0,proportional,1.0,0.0005011872336272725,355.0,177,trotter-p2,trotter,Trotter p=2,analytical,analytical,2.0,,,,,,1387053.0,,,,,,,,,,,,,,,,,,,,,,,,,,,,,,individual,177.0,0.0004510679404971192,1231.0,childs-commutator,"Childs, Su, Tran, Wiebe, and Zhu, arXiv:1912.08854",Propositions 9--10,"{""prefactor"":1231.0}",True,implemented-product-formula,True,,"[""the resolved ordered Hamiltonian groups match the implemented formula""]",,,,,,,implemented-product-formula,True,True,0.0004510685102645453,,,,,,,,,,,,,,,,,,,1.0,none,0.0,system register,1.0,89.0,489629709.0,0.0,-1.0,66100010715.0,486863440.0,analytical-model,5.011872336272726e-05,,,,,,,,,,,,0.1.0,3.11.9,2.5.0,b58b31db18364511c43757e27fffc7abce8df2c1,True,ok,,
1.0,transverse_field_ising:N089,-3.3,empirical,364938.0,,,2.0,a8fa234e-a646-4911-8402-a67c302db4ae,2026-08-12T00:11:58.358108+00:00,c1ad72de628f71283ac69037e9bbe97c3e773952f5abde5eac91397ca322d1a6,resource-grid,transverse_field_ising,TFIM-89,"{""coupling"":1.0,""field"":3.0,""periodic"":false}",89,89.0,proportional,1.0,0.0005011872336272725,355.0,177,trotter-p2-empirical,trotter,Trotter p=2 [empirical],empirical-operator-norm,empirical,2.0,,,,,,364938.0,,,,,,,,,,,,,,,,,,,,,,,,,,,,,,individual,177.0,0.00045106763559945857,85.2137784292,empirical-operator-norm,Repository empirical operator-norm calibration study v1 (2026-08-10),reviewed calibration opnorm-v1-tfim-open-trotter-p2; artifact docs/calibration_data/empirical_1d_v1_accepted.json,"{""prefactor"":85.2137784292}",False,implemented-product-formula,False,,"[""the resolved ordered Hamiltonian groups match the implemented formula"",""the fixed formal-order powers in time and segments apply"",""the reviewed affine size calibration extrapolates as flagged""]",,,,,,,implemented-product-formula,False,False,0.0004510685102645453,,,,,,,,,,,,,,,,,,,1.0,none,0.0,system register,1.0,89.0,128823114.0,0.0,-1.0,16747004820.0,128095300.0,analytical-model,5.011872336272726e-05,opnorm-v1-tfim-open-trotter-p2,transverse_field_ising,affine-aN-plus-b,85.2137784292,4.0,12.0,4.0,12.0,True,True,formula,0.1.0,3.11.9,2.5.0,b58b31db18364511c43757e27fffc7abce8df2c1,True,ok,,
1.0,transverse_field_ising:N089,-3.3,commutator,23256.0,,,2.0,a8fa234e-a646-4911-8402-a67c302db4ae,2026-08-12T00:11:58.358108+00:00,c1ad72de628f71283ac69037e9bbe97c3e773952f5abde5eac91397ca322d1a6,resource-grid,transverse_field_ising,TFIM-89,"{""coupling"":1.0,""field"":3.0,""periodic"":false}",89,89.0,proportional,1.0,0.0005011872336272725,355.0,177,trotter-p4,trotter,Trotter p=4,analytical,analytical,4.0,,,,,,23256.0,,,,,,,,,,,,,,,,,,,,,,,,,,,,,,commuting,2.0,0.00045101148136931926,23625.316736077137,schubert-mendl-commutator,"Schubert and Mendl, arXiv:2306.10603",Theorem 1,"{""prefactor"":23625.316736077137}",True,implemented-product-formula,True,,"[""the resolved ordered Hamiltonian groups match the implemented formula""]",,,,,,,implemented-product-formula,True,True,0.0004510685102645453,,,,,,,,,,,,,,,,,,,1.0,none,0.0,system register,1.0,89.0,30930480.0,0.0,-1.0,3804449040.0,30755732.0,analytical-model,5.011872336272726e-05,,,,,,,,,,,,0.1.0,3.11.9,2.5.0,b58b31db18364511c43757e27fffc7abce8df2c1,True,ok,,
1.0,transverse_field_ising:N089,-3.3,empirical,4642.0,,,2.0,a8fa234e-a646-4911-8402-a67c302db4ae,2026-08-12T00:11:58.358108+00:00,c1ad72de628f71283ac69037e9bbe97c3e773952f5abde5eac91397ca322d1a6,resource-grid,transverse_field_ising,TFIM-89,"{""coupling"":1.0,""field"":3.0,""periodic"":false}",89,89.0,proportional,1.0,0.0005011872336272725,355.0,177,trotter-p4-empirical,trotter,Trotter p=4 [empirical],empirical-operator-norm,empirical,4.0,,,,,,4642.0,,,,,,,,,,,,,,,,,,,,,,,,,,,,,,commuting,2.0,0.0004508482128268402,37.4887417028,empirical-operator-norm,Repository empirical operator-norm calibration study v1 (2026-08-10),reviewed calibration opnorm-v1-tfim-open-trotter-p4; artifact docs/calibration_data/empirical_1d_v1_accepted.json,"{""prefactor"":37.4887417028}",False,implemented-product-formula,False,,"[""the resolved ordered Hamiltonian groups match the implemented formula"",""the fixed formal-order powers in time and segments apply"",""the reviewed affine size calibration extrapolates as flagged""]",,,,,,,implemented-product-formula,False,False,0.0004510685102645453,,,,,,,,,,,,,,,,,,,1.0,none,0.0,system register,1.0,89.0,6173860.0,0.0,-1.0,716167760.0,6138980.0,analytical-model,5.011872336272726e-05,opnorm-v1-tfim-open-trotter-p4,transverse_field_ising,affine-aN-plus-b,37.4887417028,4.0,12.0,4.0,12.0,True,True,formula,0.1.0,3.11.9,2.5.0,b58b31db18364511c43757e27fffc7abce8df2c1,True,ok,,
1.0,transverse_field_ising:N089,-3.3,commutator,8599.0,,,2.0,a8fa234e-a646-4911-8402-a67c302db4ae,2026-08-12T00:11:58.358108+00:00,c1ad72de628f71283ac69037e9bbe97c3e773952f5abde5eac91397ca322d1a6,resource-grid,transverse_field_ising,TFIM-89,"{""coupling"":1.0,""field"":3.0,""periodic"":false}",89,89.0,proportional,1.0,0.0005011872336272725,355.0,177,trotter-p6,trotter,Trotter p=6,analytical,analytical,6.0,,,,,,8599.0,,,,,,,,,,,,,,,,,,,,,,,,,,,,,,commuting,2.0,0.0004508447888804737,4120830.026684159,schubert-mendl-commutator,"Schubert and Mendl, arXiv:2306.10603",Theorem 1,"{""prefactor"":4120830.026684159}",True,implemented-product-formula,True,,"[""the resolved ordered Hamiltonian groups match the implemented formula""]",,,,,,,implemented-product-formula,True,True,0.0004510685102645453,,,,,,,,,,,,,,,,,,,1.0,none,0.0,system register,1.0,89.0,57183350.0,0.0,-1.0,7205102100.0,56860281.0,analytical-model,5.011872336272726e-05,,,,,,,,,,,,0.1.0,3.11.9,2.5.0,b58b31db18364511c43757e27fffc7abce8df2c1,True,ok,,
1.0,transverse_field_ising:N089,-3.3,empirical,712.0,,,2.0,a8fa234e-a646-4911-8402-a67c302db4ae,2026-08-12T00:11:58.358108+00:00,c1ad72de628f71283ac69037e9bbe97c3e773952f5abde5eac91397ca322d1a6,resource-grid,transverse_field_ising,TFIM-89,"{""coupling"":1.0,""field"":3.0,""periodic"":false}",89,89.0,proportional,1.0,0.0005011872336272725,355.0,177,trotter-p6-empirical,trotter,Trotter p=6 [empirical],empirical-operator-norm,empirical,6.0,,,,,,712.0,,,,,,,,,,,,,,,,,,,,,,,,,,,,,,commuting,2.0,0.00020519860730361896,0.604399817,empirical-operator-norm,Repository empirical operator-norm calibration study v1 (2026-08-10),reviewed calibration opnorm-v1-tfim-open-trotter-p6; artifact docs/calibration_data/empirical_1d_v1_accepted.json,"{""prefactor"":0.604399817}",False,implemented-product-formula,False,,"[""the resolved ordered Hamiltonian groups match the implemented formula"",""the fixed formal-order powers in time and segments apply"",""the reviewed affine size calibration extrapolates as flagged""]",,,,,,,implemented-product-formula,False,False,0.0004510685102645453,,,,,,,,,,,,,,,,,,,1.0,none,0.0,system register,1.0,89.0,4734800.0,0.0,-1.0,544502000.0,4708050.0,analytical-model,5.011872336272726e-05,opnorm-v1-tfim-open-trotter-p6,transverse_field_ising,affine-aN-plus-b,0.604399817,4.0,12.0,4.0,12.0,True,True,asymptotic-domain,0.1.0,3.11.9,2.5.0,b58b31db18364511c43757e27fffc7abce8df2c1,True,ok,,
1.0,transverse_field_ising:N089,-3.3,jacobi-anger,,,,2.0,a8fa234e-a646-4911-8402-a67c302db4ae,2026-08-12T00:11:58.358108+00:00,c1ad72de628f71283ac69037e9bbe97c3e773952f5abde5eac91397ca322d1a6,resource-grid,transverse_field_ising,TFIM-89,"{""coupling"":1.0,""field"":3.0,""periodic"":false}",89,89.0,proportional,1.0,0.0005011872336272725,355.0,177,qsvt,qsvt,QSVT,jacobi-anger-rigorous,analytical,,,,,,,,,,,,,,,,,,,,,,,,,,,,,,,,,,,257679.0,42947.0,,,8.696364668738581e-05,,jacobi-anger-polynomial-oaa,"Martyn et al., arXiv:2105.02859, Eqs. (76)--(77)",Jacobi--Anger tails plus exact cubic OAA identity,"{""oaa-unitarity-defect-distortion"":4.348324127348455e-05,""scaled-polynomial-error"":4.348040541390126e-05}",True,ideal-qsvt-oaa-good-block,True,,"[""the cosine and sine polynomials are implemented exactly"",""the unamplified good block is exactly Q/2""]",,,,,,,implemented-qsvt-floating-phase-circuit,False,False,0.0004510685102645453,,,,,,,,,,,,,,,,,,,2.0,one robust OAA round,1.0,"component, quadrature, and index registers all-zero",,107.0,131931660.0,369511812.0,-1.0,18629163048.0,2416256739.0,analytical-model,5.011872336272726e-05,,,,,,,,,,,,0.1.0,3.11.9,2.5.0,b58b31db18364511c43757e27fffc7abce8df2c1,True,ok,,
1.0,transverse_field_ising:N089,-3.3,empirical,,10.0,,2.0,a8fa234e-a646-4911-8402-a67c302db4ae,2026-08-12T00:11:58.358108+00:00,c1ad72de628f71283ac69037e9bbe97c3e773952f5abde5eac91397ca322d1a6,resource-grid,transverse_field_ising,TFIM-89,"{""coupling"":1.0,""field"":3.0,""periodic"":false}",89,89.0,proportional,1.0,0.0005011872336272725,355.0,177,mpf-j-mizuta2026-theorem6-empirical-operator-norm,multiproduct,MPF J=Mizuta Theorem 6 (resolved per point) [empirical operator norm],empirical-operator-norm,,,10.0,20.0,mizuta2026-theorem6,5.000000000000001,0.0004510685102645453,,,,,,,,,,,,,,,,,,,,,,,,,,,,,,,,,,,,,,,,,,,,,,,,,,,,,0.0004510685102645453,,,,,,,,,,,,,,,,,,,,,,,,,,,,,,,,,,,,,,,,,,,0.1.0,3.11.9,2.5.0,b58b31db18364511c43757e27fffc7abce8df2c1,True,missing_empirical,UnsupportedEmpiricalCalibrationError,"no reviewed empirical operator-norm calibration for method=multiproduct, formal_order=20, model=transverse_field_ising, parameters={'coupling': 1.0, 'field': 3.0, 'periodic': False}, boundary=open, partition=None, schedule='new', formula='ordered-individual-pauli-strang-mpf-v1'"
1.0,transverse_field_ising:N089,-3.3,commutator,,10.0,82480.0,2.0,a8fa234e-a646-4911-8402-a67c302db4ae,2026-08-12T00:11:58.358108+00:00,c1ad72de628f71283ac69037e9bbe97c3e773952f5abde5eac91397ca322d1a6,resource-grid,transverse_field_ising,TFIM-89,"{""coupling"":1.0,""field"":3.0,""periodic"":false}",89,89.0,proportional,1.0,0.0005011872336272725,355.0,177,mpf-j-mizuta2026-theorem6-mizuta2026-commutator-ideal-rigorous,multiproduct,MPF J=Mizuta Theorem 6 (resolved per point) [Mizuta 2026 refined commutator],mizuta2026-commutator-ideal-rigorous,analytical,,10.0,20.0,mizuta2026-theorem6,5.000000000000001,0.0004510685102645453,82480.0,82480.0,,61002.0,"[""error""]",171.35134914728454,20.0,,,5.46565245846678e-09,4.5588257957593527e-32,3.470430918459317e-48,4.5588257957593516e-32,4.5588257957593527e-32,5.465652458466781e-09,0.000451010285088244,1.555845886495748e-05,False,0.0014589905550443799,"[1.0000000000000002,1.0000000000000002,1.0000000000000002,1.0000000000000002,1.0000000000000002,1.0000000000000002,1.0000000000000002,1.0000000000000002,1.0000000000000002,1.0000000000000002,1.0000000000000002,1.0000000000000002,1.0000000000000002,1.0000000000000002,1.0000000000000002,1.0000000000000002,1.0000000000000002,1.0000000000000002,1.0000000000000002,1.0000000000000002,1.0000000000000002,1.0000000000000002,1.0000000000000002,1.0000000000000002,1.0000000000000002,1.0000000000000002,1.0000000000000002,1.0000000000000002,1.0000000000000002,1.0000000000000002,1.0000000000000002,1.0000000000000002,1.0000000000000002,1.0000000000000002,1.0000000000000002,1.0000000000000002,1.0000000000000002,1.0000000000000002,1.0000000000000002,1.0000000000000002,1.0000000000000002,1.0000000000000002,1.0000000000000002,1.0000000000000002,1.0000000000000002,1.0000000000000002,1.0000000000000002,1.0000000000000002,1.0000000000000002,1.0000000000000002,1.0000000000000002,1.0000000000000002,1.0000000000000002,1.0000000000000002,1.0000000000000002,1.0000000000000002,1.0000000000000002,1.0000000000000002,1.0000000000000002,1.0000000000000002,1.0000000000000002,1.0000000000000002,1.0000000000000002,1.0000000000000002,1.0000000000000002,1.0000000000000002,1.0000000000000002,1.0000000000000002,1.0000000000000002,1.0000000000000002,1.0000000000000002,1.0000000000000002,1.0000000000000002,1.0000000000000002,1.0000000000000002,1.0000000000000002,1.0000000000000002,1.0000000000000002,1.0000000000000002,1.0000000000000002,1.0000000000000002,1.0000000000000002,1.0000000000000002,1.0000000000000002,1.0000000000000002,1.0000000000000002,1.0000000000000002,1.0000000000000002,1.0000000000000002,1.0000000000000002,1.0000000000000002,1.0000000000000002,1.0000000000000002,1.0000000000000002,1.0000000000000002,1.0000000000000002,1.0000000000000002,1.0000000000000002,1.0000000000000002,1.0000000000000002,1.0000000000000002,1.0000000000000002,1.0000000000000002,1.0000000000000002,1.0000000000000002,1.0000000000000002,1.0000000000000002,1.0000000000000002,1.0000000000000002,1.0000000000000002,1.0000000000000002,1.0000000000000002,1.0000000000000002,1.0000000000000002,1.0000000000000002,1.0000000000000002,1.0000000000000002,1.0000000000000002,1.0000000000000002,1.0000000000000002,1.0000000000000002,1.0000000000000002,1.0000000000000002,1.0000000000000002,1.0000000000000002,1.0000000000000002,1.0000000000000002,1.0000000000000002,1.0000000000000002,1.0000000000000002,1.0000000000000002,1.0000000000000002,1.0000000000000002,1.0000000000000002,1.0000000000000002,1.0000000000000002,1.0000000000000002,1.0000000000000002,1.0000000000000002,1.0000000000000002,1.0000000000000002,1.0000000000000002,1.0000000000000002,1.0000000000000002,1.0000000000000002,1.0000000000000002,1.0000000000000002,1.0000000000000002,1.0000000000000002,1.0000000000000002,1.0000000000000002,1.0000000000000002,1.0000000000000002,1.0000000000000002,1.0000000000000002,1.0000000000000002,1.0000000000000002,1.0000000000000002,1.0000000000000002,1.0000000000000002,1.0000000000000002,1.0000000000000002,1.0000000000000002,1.0000000000000002,1.0000000000000002,1.0000000000000002,1.0000000000000002,1.0000000000000002,1.0000000000000002,1.0000000000000002,1.0000000000000002,1.0000000000000002,1.0000000000000002,1.0000000000000002,1.0000000000000002,1.0000000000000002,1.0000000000000002]",5.0000000000000036,17.0,True,exact commutator transition cap reached; locality bound used,not-used,commutator,mizuta2026-commutator-ideal-rigorous,[],25238880.0,,,,0.000451010285088244,1.1060469722284659e+54,mizuta2026-commutator-ideal-rigorous,"Mizuta, Quantum 10, 1974 (2026), arXiv:2507.06557v4","Theorem 4, Eqs. (47)--(49), with direct Lemmas 9--10 BCH remainder","{""error_predicate_satisfied"":1.0,""extensiveness_g"":5.000000000000001,""joint_predicate_satisfied"":1.0,""legacy_first_condition_passed"":0.0,""legacy_first_time_limit"":1.555845886495748e-05,""local_commutator_error"":5.46565245846678e-09,""local_step_error"":5.465652458466781e-09,""local_truncated_bch_error"":4.5588257957593527e-32,""locality_k"":2.0,""mu_upper"":171.35134914728454,""refined_lemma10_remainder"":4.5588257957593516e-32,""refined_lemma9_remainder"":3.470430918459317e-48,""refined_tail_fallback"":0.0,""repeated_global_error"":0.000451010285088244,""schedule_weighted_extensiveness"":5.0000000000000036,""second_time_limit"":0.0014589905550443799,""time_2_predicate_satisfied"":1.0,""total_branchwise_bch_remainder"":4.5588257957593527e-32,""truncation_order_p0"":20.0}",True,ideal-mpf,True,ordered individual Pauli terms,"[""individual Pauli summands define the ordered H_gamma decomposition"",""the actual Strang factors define schedule-weighted g_alpha extensiveness"",""Lemma 9 and Lemma 10 positive majorants directly certify the BCH remainder"",""the scalar-flow/Cauchy refined tail certificate is used"",""Theorem 4 second time hypothesis is satisfied"",""the repeated ideal MPF is composed with the Eq. (15) telescoping argument""]","exact Pauli recurrence would require 269217 transitions at order 18, above cap 250000; remaining orders use Mizuta 2026 Eq. (8)",20.0,17.0,True,True,"{""2"":2112.000000000002,""3"":33744.00000000005,""4"":437856.000000001,""5"":6996288.0000000205,""6"":95599104.00000036,""7"":1527651840.000007,""8"":21592366080.000114,""9"":345068332032.0021,""10"":4990024826880.033,""11"":79751565484032.6,""12"":1171981014171657.5,""13"":1.8732045550190756e+16,""14"":2.7853937024041222e+17,""15"":4.452212203592659e+18,""16"":6.679876190887078e+19,""17"":1.0677736568554049e+21,""18"":2.0746194846052442e+39,""19"":7.468630144578908e+41,""20"":2.8380794549399876e+44}",repeated-shared-ancilla-good-block,True,False,0.0004510685102645453,new,"[1,2,3,4,5,6,7,10,18,46]","[-1.018659142049789e-15,7.422846929019768e-10,-1.3257582359573536e-06,0.00016899488366474386,-0.004245967231050632,0.03062942826404365,-0.06314501886386865,0.12451536167559175,-0.4127707622244733,1.3248492885120446]",1.960326148155259,0.03967385184474104,102.0,registered-exact,True,10.0,5.0,2.0,6.0,12.0,4.0,6.0,3.0,2.0,3.0,2.0,one robust OAA round per segment,82480.0,branch register all-zero,,96.0,17826072480.0,10722400.0,-1.0,2691779834080.0,26750551073.0,analytical-model,5.011872336272726e-05,,,,,,,,,,,,0.1.0,3.11.9,2.5.0,b58b31db18364511c43757e27fffc7abce8df2c1,True,ok,,
1.0,transverse_field_ising:N089,-3.4,commutator,1556299.0,,,2.0,a8fa234e-a646-4911-8402-a67c302db4ae,2026-08-12T00:11:58.358108+00:00,c1ad72de628f71283ac69037e9bbe97c3e773952f5abde5eac91397ca322d1a6,resource-grid,transverse_field_ising,TFIM-89,"{""coupling"":1.0,""field"":3.0,""periodic"":false}",89,89.0,proportional,1.0,0.00039810717055349735,355.0,177,trotter-p2,trotter,Trotter p=2,analytical,analytical,2.0,,,,,,1556299.0,,,,,,,,,,,,,,,,,,,,,,,,,,,,,,individual,177.0,0.00035829602996760373,1231.0,childs-commutator,"Childs, Su, Tran, Wiebe, and Zhu, arXiv:1912.08854",Propositions 9--10,"{""prefactor"":1231.0}",True,implemented-product-formula,True,,"[""the resolved ordered Hamiltonian groups match the implemented formula""]",,,,,,,implemented-product-formula,True,True,0.00035829645349814764,,,,,,,,,,,,,,,,,,,1.0,none,0.0,system register,1.0,89.0,549373547.0,0.0,-1.0,75264175939.0,546269742.0,analytical-model,3.9810717055349735e-05,,,,,,,,,,,,0.1.0,3.11.9,2.5.0,b58b31db18364511c43757e27fffc7abce8df2c1,True,ok,,
1.0,transverse_field_ising:N089,-3.4,empirical,409467.0,,,2.0,a8fa234e-a646-4911-8402-a67c302db4ae,2026-08-12T00:11:58.358108+00:00,c1ad72de628f71283ac69037e9bbe97c3e773952f5abde5eac91397ca322d1a6,resource-grid,transverse_field_ising,TFIM-89,"{""coupling"":1.0,""field"":3.0,""periodic"":false}",89,89.0,proportional,1.0,0.00039810717055349735,355.0,177,trotter-p2-empirical,trotter,Trotter p=2 [empirical],empirical-operator-norm,empirical,2.0,,,,,,409467.0,,,,,,,,,,,,,,,,,,,,,,,,,,,,,,individual,177.0,0.0003582960574202387,85.2137784292,empirical-operator-norm,Repository empirical operator-norm calibration study v1 (2026-08-10),reviewed calibration opnorm-v1-tfim-open-trotter-p2; artifact docs/calibration_data/empirical_1d_v1_accepted.json,"{""prefactor"":85.2137784292}",False,implemented-product-formula,False,,"[""the resolved ordered Hamiltonian groups match the implemented formula"",""the fixed formal-order powers in time and segments apply"",""the reviewed affine size calibration extrapolates as flagged""]",,,,,,,implemented-product-formula,False,False,0.00035829645349814764,,,,,,,,,,,,,,,,,,,1.0,none,0.0,system register,1.0,89.0,144541851.0,0.0,-1.0,18934982481.0,143725231.0,analytical-model,3.9810717055349735e-05,opnorm-v1-tfim-open-trotter-p2,transverse_field_ising,affine-aN-plus-b,85.2137784292,4.0,12.0,4.0,12.0,True,True,formula,0.1.0,3.11.9,2.5.0,b58b31db18364511c43757e27fffc7abce8df2c1,True,ok,,
1.0,transverse_field_ising:N089,-3.4,commutator,24634.0,,,2.0,a8fa234e-a646-4911-8402-a67c302db4ae,2026-08-12T00:11:58.358108+00:00,c1ad72de628f71283ac69037e9bbe97c3e773952f5abde5eac91397ca322d1a6,resource-grid,transverse_field_ising,TFIM-89,"{""coupling"":1.0,""field"":3.0,""periodic"":false}",89,89.0,proportional,1.0,0.00039810717055349735,355.0,177,trotter-p4,trotter,Trotter p=4,analytical,analytical,4.0,,,,,,24634.0,,,,,,,,,,,,,,,,,,,,,,,,,,,,,,commuting,2.0,0.0003582514233304811,23625.316736077137,schubert-mendl-commutator,"Schubert and Mendl, arXiv:2306.10603",Theorem 1,"{""prefactor"":23625.316736077137}",True,implemented-product-formula,True,,"[""the resolved ordered Hamiltonian groups match the implemented formula""]",,,,,,,implemented-product-formula,True,True,0.00035829645349814764,,,,,,,,,,,,,,,,,,,1.0,none,0.0,system register,1.0,89.0,32763220.0,0.0,-1.0,4095402500.0,32578118.0,analytical-model,3.9810717055349735e-05,,,,,,,,,,,,0.1.0,3.11.9,2.5.0,b58b31db18364511c43757e27fffc7abce8df2c1,True,ok,,
1.0,transverse_field_ising:N089,-3.4,empirical,4917.0,,,2.0,a8fa234e-a646-4911-8402-a67c302db4ae,2026-08-12T00:11:58.358108+00:00,c1ad72de628f71283ac69037e9bbe97c3e773952f5abde5eac91397ca322d1a6,resource-grid,transverse_field_ising,TFIM-89,"{""coupling"":1.0,""field"":3.0,""periodic"":false}",89,89.0,proportional,1.0,0.00039810717055349735,355.0,177,trotter-p4-empirical,trotter,Trotter p=4 [empirical],empirical-operator-norm,empirical,4.0,,,,,,4917.0,,,,,,,,,,,,,,,,,,,,,,,,,,,,,,commuting,2.0,0.00035813771944726345,37.4887417028,empirical-operator-norm,Repository empirical operator-norm calibration study v1 (2026-08-10),reviewed calibration opnorm-v1-tfim-open-trotter-p4; artifact docs/calibration_data/empirical_1d_v1_accepted.json,"{""prefactor"":37.4887417028}",False,implemented-product-formula,False,,"[""the resolved ordered Hamiltonian groups match the implemented formula"",""the fixed formal-order powers in time and segments apply"",""the reviewed affine size calibration extrapolates as flagged""]",,,,,,,implemented-product-formula,False,False,0.00035829645349814764,,,,,,,,,,,,,,,,,,,1.0,none,0.0,system register,1.0,89.0,6539610.0,0.0,-1.0,765134370.0,6502664.0,analytical-model,3.9810717055349735e-05,opnorm-v1-tfim-open-trotter-p4,transverse_field_ising,affine-aN-plus-b,37.4887417028,4.0,12.0,4.0,12.0,True,True,formula,0.1.0,3.11.9,2.5.0,b58b31db18364511c43757e27fffc7abce8df2c1,True,ok,,
1.0,transverse_field_ising:N089,-3.4,commutator,8935.0,,,2.0,a8fa234e-a646-4911-8402-a67c302db4ae,2026-08-12T00:11:58.358108+00:00,c1ad72de628f71283ac69037e9bbe97c3e773952f5abde5eac91397ca322d1a6,resource-grid,transverse_field_ising,TFIM-89,"{""coupling"":1.0,""field"":3.0,""periodic"":false}",89,89.0,proportional,1.0,0.00039810717055349735,355.0,177,trotter-p6,trotter,Trotter p=6,analytical,analytical,6.0,,,,,,8935.0,,,,,,,,,,,,,,,,,,,,,,,,,,,,,,commuting,2.0,0.000358218001694359,4120830.026684159,schubert-mendl-commutator,"Schubert and Mendl, arXiv:2306.10603",Theorem 1,"{""prefactor"":4120830.026684159}",True,implemented-product-formula,True,,"[""the resolved ordered Hamiltonian groups match the implemented formula""]",,,,,,,implemented-product-formula,True,True,0.00035829645349814764,,,,,,,,,,,,,,,,,,,1.0,none,0.0,system register,1.0,89.0,59417750.0,0.0,-1.0,7546054250.0,59082057.0,analytical-model,3.9810717055349735e-05,,,,,,,,,,,,0.1.0,3.11.9,2.5.0,b58b31db18364511c43757e27fffc7abce8df2c1,True,ok,,
1.0,transverse_field_ising:N089,-3.4,empirical,712.0,,,2.0,a8fa234e-a646-4911-8402-a67c302db4ae,2026-08-12T00:11:58.358108+00:00,c1ad72de628f71283ac69037e9bbe97c3e773952f5abde5eac91397ca322d1a6,resource-grid,transverse_field_ising,TFIM-89,"{""coupling"":1.0,""field"":3.0,""periodic"":false}",89,89.0,proportional,1.0,0.00039810717055349735,355.0,177,trotter-p6-empirical,trotter,Trotter p=6 [empirical],empirical-operator-norm,empirical,6.0,,,,,,712.0,,,,,,,,,,,,,,,,,,,,,,,,,,,,,,commuting,2.0,0.00020519860730361896,0.604399817,empirical-operator-norm,Repository empirical operator-norm calibration study v1 (2026-08-10),reviewed calibration opnorm-v1-tfim-open-trotter-p6; artifact docs/calibration_data/empirical_1d_v1_accepted.json,"{""prefactor"":0.604399817}",False,implemented-product-formula,False,,"[""the resolved ordered Hamiltonian groups match the implemented formula"",""the fixed formal-order powers in time and segments apply"",""the reviewed affine size calibration extrapolates as flagged""]",,,,,,,implemented-product-formula,False,False,0.00035829645349814764,,,,,,,,,,,,,,,,,,,1.0,none,0.0,system register,1.0,89.0,4734800.0,0.0,-1.0,549236800.0,4708050.0,analytical-model,3.9810717055349735e-05,opnorm-v1-tfim-open-trotter-p6,transverse_field_ising,affine-aN-plus-b,0.604399817,4.0,12.0,4.0,12.0,True,True,asymptotic-domain,0.1.0,3.11.9,2.5.0,b58b31db18364511c43757e27fffc7abce8df2c1,True,ok,,
1.0,transverse_field_ising:N089,-3.4,jacobi-anger,,,,2.0,a8fa234e-a646-4911-8402-a67c302db4ae,2026-08-12T00:11:58.358108+00:00,c1ad72de628f71283ac69037e9bbe97c3e773952f5abde5eac91397ca322d1a6,resource-grid,transverse_field_ising,TFIM-89,"{""coupling"":1.0,""field"":3.0,""periodic"":false}",89,89.0,proportional,1.0,0.00039810717055349735,355.0,177,qsvt,qsvt,QSVT,jacobi-anger-rigorous,analytical,,,,,,,,,,,,,,,,,,,,,,,,,,,,,,,,,,,257679.0,42947.0,,,7.665519781811378e-05,,jacobi-anger-polynomial-oaa,"Martyn et al., arXiv:2105.02859, Eqs. (76)--(77)",Jacobi--Anger tails plus exact cubic OAA identity,"{""oaa-unitarity-defect-distortion"":3.832870061342252e-05,""scaled-polynomial-error"":3.832649720469126e-05}",True,ideal-qsvt-oaa-good-block,True,,"[""the cosine and sine polynomials are implemented exactly"",""the unamplified good block is exactly Q/2""]",,,,,,,implemented-qsvt-floating-phase-circuit,False,False,0.00035829645349814764,,,,,,,,,,,,,,,,,,,2.0,one robust OAA round,1.0,"component, quadrature, and index registers all-zero",,107.0,131931660.0,369511812.0,-1.0,18761094708.0,2416256739.0,analytical-model,3.9810717055349735e-05,,,,,,,,,,,,0.1.0,3.11.9,2.5.0,b58b31db18364511c43757e27fffc7abce8df2c1,True,ok,,
1.0,transverse_field_ising:N089,-3.4,empirical,,10.0,,2.0,a8fa234e-a646-4911-8402-a67c302db4ae,2026-08-12T00:11:58.358108+00:00,c1ad72de628f71283ac69037e9bbe97c3e773952f5abde5eac91397ca322d1a6,resource-grid,transverse_field_ising,TFIM-89,"{""coupling"":1.0,""field"":3.0,""periodic"":false}",89,89.0,proportional,1.0,0.00039810717055349735,355.0,177,mpf-j-mizuta2026-theorem6-empirical-operator-norm,multiproduct,MPF J=Mizuta Theorem 6 (resolved per point) [empirical operator norm],empirical-operator-norm,,,10.0,20.0,mizuta2026-theorem6,5.000000000000001,0.00035829645349814764,,,,,,,,,,,,,,,,,,,,,,,,,,,,,,,,,,,,,,,,,,,,,,,,,,,,,0.00035829645349814764,,,,,,,,,,,,,,,,,,,,,,,,,,,,,,,,,,,,,,,,,,,0.1.0,3.11.9,2.5.0,b58b31db18364511c43757e27fffc7abce8df2c1,True,missing_empirical,UnsupportedEmpiricalCalibrationError,"no reviewed empirical operator-norm calibration for method=multiproduct, formal_order=20, model=transverse_field_ising, parameters={'coupling': 1.0, 'field': 3.0, 'periodic': False}, boundary=open, partition=None, schedule='new', formula='ordered-individual-pauli-strang-mpf-v1'"
1.0,transverse_field_ising:N089,-3.4,commutator,,10.0,83435.0,2.0,a8fa234e-a646-4911-8402-a67c302db4ae,2026-08-12T00:11:58.358108+00:00,c1ad72de628f71283ac69037e9bbe97c3e773952f5abde5eac91397ca322d1a6,resource-grid,transverse_field_ising,TFIM-89,"{""coupling"":1.0,""field"":3.0,""periodic"":false}",89,89.0,proportional,1.0,0.00039810717055349735,355.0,177,mpf-j-mizuta2026-theorem6-mizuta2026-commutator-ideal-rigorous,multiproduct,MPF J=Mizuta Theorem 6 (resolved per point) [Mizuta 2026 refined commutator],mizuta2026-commutator-ideal-rigorous,analytical,,10.0,20.0,mizuta2026-theorem6,5.000000000000001,0.00035829645349814764,83435.0,83435.0,,61002.0,"[""error""]",171.35134914728454,20.0,,,4.291904352120072e-09,3.5753053971427593e-32,2.7246599133615045e-48,3.575305397142759e-32,3.5753053971427593e-32,4.291904352120073e-09,0.00035822329310117524,1.555845886495748e-05,False,0.0014589905550443799,"[1.0000000000000002,1.0000000000000002,1.0000000000000002,1.0000000000000002,1.0000000000000002,1.0000000000000002,1.0000000000000002,1.0000000000000002,1.0000000000000002,1.0000000000000002,1.0000000000000002,1.0000000000000002,1.0000000000000002,1.0000000000000002,1.0000000000000002,1.0000000000000002,1.0000000000000002,1.0000000000000002,1.0000000000000002,1.0000000000000002,1.0000000000000002,1.0000000000000002,1.0000000000000002,1.0000000000000002,1.0000000000000002,1.0000000000000002,1.0000000000000002,1.0000000000000002,1.0000000000000002,1.0000000000000002,1.0000000000000002,1.0000000000000002,1.0000000000000002,1.0000000000000002,1.0000000000000002,1.0000000000000002,1.0000000000000002,1.0000000000000002,1.0000000000000002,1.0000000000000002,1.0000000000000002,1.0000000000000002,1.0000000000000002,1.0000000000000002,1.0000000000000002,1.0000000000000002,1.0000000000000002,1.0000000000000002,1.0000000000000002,1.0000000000000002,1.0000000000000002,1.0000000000000002,1.0000000000000002,1.0000000000000002,1.0000000000000002,1.0000000000000002,1.0000000000000002,1.0000000000000002,1.0000000000000002,1.0000000000000002,1.0000000000000002,1.0000000000000002,1.0000000000000002,1.0000000000000002,1.0000000000000002,1.0000000000000002,1.0000000000000002,1.0000000000000002,1.0000000000000002,1.0000000000000002,1.0000000000000002,1.0000000000000002,1.0000000000000002,1.0000000000000002,1.0000000000000002,1.0000000000000002,1.0000000000000002,1.0000000000000002,1.0000000000000002,1.0000000000000002,1.0000000000000002,1.0000000000000002,1.0000000000000002,1.0000000000000002,1.0000000000000002,1.0000000000000002,1.0000000000000002,1.0000000000000002,1.0000000000000002,1.0000000000000002,1.0000000000000002,1.0000000000000002,1.0000000000000002,1.0000000000000002,1.0000000000000002,1.0000000000000002,1.0000000000000002,1.0000000000000002,1.0000000000000002,1.0000000000000002,1.0000000000000002,1.0000000000000002,1.0000000000000002,1.0000000000000002,1.0000000000000002,1.0000000000000002,1.0000000000000002,1.0000000000000002,1.0000000000000002,1.0000000000000002,1.0000000000000002,1.0000000000000002,1.0000000000000002,1.0000000000000002,1.0000000000000002,1.0000000000000002,1.0000000000000002,1.0000000000000002,1.0000000000000002,1.0000000000000002,1.0000000000000002,1.0000000000000002,1.0000000000000002,1.0000000000000002,1.0000000000000002,1.0000000000000002,1.0000000000000002,1.0000000000000002,1.0000000000000002,1.0000000000000002,1.0000000000000002,1.0000000000000002,1.0000000000000002,1.0000000000000002,1.0000000000000002,1.0000000000000002,1.0000000000000002,1.0000000000000002,1.0000000000000002,1.0000000000000002,1.0000000000000002,1.0000000000000002,1.0000000000000002,1.0000000000000002,1.0000000000000002,1.0000000000000002,1.0000000000000002,1.0000000000000002,1.0000000000000002,1.0000000000000002,1.0000000000000002,1.0000000000000002,1.0000000000000002,1.0000000000000002,1.0000000000000002,1.0000000000000002,1.0000000000000002,1.0000000000000002,1.0000000000000002,1.0000000000000002,1.0000000000000002,1.0000000000000002,1.0000000000000002,1.0000000000000002,1.0000000000000002,1.0000000000000002,1.0000000000000002,1.0000000000000002,1.0000000000000002,1.0000000000000002,1.0000000000000002,1.0000000000000002,1.0000000000000002,1.0000000000000002,1.0000000000000002,1.0000000000000002,1.0000000000000002]",5.0000000000000036,17.0,True,exact commutator transition cap reached; locality bound used,not-used,commutator,mizuta2026-commutator-ideal-rigorous,[],25531110.0,,,,0.00035822329310117524,1.1060469722284659e+54,mizuta2026-commutator-ideal-rigorous,"Mizuta, Quantum 10, 1974 (2026), arXiv:2507.06557v4","Theorem 4, Eqs. (47)--(49), with direct Lemmas 9--10 BCH remainder","{""error_predicate_satisfied"":1.0,""extensiveness_g"":5.000000000000001,""joint_predicate_satisfied"":1.0,""legacy_first_condition_passed"":0.0,""legacy_first_time_limit"":1.555845886495748e-05,""local_commutator_error"":4.291904352120072e-09,""local_step_error"":4.291904352120073e-09,""local_truncated_bch_error"":3.5753053971427593e-32,""locality_k"":2.0,""mu_upper"":171.35134914728454,""refined_lemma10_remainder"":3.575305397142759e-32,""refined_lemma9_remainder"":2.7246599133615045e-48,""refined_tail_fallback"":0.0,""repeated_global_error"":0.00035822329310117524,""schedule_weighted_extensiveness"":5.0000000000000036,""second_time_limit"":0.0014589905550443799,""time_2_predicate_satisfied"":1.0,""total_branchwise_bch_remainder"":3.5753053971427593e-32,""truncation_order_p0"":20.0}",True,ideal-mpf,True,ordered individual Pauli terms,"[""individual Pauli summands define the ordered H_gamma decomposition"",""the actual Strang factors define schedule-weighted g_alpha extensiveness"",""Lemma 9 and Lemma 10 positive majorants directly certify the BCH remainder"",""the scalar-flow/Cauchy refined tail certificate is used"",""Theorem 4 second time hypothesis is satisfied"",""the repeated ideal MPF is composed with the Eq. (15) telescoping argument""]","exact Pauli recurrence would require 269217 transitions at order 18, above cap 250000; remaining orders use Mizuta 2026 Eq. (8)",20.0,17.0,True,True,"{""2"":2112.000000000002,""3"":33744.00000000005,""4"":437856.000000001,""5"":6996288.0000000205,""6"":95599104.00000036,""7"":1527651840.000007,""8"":21592366080.000114,""9"":345068332032.0021,""10"":4990024826880.033,""11"":79751565484032.6,""12"":1171981014171657.5,""13"":1.8732045550190756e+16,""14"":2.7853937024041222e+17,""15"":4.452212203592659e+18,""16"":6.679876190887078e+19,""17"":1.0677736568554049e+21,""18"":2.0746194846052442e+39,""19"":7.468630144578908e+41,""20"":2.8380794549399876e+44}",repeated-shared-ancilla-good-block,True,False,0.00035829645349814764,new,"[1,2,3,4,5,6,7,10,18,46]","[-1.018659142049789e-15,7.422846929019768e-10,-1.3257582359573536e-06,0.00016899488366474386,-0.004245967231050632,0.03062942826404365,-0.06314501886386865,0.12451536167559175,-0.4127707622244733,1.3248492885120446]",1.960326148155259,0.03967385184474104,102.0,registered-exact,True,10.0,5.0,2.0,6.0,12.0,4.0,6.0,3.0,2.0,3.0,2.0,one robust OAA round per segment,83435.0,branch register all-zero,,96.0,18032472810.0,10846550.0,-1.0,2740979253320.0,27060284054.0,analytical-model,3.9810717055349735e-05,,,,,,,,,,,,0.1.0,3.11.9,2.5.0,b58b31db18364511c43757e27fffc7abce8df2c1,True,ok,,
1.0,transverse_field_ising:N089,-3.5,commutator,1746196.0,,,2.0,a8fa234e-a646-4911-8402-a67c302db4ae,2026-08-12T00:11:58.358108+00:00,c1ad72de628f71283ac69037e9bbe97c3e773952f5abde5eac91397ca322d1a6,resource-grid,transverse_field_ising,TFIM-89,"{""coupling"":1.0,""field"":3.0,""periodic"":false}",89,89.0,proportional,1.0,0.00031622776601683794,355.0,177,trotter-p2,trotter,Trotter p=2,analytical,analytical,2.0,,,,,,1746196.0,,,,,,,,,,,,,,,,,,,,,,,,,,,,,,individual,177.0,0.0002846047176693517,1231.0,childs-commutator,"Childs, Su, Tran, Wiebe, and Zhu, arXiv:1912.08854",Propositions 9--10,"{""prefactor"":1231.0}",True,implemented-product-formula,True,,"[""the resolved ordered Hamiltonian groups match the implemented formula""]",,,,,,,implemented-product-formula,True,True,0.0002846049894151542,,,,,,,,,,,,,,,,,,,1.0,none,0.0,system register,1.0,89.0,616407188.0,0.0,-1.0,85064191944.0,612924662.0,analytical-model,3.1622776601683795e-05,,,,,,,,,,,,0.1.0,3.11.9,2.5.0,b58b31db18364511c43757e27fffc7abce8df2c1,True,ok,,
1.0,transverse_field_ising:N089,-3.5,empirical,459430.0,,,2.0,a8fa234e-a646-4911-8402-a67c302db4ae,2026-08-12T00:11:58.358108+00:00,c1ad72de628f71283ac69037e9bbe97c3e773952f5abde5eac91397ca322d1a6,resource-grid,transverse_field_ising,TFIM-89,"{""coupling"":1.0,""field"":3.0,""periodic"":false}",89,89.0,proportional,1.0,0.00031622776601683794,355.0,177,trotter-p2-empirical,trotter,Trotter p=2 [empirical],empirical-operator-norm,empirical,2.0,,,,,,459430.0,,,,,,,,,,,,,,,,,,,,,,,,,,,,,,individual,177.0,0.00028460409302441753,85.2137784292,empirical-operator-norm,Repository empirical operator-norm calibration study v1 (2026-08-10),reviewed calibration opnorm-v1-tfim-open-trotter-p2; artifact docs/calibration_data/empirical_1d_v1_accepted.json,"{""prefactor"":85.2137784292}",False,implemented-product-formula,False,,"[""the resolved ordered Hamiltonian groups match the implemented formula"",""the fixed formal-order powers in time and segments apply"",""the reviewed affine size calibration extrapolates as flagged""]",,,,,,,implemented-product-formula,False,False,0.0002846049894151542,,,,,,,,,,,,,,,,,,,1.0,none,0.0,system register,1.0,89.0,162178790.0,0.0,-1.0,21569779070.0,161262526.0,analytical-model,3.1622776601683795e-05,opnorm-v1-tfim-open-trotter-p2,transverse_field_ising,affine-aN-plus-b,85.2137784292,4.0,12.0,4.0,12.0,True,True,formula,0.1.0,3.11.9,2.5.0,b58b31db18364511c43757e27fffc7abce8df2c1,True,ok,,
1.0,transverse_field_ising:N089,-3.5,commutator,26093.0,,,2.0,a8fa234e-a646-4911-8402-a67c302db4ae,2026-08-12T00:11:58.358108+00:00,c1ad72de628f71283ac69037e9bbe97c3e773952f5abde5eac91397ca322d1a6,resource-grid,transverse_field_ising,TFIM-89,"{""coupling"":1.0,""field"":3.0,""periodic"":false}",89,89.0,proportional,1.0,0.00031622776601683794,355.0,177,trotter-p4,trotter,Trotter p=4,analytical,analytical,4.0,,,,,,26093.0,,,,,,,,,,,,,,,,,,,,,,,,,,,,,,commuting,2.0,0.00028459785060602977,23625.316736077137,schubert-mendl-commutator,"Schubert and Mendl, arXiv:2306.10603",Theorem 1,"{""prefactor"":23625.316736077137}",True,implemented-product-formula,True,,"[""the resolved ordered Hamiltonian groups match the implemented formula""]",,,,,,,implemented-product-formula,True,True,0.0002846049894151542,,,,,,,,,,,,,,,,,,,1.0,none,0.0,system register,1.0,89.0,34703690.0,0.0,-1.0,4372664940.0,34507624.0,analytical-model,3.1622776601683795e-05,,,,,,,,,,,,0.1.0,3.11.9,2.5.0,b58b31db18364511c43757e27fffc7abce8df2c1,True,ok,,
1.0,transverse_field_ising:N089,-3.5,empirical,5208.0,,,2.0,a8fa234e-a646-4911-8402-a67c302db4ae,2026-08-12T00:11:58.358108+00:00,c1ad72de628f71283ac69037e9bbe97c3e773952f5abde5eac91397ca322d1a6,resource-grid,transverse_field_ising,TFIM-89,"{""coupling"":1.0,""field"":3.0,""periodic"":false}",89,89.0,proportional,1.0,0.00031622776601683794,355.0,177,trotter-p4-empirical,trotter,Trotter p=4 [empirical],empirical-operator-norm,empirical,4.0,,,,,,5208.0,,,,,,,,,,,,,,,,,,,,,,,,,,,,,,commuting,2.0,0.0002845555068539667,37.4887417028,empirical-operator-norm,Repository empirical operator-norm calibration study v1 (2026-08-10),reviewed calibration opnorm-v1-tfim-open-trotter-p4; artifact docs/calibration_data/empirical_1d_v1_accepted.json,"{""prefactor"":37.4887417028}",False,implemented-product-formula,False,,"[""the resolved ordered Hamiltonian groups match the implemented formula"",""the fixed formal-order powers in time and segments apply"",""the reviewed affine size calibration extrapolates as flagged""]",,,,,,,implemented-product-formula,False,False,0.0002846049894151542,,,,,,,,,,,,,,,,,,,1.0,none,0.0,system register,1.0,89.0,6926640.0,0.0,-1.0,824270160.0,6887507.0,analytical-model,3.1622776601683795e-05,opnorm-v1-tfim-open-trotter-p4,transverse_field_ising,affine-aN-plus-b,37.4887417028,4.0,12.0,4.0,12.0,True,True,formula,0.1.0,3.11.9,2.5.0,b58b31db18364511c43757e27fffc7abce8df2c1,True,ok,,
1.0,transverse_field_ising:N089,-3.5,commutator,9285.0,,,2.0,a8fa234e-a646-4911-8402-a67c302db4ae,2026-08-12T00:11:58.358108+00:00,c1ad72de628f71283ac69037e9bbe97c3e773952f5abde5eac91397ca322d1a6,resource-grid,transverse_field_ising,TFIM-89,"{""coupling"":1.0,""field"":3.0,""periodic"":false}",89,89.0,proportional,1.0,0.00031622776601683794,355.0,177,trotter-p6,trotter,Trotter p=6,analytical,analytical,6.0,,,,,,9285.0,,,,,,,,,,,,,,,,,,,,,,,,,,,,,,commuting,2.0,0.0002844613713987787,4120830.026684159,schubert-mendl-commutator,"Schubert and Mendl, arXiv:2306.10603",Theorem 1,"{""prefactor"":4120830.026684159}",True,implemented-product-formula,True,,"[""the resolved ordered Hamiltonian groups match the implemented formula""]",,,,,,,implemented-product-formula,True,True,0.0002846049894151542,,,,,,,,,,,,,,,,,,,1.0,none,0.0,system register,1.0,89.0,61745250.0,0.0,-1.0,7903392000.0,61396407.0,analytical-model,3.1622776601683795e-05,,,,,,,,,,,,0.1.0,3.11.9,2.5.0,b58b31db18364511c43757e27fffc7abce8df2c1,True,ok,,
1.0,transverse_field_ising:N089,-3.5,empirical,712.0,,,2.0,a8fa234e-a646-4911-8402-a67c302db4ae,2026-08-12T00:11:58.358108+00:00,c1ad72de628f71283ac69037e9bbe97c3e773952f5abde5eac91397ca322d1a6,resource-grid,transverse_field_ising,TFIM-89,"{""coupling"":1.0,""field"":3.0,""periodic"":false}",89,89.0,proportional,1.0,0.00031622776601683794,355.0,177,trotter-p6-empirical,trotter,Trotter p=6 [empirical],empirical-operator-norm,empirical,6.0,,,,,,712.0,,,,,,,,,,,,,,,,,,,,,,,,,,,,,,commuting,2.0,0.00020519860730361896,0.604399817,empirical-operator-norm,Repository empirical operator-norm calibration study v1 (2026-08-10),reviewed calibration opnorm-v1-tfim-open-trotter-p6; artifact docs/calibration_data/empirical_1d_v1_accepted.json,"{""prefactor"":0.604399817}",False,implemented-product-formula,False,,"[""the resolved ordered Hamiltonian groups match the implemented formula"",""the fixed formal-order powers in time and segments apply"",""the reviewed affine size calibration extrapolates as flagged""]",,,,,,,implemented-product-formula,False,False,0.0002846049894151542,,,,,,,,,,,,,,,,,,,1.0,none,0.0,system register,1.0,89.0,4734800.0,0.0,-1.0,553971600.0,4708050.0,analytical-model,3.1622776601683795e-05,opnorm-v1-tfim-open-trotter-p6,transverse_field_ising,affine-aN-plus-b,0.604399817,4.0,12.0,4.0,12.0,True,True,asymptotic-domain,0.1.0,3.11.9,2.5.0,b58b31db18364511c43757e27fffc7abce8df2c1,True,ok,,
1.0,transverse_field_ising:N089,-3.5,jacobi-anger,,,,2.0,a8fa234e-a646-4911-8402-a67c302db4ae,2026-08-12T00:11:58.358108+00:00,c1ad72de628f71283ac69037e9bbe97c3e773952f5abde5eac91397ca322d1a6,resource-grid,transverse_field_ising,TFIM-89,"{""coupling"":1.0,""field"":3.0,""periodic"":false}",89,89.0,proportional,1.0,0.00031622776601683794,355.0,177,qsvt,qsvt,QSVT,jacobi-anger-rigorous,analytical,,,,,,,,,,,,,,,,,,,,,,,,,,,,,,,,,,,257679.0,42947.0,,,6.846696261657748e-05,,jacobi-anger-polynomial-oaa,"Martyn et al., arXiv:2105.02859, Eqs. (76)--(77)",Jacobi--Anger tails plus exact cubic OAA identity,"{""oaa-unitarity-defect-distortion"":3.423436022161784e-05,""scaled-polynomial-error"":3.423260239495964e-05}",True,ideal-qsvt-oaa-good-block,True,,"[""the cosine and sine polynomials are implemented exactly"",""the unamplified good block is exactly Q/2""]",,,,,,,implemented-qsvt-floating-phase-circuit,False,False,0.0002846049894151542,,,,,,,,,,,,,,,,,,,2.0,one robust OAA round,1.0,"component, quadrature, and index registers all-zero",,107.0,131931660.0,369511812.0,-1.0,18893026368.0,2416256739.0,analytical-model,3.1622776601683795e-05,,,,,,,,,,,,0.1.0,3.11.9,2.5.0,b58b31db18364511c43757e27fffc7abce8df2c1,True,ok,,
1.0,transverse_field_ising:N089,-3.5,empirical,,10.0,,2.0,a8fa234e-a646-4911-8402-a67c302db4ae,2026-08-12T00:11:58.358108+00:00,c1ad72de628f71283ac69037e9bbe97c3e773952f5abde5eac91397ca322d1a6,resource-grid,transverse_field_ising,TFIM-89,"{""coupling"":1.0,""field"":3.0,""periodic"":false}",89,89.0,proportional,1.0,0.00031622776601683794,355.0,177,mpf-j-mizuta2026-theorem6-empirical-operator-norm,multiproduct,MPF J=Mizuta Theorem 6 (resolved per point) [empirical operator norm],empirical-operator-norm,,,10.0,20.0,mizuta2026-theorem6,5.000000000000001,0.0002846049894151542,,,,,,,,,,,,,,,,,,,,,,,,,,,,,,,,,,,,,,,,,,,,,,,,,,,,,0.0002846049894151542,,,,,,,,,,,,,,,,,,,,,,,,,,,,,,,,,,,,,,,,,,,0.1.0,3.11.9,2.5.0,b58b31db18364511c43757e27fffc7abce8df2c1,True,missing_empirical,UnsupportedEmpiricalCalibrationError,"no reviewed empirical operator-norm calibration for method=multiproduct, formal_order=20, model=transverse_field_ising, parameters={'coupling': 1.0, 'field': 3.0, 'periodic': False}, boundary=open, partition=None, schedule='new', formula='ordered-individual-pauli-strang-mpf-v1'"
1.0,transverse_field_ising:N089,-3.5,commutator,,10.0,84400.0,2.0,a8fa234e-a646-4911-8402-a67c302db4ae,2026-08-12T00:11:58.358108+00:00,c1ad72de628f71283ac69037e9bbe97c3e773952f5abde5eac91397ca322d1a6,resource-grid,transverse_field_ising,TFIM-89,"{""coupling"":1.0,""field"":3.0,""periodic"":false}",89,89.0,proportional,1.0,0.00031622776601683794,355.0,177,mpf-j-mizuta2026-theorem6-mizuta2026-commutator-ideal-rigorous,multiproduct,MPF J=Mizuta Theorem 6 (resolved per point) [Mizuta 2026 refined commutator],mizuta2026-commutator-ideal-rigorous,analytical,,10.0,20.0,mizuta2026-theorem6,5.000000000000001,0.0002846049894151542,84400.0,84400.0,,61002.0,"[""error""]",171.35134914728454,20.0,,,3.3711054028750607e-09,2.804755849771729e-32,2.139717732389322e-48,2.804755849771728e-32,2.804755849771729e-32,3.371105402875061e-09,0.0002846022589284018,1.555845886495748e-05,False,0.0014589905550443799,"[1.0000000000000002,1.0000000000000002,1.0000000000000002,1.0000000000000002,1.0000000000000002,1.0000000000000002,1.0000000000000002,1.0000000000000002,1.0000000000000002,1.0000000000000002,1.0000000000000002,1.0000000000000002,1.0000000000000002,1.0000000000000002,1.0000000000000002,1.0000000000000002,1.0000000000000002,1.0000000000000002,1.0000000000000002,1.0000000000000002,1.0000000000000002,1.0000000000000002,1.0000000000000002,1.0000000000000002,1.0000000000000002,1.0000000000000002,1.0000000000000002,1.0000000000000002,1.0000000000000002,1.0000000000000002,1.0000000000000002,1.0000000000000002,1.0000000000000002,1.0000000000000002,1.0000000000000002,1.0000000000000002,1.0000000000000002,1.0000000000000002,1.0000000000000002,1.0000000000000002,1.0000000000000002,1.0000000000000002,1.0000000000000002,1.0000000000000002,1.0000000000000002,1.0000000000000002,1.0000000000000002,1.0000000000000002,1.0000000000000002,1.0000000000000002,1.0000000000000002,1.0000000000000002,1.0000000000000002,1.0000000000000002,1.0000000000000002,1.0000000000000002,1.0000000000000002,1.0000000000000002,1.0000000000000002,1.0000000000000002,1.0000000000000002,1.0000000000000002,1.0000000000000002,1.0000000000000002,1.0000000000000002,1.0000000000000002,1.0000000000000002,1.0000000000000002,1.0000000000000002,1.0000000000000002,1.0000000000000002,1.0000000000000002,1.0000000000000002,1.0000000000000002,1.0000000000000002,1.0000000000000002,1.0000000000000002,1.0000000000000002,1.0000000000000002,1.0000000000000002,1.0000000000000002,1.0000000000000002,1.0000000000000002,1.0000000000000002,1.0000000000000002,1.0000000000000002,1.0000000000000002,1.0000000000000002,1.0000000000000002,1.0000000000000002,1.0000000000000002,1.0000000000000002,1.0000000000000002,1.0000000000000002,1.0000000000000002,1.0000000000000002,1.0000000000000002,1.0000000000000002,1.0000000000000002,1.0000000000000002,1.0000000000000002,1.0000000000000002,1.0000000000000002,1.0000000000000002,1.0000000000000002,1.0000000000000002,1.0000000000000002,1.0000000000000002,1.0000000000000002,1.0000000000000002,1.0000000000000002,1.0000000000000002,1.0000000000000002,1.0000000000000002,1.0000000000000002,1.0000000000000002,1.0000000000000002,1.0000000000000002,1.0000000000000002,1.0000000000000002,1.0000000000000002,1.0000000000000002,1.0000000000000002,1.0000000000000002,1.0000000000000002,1.0000000000000002,1.0000000000000002,1.0000000000000002,1.0000000000000002,1.0000000000000002,1.0000000000000002,1.0000000000000002,1.0000000000000002,1.0000000000000002,1.0000000000000002,1.0000000000000002,1.0000000000000002,1.0000000000000002,1.0000000000000002,1.0000000000000002,1.0000000000000002,1.0000000000000002,1.0000000000000002,1.0000000000000002,1.0000000000000002,1.0000000000000002,1.0000000000000002,1.0000000000000002,1.0000000000000002,1.0000000000000002,1.0000000000000002,1.0000000000000002,1.0000000000000002,1.0000000000000002,1.0000000000000002,1.0000000000000002,1.0000000000000002,1.0000000000000002,1.0000000000000002,1.0000000000000002,1.0000000000000002,1.0000000000000002,1.0000000000000002,1.0000000000000002,1.0000000000000002,1.0000000000000002,1.0000000000000002,1.0000000000000002,1.0000000000000002,1.0000000000000002,1.0000000000000002,1.0000000000000002,1.0000000000000002,1.0000000000000002,1.0000000000000002,1.0000000000000002,1.0000000000000002]",5.0000000000000036,17.0,True,exact commutator transition cap reached; locality bound used,not-used,commutator,mizuta2026-commutator-ideal-rigorous,[],25826400.0,,,,0.0002846022589284018,1.1060469722284659e+54,mizuta2026-commutator-ideal-rigorous,"Mizuta, Quantum 10, 1974 (2026), arXiv:2507.06557v4","Theorem 4, Eqs. (47)--(49), with direct Lemmas 9--10 BCH remainder","{""error_predicate_satisfied"":1.0,""extensiveness_g"":5.000000000000001,""joint_predicate_satisfied"":1.0,""legacy_first_condition_passed"":0.0,""legacy_first_time_limit"":1.555845886495748e-05,""local_commutator_error"":3.3711054028750607e-09,""local_step_error"":3.371105402875061e-09,""local_truncated_bch_error"":2.804755849771729e-32,""locality_k"":2.0,""mu_upper"":171.35134914728454,""refined_lemma10_remainder"":2.804755849771728e-32,""refined_lemma9_remainder"":2.139717732389322e-48,""refined_tail_fallback"":0.0,""repeated_global_error"":0.0002846022589284018,""schedule_weighted_extensiveness"":5.0000000000000036,""second_time_limit"":0.0014589905550443799,""time_2_predicate_satisfied"":1.0,""total_branchwise_bch_remainder"":2.804755849771729e-32,""truncation_order_p0"":20.0}",True,ideal-mpf,True,ordered individual Pauli terms,"[""individual Pauli summands define the ordered H_gamma decomposition"",""the actual Strang factors define schedule-weighted g_alpha extensiveness"",""Lemma 9 and Lemma 10 positive majorants directly certify the BCH remainder"",""the scalar-flow/Cauchy refined tail certificate is used"",""Theorem 4 second time hypothesis is satisfied"",""the repeated ideal MPF is composed with the Eq. (15) telescoping argument""]","exact Pauli recurrence would require 269217 transitions at order 18, above cap 250000; remaining orders use Mizuta 2026 Eq. (8)",20.0,17.0,True,True,"{""2"":2112.000000000002,""3"":33744.00000000005,""4"":437856.000000001,""5"":6996288.0000000205,""6"":95599104.00000036,""7"":1527651840.000007,""8"":21592366080.000114,""9"":345068332032.0021,""10"":4990024826880.033,""11"":79751565484032.6,""12"":1171981014171657.5,""13"":1.8732045550190756e+16,""14"":2.7853937024041222e+17,""15"":4.452212203592659e+18,""16"":6.679876190887078e+19,""17"":1.0677736568554049e+21,""18"":2.0746194846052442e+39,""19"":7.468630144578908e+41,""20"":2.8380794549399876e+44}",repeated-shared-ancilla-good-block,True,False,0.0002846049894151542,new,"[1,2,3,4,5,6,7,10,18,46]","[-1.018659142049789e-15,7.422846929019768e-10,-1.3257582359573536e-06,0.00016899488366474386,-0.004245967231050632,0.03062942826404365,-0.06314501886386865,0.12451536167559175,-0.4127707622244733,1.3248492885120446]",1.960326148155259,0.03967385184474104,102.0,registered-exact,True,10.0,5.0,2.0,6.0,12.0,4.0,6.0,3.0,2.0,3.0,2.0,one robust OAA round per segment,84400.0,branch register all-zero,,96.0,18241034400.0,10972000.0,-1.0,2790922151200.0,27373260312.0,analytical-model,3.1622776601683795e-05,,,,,,,,,,,,0.1.0,3.11.9,2.5.0,b58b31db18364511c43757e27fffc7abce8df2c1,True,ok,,
1.0,transverse_field_ising:N089,-3.6,commutator,1959264.0,,,2.0,a8fa234e-a646-4911-8402-a67c302db4ae,2026-08-12T00:11:58.358108+00:00,c1ad72de628f71283ac69037e9bbe97c3e773952f5abde5eac91397ca322d1a6,resource-grid,transverse_field_ising,TFIM-89,"{""coupling"":1.0,""field"":3.0,""periodic"":false}",89,89.0,proportional,1.0,0.00025118864315095795,355.0,177,trotter-p2,trotter,Trotter p=2,analytical,analytical,2.0,,,,,,1959264.0,,,,,,,,,,,,,,,,,,,,,,,,,,,,,,individual,177.0,0.00022606959455634407,1231.0,childs-commutator,"Childs, Su, Tran, Wiebe, and Zhu, arXiv:1912.08854",Propositions 9--10,"{""prefactor"":1231.0}",True,implemented-product-formula,True,,"[""the resolved ordered Hamiltonian groups match the implemented formula""]",,,,,,,implemented-product-formula,True,True,0.00022606977883586217,,,,,,,,,,,,,,,,,,,1.0,none,0.0,system register,1.0,89.0,691620192.0,0.0,-1.0,96826826880.0,687712734.0,analytical-model,2.5118864315095798e-05,,,,,,,,,,,,0.1.0,3.11.9,2.5.0,b58b31db18364511c43757e27fffc7abce8df2c1,True,ok,,
1.0,transverse_field_ising:N089,-3.6,empirical,515489.0,,,2.0,a8fa234e-a646-4911-8402-a67c302db4ae,2026-08-12T00:11:58.358108+00:00,c1ad72de628f71283ac69037e9bbe97c3e773952f5abde5eac91397ca322d1a6,resource-grid,transverse_field_ising,TFIM-89,"{""coupling"":1.0,""field"":3.0,""periodic"":false}",89,89.0,proportional,1.0,0.00025118864315095795,355.0,177,trotter-p2-empirical,trotter,Trotter p=2 [empirical],empirical-operator-norm,empirical,2.0,,,,,,515489.0,,,,,,,,,,,,,,,,,,,,,,,,,,,,,,individual,177.0,0.00022606901283029124,85.2137784292,empirical-operator-norm,Repository empirical operator-norm calibration study v1 (2026-08-10),reviewed calibration opnorm-v1-tfim-open-trotter-p2; artifact docs/calibration_data/empirical_1d_v1_accepted.json,"{""prefactor"":85.2137784292}",False,implemented-product-formula,False,,"[""the resolved ordered Hamiltonian groups match the implemented formula"",""the fixed formal-order powers in time and segments apply"",""the reviewed affine size calibration extrapolates as flagged""]",,,,,,,implemented-product-formula,False,False,0.00022606977883586217,,,,,,,,,,,,,,,,,,,1.0,none,0.0,system register,1.0,89.0,181967617.0,0.0,-1.0,24383660678.0,180939552.0,analytical-model,2.5118864315095798e-05,opnorm-v1-tfim-open-trotter-p2,transverse_field_ising,affine-aN-plus-b,85.2137784292,4.0,12.0,4.0,12.0,True,True,formula,0.1.0,3.11.9,2.5.0,b58b31db18364511c43757e27fffc7abce8df2c1,True,ok,,
1.0,transverse_field_ising:N089,-3.6,commutator,27639.0,,,2.0,a8fa234e-a646-4911-8402-a67c302db4ae,2026-08-12T00:11:58.358108+00:00,c1ad72de628f71283ac69037e9bbe97c3e773952f5abde5eac91397ca322d1a6,resource-grid,transverse_field_ising,TFIM-89,"{""coupling"":1.0,""field"":3.0,""periodic"":false}",89,89.0,proportional,1.0,0.00025118864315095795,355.0,177,trotter-p4,trotter,Trotter p=4,analytical,analytical,4.0,,,,,,27639.0,,,,,,,,,,,,,,,,,,,,,,,,,,,,,,commuting,2.0,0.00022606762374080943,23625.316736077137,schubert-mendl-commutator,"Schubert and Mendl, arXiv:2306.10603",Theorem 1,"{""prefactor"":23625.316736077137}",True,implemented-product-formula,True,,"[""the resolved ordered Hamiltonian groups match the implemented formula""]",,,,,,,implemented-product-formula,True,True,0.00022606977883586217,,,,,,,,,,,,,,,,,,,1.0,none,0.0,system register,1.0,89.0,36759870.0,0.0,-1.0,4668503490.0,36552188.0,analytical-model,2.5118864315095798e-05,,,,,,,,,,,,0.1.0,3.11.9,2.5.0,b58b31db18364511c43757e27fffc7abce8df2c1,True,ok,,
1.0,transverse_field_ising:N089,-3.6,empirical,5517.0,,,2.0,a8fa234e-a646-4911-8402-a67c302db4ae,2026-08-12T00:11:58.358108+00:00,c1ad72de628f71283ac69037e9bbe97c3e773952f5abde5eac91397ca322d1a6,resource-grid,transverse_field_ising,TFIM-89,"{""coupling"":1.0,""field"":3.0,""periodic"":false}",89,89.0,proportional,1.0,0.00025118864315095795,355.0,177,trotter-p4-empirical,trotter,Trotter p=4 [empirical],empirical-operator-norm,empirical,4.0,,,,,,5517.0,,,,,,,,,,,,,,,,,,,,,,,,,,,,,,commuting,2.0,0.00022596384761647373,37.4887417028,empirical-operator-norm,Repository empirical operator-norm calibration study v1 (2026-08-10),reviewed calibration opnorm-v1-tfim-open-trotter-p4; artifact docs/calibration_data/empirical_1d_v1_accepted.json,"{""prefactor"":37.4887417028}",False,implemented-product-formula,False,,"[""the resolved ordered Hamiltonian groups match the implemented formula"",""the fixed formal-order powers in time and segments apply"",""the reviewed affine size calibration extrapolates as flagged""]",,,,,,,implemented-product-formula,False,False,0.00022606977883586217,,,,,,,,,,,,,,,,,,,1.0,none,0.0,system register,1.0,89.0,7337610.0,0.0,-1.0,880513200.0,7296155.0,analytical-model,2.5118864315095798e-05,opnorm-v1-tfim-open-trotter-p4,transverse_field_ising,affine-aN-plus-b,37.4887417028,4.0,12.0,4.0,12.0,True,True,formula,0.1.0,3.11.9,2.5.0,b58b31db18364511c43757e27fffc7abce8df2c1,True,ok,,
1.0,transverse_field_ising:N089,-3.6,commutator,9648.0,,,2.0,a8fa234e-a646-4911-8402-a67c302db4ae,2026-08-12T00:11:58.358108+00:00,c1ad72de628f71283ac69037e9bbe97c3e773952f5abde5eac91397ca322d1a6,resource-grid,transverse_field_ising,TFIM-89,"{""coupling"":1.0,""field"":3.0,""periodic"":false}",89,89.0,proportional,1.0,0.00025118864315095795,355.0,177,trotter-p6,trotter,Trotter p=6,analytical,analytical,6.0,,,,,,9648.0,,,,,,,,,,,,,,,,,,,,,,,,,,,,,,commuting,2.0,0.00022599091426788926,4120830.026684159,schubert-mendl-commutator,"Schubert and Mendl, arXiv:2306.10603",Theorem 1,"{""prefactor"":4120830.026684159}",True,implemented-product-formula,True,,"[""the resolved ordered Hamiltonian groups match the implemented formula""]",,,,,,,implemented-product-formula,True,True,0.00022606977883586217,,,,,,,,,,,,,,,,,,,1.0,none,0.0,system register,1.0,89.0,64159200.0,0.0,-1.0,8340696000.0,63796719.0,analytical-model,2.5118864315095798e-05,,,,,,,,,,,,0.1.0,3.11.9,2.5.0,b58b31db18364511c43757e27fffc7abce8df2c1,True,ok,,
1.0,transverse_field_ising:N089,-3.6,empirical,712.0,,,2.0,a8fa234e-a646-4911-8402-a67c302db4ae,2026-08-12T00:11:58.358108+00:00,c1ad72de628f71283ac69037e9bbe97c3e773952f5abde5eac91397ca322d1a6,resource-grid,transverse_field_ising,TFIM-89,"{""coupling"":1.0,""field"":3.0,""periodic"":false}",89,89.0,proportional,1.0,0.00025118864315095795,355.0,177,trotter-p6-empirical,trotter,Trotter p=6 [empirical],empirical-operator-norm,empirical,6.0,,,,,,712.0,,,,,,,,,,,,,,,,,,,,,,,,,,,,,,commuting,2.0,0.00020519860730361896,0.604399817,empirical-operator-norm,Repository empirical operator-norm calibration study v1 (2026-08-10),reviewed calibration opnorm-v1-tfim-open-trotter-p6; artifact docs/calibration_data/empirical_1d_v1_accepted.json,"{""prefactor"":0.604399817}",False,implemented-product-formula,False,,"[""the resolved ordered Hamiltonian groups match the implemented formula"",""the fixed formal-order powers in time and segments apply"",""the reviewed affine size calibration extrapolates as flagged""]",,,,,,,implemented-product-formula,False,False,0.00022606977883586217,,,,,,,,,,,,,,,,,,,1.0,none,0.0,system register,1.0,89.0,4734800.0,0.0,-1.0,558706400.0,4708050.0,analytical-model,2.5118864315095798e-05,opnorm-v1-tfim-open-trotter-p6,transverse_field_ising,affine-aN-plus-b,0.604399817,4.0,12.0,4.0,12.0,True,True,asymptotic-domain,0.1.0,3.11.9,2.5.0,b58b31db18364511c43757e27fffc7abce8df2c1,True,ok,,
1.0,transverse_field_ising:N089,-3.6,jacobi-anger,,,,2.0,a8fa234e-a646-4911-8402-a67c302db4ae,2026-08-12T00:11:58.358108+00:00,c1ad72de628f71283ac69037e9bbe97c3e773952f5abde5eac91397ca322d1a6,resource-grid,transverse_field_ising,TFIM-89,"{""coupling"":1.0,""field"":3.0,""periodic"":false}",89,89.0,proportional,1.0,0.00025118864315095795,355.0,177,qsvt,qsvt,QSVT,jacobi-anger-rigorous,analytical,,,,,,,,,,,,,,,,,,,,,,,,,,,,,,,,,,,257691.0,42949.0,,,3.0103510445127193e-05,,jacobi-anger-polynomial-oaa,"Martyn et al., arXiv:2105.02859, Eqs. (76)--(77)",Jacobi--Anger tails plus exact cubic OAA identity,"{""oaa-unitarity-defect-distortion"":1.5051925136081317e-05,""scaled-polynomial-error"":1.5051585309045875e-05}",True,ideal-qsvt-oaa-good-block,True,,"[""the cosine and sine polynomials are implemented exactly"",""the unamplified good block is exactly Q/2""]",,,,,,,implemented-qsvt-floating-phase-circuit,False,False,0.00022606977883586217,,,,,,,,,,,,,,,,,,,2.0,one robust OAA round,1.0,"component, quadrature, and index registers all-zero",,107.0,131937804.0,369529020.0,-1.0,19025844012.0,2416369263.0,analytical-model,2.5118864315095798e-05,,,,,,,,,,,,0.1.0,3.11.9,2.5.0,b58b31db18364511c43757e27fffc7abce8df2c1,True,ok,,
1.0,transverse_field_ising:N089,-3.6,empirical,,10.0,,2.0,a8fa234e-a646-4911-8402-a67c302db4ae,2026-08-12T00:11:58.358108+00:00,c1ad72de628f71283ac69037e9bbe97c3e773952f5abde5eac91397ca322d1a6,resource-grid,transverse_field_ising,TFIM-89,"{""coupling"":1.0,""field"":3.0,""periodic"":false}",89,89.0,proportional,1.0,0.00025118864315095795,355.0,177,mpf-j-mizuta2026-theorem6-empirical-operator-norm,multiproduct,MPF J=Mizuta Theorem 6 (resolved per point) [empirical operator norm],empirical-operator-norm,,,10.0,20.0,mizuta2026-theorem6,5.000000000000001,0.00022606977883586217,,,,,,,,,,,,,,,,,,,,,,,,,,,,,,,,,,,,,,,,,,,,,,,,,,,,,0.00022606977883586217,,,,,,,,,,,,,,,,,,,,,,,,,,,,,,,,,,,,,,,,,,,0.1.0,3.11.9,2.5.0,b58b31db18364511c43757e27fffc7abce8df2c1,True,missing_empirical,UnsupportedEmpiricalCalibrationError,"no reviewed empirical operator-norm calibration for method=multiproduct, formal_order=20, model=transverse_field_ising, parameters={'coupling': 1.0, 'field': 3.0, 'periodic': False}, boundary=open, partition=None, schedule='new', formula='ordered-individual-pauli-strang-mpf-v1'"
1.0,transverse_field_ising:N089,-3.6,commutator,,10.0,85378.0,2.0,a8fa234e-a646-4911-8402-a67c302db4ae,2026-08-12T00:11:58.358108+00:00,c1ad72de628f71283ac69037e9bbe97c3e773952f5abde5eac91397ca322d1a6,resource-grid,transverse_field_ising,TFIM-89,"{""coupling"":1.0,""field"":3.0,""periodic"":false}",89,89.0,proportional,1.0,0.00025118864315095795,355.0,177,mpf-j-mizuta2026-theorem6-mizuta2026-commutator-ideal-rigorous,multiproduct,MPF J=Mizuta Theorem 6 (resolved per point) [Mizuta 2026 refined commutator],mizuta2026-commutator-ideal-rigorous,analytical,,10.0,20.0,mizuta2026-theorem6,5.000000000000001,0.00022606977883586217,85378.0,85378.0,,61002.0,"[""error""]",171.35134914728454,20.0,,,2.6466602264589155e-09,2.199309503338754e-32,1.679596654287684e-48,2.1993095033387535e-32,2.199309503338754e-32,2.646660226458916e-09,0.00022601762287060927,1.555845886495748e-05,False,0.0014589905550443799,"[1.0000000000000002,1.0000000000000002,1.0000000000000002,1.0000000000000002,1.0000000000000002,1.0000000000000002,1.0000000000000002,1.0000000000000002,1.0000000000000002,1.0000000000000002,1.0000000000000002,1.0000000000000002,1.0000000000000002,1.0000000000000002,1.0000000000000002,1.0000000000000002,1.0000000000000002,1.0000000000000002,1.0000000000000002,1.0000000000000002,1.0000000000000002,1.0000000000000002,1.0000000000000002,1.0000000000000002,1.0000000000000002,1.0000000000000002,1.0000000000000002,1.0000000000000002,1.0000000000000002,1.0000000000000002,1.0000000000000002,1.0000000000000002,1.0000000000000002,1.0000000000000002,1.0000000000000002,1.0000000000000002,1.0000000000000002,1.0000000000000002,1.0000000000000002,1.0000000000000002,1.0000000000000002,1.0000000000000002,1.0000000000000002,1.0000000000000002,1.0000000000000002,1.0000000000000002,1.0000000000000002,1.0000000000000002,1.0000000000000002,1.0000000000000002,1.0000000000000002,1.0000000000000002,1.0000000000000002,1.0000000000000002,1.0000000000000002,1.0000000000000002,1.0000000000000002,1.0000000000000002,1.0000000000000002,1.0000000000000002,1.0000000000000002,1.0000000000000002,1.0000000000000002,1.0000000000000002,1.0000000000000002,1.0000000000000002,1.0000000000000002,1.0000000000000002,1.0000000000000002,1.0000000000000002,1.0000000000000002,1.0000000000000002,1.0000000000000002,1.0000000000000002,1.0000000000000002,1.0000000000000002,1.0000000000000002,1.0000000000000002,1.0000000000000002,1.0000000000000002,1.0000000000000002,1.0000000000000002,1.0000000000000002,1.0000000000000002,1.0000000000000002,1.0000000000000002,1.0000000000000002,1.0000000000000002,1.0000000000000002,1.0000000000000002,1.0000000000000002,1.0000000000000002,1.0000000000000002,1.0000000000000002,1.0000000000000002,1.0000000000000002,1.0000000000000002,1.0000000000000002,1.0000000000000002,1.0000000000000002,1.0000000000000002,1.0000000000000002,1.0000000000000002,1.0000000000000002,1.0000000000000002,1.0000000000000002,1.0000000000000002,1.0000000000000002,1.0000000000000002,1.0000000000000002,1.0000000000000002,1.0000000000000002,1.0000000000000002,1.0000000000000002,1.0000000000000002,1.0000000000000002,1.0000000000000002,1.0000000000000002,1.0000000000000002,1.0000000000000002,1.0000000000000002,1.0000000000000002,1.0000000000000002,1.0000000000000002,1.0000000000000002,1.0000000000000002,1.0000000000000002,1.0000000000000002,1.0000000000000002,1.0000000000000002,1.0000000000000002,1.0000000000000002,1.0000000000000002,1.0000000000000002,1.0000000000000002,1.0000000000000002,1.0000000000000002,1.0000000000000002,1.0000000000000002,1.0000000000000002,1.0000000000000002,1.0000000000000002,1.0000000000000002,1.0000000000000002,1.0000000000000002,1.0000000000000002,1.0000000000000002,1.0000000000000002,1.0000000000000002,1.0000000000000002,1.0000000000000002,1.0000000000000002,1.0000000000000002,1.0000000000000002,1.0000000000000002,1.0000000000000002,1.0000000000000002,1.0000000000000002,1.0000000000000002,1.0000000000000002,1.0000000000000002,1.0000000000000002,1.0000000000000002,1.0000000000000002,1.0000000000000002,1.0000000000000002,1.0000000000000002,1.0000000000000002,1.0000000000000002,1.0000000000000002,1.0000000000000002,1.0000000000000002,1.0000000000000002,1.0000000000000002,1.0000000000000002,1.0000000000000002,1.0000000000000002]",5.0000000000000036,17.0,True,exact commutator transition cap reached; locality bound used,not-used,commutator,mizuta2026-commutator-ideal-rigorous,[],26125668.0,,,,0.00022601762287060927,1.1060469722284659e+54,mizuta2026-commutator-ideal-rigorous,"Mizuta, Quantum 10, 1974 (2026), arXiv:2507.06557v4","Theorem 4, Eqs. (47)--(49), with direct Lemmas 9--10 BCH remainder","{""error_predicate_satisfied"":1.0,""extensiveness_g"":5.000000000000001,""joint_predicate_satisfied"":1.0,""legacy_first_condition_passed"":0.0,""legacy_first_time_limit"":1.555845886495748e-05,""local_commutator_error"":2.6466602264589155e-09,""local_step_error"":2.646660226458916e-09,""local_truncated_bch_error"":2.199309503338754e-32,""locality_k"":2.0,""mu_upper"":171.35134914728454,""refined_lemma10_remainder"":2.1993095033387535e-32,""refined_lemma9_remainder"":1.679596654287684e-48,""refined_tail_fallback"":0.0,""repeated_global_error"":0.00022601762287060927,""schedule_weighted_extensiveness"":5.0000000000000036,""second_time_limit"":0.0014589905550443799,""time_2_predicate_satisfied"":1.0,""total_branchwise_bch_remainder"":2.199309503338754e-32,""truncation_order_p0"":20.0}",True,ideal-mpf,True,ordered individual Pauli terms,"[""individual Pauli summands define the ordered H_gamma decomposition"",""the actual Strang factors define schedule-weighted g_alpha extensiveness"",""Lemma 9 and Lemma 10 positive majorants directly certify the BCH remainder"",""the scalar-flow/Cauchy refined tail certificate is used"",""Theorem 4 second time hypothesis is satisfied"",""the repeated ideal MPF is composed with the Eq. (15) telescoping argument""]","exact Pauli recurrence would require 269217 transitions at order 18, above cap 250000; remaining orders use Mizuta 2026 Eq. (8)",20.0,17.0,True,True,"{""2"":2112.000000000002,""3"":33744.00000000005,""4"":437856.000000001,""5"":6996288.0000000205,""6"":95599104.00000036,""7"":1527651840.000007,""8"":21592366080.000114,""9"":345068332032.0021,""10"":4990024826880.033,""11"":79751565484032.6,""12"":1171981014171657.5,""13"":1.8732045550190756e+16,""14"":2.7853937024041222e+17,""15"":4.452212203592659e+18,""16"":6.679876190887078e+19,""17"":1.0677736568554049e+21,""18"":2.0746194846052442e+39,""19"":7.468630144578908e+41,""20"":2.8380794549399876e+44}",repeated-shared-ancilla-good-block,True,False,0.00022606977883586217,new,"[1,2,3,4,5,6,7,10,18,46]","[-1.018659142049789e-15,7.422846929019768e-10,-1.3257582359573536e-06,0.00016899488366474386,-0.004245967231050632,0.03062942826404365,-0.06314501886386865,0.12451536167559175,-0.4127707622244733,1.3248492885120446]",1.960326148155259,0.03967385184474104,102.0,registered-exact,True,10.0,5.0,2.0,6.0,12.0,4.0,6.0,3.0,2.0,3.0,2.0,one robust OAA round per segment,85378.0,branch register all-zero,,96.0,18452405628.0,11099140.0,-1.0,2841714863272.0,27690452831.0,analytical-model,2.5118864315095798e-05,,,,,,,,,,,,0.1.0,3.11.9,2.5.0,b58b31db18364511c43757e27fffc7abce8df2c1,True,ok,,
1.0,transverse_field_ising:N089,-3.7,commutator,2198330.0,,,2.0,a8fa234e-a646-4911-8402-a67c302db4ae,2026-08-12T00:11:58.358108+00:00,c1ad72de628f71283ac69037e9bbe97c3e773952f5abde5eac91397ca322d1a6,resource-grid,transverse_field_ising,TFIM-89,"{""coupling"":1.0,""field"":3.0,""periodic"":false}",89,89.0,proportional,1.0,0.00019952623149688788,355.0,177,trotter-p2,trotter,Trotter p=2,analytical,analytical,2.0,,,,,,2198330.0,,,,,,,,,,,,,,,,,,,,,,,,,,,,,,individual,177.0,0.00017957352157519429,1231.0,childs-commutator,"Childs, Su, Tran, Wiebe, and Zhu, arXiv:1912.08854",Propositions 9--10,"{""prefactor"":1231.0}",True,implemented-product-formula,True,,"[""the resolved ordered Hamiltonian groups match the implemented formula""]",,,,,,,implemented-product-formula,True,True,0.0001795736083471991,,,,,,,,,,,,,,,,,,,1.0,none,0.0,system register,1.0,89.0,776010490.0,0.0,-1.0,109417479090.0,771626250.0,analytical-model,1.995262314968879e-05,,,,,,,,,,,,0.1.0,3.11.9,2.5.0,b58b31db18364511c43757e27fffc7abce8df2c1,True,ok,,
1.0,transverse_field_ising:N089,-3.7,empirical,578388.0,,,2.0,a8fa234e-a646-4911-8402-a67c302db4ae,2026-08-12T00:11:58.358108+00:00,c1ad72de628f71283ac69037e9bbe97c3e773952f5abde5eac91397ca322d1a6,resource-grid,transverse_field_ising,TFIM-89,"{""coupling"":1.0,""field"":3.0,""periodic"":false}",89,89.0,proportional,1.0,0.00019952623149688788,355.0,177,trotter-p2-empirical,trotter,Trotter p=2 [empirical],empirical-operator-norm,empirical,2.0,,,,,,578388.0,,,,,,,,,,,,,,,,,,,,,,,,,,,,,,individual,177.0,0.00017957310606220298,85.2137784292,empirical-operator-norm,Repository empirical operator-norm calibration study v1 (2026-08-10),reviewed calibration opnorm-v1-tfim-open-trotter-p2; artifact docs/calibration_data/empirical_1d_v1_accepted.json,"{""prefactor"":85.2137784292}",False,implemented-product-formula,False,,"[""the resolved ordered Hamiltonian groups match the implemented formula"",""the fixed formal-order powers in time and segments apply"",""the reviewed affine size calibration extrapolates as flagged""]",,,,,,,implemented-product-formula,False,False,0.0001795736083471991,,,,,,,,,,,,,,,,,,,1.0,none,0.0,system register,1.0,89.0,204170964.0,0.0,-1.0,27767251104.0,203017456.0,analytical-model,1.995262314968879e-05,opnorm-v1-tfim-open-trotter-p2,transverse_field_ising,affine-aN-plus-b,85.2137784292,4.0,12.0,4.0,12.0,True,True,formula,0.1.0,3.11.9,2.5.0,b58b31db18364511c43757e27fffc7abce8df2c1,True,ok,,
1.0,transverse_field_ising:N089,-3.7,commutator,29277.0,,,2.0,a8fa234e-a646-4911-8402-a67c302db4ae,2026-08-12T00:11:58.358108+00:00,c1ad72de628f71283ac69037e9bbe97c3e773952f5abde5eac91397ca322d1a6,resource-grid,transverse_field_ising,TFIM-89,"{""coupling"":1.0,""field"":3.0,""periodic"":false}",89,89.0,proportional,1.0,0.00019952623149688788,355.0,177,trotter-p4,trotter,Trotter p=4,analytical,analytical,4.0,,,,,,29277.0,,,,,,,,,,,,,,,,,,,,,,,,,,,,,,commuting,2.0,0.00017956487270738626,23625.316736077137,schubert-mendl-commutator,"Schubert and Mendl, arXiv:2306.10603",Theorem 1,"{""prefactor"":23625.316736077137}",True,implemented-product-formula,True,,"[""the resolved ordered Hamiltonian groups match the implemented formula""]",,,,,,,implemented-product-formula,True,True,0.0001795736083471991,,,,,,,,,,,,,,,,,,,1.0,none,0.0,system register,1.0,89.0,38938410.0,0.0,-1.0,4984116480.0,38718419.0,analytical-model,1.995262314968879e-05,,,,,,,,,,,,0.1.0,3.11.9,2.5.0,b58b31db18364511c43757e27fffc7abce8df2c1,True,ok,,
1.0,transverse_field_ising:N089,-3.7,empirical,5844.0,,,2.0,a8fa234e-a646-4911-8402-a67c302db4ae,2026-08-12T00:11:58.358108+00:00,c1ad72de628f71283ac69037e9bbe97c3e773952f5abde5eac91397ca322d1a6,resource-grid,transverse_field_ising,TFIM-89,"{""coupling"":1.0,""field"":3.0,""periodic"":false}",89,89.0,proportional,1.0,0.00019952623149688788,355.0,177,trotter-p4-empirical,trotter,Trotter p=4 [empirical],empirical-operator-norm,empirical,4.0,,,,,,5844.0,,,,,,,,,,,,,,,,,,,,,,,,,,,,,,commuting,2.0,0.00017947752331461532,37.4887417028,empirical-operator-norm,Repository empirical operator-norm calibration study v1 (2026-08-10),reviewed calibration opnorm-v1-tfim-open-trotter-p4; artifact docs/calibration_data/empirical_1d_v1_accepted.json,"{""prefactor"":37.4887417028}",False,implemented-product-formula,False,,"[""the resolved ordered Hamiltonian groups match the implemented formula"",""the fixed formal-order powers in time and segments apply"",""the reviewed affine size calibration extrapolates as flagged""]",,,,,,,implemented-product-formula,False,False,0.0001795736083471991,,,,,,,,,,,,,,,,,,,1.0,none,0.0,system register,1.0,89.0,7772520.0,0.0,-1.0,940474920.0,7728608.0,analytical-model,1.995262314968879e-05,opnorm-v1-tfim-open-trotter-p4,transverse_field_ising,affine-aN-plus-b,37.4887417028,4.0,12.0,4.0,12.0,True,True,formula,0.1.0,3.11.9,2.5.0,b58b31db18364511c43757e27fffc7abce8df2c1,True,ok,,
1.0,transverse_field_ising:N089,-3.7,commutator,10025.0,,,2.0,a8fa234e-a646-4911-8402-a67c302db4ae,2026-08-12T00:11:58.358108+00:00,c1ad72de628f71283ac69037e9bbe97c3e773952f5abde5eac91397ca322d1a6,resource-grid,transverse_field_ising,TFIM-89,"{""coupling"":1.0,""field"":3.0,""periodic"":false}",89,89.0,proportional,1.0,0.00019952623149688788,355.0,177,trotter-p6,trotter,Trotter p=6,analytical,analytical,6.0,,,,,,10025.0,,,,,,,,,,,,,,,,,,,,,,,,,,,,,,commuting,2.0,0.00017955953008296004,4120830.026684159,schubert-mendl-commutator,"Schubert and Mendl, arXiv:2306.10603",Theorem 1,"{""prefactor"":4120830.026684159}",True,implemented-product-formula,True,,"[""the resolved ordered Hamiltonian groups match the implemented formula""]",,,,,,,implemented-product-formula,True,True,0.0001795736083471991,,,,,,,,,,,,,,,,,,,1.0,none,0.0,system register,1.0,89.0,66666250.0,0.0,-1.0,8733278750.0,66289605.0,analytical-model,1.995262314968879e-05,,,,,,,,,,,,0.1.0,3.11.9,2.5.0,b58b31db18364511c43757e27fffc7abce8df2c1,True,ok,,
1.0,transverse_field_ising:N089,-3.7,empirical,729.0,,,2.0,a8fa234e-a646-4911-8402-a67c302db4ae,2026-08-12T00:11:58.358108+00:00,c1ad72de628f71283ac69037e9bbe97c3e773952f5abde5eac91397ca322d1a6,resource-grid,transverse_field_ising,TFIM-89,"{""coupling"":1.0,""field"":3.0,""periodic"":false}",89,89.0,proportional,1.0,0.00019952623149688788,355.0,177,trotter-p6-empirical,trotter,Trotter p=6 [empirical],empirical-operator-norm,empirical,6.0,,,,,,729.0,,,,,,,,,,,,,,,,,,,,,,,,,,,,,,commuting,2.0,0.00017811036792637365,0.604399817,empirical-operator-norm,Repository empirical operator-norm calibration study v1 (2026-08-10),reviewed calibration opnorm-v1-tfim-open-trotter-p6; artifact docs/calibration_data/empirical_1d_v1_accepted.json,"{""prefactor"":0.604399817}",False,implemented-product-formula,False,,"[""the resolved ordered Hamiltonian groups match the implemented formula"",""the fixed formal-order powers in time and segments apply"",""the reviewed affine size calibration extrapolates as flagged""]",,,,,,,implemented-product-formula,False,False,0.0001795736083471991,,,,,,,,,,,,,,,,,,,1.0,none,0.0,system register,1.0,89.0,4847850.0,0.0,-1.0,576894150.0,4820462.0,analytical-model,1.995262314968879e-05,opnorm-v1-tfim-open-trotter-p6,transverse_field_ising,affine-aN-plus-b,0.604399817,4.0,12.0,4.0,12.0,True,True,formula,0.1.0,3.11.9,2.5.0,b58b31db18364511c43757e27fffc7abce8df2c1,True,ok,,
1.0,transverse_field_ising:N089,-3.7,jacobi-anger,,,,2.0,a8fa234e-a646-4911-8402-a67c302db4ae,2026-08-12T00:11:58.358108+00:00,c1ad72de628f71283ac69037e9bbe97c3e773952f5abde5eac91397ca322d1a6,resource-grid,transverse_field_ising,TFIM-89,"{""coupling"":1.0,""field"":3.0,""periodic"":false}",89,89.0,proportional,1.0,0.00019952623149688788,355.0,177,qsvt,qsvt,QSVT,jacobi-anger-rigorous,analytical,,,,,,,,,,,,,,,,,,,,,,,,,,,,,,,,,,,257691.0,42949.0,,,2.4937175523135762e-05,,jacobi-anger-polynomial-oaa,"Martyn et al., arXiv:2105.02859, Eqs. (76)--(77)",Jacobi--Anger tails plus exact cubic OAA identity,"{""oaa-unitarity-defect-distortion"":1.2468704359132351e-05,""scaled-polynomial-error"":1.246847116400341e-05}",True,ideal-qsvt-oaa-good-block,True,,"[""the cosine and sine polynomials are implemented exactly"",""the unamplified good block is exactly Q/2""]",,,,,,,implemented-qsvt-floating-phase-circuit,False,False,0.0001795736083471991,,,,,,,,,,,,,,,,,,,2.0,one robust OAA round,1.0,"component, quadrature, and index registers all-zero",,107.0,131937804.0,369529020.0,-1.0,19157781816.0,2416369263.0,analytical-model,1.995262314968879e-05,,,,,,,,,,,,0.1.0,3.11.9,2.5.0,b58b31db18364511c43757e27fffc7abce8df2c1,True,ok,,
1.0,transverse_field_ising:N089,-3.7,empirical,,10.0,,2.0,a8fa234e-a646-4911-8402-a67c302db4ae,2026-08-12T00:11:58.358108+00:00,c1ad72de628f71283ac69037e9bbe97c3e773952f5abde5eac91397ca322d1a6,resource-grid,transverse_field_ising,TFIM-89,"{""coupling"":1.0,""field"":3.0,""periodic"":false}",89,89.0,proportional,1.0,0.00019952623149688788,355.0,177,mpf-j-mizuta2026-theorem6-empirical-operator-norm,multiproduct,MPF J=Mizuta Theorem 6 (resolved per point) [empirical operator norm],empirical-operator-norm,,,10.0,20.0,mizuta2026-theorem6,5.000000000000001,0.0001795736083471991,,,,,,,,,,,,,,,,,,,,,,,,,,,,,,,,,,,,,,,,,,,,,,,,,,,,,0.0001795736083471991,,,,,,,,,,,,,,,,,,,,,,,,,,,,,,,,,,,,,,,,,,,0.1.0,3.11.9,2.5.0,b58b31db18364511c43757e27fffc7abce8df2c1,True,missing_empirical,UnsupportedEmpiricalCalibrationError,"no reviewed empirical operator-norm calibration for method=multiproduct, formal_order=20, model=transverse_field_ising, parameters={'coupling': 1.0, 'field': 3.0, 'periodic': False}, boundary=open, partition=None, schedule='new', formula='ordered-individual-pauli-strang-mpf-v1'"
1.0,transverse_field_ising:N089,-3.7,commutator,,10.0,86366.0,2.0,a8fa234e-a646-4911-8402-a67c302db4ae,2026-08-12T00:11:58.358108+00:00,c1ad72de628f71283ac69037e9bbe97c3e773952f5abde5eac91397ca322d1a6,resource-grid,transverse_field_ising,TFIM-89,"{""coupling"":1.0,""field"":3.0,""periodic"":false}",89,89.0,proportional,1.0,0.00019952623149688788,355.0,177,mpf-j-mizuta2026-theorem6-mizuta2026-commutator-ideal-rigorous,multiproduct,MPF J=Mizuta Theorem 6 (resolved per point) [Mizuta 2026 refined commutator],mizuta2026-commutator-ideal-rigorous,analytical,,10.0,20.0,mizuta2026-theorem6,5.000000000000001,0.0001795736083471991,86366.0,86366.0,,61002.0,"[""error""]",171.35134914728454,20.0,,,2.0785706297400042e-09,1.7251458216292512e-32,1.318849560801208e-48,1.725145821629251e-32,1.7251458216292512e-32,2.0785706297400046e-09,0.00017955006017933634,1.555845886495748e-05,False,0.0014589905550443799,"[1.0000000000000002,1.0000000000000002,1.0000000000000002,1.0000000000000002,1.0000000000000002,1.0000000000000002,1.0000000000000002,1.0000000000000002,1.0000000000000002,1.0000000000000002,1.0000000000000002,1.0000000000000002,1.0000000000000002,1.0000000000000002,1.0000000000000002,1.0000000000000002,1.0000000000000002,1.0000000000000002,1.0000000000000002,1.0000000000000002,1.0000000000000002,1.0000000000000002,1.0000000000000002,1.0000000000000002,1.0000000000000002,1.0000000000000002,1.0000000000000002,1.0000000000000002,1.0000000000000002,1.0000000000000002,1.0000000000000002,1.0000000000000002,1.0000000000000002,1.0000000000000002,1.0000000000000002,1.0000000000000002,1.0000000000000002,1.0000000000000002,1.0000000000000002,1.0000000000000002,1.0000000000000002,1.0000000000000002,1.0000000000000002,1.0000000000000002,1.0000000000000002,1.0000000000000002,1.0000000000000002,1.0000000000000002,1.0000000000000002,1.0000000000000002,1.0000000000000002,1.0000000000000002,1.0000000000000002,1.0000000000000002,1.0000000000000002,1.0000000000000002,1.0000000000000002,1.0000000000000002,1.0000000000000002,1.0000000000000002,1.0000000000000002,1.0000000000000002,1.0000000000000002,1.0000000000000002,1.0000000000000002,1.0000000000000002,1.0000000000000002,1.0000000000000002,1.0000000000000002,1.0000000000000002,1.0000000000000002,1.0000000000000002,1.0000000000000002,1.0000000000000002,1.0000000000000002,1.0000000000000002,1.0000000000000002,1.0000000000000002,1.0000000000000002,1.0000000000000002,1.0000000000000002,1.0000000000000002,1.0000000000000002,1.0000000000000002,1.0000000000000002,1.0000000000000002,1.0000000000000002,1.0000000000000002,1.0000000000000002,1.0000000000000002,1.0000000000000002,1.0000000000000002,1.0000000000000002,1.0000000000000002,1.0000000000000002,1.0000000000000002,1.0000000000000002,1.0000000000000002,1.0000000000000002,1.0000000000000002,1.0000000000000002,1.0000000000000002,1.0000000000000002,1.0000000000000002,1.0000000000000002,1.0000000000000002,1.0000000000000002,1.0000000000000002,1.0000000000000002,1.0000000000000002,1.0000000000000002,1.0000000000000002,1.0000000000000002,1.0000000000000002,1.0000000000000002,1.0000000000000002,1.0000000000000002,1.0000000000000002,1.0000000000000002,1.0000000000000002,1.0000000000000002,1.0000000000000002,1.0000000000000002,1.0000000000000002,1.0000000000000002,1.0000000000000002,1.0000000000000002,1.0000000000000002,1.0000000000000002,1.0000000000000002,1.0000000000000002,1.0000000000000002,1.0000000000000002,1.0000000000000002,1.0000000000000002,1.0000000000000002,1.0000000000000002,1.0000000000000002,1.0000000000000002,1.0000000000000002,1.0000000000000002,1.0000000000000002,1.0000000000000002,1.0000000000000002,1.0000000000000002,1.0000000000000002,1.0000000000000002,1.0000000000000002,1.0000000000000002,1.0000000000000002,1.0000000000000002,1.0000000000000002,1.0000000000000002,1.0000000000000002,1.0000000000000002,1.0000000000000002,1.0000000000000002,1.0000000000000002,1.0000000000000002,1.0000000000000002,1.0000000000000002,1.0000000000000002,1.0000000000000002,1.0000000000000002,1.0000000000000002,1.0000000000000002,1.0000000000000002,1.0000000000000002,1.0000000000000002,1.0000000000000002,1.0000000000000002,1.0000000000000002,1.0000000000000002,1.0000000000000002,1.0000000000000002,1.0000000000000002,1.0000000000000002]",5.0000000000000036,17.0,True,exact commutator transition cap reached; locality bound used,not-used,commutator,mizuta2026-commutator-ideal-rigorous,[],26427996.0,,,,0.00017955006017933634,1.1060469722284659e+54,mizuta2026-commutator-ideal-rigorous,"Mizuta, Quantum 10, 1974 (2026), arXiv:2507.06557v4","Theorem 4, Eqs. (47)--(49), with direct Lemmas 9--10 BCH remainder","{""error_predicate_satisfied"":1.0,""extensiveness_g"":5.000000000000001,""joint_predicate_satisfied"":1.0,""legacy_first_condition_passed"":0.0,""legacy_first_time_limit"":1.555845886495748e-05,""local_commutator_error"":2.0785706297400042e-09,""local_step_error"":2.0785706297400046e-09,""local_truncated_bch_error"":1.7251458216292512e-32,""locality_k"":2.0,""mu_upper"":171.35134914728454,""refined_lemma10_remainder"":1.725145821629251e-32,""refined_lemma9_remainder"":1.318849560801208e-48,""refined_tail_fallback"":0.0,""repeated_global_error"":0.00017955006017933634,""schedule_weighted_extensiveness"":5.0000000000000036,""second_time_limit"":0.0014589905550443799,""time_2_predicate_satisfied"":1.0,""total_branchwise_bch_remainder"":1.7251458216292512e-32,""truncation_order_p0"":20.0}",True,ideal-mpf,True,ordered individual Pauli terms,"[""individual Pauli summands define the ordered H_gamma decomposition"",""the actual Strang factors define schedule-weighted g_alpha extensiveness"",""Lemma 9 and Lemma 10 positive majorants directly certify the BCH remainder"",""the scalar-flow/Cauchy refined tail certificate is used"",""Theorem 4 second time hypothesis is satisfied"",""the repeated ideal MPF is composed with the Eq. (15) telescoping argument""]","exact Pauli recurrence would require 269217 transitions at order 18, above cap 250000; remaining orders use Mizuta 2026 Eq. (8)",20.0,17.0,True,True,"{""2"":2112.000000000002,""3"":33744.00000000005,""4"":437856.000000001,""5"":6996288.0000000205,""6"":95599104.00000036,""7"":1527651840.000007,""8"":21592366080.000114,""9"":345068332032.0021,""10"":4990024826880.033,""11"":79751565484032.6,""12"":1171981014171657.5,""13"":1.8732045550190756e+16,""14"":2.7853937024041222e+17,""15"":4.452212203592659e+18,""16"":6.679876190887078e+19,""17"":1.0677736568554049e+21,""18"":2.0746194846052442e+39,""19"":7.468630144578908e+41,""20"":2.8380794549399876e+44}",repeated-shared-ancilla-good-block,True,False,0.0001795736083471991,new,"[1,2,3,4,5,6,7,10,18,46]","[-1.018659142049789e-15,7.422846929019768e-10,-1.3257582359573536e-06,0.00016899488366474386,-0.004245967231050632,0.03062942826404365,-0.06314501886386865,0.12451536167559175,-0.4127707622244733,1.3248492885120446]",1.960326148155259,0.03967385184474104,102.0,registered-exact,True,10.0,5.0,2.0,6.0,12.0,4.0,6.0,3.0,2.0,3.0,2.0,one robust OAA round per segment,86366.0,branch register all-zero,,96.0,18665938116.0,11227580.0,-1.0,2893265318300.0,28010888627.0,analytical-model,1.995262314968879e-05,,,,,,,,,,,,0.1.0,3.11.9,2.5.0,b58b31db18364511c43757e27fffc7abce8df2c1,True,ok,,
1.0,transverse_field_ising:N089,-3.8,commutator,2466567.0,,,2.0,a8fa234e-a646-4911-8402-a67c302db4ae,2026-08-12T00:11:58.358108+00:00,c1ad72de628f71283ac69037e9bbe97c3e773952f5abde5eac91397ca322d1a6,resource-grid,transverse_field_ising,TFIM-89,"{""coupling"":1.0,""field"":3.0,""periodic"":false}",89,89.0,proportional,1.0,0.00015848931924611142,355.0,177,trotter-p2,trotter,Trotter p=2,analytical,analytical,2.0,,,,,,2466567.0,,,,,,,,,,,,,,,,,,,,,,,,,,,,,,individual,177.0,0.00014264029857737547,1231.0,childs-commutator,"Childs, Su, Tran, Wiebe, and Zhu, arXiv:1912.08854",Propositions 9--10,"{""prefactor"":1231.0}",True,implemented-product-formula,True,,"[""the resolved ordered Hamiltonian groups match the implemented formula""]",,,,,,,implemented-product-formula,True,True,0.0001426403873215003,,,,,,,,,,,,,,,,,,,1.0,none,0.0,system register,1.0,89.0,870698151.0,0.0,-1.0,124509835593.0,865778953.0,analytical-model,1.584893192461114e-05,,,,,,,,,,,,0.1.0,3.11.9,2.5.0,b58b31db18364511c43757e27fffc7abce8df2c1,True,ok,,
1.0,transverse_field_ising:N089,-3.8,empirical,648962.0,,,2.0,a8fa234e-a646-4911-8402-a67c302db4ae,2026-08-12T00:11:58.358108+00:00,c1ad72de628f71283ac69037e9bbe97c3e773952f5abde5eac91397ca322d1a6,resource-grid,transverse_field_ising,TFIM-89,"{""coupling"":1.0,""field"":3.0,""periodic"":false}",89,89.0,proportional,1.0,0.00015848931924611142,355.0,177,trotter-p2-empirical,trotter,Trotter p=2 [empirical],empirical-operator-norm,empirical,2.0,,,,,,648962.0,,,,,,,,,,,,,,,,,,,,,,,,,,,,,,individual,177.0,0.00014263999262698513,85.2137784292,empirical-operator-norm,Repository empirical operator-norm calibration study v1 (2026-08-10),reviewed calibration opnorm-v1-tfim-open-trotter-p2; artifact docs/calibration_data/empirical_1d_v1_accepted.json,"{""prefactor"":85.2137784292}",False,implemented-product-formula,False,,"[""the resolved ordered Hamiltonian groups match the implemented formula"",""the fixed formal-order powers in time and segments apply"",""the reviewed affine size calibration extrapolates as flagged""]",,,,,,,implemented-product-formula,False,False,0.0001426403873215003,,,,,,,,,,,,,,,,,,,1.0,none,0.0,system register,1.0,89.0,229083586.0,0.0,-1.0,31384451282.0,227789329.0,analytical-model,1.584893192461114e-05,opnorm-v1-tfim-open-trotter-p2,transverse_field_ising,affine-aN-plus-b,85.2137784292,4.0,12.0,4.0,12.0,True,True,formula,0.1.0,3.11.9,2.5.0,b58b31db18364511c43757e27fffc7abce8df2c1,True,ok,,
1.0,transverse_field_ising:N089,-3.8,commutator,31012.0,,,2.0,a8fa234e-a646-4911-8402-a67c302db4ae,2026-08-12T00:11:58.358108+00:00,c1ad72de628f71283ac69037e9bbe97c3e773952f5abde5eac91397ca322d1a6,resource-grid,transverse_field_ising,TFIM-89,"{""coupling"":1.0,""field"":3.0,""periodic"":false}",89,89.0,proportional,1.0,0.00015848931924611142,355.0,177,trotter-p4,trotter,Trotter p=4,analytical,analytical,4.0,,,,,,31012.0,,,,,,,,,,,,,,,,,,,,,,,,,,,,,,commuting,2.0,0.00014262924118537223,23625.316736077137,schubert-mendl-commutator,"Schubert and Mendl, arXiv:2306.10603",Theorem 1,"{""prefactor"":23625.316736077137}",True,implemented-product-formula,True,,"[""the resolved ordered Hamiltonian groups match the implemented formula""]",,,,,,,implemented-product-formula,True,True,0.0001426403873215003,,,,,,,,,,,,,,,,,,,1.0,none,0.0,system register,1.0,89.0,41245960.0,0.0,-1.0,5361974800.0,41012932.0,analytical-model,1.584893192461114e-05,,,,,,,,,,,,0.1.0,3.11.9,2.5.0,b58b31db18364511c43757e27fffc7abce8df2c1,True,ok,,
1.0,transverse_field_ising:N089,-3.8,empirical,6190.0,,,2.0,a8fa234e-a646-4911-8402-a67c302db4ae,2026-08-12T00:11:58.358108+00:00,c1ad72de628f71283ac69037e9bbe97c3e773952f5abde5eac91397ca322d1a6,resource-grid,transverse_field_ising,TFIM-89,"{""coupling"":1.0,""field"":3.0,""periodic"":false}",89,89.0,proportional,1.0,0.00015848931924611142,355.0,177,trotter-p4-empirical,trotter,Trotter p=4 [empirical],empirical-operator-norm,empirical,4.0,,,,,,6190.0,,,,,,,,,,,,,,,,,,,,,,,,,,,,,,commuting,2.0,0.00014258974779539406,37.4887417028,empirical-operator-norm,Repository empirical operator-norm calibration study v1 (2026-08-10),reviewed calibration opnorm-v1-tfim-open-trotter-p4; artifact docs/calibration_data/empirical_1d_v1_accepted.json,"{""prefactor"":37.4887417028}",False,implemented-product-formula,False,,"[""the resolved ordered Hamiltonian groups match the implemented formula"",""the fixed formal-order powers in time and segments apply"",""the reviewed affine size calibration extrapolates as flagged""]",,,,,,,implemented-product-formula,False,False,0.0001426403873215003,,,,,,,,,,,,,,,,,,,1.0,none,0.0,system register,1.0,89.0,8232700.0,0.0,-1.0,1012622100.0,8186188.0,analytical-model,1.584893192461114e-05,opnorm-v1-tfim-open-trotter-p4,transverse_field_ising,affine-aN-plus-b,37.4887417028,4.0,12.0,4.0,12.0,True,True,formula,0.1.0,3.11.9,2.5.0,b58b31db18364511c43757e27fffc7abce8df2c1,True,ok,,
1.0,transverse_field_ising:N089,-3.8,commutator,10418.0,,,2.0,a8fa234e-a646-4911-8402-a67c302db4ae,2026-08-12T00:11:58.358108+00:00,c1ad72de628f71283ac69037e9bbe97c3e773952f5abde5eac91397ca322d1a6,resource-grid,transverse_field_ising,TFIM-89,"{""coupling"":1.0,""field"":3.0,""periodic"":false}",89,89.0,proportional,1.0,0.00015848931924611142,355.0,177,trotter-p6,trotter,Trotter p=6,analytical,analytical,6.0,,,,,,10418.0,,,,,,,,,,,,,,,,,,,,,,,,,,,,,,commuting,2.0,0.00014256359203807184,4120830.026684159,schubert-mendl-commutator,"Schubert and Mendl, arXiv:2306.10603",Theorem 1,"{""prefactor"":4120830.026684159}",True,implemented-product-formula,True,,"[""the resolved ordered Hamiltonian groups match the implemented formula""]",,,,,,,implemented-product-formula,True,True,0.0001426403873215003,,,,,,,,,,,,,,,,,,,1.0,none,0.0,system register,1.0,89.0,69279700.0,0.0,-1.0,9144920400.0,68888290.0,analytical-model,1.584893192461114e-05,,,,,,,,,,,,0.1.0,3.11.9,2.5.0,b58b31db18364511c43757e27fffc7abce8df2c1,True,ok,,
1.0,transverse_field_ising:N089,-3.8,empirical,757.0,,,2.0,a8fa234e-a646-4911-8402-a67c302db4ae,2026-08-12T00:11:58.358108+00:00,c1ad72de628f71283ac69037e9bbe97c3e773952f5abde5eac91397ca322d1a6,resource-grid,transverse_field_ising,TFIM-89,"{""coupling"":1.0,""field"":3.0,""periodic"":false}",89,89.0,proportional,1.0,0.00015848931924611142,355.0,177,trotter-p6-empirical,trotter,Trotter p=6 [empirical],empirical-operator-norm,empirical,6.0,,,,,,757.0,,,,,,,,,,,,,,,,,,,,,,,,,,,,,,commuting,2.0,0.0001420623824417076,0.604399817,empirical-operator-norm,Repository empirical operator-norm calibration study v1 (2026-08-10),reviewed calibration opnorm-v1-tfim-open-trotter-p6; artifact docs/calibration_data/empirical_1d_v1_accepted.json,"{""prefactor"":0.604399817}",False,implemented-product-formula,False,,"[""the resolved ordered Hamiltonian groups match the implemented formula"",""the fixed formal-order powers in time and segments apply"",""the reviewed affine size calibration extrapolates as flagged""]",,,,,,,implemented-product-formula,False,False,0.0001426403873215003,,,,,,,,,,,,,,,,,,,1.0,none,0.0,system register,1.0,89.0,5034050.0,0.0,-1.0,604086000.0,5005610.0,analytical-model,1.584893192461114e-05,opnorm-v1-tfim-open-trotter-p6,transverse_field_ising,affine-aN-plus-b,0.604399817,4.0,12.0,4.0,12.0,True,True,formula,0.1.0,3.11.9,2.5.0,b58b31db18364511c43757e27fffc7abce8df2c1,True,ok,,
1.0,transverse_field_ising:N089,-3.8,jacobi-anger,,,,2.0,a8fa234e-a646-4911-8402-a67c302db4ae,2026-08-12T00:11:58.358108+00:00,c1ad72de628f71283ac69037e9bbe97c3e773952f5abde5eac91397ca322d1a6,resource-grid,transverse_field_ising,TFIM-89,"{""coupling"":1.0,""field"":3.0,""periodic"":false}",89,89.0,proportional,1.0,0.00015848931924611142,355.0,177,qsvt,qsvt,QSVT,jacobi-anger-rigorous,analytical,,,,,,,,,,,,,,,,,,,,,,,,,,,,,,,,,,,257691.0,42949.0,,,2.0833424089964327e-05,,jacobi-anger-polynomial-oaa,"Martyn et al., arXiv:2105.02859, Eqs. (76)--(77)",Jacobi--Anger tails plus exact cubic OAA identity,"{""oaa-unitarity-defect-distortion"":1.0416793424910542e-05,""scaled-polynomial-error"":1.0416630665053785e-05}",True,ideal-qsvt-oaa-good-block,True,,"[""the cosine and sine polynomials are implemented exactly"",""the unamplified good block is exactly Q/2""]",,,,,,,implemented-qsvt-floating-phase-circuit,False,False,0.0001426403873215003,,,,,,,,,,,,,,,,,,,2.0,one robust OAA round,1.0,"component, quadrature, and index registers all-zero",,107.0,131937804.0,369529020.0,-1.0,19289719620.0,2416369263.0,analytical-model,1.584893192461114e-05,,,,,,,,,,,,0.1.0,3.11.9,2.5.0,b58b31db18364511c43757e27fffc7abce8df2c1,True,ok,,
1.0,transverse_field_ising:N089,-3.8,empirical,,10.0,,2.0,a8fa234e-a646-4911-8402-a67c302db4ae,2026-08-12T00:11:58.358108+00:00,c1ad72de628f71283ac69037e9bbe97c3e773952f5abde5eac91397ca322d1a6,resource-grid,transverse_field_ising,TFIM-89,"{""coupling"":1.0,""field"":3.0,""periodic"":false}",89,89.0,proportional,1.0,0.00015848931924611142,355.0,177,mpf-j-mizuta2026-theorem6-empirical-operator-norm,multiproduct,MPF J=Mizuta Theorem 6 (resolved per point) [empirical operator norm],empirical-operator-norm,,,10.0,20.0,mizuta2026-theorem6,5.000000000000001,0.0001426403873215003,,,,,,,,,,,,,,,,,,,,,,,,,,,,,,,,,,,,,,,,,,,,,,,,,,,,,0.0001426403873215003,,,,,,,,,,,,,,,,,,,,,,,,,,,,,,,,,,,,,,,,,,,0.1.0,3.11.9,2.5.0,b58b31db18364511c43757e27fffc7abce8df2c1,True,missing_empirical,UnsupportedEmpiricalCalibrationError,"no reviewed empirical operator-norm calibration for method=multiproduct, formal_order=20, model=transverse_field_ising, parameters={'coupling': 1.0, 'field': 3.0, 'periodic': False}, boundary=open, partition=None, schedule='new', formula='ordered-individual-pauli-strang-mpf-v1'"
1.0,transverse_field_ising:N089,-3.8,commutator,,10.0,87366.0,2.0,a8fa234e-a646-4911-8402-a67c302db4ae,2026-08-12T00:11:58.358108+00:00,c1ad72de628f71283ac69037e9bbe97c3e773952f5abde5eac91397ca322d1a6,resource-grid,transverse_field_ising,TFIM-89,"{""coupling"":1.0,""field"":3.0,""periodic"":false}",89,89.0,proportional,1.0,0.00015848931924611142,355.0,177,mpf-j-mizuta2026-theorem6-mizuta2026-commutator-ideal-rigorous,multiproduct,MPF J=Mizuta Theorem 6 (resolved per point) [Mizuta 2026 refined commutator],mizuta2026-commutator-ideal-rigorous,analytical,,10.0,20.0,mizuta2026-theorem6,5.000000000000001,0.0001426403873215003,87366.0,87366.0,,61002.0,"[""error""]",171.35134914728454,20.0,,,1.6321956400671096e-09,1.3530455995888416e-32,1.0354453889946884e-48,1.3530455995888413e-32,1.3530455995888416e-32,1.6321956400671098e-09,0.00014261873981209956,1.555845886495748e-05,False,0.0014589905550443799,"[1.0000000000000002,1.0000000000000002,1.0000000000000002,1.0000000000000002,1.0000000000000002,1.0000000000000002,1.0000000000000002,1.0000000000000002,1.0000000000000002,1.0000000000000002,1.0000000000000002,1.0000000000000002,1.0000000000000002,1.0000000000000002,1.0000000000000002,1.0000000000000002,1.0000000000000002,1.0000000000000002,1.0000000000000002,1.0000000000000002,1.0000000000000002,1.0000000000000002,1.0000000000000002,1.0000000000000002,1.0000000000000002,1.0000000000000002,1.0000000000000002,1.0000000000000002,1.0000000000000002,1.0000000000000002,1.0000000000000002,1.0000000000000002,1.0000000000000002,1.0000000000000002,1.0000000000000002,1.0000000000000002,1.0000000000000002,1.0000000000000002,1.0000000000000002,1.0000000000000002,1.0000000000000002,1.0000000000000002,1.0000000000000002,1.0000000000000002,1.0000000000000002,1.0000000000000002,1.0000000000000002,1.0000000000000002,1.0000000000000002,1.0000000000000002,1.0000000000000002,1.0000000000000002,1.0000000000000002,1.0000000000000002,1.0000000000000002,1.0000000000000002,1.0000000000000002,1.0000000000000002,1.0000000000000002,1.0000000000000002,1.0000000000000002,1.0000000000000002,1.0000000000000002,1.0000000000000002,1.0000000000000002,1.0000000000000002,1.0000000000000002,1.0000000000000002,1.0000000000000002,1.0000000000000002,1.0000000000000002,1.0000000000000002,1.0000000000000002,1.0000000000000002,1.0000000000000002,1.0000000000000002,1.0000000000000002,1.0000000000000002,1.0000000000000002,1.0000000000000002,1.0000000000000002,1.0000000000000002,1.0000000000000002,1.0000000000000002,1.0000000000000002,1.0000000000000002,1.0000000000000002,1.0000000000000002,1.0000000000000002,1.0000000000000002,1.0000000000000002,1.0000000000000002,1.0000000000000002,1.0000000000000002,1.0000000000000002,1.0000000000000002,1.0000000000000002,1.0000000000000002,1.0000000000000002,1.0000000000000002,1.0000000000000002,1.0000000000000002,1.0000000000000002,1.0000000000000002,1.0000000000000002,1.0000000000000002,1.0000000000000002,1.0000000000000002,1.0000000000000002,1.0000000000000002,1.0000000000000002,1.0000000000000002,1.0000000000000002,1.0000000000000002,1.0000000000000002,1.0000000000000002,1.0000000000000002,1.0000000000000002,1.0000000000000002,1.0000000000000002,1.0000000000000002,1.0000000000000002,1.0000000000000002,1.0000000000000002,1.0000000000000002,1.0000000000000002,1.0000000000000002,1.0000000000000002,1.0000000000000002,1.0000000000000002,1.0000000000000002,1.0000000000000002,1.0000000000000002,1.0000000000000002,1.0000000000000002,1.0000000000000002,1.0000000000000002,1.0000000000000002,1.0000000000000002,1.0000000000000002,1.0000000000000002,1.0000000000000002,1.0000000000000002,1.0000000000000002,1.0000000000000002,1.0000000000000002,1.0000000000000002,1.0000000000000002,1.0000000000000002,1.0000000000000002,1.0000000000000002,1.0000000000000002,1.0000000000000002,1.0000000000000002,1.0000000000000002,1.0000000000000002,1.0000000000000002,1.0000000000000002,1.0000000000000002,1.0000000000000002,1.0000000000000002,1.0000000000000002,1.0000000000000002,1.0000000000000002,1.0000000000000002,1.0000000000000002,1.0000000000000002,1.0000000000000002,1.0000000000000002,1.0000000000000002,1.0000000000000002,1.0000000000000002,1.0000000000000002,1.0000000000000002,1.0000000000000002,1.0000000000000002,1.0000000000000002]",5.0000000000000036,17.0,True,exact commutator transition cap reached; locality bound used,not-used,commutator,mizuta2026-commutator-ideal-rigorous,[],26733996.0,,,,0.00014261873981209956,1.1060469722284659e+54,mizuta2026-commutator-ideal-rigorous,"Mizuta, Quantum 10, 1974 (2026), arXiv:2507.06557v4","Theorem 4, Eqs. (47)--(49), with direct Lemmas 9--10 BCH remainder","{""error_predicate_satisfied"":1.0,""extensiveness_g"":5.000000000000001,""joint_predicate_satisfied"":1.0,""legacy_first_condition_passed"":0.0,""legacy_first_time_limit"":1.555845886495748e-05,""local_commutator_error"":1.6321956400671096e-09,""local_step_error"":1.6321956400671098e-09,""local_truncated_bch_error"":1.3530455995888416e-32,""locality_k"":2.0,""mu_upper"":171.35134914728454,""refined_lemma10_remainder"":1.3530455995888413e-32,""refined_lemma9_remainder"":1.0354453889946884e-48,""refined_tail_fallback"":0.0,""repeated_global_error"":0.00014261873981209956,""schedule_weighted_extensiveness"":5.0000000000000036,""second_time_limit"":0.0014589905550443799,""time_2_predicate_satisfied"":1.0,""total_branchwise_bch_remainder"":1.3530455995888416e-32,""truncation_order_p0"":20.0}",True,ideal-mpf,True,ordered individual Pauli terms,"[""individual Pauli summands define the ordered H_gamma decomposition"",""the actual Strang factors define schedule-weighted g_alpha extensiveness"",""Lemma 9 and Lemma 10 positive majorants directly certify the BCH remainder"",""the scalar-flow/Cauchy refined tail certificate is used"",""Theorem 4 second time hypothesis is satisfied"",""the repeated ideal MPF is composed with the Eq. (15) telescoping argument""]","exact Pauli recurrence would require 269217 transitions at order 18, above cap 250000; remaining orders use Mizuta 2026 Eq. (8)",20.0,17.0,True,True,"{""2"":2112.000000000002,""3"":33744.00000000005,""4"":437856.000000001,""5"":6996288.0000000205,""6"":95599104.00000036,""7"":1527651840.000007,""8"":21592366080.000114,""9"":345068332032.0021,""10"":4990024826880.033,""11"":79751565484032.6,""12"":1171981014171657.5,""13"":1.8732045550190756e+16,""14"":2.7853937024041222e+17,""15"":4.452212203592659e+18,""16"":6.679876190887078e+19,""17"":1.0677736568554049e+21,""18"":2.0746194846052442e+39,""19"":7.468630144578908e+41,""20"":2.8380794549399876e+44}",repeated-shared-ancilla-good-block,True,False,0.0001426403873215003,new,"[1,2,3,4,5,6,7,10,18,46]","[-1.018659142049789e-15,7.422846929019768e-10,-1.3257582359573536e-06,0.00016899488366474386,-0.004245967231050632,0.03062942826404365,-0.06314501886386865,0.12451536167559175,-0.4127707622244733,1.3248492885120446]",1.960326148155259,0.03967385184474104,102.0,registered-exact,True,10.0,5.0,2.0,6.0,12.0,4.0,6.0,3.0,2.0,3.0,2.0,one robust OAA round per segment,87366.0,branch register all-zero,,96.0,18882064116.0,11357580.0,-1.0,2945647432416.0,28335216356.0,analytical-model,1.584893192461114e-05,,,,,,,,,,,,0.1.0,3.11.9,2.5.0,b58b31db18364511c43757e27fffc7abce8df2c1,True,ok,,
1.0,transverse_field_ising:N089,-3.9,commutator,2767533.0,,,2.0,a8fa234e-a646-4911-8402-a67c302db4ae,2026-08-12T00:11:58.358108+00:00,c1ad72de628f71283ac69037e9bbe97c3e773952f5abde5eac91397ca322d1a6,resource-grid,transverse_field_ising,TFIM-89,"{""coupling"":1.0,""field"":3.0,""periodic"":false}",89,89.0,proportional,1.0,0.00012589254117941674,355.0,177,trotter-p2,trotter,Trotter p=2,analytical,analytical,2.0,,,,,,2767533.0,,,,,,,,,,,,,,,,,,,,,,,,,,,,,,individual,177.0,0.0001133032732939165,1231.0,childs-commutator,"Childs, Su, Tran, Wiebe, and Zhu, arXiv:1912.08854",Propositions 9--10,"{""prefactor"":1231.0}",True,implemented-product-formula,True,,"[""the resolved ordered Hamiltonian groups match the implemented formula""]",,,,,,,implemented-product-formula,True,True,0.00011330328706147508,,,,,,,,,,,,,,,,,,,1.0,none,0.0,system register,1.0,89.0,976939149.0,0.0,-1.0,140679237456.0,971419719.0,analytical-model,1.2589254117941675e-05,,,,,,,,,,,,0.1.0,3.11.9,2.5.0,b58b31db18364511c43757e27fffc7abce8df2c1,True,ok,,
1.0,transverse_field_ising:N089,-3.9,empirical,728147.0,,,2.0,a8fa234e-a646-4911-8402-a67c302db4ae,2026-08-12T00:11:58.358108+00:00,c1ad72de628f71283ac69037e9bbe97c3e773952f5abde5eac91397ca322d1a6,resource-grid,transverse_field_ising,TFIM-89,"{""coupling"":1.0,""field"":3.0,""periodic"":false}",89,89.0,proportional,1.0,0.00012589254117941674,355.0,177,trotter-p2-empirical,trotter,Trotter p=2 [empirical],empirical-operator-norm,empirical,2.0,,,,,,728147.0,,,,,,,,,,,,,,,,,,,,,,,,,,,,,,individual,177.0,0.00011330307939937513,85.2137784292,empirical-operator-norm,Repository empirical operator-norm calibration study v1 (2026-08-10),reviewed calibration opnorm-v1-tfim-open-trotter-p2; artifact docs/calibration_data/empirical_1d_v1_accepted.json,"{""prefactor"":85.2137784292}",False,implemented-product-formula,False,,"[""the resolved ordered Hamiltonian groups match the implemented formula"",""the fixed formal-order powers in time and segments apply"",""the reviewed affine size calibration extrapolates as flagged""]",,,,,,,implemented-product-formula,False,False,0.00011330328706147508,,,,,,,,,,,,,,,,,,,1.0,none,0.0,system register,1.0,89.0,257035891.0,0.0,-1.0,35727988849.0,255583711.0,analytical-model,1.2589254117941675e-05,opnorm-v1-tfim-open-trotter-p2,transverse_field_ising,affine-aN-plus-b,85.2137784292,4.0,12.0,4.0,12.0,True,True,formula,0.1.0,3.11.9,2.5.0,b58b31db18364511c43757e27fffc7abce8df2c1,True,ok,,
1.0,transverse_field_ising:N089,-3.9,commutator,32849.0,,,2.0,a8fa234e-a646-4911-8402-a67c302db4ae,2026-08-12T00:11:58.358108+00:00,c1ad72de628f71283ac69037e9bbe97c3e773952f5abde5eac91397ca322d1a6,resource-grid,transverse_field_ising,TFIM-89,"{""coupling"":1.0,""field"":3.0,""periodic"":false}",89,89.0,proportional,1.0,0.00012589254117941674,355.0,177,trotter-p4,trotter,Trotter p=4,analytical,analytical,4.0,,,,,,32849.0,,,,,,,,,,,,,,,,,,,,,,,,,,,,,,commuting,2.0,0.00011330238719777087,23625.316736077137,schubert-mendl-commutator,"Schubert and Mendl, arXiv:2306.10603",Theorem 1,"{""prefactor"":23625.316736077137}",True,implemented-product-formula,True,,"[""the resolved ordered Hamiltonian groups match the implemented formula""]",,,,,,,implemented-product-formula,True,True,0.00011330328706147508,,,,,,,,,,,,,,,,,,,1.0,none,0.0,system register,1.0,89.0,43689170.0,0.0,-1.0,5723281270.0,43442339.0,analytical-model,1.2589254117941675e-05,,,,,,,,,,,,0.1.0,3.11.9,2.5.0,b58b31db18364511c43757e27fffc7abce8df2c1,True,ok,,
1.0,transverse_field_ising:N089,-3.9,empirical,6557.0,,,2.0,a8fa234e-a646-4911-8402-a67c302db4ae,2026-08-12T00:11:58.358108+00:00,c1ad72de628f71283ac69037e9bbe97c3e773952f5abde5eac91397ca322d1a6,resource-grid,transverse_field_ising,TFIM-89,"{""coupling"":1.0,""field"":3.0,""periodic"":false}",89,89.0,proportional,1.0,0.00012589254117941674,355.0,177,trotter-p4-empirical,trotter,Trotter p=4 [empirical],empirical-operator-norm,empirical,4.0,,,,,,6557.0,,,,,,,,,,,,,,,,,,,,,,,,,,,,,,commuting,2.0,0.00011324790125341758,37.4887417028,empirical-operator-norm,Repository empirical operator-norm calibration study v1 (2026-08-10),reviewed calibration opnorm-v1-tfim-open-trotter-p4; artifact docs/calibration_data/empirical_1d_v1_accepted.json,"{""prefactor"":37.4887417028}",False,implemented-product-formula,False,,"[""the resolved ordered Hamiltonian groups match the implemented formula"",""the fixed formal-order powers in time and segments apply"",""the reviewed affine size calibration extrapolates as flagged""]",,,,,,,implemented-product-formula,False,False,0.00011330328706147508,,,,,,,,,,,,,,,,,,,1.0,none,0.0,system register,1.0,89.0,8720810.0,0.0,-1.0,1081380440.0,8671540.0,analytical-model,1.2589254117941675e-05,opnorm-v1-tfim-open-trotter-p4,transverse_field_ising,affine-aN-plus-b,37.4887417028,4.0,12.0,4.0,12.0,True,True,formula,0.1.0,3.11.9,2.5.0,b58b31db18364511c43757e27fffc7abce8df2c1,True,ok,,
1.0,transverse_field_ising:N089,-3.9,commutator,10825.0,,,2.0,a8fa234e-a646-4911-8402-a67c302db4ae,2026-08-12T00:11:58.358108+00:00,c1ad72de628f71283ac69037e9bbe97c3e773952f5abde5eac91397ca322d1a6,resource-grid,transverse_field_ising,TFIM-89,"{""coupling"":1.0,""field"":3.0,""periodic"":false}",89,89.0,proportional,1.0,0.00012589254117941674,355.0,177,trotter-p6,trotter,Trotter p=6,analytical,analytical,6.0,,,,,,10825.0,,,,,,,,,,,,,,,,,,,,,,,,,,,,,,commuting,2.0,0.00011327845518193873,4120830.026684159,schubert-mendl-commutator,"Schubert and Mendl, arXiv:2306.10603",Theorem 1,"{""prefactor"":4120830.026684159}",True,implemented-product-formula,True,,"[""the resolved ordered Hamiltonian groups match the implemented formula""]",,,,,,,implemented-product-formula,True,True,0.00011330328706147508,,,,,,,,,,,,,,,,,,,1.0,none,0.0,system register,1.0,89.0,71986250.0,0.0,-1.0,9574171250.0,71579549.0,analytical-model,1.2589254117941675e-05,,,,,,,,,,,,0.1.0,3.11.9,2.5.0,b58b31db18364511c43757e27fffc7abce8df2c1,True,ok,,
1.0,transverse_field_ising:N089,-3.9,empirical,787.0,,,2.0,a8fa234e-a646-4911-8402-a67c302db4ae,2026-08-12T00:11:58.358108+00:00,c1ad72de628f71283ac69037e9bbe97c3e773952f5abde5eac91397ca322d1a6,resource-grid,transverse_field_ising,TFIM-89,"{""coupling"":1.0,""field"":3.0,""periodic"":false}",89,89.0,proportional,1.0,0.00012589254117941674,355.0,177,trotter-p6-empirical,trotter,Trotter p=6 [empirical],empirical-operator-norm,empirical,6.0,,,,,,787.0,,,,,,,,,,,,,,,,,,,,,,,,,,,,,,commuting,2.0,0.00011251384764211286,0.604399817,empirical-operator-norm,Repository empirical operator-norm calibration study v1 (2026-08-10),reviewed calibration opnorm-v1-tfim-open-trotter-p6; artifact docs/calibration_data/empirical_1d_v1_accepted.json,"{""prefactor"":0.604399817}",False,implemented-product-formula,False,,"[""the resolved ordered Hamiltonian groups match the implemented formula"",""the fixed formal-order powers in time and segments apply"",""the reviewed affine size calibration extrapolates as flagged""]",,,,,,,implemented-product-formula,False,False,0.00011330328706147508,,,,,,,,,,,,,,,,,,,1.0,none,0.0,system register,1.0,89.0,5233550.0,0.0,-1.0,638493100.0,5203982.0,analytical-model,1.2589254117941675e-05,opnorm-v1-tfim-open-trotter-p6,transverse_field_ising,affine-aN-plus-b,0.604399817,4.0,12.0,4.0,12.0,True,True,formula,0.1.0,3.11.9,2.5.0,b58b31db18364511c43757e27fffc7abce8df2c1,True,ok,,
1.0,transverse_field_ising:N089,-3.9,jacobi-anger,,,,2.0,a8fa234e-a646-4911-8402-a67c302db4ae,2026-08-12T00:11:58.358108+00:00,c1ad72de628f71283ac69037e9bbe97c3e773952f5abde5eac91397ca322d1a6,resource-grid,transverse_field_ising,TFIM-89,"{""coupling"":1.0,""field"":3.0,""periodic"":false}",89,89.0,proportional,1.0,0.00012589254117941674,355.0,177,qsvt,qsvt,QSVT,jacobi-anger-rigorous,analytical,,,,,,,,,,,,,,,,,,,,,,,,,,,,,,,,,,,257691.0,42949.0,,,1.7573707459048015e-05,,jacobi-anger-polynomial-oaa,"Martyn et al., arXiv:2105.02859, Eqs. (76)--(77)",Jacobi--Anger tails plus exact cubic OAA identity,"{""oaa-unitarity-defect-distortion"":8.786911635529243e-06,""scaled-polynomial-error"":8.786795823518772e-06}",True,ideal-qsvt-oaa-good-block,True,,"[""the cosine and sine polynomials are implemented exactly"",""the unamplified good block is exactly Q/2""]",,,,,,,implemented-qsvt-floating-phase-circuit,False,False,0.00011330328706147508,,,,,,,,,,,,,,,,,,,2.0,one robust OAA round,1.0,"component, quadrature, and index registers all-zero",,107.0,131937804.0,369529020.0,-1.0,19421657424.0,2416369263.0,analytical-model,1.2589254117941675e-05,,,,,,,,,,,,0.1.0,3.11.9,2.5.0,b58b31db18364511c43757e27fffc7abce8df2c1,True,ok,,
1.0,transverse_field_ising:N089,-3.9,empirical,,10.0,,2.0,a8fa234e-a646-4911-8402-a67c302db4ae,2026-08-12T00:11:58.358108+00:00,c1ad72de628f71283ac69037e9bbe97c3e773952f5abde5eac91397ca322d1a6,resource-grid,transverse_field_ising,TFIM-89,"{""coupling"":1.0,""field"":3.0,""periodic"":false}",89,89.0,proportional,1.0,0.00012589254117941674,355.0,177,mpf-j-mizuta2026-theorem6-empirical-operator-norm,multiproduct,MPF J=Mizuta Theorem 6 (resolved per point) [empirical operator norm],empirical-operator-norm,,,10.0,20.0,mizuta2026-theorem6,5.000000000000001,0.00011330328706147508,,,,,,,,,,,,,,,,,,,,,,,,,,,,,,,,,,,,,,,,,,,,,,,,,,,,,0.00011330328706147508,,,,,,,,,,,,,,,,,,,,,,,,,,,,,,,,,,,,,,,,,,,0.1.0,3.11.9,2.5.0,b58b31db18364511c43757e27fffc7abce8df2c1,True,missing_empirical,UnsupportedEmpiricalCalibrationError,"no reviewed empirical operator-norm calibration for method=multiproduct, formal_order=20, model=transverse_field_ising, parameters={'coupling': 1.0, 'field': 3.0, 'periodic': False}, boundary=open, partition=None, schedule='new', formula='ordered-individual-pauli-strang-mpf-v1'"
1.0,transverse_field_ising:N089,-3.9,commutator,,10.0,88377.0,2.0,a8fa234e-a646-4911-8402-a67c302db4ae,2026-08-12T00:11:58.358108+00:00,c1ad72de628f71283ac69037e9bbe97c3e773952f5abde5eac91397ca322d1a6,resource-grid,transverse_field_ising,TFIM-89,"{""coupling"":1.0,""field"":3.0,""periodic"":false}",89,89.0,proportional,1.0,0.00012589254117941674,355.0,177,mpf-j-mizuta2026-theorem6-mizuta2026-commutator-ideal-rigorous,multiproduct,MPF J=Mizuta Theorem 6 (resolved per point) [Mizuta 2026 refined commutator],mizuta2026-commutator-ideal-rigorous,analytical,,10.0,20.0,mizuta2026-theorem6,5.000000000000001,0.00011330328706147508,88377.0,88377.0,,61002.0,"[""error""]",171.35134914728454,20.0,,,1.28185633142037e-09,1.0613670442890432e-32,8.130547188490625e-49,1.061367044289043e-32,1.0613670442890432e-32,1.2818563314203702e-09,0.00011329945144126753,1.555845886495748e-05,False,0.0014589905550443799,"[1.0000000000000002,1.0000000000000002,1.0000000000000002,1.0000000000000002,1.0000000000000002,1.0000000000000002,1.0000000000000002,1.0000000000000002,1.0000000000000002,1.0000000000000002,1.0000000000000002,1.0000000000000002,1.0000000000000002,1.0000000000000002,1.0000000000000002,1.0000000000000002,1.0000000000000002,1.0000000000000002,1.0000000000000002,1.0000000000000002,1.0000000000000002,1.0000000000000002,1.0000000000000002,1.0000000000000002,1.0000000000000002,1.0000000000000002,1.0000000000000002,1.0000000000000002,1.0000000000000002,1.0000000000000002,1.0000000000000002,1.0000000000000002,1.0000000000000002,1.0000000000000002,1.0000000000000002,1.0000000000000002,1.0000000000000002,1.0000000000000002,1.0000000000000002,1.0000000000000002,1.0000000000000002,1.0000000000000002,1.0000000000000002,1.0000000000000002,1.0000000000000002,1.0000000000000002,1.0000000000000002,1.0000000000000002,1.0000000000000002,1.0000000000000002,1.0000000000000002,1.0000000000000002,1.0000000000000002,1.0000000000000002,1.0000000000000002,1.0000000000000002,1.0000000000000002,1.0000000000000002,1.0000000000000002,1.0000000000000002,1.0000000000000002,1.0000000000000002,1.0000000000000002,1.0000000000000002,1.0000000000000002,1.0000000000000002,1.0000000000000002,1.0000000000000002,1.0000000000000002,1.0000000000000002,1.0000000000000002,1.0000000000000002,1.0000000000000002,1.0000000000000002,1.0000000000000002,1.0000000000000002,1.0000000000000002,1.0000000000000002,1.0000000000000002,1.0000000000000002,1.0000000000000002,1.0000000000000002,1.0000000000000002,1.0000000000000002,1.0000000000000002,1.0000000000000002,1.0000000000000002,1.0000000000000002,1.0000000000000002,1.0000000000000002,1.0000000000000002,1.0000000000000002,1.0000000000000002,1.0000000000000002,1.0000000000000002,1.0000000000000002,1.0000000000000002,1.0000000000000002,1.0000000000000002,1.0000000000000002,1.0000000000000002,1.0000000000000002,1.0000000000000002,1.0000000000000002,1.0000000000000002,1.0000000000000002,1.0000000000000002,1.0000000000000002,1.0000000000000002,1.0000000000000002,1.0000000000000002,1.0000000000000002,1.0000000000000002,1.0000000000000002,1.0000000000000002,1.0000000000000002,1.0000000000000002,1.0000000000000002,1.0000000000000002,1.0000000000000002,1.0000000000000002,1.0000000000000002,1.0000000000000002,1.0000000000000002,1.0000000000000002,1.0000000000000002,1.0000000000000002,1.0000000000000002,1.0000000000000002,1.0000000000000002,1.0000000000000002,1.0000000000000002,1.0000000000000002,1.0000000000000002,1.0000000000000002,1.0000000000000002,1.0000000000000002,1.0000000000000002,1.0000000000000002,1.0000000000000002,1.0000000000000002,1.0000000000000002,1.0000000000000002,1.0000000000000002,1.0000000000000002,1.0000000000000002,1.0000000000000002,1.0000000000000002,1.0000000000000002,1.0000000000000002,1.0000000000000002,1.0000000000000002,1.0000000000000002,1.0000000000000002,1.0000000000000002,1.0000000000000002,1.0000000000000002,1.0000000000000002,1.0000000000000002,1.0000000000000002,1.0000000000000002,1.0000000000000002,1.0000000000000002,1.0000000000000002,1.0000000000000002,1.0000000000000002,1.0000000000000002,1.0000000000000002,1.0000000000000002,1.0000000000000002,1.0000000000000002,1.0000000000000002,1.0000000000000002,1.0000000000000002,1.0000000000000002,1.0000000000000002,1.0000000000000002]",5.0000000000000036,17.0,True,exact commutator transition cap reached; locality bound used,not-used,commutator,mizuta2026-commutator-ideal-rigorous,[],27043362.0,,,,0.00011329945144126753,1.1060469722284659e+54,mizuta2026-commutator-ideal-rigorous,"Mizuta, Quantum 10, 1974 (2026), arXiv:2507.06557v4","Theorem 4, Eqs. (47)--(49), with direct Lemmas 9--10 BCH remainder","{""error_predicate_satisfied"":1.0,""extensiveness_g"":5.000000000000001,""joint_predicate_satisfied"":1.0,""legacy_first_condition_passed"":0.0,""legacy_first_time_limit"":1.555845886495748e-05,""local_commutator_error"":1.28185633142037e-09,""local_step_error"":1.2818563314203702e-09,""local_truncated_bch_error"":1.0613670442890432e-32,""locality_k"":2.0,""mu_upper"":171.35134914728454,""refined_lemma10_remainder"":1.061367044289043e-32,""refined_lemma9_remainder"":8.130547188490625e-49,""refined_tail_fallback"":0.0,""repeated_global_error"":0.00011329945144126753,""schedule_weighted_extensiveness"":5.0000000000000036,""second_time_limit"":0.0014589905550443799,""time_2_predicate_satisfied"":1.0,""total_branchwise_bch_remainder"":1.0613670442890432e-32,""truncation_order_p0"":20.0}",True,ideal-mpf,True,ordered individual Pauli terms,"[""individual Pauli summands define the ordered H_gamma decomposition"",""the actual Strang factors define schedule-weighted g_alpha extensiveness"",""Lemma 9 and Lemma 10 positive majorants directly certify the BCH remainder"",""the scalar-flow/Cauchy refined tail certificate is used"",""Theorem 4 second time hypothesis is satisfied"",""the repeated ideal MPF is composed with the Eq. (15) telescoping argument""]","exact Pauli recurrence would require 269217 transitions at order 18, above cap 250000; remaining orders use Mizuta 2026 Eq. (8)",20.0,17.0,True,True,"{""2"":2112.000000000002,""3"":33744.00000000005,""4"":437856.000000001,""5"":6996288.0000000205,""6"":95599104.00000036,""7"":1527651840.000007,""8"":21592366080.000114,""9"":345068332032.0021,""10"":4990024826880.033,""11"":79751565484032.6,""12"":1171981014171657.5,""13"":1.8732045550190756e+16,""14"":2.7853937024041222e+17,""15"":4.452212203592659e+18,""16"":6.679876190887078e+19,""17"":1.0677736568554049e+21,""18"":2.0746194846052442e+39,""19"":7.468630144578908e+41,""20"":2.8380794549399876e+44}",repeated-shared-ancilla-good-block,True,False,0.00011330328706147508,new,"[1,2,3,4,5,6,7,10,18,46]","[-1.018659142049789e-15,7.422846929019768e-10,-1.3257582359573536e-06,0.00016899488366474386,-0.004245967231050632,0.03062942826404365,-0.06314501886386865,0.12451536167559175,-0.4127707622244733,1.3248492885120446]",1.960326148155259,0.03967385184474104,102.0,registered-exact,True,10.0,5.0,2.0,6.0,12.0,4.0,6.0,3.0,2.0,3.0,2.0,one robust OAA round per segment,88377.0,branch register all-zero,,96.0,19100567502.0,11489010.0,-1.0,2998835053854.0,28663111690.0,analytical-model,1.2589254117941675e-05,,,,,,,,,,,,0.1.0,3.11.9,2.5.0,b58b31db18364511c43757e27fffc7abce8df2c1,True,ok,,
1.0,transverse_field_ising:N089,-4.0,commutator,3105223.0,,,2.0,a8fa234e-a646-4911-8402-a67c302db4ae,2026-08-12T00:11:58.358108+00:00,c1ad72de628f71283ac69037e9bbe97c3e773952f5abde5eac91397ca322d1a6,resource-grid,transverse_field_ising,TFIM-89,"{""coupling"":1.0,""field"":3.0,""periodic"":false}",89,89.0,proportional,1.0,0.0001,355.0,177,trotter-p2,trotter,Trotter p=2,analytical,analytical,2.0,,,,,,3105223.0,,,,,,,,,,,,,,,,,,,,,,,,,,,,,,individual,177.0,8.999999479636206e-05,1231.0,childs-commutator,"Childs, Su, Tran, Wiebe, and Zhu, arXiv:1912.08854",Propositions 9--10,"{""prefactor"":1231.0}",True,implemented-product-formula,True,,"[""the resolved ordered Hamiltonian groups match the implemented formula""]",,,,,,,implemented-product-formula,True,True,9e-05,,,,,,,,,,,,,,,,,,,1.0,none,0.0,system register,1.0,89.0,1096143719.0,0.0,-1.0,160036982974.0,1089950817.0,analytical-model,1e-05,,,,,,,,,,,,0.1.0,3.11.9,2.5.0,b58b31db18364511c43757e27fffc7abce8df2c1,True,ok,,
1.0,transverse_field_ising:N089,-4.0,empirical,816994.0,,,2.0,a8fa234e-a646-4911-8402-a67c302db4ae,2026-08-12T00:11:58.358108+00:00,c1ad72de628f71283ac69037e9bbe97c3e773952f5abde5eac91397ca322d1a6,resource-grid,transverse_field_ising,TFIM-89,"{""coupling"":1.0,""field"":3.0,""periodic"":false}",89,89.0,proportional,1.0,0.0001,355.0,177,trotter-p2-empirical,trotter,Trotter p=2 [empirical],empirical-operator-norm,empirical,2.0,,,,,,816994.0,,,,,,,,,,,,,,,,,,,,,,,,,,,,,,individual,177.0,8.999991688462243e-05,85.2137784292,empirical-operator-norm,Repository empirical operator-norm calibration study v1 (2026-08-10),reviewed calibration opnorm-v1-tfim-open-trotter-p2; artifact docs/calibration_data/empirical_1d_v1_accepted.json,"{""prefactor"":85.2137784292}",False,implemented-product-formula,False,,"[""the resolved ordered Hamiltonian groups match the implemented formula"",""the fixed formal-order powers in time and segments apply"",""the reviewed affine size calibration extrapolates as flagged""]",,,,,,,implemented-product-formula,False,False,9e-05,,,,,,,,,,,,,,,,,,,1.0,none,0.0,system register,1.0,89.0,288398882.0,0.0,-1.0,40375843480.0,286769510.0,analytical-model,1e-05,opnorm-v1-tfim-open-trotter-p2,transverse_field_ising,affine-aN-plus-b,85.2137784292,4.0,12.0,4.0,12.0,True,True,formula,0.1.0,3.11.9,2.5.0,b58b31db18364511c43757e27fffc7abce8df2c1,True,ok,,
1.0,transverse_field_ising:N089,-4.0,commutator,34796.0,,,2.0,a8fa234e-a646-4911-8402-a67c302db4ae,2026-08-12T00:11:58.358108+00:00,c1ad72de628f71283ac69037e9bbe97c3e773952f5abde5eac91397ca322d1a6,resource-grid,transverse_field_ising,TFIM-89,"{""coupling"":1.0,""field"":3.0,""periodic"":false}",89,89.0,proportional,1.0,0.0001,355.0,177,trotter-p4,trotter,Trotter p=4,analytical,analytical,4.0,,,,,,34796.0,,,,,,,,,,,,,,,,,,,,,,,,,,,,,,commuting,2.0,8.999334284498387e-05,23625.316736077137,schubert-mendl-commutator,"Schubert and Mendl, arXiv:2306.10603",Theorem 1,"{""prefactor"":23625.316736077137}",True,implemented-product-formula,True,,"[""the resolved ordered Hamiltonian groups match the implemented formula""]",,,,,,,implemented-product-formula,True,True,9e-05,,,,,,,,,,,,,,,,,,,1.0,none,0.0,system register,1.0,89.0,46278680.0,0.0,-1.0,6108785760.0,46017219.0,analytical-model,1e-05,,,,,,,,,,,,0.1.0,3.11.9,2.5.0,b58b31db18364511c43757e27fffc7abce8df2c1,True,ok,,
1.0,transverse_field_ising:N089,-4.0,empirical,6945.0,,,2.0,a8fa234e-a646-4911-8402-a67c302db4ae,2026-08-12T00:11:58.358108+00:00,c1ad72de628f71283ac69037e9bbe97c3e773952f5abde5eac91397ca322d1a6,resource-grid,transverse_field_ising,TFIM-89,"{""coupling"":1.0,""field"":3.0,""periodic"":false}",89,89.0,proportional,1.0,0.0001,355.0,177,trotter-p4-empirical,trotter,Trotter p=4 [empirical],empirical-operator-norm,empirical,4.0,,,,,,6945.0,,,,,,,,,,,,,,,,,,,,,,,,,,,,,,commuting,2.0,8.998329594682122e-05,37.4887417028,empirical-operator-norm,Repository empirical operator-norm calibration study v1 (2026-08-10),reviewed calibration opnorm-v1-tfim-open-trotter-p4; artifact docs/calibration_data/empirical_1d_v1_accepted.json,"{""prefactor"":37.4887417028}",False,implemented-product-formula,False,,"[""the resolved ordered Hamiltonian groups match the implemented formula"",""the fixed formal-order powers in time and segments apply"",""the reviewed affine size calibration extrapolates as flagged""]",,,,,,,implemented-product-formula,False,False,9e-05,,,,,,,,,,,,,,,,,,,1.0,none,0.0,system register,1.0,89.0,9236850.0,0.0,-1.0,1154606250.0,9184665.0,analytical-model,1e-05,opnorm-v1-tfim-open-trotter-p4,transverse_field_ising,affine-aN-plus-b,37.4887417028,4.0,12.0,4.0,12.0,True,True,formula,0.1.0,3.11.9,2.5.0,b58b31db18364511c43757e27fffc7abce8df2c1,True,ok,,
1.0,transverse_field_ising:N089,-4.0,commutator,11249.0,,,2.0,a8fa234e-a646-4911-8402-a67c302db4ae,2026-08-12T00:11:58.358108+00:00,c1ad72de628f71283ac69037e9bbe97c3e773952f5abde5eac91397ca322d1a6,resource-grid,transverse_field_ising,TFIM-89,"{""coupling"":1.0,""field"":3.0,""periodic"":false}",89,89.0,proportional,1.0,0.0001,355.0,177,trotter-p6,trotter,Trotter p=6,analytical,analytical,6.0,,,,,,11249.0,,,,,,,,,,,,,,,,,,,,,,,,,,,,,,commuting,2.0,8.995623022093272e-05,4120830.026684159,schubert-mendl-commutator,"Schubert and Mendl, arXiv:2306.10603",Theorem 1,"{""prefactor"":4120830.026684159}",True,implemented-product-formula,True,,"[""the resolved ordered Hamiltonian groups match the implemented formula""]",,,,,,,implemented-product-formula,True,True,9e-05,,,,,,,,,,,,,,,,,,,1.0,none,0.0,system register,1.0,89.0,74805850.0,0.0,-1.0,10023983900.0,74383219.0,analytical-model,1e-05,,,,,,,,,,,,0.1.0,3.11.9,2.5.0,b58b31db18364511c43757e27fffc7abce8df2c1,True,ok,,
1.0,transverse_field_ising:N089,-4.0,empirical,817.0,,,2.0,a8fa234e-a646-4911-8402-a67c302db4ae,2026-08-12T00:11:58.358108+00:00,c1ad72de628f71283ac69037e9bbe97c3e773952f5abde5eac91397ca322d1a6,resource-grid,transverse_field_ising,TFIM-89,"{""coupling"":1.0,""field"":3.0,""periodic"":false}",89,89.0,proportional,1.0,0.0001,355.0,177,trotter-p6-empirical,trotter,Trotter p=6 [empirical],empirical-operator-norm,empirical,6.0,,,,,,817.0,,,,,,,,,,,,,,,,,,,,,,,,,,,,,,commuting,2.0,8.989220457754971e-05,0.604399817,empirical-operator-norm,Repository empirical operator-norm calibration study v1 (2026-08-10),reviewed calibration opnorm-v1-tfim-open-trotter-p6; artifact docs/calibration_data/empirical_1d_v1_accepted.json,"{""prefactor"":0.604399817}",False,implemented-product-formula,False,,"[""the resolved ordered Hamiltonian groups match the implemented formula"",""the fixed formal-order powers in time and segments apply"",""the reviewed affine size calibration extrapolates as flagged""]",,,,,,,implemented-product-formula,False,False,9e-05,,,,,,,,,,,,,,,,,,,1.0,none,0.0,system register,1.0,89.0,5433050.0,0.0,-1.0,668265150.0,5402355.0,analytical-model,1e-05,opnorm-v1-tfim-open-trotter-p6,transverse_field_ising,affine-aN-plus-b,0.604399817,4.0,12.0,4.0,12.0,True,True,formula,0.1.0,3.11.9,2.5.0,b58b31db18364511c43757e27fffc7abce8df2c1,True,ok,,
1.0,transverse_field_ising:N089,-4.0,jacobi-anger,,,,2.0,a8fa234e-a646-4911-8402-a67c302db4ae,2026-08-12T00:11:58.358108+00:00,c1ad72de628f71283ac69037e9bbe97c3e773952f5abde5eac91397ca322d1a6,resource-grid,transverse_field_ising,TFIM-89,"{""coupling"":1.0,""field"":3.0,""periodic"":false}",89,89.0,proportional,1.0,0.0001,355.0,177,qsvt,qsvt,QSVT,jacobi-anger-rigorous,analytical,,,,,,,,,,,,,,,,,,,,,,,,,,,,,,,,,,,257691.0,42949.0,,,1.4984428181328732e-05,,jacobi-anger-polynomial-oaa,"Martyn et al., arXiv:2105.02859, Eqs. (76)--(77)",Jacobi--Anger tails plus exact cubic OAA identity,"{""oaa-unitarity-defect-distortion"":7.492256190250363e-06,""scaled-polynomial-error"":7.492171991078369e-06}",True,ideal-qsvt-oaa-good-block,True,,"[""the cosine and sine polynomials are implemented exactly"",""the unamplified good block is exactly Q/2""]",,,,,,,implemented-qsvt-floating-phase-circuit,False,False,9e-05,,,,,,,,,,,,,,,,,,,2.0,one robust OAA round,1.0,"component, quadrature, and index registers all-zero",,107.0,131937804.0,369529020.0,-1.0,19553595228.0,2416369263.0,analytical-model,1e-05,,,,,,,,,,,,0.1.0,3.11.9,2.5.0,b58b31db18364511c43757e27fffc7abce8df2c1,True,ok,,
1.0,transverse_field_ising:N089,-4.0,empirical,,10.0,,2.0,a8fa234e-a646-4911-8402-a67c302db4ae,2026-08-12T00:11:58.358108+00:00,c1ad72de628f71283ac69037e9bbe97c3e773952f5abde5eac91397ca322d1a6,resource-grid,transverse_field_ising,TFIM-89,"{""coupling"":1.0,""field"":3.0,""periodic"":false}",89,89.0,proportional,1.0,0.0001,355.0,177,mpf-j-mizuta2026-theorem6-empirical-operator-norm,multiproduct,MPF J=Mizuta Theorem 6 (resolved per point) [empirical operator norm],empirical-operator-norm,,,10.0,20.0,mizuta2026-theorem6,5.000000000000001,9e-05,,,,,,,,,,,,,,,,,,,,,,,,,,,,,,,,,,,,,,,,,,,,,,,,,,,,,9e-05,,,,,,,,,,,,,,,,,,,,,,,,,,,,,,,,,,,,,,,,,,,0.1.0,3.11.9,2.5.0,b58b31db18364511c43757e27fffc7abce8df2c1,True,missing_empirical,UnsupportedEmpiricalCalibrationError,"no reviewed empirical operator-norm calibration for method=multiproduct, formal_order=20, model=transverse_field_ising, parameters={'coupling': 1.0, 'field': 3.0, 'periodic': False}, boundary=open, partition=None, schedule='new', formula='ordered-individual-pauli-strang-mpf-v1'"
1.0,transverse_field_ising:N089,-4.0,commutator,,10.0,89401.0,2.0,a8fa234e-a646-4911-8402-a67c302db4ae,2026-08-12T00:11:58.358108+00:00,c1ad72de628f71283ac69037e9bbe97c3e773952f5abde5eac91397ca322d1a6,resource-grid,transverse_field_ising,TFIM-89,"{""coupling"":1.0,""field"":3.0,""periodic"":false}",89,89.0,proportional,1.0,0.0001,355.0,177,mpf-j-mizuta2026-theorem6-mizuta2026-commutator-ideal-rigorous,multiproduct,MPF J=Mizuta Theorem 6 (resolved per point) [Mizuta 2026 refined commutator],mizuta2026-commutator-ideal-rigorous,analytical,,10.0,20.0,mizuta2026-theorem6,5.000000000000001,9e-05,89401.0,89401.0,,61002.0,"[""error""]",171.35134914728454,20.0,,,1.0064073529810754e-09,8.323229666202867e-33,6.382347375875029e-49,8.323229666202865e-33,8.323229666202867e-33,1.0064073529810756e-09,8.99819193264544e-05,1.555845886495748e-05,False,0.0014589905550443799,"[1.0000000000000002,1.0000000000000002,1.0000000000000002,1.0000000000000002,1.0000000000000002,1.0000000000000002,1.0000000000000002,1.0000000000000002,1.0000000000000002,1.0000000000000002,1.0000000000000002,1.0000000000000002,1.0000000000000002,1.0000000000000002,1.0000000000000002,1.0000000000000002,1.0000000000000002,1.0000000000000002,1.0000000000000002,1.0000000000000002,1.0000000000000002,1.0000000000000002,1.0000000000000002,1.0000000000000002,1.0000000000000002,1.0000000000000002,1.0000000000000002,1.0000000000000002,1.0000000000000002,1.0000000000000002,1.0000000000000002,1.0000000000000002,1.0000000000000002,1.0000000000000002,1.0000000000000002,1.0000000000000002,1.0000000000000002,1.0000000000000002,1.0000000000000002,1.0000000000000002,1.0000000000000002,1.0000000000000002,1.0000000000000002,1.0000000000000002,1.0000000000000002,1.0000000000000002,1.0000000000000002,1.0000000000000002,1.0000000000000002,1.0000000000000002,1.0000000000000002,1.0000000000000002,1.0000000000000002,1.0000000000000002,1.0000000000000002,1.0000000000000002,1.0000000000000002,1.0000000000000002,1.0000000000000002,1.0000000000000002,1.0000000000000002,1.0000000000000002,1.0000000000000002,1.0000000000000002,1.0000000000000002,1.0000000000000002,1.0000000000000002,1.0000000000000002,1.0000000000000002,1.0000000000000002,1.0000000000000002,1.0000000000000002,1.0000000000000002,1.0000000000000002,1.0000000000000002,1.0000000000000002,1.0000000000000002,1.0000000000000002,1.0000000000000002,1.0000000000000002,1.0000000000000002,1.0000000000000002,1.0000000000000002,1.0000000000000002,1.0000000000000002,1.0000000000000002,1.0000000000000002,1.0000000000000002,1.0000000000000002,1.0000000000000002,1.0000000000000002,1.0000000000000002,1.0000000000000002,1.0000000000000002,1.0000000000000002,1.0000000000000002,1.0000000000000002,1.0000000000000002,1.0000000000000002,1.0000000000000002,1.0000000000000002,1.0000000000000002,1.0000000000000002,1.0000000000000002,1.0000000000000002,1.0000000000000002,1.0000000000000002,1.0000000000000002,1.0000000000000002,1.0000000000000002,1.0000000000000002,1.0000000000000002,1.0000000000000002,1.0000000000000002,1.0000000000000002,1.0000000000000002,1.0000000000000002,1.0000000000000002,1.0000000000000002,1.0000000000000002,1.0000000000000002,1.0000000000000002,1.0000000000000002,1.0000000000000002,1.0000000000000002,1.0000000000000002,1.0000000000000002,1.0000000000000002,1.0000000000000002,1.0000000000000002,1.0000000000000002,1.0000000000000002,1.0000000000000002,1.0000000000000002,1.0000000000000002,1.0000000000000002,1.0000000000000002,1.0000000000000002,1.0000000000000002,1.0000000000000002,1.0000000000000002,1.0000000000000002,1.0000000000000002,1.0000000000000002,1.0000000000000002,1.0000000000000002,1.0000000000000002,1.0000000000000002,1.0000000000000002,1.0000000000000002,1.0000000000000002,1.0000000000000002,1.0000000000000002,1.0000000000000002,1.0000000000000002,1.0000000000000002,1.0000000000000002,1.0000000000000002,1.0000000000000002,1.0000000000000002,1.0000000000000002,1.0000000000000002,1.0000000000000002,1.0000000000000002,1.0000000000000002,1.0000000000000002,1.0000000000000002,1.0000000000000002,1.0000000000000002,1.0000000000000002,1.0000000000000002,1.0000000000000002,1.0000000000000002,1.0000000000000002,1.0000000000000002,1.0000000000000002,1.0000000000000002]",5.0000000000000036,17.0,True,exact commutator transition cap reached; locality bound used,not-used,commutator,mizuta2026-commutator-ideal-rigorous,[],27356706.0,,,,8.99819193264544e-05,1.1060469722284659e+54,mizuta2026-commutator-ideal-rigorous,"Mizuta, Quantum 10, 1974 (2026), arXiv:2507.06557v4","Theorem 4, Eqs. (47)--(49), with direct Lemmas 9--10 BCH remainder","{""error_predicate_satisfied"":1.0,""extensiveness_g"":5.000000000000001,""joint_predicate_satisfied"":1.0,""legacy_first_condition_passed"":0.0,""legacy_first_time_limit"":1.555845886495748e-05,""local_commutator_error"":1.0064073529810754e-09,""local_step_error"":1.0064073529810756e-09,""local_truncated_bch_error"":8.323229666202867e-33,""locality_k"":2.0,""mu_upper"":171.35134914728454,""refined_lemma10_remainder"":8.323229666202865e-33,""refined_lemma9_remainder"":6.382347375875029e-49,""refined_tail_fallback"":0.0,""repeated_global_error"":8.99819193264544e-05,""schedule_weighted_extensiveness"":5.0000000000000036,""second_time_limit"":0.0014589905550443799,""time_2_predicate_satisfied"":1.0,""total_branchwise_bch_remainder"":8.323229666202867e-33,""truncation_order_p0"":20.0}",True,ideal-mpf,True,ordered individual Pauli terms,"[""individual Pauli summands define the ordered H_gamma decomposition"",""the actual Strang factors define schedule-weighted g_alpha extensiveness"",""Lemma 9 and Lemma 10 positive majorants directly certify the BCH remainder"",""the scalar-flow/Cauchy refined tail certificate is used"",""Theorem 4 second time hypothesis is satisfied"",""the repeated ideal MPF is composed with the Eq. (15) telescoping argument""]","exact Pauli recurrence would require 269217 transitions at order 18, above cap 250000; remaining orders use Mizuta 2026 Eq. (8)",20.0,17.0,True,True,"{""2"":2112.000000000002,""3"":33744.00000000005,""4"":437856.000000001,""5"":6996288.0000000205,""6"":95599104.00000036,""7"":1527651840.000007,""8"":21592366080.000114,""9"":345068332032.0021,""10"":4990024826880.033,""11"":79751565484032.6,""12"":1171981014171657.5,""13"":1.8732045550190756e+16,""14"":2.7853937024041222e+17,""15"":4.452212203592659e+18,""16"":6.679876190887078e+19,""17"":1.0677736568554049e+21,""18"":2.0746194846052442e+39,""19"":7.468630144578908e+41,""20"":2.8380794549399876e+44}",repeated-shared-ancilla-good-block,True,False,9e-05,new,"[1,2,3,4,5,6,7,10,18,46]","[-1.018659142049789e-15,7.422846929019768e-10,-1.3257582359573536e-06,0.00016899488366474386,-0.004245967231050632,0.03062942826404365,-0.06314501886386865,0.12451536167559175,-0.4127707622244733,1.3248492885120446]",1.960326148155259,0.03967385184474104,102.0,registered-exact,True,10.0,5.0,2.0,6.0,12.0,4.0,6.0,3.0,2.0,3.0,2.0,one robust OAA round per segment,89401.0,branch register all-zero,,96.0,19321880526.0,11622130.0,-1.0,3072225492154.0,28995223284.0,analytical-model,1e-05,,,,,,,,,,,,0.1.0,3.11.9,2.5.0,b58b31db18364511c43757e27fffc7abce8df2c1,True,ok,,
