grid_schema_version,shard_id,log10_target_error,estimator_variant,trotter_reps,mpf_branch_count,mpf_segments,schema_version,run_id,generated_at_utc,config_digest,sweep,hamiltonian_model,hamiltonian_name,model_parameters_json,system_qubits,evolution_time,time_scaling_mode,time_scaling_coefficient,target_error,hamiltonian_alpha,hamiltonian_term_count,method_id,method_family,method_label,error_policy,estimate_category,trotter_order,mpf_term_count,mpf_formal_order,mpf_branch_count_policy,mpf_branch_count_policy_extensiveness_g,mpf_branch_count_policy_target_error,segment_count,mpf_r_error,mpf_r_time_1,mpf_r_time_2,mpf_active_constraints_json,mpf_mu_upper,mpf_truncation_order_p0,mpf_auxiliary_error,mpf_auxiliary_allocation_fraction,mpf_local_commutator_error,mpf_local_truncated_bch_error,mpf_refined_lemma9_remainder,mpf_refined_lemma10_remainder,mpf_total_branchwise_bch_remainder,mpf_local_step_error,mpf_repeated_global_error,mpf_legacy_first_time_limit,mpf_legacy_first_condition_passed,mpf_second_time_limit,mpf_schedule_weights_json,mpf_schedule_weighted_extensiveness,mpf_exact_commutator_cutoff,mpf_locality_fallback,mpf_locality_fallback_reason,mpf_refined_tail_fallback_status,mpf_local_error_dominance,mpf_bound_policy,mpf_bound_candidates_json,query_count,qsvt_degree,trotter_partition,trotter_group_count,bound_value,bound_prefactor,bound_method,bound_reference,bound_theorem_or_equations,bound_components_json,bound_rigorous,bound_scope,bound_target_satisfied,hamiltonian_decomposition,bound_assumptions_json,bound_fallback_reason,max_nested_commutator_order,max_exact_nested_commutator_order,locality_compatible,commutator_cap_fallback,commutator_bounds_json,circuit_bound_scope,circuit_bound_rigorous,circuit_target_satisfied,algorithm_error_budget,mpf_schedule,mpf_exponents_json,mpf_coefficients_json,mpf_coefficient_l1_norm,mpf_padding_weight,mpf_exponent_sum,mpf_exponent_sum_source,mpf_explicit_schedule_available,mpf_physical_branch_count,mpf_negative_coefficient_count,mpf_padding_branch_count,mpf_sign_branch_count,mpf_active_branch_count,mpf_unused_branch_state_count,mpf_prepare_calls_per_segment,mpf_select_calls_per_segment,mpf_good_reflections_per_segment,mpf_base_lcu_uses_per_segment,lcu_normalization,amplitude_amplification,amplitude_amplification_rounds,good_subspace,nominal_success_probability,total_qubits,rotation_count,toffoli_count,depth,t_count,cnot_count,counting_mode,rotation_synthesis_error,empirical_calibration_id,empirical_calibration_model,empirical_coefficient_model,empirical_coefficient_value,empirical_calibration_size_min,empirical_calibration_size_max,empirical_calibration_time_min,empirical_calibration_time_max,empirical_size_extrapolated,empirical_time_extrapolated,empirical_active_constraint,package_version,python_version,qiskit_version,git_commit,git_dirty,status,error_type,error_message
1.0,heisenberg_chain:N013,-1.0,commutator,1791.0,,,2.0,a8fa234e-a646-4911-8402-a67c302db4ae,2026-08-12T00:11:58.358108+00:00,c1ad72de628f71283ac69037e9bbe97c3e773952f5abde5eac91397ca322d1a6,resource-grid,heisenberg_chain,Heisenberg-13,"{""coupling"":1.0,""field_z"":0.3}",13,13.0,proportional,1.0,0.1,39.89999999999996,49,trotter-p2,trotter,Trotter p=2,analytical,analytical,2.0,,,,,,1791.0,,,,,,,,,,,,,,,,,,,,,,,,,,,,,,individual,49.0,0.08991609826538244,131.28000000000006,childs-commutator,"Childs, Su, Tran, Wiebe, and Zhu, arXiv:1912.08854",Propositions 9--10,"{""prefactor"":131.28000000000006}",True,implemented-product-formula,True,,"[""the resolved ordered Hamiltonian groups match the implemented formula""]",,,,,,,implemented-product-formula,True,True,0.09000000000000001,,,,,,,,,,,,,,,,,,,1.0,none,0.0,system register,1.0,13.0,173727.0,0.0,-1.0,13376979.0,255273.0,analytical-model,0.010000000000000002,,,,,,,,,,,,0.1.0,3.11.9,2.5.0,b58b31db18364511c43757e27fffc7abce8df2c1,True,ok,,
1.0,heisenberg_chain:N013,-1.0,empirical,558.0,,,2.0,a8fa234e-a646-4911-8402-a67c302db4ae,2026-08-12T00:11:58.358108+00:00,c1ad72de628f71283ac69037e9bbe97c3e773952f5abde5eac91397ca322d1a6,resource-grid,heisenberg_chain,Heisenberg-13,"{""coupling"":1.0,""field_z"":0.3}",13,13.0,proportional,1.0,0.1,39.89999999999996,49,trotter-p2-empirical,trotter,Trotter p=2 [empirical],empirical-operator-norm,empirical,2.0,,,,,,558.0,,,,,,,,,,,,,,,,,,,,,,,,,,,,,,individual,49.0,0.08995132461380481,12.748112989099997,empirical-operator-norm,Repository empirical operator-norm calibration study v1 (2026-08-10),reviewed calibration opnorm-v1-heisenberg-open-trotter-p2; artifact docs/calibration_data/empirical_1d_v1_accepted.json,"{""prefactor"":12.748112989099997}",False,implemented-product-formula,False,,"[""the resolved ordered Hamiltonian groups match the implemented formula"",""the fixed formal-order powers in time and segments apply"",""the reviewed affine size calibration extrapolates as flagged""]",,,,,,,implemented-product-formula,False,False,0.09000000000000001,,,,,,,,,,,,,,,,,,,1.0,none,0.0,system register,1.0,13.0,54126.0,0.0,-1.0,3897072.0,79533.0,analytical-model,0.010000000000000002,opnorm-v1-heisenberg-open-trotter-p2,heisenberg_chain,affine-aN-plus-b,12.748112989099997,4.0,12.0,4.0,12.0,True,True,formula,0.1.0,3.11.9,2.5.0,b58b31db18364511c43757e27fffc7abce8df2c1,True,ok,,
1.0,heisenberg_chain:N013,-1.0,commutator,413.0,,,2.0,a8fa234e-a646-4911-8402-a67c302db4ae,2026-08-12T00:11:58.358108+00:00,c1ad72de628f71283ac69037e9bbe97c3e773952f5abde5eac91397ca322d1a6,resource-grid,heisenberg_chain,Heisenberg-13,"{""coupling"":1.0,""field_z"":0.3}",13,13.0,proportional,1.0,0.1,39.89999999999996,49,trotter-p4,trotter,Trotter p=4,analytical,analytical,4.0,,,,,,413.0,,,,,,,,,,,,,,,,,,,,,,,,,,,,,,commuting,3.0,0.08921854207980708,6990.98817037107,schubert-mendl-commutator,"Schubert and Mendl, arXiv:2306.10603",Theorem 1,"{""prefactor"":6990.98817037107}",True,implemented-product-formula,True,,"[""the resolved ordered Hamiltonian groups match the implemented formula""]",,,,,,,implemented-product-formula,True,True,0.09000000000000001,,,,,,,,,,,,,,,,,,,1.0,none,0.0,system register,1.0,13.0,179655.0,0.0,-1.0,13833435.0,263983.0,analytical-model,0.010000000000000002,,,,,,,,,,,,0.1.0,3.11.9,2.5.0,b58b31db18364511c43757e27fffc7abce8df2c1,True,ok,,
1.0,heisenberg_chain:N013,-1.0,empirical,104.0,,,2.0,a8fa234e-a646-4911-8402-a67c302db4ae,2026-08-12T00:11:58.358108+00:00,c1ad72de628f71283ac69037e9bbe97c3e773952f5abde5eac91397ca322d1a6,resource-grid,heisenberg_chain,Heisenberg-13,"{""coupling"":1.0,""field_z"":0.3}",13,13.0,proportional,1.0,0.1,39.89999999999996,49,trotter-p4-empirical,trotter,Trotter p=4 [empirical],empirical-operator-norm,empirical,4.0,,,,,,104.0,,,,,,,,,,,,,,,,,,,,,,,,,,,,,,commuting,3.0,0.009191570295336921,2.8960516869,empirical-operator-norm,Repository empirical operator-norm calibration study v1 (2026-08-10),reviewed calibration opnorm-v1-heisenberg-open-trotter-p4; artifact docs/calibration_data/empirical_1d_v1_accepted.json,"{""prefactor"":2.8960516869}",False,implemented-product-formula,False,,"[""the resolved ordered Hamiltonian groups match the implemented formula"",""the fixed formal-order powers in time and segments apply"",""the reviewed affine size calibration extrapolates as flagged""]",,,,,,,implemented-product-formula,False,False,0.09000000000000001,,,,,,,,,,,,,,,,,,,1.0,none,0.0,system register,1.0,13.0,45240.0,0.0,-1.0,3212040.0,66476.0,analytical-model,0.010000000000000002,opnorm-v1-heisenberg-open-trotter-p4,heisenberg_chain,affine-aN-plus-b,2.8960516869,4.0,12.0,4.0,12.0,True,True,asymptotic-domain,0.1.0,3.11.9,2.5.0,b58b31db18364511c43757e27fffc7abce8df2c1,True,ok,,
1.0,heisenberg_chain:N013,-1.0,commutator,346.0,,,2.0,a8fa234e-a646-4911-8402-a67c302db4ae,2026-08-12T00:11:58.358108+00:00,c1ad72de628f71283ac69037e9bbe97c3e773952f5abde5eac91397ca322d1a6,resource-grid,heisenberg_chain,Heisenberg-13,"{""coupling"":1.0,""field_z"":0.3}",13,13.0,proportional,1.0,0.1,39.89999999999996,49,trotter-p6,trotter,Trotter p=6,analytical,analytical,6.0,,,,,,346.0,,,,,,,,,,,,,,,,,,,,,,,,,,,,,,commuting,3.0,0.08886862441567384,2429973.763029318,schubert-mendl-commutator,"Schubert and Mendl, arXiv:2306.10603",Theorem 1,"{""prefactor"":2429973.763029318}",True,implemented-product-formula,True,,"[""the resolved ordered Hamiltonian groups match the implemented formula""]",,,,,,,implemented-product-formula,True,True,0.09000000000000001,,,,,,,,,,,,,,,,,,,1.0,none,0.0,system register,1.0,13.0,752550.0,0.0,-1.0,63214200.0,1105788.0,analytical-model,0.010000000000000002,,,,,,,,,,,,0.1.0,3.11.9,2.5.0,b58b31db18364511c43757e27fffc7abce8df2c1,True,ok,,
1.0,heisenberg_chain:N013,-1.0,empirical,78.0,,,2.0,a8fa234e-a646-4911-8402-a67c302db4ae,2026-08-12T00:11:58.358108+00:00,c1ad72de628f71283ac69037e9bbe97c3e773952f5abde5eac91397ca322d1a6,resource-grid,heisenberg_chain,Heisenberg-13,"{""coupling"":1.0,""field_z"":0.3}",13,13.0,proportional,1.0,0.1,39.89999999999996,49,trotter-p6-empirical,trotter,Trotter p=6 [empirical],empirical-operator-norm,empirical,6.0,,,,,,78.0,,,,,,,,,,,,,,,,,,,,,,,,,,,,,,commuting,3.0,1.1732955902777759e-05,0.0421086762,empirical-operator-norm,Repository empirical operator-norm calibration study v1 (2026-08-10),reviewed calibration opnorm-v1-heisenberg-open-trotter-p6; artifact docs/calibration_data/empirical_1d_v1_accepted.json,"{""prefactor"":0.0421086762}",False,implemented-product-formula,False,,"[""the resolved ordered Hamiltonian groups match the implemented formula"",""the fixed formal-order powers in time and segments apply"",""the reviewed affine size calibration extrapolates as flagged""]",,,,,,,implemented-product-formula,False,False,0.09000000000000001,,,,,,,,,,,,,,,,,,,1.0,none,0.0,system register,1.0,13.0,169650.0,0.0,-1.0,13063050.0,249282.0,analytical-model,0.010000000000000002,opnorm-v1-heisenberg-open-trotter-p6,heisenberg_chain,affine-aN-plus-b,0.0421086762,4.0,12.0,4.0,12.0,True,True,asymptotic-domain,0.1.0,3.11.9,2.5.0,b58b31db18364511c43757e27fffc7abce8df2c1,True,ok,,
1.0,heisenberg_chain:N013,-1.0,jacobi-anger,,,,2.0,a8fa234e-a646-4911-8402-a67c302db4ae,2026-08-12T00:11:58.358108+00:00,c1ad72de628f71283ac69037e9bbe97c3e773952f5abde5eac91397ca322d1a6,resource-grid,heisenberg_chain,Heisenberg-13,"{""coupling"":1.0,""field_z"":0.3}",13,13.0,proportional,1.0,0.1,39.89999999999996,49,qsvt,qsvt,QSVT,jacobi-anger-rigorous,analytical,,,,,,,,,,,,,,,,,,,,,,,,,,,,,,,,,,,4239.0,707.0,,,0.015390326019990656,,jacobi-anger-polynomial-oaa,"Martyn et al., arXiv:2105.02859, Eqs. (76)--(77)",Jacobi--Anger tails plus exact cubic OAA identity,"{""oaa-unitarity-defect-distortion"":0.007739180011022508,""scaled-polynomial-error"":0.0076511460089681484}",True,ideal-qsvt-oaa-good-block,True,,"[""the cosine and sine polynomials are implemented exactly"",""the unamplified good block is exactly Q/2""]",,,,,,,implemented-qsvt-floating-phase-circuit,False,False,0.09000000000000001,,,,,,,,,,,,,,,,,,,2.0,one robust OAA round,1.0,"component, quadrature, and index registers all-zero",,27.0,542604.0,1305710.0,-1.0,49716368.0,8720211.0,analytical-model,0.010000000000000002,,,,,,,,,,,,0.1.0,3.11.9,2.5.0,b58b31db18364511c43757e27fffc7abce8df2c1,True,ok,,
1.0,heisenberg_chain:N013,-1.0,empirical,,5.0,26.0,2.0,a8fa234e-a646-4911-8402-a67c302db4ae,2026-08-12T00:11:58.358108+00:00,c1ad72de628f71283ac69037e9bbe97c3e773952f5abde5eac91397ca322d1a6,resource-grid,heisenberg_chain,Heisenberg-13,"{""coupling"":1.0,""field_z"":0.3}",13,13.0,proportional,1.0,0.1,39.89999999999996,49,mpf-j-mizuta2026-theorem6-empirical-operator-norm,multiproduct,MPF J=Mizuta Theorem 6 (resolved per point) [empirical operator norm],empirical-operator-norm,empirical,,5.0,10.0,mizuta2026-theorem6,6.300000000000004,0.09000000000000001,26.0,,,,[],,,,,,,,,,,,,,,[],,,,,,,empirical-operator-norm,[],1794.0,,,,1.5977807421874992e-05,0.0012585596,empirical-operator-norm,Repository empirical operator-norm calibration study v1 (2026-08-10),reviewed calibration opnorm-v1-heisenberg-open-mpf-new-m5; fixed formal powers,"{""empirical_coefficient"":0.0012585596}",False,ideal-mpf,False,ordered individual Pauli terms,"[""the fixed formal-order powers in time and segments apply"",""the empirical estimate concerns the repeated ideal MPF operator"",""the reviewed affine size calibration extrapolates as flagged""]",,0.0,0.0,False,False,{},repeated-shared-ancilla-good-block,False,False,0.09000000000000001,new,"[1,2,3,5,12]","[1.214063714063714e-05,-0.0058049886621315185,0.07593749999999999,-0.4070638672135521,1.336919215238543]",1.8257377117513671,0.17426228824863288,23.0,registered-exact,True,5.0,2.0,2.0,3.0,7.0,1.0,6.0,3.0,2.0,3.0,2.0,one robust OAA round per segment,26.0,branch register all-zero,,18.0,349128.0,1066.0,-1.0,27934504.0,611354.0,analytical-model,0.010000000000000002,opnorm-v1-heisenberg-open-mpf-new-m5,heisenberg_chain,affine-aN-plus-b,0.0012585596,4.0,8.0,4.0,12.0,True,True,asymptotic-domain,0.1.0,3.11.9,2.5.0,b58b31db18364511c43757e27fffc7abce8df2c1,True,ok,,
1.0,heisenberg_chain:N013,-1.0,commutator,,5.0,9516.0,2.0,a8fa234e-a646-4911-8402-a67c302db4ae,2026-08-12T00:11:58.358108+00:00,c1ad72de628f71283ac69037e9bbe97c3e773952f5abde5eac91397ca322d1a6,resource-grid,heisenberg_chain,Heisenberg-13,"{""coupling"":1.0,""field_z"":0.3}",13,13.0,proportional,1.0,0.1,39.89999999999996,49,mpf-j-mizuta2026-theorem6-mizuta2026-commutator-ideal-rigorous,multiproduct,MPF J=Mizuta Theorem 6 (resolved per point) [Mizuta 2026 refined commutator],mizuta2026-commutator-ideal-rigorous,analytical,,5.0,10.0,mizuta2026-theorem6,6.300000000000004,0.09000000000000001,9516.0,9516.0,,5605.0,"[""error""]",107.78499616075912,10.0,,,8.698915256701803e-06,1.5841729922435799e-15,1.4479415139076243e-20,1.5841585128284406e-15,1.5841729922435799e-15,8.698915258285979e-06,0.08992201062522269,2.4695966452313455e-05,False,0.0023194322856135755,"[1.0000000000000002,1.0000000000000002,1.0000000000000002,1.0000000000000002,1.0000000000000002,1.0000000000000002,1.0000000000000002,1.0000000000000002,1.0000000000000002,1.0000000000000002,1.0000000000000002,1.0000000000000002,1.0000000000000002,1.0000000000000002,1.0000000000000002,1.0000000000000002,1.0000000000000002,1.0000000000000002,1.0000000000000002,1.0000000000000002,1.0000000000000002,1.0000000000000002,1.0000000000000002,1.0000000000000002,1.0000000000000002,1.0000000000000002,1.0000000000000002,1.0000000000000002,1.0000000000000002,1.0000000000000002,1.0000000000000002,1.0000000000000002,1.0000000000000002,1.0000000000000002,1.0000000000000002,1.0000000000000002,1.0000000000000002,1.0000000000000002,1.0000000000000002,1.0000000000000002,1.0000000000000002,1.0000000000000002,1.0000000000000002,1.0000000000000002,1.0000000000000002,1.0000000000000002,1.0000000000000002,1.0000000000000002,1.0000000000000002]",6.300000000000007,7.0,True,exact commutator transition cap reached; locality bound used,not-used,commutator,mizuta2026-commutator-ideal-rigorous,[],656604.0,,,,0.08992201062522269,2.8124641267453134e+26,mizuta2026-commutator-ideal-rigorous,"Mizuta, Quantum 10, 1974 (2026), arXiv:2507.06557v4","Theorem 4, Eqs. (47)--(49), with direct Lemmas 9--10 BCH remainder","{""error_predicate_satisfied"":1.0,""extensiveness_g"":6.300000000000004,""joint_predicate_satisfied"":1.0,""legacy_first_condition_passed"":0.0,""legacy_first_time_limit"":2.4695966452313455e-05,""local_commutator_error"":8.698915256701803e-06,""local_step_error"":8.698915258285979e-06,""local_truncated_bch_error"":1.5841729922435799e-15,""locality_k"":2.0,""mu_upper"":107.78499616075912,""refined_lemma10_remainder"":1.5841585128284406e-15,""refined_lemma9_remainder"":1.4479415139076243e-20,""refined_tail_fallback"":0.0,""repeated_global_error"":0.08992201062522269,""schedule_weighted_extensiveness"":6.300000000000007,""second_time_limit"":0.0023194322856135755,""time_2_predicate_satisfied"":1.0,""total_branchwise_bch_remainder"":1.5841729922435799e-15,""truncation_order_p0"":10.0}",True,ideal-mpf,True,ordered individual Pauli terms,"[""individual Pauli summands define the ordered H_gamma decomposition"",""the actual Strang factors define schedule-weighted g_alpha extensiveness"",""Lemma 9 and Lemma 10 positive majorants directly certify the BCH remainder"",""the scalar-flow/Cauchy refined tail certificate is used"",""Theorem 4 second time hypothesis is satisfied"",""the repeated ideal MPF is composed with the Eq. (15) telescoping argument""]","exact Pauli recurrence would require 466284 transitions at order 8, above cap 250000; remaining orders use Mizuta 2026 Eq. (8)",10.0,7.0,True,True,"{""2"":321.6000000000004,""3"":5070.720000000011,""4"":74820.86400000023,""5"":1370305.228800006,""6"":25164040.642560143,""7"":522290321.86675566,""8"":2663901875917312.5,""9"":5.3704261818492736e+17,""10"":1.2180126580434136e+20}",repeated-shared-ancilla-good-block,True,False,0.09000000000000001,new,"[1,2,3,5,12]","[1.214063714063714e-05,-0.0058049886621315185,0.07593749999999999,-0.4070638672135521,1.336919215238543]",1.8257377117513671,0.17426228824863288,23.0,registered-exact,True,5.0,2.0,2.0,3.0,7.0,1.0,6.0,3.0,2.0,3.0,2.0,one robust OAA round per segment,9516.0,branch register all-zero,,18.0,127780848.0,390156.0,-1.0,13546330512.0,223755535.0,analytical-model,0.010000000000000002,,,,,,,,,,,,0.1.0,3.11.9,2.5.0,b58b31db18364511c43757e27fffc7abce8df2c1,True,ok,,
1.0,heisenberg_chain:N013,-1.1,commutator,2009.0,,,2.0,a8fa234e-a646-4911-8402-a67c302db4ae,2026-08-12T00:11:58.358108+00:00,c1ad72de628f71283ac69037e9bbe97c3e773952f5abde5eac91397ca322d1a6,resource-grid,heisenberg_chain,Heisenberg-13,"{""coupling"":1.0,""field_z"":0.3}",13,13.0,proportional,1.0,0.07943282347242814,39.89999999999996,49,trotter-p2,trotter,Trotter p=2,analytical,analytical,2.0,,,,,,2009.0,,,,,,,,,,,,,,,,,,,,,,,,,,,,,,individual,49.0,0.07146094441613045,131.28000000000006,childs-commutator,"Childs, Su, Tran, Wiebe, and Zhu, arXiv:1912.08854",Propositions 9--10,"{""prefactor"":131.28000000000006}",True,implemented-product-formula,True,,"[""the resolved ordered Hamiltonian groups match the implemented formula""]",,,,,,,implemented-product-formula,True,True,0.07148954112518532,,,,,,,,,,,,,,,,,,,1.0,none,0.0,system register,1.0,13.0,194873.0,0.0,-1.0,15394967.0,286344.0,analytical-model,0.007943282347242814,,,,,,,,,,,,0.1.0,3.11.9,2.5.0,b58b31db18364511c43757e27fffc7abce8df2c1,True,ok,,
1.0,heisenberg_chain:N013,-1.1,empirical,626.0,,,2.0,a8fa234e-a646-4911-8402-a67c302db4ae,2026-08-12T00:11:58.358108+00:00,c1ad72de628f71283ac69037e9bbe97c3e773952f5abde5eac91397ca322d1a6,resource-grid,heisenberg_chain,Heisenberg-13,"{""coupling"":1.0,""field_z"":0.3}",13,13.0,proportional,1.0,0.07943282347242814,39.89999999999996,49,trotter-p2-empirical,trotter,Trotter p=2 [empirical],empirical-operator-norm,empirical,2.0,,,,,,626.0,,,,,,,,,,,,,,,,,,,,,,,,,,,,,,individual,49.0,0.0714705780324713,12.748112989099997,empirical-operator-norm,Repository empirical operator-norm calibration study v1 (2026-08-10),reviewed calibration opnorm-v1-heisenberg-open-trotter-p2; artifact docs/calibration_data/empirical_1d_v1_accepted.json,"{""prefactor"":12.748112989099997}",False,implemented-product-formula,False,,"[""the resolved ordered Hamiltonian groups match the implemented formula"",""the fixed formal-order powers in time and segments apply"",""the reviewed affine size calibration extrapolates as flagged""]",,,,,,,implemented-product-formula,False,False,0.07148954112518532,,,,,,,,,,,,,,,,,,,1.0,none,0.0,system register,1.0,13.0,60722.0,0.0,-1.0,4493428.0,89225.0,analytical-model,0.007943282347242814,opnorm-v1-heisenberg-open-trotter-p2,heisenberg_chain,affine-aN-plus-b,12.748112989099997,4.0,12.0,4.0,12.0,True,True,formula,0.1.0,3.11.9,2.5.0,b58b31db18364511c43757e27fffc7abce8df2c1,True,ok,,
1.0,heisenberg_chain:N013,-1.1,commutator,437.0,,,2.0,a8fa234e-a646-4911-8402-a67c302db4ae,2026-08-12T00:11:58.358108+00:00,c1ad72de628f71283ac69037e9bbe97c3e773952f5abde5eac91397ca322d1a6,resource-grid,heisenberg_chain,Heisenberg-13,"{""coupling"":1.0,""field_z"":0.3}",13,13.0,proportional,1.0,0.07943282347242814,39.89999999999996,49,trotter-p4,trotter,Trotter p=4,analytical,analytical,4.0,,,,,,437.0,,,,,,,,,,,,,,,,,,,,,,,,,,,,,,commuting,3.0,0.07117534499540899,6990.98817037107,schubert-mendl-commutator,"Schubert and Mendl, arXiv:2306.10603",Theorem 1,"{""prefactor"":6990.98817037107}",True,implemented-product-formula,True,,"[""the resolved ordered Hamiltonian groups match the implemented formula""]",,,,,,,implemented-product-formula,True,True,0.07148954112518532,,,,,,,,,,,,,,,,,,,1.0,none,0.0,system register,1.0,13.0,190095.0,0.0,-1.0,15017505.0,279324.0,analytical-model,0.007943282347242814,,,,,,,,,,,,0.1.0,3.11.9,2.5.0,b58b31db18364511c43757e27fffc7abce8df2c1,True,ok,,
1.0,heisenberg_chain:N013,-1.1,empirical,104.0,,,2.0,a8fa234e-a646-4911-8402-a67c302db4ae,2026-08-12T00:11:58.358108+00:00,c1ad72de628f71283ac69037e9bbe97c3e773952f5abde5eac91397ca322d1a6,resource-grid,heisenberg_chain,Heisenberg-13,"{""coupling"":1.0,""field_z"":0.3}",13,13.0,proportional,1.0,0.07943282347242814,39.89999999999996,49,trotter-p4-empirical,trotter,Trotter p=4 [empirical],empirical-operator-norm,empirical,4.0,,,,,,104.0,,,,,,,,,,,,,,,,,,,,,,,,,,,,,,commuting,3.0,0.009191570295336921,2.8960516869,empirical-operator-norm,Repository empirical operator-norm calibration study v1 (2026-08-10),reviewed calibration opnorm-v1-heisenberg-open-trotter-p4; artifact docs/calibration_data/empirical_1d_v1_accepted.json,"{""prefactor"":2.8960516869}",False,implemented-product-formula,False,,"[""the resolved ordered Hamiltonian groups match the implemented formula"",""the fixed formal-order powers in time and segments apply"",""the reviewed affine size calibration extrapolates as flagged""]",,,,,,,implemented-product-formula,False,False,0.07148954112518532,,,,,,,,,,,,,,,,,,,1.0,none,0.0,system register,1.0,13.0,45240.0,0.0,-1.0,3257280.0,66476.0,analytical-model,0.007943282347242814,opnorm-v1-heisenberg-open-trotter-p4,heisenberg_chain,affine-aN-plus-b,2.8960516869,4.0,12.0,4.0,12.0,True,True,asymptotic-domain,0.1.0,3.11.9,2.5.0,b58b31db18364511c43757e27fffc7abce8df2c1,True,ok,,
1.0,heisenberg_chain:N013,-1.1,commutator,359.0,,,2.0,a8fa234e-a646-4911-8402-a67c302db4ae,2026-08-12T00:11:58.358108+00:00,c1ad72de628f71283ac69037e9bbe97c3e773952f5abde5eac91397ca322d1a6,resource-grid,heisenberg_chain,Heisenberg-13,"{""coupling"":1.0,""field_z"":0.3}",13,13.0,proportional,1.0,0.07943282347242814,39.89999999999996,49,trotter-p6,trotter,Trotter p=6,analytical,analytical,6.0,,,,,,359.0,,,,,,,,,,,,,,,,,,,,,,,,,,,,,,commuting,3.0,0.07122596781546613,2429973.763029318,schubert-mendl-commutator,"Schubert and Mendl, arXiv:2306.10603",Theorem 1,"{""prefactor"":2429973.763029318}",True,implemented-product-formula,True,,"[""the resolved ordered Hamiltonian groups match the implemented formula""]",,,,,,,implemented-product-formula,True,True,0.07148954112518532,,,,,,,,,,,,,,,,,,,1.0,none,0.0,system register,1.0,13.0,780825.0,0.0,-1.0,66370125.0,1147335.0,analytical-model,0.007943282347242814,,,,,,,,,,,,0.1.0,3.11.9,2.5.0,b58b31db18364511c43757e27fffc7abce8df2c1,True,ok,,
1.0,heisenberg_chain:N013,-1.1,empirical,78.0,,,2.0,a8fa234e-a646-4911-8402-a67c302db4ae,2026-08-12T00:11:58.358108+00:00,c1ad72de628f71283ac69037e9bbe97c3e773952f5abde5eac91397ca322d1a6,resource-grid,heisenberg_chain,Heisenberg-13,"{""coupling"":1.0,""field_z"":0.3}",13,13.0,proportional,1.0,0.07943282347242814,39.89999999999996,49,trotter-p6-empirical,trotter,Trotter p=6 [empirical],empirical-operator-norm,empirical,6.0,,,,,,78.0,,,,,,,,,,,,,,,,,,,,,,,,,,,,,,commuting,3.0,1.1732955902777759e-05,0.0421086762,empirical-operator-norm,Repository empirical operator-norm calibration study v1 (2026-08-10),reviewed calibration opnorm-v1-heisenberg-open-trotter-p6; artifact docs/calibration_data/empirical_1d_v1_accepted.json,"{""prefactor"":0.0421086762}",False,implemented-product-formula,False,,"[""the resolved ordered Hamiltonian groups match the implemented formula"",""the fixed formal-order powers in time and segments apply"",""the reviewed affine size calibration extrapolates as flagged""]",,,,,,,implemented-product-formula,False,False,0.07148954112518532,,,,,,,,,,,,,,,,,,,1.0,none,0.0,system register,1.0,13.0,169650.0,0.0,-1.0,13232700.0,249282.0,analytical-model,0.007943282347242814,opnorm-v1-heisenberg-open-trotter-p6,heisenberg_chain,affine-aN-plus-b,0.0421086762,4.0,12.0,4.0,12.0,True,True,asymptotic-domain,0.1.0,3.11.9,2.5.0,b58b31db18364511c43757e27fffc7abce8df2c1,True,ok,,
1.0,heisenberg_chain:N013,-1.1,jacobi-anger,,,,2.0,a8fa234e-a646-4911-8402-a67c302db4ae,2026-08-12T00:11:58.358108+00:00,c1ad72de628f71283ac69037e9bbe97c3e773952f5abde5eac91397ca322d1a6,resource-grid,heisenberg_chain,Heisenberg-13,"{""coupling"":1.0,""field_z"":0.3}",13,13.0,proportional,1.0,0.07943282347242814,39.89999999999996,49,qsvt,qsvt,QSVT,jacobi-anger-rigorous,analytical,,,,,,,,,,,,,,,,,,,,,,,,,,,,,,,,,,,4239.0,707.0,,,0.013317046262936864,,jacobi-anger-polynomial-oaa,"Martyn et al., arXiv:2105.02859, Eqs. (76)--(77)",Jacobi--Anger tails plus exact cubic OAA identity,"{""oaa-unitarity-defect-distortion"":0.006691519050801283,""scaled-polynomial-error"":0.006625527212135581}",True,ideal-qsvt-oaa-good-block,True,,"[""the cosine and sine polynomials are implemented exactly"",""the unamplified good block is exactly Q/2""]",,,,,,,implemented-qsvt-floating-phase-circuit,False,False,0.07148954112518532,,,,,,,,,,,,,,,,,,,2.0,one robust OAA round,1.0,"component, quadrature, and index registers all-zero",,27.0,542604.0,1305710.0,-1.0,50258972.0,8720211.0,analytical-model,0.007943282347242814,,,,,,,,,,,,0.1.0,3.11.9,2.5.0,b58b31db18364511c43757e27fffc7abce8df2c1,True,ok,,
1.0,heisenberg_chain:N013,-1.1,empirical,,5.0,26.0,2.0,a8fa234e-a646-4911-8402-a67c302db4ae,2026-08-12T00:11:58.358108+00:00,c1ad72de628f71283ac69037e9bbe97c3e773952f5abde5eac91397ca322d1a6,resource-grid,heisenberg_chain,Heisenberg-13,"{""coupling"":1.0,""field_z"":0.3}",13,13.0,proportional,1.0,0.07943282347242814,39.89999999999996,49,mpf-j-mizuta2026-theorem6-empirical-operator-norm,multiproduct,MPF J=Mizuta Theorem 6 (resolved per point) [empirical operator norm],empirical-operator-norm,empirical,,5.0,10.0,mizuta2026-theorem6,6.300000000000004,0.07148954112518532,26.0,,,,[],,,,,,,,,,,,,,,[],,,,,,,empirical-operator-norm,[],1794.0,,,,1.5977807421874992e-05,0.0012585596,empirical-operator-norm,Repository empirical operator-norm calibration study v1 (2026-08-10),reviewed calibration opnorm-v1-heisenberg-open-mpf-new-m5; fixed formal powers,"{""empirical_coefficient"":0.0012585596}",False,ideal-mpf,False,ordered individual Pauli terms,"[""the fixed formal-order powers in time and segments apply"",""the empirical estimate concerns the repeated ideal MPF operator"",""the reviewed affine size calibration extrapolates as flagged""]",,0.0,0.0,False,False,{},repeated-shared-ancilla-good-block,False,False,0.07148954112518532,new,"[1,2,3,5,12]","[1.214063714063714e-05,-0.0058049886621315185,0.07593749999999999,-0.4070638672135521,1.336919215238543]",1.8257377117513671,0.17426228824863288,23.0,registered-exact,True,5.0,2.0,2.0,3.0,7.0,1.0,6.0,3.0,2.0,3.0,2.0,one robust OAA round per segment,26.0,branch register all-zero,,18.0,349128.0,1066.0,-1.0,28283632.0,611354.0,analytical-model,0.007943282347242814,opnorm-v1-heisenberg-open-mpf-new-m5,heisenberg_chain,affine-aN-plus-b,0.0012585596,4.0,8.0,4.0,12.0,True,True,asymptotic-domain,0.1.0,3.11.9,2.5.0,b58b31db18364511c43757e27fffc7abce8df2c1,True,ok,,
1.0,heisenberg_chain:N013,-1.1,commutator,,5.0,9722.0,2.0,a8fa234e-a646-4911-8402-a67c302db4ae,2026-08-12T00:11:58.358108+00:00,c1ad72de628f71283ac69037e9bbe97c3e773952f5abde5eac91397ca322d1a6,resource-grid,heisenberg_chain,Heisenberg-13,"{""coupling"":1.0,""field_z"":0.3}",13,13.0,proportional,1.0,0.07943282347242814,39.89999999999996,49,mpf-j-mizuta2026-theorem6-mizuta2026-commutator-ideal-rigorous,multiproduct,MPF J=Mizuta Theorem 6 (resolved per point) [Mizuta 2026 refined commutator],mizuta2026-commutator-ideal-rigorous,analytical,,5.0,10.0,mizuta2026-theorem6,6.300000000000004,0.07148954112518532,9722.0,9722.0,,5605.0,"[""error""]",107.78499616075912,10.0,,,6.87309082455752e-06,1.2485741077980837e-15,1.1432691593395218e-20,1.2485626751064901e-15,1.2485741077980837e-15,6.8730908258060945e-06,0.07143717212425672,2.4695966452313455e-05,False,0.0023194322856135755,"[1.0000000000000002,1.0000000000000002,1.0000000000000002,1.0000000000000002,1.0000000000000002,1.0000000000000002,1.0000000000000002,1.0000000000000002,1.0000000000000002,1.0000000000000002,1.0000000000000002,1.0000000000000002,1.0000000000000002,1.0000000000000002,1.0000000000000002,1.0000000000000002,1.0000000000000002,1.0000000000000002,1.0000000000000002,1.0000000000000002,1.0000000000000002,1.0000000000000002,1.0000000000000002,1.0000000000000002,1.0000000000000002,1.0000000000000002,1.0000000000000002,1.0000000000000002,1.0000000000000002,1.0000000000000002,1.0000000000000002,1.0000000000000002,1.0000000000000002,1.0000000000000002,1.0000000000000002,1.0000000000000002,1.0000000000000002,1.0000000000000002,1.0000000000000002,1.0000000000000002,1.0000000000000002,1.0000000000000002,1.0000000000000002,1.0000000000000002,1.0000000000000002,1.0000000000000002,1.0000000000000002,1.0000000000000002,1.0000000000000002]",6.300000000000007,7.0,True,exact commutator transition cap reached; locality bound used,not-used,commutator,mizuta2026-commutator-ideal-rigorous,[],670818.0,,,,0.07143717212425672,2.8124641267453134e+26,mizuta2026-commutator-ideal-rigorous,"Mizuta, Quantum 10, 1974 (2026), arXiv:2507.06557v4","Theorem 4, Eqs. (47)--(49), with direct Lemmas 9--10 BCH remainder","{""error_predicate_satisfied"":1.0,""extensiveness_g"":6.300000000000004,""joint_predicate_satisfied"":1.0,""legacy_first_condition_passed"":0.0,""legacy_first_time_limit"":2.4695966452313455e-05,""local_commutator_error"":6.87309082455752e-06,""local_step_error"":6.8730908258060945e-06,""local_truncated_bch_error"":1.2485741077980837e-15,""locality_k"":2.0,""mu_upper"":107.78499616075912,""refined_lemma10_remainder"":1.2485626751064901e-15,""refined_lemma9_remainder"":1.1432691593395218e-20,""refined_tail_fallback"":0.0,""repeated_global_error"":0.07143717212425672,""schedule_weighted_extensiveness"":6.300000000000007,""second_time_limit"":0.0023194322856135755,""time_2_predicate_satisfied"":1.0,""total_branchwise_bch_remainder"":1.2485741077980837e-15,""truncation_order_p0"":10.0}",True,ideal-mpf,True,ordered individual Pauli terms,"[""individual Pauli summands define the ordered H_gamma decomposition"",""the actual Strang factors define schedule-weighted g_alpha extensiveness"",""Lemma 9 and Lemma 10 positive majorants directly certify the BCH remainder"",""the scalar-flow/Cauchy refined tail certificate is used"",""Theorem 4 second time hypothesis is satisfied"",""the repeated ideal MPF is composed with the Eq. (15) telescoping argument""]","exact Pauli recurrence would require 466284 transitions at order 8, above cap 250000; remaining orders use Mizuta 2026 Eq. (8)",10.0,7.0,True,True,"{""2"":321.6000000000004,""3"":5070.720000000011,""4"":74820.86400000023,""5"":1370305.228800006,""6"":25164040.642560143,""7"":522290321.86675566,""8"":2663901875917312.5,""9"":5.3704261818492736e+17,""10"":1.2180126580434136e+20}",repeated-shared-ancilla-good-block,True,False,0.07148954112518532,new,"[1,2,3,5,12]","[1.214063714063714e-05,-0.0058049886621315185,0.07593749999999999,-0.4070638672135521,1.336919215238543]",1.8257377117513671,0.17426228824863288,23.0,registered-exact,True,5.0,2.0,2.0,3.0,7.0,1.0,6.0,3.0,2.0,3.0,2.0,one robust OAA round per segment,9722.0,branch register all-zero,,18.0,130547016.0,398602.0,-1.0,13970125120.0,228599339.0,analytical-model,0.007943282347242814,,,,,,,,,,,,0.1.0,3.11.9,2.5.0,b58b31db18364511c43757e27fffc7abce8df2c1,True,ok,,
1.0,heisenberg_chain:N013,-1.2,commutator,2254.0,,,2.0,a8fa234e-a646-4911-8402-a67c302db4ae,2026-08-12T00:11:58.358108+00:00,c1ad72de628f71283ac69037e9bbe97c3e773952f5abde5eac91397ca322d1a6,resource-grid,heisenberg_chain,Heisenberg-13,"{""coupling"":1.0,""field_z"":0.3}",13,13.0,proportional,1.0,0.06309573444801933,39.89999999999996,49,trotter-p2,trotter,Trotter p=2,analytical,analytical,2.0,,,,,,2254.0,,,,,,,,,,,,,,,,,,,,,,,,,,,,,,individual,49.0,0.056770249321131984,131.28000000000006,childs-commutator,"Childs, Su, Tran, Wiebe, and Zhu, arXiv:1912.08854",Propositions 9--10,"{""prefactor"":131.28000000000006}",True,implemented-product-formula,True,,"[""the resolved ordered Hamiltonian groups match the implemented formula""]",,,,,,,implemented-product-formula,True,True,0.0567861610032174,,,,,,,,,,,,,,,,,,,1.0,none,0.0,system register,1.0,13.0,218638.0,0.0,-1.0,17491040.0,321264.0,analytical-model,0.006309573444801934,,,,,,,,,,,,0.1.0,3.11.9,2.5.0,b58b31db18364511c43757e27fffc7abce8df2c1,True,ok,,
1.0,heisenberg_chain:N013,-1.2,empirical,703.0,,,2.0,a8fa234e-a646-4911-8402-a67c302db4ae,2026-08-12T00:11:58.358108+00:00,c1ad72de628f71283ac69037e9bbe97c3e773952f5abde5eac91397ca322d1a6,resource-grid,heisenberg_chain,Heisenberg-13,"{""coupling"":1.0,""field_z"":0.3}",13,13.0,proportional,1.0,0.06309573444801933,39.89999999999996,49,trotter-p2-empirical,trotter,Trotter p=2 [empirical],empirical-operator-norm,empirical,2.0,,,,,,703.0,,,,,,,,,,,,,,,,,,,,,,,,,,,,,,individual,49.0,0.05667157869859251,12.748112989099997,empirical-operator-norm,Repository empirical operator-norm calibration study v1 (2026-08-10),reviewed calibration opnorm-v1-heisenberg-open-trotter-p2; artifact docs/calibration_data/empirical_1d_v1_accepted.json,"{""prefactor"":12.748112989099997}",False,implemented-product-formula,False,,"[""the resolved ordered Hamiltonian groups match the implemented formula"",""the fixed formal-order powers in time and segments apply"",""the reviewed affine size calibration extrapolates as flagged""]",,,,,,,implemented-product-formula,False,False,0.0567861610032174,,,,,,,,,,,,,,,,,,,1.0,none,0.0,system register,1.0,13.0,68191.0,0.0,-1.0,5114325.0,100200.0,analytical-model,0.006309573444801934,opnorm-v1-heisenberg-open-trotter-p2,heisenberg_chain,affine-aN-plus-b,12.748112989099997,4.0,12.0,4.0,12.0,True,True,formula,0.1.0,3.11.9,2.5.0,b58b31db18364511c43757e27fffc7abce8df2c1,True,ok,,
1.0,heisenberg_chain:N013,-1.2,commutator,463.0,,,2.0,a8fa234e-a646-4911-8402-a67c302db4ae,2026-08-12T00:11:58.358108+00:00,c1ad72de628f71283ac69037e9bbe97c3e773952f5abde5eac91397ca322d1a6,resource-grid,heisenberg_chain,Heisenberg-13,"{""coupling"":1.0,""field_z"":0.3}",13,13.0,proportional,1.0,0.06309573444801933,39.89999999999996,49,trotter-p4,trotter,Trotter p=4,analytical,analytical,4.0,,,,,,463.0,,,,,,,,,,,,,,,,,,,,,,,,,,,,,,commuting,3.0,0.05648477000224524,6990.98817037107,schubert-mendl-commutator,"Schubert and Mendl, arXiv:2306.10603",Theorem 1,"{""prefactor"":6990.98817037107}",True,implemented-product-formula,True,,"[""the resolved ordered Hamiltonian groups match the implemented formula""]",,,,,,,implemented-product-formula,True,True,0.0567861610032174,,,,,,,,,,,,,,,,,,,1.0,none,0.0,system register,1.0,13.0,201405.0,0.0,-1.0,16112400.0,295943.0,analytical-model,0.006309573444801934,,,,,,,,,,,,0.1.0,3.11.9,2.5.0,b58b31db18364511c43757e27fffc7abce8df2c1,True,ok,,
1.0,heisenberg_chain:N013,-1.2,empirical,104.0,,,2.0,a8fa234e-a646-4911-8402-a67c302db4ae,2026-08-12T00:11:58.358108+00:00,c1ad72de628f71283ac69037e9bbe97c3e773952f5abde5eac91397ca322d1a6,resource-grid,heisenberg_chain,Heisenberg-13,"{""coupling"":1.0,""field_z"":0.3}",13,13.0,proportional,1.0,0.06309573444801933,39.89999999999996,49,trotter-p4-empirical,trotter,Trotter p=4 [empirical],empirical-operator-norm,empirical,4.0,,,,,,104.0,,,,,,,,,,,,,,,,,,,,,,,,,,,,,,commuting,3.0,0.009191570295336921,2.8960516869,empirical-operator-norm,Repository empirical operator-norm calibration study v1 (2026-08-10),reviewed calibration opnorm-v1-heisenberg-open-trotter-p4; artifact docs/calibration_data/empirical_1d_v1_accepted.json,"{""prefactor"":2.8960516869}",False,implemented-product-formula,False,,"[""the resolved ordered Hamiltonian groups match the implemented formula"",""the fixed formal-order powers in time and segments apply"",""the reviewed affine size calibration extrapolates as flagged""]",,,,,,,implemented-product-formula,False,False,0.0567861610032174,,,,,,,,,,,,,,,,,,,1.0,none,0.0,system register,1.0,13.0,45240.0,0.0,-1.0,3302520.0,66476.0,analytical-model,0.006309573444801934,opnorm-v1-heisenberg-open-trotter-p4,heisenberg_chain,affine-aN-plus-b,2.8960516869,4.0,12.0,4.0,12.0,True,True,asymptotic-domain,0.1.0,3.11.9,2.5.0,b58b31db18364511c43757e27fffc7abce8df2c1,True,ok,,
1.0,heisenberg_chain:N013,-1.2,commutator,373.0,,,2.0,a8fa234e-a646-4911-8402-a67c302db4ae,2026-08-12T00:11:58.358108+00:00,c1ad72de628f71283ac69037e9bbe97c3e773952f5abde5eac91397ca322d1a6,resource-grid,heisenberg_chain,Heisenberg-13,"{""coupling"":1.0,""field_z"":0.3}",13,13.0,proportional,1.0,0.06309573444801933,39.89999999999996,49,trotter-p6,trotter,Trotter p=6,analytical,analytical,6.0,,,,,,373.0,,,,,,,,,,,,,,,,,,,,,,,,,,,,,,commuting,3.0,0.05661767873048616,2429973.763029318,schubert-mendl-commutator,"Schubert and Mendl, arXiv:2306.10603",Theorem 1,"{""prefactor"":2429973.763029318}",True,implemented-product-formula,True,,"[""the resolved ordered Hamiltonian groups match the implemented formula""]",,,,,,,implemented-product-formula,True,True,0.0567861610032174,,,,,,,,,,,,,,,,,,,1.0,none,0.0,system register,1.0,13.0,811275.0,0.0,-1.0,69769650.0,1192078.0,analytical-model,0.006309573444801934,,,,,,,,,,,,0.1.0,3.11.9,2.5.0,b58b31db18364511c43757e27fffc7abce8df2c1,True,ok,,
1.0,heisenberg_chain:N013,-1.2,empirical,78.0,,,2.0,a8fa234e-a646-4911-8402-a67c302db4ae,2026-08-12T00:11:58.358108+00:00,c1ad72de628f71283ac69037e9bbe97c3e773952f5abde5eac91397ca322d1a6,resource-grid,heisenberg_chain,Heisenberg-13,"{""coupling"":1.0,""field_z"":0.3}",13,13.0,proportional,1.0,0.06309573444801933,39.89999999999996,49,trotter-p6-empirical,trotter,Trotter p=6 [empirical],empirical-operator-norm,empirical,6.0,,,,,,78.0,,,,,,,,,,,,,,,,,,,,,,,,,,,,,,commuting,3.0,1.1732955902777759e-05,0.0421086762,empirical-operator-norm,Repository empirical operator-norm calibration study v1 (2026-08-10),reviewed calibration opnorm-v1-heisenberg-open-trotter-p6; artifact docs/calibration_data/empirical_1d_v1_accepted.json,"{""prefactor"":0.0421086762}",False,implemented-product-formula,False,,"[""the resolved ordered Hamiltonian groups match the implemented formula"",""the fixed formal-order powers in time and segments apply"",""the reviewed affine size calibration extrapolates as flagged""]",,,,,,,implemented-product-formula,False,False,0.0567861610032174,,,,,,,,,,,,,,,,,,,1.0,none,0.0,system register,1.0,13.0,169650.0,0.0,-1.0,13402350.0,249282.0,analytical-model,0.006309573444801934,opnorm-v1-heisenberg-open-trotter-p6,heisenberg_chain,affine-aN-plus-b,0.0421086762,4.0,12.0,4.0,12.0,True,True,asymptotic-domain,0.1.0,3.11.9,2.5.0,b58b31db18364511c43757e27fffc7abce8df2c1,True,ok,,
1.0,heisenberg_chain:N013,-1.2,jacobi-anger,,,,2.0,a8fa234e-a646-4911-8402-a67c302db4ae,2026-08-12T00:11:58.358108+00:00,c1ad72de628f71283ac69037e9bbe97c3e773952f5abde5eac91397ca322d1a6,resource-grid,heisenberg_chain,Heisenberg-13,"{""coupling"":1.0,""field_z"":0.3}",13,13.0,proportional,1.0,0.06309573444801933,39.89999999999996,49,qsvt,qsvt,QSVT,jacobi-anger-rigorous,analytical,,,,,,,,,,,,,,,,,,,,,,,,,,,,,,,,,,,4239.0,707.0,,,0.011672445545373127,,jacobi-anger-polynomial-oaa,"Martyn et al., arXiv:2105.02859, Eqs. (76)--(77)",Jacobi--Anger tails plus exact cubic OAA identity,"{""oaa-unitarity-defect-distortion"":0.005861596301625496,""scaled-polynomial-error"":0.005810849243747631}",True,ideal-qsvt-oaa-good-block,True,,"[""the cosine and sine polynomials are implemented exactly"",""the unamplified good block is exactly Q/2""]",,,,,,,implemented-qsvt-floating-phase-circuit,False,False,0.0567861610032174,,,,,,,,,,,,,,,,,,,2.0,one robust OAA round,1.0,"component, quadrature, and index registers all-zero",,27.0,542604.0,1305710.0,-1.0,50801576.0,8720211.0,analytical-model,0.006309573444801934,,,,,,,,,,,,0.1.0,3.11.9,2.5.0,b58b31db18364511c43757e27fffc7abce8df2c1,True,ok,,
1.0,heisenberg_chain:N013,-1.2,empirical,,5.0,26.0,2.0,a8fa234e-a646-4911-8402-a67c302db4ae,2026-08-12T00:11:58.358108+00:00,c1ad72de628f71283ac69037e9bbe97c3e773952f5abde5eac91397ca322d1a6,resource-grid,heisenberg_chain,Heisenberg-13,"{""coupling"":1.0,""field_z"":0.3}",13,13.0,proportional,1.0,0.06309573444801933,39.89999999999996,49,mpf-j-mizuta2026-theorem6-empirical-operator-norm,multiproduct,MPF J=Mizuta Theorem 6 (resolved per point) [empirical operator norm],empirical-operator-norm,empirical,,5.0,10.0,mizuta2026-theorem6,6.300000000000004,0.0567861610032174,26.0,,,,[],,,,,,,,,,,,,,,[],,,,,,,empirical-operator-norm,[],1794.0,,,,1.5977807421874992e-05,0.0012585596,empirical-operator-norm,Repository empirical operator-norm calibration study v1 (2026-08-10),reviewed calibration opnorm-v1-heisenberg-open-mpf-new-m5; fixed formal powers,"{""empirical_coefficient"":0.0012585596}",False,ideal-mpf,False,ordered individual Pauli terms,"[""the fixed formal-order powers in time and segments apply"",""the empirical estimate concerns the repeated ideal MPF operator"",""the reviewed affine size calibration extrapolates as flagged""]",,0.0,0.0,False,False,{},repeated-shared-ancilla-good-block,False,False,0.0567861610032174,new,"[1,2,3,5,12]","[1.214063714063714e-05,-0.0058049886621315185,0.07593749999999999,-0.4070638672135521,1.336919215238543]",1.8257377117513671,0.17426228824863288,23.0,registered-exact,True,5.0,2.0,2.0,3.0,7.0,1.0,6.0,3.0,2.0,3.0,2.0,one robust OAA round per segment,26.0,branch register all-zero,,18.0,349128.0,1066.0,-1.0,28632760.0,611354.0,analytical-model,0.006309573444801934,opnorm-v1-heisenberg-open-mpf-new-m5,heisenberg_chain,affine-aN-plus-b,0.0012585596,4.0,8.0,4.0,12.0,True,True,asymptotic-domain,0.1.0,3.11.9,2.5.0,b58b31db18364511c43757e27fffc7abce8df2c1,True,ok,,
1.0,heisenberg_chain:N013,-1.2,commutator,,5.0,9935.0,2.0,a8fa234e-a646-4911-8402-a67c302db4ae,2026-08-12T00:11:58.358108+00:00,c1ad72de628f71283ac69037e9bbe97c3e773952f5abde5eac91397ca322d1a6,resource-grid,heisenberg_chain,Heisenberg-13,"{""coupling"":1.0,""field_z"":0.3}",13,13.0,proportional,1.0,0.06309573444801933,39.89999999999996,49,mpf-j-mizuta2026-theorem6-mizuta2026-commutator-ideal-rigorous,multiproduct,MPF J=Mizuta Theorem 6 (resolved per point) [Mizuta 2026 refined commutator],mizuta2026-commutator-ideal-rigorous,analytical,,5.0,10.0,mizuta2026-theorem6,6.300000000000004,0.0567861610032174,9935.0,9935.0,,5605.0,"[""error""]",107.78499616075912,10.0,,,5.41523466466473e-06,9.81334700697621e-16,9.00175500250534e-21,9.813256989426182e-16,9.81334700697621e-16,5.415234665646066e-06,0.05677379634084735,2.4695966452313455e-05,False,0.0023194322856135755,"[1.0000000000000002,1.0000000000000002,1.0000000000000002,1.0000000000000002,1.0000000000000002,1.0000000000000002,1.0000000000000002,1.0000000000000002,1.0000000000000002,1.0000000000000002,1.0000000000000002,1.0000000000000002,1.0000000000000002,1.0000000000000002,1.0000000000000002,1.0000000000000002,1.0000000000000002,1.0000000000000002,1.0000000000000002,1.0000000000000002,1.0000000000000002,1.0000000000000002,1.0000000000000002,1.0000000000000002,1.0000000000000002,1.0000000000000002,1.0000000000000002,1.0000000000000002,1.0000000000000002,1.0000000000000002,1.0000000000000002,1.0000000000000002,1.0000000000000002,1.0000000000000002,1.0000000000000002,1.0000000000000002,1.0000000000000002,1.0000000000000002,1.0000000000000002,1.0000000000000002,1.0000000000000002,1.0000000000000002,1.0000000000000002,1.0000000000000002,1.0000000000000002,1.0000000000000002,1.0000000000000002,1.0000000000000002,1.0000000000000002]",6.300000000000007,7.0,True,exact commutator transition cap reached; locality bound used,not-used,commutator,mizuta2026-commutator-ideal-rigorous,[],685515.0,,,,0.05677379634084735,2.8124641267453134e+26,mizuta2026-commutator-ideal-rigorous,"Mizuta, Quantum 10, 1974 (2026), arXiv:2507.06557v4","Theorem 4, Eqs. (47)--(49), with direct Lemmas 9--10 BCH remainder","{""error_predicate_satisfied"":1.0,""extensiveness_g"":6.300000000000004,""joint_predicate_satisfied"":1.0,""legacy_first_condition_passed"":0.0,""legacy_first_time_limit"":2.4695966452313455e-05,""local_commutator_error"":5.41523466466473e-06,""local_step_error"":5.415234665646066e-06,""local_truncated_bch_error"":9.81334700697621e-16,""locality_k"":2.0,""mu_upper"":107.78499616075912,""refined_lemma10_remainder"":9.813256989426182e-16,""refined_lemma9_remainder"":9.00175500250534e-21,""refined_tail_fallback"":0.0,""repeated_global_error"":0.05677379634084735,""schedule_weighted_extensiveness"":6.300000000000007,""second_time_limit"":0.0023194322856135755,""time_2_predicate_satisfied"":1.0,""total_branchwise_bch_remainder"":9.81334700697621e-16,""truncation_order_p0"":10.0}",True,ideal-mpf,True,ordered individual Pauli terms,"[""individual Pauli summands define the ordered H_gamma decomposition"",""the actual Strang factors define schedule-weighted g_alpha extensiveness"",""Lemma 9 and Lemma 10 positive majorants directly certify the BCH remainder"",""the scalar-flow/Cauchy refined tail certificate is used"",""Theorem 4 second time hypothesis is satisfied"",""the repeated ideal MPF is composed with the Eq. (15) telescoping argument""]","exact Pauli recurrence would require 466284 transitions at order 8, above cap 250000; remaining orders use Mizuta 2026 Eq. (8)",10.0,7.0,True,True,"{""2"":321.6000000000004,""3"":5070.720000000011,""4"":74820.86400000023,""5"":1370305.228800006,""6"":25164040.642560143,""7"":522290321.86675566,""8"":2663901875917312.5,""9"":5.3704261818492736e+17,""10"":1.2180126580434136e+20}",repeated-shared-ancilla-good-block,True,False,0.0567861610032174,new,"[1,2,3,5,12]","[1.214063714063714e-05,-0.0058049886621315185,0.07593749999999999,-0.4070638672135521,1.336919215238543]",1.8257377117513671,0.17426228824863288,23.0,registered-exact,True,5.0,2.0,2.0,3.0,7.0,1.0,6.0,3.0,2.0,3.0,2.0,one robust OAA round per segment,9935.0,branch register all-zero,,18.0,133407180.0,407335.0,-1.0,14409604780.0,233607738.0,analytical-model,0.006309573444801934,,,,,,,,,,,,0.1.0,3.11.9,2.5.0,b58b31db18364511c43757e27fffc7abce8df2c1,True,ok,,
1.0,heisenberg_chain:N013,-1.3,commutator,2529.0,,,2.0,a8fa234e-a646-4911-8402-a67c302db4ae,2026-08-12T00:11:58.358108+00:00,c1ad72de628f71283ac69037e9bbe97c3e773952f5abde5eac91397ca322d1a6,resource-grid,heisenberg_chain,Heisenberg-13,"{""coupling"":1.0,""field_z"":0.3}",13,13.0,proportional,1.0,0.05011872336272722,39.89999999999996,49,trotter-p2,trotter,Trotter p=2,analytical,analytical,2.0,,,,,,2529.0,,,,,,,,,,,,,,,,,,,,,,,,,,,,,,individual,49.0,0.04509526737765998,131.28000000000006,childs-commutator,"Childs, Su, Tran, Wiebe, and Zhu, arXiv:1912.08854",Propositions 9--10,"{""prefactor"":131.28000000000006}",True,implemented-product-formula,True,,"[""the resolved ordered Hamiltonian groups match the implemented formula""]",,,,,,,implemented-product-formula,True,True,0.0451068510264545,,,,,,,,,,,,,,,,,,,1.0,none,0.0,system register,1.0,13.0,245313.0,0.0,-1.0,20115666.0,360460.0,analytical-model,0.005011872336272722,,,,,,,,,,,,0.1.0,3.11.9,2.5.0,b58b31db18364511c43757e27fffc7abce8df2c1,True,ok,,
1.0,heisenberg_chain:N013,-1.3,empirical,788.0,,,2.0,a8fa234e-a646-4911-8402-a67c302db4ae,2026-08-12T00:11:58.358108+00:00,c1ad72de628f71283ac69037e9bbe97c3e773952f5abde5eac91397ca322d1a6,resource-grid,heisenberg_chain,Heisenberg-13,"{""coupling"":1.0,""field_z"":0.3}",13,13.0,proportional,1.0,0.05011872336272722,39.89999999999996,49,trotter-p2-empirical,trotter,Trotter p=2 [empirical],empirical-operator-norm,empirical,2.0,,,,,,788.0,,,,,,,,,,,,,,,,,,,,,,,,,,,,,,individual,49.0,0.04510487940466887,12.748112989099997,empirical-operator-norm,Repository empirical operator-norm calibration study v1 (2026-08-10),reviewed calibration opnorm-v1-heisenberg-open-trotter-p2; artifact docs/calibration_data/empirical_1d_v1_accepted.json,"{""prefactor"":12.748112989099997}",False,implemented-product-formula,False,,"[""the resolved ordered Hamiltonian groups match the implemented formula"",""the fixed formal-order powers in time and segments apply"",""the reviewed affine size calibration extrapolates as flagged""]",,,,,,,implemented-product-formula,False,False,0.0451068510264545,,,,,,,,,,,,,,,,,,,1.0,none,0.0,system register,1.0,13.0,76436.0,0.0,-1.0,5885572.0,112315.0,analytical-model,0.005011872336272722,opnorm-v1-heisenberg-open-trotter-p2,heisenberg_chain,affine-aN-plus-b,12.748112989099997,4.0,12.0,4.0,12.0,True,True,formula,0.1.0,3.11.9,2.5.0,b58b31db18364511c43757e27fffc7abce8df2c1,True,ok,,
1.0,heisenberg_chain:N013,-1.3,commutator,490.0,,,2.0,a8fa234e-a646-4911-8402-a67c302db4ae,2026-08-12T00:11:58.358108+00:00,c1ad72de628f71283ac69037e9bbe97c3e773952f5abde5eac91397ca322d1a6,resource-grid,heisenberg_chain,Heisenberg-13,"{""coupling"":1.0,""field_z"":0.3}",13,13.0,proportional,1.0,0.05011872336272722,39.89999999999996,49,trotter-p4,trotter,Trotter p=4,analytical,analytical,4.0,,,,,,490.0,,,,,,,,,,,,,,,,,,,,,,,,,,,,,,commuting,3.0,0.045026792264669435,6990.98817037107,schubert-mendl-commutator,"Schubert and Mendl, arXiv:2306.10603",Theorem 1,"{""prefactor"":6990.98817037107}",True,implemented-product-formula,True,,"[""the resolved ordered Hamiltonian groups match the implemented formula""]",,,,,,,implemented-product-formula,True,True,0.0451068510264545,,,,,,,,,,,,,,,,,,,1.0,none,0.0,system register,1.0,13.0,213150.0,0.0,-1.0,17265150.0,313200.0,analytical-model,0.005011872336272722,,,,,,,,,,,,0.1.0,3.11.9,2.5.0,b58b31db18364511c43757e27fffc7abce8df2c1,True,ok,,
1.0,heisenberg_chain:N013,-1.3,empirical,104.0,,,2.0,a8fa234e-a646-4911-8402-a67c302db4ae,2026-08-12T00:11:58.358108+00:00,c1ad72de628f71283ac69037e9bbe97c3e773952f5abde5eac91397ca322d1a6,resource-grid,heisenberg_chain,Heisenberg-13,"{""coupling"":1.0,""field_z"":0.3}",13,13.0,proportional,1.0,0.05011872336272722,39.89999999999996,49,trotter-p4-empirical,trotter,Trotter p=4 [empirical],empirical-operator-norm,empirical,4.0,,,,,,104.0,,,,,,,,,,,,,,,,,,,,,,,,,,,,,,commuting,3.0,0.009191570295336921,2.8960516869,empirical-operator-norm,Repository empirical operator-norm calibration study v1 (2026-08-10),reviewed calibration opnorm-v1-heisenberg-open-trotter-p4; artifact docs/calibration_data/empirical_1d_v1_accepted.json,"{""prefactor"":2.8960516869}",False,implemented-product-formula,False,,"[""the resolved ordered Hamiltonian groups match the implemented formula"",""the fixed formal-order powers in time and segments apply"",""the reviewed affine size calibration extrapolates as flagged""]",,,,,,,implemented-product-formula,False,False,0.0451068510264545,,,,,,,,,,,,,,,,,,,1.0,none,0.0,system register,1.0,13.0,45240.0,0.0,-1.0,3347760.0,66476.0,analytical-model,0.005011872336272722,opnorm-v1-heisenberg-open-trotter-p4,heisenberg_chain,affine-aN-plus-b,2.8960516869,4.0,12.0,4.0,12.0,True,True,asymptotic-domain,0.1.0,3.11.9,2.5.0,b58b31db18364511c43757e27fffc7abce8df2c1,True,ok,,
1.0,heisenberg_chain:N013,-1.3,commutator,388.0,,,2.0,a8fa234e-a646-4911-8402-a67c302db4ae,2026-08-12T00:11:58.358108+00:00,c1ad72de628f71283ac69037e9bbe97c3e773952f5abde5eac91397ca322d1a6,resource-grid,heisenberg_chain,Heisenberg-13,"{""coupling"":1.0,""field_z"":0.3}",13,13.0,proportional,1.0,0.05011872336272722,39.89999999999996,49,trotter-p6,trotter,Trotter p=6,analytical,analytical,6.0,,,,,,388.0,,,,,,,,,,,,,,,,,,,,,,,,,,,,,,commuting,3.0,0.044690446843201066,2429973.763029318,schubert-mendl-commutator,"Schubert and Mendl, arXiv:2306.10603",Theorem 1,"{""prefactor"":2429973.763029318}",True,implemented-product-formula,True,,"[""the resolved ordered Hamiltonian groups match the implemented formula""]",,,,,,,implemented-product-formula,True,True,0.0451068510264545,,,,,,,,,,,,,,,,,,,1.0,none,0.0,system register,1.0,13.0,843900.0,0.0,-1.0,73419300.0,1240017.0,analytical-model,0.005011872336272722,,,,,,,,,,,,0.1.0,3.11.9,2.5.0,b58b31db18364511c43757e27fffc7abce8df2c1,True,ok,,
1.0,heisenberg_chain:N013,-1.3,empirical,78.0,,,2.0,a8fa234e-a646-4911-8402-a67c302db4ae,2026-08-12T00:11:58.358108+00:00,c1ad72de628f71283ac69037e9bbe97c3e773952f5abde5eac91397ca322d1a6,resource-grid,heisenberg_chain,Heisenberg-13,"{""coupling"":1.0,""field_z"":0.3}",13,13.0,proportional,1.0,0.05011872336272722,39.89999999999996,49,trotter-p6-empirical,trotter,Trotter p=6 [empirical],empirical-operator-norm,empirical,6.0,,,,,,78.0,,,,,,,,,,,,,,,,,,,,,,,,,,,,,,commuting,3.0,1.1732955902777759e-05,0.0421086762,empirical-operator-norm,Repository empirical operator-norm calibration study v1 (2026-08-10),reviewed calibration opnorm-v1-heisenberg-open-trotter-p6; artifact docs/calibration_data/empirical_1d_v1_accepted.json,"{""prefactor"":0.0421086762}",False,implemented-product-formula,False,,"[""the resolved ordered Hamiltonian groups match the implemented formula"",""the fixed formal-order powers in time and segments apply"",""the reviewed affine size calibration extrapolates as flagged""]",,,,,,,implemented-product-formula,False,False,0.0451068510264545,,,,,,,,,,,,,,,,,,,1.0,none,0.0,system register,1.0,13.0,169650.0,0.0,-1.0,13572000.0,249282.0,analytical-model,0.005011872336272722,opnorm-v1-heisenberg-open-trotter-p6,heisenberg_chain,affine-aN-plus-b,0.0421086762,4.0,12.0,4.0,12.0,True,True,asymptotic-domain,0.1.0,3.11.9,2.5.0,b58b31db18364511c43757e27fffc7abce8df2c1,True,ok,,
1.0,heisenberg_chain:N013,-1.3,jacobi-anger,,,,2.0,a8fa234e-a646-4911-8402-a67c302db4ae,2026-08-12T00:11:58.358108+00:00,c1ad72de628f71283ac69037e9bbe97c3e773952f5abde5eac91397ca322d1a6,resource-grid,heisenberg_chain,Heisenberg-13,"{""coupling"":1.0,""field_z"":0.3}",13,13.0,proportional,1.0,0.05011872336272722,39.89999999999996,49,qsvt,qsvt,QSVT,jacobi-anger-rigorous,analytical,,,,,,,,,,,,,,,,,,,,,,,,,,,,,,,,,,,4239.0,707.0,,,0.01036752002855097,,jacobi-anger-polynomial-oaa,"Martyn et al., arXiv:2105.02859, Eqs. (76)--(77)",Jacobi--Anger tails plus exact cubic OAA identity,"{""oaa-unitarity-defect-distortion"":0.005203792497301822,""scaled-polynomial-error"":0.005163727531249149}",True,ideal-qsvt-oaa-good-block,True,,"[""the cosine and sine polynomials are implemented exactly"",""the unamplified good block is exactly Q/2""]",,,,,,,implemented-qsvt-floating-phase-circuit,False,False,0.0451068510264545,,,,,,,,,,,,,,,,,,,2.0,one robust OAA round,1.0,"component, quadrature, and index registers all-zero",,27.0,542604.0,1305710.0,-1.0,51344180.0,8720211.0,analytical-model,0.005011872336272722,,,,,,,,,,,,0.1.0,3.11.9,2.5.0,b58b31db18364511c43757e27fffc7abce8df2c1,True,ok,,
1.0,heisenberg_chain:N013,-1.3,empirical,,6.0,20.0,2.0,a8fa234e-a646-4911-8402-a67c302db4ae,2026-08-12T00:11:58.358108+00:00,c1ad72de628f71283ac69037e9bbe97c3e773952f5abde5eac91397ca322d1a6,resource-grid,heisenberg_chain,Heisenberg-13,"{""coupling"":1.0,""field_z"":0.3}",13,13.0,proportional,1.0,0.05011872336272722,39.89999999999996,49,mpf-j-mizuta2026-theorem6-empirical-operator-norm,multiproduct,MPF J=Mizuta Theorem 6 (resolved per point) [empirical operator norm],empirical-operator-norm,empirical,,6.0,12.0,mizuta2026-theorem6,6.300000000000004,0.0451068510264545,20.0,,,,[],,,,,,,,,,,,,,,[],,,,,,,empirical-operator-norm,[],1920.0,,,,4.856191204911691e-06,6.567380000000001e-05,empirical-operator-norm,Repository empirical operator-norm calibration study v1 (2026-08-10),reviewed calibration opnorm-v1-heisenberg-open-mpf-new-m6; fixed formal powers,"{""empirical_coefficient"":6.567380000000001e-05}",False,ideal-mpf,False,ordered individual Pauli terms,"[""the fixed formal-order powers in time and segments apply"",""the empirical estimate concerns the repeated ideal MPF operator"",""the reviewed affine size calibration extrapolates as flagged""]",,0.0,0.0,False,False,{},repeated-shared-ancilla-good-block,False,False,0.0451068510264545,new,"[1,2,3,4,6,16]","[-3.1123560535325236e-07,0.0007054673721340386,-0.031622325043377676,0.17337566137566138,-0.4544415584415584,1.311983065972746]",1.9721283894410828,0.02787161055891696,32.0,registered-exact,True,6.0,3.0,2.0,4.0,8.0,0.0,6.0,3.0,2.0,3.0,2.0,one robust OAA round per segment,20.0,branch register all-zero,,18.0,373320.0,1000.0,-1.0,31362880.0,653139.0,analytical-model,0.005011872336272722,opnorm-v1-heisenberg-open-mpf-new-m6,heisenberg_chain,affine-aN-plus-b,6.567380000000001e-05,4.0,8.0,4.0,12.0,True,True,asymptotic-domain,0.1.0,3.11.9,2.5.0,b58b31db18364511c43757e27fffc7abce8df2c1,True,ok,,
1.0,heisenberg_chain:N013,-1.3,commutator,,6.0,9773.0,2.0,a8fa234e-a646-4911-8402-a67c302db4ae,2026-08-12T00:11:58.358108+00:00,c1ad72de628f71283ac69037e9bbe97c3e773952f5abde5eac91397ca322d1a6,resource-grid,heisenberg_chain,Heisenberg-13,"{""coupling"":1.0,""field_z"":0.3}",13,13.0,proportional,1.0,0.05011872336272722,39.89999999999996,49,mpf-j-mizuta2026-theorem6-mizuta2026-commutator-ideal-rigorous,multiproduct,MPF J=Mizuta Theorem 6 (resolved per point) [Mizuta 2026 refined commutator],mizuta2026-commutator-ideal-rigorous,analytical,,6.0,12.0,mizuta2026-theorem6,6.300000000000004,0.0451068510264545,9773.0,9773.0,,6556.0,"[""error""]",126.06301990645538,12.0,,,4.416146253351909e-06,3.930814586133407e-18,4.179758724955076e-25,3.930814168157534e-18,3.930814586133407e-18,4.416146253355841e-06,0.04506227376897117,2.0579972043594542e-05,False,0.001983135103264317,"[1.0000000000000002,1.0000000000000002,1.0000000000000002,1.0000000000000002,1.0000000000000002,1.0000000000000002,1.0000000000000002,1.0000000000000002,1.0000000000000002,1.0000000000000002,1.0000000000000002,1.0000000000000002,1.0000000000000002,1.0000000000000002,1.0000000000000002,1.0000000000000002,1.0000000000000002,1.0000000000000002,1.0000000000000002,1.0000000000000002,1.0000000000000002,1.0000000000000002,1.0000000000000002,1.0000000000000002,1.0000000000000002,1.0000000000000002,1.0000000000000002,1.0000000000000002,1.0000000000000002,1.0000000000000002,1.0000000000000002,1.0000000000000002,1.0000000000000002,1.0000000000000002,1.0000000000000002,1.0000000000000002,1.0000000000000002,1.0000000000000002,1.0000000000000002,1.0000000000000002,1.0000000000000002,1.0000000000000002,1.0000000000000002,1.0000000000000002,1.0000000000000002,1.0000000000000002,1.0000000000000002,1.0000000000000002,1.0000000000000002]",6.300000000000007,7.0,True,exact commutator transition cap reached; locality bound used,not-used,commutator,mizuta2026-commutator-ideal-rigorous,[],938208.0,,,,0.04506227376897117,1.0817889771285125e+32,mizuta2026-commutator-ideal-rigorous,"Mizuta, Quantum 10, 1974 (2026), arXiv:2507.06557v4","Theorem 4, Eqs. (47)--(49), with direct Lemmas 9--10 BCH remainder","{""error_predicate_satisfied"":1.0,""extensiveness_g"":6.300000000000004,""joint_predicate_satisfied"":1.0,""legacy_first_condition_passed"":0.0,""legacy_first_time_limit"":2.0579972043594542e-05,""local_commutator_error"":4.416146253351909e-06,""local_step_error"":4.416146253355841e-06,""local_truncated_bch_error"":3.930814586133407e-18,""locality_k"":2.0,""mu_upper"":126.06301990645538,""refined_lemma10_remainder"":3.930814168157534e-18,""refined_lemma9_remainder"":4.179758724955076e-25,""refined_tail_fallback"":0.0,""repeated_global_error"":0.04506227376897117,""schedule_weighted_extensiveness"":6.300000000000007,""second_time_limit"":0.001983135103264317,""time_2_predicate_satisfied"":1.0,""total_branchwise_bch_remainder"":3.930814586133407e-18,""truncation_order_p0"":12.0}",True,ideal-mpf,True,ordered individual Pauli terms,"[""individual Pauli summands define the ordered H_gamma decomposition"",""the actual Strang factors define schedule-weighted g_alpha extensiveness"",""Lemma 9 and Lemma 10 positive majorants directly certify the BCH remainder"",""the scalar-flow/Cauchy refined tail certificate is used"",""Theorem 4 second time hypothesis is satisfied"",""the repeated ideal MPF is composed with the Eq. (15) telescoping argument""]","exact Pauli recurrence would require 466284 transitions at order 8, above cap 250000; remaining orders use Mizuta 2026 Eq. (8)",12.0,7.0,True,True,"{""2"":321.6000000000004,""3"":5070.720000000011,""4"":74820.86400000023,""5"":1370305.228800006,""6"":25164040.642560143,""7"":522290321.86675566,""8"":2663901875917312.5,""9"":5.3704261818492736e+17,""10"":1.2180126580434136e+20,""11"":3.0693918982694054e+22,""12"":8.508354342002837e+24}",repeated-shared-ancilla-good-block,True,False,0.0451068510264545,new,"[1,2,3,4,6,16]","[-3.1123560535325236e-07,0.0007054673721340386,-0.031622325043377676,0.17337566137566138,-0.4544415584415584,1.311983065972746]",1.9721283894410828,0.02787161055891696,32.0,registered-exact,True,6.0,3.0,2.0,4.0,8.0,0.0,6.0,3.0,2.0,3.0,2.0,one robust OAA round per segment,9773.0,branch register all-zero,,18.0,182422818.0,488650.0,-1.0,20250887398.0,319156263.0,analytical-model,0.005011872336272722,,,,,,,,,,,,0.1.0,3.11.9,2.5.0,b58b31db18364511c43757e27fffc7abce8df2c1,True,ok,,
1.0,heisenberg_chain:N013,-1.4,commutator,2838.0,,,2.0,a8fa234e-a646-4911-8402-a67c302db4ae,2026-08-12T00:11:58.358108+00:00,c1ad72de628f71283ac69037e9bbe97c3e773952f5abde5eac91397ca322d1a6,resource-grid,heisenberg_chain,Heisenberg-13,"{""coupling"":1.0,""field_z"":0.3}",13,13.0,proportional,1.0,0.039810717055349734,39.89999999999996,49,trotter-p2,trotter,Trotter p=2,analytical,analytical,2.0,,,,,,2838.0,,,,,,,,,,,,,,,,,,,,,,,,,,,,,,individual,49.0,0.03580996056240663,131.28000000000006,childs-commutator,"Childs, Su, Tran, Wiebe, and Zhu, arXiv:1912.08854",Propositions 9--10,"{""prefactor"":131.28000000000006}",True,implemented-product-formula,True,,"[""the resolved ordered Hamiltonian groups match the implemented formula""]",,,,,,,implemented-product-formula,True,True,0.03582964534981476,,,,,,,,,,,,,,,,,,,1.0,none,0.0,system register,1.0,13.0,275286.0,0.0,-1.0,22848738.0,404502.0,analytical-model,0.003981071705534973,,,,,,,,,,,,0.1.0,3.11.9,2.5.0,b58b31db18364511c43757e27fffc7abce8df2c1,True,ok,,
1.0,heisenberg_chain:N013,-1.4,empirical,885.0,,,2.0,a8fa234e-a646-4911-8402-a67c302db4ae,2026-08-12T00:11:58.358108+00:00,c1ad72de628f71283ac69037e9bbe97c3e773952f5abde5eac91397ca322d1a6,resource-grid,heisenberg_chain,Heisenberg-13,"{""coupling"":1.0,""field_z"":0.3}",13,13.0,proportional,1.0,0.039810717055349734,39.89999999999996,49,trotter-p2-empirical,trotter,Trotter p=2 [empirical],empirical-operator-norm,empirical,2.0,,,,,,885.0,,,,,,,,,,,,,,,,,,,,,,,,,,,,,,individual,49.0,0.035759333827511536,12.748112989099997,empirical-operator-norm,Repository empirical operator-norm calibration study v1 (2026-08-10),reviewed calibration opnorm-v1-heisenberg-open-trotter-p2; artifact docs/calibration_data/empirical_1d_v1_accepted.json,"{""prefactor"":12.748112989099997}",False,implemented-product-formula,False,,"[""the resolved ordered Hamiltonian groups match the implemented formula"",""the fixed formal-order powers in time and segments apply"",""the reviewed affine size calibration extrapolates as flagged""]",,,,,,,implemented-product-formula,False,False,0.03582964534981476,,,,,,,,,,,,,,,,,,,1.0,none,0.0,system register,1.0,13.0,85845.0,0.0,-1.0,6695910.0,126140.0,analytical-model,0.003981071705534973,opnorm-v1-heisenberg-open-trotter-p2,heisenberg_chain,affine-aN-plus-b,12.748112989099997,4.0,12.0,4.0,12.0,True,True,formula,0.1.0,3.11.9,2.5.0,b58b31db18364511c43757e27fffc7abce8df2c1,True,ok,,
1.0,heisenberg_chain:N013,-1.4,commutator,519.0,,,2.0,a8fa234e-a646-4911-8402-a67c302db4ae,2026-08-12T00:11:58.358108+00:00,c1ad72de628f71283ac69037e9bbe97c3e773952f5abde5eac91397ca322d1a6,resource-grid,heisenberg_chain,Heisenberg-13,"{""coupling"":1.0,""field_z"":0.3}",13,13.0,proportional,1.0,0.039810717055349734,39.89999999999996,49,trotter-p4,trotter,Trotter p=4,analytical,analytical,4.0,,,,,,519.0,,,,,,,,,,,,,,,,,,,,,,,,,,,,,,commuting,3.0,0.0357755152557141,6990.98817037107,schubert-mendl-commutator,"Schubert and Mendl, arXiv:2306.10603",Theorem 1,"{""prefactor"":6990.98817037107}",True,implemented-product-formula,True,,"[""the resolved ordered Hamiltonian groups match the implemented formula""]",,,,,,,implemented-product-formula,True,True,0.03582964534981476,,,,,,,,,,,,,,,,,,,1.0,none,0.0,system register,1.0,13.0,225765.0,0.0,-1.0,18512730.0,331737.0,analytical-model,0.003981071705534973,,,,,,,,,,,,0.1.0,3.11.9,2.5.0,b58b31db18364511c43757e27fffc7abce8df2c1,True,ok,,
1.0,heisenberg_chain:N013,-1.4,empirical,104.0,,,2.0,a8fa234e-a646-4911-8402-a67c302db4ae,2026-08-12T00:11:58.358108+00:00,c1ad72de628f71283ac69037e9bbe97c3e773952f5abde5eac91397ca322d1a6,resource-grid,heisenberg_chain,Heisenberg-13,"{""coupling"":1.0,""field_z"":0.3}",13,13.0,proportional,1.0,0.039810717055349734,39.89999999999996,49,trotter-p4-empirical,trotter,Trotter p=4 [empirical],empirical-operator-norm,empirical,4.0,,,,,,104.0,,,,,,,,,,,,,,,,,,,,,,,,,,,,,,commuting,3.0,0.009191570295336921,2.8960516869,empirical-operator-norm,Repository empirical operator-norm calibration study v1 (2026-08-10),reviewed calibration opnorm-v1-heisenberg-open-trotter-p4; artifact docs/calibration_data/empirical_1d_v1_accepted.json,"{""prefactor"":2.8960516869}",False,implemented-product-formula,False,,"[""the resolved ordered Hamiltonian groups match the implemented formula"",""the fixed formal-order powers in time and segments apply"",""the reviewed affine size calibration extrapolates as flagged""]",,,,,,,implemented-product-formula,False,False,0.03582964534981476,,,,,,,,,,,,,,,,,,,1.0,none,0.0,system register,1.0,13.0,45240.0,0.0,-1.0,3393000.0,66476.0,analytical-model,0.003981071705534973,opnorm-v1-heisenberg-open-trotter-p4,heisenberg_chain,affine-aN-plus-b,2.8960516869,4.0,12.0,4.0,12.0,True,True,asymptotic-domain,0.1.0,3.11.9,2.5.0,b58b31db18364511c43757e27fffc7abce8df2c1,True,ok,,
1.0,heisenberg_chain:N013,-1.4,commutator,403.0,,,2.0,a8fa234e-a646-4911-8402-a67c302db4ae,2026-08-12T00:11:58.358108+00:00,c1ad72de628f71283ac69037e9bbe97c3e773952f5abde5eac91397ca322d1a6,resource-grid,heisenberg_chain,Heisenberg-13,"{""coupling"":1.0,""field_z"":0.3}",13,13.0,proportional,1.0,0.039810717055349734,39.89999999999996,49,trotter-p6,trotter,Trotter p=6,analytical,analytical,6.0,,,,,,403.0,,,,,,,,,,,,,,,,,,,,,,,,,,,,,,commuting,3.0,0.03559383425180536,2429973.763029318,schubert-mendl-commutator,"Schubert and Mendl, arXiv:2306.10603",Theorem 1,"{""prefactor"":2429973.763029318}",True,implemented-product-formula,True,,"[""the resolved ordered Hamiltonian groups match the implemented formula""]",,,,,,,implemented-product-formula,True,True,0.03582964534981476,,,,,,,,,,,,,,,,,,,1.0,none,0.0,system register,1.0,13.0,876525.0,0.0,-1.0,77134200.0,1287956.0,analytical-model,0.003981071705534973,,,,,,,,,,,,0.1.0,3.11.9,2.5.0,b58b31db18364511c43757e27fffc7abce8df2c1,True,ok,,
1.0,heisenberg_chain:N013,-1.4,empirical,78.0,,,2.0,a8fa234e-a646-4911-8402-a67c302db4ae,2026-08-12T00:11:58.358108+00:00,c1ad72de628f71283ac69037e9bbe97c3e773952f5abde5eac91397ca322d1a6,resource-grid,heisenberg_chain,Heisenberg-13,"{""coupling"":1.0,""field_z"":0.3}",13,13.0,proportional,1.0,0.039810717055349734,39.89999999999996,49,trotter-p6-empirical,trotter,Trotter p=6 [empirical],empirical-operator-norm,empirical,6.0,,,,,,78.0,,,,,,,,,,,,,,,,,,,,,,,,,,,,,,commuting,3.0,1.1732955902777759e-05,0.0421086762,empirical-operator-norm,Repository empirical operator-norm calibration study v1 (2026-08-10),reviewed calibration opnorm-v1-heisenberg-open-trotter-p6; artifact docs/calibration_data/empirical_1d_v1_accepted.json,"{""prefactor"":0.0421086762}",False,implemented-product-formula,False,,"[""the resolved ordered Hamiltonian groups match the implemented formula"",""the fixed formal-order powers in time and segments apply"",""the reviewed affine size calibration extrapolates as flagged""]",,,,,,,implemented-product-formula,False,False,0.03582964534981476,,,,,,,,,,,,,,,,,,,1.0,none,0.0,system register,1.0,13.0,169650.0,0.0,-1.0,13741650.0,249282.0,analytical-model,0.003981071705534973,opnorm-v1-heisenberg-open-trotter-p6,heisenberg_chain,affine-aN-plus-b,0.0421086762,4.0,12.0,4.0,12.0,True,True,asymptotic-domain,0.1.0,3.11.9,2.5.0,b58b31db18364511c43757e27fffc7abce8df2c1,True,ok,,
1.0,heisenberg_chain:N013,-1.4,jacobi-anger,,,,2.0,a8fa234e-a646-4911-8402-a67c302db4ae,2026-08-12T00:11:58.358108+00:00,c1ad72de628f71283ac69037e9bbe97c3e773952f5abde5eac91397ca322d1a6,resource-grid,heisenberg_chain,Heisenberg-13,"{""coupling"":1.0,""field_z"":0.3}",13,13.0,proportional,1.0,0.039810717055349734,39.89999999999996,49,qsvt,qsvt,QSVT,jacobi-anger-rigorous,analytical,,,,,,,,,,,,,,,,,,,,,,,,,,,,,,,,,,,4239.0,707.0,,,0.009331880801898222,,jacobi-anger-polynomial-oaa,"Martyn et al., arXiv:2105.02859, Eqs. (76)--(77)",Jacobi--Anger tails plus exact cubic OAA identity,"{""oaa-unitarity-defect-distortion"":0.004682180318189606,""scaled-polynomial-error"":0.004649700483708616}",True,ideal-qsvt-oaa-good-block,True,,"[""the cosine and sine polynomials are implemented exactly"",""the unamplified good block is exactly Q/2""]",,,,,,,implemented-qsvt-floating-phase-circuit,False,False,0.03582964534981476,,,,,,,,,,,,,,,,,,,2.0,one robust OAA round,1.0,"component, quadrature, and index registers all-zero",,27.0,542604.0,1305710.0,-1.0,51886784.0,8720211.0,analytical-model,0.003981071705534973,,,,,,,,,,,,0.1.0,3.11.9,2.5.0,b58b31db18364511c43757e27fffc7abce8df2c1,True,ok,,
1.0,heisenberg_chain:N013,-1.4,empirical,,6.0,20.0,2.0,a8fa234e-a646-4911-8402-a67c302db4ae,2026-08-12T00:11:58.358108+00:00,c1ad72de628f71283ac69037e9bbe97c3e773952f5abde5eac91397ca322d1a6,resource-grid,heisenberg_chain,Heisenberg-13,"{""coupling"":1.0,""field_z"":0.3}",13,13.0,proportional,1.0,0.039810717055349734,39.89999999999996,49,mpf-j-mizuta2026-theorem6-empirical-operator-norm,multiproduct,MPF J=Mizuta Theorem 6 (resolved per point) [empirical operator norm],empirical-operator-norm,empirical,,6.0,12.0,mizuta2026-theorem6,6.300000000000004,0.03582964534981476,20.0,,,,[],,,,,,,,,,,,,,,[],,,,,,,empirical-operator-norm,[],1920.0,,,,4.856191204911691e-06,6.567380000000001e-05,empirical-operator-norm,Repository empirical operator-norm calibration study v1 (2026-08-10),reviewed calibration opnorm-v1-heisenberg-open-mpf-new-m6; fixed formal powers,"{""empirical_coefficient"":6.567380000000001e-05}",False,ideal-mpf,False,ordered individual Pauli terms,"[""the fixed formal-order powers in time and segments apply"",""the empirical estimate concerns the repeated ideal MPF operator"",""the reviewed affine size calibration extrapolates as flagged""]",,0.0,0.0,False,False,{},repeated-shared-ancilla-good-block,False,False,0.03582964534981476,new,"[1,2,3,4,6,16]","[-3.1123560535325236e-07,0.0007054673721340386,-0.031622325043377676,0.17337566137566138,-0.4544415584415584,1.311983065972746]",1.9721283894410828,0.02787161055891696,32.0,registered-exact,True,6.0,3.0,2.0,4.0,8.0,0.0,6.0,3.0,2.0,3.0,2.0,one robust OAA round per segment,20.0,branch register all-zero,,18.0,373320.0,1000.0,-1.0,31736200.0,653139.0,analytical-model,0.003981071705534973,opnorm-v1-heisenberg-open-mpf-new-m6,heisenberg_chain,affine-aN-plus-b,6.567380000000001e-05,4.0,8.0,4.0,12.0,True,True,asymptotic-domain,0.1.0,3.11.9,2.5.0,b58b31db18364511c43757e27fffc7abce8df2c1,True,ok,,
1.0,heisenberg_chain:N013,-1.4,commutator,,6.0,9955.0,2.0,a8fa234e-a646-4911-8402-a67c302db4ae,2026-08-12T00:11:58.358108+00:00,c1ad72de628f71283ac69037e9bbe97c3e773952f5abde5eac91397ca322d1a6,resource-grid,heisenberg_chain,Heisenberg-13,"{""coupling"":1.0,""field_z"":0.3}",13,13.0,proportional,1.0,0.039810717055349734,39.89999999999996,49,mpf-j-mizuta2026-theorem6-mizuta2026-commutator-ideal-rigorous,multiproduct,MPF J=Mizuta Theorem 6 (resolved per point) [Mizuta 2026 refined commutator],mizuta2026-commutator-ideal-rigorous,analytical,,6.0,12.0,mizuta2026-theorem6,6.300000000000004,0.03582964534981476,9955.0,9955.0,,6556.0,"[""error""]",126.06301990645538,12.0,,,3.4743190303310854e-06,3.0854275805575526e-18,3.286620093822712e-25,3.085427251895543e-18,3.0854275805575526e-18,3.474319030334171e-06,0.03580389714880946,2.0579972043594542e-05,False,0.001983135103264317,"[1.0000000000000002,1.0000000000000002,1.0000000000000002,1.0000000000000002,1.0000000000000002,1.0000000000000002,1.0000000000000002,1.0000000000000002,1.0000000000000002,1.0000000000000002,1.0000000000000002,1.0000000000000002,1.0000000000000002,1.0000000000000002,1.0000000000000002,1.0000000000000002,1.0000000000000002,1.0000000000000002,1.0000000000000002,1.0000000000000002,1.0000000000000002,1.0000000000000002,1.0000000000000002,1.0000000000000002,1.0000000000000002,1.0000000000000002,1.0000000000000002,1.0000000000000002,1.0000000000000002,1.0000000000000002,1.0000000000000002,1.0000000000000002,1.0000000000000002,1.0000000000000002,1.0000000000000002,1.0000000000000002,1.0000000000000002,1.0000000000000002,1.0000000000000002,1.0000000000000002,1.0000000000000002,1.0000000000000002,1.0000000000000002,1.0000000000000002,1.0000000000000002,1.0000000000000002,1.0000000000000002,1.0000000000000002,1.0000000000000002]",6.300000000000007,7.0,True,exact commutator transition cap reached; locality bound used,not-used,commutator,mizuta2026-commutator-ideal-rigorous,[],955680.0,,,,0.03580389714880946,1.0817889771285125e+32,mizuta2026-commutator-ideal-rigorous,"Mizuta, Quantum 10, 1974 (2026), arXiv:2507.06557v4","Theorem 4, Eqs. (47)--(49), with direct Lemmas 9--10 BCH remainder","{""error_predicate_satisfied"":1.0,""extensiveness_g"":6.300000000000004,""joint_predicate_satisfied"":1.0,""legacy_first_condition_passed"":0.0,""legacy_first_time_limit"":2.0579972043594542e-05,""local_commutator_error"":3.4743190303310854e-06,""local_step_error"":3.474319030334171e-06,""local_truncated_bch_error"":3.0854275805575526e-18,""locality_k"":2.0,""mu_upper"":126.06301990645538,""refined_lemma10_remainder"":3.085427251895543e-18,""refined_lemma9_remainder"":3.286620093822712e-25,""refined_tail_fallback"":0.0,""repeated_global_error"":0.03580389714880946,""schedule_weighted_extensiveness"":6.300000000000007,""second_time_limit"":0.001983135103264317,""time_2_predicate_satisfied"":1.0,""total_branchwise_bch_remainder"":3.0854275805575526e-18,""truncation_order_p0"":12.0}",True,ideal-mpf,True,ordered individual Pauli terms,"[""individual Pauli summands define the ordered H_gamma decomposition"",""the actual Strang factors define schedule-weighted g_alpha extensiveness"",""Lemma 9 and Lemma 10 positive majorants directly certify the BCH remainder"",""the scalar-flow/Cauchy refined tail certificate is used"",""Theorem 4 second time hypothesis is satisfied"",""the repeated ideal MPF is composed with the Eq. (15) telescoping argument""]","exact Pauli recurrence would require 466284 transitions at order 8, above cap 250000; remaining orders use Mizuta 2026 Eq. (8)",12.0,7.0,True,True,"{""2"":321.6000000000004,""3"":5070.720000000011,""4"":74820.86400000023,""5"":1370305.228800006,""6"":25164040.642560143,""7"":522290321.86675566,""8"":2663901875917312.5,""9"":5.3704261818492736e+17,""10"":1.2180126580434136e+20,""11"":3.0693918982694054e+22,""12"":8.508354342002837e+24}",repeated-shared-ancilla-good-block,True,False,0.03582964534981476,new,"[1,2,3,4,6,16]","[-3.1123560535325236e-07,0.0007054673721340386,-0.031622325043377676,0.17337566137566138,-0.4544415584415584,1.311983065972746]",1.9721283894410828,0.02787161055891696,32.0,registered-exact,True,6.0,3.0,2.0,4.0,8.0,0.0,6.0,3.0,2.0,3.0,2.0,one robust OAA round per segment,9955.0,branch register all-zero,,18.0,185820030.0,497750.0,-1.0,20813834360.0,325099826.0,analytical-model,0.003981071705534973,,,,,,,,,,,,0.1.0,3.11.9,2.5.0,b58b31db18364511c43757e27fffc7abce8df2c1,True,ok,,
1.0,heisenberg_chain:N013,-1.5,commutator,3184.0,,,2.0,a8fa234e-a646-4911-8402-a67c302db4ae,2026-08-12T00:11:58.358108+00:00,c1ad72de628f71283ac69037e9bbe97c3e773952f5abde5eac91397ca322d1a6,resource-grid,heisenberg_chain,Heisenberg-13,"{""coupling"":1.0,""field_z"":0.3}",13,13.0,proportional,1.0,0.03162277660168379,39.89999999999996,49,trotter-p2,trotter,Trotter p=2,analytical,analytical,2.0,,,,,,3184.0,,,,,,,,,,,,,,,,,,,,,,,,,,,,,,individual,49.0,0.02845001546678116,131.28000000000006,childs-commutator,"Childs, Su, Tran, Wiebe, and Zhu, arXiv:1912.08854",Propositions 9--10,"{""prefactor"":131.28000000000006}",True,implemented-product-formula,True,,"[""the resolved ordered Hamiltonian groups match the implemented formula""]",,,,,,,implemented-product-formula,True,True,0.02846049894151541,,,,,,,,,,,,,,,,,,,1.0,none,0.0,system register,1.0,13.0,308848.0,0.0,-1.0,26252080.0,453818.0,analytical-model,0.0031622776601683794,,,,,,,,,,,,0.1.0,3.11.9,2.5.0,b58b31db18364511c43757e27fffc7abce8df2c1,True,ok,,
1.0,heisenberg_chain:N013,-1.5,empirical,993.0,,,2.0,a8fa234e-a646-4911-8402-a67c302db4ae,2026-08-12T00:11:58.358108+00:00,c1ad72de628f71283ac69037e9bbe97c3e773952f5abde5eac91397ca322d1a6,resource-grid,heisenberg_chain,Heisenberg-13,"{""coupling"":1.0,""field_z"":0.3}",13,13.0,proportional,1.0,0.03162277660168379,39.89999999999996,49,trotter-p2-empirical,trotter,Trotter p=2 [empirical],empirical-operator-norm,empirical,2.0,,,,,,993.0,,,,,,,,,,,,,,,,,,,,,,,,,,,,,,individual,49.0,0.02840386657970618,12.748112989099997,empirical-operator-norm,Repository empirical operator-norm calibration study v1 (2026-08-10),reviewed calibration opnorm-v1-heisenberg-open-trotter-p2; artifact docs/calibration_data/empirical_1d_v1_accepted.json,"{""prefactor"":12.748112989099997}",False,implemented-product-formula,False,,"[""the resolved ordered Hamiltonian groups match the implemented formula"",""the fixed formal-order powers in time and segments apply"",""the reviewed affine size calibration extrapolates as flagged""]",,,,,,,implemented-product-formula,False,False,0.02846049894151541,,,,,,,,,,,,,,,,,,,1.0,none,0.0,system register,1.0,13.0,96321.0,0.0,-1.0,7705680.0,141533.0,analytical-model,0.0031622776601683794,opnorm-v1-heisenberg-open-trotter-p2,heisenberg_chain,affine-aN-plus-b,12.748112989099997,4.0,12.0,4.0,12.0,True,True,formula,0.1.0,3.11.9,2.5.0,b58b31db18364511c43757e27fffc7abce8df2c1,True,ok,,
1.0,heisenberg_chain:N013,-1.5,commutator,550.0,,,2.0,a8fa234e-a646-4911-8402-a67c302db4ae,2026-08-12T00:11:58.358108+00:00,c1ad72de628f71283ac69037e9bbe97c3e773952f5abde5eac91397ca322d1a6,resource-grid,heisenberg_chain,Heisenberg-13,"{""coupling"":1.0,""field_z"":0.3}",13,13.0,proportional,1.0,0.03162277660168379,39.89999999999996,49,trotter-p4,trotter,Trotter p=4,analytical,analytical,4.0,,,,,,550.0,,,,,,,,,,,,,,,,,,,,,,,,,,,,,,commuting,3.0,0.028366422738792006,6990.98817037107,schubert-mendl-commutator,"Schubert and Mendl, arXiv:2306.10603",Theorem 1,"{""prefactor"":6990.98817037107}",True,implemented-product-formula,True,,"[""the resolved ordered Hamiltonian groups match the implemented formula""]",,,,,,,implemented-product-formula,True,True,0.02846049894151541,,,,,,,,,,,,,,,,,,,1.0,none,0.0,system register,1.0,13.0,239250.0,0.0,-1.0,20097000.0,351552.0,analytical-model,0.0031622776601683794,,,,,,,,,,,,0.1.0,3.11.9,2.5.0,b58b31db18364511c43757e27fffc7abce8df2c1,True,ok,,
1.0,heisenberg_chain:N013,-1.5,empirical,104.0,,,2.0,a8fa234e-a646-4911-8402-a67c302db4ae,2026-08-12T00:11:58.358108+00:00,c1ad72de628f71283ac69037e9bbe97c3e773952f5abde5eac91397ca322d1a6,resource-grid,heisenberg_chain,Heisenberg-13,"{""coupling"":1.0,""field_z"":0.3}",13,13.0,proportional,1.0,0.03162277660168379,39.89999999999996,49,trotter-p4-empirical,trotter,Trotter p=4 [empirical],empirical-operator-norm,empirical,4.0,,,,,,104.0,,,,,,,,,,,,,,,,,,,,,,,,,,,,,,commuting,3.0,0.009191570295336921,2.8960516869,empirical-operator-norm,Repository empirical operator-norm calibration study v1 (2026-08-10),reviewed calibration opnorm-v1-heisenberg-open-trotter-p4; artifact docs/calibration_data/empirical_1d_v1_accepted.json,"{""prefactor"":2.8960516869}",False,implemented-product-formula,False,,"[""the resolved ordered Hamiltonian groups match the implemented formula"",""the fixed formal-order powers in time and segments apply"",""the reviewed affine size calibration extrapolates as flagged""]",,,,,,,implemented-product-formula,False,False,0.02846049894151541,,,,,,,,,,,,,,,,,,,1.0,none,0.0,system register,1.0,13.0,45240.0,0.0,-1.0,3438240.0,66476.0,analytical-model,0.0031622776601683794,opnorm-v1-heisenberg-open-trotter-p4,heisenberg_chain,affine-aN-plus-b,2.8960516869,4.0,12.0,4.0,12.0,True,True,asymptotic-domain,0.1.0,3.11.9,2.5.0,b58b31db18364511c43757e27fffc7abce8df2c1,True,ok,,
1.0,heisenberg_chain:N013,-1.5,commutator,419.0,,,2.0,a8fa234e-a646-4911-8402-a67c302db4ae,2026-08-12T00:11:58.358108+00:00,c1ad72de628f71283ac69037e9bbe97c3e773952f5abde5eac91397ca322d1a6,resource-grid,heisenberg_chain,Heisenberg-13,"{""coupling"":1.0,""field_z"":0.3}",13,13.0,proportional,1.0,0.03162277660168379,39.89999999999996,49,trotter-p6,trotter,Trotter p=6,analytical,analytical,6.0,,,,,,419.0,,,,,,,,,,,,,,,,,,,,,,,,,,,,,,commuting,3.0,0.02817869736341299,2429973.763029318,schubert-mendl-commutator,"Schubert and Mendl, arXiv:2306.10603",Theorem 1,"{""prefactor"":2429973.763029318}",True,implemented-product-formula,True,,"[""the resolved ordered Hamiltonian groups match the implemented formula""]",,,,,,,implemented-product-formula,True,True,0.02846049894151541,,,,,,,,,,,,,,,,,,,1.0,none,0.0,system register,1.0,13.0,911325.0,0.0,-1.0,82019250.0,1339090.0,analytical-model,0.0031622776601683794,,,,,,,,,,,,0.1.0,3.11.9,2.5.0,b58b31db18364511c43757e27fffc7abce8df2c1,True,ok,,
1.0,heisenberg_chain:N013,-1.5,empirical,78.0,,,2.0,a8fa234e-a646-4911-8402-a67c302db4ae,2026-08-12T00:11:58.358108+00:00,c1ad72de628f71283ac69037e9bbe97c3e773952f5abde5eac91397ca322d1a6,resource-grid,heisenberg_chain,Heisenberg-13,"{""coupling"":1.0,""field_z"":0.3}",13,13.0,proportional,1.0,0.03162277660168379,39.89999999999996,49,trotter-p6-empirical,trotter,Trotter p=6 [empirical],empirical-operator-norm,empirical,6.0,,,,,,78.0,,,,,,,,,,,,,,,,,,,,,,,,,,,,,,commuting,3.0,1.1732955902777759e-05,0.0421086762,empirical-operator-norm,Repository empirical operator-norm calibration study v1 (2026-08-10),reviewed calibration opnorm-v1-heisenberg-open-trotter-p6; artifact docs/calibration_data/empirical_1d_v1_accepted.json,"{""prefactor"":0.0421086762}",False,implemented-product-formula,False,,"[""the resolved ordered Hamiltonian groups match the implemented formula"",""the fixed formal-order powers in time and segments apply"",""the reviewed affine size calibration extrapolates as flagged""]",,,,,,,implemented-product-formula,False,False,0.02846049894151541,,,,,,,,,,,,,,,,,,,1.0,none,0.0,system register,1.0,13.0,169650.0,0.0,-1.0,13911300.0,249282.0,analytical-model,0.0031622776601683794,opnorm-v1-heisenberg-open-trotter-p6,heisenberg_chain,affine-aN-plus-b,0.0421086762,4.0,12.0,4.0,12.0,True,True,asymptotic-domain,0.1.0,3.11.9,2.5.0,b58b31db18364511c43757e27fffc7abce8df2c1,True,ok,,
1.0,heisenberg_chain:N013,-1.5,jacobi-anger,,,,2.0,a8fa234e-a646-4911-8402-a67c302db4ae,2026-08-12T00:11:58.358108+00:00,c1ad72de628f71283ac69037e9bbe97c3e773952f5abde5eac91397ca322d1a6,resource-grid,heisenberg_chain,Heisenberg-13,"{""coupling"":1.0,""field_z"":0.3}",13,13.0,proportional,1.0,0.03162277660168379,39.89999999999996,49,qsvt,qsvt,QSVT,jacobi-anger-rigorous,analytical,,,,,,,,,,,,,,,,,,,,,,,,,,,,,,,,,,,4251.0,709.0,,,0.0038782906280944223,,jacobi-anger-polynomial-oaa,"Martyn et al., arXiv:2105.02859, Eqs. (76)--(77)",Jacobi--Anger tails plus exact cubic OAA identity,"{""oaa-unitarity-defect-distortion"":0.0019419591637125713,""scaled-polynomial-error"":0.001936331464381851}",True,ideal-qsvt-oaa-good-block,True,,"[""the cosine and sine polynomials are implemented exactly"",""the unamplified good block is exactly Q/2""]",,,,,,,implemented-qsvt-floating-phase-circuit,False,False,0.02846049894151541,,,,,,,,,,,,,,,,,,,2.0,one robust OAA round,1.0,"component, quadrature, and index registers all-zero",,27.0,544140.0,1309406.0,-1.0,52577804.0,8744895.0,analytical-model,0.0031622776601683794,,,,,,,,,,,,0.1.0,3.11.9,2.5.0,b58b31db18364511c43757e27fffc7abce8df2c1,True,ok,,
1.0,heisenberg_chain:N013,-1.5,empirical,,6.0,20.0,2.0,a8fa234e-a646-4911-8402-a67c302db4ae,2026-08-12T00:11:58.358108+00:00,c1ad72de628f71283ac69037e9bbe97c3e773952f5abde5eac91397ca322d1a6,resource-grid,heisenberg_chain,Heisenberg-13,"{""coupling"":1.0,""field_z"":0.3}",13,13.0,proportional,1.0,0.03162277660168379,39.89999999999996,49,mpf-j-mizuta2026-theorem6-empirical-operator-norm,multiproduct,MPF J=Mizuta Theorem 6 (resolved per point) [empirical operator norm],empirical-operator-norm,empirical,,6.0,12.0,mizuta2026-theorem6,6.300000000000004,0.02846049894151541,20.0,,,,[],,,,,,,,,,,,,,,[],,,,,,,empirical-operator-norm,[],1920.0,,,,4.856191204911691e-06,6.567380000000001e-05,empirical-operator-norm,Repository empirical operator-norm calibration study v1 (2026-08-10),reviewed calibration opnorm-v1-heisenberg-open-mpf-new-m6; fixed formal powers,"{""empirical_coefficient"":6.567380000000001e-05}",False,ideal-mpf,False,ordered individual Pauli terms,"[""the fixed formal-order powers in time and segments apply"",""the empirical estimate concerns the repeated ideal MPF operator"",""the reviewed affine size calibration extrapolates as flagged""]",,0.0,0.0,False,False,{},repeated-shared-ancilla-good-block,False,False,0.02846049894151541,new,"[1,2,3,4,6,16]","[-3.1123560535325236e-07,0.0007054673721340386,-0.031622325043377676,0.17337566137566138,-0.4544415584415584,1.311983065972746]",1.9721283894410828,0.02787161055891696,32.0,registered-exact,True,6.0,3.0,2.0,4.0,8.0,0.0,6.0,3.0,2.0,3.0,2.0,one robust OAA round per segment,20.0,branch register all-zero,,18.0,373320.0,1000.0,-1.0,32109520.0,653139.0,analytical-model,0.0031622776601683794,opnorm-v1-heisenberg-open-mpf-new-m6,heisenberg_chain,affine-aN-plus-b,6.567380000000001e-05,4.0,8.0,4.0,12.0,True,True,asymptotic-domain,0.1.0,3.11.9,2.5.0,b58b31db18364511c43757e27fffc7abce8df2c1,True,ok,,
1.0,heisenberg_chain:N013,-1.5,commutator,,6.0,10142.0,2.0,a8fa234e-a646-4911-8402-a67c302db4ae,2026-08-12T00:11:58.358108+00:00,c1ad72de628f71283ac69037e9bbe97c3e773952f5abde5eac91397ca322d1a6,resource-grid,heisenberg_chain,Heisenberg-13,"{""coupling"":1.0,""field_z"":0.3}",13,13.0,proportional,1.0,0.03162277660168379,39.89999999999996,49,mpf-j-mizuta2026-theorem6-mizuta2026-commutator-ideal-rigorous,multiproduct,MPF J=Mizuta Theorem 6 (resolved per point) [Mizuta 2026 refined commutator],mizuta2026-commutator-ideal-rigorous,analytical,,6.0,12.0,mizuta2026-theorem6,6.300000000000004,0.02846049894151541,10142.0,10142.0,,6556.0,"[""error""]",126.06301990645538,12.0,,,2.727716627899201e-06,2.416926518492649e-18,2.5790129164793995e-25,2.416926260591357e-18,2.416926518492649e-18,2.7277166279016183e-06,0.028440432525003882,2.0579972043594542e-05,False,0.001983135103264317,"[1.0000000000000002,1.0000000000000002,1.0000000000000002,1.0000000000000002,1.0000000000000002,1.0000000000000002,1.0000000000000002,1.0000000000000002,1.0000000000000002,1.0000000000000002,1.0000000000000002,1.0000000000000002,1.0000000000000002,1.0000000000000002,1.0000000000000002,1.0000000000000002,1.0000000000000002,1.0000000000000002,1.0000000000000002,1.0000000000000002,1.0000000000000002,1.0000000000000002,1.0000000000000002,1.0000000000000002,1.0000000000000002,1.0000000000000002,1.0000000000000002,1.0000000000000002,1.0000000000000002,1.0000000000000002,1.0000000000000002,1.0000000000000002,1.0000000000000002,1.0000000000000002,1.0000000000000002,1.0000000000000002,1.0000000000000002,1.0000000000000002,1.0000000000000002,1.0000000000000002,1.0000000000000002,1.0000000000000002,1.0000000000000002,1.0000000000000002,1.0000000000000002,1.0000000000000002,1.0000000000000002,1.0000000000000002,1.0000000000000002]",6.300000000000007,7.0,True,exact commutator transition cap reached; locality bound used,not-used,commutator,mizuta2026-commutator-ideal-rigorous,[],973632.0,,,,0.028440432525003882,1.0817889771285125e+32,mizuta2026-commutator-ideal-rigorous,"Mizuta, Quantum 10, 1974 (2026), arXiv:2507.06557v4","Theorem 4, Eqs. (47)--(49), with direct Lemmas 9--10 BCH remainder","{""error_predicate_satisfied"":1.0,""extensiveness_g"":6.300000000000004,""joint_predicate_satisfied"":1.0,""legacy_first_condition_passed"":0.0,""legacy_first_time_limit"":2.0579972043594542e-05,""local_commutator_error"":2.727716627899201e-06,""local_step_error"":2.7277166279016183e-06,""local_truncated_bch_error"":2.416926518492649e-18,""locality_k"":2.0,""mu_upper"":126.06301990645538,""refined_lemma10_remainder"":2.416926260591357e-18,""refined_lemma9_remainder"":2.5790129164793995e-25,""refined_tail_fallback"":0.0,""repeated_global_error"":0.028440432525003882,""schedule_weighted_extensiveness"":6.300000000000007,""second_time_limit"":0.001983135103264317,""time_2_predicate_satisfied"":1.0,""total_branchwise_bch_remainder"":2.416926518492649e-18,""truncation_order_p0"":12.0}",True,ideal-mpf,True,ordered individual Pauli terms,"[""individual Pauli summands define the ordered H_gamma decomposition"",""the actual Strang factors define schedule-weighted g_alpha extensiveness"",""Lemma 9 and Lemma 10 positive majorants directly certify the BCH remainder"",""the scalar-flow/Cauchy refined tail certificate is used"",""Theorem 4 second time hypothesis is satisfied"",""the repeated ideal MPF is composed with the Eq. (15) telescoping argument""]","exact Pauli recurrence would require 466284 transitions at order 8, above cap 250000; remaining orders use Mizuta 2026 Eq. (8)",12.0,7.0,True,True,"{""2"":321.6000000000004,""3"":5070.720000000011,""4"":74820.86400000023,""5"":1370305.228800006,""6"":25164040.642560143,""7"":522290321.86675566,""8"":2663901875917312.5,""9"":5.3704261818492736e+17,""10"":1.2180126580434136e+20,""11"":3.0693918982694054e+22,""12"":8.508354342002837e+24}",repeated-shared-ancilla-good-block,True,False,0.02846049894151541,new,"[1,2,3,4,6,16]","[-3.1123560535325236e-07,0.0007054673721340386,-0.031622325043377676,0.17337566137566138,-0.4544415584415584,1.311983065972746]",1.9721283894410828,0.02787161055891696,32.0,registered-exact,True,6.0,3.0,2.0,4.0,8.0,0.0,6.0,3.0,2.0,3.0,2.0,one robust OAA round per segment,10142.0,branch register all-zero,,18.0,189310572.0,507100.0,-1.0,21394123036.0,331206674.0,analytical-model,0.0031622776601683794,,,,,,,,,,,,0.1.0,3.11.9,2.5.0,b58b31db18364511c43757e27fffc7abce8df2c1,True,ok,,
1.0,heisenberg_chain:N013,-1.6,commutator,3572.0,,,2.0,a8fa234e-a646-4911-8402-a67c302db4ae,2026-08-12T00:11:58.358108+00:00,c1ad72de628f71283ac69037e9bbe97c3e773952f5abde5eac91397ca322d1a6,resource-grid,heisenberg_chain,Heisenberg-13,"{""coupling"":1.0,""field_z"":0.3}",13,13.0,proportional,1.0,0.025118864315095794,39.89999999999996,49,trotter-p2,trotter,Trotter p=2,analytical,analytical,2.0,,,,,,3572.0,,,,,,,,,,,,,,,,,,,,,,,,,,,,,,individual,49.0,0.022605063145103965,131.28000000000006,childs-commutator,"Childs, Su, Tran, Wiebe, and Zhu, arXiv:1912.08854",Propositions 9--10,"{""prefactor"":131.28000000000006}",True,implemented-product-formula,True,,"[""the resolved ordered Hamiltonian groups match the implemented formula""]",,,,,,,implemented-product-formula,True,True,0.022606977883586215,,,,,,,,,,,,,,,,,,,1.0,none,0.0,system register,1.0,13.0,346484.0,0.0,-1.0,29797624.0,509120.0,analytical-model,0.0025118864315095794,,,,,,,,,,,,0.1.0,3.11.9,2.5.0,b58b31db18364511c43757e27fffc7abce8df2c1,True,ok,,
1.0,heisenberg_chain:N013,-1.6,empirical,1114.0,,,2.0,a8fa234e-a646-4911-8402-a67c302db4ae,2026-08-12T00:11:58.358108+00:00,c1ad72de628f71283ac69037e9bbe97c3e773952f5abde5eac91397ca322d1a6,resource-grid,heisenberg_chain,Heisenberg-13,"{""coupling"":1.0,""field_z"":0.3}",13,13.0,proportional,1.0,0.025118864315095794,39.89999999999996,49,trotter-p2-empirical,trotter,Trotter p=2 [empirical],empirical-operator-norm,empirical,2.0,,,,,,1114.0,,,,,,,,,,,,,,,,,,,,,,,,,,,,,,individual,49.0,0.022568649888519136,12.748112989099997,empirical-operator-norm,Repository empirical operator-norm calibration study v1 (2026-08-10),reviewed calibration opnorm-v1-heisenberg-open-trotter-p2; artifact docs/calibration_data/empirical_1d_v1_accepted.json,"{""prefactor"":12.748112989099997}",False,implemented-product-formula,False,,"[""the resolved ordered Hamiltonian groups match the implemented formula"",""the fixed formal-order powers in time and segments apply"",""the reviewed affine size calibration extrapolates as flagged""]",,,,,,,implemented-product-formula,False,False,0.022606977883586215,,,,,,,,,,,,,,,,,,,1.0,none,0.0,system register,1.0,13.0,108058.0,0.0,-1.0,8752698.0,158780.0,analytical-model,0.0025118864315095794,opnorm-v1-heisenberg-open-trotter-p2,heisenberg_chain,affine-aN-plus-b,12.748112989099997,4.0,12.0,4.0,12.0,True,True,formula,0.1.0,3.11.9,2.5.0,b58b31db18364511c43757e27fffc7abce8df2c1,True,ok,,
1.0,heisenberg_chain:N013,-1.6,commutator,583.0,,,2.0,a8fa234e-a646-4911-8402-a67c302db4ae,2026-08-12T00:11:58.358108+00:00,c1ad72de628f71283ac69037e9bbe97c3e773952f5abde5eac91397ca322d1a6,resource-grid,heisenberg_chain,Heisenberg-13,"{""coupling"":1.0,""field_z"":0.3}",13,13.0,proportional,1.0,0.025118864315095794,39.89999999999996,49,trotter-p4,trotter,Trotter p=4,analytical,analytical,4.0,,,,,,583.0,,,,,,,,,,,,,,,,,,,,,,,,,,,,,,commuting,3.0,0.022468863700128048,6990.98817037107,schubert-mendl-commutator,"Schubert and Mendl, arXiv:2306.10603",Theorem 1,"{""prefactor"":6990.98817037107}",True,implemented-product-formula,True,,"[""the resolved ordered Hamiltonian groups match the implemented formula""]",,,,,,,implemented-product-formula,True,True,0.022606977883586215,,,,,,,,,,,,,,,,,,,1.0,none,0.0,system register,1.0,13.0,253605.0,0.0,-1.0,21556425.0,372645.0,analytical-model,0.0025118864315095794,,,,,,,,,,,,0.1.0,3.11.9,2.5.0,b58b31db18364511c43757e27fffc7abce8df2c1,True,ok,,
1.0,heisenberg_chain:N013,-1.6,empirical,104.0,,,2.0,a8fa234e-a646-4911-8402-a67c302db4ae,2026-08-12T00:11:58.358108+00:00,c1ad72de628f71283ac69037e9bbe97c3e773952f5abde5eac91397ca322d1a6,resource-grid,heisenberg_chain,Heisenberg-13,"{""coupling"":1.0,""field_z"":0.3}",13,13.0,proportional,1.0,0.025118864315095794,39.89999999999996,49,trotter-p4-empirical,trotter,Trotter p=4 [empirical],empirical-operator-norm,empirical,4.0,,,,,,104.0,,,,,,,,,,,,,,,,,,,,,,,,,,,,,,commuting,3.0,0.009191570295336921,2.8960516869,empirical-operator-norm,Repository empirical operator-norm calibration study v1 (2026-08-10),reviewed calibration opnorm-v1-heisenberg-open-trotter-p4; artifact docs/calibration_data/empirical_1d_v1_accepted.json,"{""prefactor"":2.8960516869}",False,implemented-product-formula,False,,"[""the resolved ordered Hamiltonian groups match the implemented formula"",""the fixed formal-order powers in time and segments apply"",""the reviewed affine size calibration extrapolates as flagged""]",,,,,,,implemented-product-formula,False,False,0.022606977883586215,,,,,,,,,,,,,,,,,,,1.0,none,0.0,system register,1.0,13.0,45240.0,0.0,-1.0,3483480.0,66476.0,analytical-model,0.0025118864315095794,opnorm-v1-heisenberg-open-trotter-p4,heisenberg_chain,affine-aN-plus-b,2.8960516869,4.0,12.0,4.0,12.0,True,True,asymptotic-domain,0.1.0,3.11.9,2.5.0,b58b31db18364511c43757e27fffc7abce8df2c1,True,ok,,
1.0,heisenberg_chain:N013,-1.6,commutator,435.0,,,2.0,a8fa234e-a646-4911-8402-a67c302db4ae,2026-08-12T00:11:58.358108+00:00,c1ad72de628f71283ac69037e9bbe97c3e773952f5abde5eac91397ca322d1a6,resource-grid,heisenberg_chain,Heisenberg-13,"{""coupling"":1.0,""field_z"":0.3}",13,13.0,proportional,1.0,0.025118864315095794,39.89999999999996,49,trotter-p6,trotter,Trotter p=6,analytical,analytical,6.0,,,,,,435.0,,,,,,,,,,,,,,,,,,,,,,,,,,,,,,commuting,3.0,0.02250450728288304,2429973.763029318,schubert-mendl-commutator,"Schubert and Mendl, arXiv:2306.10603",Theorem 1,"{""prefactor"":2429973.763029318}",True,implemented-product-formula,True,,"[""the resolved ordered Hamiltonian groups match the implemented formula""]",,,,,,,implemented-product-formula,True,True,0.022606977883586215,,,,,,,,,,,,,,,,,,,1.0,none,0.0,system register,1.0,13.0,946125.0,0.0,-1.0,86097375.0,1390225.0,analytical-model,0.0025118864315095794,,,,,,,,,,,,0.1.0,3.11.9,2.5.0,b58b31db18364511c43757e27fffc7abce8df2c1,True,ok,,
1.0,heisenberg_chain:N013,-1.6,empirical,78.0,,,2.0,a8fa234e-a646-4911-8402-a67c302db4ae,2026-08-12T00:11:58.358108+00:00,c1ad72de628f71283ac69037e9bbe97c3e773952f5abde5eac91397ca322d1a6,resource-grid,heisenberg_chain,Heisenberg-13,"{""coupling"":1.0,""field_z"":0.3}",13,13.0,proportional,1.0,0.025118864315095794,39.89999999999996,49,trotter-p6-empirical,trotter,Trotter p=6 [empirical],empirical-operator-norm,empirical,6.0,,,,,,78.0,,,,,,,,,,,,,,,,,,,,,,,,,,,,,,commuting,3.0,1.1732955902777759e-05,0.0421086762,empirical-operator-norm,Repository empirical operator-norm calibration study v1 (2026-08-10),reviewed calibration opnorm-v1-heisenberg-open-trotter-p6; artifact docs/calibration_data/empirical_1d_v1_accepted.json,"{""prefactor"":0.0421086762}",False,implemented-product-formula,False,,"[""the resolved ordered Hamiltonian groups match the implemented formula"",""the fixed formal-order powers in time and segments apply"",""the reviewed affine size calibration extrapolates as flagged""]",,,,,,,implemented-product-formula,False,False,0.022606977883586215,,,,,,,,,,,,,,,,,,,1.0,none,0.0,system register,1.0,13.0,169650.0,0.0,-1.0,14080950.0,249282.0,analytical-model,0.0025118864315095794,opnorm-v1-heisenberg-open-trotter-p6,heisenberg_chain,affine-aN-plus-b,0.0421086762,4.0,12.0,4.0,12.0,True,True,asymptotic-domain,0.1.0,3.11.9,2.5.0,b58b31db18364511c43757e27fffc7abce8df2c1,True,ok,,
1.0,heisenberg_chain:N013,-1.6,jacobi-anger,,,,2.0,a8fa234e-a646-4911-8402-a67c302db4ae,2026-08-12T00:11:58.358108+00:00,c1ad72de628f71283ac69037e9bbe97c3e773952f5abde5eac91397ca322d1a6,resource-grid,heisenberg_chain,Heisenberg-13,"{""coupling"":1.0,""field_z"":0.3}",13,13.0,proportional,1.0,0.025118864315095794,39.89999999999996,49,qsvt,qsvt,QSVT,jacobi-anger-rigorous,analytical,,,,,,,,,,,,,,,,,,,,,,,,,,,,,,,,,,,4251.0,709.0,,,0.003226399368921329,,jacobi-anger-polynomial-oaa,"Martyn et al., arXiv:2105.02859, Eqs. (76)--(77)",Jacobi--Anger tails plus exact cubic OAA identity,"{""oaa-unitarity-defect-distortion"":0.0016151478288599069,""scaled-polynomial-error"":0.001611251540061422}",True,ideal-qsvt-oaa-good-block,True,,"[""the cosine and sine polynomials are implemented exactly"",""the unamplified good block is exactly Q/2""]",,,,,,,implemented-qsvt-floating-phase-circuit,False,False,0.022606977883586215,,,,,,,,,,,,,,,,,,,2.0,one robust OAA round,1.0,"component, quadrature, and index registers all-zero",,27.0,544140.0,1309406.0,-1.0,53121944.0,8744895.0,analytical-model,0.0025118864315095794,,,,,,,,,,,,0.1.0,3.11.9,2.5.0,b58b31db18364511c43757e27fffc7abce8df2c1,True,ok,,
1.0,heisenberg_chain:N013,-1.6,empirical,,6.0,20.0,2.0,a8fa234e-a646-4911-8402-a67c302db4ae,2026-08-12T00:11:58.358108+00:00,c1ad72de628f71283ac69037e9bbe97c3e773952f5abde5eac91397ca322d1a6,resource-grid,heisenberg_chain,Heisenberg-13,"{""coupling"":1.0,""field_z"":0.3}",13,13.0,proportional,1.0,0.025118864315095794,39.89999999999996,49,mpf-j-mizuta2026-theorem6-empirical-operator-norm,multiproduct,MPF J=Mizuta Theorem 6 (resolved per point) [empirical operator norm],empirical-operator-norm,empirical,,6.0,12.0,mizuta2026-theorem6,6.300000000000004,0.022606977883586215,20.0,,,,[],,,,,,,,,,,,,,,[],,,,,,,empirical-operator-norm,[],1920.0,,,,4.856191204911691e-06,6.567380000000001e-05,empirical-operator-norm,Repository empirical operator-norm calibration study v1 (2026-08-10),reviewed calibration opnorm-v1-heisenberg-open-mpf-new-m6; fixed formal powers,"{""empirical_coefficient"":6.567380000000001e-05}",False,ideal-mpf,False,ordered individual Pauli terms,"[""the fixed formal-order powers in time and segments apply"",""the empirical estimate concerns the repeated ideal MPF operator"",""the reviewed affine size calibration extrapolates as flagged""]",,0.0,0.0,False,False,{},repeated-shared-ancilla-good-block,False,False,0.022606977883586215,new,"[1,2,3,4,6,16]","[-3.1123560535325236e-07,0.0007054673721340386,-0.031622325043377676,0.17337566137566138,-0.4544415584415584,1.311983065972746]",1.9721283894410828,0.02787161055891696,32.0,registered-exact,True,6.0,3.0,2.0,4.0,8.0,0.0,6.0,3.0,2.0,3.0,2.0,one robust OAA round per segment,20.0,branch register all-zero,,18.0,373320.0,1000.0,-1.0,32482840.0,653139.0,analytical-model,0.0025118864315095794,opnorm-v1-heisenberg-open-mpf-new-m6,heisenberg_chain,affine-aN-plus-b,6.567380000000001e-05,4.0,8.0,4.0,12.0,True,True,asymptotic-domain,0.1.0,3.11.9,2.5.0,b58b31db18364511c43757e27fffc7abce8df2c1,True,ok,,
1.0,heisenberg_chain:N013,-1.6,commutator,,6.0,10334.0,2.0,a8fa234e-a646-4911-8402-a67c302db4ae,2026-08-12T00:11:58.358108+00:00,c1ad72de628f71283ac69037e9bbe97c3e773952f5abde5eac91397ca322d1a6,resource-grid,heisenberg_chain,Heisenberg-13,"{""coupling"":1.0,""field_z"":0.3}",13,13.0,proportional,1.0,0.025118864315095794,39.89999999999996,49,mpf-j-mizuta2026-theorem6-mizuta2026-commutator-ideal-rigorous,multiproduct,MPF J=Mizuta Theorem 6 (resolved per point) [Mizuta 2026 refined commutator],mizuta2026-commutator-ideal-rigorous,analytical,,6.0,12.0,mizuta2026-theorem6,6.300000000000004,0.022606977883586215,10334.0,10334.0,,6556.0,"[""error""]",126.06301990645538,12.0,,,2.1375495370410446e-06,1.889782029601362e-18,2.0199820889744402e-25,1.8897818276031525e-18,1.889782029601362e-18,2.1375495370429347e-06,0.02258276043120392,2.0579972043594542e-05,False,0.001983135103264317,"[1.0000000000000002,1.0000000000000002,1.0000000000000002,1.0000000000000002,1.0000000000000002,1.0000000000000002,1.0000000000000002,1.0000000000000002,1.0000000000000002,1.0000000000000002,1.0000000000000002,1.0000000000000002,1.0000000000000002,1.0000000000000002,1.0000000000000002,1.0000000000000002,1.0000000000000002,1.0000000000000002,1.0000000000000002,1.0000000000000002,1.0000000000000002,1.0000000000000002,1.0000000000000002,1.0000000000000002,1.0000000000000002,1.0000000000000002,1.0000000000000002,1.0000000000000002,1.0000000000000002,1.0000000000000002,1.0000000000000002,1.0000000000000002,1.0000000000000002,1.0000000000000002,1.0000000000000002,1.0000000000000002,1.0000000000000002,1.0000000000000002,1.0000000000000002,1.0000000000000002,1.0000000000000002,1.0000000000000002,1.0000000000000002,1.0000000000000002,1.0000000000000002,1.0000000000000002,1.0000000000000002,1.0000000000000002,1.0000000000000002]",6.300000000000007,7.0,True,exact commutator transition cap reached; locality bound used,not-used,commutator,mizuta2026-commutator-ideal-rigorous,[],992064.0,,,,0.02258276043120392,1.0817889771285125e+32,mizuta2026-commutator-ideal-rigorous,"Mizuta, Quantum 10, 1974 (2026), arXiv:2507.06557v4","Theorem 4, Eqs. (47)--(49), with direct Lemmas 9--10 BCH remainder","{""error_predicate_satisfied"":1.0,""extensiveness_g"":6.300000000000004,""joint_predicate_satisfied"":1.0,""legacy_first_condition_passed"":0.0,""legacy_first_time_limit"":2.0579972043594542e-05,""local_commutator_error"":2.1375495370410446e-06,""local_step_error"":2.1375495370429347e-06,""local_truncated_bch_error"":1.889782029601362e-18,""locality_k"":2.0,""mu_upper"":126.06301990645538,""refined_lemma10_remainder"":1.8897818276031525e-18,""refined_lemma9_remainder"":2.0199820889744402e-25,""refined_tail_fallback"":0.0,""repeated_global_error"":0.02258276043120392,""schedule_weighted_extensiveness"":6.300000000000007,""second_time_limit"":0.001983135103264317,""time_2_predicate_satisfied"":1.0,""total_branchwise_bch_remainder"":1.889782029601362e-18,""truncation_order_p0"":12.0}",True,ideal-mpf,True,ordered individual Pauli terms,"[""individual Pauli summands define the ordered H_gamma decomposition"",""the actual Strang factors define schedule-weighted g_alpha extensiveness"",""Lemma 9 and Lemma 10 positive majorants directly certify the BCH remainder"",""the scalar-flow/Cauchy refined tail certificate is used"",""Theorem 4 second time hypothesis is satisfied"",""the repeated ideal MPF is composed with the Eq. (15) telescoping argument""]","exact Pauli recurrence would require 466284 transitions at order 8, above cap 250000; remaining orders use Mizuta 2026 Eq. (8)",12.0,7.0,True,True,"{""2"":321.6000000000004,""3"":5070.720000000011,""4"":74820.86400000023,""5"":1370305.228800006,""6"":25164040.642560143,""7"":522290321.86675566,""8"":2663901875917312.5,""9"":5.3704261818492736e+17,""10"":1.2180126580434136e+20,""11"":3.0693918982694054e+22,""12"":8.508354342002837e+24}",repeated-shared-ancilla-good-block,True,False,0.022606977883586215,new,"[1,2,3,4,6,16]","[-3.1123560535325236e-07,0.0007054673721340386,-0.031622325043377676,0.17337566137566138,-0.4544415584415584,1.311983065972746]",1.9721283894410828,0.02787161055891696,32.0,registered-exact,True,6.0,3.0,2.0,4.0,8.0,0.0,6.0,3.0,2.0,3.0,2.0,one robust OAA round per segment,10334.0,branch register all-zero,,18.0,192894444.0,516700.0,-1.0,21992033416.0,337476806.0,analytical-model,0.0025118864315095794,,,,,,,,,,,,0.1.0,3.11.9,2.5.0,b58b31db18364511c43757e27fffc7abce8df2c1,True,ok,,
1.0,heisenberg_chain:N013,-1.7,commutator,4008.0,,,2.0,a8fa234e-a646-4911-8402-a67c302db4ae,2026-08-12T00:11:58.358108+00:00,c1ad72de628f71283ac69037e9bbe97c3e773952f5abde5eac91397ca322d1a6,resource-grid,heisenberg_chain,Heisenberg-13,"{""coupling"":1.0,""field_z"":0.3}",13,13.0,proportional,1.0,0.0199526231496888,39.89999999999996,49,trotter-p2,trotter,Trotter p=2,analytical,analytical,2.0,,,,,,4008.0,,,,,,,,,,,,,,,,,,,,,,,,,,,,,,individual,49.0,0.01795449520121435,131.28000000000006,childs-commutator,"Childs, Su, Tran, Wiebe, and Zhu, arXiv:1912.08854",Propositions 9--10,"{""prefactor"":131.28000000000006}",True,implemented-product-formula,True,,"[""the resolved ordered Hamiltonian groups match the implemented formula""]",,,,,,,implemented-product-formula,True,True,0.01795736083471992,,,,,,,,,,,,,,,,,,,1.0,none,0.0,system register,1.0,13.0,388776.0,0.0,-1.0,34212288.0,571263.0,analytical-model,0.00199526231496888,,,,,,,,,,,,0.1.0,3.11.9,2.5.0,b58b31db18364511c43757e27fffc7abce8df2c1,True,ok,,
1.0,heisenberg_chain:N013,-1.7,empirical,1249.0,,,2.0,a8fa234e-a646-4911-8402-a67c302db4ae,2026-08-12T00:11:58.358108+00:00,c1ad72de628f71283ac69037e9bbe97c3e773952f5abde5eac91397ca322d1a6,resource-grid,heisenberg_chain,Heisenberg-13,"{""coupling"":1.0,""field_z"":0.3}",13,13.0,proportional,1.0,0.0199526231496888,39.89999999999996,49,trotter-p2-empirical,trotter,Trotter p=2 [empirical],empirical-operator-norm,empirical,2.0,,,,,,1249.0,,,,,,,,,,,,,,,,,,,,,,,,,,,,,,individual,49.0,0.01795358095094344,12.748112989099997,empirical-operator-norm,Repository empirical operator-norm calibration study v1 (2026-08-10),reviewed calibration opnorm-v1-heisenberg-open-trotter-p2; artifact docs/calibration_data/empirical_1d_v1_accepted.json,"{""prefactor"":12.748112989099997}",False,implemented-product-formula,False,,"[""the resolved ordered Hamiltonian groups match the implemented formula"",""the fixed formal-order powers in time and segments apply"",""the reviewed affine size calibration extrapolates as flagged""]",,,,,,,implemented-product-formula,False,False,0.01795736083471992,,,,,,,,,,,,,,,,,,,1.0,none,0.0,system register,1.0,13.0,121153.0,0.0,-1.0,10055699.0,178021.0,analytical-model,0.00199526231496888,opnorm-v1-heisenberg-open-trotter-p2,heisenberg_chain,affine-aN-plus-b,12.748112989099997,4.0,12.0,4.0,12.0,True,True,formula,0.1.0,3.11.9,2.5.0,b58b31db18364511c43757e27fffc7abce8df2c1,True,ok,,
1.0,heisenberg_chain:N013,-1.7,commutator,617.0,,,2.0,a8fa234e-a646-4911-8402-a67c302db4ae,2026-08-12T00:11:58.358108+00:00,c1ad72de628f71283ac69037e9bbe97c3e773952f5abde5eac91397ca322d1a6,resource-grid,heisenberg_chain,Heisenberg-13,"{""coupling"":1.0,""field_z"":0.3}",13,13.0,proportional,1.0,0.0199526231496888,39.89999999999996,49,trotter-p4,trotter,Trotter p=4,analytical,analytical,4.0,,,,,,617.0,,,,,,,,,,,,,,,,,,,,,,,,,,,,,,commuting,3.0,0.017910787143593707,6990.98817037107,schubert-mendl-commutator,"Schubert and Mendl, arXiv:2306.10603",Theorem 1,"{""prefactor"":6990.98817037107}",True,implemented-product-formula,True,,"[""the resolved ordered Hamiltonian groups match the implemented formula""]",,,,,,,implemented-product-formula,True,True,0.01795736083471992,,,,,,,,,,,,,,,,,,,1.0,none,0.0,system register,1.0,13.0,268395.0,0.0,-1.0,23081970.0,394377.0,analytical-model,0.00199526231496888,,,,,,,,,,,,0.1.0,3.11.9,2.5.0,b58b31db18364511c43757e27fffc7abce8df2c1,True,ok,,
1.0,heisenberg_chain:N013,-1.7,empirical,104.0,,,2.0,a8fa234e-a646-4911-8402-a67c302db4ae,2026-08-12T00:11:58.358108+00:00,c1ad72de628f71283ac69037e9bbe97c3e773952f5abde5eac91397ca322d1a6,resource-grid,heisenberg_chain,Heisenberg-13,"{""coupling"":1.0,""field_z"":0.3}",13,13.0,proportional,1.0,0.0199526231496888,39.89999999999996,49,trotter-p4-empirical,trotter,Trotter p=4 [empirical],empirical-operator-norm,empirical,4.0,,,,,,104.0,,,,,,,,,,,,,,,,,,,,,,,,,,,,,,commuting,3.0,0.009191570295336921,2.8960516869,empirical-operator-norm,Repository empirical operator-norm calibration study v1 (2026-08-10),reviewed calibration opnorm-v1-heisenberg-open-trotter-p4; artifact docs/calibration_data/empirical_1d_v1_accepted.json,"{""prefactor"":2.8960516869}",False,implemented-product-formula,False,,"[""the resolved ordered Hamiltonian groups match the implemented formula"",""the fixed formal-order powers in time and segments apply"",""the reviewed affine size calibration extrapolates as flagged""]",,,,,,,implemented-product-formula,False,False,0.01795736083471992,,,,,,,,,,,,,,,,,,,1.0,none,0.0,system register,1.0,13.0,45240.0,0.0,-1.0,3528720.0,66476.0,analytical-model,0.00199526231496888,opnorm-v1-heisenberg-open-trotter-p4,heisenberg_chain,affine-aN-plus-b,2.8960516869,4.0,12.0,4.0,12.0,True,True,asymptotic-domain,0.1.0,3.11.9,2.5.0,b58b31db18364511c43757e27fffc7abce8df2c1,True,ok,,
1.0,heisenberg_chain:N013,-1.7,commutator,452.0,,,2.0,a8fa234e-a646-4911-8402-a67c302db4ae,2026-08-12T00:11:58.358108+00:00,c1ad72de628f71283ac69037e9bbe97c3e773952f5abde5eac91397ca322d1a6,resource-grid,heisenberg_chain,Heisenberg-13,"{""coupling"":1.0,""field_z"":0.3}",13,13.0,proportional,1.0,0.0199526231496888,39.89999999999996,49,trotter-p6,trotter,Trotter p=6,analytical,analytical,6.0,,,,,,452.0,,,,,,,,,,,,,,,,,,,,,,,,,,,,,,commuting,3.0,0.017880285199454997,2429973.763029318,schubert-mendl-commutator,"Schubert and Mendl, arXiv:2306.10603",Theorem 1,"{""prefactor"":2429973.763029318}",True,implemented-product-formula,True,,"[""the resolved ordered Hamiltonian groups match the implemented formula""]",,,,,,,implemented-product-formula,True,True,0.01795736083471992,,,,,,,,,,,,,,,,,,,1.0,none,0.0,system register,1.0,13.0,983100.0,0.0,-1.0,90445200.0,1444556.0,analytical-model,0.00199526231496888,,,,,,,,,,,,0.1.0,3.11.9,2.5.0,b58b31db18364511c43757e27fffc7abce8df2c1,True,ok,,
1.0,heisenberg_chain:N013,-1.7,empirical,78.0,,,2.0,a8fa234e-a646-4911-8402-a67c302db4ae,2026-08-12T00:11:58.358108+00:00,c1ad72de628f71283ac69037e9bbe97c3e773952f5abde5eac91397ca322d1a6,resource-grid,heisenberg_chain,Heisenberg-13,"{""coupling"":1.0,""field_z"":0.3}",13,13.0,proportional,1.0,0.0199526231496888,39.89999999999996,49,trotter-p6-empirical,trotter,Trotter p=6 [empirical],empirical-operator-norm,empirical,6.0,,,,,,78.0,,,,,,,,,,,,,,,,,,,,,,,,,,,,,,commuting,3.0,1.1732955902777759e-05,0.0421086762,empirical-operator-norm,Repository empirical operator-norm calibration study v1 (2026-08-10),reviewed calibration opnorm-v1-heisenberg-open-trotter-p6; artifact docs/calibration_data/empirical_1d_v1_accepted.json,"{""prefactor"":0.0421086762}",False,implemented-product-formula,False,,"[""the resolved ordered Hamiltonian groups match the implemented formula"",""the fixed formal-order powers in time and segments apply"",""the reviewed affine size calibration extrapolates as flagged""]",,,,,,,implemented-product-formula,False,False,0.01795736083471992,,,,,,,,,,,,,,,,,,,1.0,none,0.0,system register,1.0,13.0,169650.0,0.0,-1.0,14250600.0,249282.0,analytical-model,0.00199526231496888,opnorm-v1-heisenberg-open-trotter-p6,heisenberg_chain,affine-aN-plus-b,0.0421086762,4.0,12.0,4.0,12.0,True,True,asymptotic-domain,0.1.0,3.11.9,2.5.0,b58b31db18364511c43757e27fffc7abce8df2c1,True,ok,,
1.0,heisenberg_chain:N013,-1.7,jacobi-anger,,,,2.0,a8fa234e-a646-4911-8402-a67c302db4ae,2026-08-12T00:11:58.358108+00:00,c1ad72de628f71283ac69037e9bbe97c3e773952f5abde5eac91397ca322d1a6,resource-grid,heisenberg_chain,Heisenberg-13,"{""coupling"":1.0,""field_z"":0.3}",13,13.0,proportional,1.0,0.0199526231496888,39.89999999999996,49,qsvt,qsvt,QSVT,jacobi-anger-rigorous,analytical,,,,,,,,,,,,,,,,,,,,,,,,,,,,,,,,,,,4251.0,709.0,,,0.0027088100346194834,,jacobi-anger-polynomial-oaa,"Martyn et al., arXiv:2105.02859, Eqs. (76)--(77)",Jacobi--Anger tails plus exact cubic OAA identity,"{""oaa-unitarity-defect-distortion"":0.0013557786569879586,""scaled-polynomial-error"":0.0013530313776315248}",True,ideal-qsvt-oaa-good-block,True,,"[""the cosine and sine polynomials are implemented exactly"",""the unamplified good block is exactly Q/2""]",,,,,,,implemented-qsvt-floating-phase-circuit,False,False,0.01795736083471992,,,,,,,,,,,,,,,,,,,2.0,one robust OAA round,1.0,"component, quadrature, and index registers all-zero",,27.0,544140.0,1309406.0,-1.0,53666084.0,8744895.0,analytical-model,0.00199526231496888,,,,,,,,,,,,0.1.0,3.11.9,2.5.0,b58b31db18364511c43757e27fffc7abce8df2c1,True,ok,,
1.0,heisenberg_chain:N013,-1.7,empirical,,6.0,20.0,2.0,a8fa234e-a646-4911-8402-a67c302db4ae,2026-08-12T00:11:58.358108+00:00,c1ad72de628f71283ac69037e9bbe97c3e773952f5abde5eac91397ca322d1a6,resource-grid,heisenberg_chain,Heisenberg-13,"{""coupling"":1.0,""field_z"":0.3}",13,13.0,proportional,1.0,0.0199526231496888,39.89999999999996,49,mpf-j-mizuta2026-theorem6-empirical-operator-norm,multiproduct,MPF J=Mizuta Theorem 6 (resolved per point) [empirical operator norm],empirical-operator-norm,empirical,,6.0,12.0,mizuta2026-theorem6,6.300000000000004,0.01795736083471992,20.0,,,,[],,,,,,,,,,,,,,,[],,,,,,,empirical-operator-norm,[],1920.0,,,,4.856191204911691e-06,6.567380000000001e-05,empirical-operator-norm,Repository empirical operator-norm calibration study v1 (2026-08-10),reviewed calibration opnorm-v1-heisenberg-open-mpf-new-m6; fixed formal powers,"{""empirical_coefficient"":6.567380000000001e-05}",False,ideal-mpf,False,ordered individual Pauli terms,"[""the fixed formal-order powers in time and segments apply"",""the empirical estimate concerns the repeated ideal MPF operator"",""the reviewed affine size calibration extrapolates as flagged""]",,0.0,0.0,False,False,{},repeated-shared-ancilla-good-block,False,False,0.01795736083471992,new,"[1,2,3,4,6,16]","[-3.1123560535325236e-07,0.0007054673721340386,-0.031622325043377676,0.17337566137566138,-0.4544415584415584,1.311983065972746]",1.9721283894410828,0.02787161055891696,32.0,registered-exact,True,6.0,3.0,2.0,4.0,8.0,0.0,6.0,3.0,2.0,3.0,2.0,one robust OAA round per segment,20.0,branch register all-zero,,18.0,373320.0,1000.0,-1.0,32856160.0,653139.0,analytical-model,0.00199526231496888,opnorm-v1-heisenberg-open-mpf-new-m6,heisenberg_chain,affine-aN-plus-b,6.567380000000001e-05,4.0,8.0,4.0,12.0,True,True,asymptotic-domain,0.1.0,3.11.9,2.5.0,b58b31db18364511c43757e27fffc7abce8df2c1,True,ok,,
1.0,heisenberg_chain:N013,-1.7,commutator,,6.0,10530.0,2.0,a8fa234e-a646-4911-8402-a67c302db4ae,2026-08-12T00:11:58.358108+00:00,c1ad72de628f71283ac69037e9bbe97c3e773952f5abde5eac91397ca322d1a6,resource-grid,heisenberg_chain,Heisenberg-13,"{""coupling"":1.0,""field_z"":0.3}",13,13.0,proportional,1.0,0.0199526231496888,39.89999999999996,49,mpf-j-mizuta2026-theorem6-mizuta2026-commutator-ideal-rigorous,multiproduct,MPF J=Mizuta Theorem 6 (resolved per point) [Mizuta 2026 refined commutator],mizuta2026-commutator-ideal-rigorous,analytical,,6.0,12.0,mizuta2026-theorem6,6.300000000000004,0.01795736083471992,10530.0,10530.0,,6556.0,"[""error""]",126.06301990645538,12.0,,,1.6743155336450892e-06,1.4770065791610623e-18,1.5814285849977639e-25,1.4770064210182037e-18,1.4770065791610623e-18,1.6743155336465664e-06,0.017944104569988028,2.0579972043594542e-05,False,0.001983135103264317,"[1.0000000000000002,1.0000000000000002,1.0000000000000002,1.0000000000000002,1.0000000000000002,1.0000000000000002,1.0000000000000002,1.0000000000000002,1.0000000000000002,1.0000000000000002,1.0000000000000002,1.0000000000000002,1.0000000000000002,1.0000000000000002,1.0000000000000002,1.0000000000000002,1.0000000000000002,1.0000000000000002,1.0000000000000002,1.0000000000000002,1.0000000000000002,1.0000000000000002,1.0000000000000002,1.0000000000000002,1.0000000000000002,1.0000000000000002,1.0000000000000002,1.0000000000000002,1.0000000000000002,1.0000000000000002,1.0000000000000002,1.0000000000000002,1.0000000000000002,1.0000000000000002,1.0000000000000002,1.0000000000000002,1.0000000000000002,1.0000000000000002,1.0000000000000002,1.0000000000000002,1.0000000000000002,1.0000000000000002,1.0000000000000002,1.0000000000000002,1.0000000000000002,1.0000000000000002,1.0000000000000002,1.0000000000000002,1.0000000000000002]",6.300000000000007,7.0,True,exact commutator transition cap reached; locality bound used,not-used,commutator,mizuta2026-commutator-ideal-rigorous,[],1010880.0,,,,0.017944104569988028,1.0817889771285125e+32,mizuta2026-commutator-ideal-rigorous,"Mizuta, Quantum 10, 1974 (2026), arXiv:2507.06557v4","Theorem 4, Eqs. (47)--(49), with direct Lemmas 9--10 BCH remainder","{""error_predicate_satisfied"":1.0,""extensiveness_g"":6.300000000000004,""joint_predicate_satisfied"":1.0,""legacy_first_condition_passed"":0.0,""legacy_first_time_limit"":2.0579972043594542e-05,""local_commutator_error"":1.6743155336450892e-06,""local_step_error"":1.6743155336465664e-06,""local_truncated_bch_error"":1.4770065791610623e-18,""locality_k"":2.0,""mu_upper"":126.06301990645538,""refined_lemma10_remainder"":1.4770064210182037e-18,""refined_lemma9_remainder"":1.5814285849977639e-25,""refined_tail_fallback"":0.0,""repeated_global_error"":0.017944104569988028,""schedule_weighted_extensiveness"":6.300000000000007,""second_time_limit"":0.001983135103264317,""time_2_predicate_satisfied"":1.0,""total_branchwise_bch_remainder"":1.4770065791610623e-18,""truncation_order_p0"":12.0}",True,ideal-mpf,True,ordered individual Pauli terms,"[""individual Pauli summands define the ordered H_gamma decomposition"",""the actual Strang factors define schedule-weighted g_alpha extensiveness"",""Lemma 9 and Lemma 10 positive majorants directly certify the BCH remainder"",""the scalar-flow/Cauchy refined tail certificate is used"",""Theorem 4 second time hypothesis is satisfied"",""the repeated ideal MPF is composed with the Eq. (15) telescoping argument""]","exact Pauli recurrence would require 466284 transitions at order 8, above cap 250000; remaining orders use Mizuta 2026 Eq. (8)",12.0,7.0,True,True,"{""2"":321.6000000000004,""3"":5070.720000000011,""4"":74820.86400000023,""5"":1370305.228800006,""6"":25164040.642560143,""7"":522290321.86675566,""8"":2663901875917312.5,""9"":5.3704261818492736e+17,""10"":1.2180126580434136e+20,""11"":3.0693918982694054e+22,""12"":8.508354342002837e+24}",repeated-shared-ancilla-good-block,True,False,0.01795736083471992,new,"[1,2,3,4,6,16]","[-3.1123560535325236e-07,0.0007054673721340386,-0.031622325043377676,0.17337566137566138,-0.4544415584415584,1.311983065972746]",1.9721283894410828,0.02787161055891696,32.0,registered-exact,True,6.0,3.0,2.0,4.0,8.0,0.0,6.0,3.0,2.0,3.0,2.0,one robust OAA round per segment,10530.0,branch register all-zero,,18.0,196552980.0,526500.0,-1.0,22605698700.0,343877566.0,analytical-model,0.00199526231496888,,,,,,,,,,,,0.1.0,3.11.9,2.5.0,b58b31db18364511c43757e27fffc7abce8df2c1,True,ok,,
1.0,heisenberg_chain:N013,-1.8,commutator,4497.0,,,2.0,a8fa234e-a646-4911-8402-a67c302db4ae,2026-08-12T00:11:58.358108+00:00,c1ad72de628f71283ac69037e9bbe97c3e773952f5abde5eac91397ca322d1a6,resource-grid,heisenberg_chain,Heisenberg-13,"{""coupling"":1.0,""field_z"":0.3}",13,13.0,proportional,1.0,0.015848931924611134,39.89999999999996,49,trotter-p2,trotter,Trotter p=2,analytical,analytical,2.0,,,,,,4497.0,,,,,,,,,,,,,,,,,,,,,,,,,,,,,,individual,49.0,0.014262079396790072,131.28000000000006,childs-commutator,"Childs, Su, Tran, Wiebe, and Zhu, arXiv:1912.08854",Propositions 9--10,"{""prefactor"":131.28000000000006}",True,implemented-product-formula,True,,"[""the resolved ordered Hamiltonian groups match the implemented formula""]",,,,,,,implemented-product-formula,True,True,0.014264038732150021,,,,,,,,,,,,,,,,,,,1.0,none,0.0,system register,1.0,13.0,436209.0,0.0,-1.0,38822601.0,640961.0,analytical-model,0.0015848931924611134,,,,,,,,,,,,0.1.0,3.11.9,2.5.0,b58b31db18364511c43757e27fffc7abce8df2c1,True,ok,,
1.0,heisenberg_chain:N013,-1.8,empirical,1402.0,,,2.0,a8fa234e-a646-4911-8402-a67c302db4ae,2026-08-12T00:11:58.358108+00:00,c1ad72de628f71283ac69037e9bbe97c3e773952f5abde5eac91397ca322d1a6,resource-grid,heisenberg_chain,Heisenberg-13,"{""coupling"":1.0,""field_z"":0.3}",13,13.0,proportional,1.0,0.015848931924611134,39.89999999999996,49,trotter-p2-empirical,trotter,Trotter p=2 [empirical],empirical-operator-norm,empirical,2.0,,,,,,1402.0,,,,,,,,,,,,,,,,,,,,,,,,,,,,,,individual,49.0,0.014248853908036771,12.748112989099997,empirical-operator-norm,Repository empirical operator-norm calibration study v1 (2026-08-10),reviewed calibration opnorm-v1-heisenberg-open-trotter-p2; artifact docs/calibration_data/empirical_1d_v1_accepted.json,"{""prefactor"":12.748112989099997}",False,implemented-product-formula,False,,"[""the resolved ordered Hamiltonian groups match the implemented formula"",""the fixed formal-order powers in time and segments apply"",""the reviewed affine size calibration extrapolates as flagged""]",,,,,,,implemented-product-formula,False,False,0.014264038732150021,,,,,,,,,,,,,,,,,,,1.0,none,0.0,system register,1.0,13.0,135994.0,0.0,-1.0,11423496.0,199828.0,analytical-model,0.0015848931924611134,opnorm-v1-heisenberg-open-trotter-p2,heisenberg_chain,affine-aN-plus-b,12.748112989099997,4.0,12.0,4.0,12.0,True,True,formula,0.1.0,3.11.9,2.5.0,b58b31db18364511c43757e27fffc7abce8df2c1,True,ok,,
1.0,heisenberg_chain:N013,-1.8,commutator,654.0,,,2.0,a8fa234e-a646-4911-8402-a67c302db4ae,2026-08-12T00:11:58.358108+00:00,c1ad72de628f71283ac69037e9bbe97c3e773952f5abde5eac91397ca322d1a6,resource-grid,heisenberg_chain,Heisenberg-13,"{""coupling"":1.0,""field_z"":0.3}",13,13.0,proportional,1.0,0.015848931924611134,39.89999999999996,49,trotter-p4,trotter,Trotter p=4,analytical,analytical,4.0,,,,,,654.0,,,,,,,,,,,,,,,,,,,,,,,,,,,,,,commuting,3.0,0.014188756495066266,6990.98817037107,schubert-mendl-commutator,"Schubert and Mendl, arXiv:2306.10603",Theorem 1,"{""prefactor"":6990.98817037107}",True,implemented-product-formula,True,,"[""the resolved ordered Hamiltonian groups match the implemented formula""]",,,,,,,implemented-product-formula,True,True,0.014264038732150021,,,,,,,,,,,,,,,,,,,1.0,none,0.0,system register,1.0,13.0,284490.0,0.0,-1.0,25035120.0,418027.0,analytical-model,0.0015848931924611134,,,,,,,,,,,,0.1.0,3.11.9,2.5.0,b58b31db18364511c43757e27fffc7abce8df2c1,True,ok,,
1.0,heisenberg_chain:N013,-1.8,empirical,104.0,,,2.0,a8fa234e-a646-4911-8402-a67c302db4ae,2026-08-12T00:11:58.358108+00:00,c1ad72de628f71283ac69037e9bbe97c3e773952f5abde5eac91397ca322d1a6,resource-grid,heisenberg_chain,Heisenberg-13,"{""coupling"":1.0,""field_z"":0.3}",13,13.0,proportional,1.0,0.015848931924611134,39.89999999999996,49,trotter-p4-empirical,trotter,Trotter p=4 [empirical],empirical-operator-norm,empirical,4.0,,,,,,104.0,,,,,,,,,,,,,,,,,,,,,,,,,,,,,,commuting,3.0,0.009191570295336921,2.8960516869,empirical-operator-norm,Repository empirical operator-norm calibration study v1 (2026-08-10),reviewed calibration opnorm-v1-heisenberg-open-trotter-p4; artifact docs/calibration_data/empirical_1d_v1_accepted.json,"{""prefactor"":2.8960516869}",False,implemented-product-formula,False,,"[""the resolved ordered Hamiltonian groups match the implemented formula"",""the fixed formal-order powers in time and segments apply"",""the reviewed affine size calibration extrapolates as flagged""]",,,,,,,implemented-product-formula,False,False,0.014264038732150021,,,,,,,,,,,,,,,,,,,1.0,none,0.0,system register,1.0,13.0,45240.0,0.0,-1.0,3573960.0,66476.0,analytical-model,0.0015848931924611134,opnorm-v1-heisenberg-open-trotter-p4,heisenberg_chain,affine-aN-plus-b,2.8960516869,4.0,12.0,4.0,12.0,True,True,asymptotic-domain,0.1.0,3.11.9,2.5.0,b58b31db18364511c43757e27fffc7abce8df2c1,True,ok,,
1.0,heisenberg_chain:N013,-1.8,commutator,470.0,,,2.0,a8fa234e-a646-4911-8402-a67c302db4ae,2026-08-12T00:11:58.358108+00:00,c1ad72de628f71283ac69037e9bbe97c3e773952f5abde5eac91397ca322d1a6,resource-grid,heisenberg_chain,Heisenberg-13,"{""coupling"":1.0,""field_z"":0.3}",13,13.0,proportional,1.0,0.015848931924611134,39.89999999999996,49,trotter-p6,trotter,Trotter p=6,analytical,analytical,6.0,,,,,,470.0,,,,,,,,,,,,,,,,,,,,,,,,,,,,,,commuting,3.0,0.014145486969610861,2429973.763029318,schubert-mendl-commutator,"Schubert and Mendl, arXiv:2306.10603",Theorem 1,"{""prefactor"":2429973.763029318}",True,implemented-product-formula,True,,"[""the resolved ordered Hamiltonian groups match the implemented formula""]",,,,,,,implemented-product-formula,True,True,0.014264038732150021,,,,,,,,,,,,,,,,,,,1.0,none,0.0,system register,1.0,13.0,1022250.0,0.0,-1.0,95069250.0,1502082.0,analytical-model,0.0015848931924611134,,,,,,,,,,,,0.1.0,3.11.9,2.5.0,b58b31db18364511c43757e27fffc7abce8df2c1,True,ok,,
1.0,heisenberg_chain:N013,-1.8,empirical,78.0,,,2.0,a8fa234e-a646-4911-8402-a67c302db4ae,2026-08-12T00:11:58.358108+00:00,c1ad72de628f71283ac69037e9bbe97c3e773952f5abde5eac91397ca322d1a6,resource-grid,heisenberg_chain,Heisenberg-13,"{""coupling"":1.0,""field_z"":0.3}",13,13.0,proportional,1.0,0.015848931924611134,39.89999999999996,49,trotter-p6-empirical,trotter,Trotter p=6 [empirical],empirical-operator-norm,empirical,6.0,,,,,,78.0,,,,,,,,,,,,,,,,,,,,,,,,,,,,,,commuting,3.0,1.1732955902777759e-05,0.0421086762,empirical-operator-norm,Repository empirical operator-norm calibration study v1 (2026-08-10),reviewed calibration opnorm-v1-heisenberg-open-trotter-p6; artifact docs/calibration_data/empirical_1d_v1_accepted.json,"{""prefactor"":0.0421086762}",False,implemented-product-formula,False,,"[""the resolved ordered Hamiltonian groups match the implemented formula"",""the fixed formal-order powers in time and segments apply"",""the reviewed affine size calibration extrapolates as flagged""]",,,,,,,implemented-product-formula,False,False,0.014264038732150021,,,,,,,,,,,,,,,,,,,1.0,none,0.0,system register,1.0,13.0,169650.0,0.0,-1.0,14420250.0,249282.0,analytical-model,0.0015848931924611134,opnorm-v1-heisenberg-open-trotter-p6,heisenberg_chain,affine-aN-plus-b,0.0421086762,4.0,12.0,4.0,12.0,True,True,asymptotic-domain,0.1.0,3.11.9,2.5.0,b58b31db18364511c43757e27fffc7abce8df2c1,True,ok,,
1.0,heisenberg_chain:N013,-1.8,jacobi-anger,,,,2.0,a8fa234e-a646-4911-8402-a67c302db4ae,2026-08-12T00:11:58.358108+00:00,c1ad72de628f71283ac69037e9bbe97c3e773952f5abde5eac91397ca322d1a6,resource-grid,heisenberg_chain,Heisenberg-13,"{""coupling"":1.0,""field_z"":0.3}",13,13.0,proportional,1.0,0.015848931924611134,39.89999999999996,49,qsvt,qsvt,QSVT,jacobi-anger-rigorous,analytical,,,,,,,,,,,,,,,,,,,,,,,,,,,,,,,,,,,4251.0,709.0,,,0.0022978169598369337,,jacobi-anger-polynomial-oaa,"Martyn et al., arXiv:2105.02859, Eqs. (76)--(77)",Jacobi--Anger tails plus exact cubic OAA identity,"{""oaa-unitarity-defect-distortion"":0.0011498971479984685,""scaled-polynomial-error"":0.0011479198118384652}",True,ideal-qsvt-oaa-good-block,True,,"[""the cosine and sine polynomials are implemented exactly"",""the unamplified good block is exactly Q/2""]",,,,,,,implemented-qsvt-floating-phase-circuit,False,False,0.014264038732150021,,,,,,,,,,,,,,,,,,,2.0,one robust OAA round,1.0,"component, quadrature, and index registers all-zero",,27.0,544140.0,1309406.0,-1.0,54210224.0,8744895.0,analytical-model,0.0015848931924611134,,,,,,,,,,,,0.1.0,3.11.9,2.5.0,b58b31db18364511c43757e27fffc7abce8df2c1,True,ok,,
1.0,heisenberg_chain:N013,-1.8,empirical,,6.0,20.0,2.0,a8fa234e-a646-4911-8402-a67c302db4ae,2026-08-12T00:11:58.358108+00:00,c1ad72de628f71283ac69037e9bbe97c3e773952f5abde5eac91397ca322d1a6,resource-grid,heisenberg_chain,Heisenberg-13,"{""coupling"":1.0,""field_z"":0.3}",13,13.0,proportional,1.0,0.015848931924611134,39.89999999999996,49,mpf-j-mizuta2026-theorem6-empirical-operator-norm,multiproduct,MPF J=Mizuta Theorem 6 (resolved per point) [empirical operator norm],empirical-operator-norm,empirical,,6.0,12.0,mizuta2026-theorem6,6.300000000000004,0.014264038732150021,20.0,,,,[],,,,,,,,,,,,,,,[],,,,,,,empirical-operator-norm,[],1920.0,,,,4.856191204911691e-06,6.567380000000001e-05,empirical-operator-norm,Repository empirical operator-norm calibration study v1 (2026-08-10),reviewed calibration opnorm-v1-heisenberg-open-mpf-new-m6; fixed formal powers,"{""empirical_coefficient"":6.567380000000001e-05}",False,ideal-mpf,False,ordered individual Pauli terms,"[""the fixed formal-order powers in time and segments apply"",""the empirical estimate concerns the repeated ideal MPF operator"",""the reviewed affine size calibration extrapolates as flagged""]",,0.0,0.0,False,False,{},repeated-shared-ancilla-good-block,False,False,0.014264038732150021,new,"[1,2,3,4,6,16]","[-3.1123560535325236e-07,0.0007054673721340386,-0.031622325043377676,0.17337566137566138,-0.4544415584415584,1.311983065972746]",1.9721283894410828,0.02787161055891696,32.0,registered-exact,True,6.0,3.0,2.0,4.0,8.0,0.0,6.0,3.0,2.0,3.0,2.0,one robust OAA round per segment,20.0,branch register all-zero,,18.0,373320.0,1000.0,-1.0,33229480.0,653139.0,analytical-model,0.0015848931924611134,opnorm-v1-heisenberg-open-mpf-new-m6,heisenberg_chain,affine-aN-plus-b,6.567380000000001e-05,4.0,8.0,4.0,12.0,True,True,asymptotic-domain,0.1.0,3.11.9,2.5.0,b58b31db18364511c43757e27fffc7abce8df2c1,True,ok,,
1.0,heisenberg_chain:N013,-1.8,commutator,,6.0,10731.0,2.0,a8fa234e-a646-4911-8402-a67c302db4ae,2026-08-12T00:11:58.358108+00:00,c1ad72de628f71283ac69037e9bbe97c3e773952f5abde5eac91397ca322d1a6,resource-grid,heisenberg_chain,Heisenberg-13,"{""coupling"":1.0,""field_z"":0.3}",13,13.0,proportional,1.0,0.015848931924611134,39.89999999999996,49,mpf-j-mizuta2026-theorem6-mizuta2026-commutator-ideal-rigorous,multiproduct,MPF J=Mizuta Theorem 6 (resolved per point) [Mizuta 2026 refined commutator],mizuta2026-commutator-ideal-rigorous,analytical,,6.0,12.0,mizuta2026-theorem6,6.300000000000004,0.014264038732150021,10731.0,10731.0,,6556.0,"[""error""]",126.06301990645538,12.0,,,1.3094339554334966e-06,1.1526357323713502e-18,1.236174228138554e-25,1.1526356087539272e-18,1.1526357323713502e-18,1.3094339554346494e-06,0.014250356370141184,2.0579972043594542e-05,False,0.001983135103264317,"[1.0000000000000002,1.0000000000000002,1.0000000000000002,1.0000000000000002,1.0000000000000002,1.0000000000000002,1.0000000000000002,1.0000000000000002,1.0000000000000002,1.0000000000000002,1.0000000000000002,1.0000000000000002,1.0000000000000002,1.0000000000000002,1.0000000000000002,1.0000000000000002,1.0000000000000002,1.0000000000000002,1.0000000000000002,1.0000000000000002,1.0000000000000002,1.0000000000000002,1.0000000000000002,1.0000000000000002,1.0000000000000002,1.0000000000000002,1.0000000000000002,1.0000000000000002,1.0000000000000002,1.0000000000000002,1.0000000000000002,1.0000000000000002,1.0000000000000002,1.0000000000000002,1.0000000000000002,1.0000000000000002,1.0000000000000002,1.0000000000000002,1.0000000000000002,1.0000000000000002,1.0000000000000002,1.0000000000000002,1.0000000000000002,1.0000000000000002,1.0000000000000002,1.0000000000000002,1.0000000000000002,1.0000000000000002,1.0000000000000002]",6.300000000000007,7.0,True,exact commutator transition cap reached; locality bound used,not-used,commutator,mizuta2026-commutator-ideal-rigorous,[],1030176.0,,,,0.014250356370141184,1.0817889771285125e+32,mizuta2026-commutator-ideal-rigorous,"Mizuta, Quantum 10, 1974 (2026), arXiv:2507.06557v4","Theorem 4, Eqs. (47)--(49), with direct Lemmas 9--10 BCH remainder","{""error_predicate_satisfied"":1.0,""extensiveness_g"":6.300000000000004,""joint_predicate_satisfied"":1.0,""legacy_first_condition_passed"":0.0,""legacy_first_time_limit"":2.0579972043594542e-05,""local_commutator_error"":1.3094339554334966e-06,""local_step_error"":1.3094339554346494e-06,""local_truncated_bch_error"":1.1526357323713502e-18,""locality_k"":2.0,""mu_upper"":126.06301990645538,""refined_lemma10_remainder"":1.1526356087539272e-18,""refined_lemma9_remainder"":1.236174228138554e-25,""refined_tail_fallback"":0.0,""repeated_global_error"":0.014250356370141184,""schedule_weighted_extensiveness"":6.300000000000007,""second_time_limit"":0.001983135103264317,""time_2_predicate_satisfied"":1.0,""total_branchwise_bch_remainder"":1.1526357323713502e-18,""truncation_order_p0"":12.0}",True,ideal-mpf,True,ordered individual Pauli terms,"[""individual Pauli summands define the ordered H_gamma decomposition"",""the actual Strang factors define schedule-weighted g_alpha extensiveness"",""Lemma 9 and Lemma 10 positive majorants directly certify the BCH remainder"",""the scalar-flow/Cauchy refined tail certificate is used"",""Theorem 4 second time hypothesis is satisfied"",""the repeated ideal MPF is composed with the Eq. (15) telescoping argument""]","exact Pauli recurrence would require 466284 transitions at order 8, above cap 250000; remaining orders use Mizuta 2026 Eq. (8)",12.0,7.0,True,True,"{""2"":321.6000000000004,""3"":5070.720000000011,""4"":74820.86400000023,""5"":1370305.228800006,""6"":25164040.642560143,""7"":522290321.86675566,""8"":2663901875917312.5,""9"":5.3704261818492736e+17,""10"":1.2180126580434136e+20,""11"":3.0693918982694054e+22,""12"":8.508354342002837e+24}",repeated-shared-ancilla-good-block,True,False,0.014264038732150021,new,"[1,2,3,4,6,16]","[-3.1123560535325236e-07,0.0007054673721340386,-0.031622325043377676,0.17337566137566138,-0.4544415584415584,1.311983065972746]",1.9721283894410828,0.02787161055891696,32.0,registered-exact,True,6.0,3.0,2.0,4.0,8.0,0.0,6.0,3.0,2.0,3.0,2.0,one robust OAA round per segment,10731.0,branch register all-zero,,18.0,200304846.0,536550.0,-1.0,23237508336.0,350441610.0,analytical-model,0.0015848931924611134,,,,,,,,,,,,0.1.0,3.11.9,2.5.0,b58b31db18364511c43757e27fffc7abce8df2c1,True,ok,,
1.0,heisenberg_chain:N013,-1.9,commutator,5046.0,,,2.0,a8fa234e-a646-4911-8402-a67c302db4ae,2026-08-12T00:11:58.358108+00:00,c1ad72de628f71283ac69037e9bbe97c3e773952f5abde5eac91397ca322d1a6,resource-grid,heisenberg_chain,Heisenberg-13,"{""coupling"":1.0,""field_z"":0.3}",13,13.0,proportional,1.0,0.012589254117941675,39.89999999999996,49,trotter-p2,trotter,Trotter p=2,analytical,analytical,2.0,,,,,,5046.0,,,,,,,,,,,,,,,,,,,,,,,,,,,,,,individual,49.0,0.011327501610628126,131.28000000000006,childs-commutator,"Childs, Su, Tran, Wiebe, and Zhu, arXiv:1912.08854",Propositions 9--10,"{""prefactor"":131.28000000000006}",True,implemented-product-formula,True,,"[""the resolved ordered Hamiltonian groups match the implemented formula""]",,,,,,,implemented-product-formula,True,True,0.011330328706147507,,,,,,,,,,,,,,,,,,,1.0,none,0.0,system register,1.0,13.0,489462.0,0.0,-1.0,44541042.0,719210.0,analytical-model,0.0012589254117941675,,,,,,,,,,,,0.1.0,3.11.9,2.5.0,b58b31db18364511c43757e27fffc7abce8df2c1,True,ok,,
1.0,heisenberg_chain:N013,-1.9,empirical,1573.0,,,2.0,a8fa234e-a646-4911-8402-a67c302db4ae,2026-08-12T00:11:58.358108+00:00,c1ad72de628f71283ac69037e9bbe97c3e773952f5abde5eac91397ca322d1a6,resource-grid,heisenberg_chain,Heisenberg-13,"{""coupling"":1.0,""field_z"":0.3}",13,13.0,proportional,1.0,0.012589254117941675,39.89999999999996,49,trotter-p2-empirical,trotter,Trotter p=2 [empirical],empirical-operator-norm,empirical,2.0,,,,,,1573.0,,,,,,,,,,,,,,,,,,,,,,,,,,,,,,individual,49.0,0.0113192725126904,12.748112989099997,empirical-operator-norm,Repository empirical operator-norm calibration study v1 (2026-08-10),reviewed calibration opnorm-v1-heisenberg-open-trotter-p2; artifact docs/calibration_data/empirical_1d_v1_accepted.json,"{""prefactor"":12.748112989099997}",False,implemented-product-formula,False,,"[""the resolved ordered Hamiltonian groups match the implemented formula"",""the fixed formal-order powers in time and segments apply"",""the reviewed affine size calibration extrapolates as flagged""]",,,,,,,implemented-product-formula,False,False,0.011330328706147507,,,,,,,,,,,,,,,,,,,1.0,none,0.0,system register,1.0,13.0,152581.0,0.0,-1.0,13121966.0,224201.0,analytical-model,0.0012589254117941675,opnorm-v1-heisenberg-open-trotter-p2,heisenberg_chain,affine-aN-plus-b,12.748112989099997,4.0,12.0,4.0,12.0,True,True,formula,0.1.0,3.11.9,2.5.0,b58b31db18364511c43757e27fffc7abce8df2c1,True,ok,,
1.0,heisenberg_chain:N013,-1.9,commutator,692.0,,,2.0,a8fa234e-a646-4911-8402-a67c302db4ae,2026-08-12T00:11:58.358108+00:00,c1ad72de628f71283ac69037e9bbe97c3e773952f5abde5eac91397ca322d1a6,resource-grid,heisenberg_chain,Heisenberg-13,"{""coupling"":1.0,""field_z"":0.3}",13,13.0,proportional,1.0,0.012589254117941675,39.89999999999996,49,trotter-p4,trotter,Trotter p=4,analytical,analytical,4.0,,,,,,692.0,,,,,,,,,,,,,,,,,,,,,,,,,,,,,,commuting,3.0,0.01131959662387829,6990.98817037107,schubert-mendl-commutator,"Schubert and Mendl, arXiv:2306.10603",Theorem 1,"{""prefactor"":6990.98817037107}",True,implemented-product-formula,True,,"[""the resolved ordered Hamiltonian groups match the implemented formula""]",,,,,,,implemented-product-formula,True,True,0.011330328706147507,,,,,,,,,,,,,,,,,,,1.0,none,0.0,system register,1.0,13.0,301020.0,0.0,-1.0,26790780.0,442316.0,analytical-model,0.0012589254117941675,,,,,,,,,,,,0.1.0,3.11.9,2.5.0,b58b31db18364511c43757e27fffc7abce8df2c1,True,ok,,
1.0,heisenberg_chain:N013,-1.9,empirical,104.0,,,2.0,a8fa234e-a646-4911-8402-a67c302db4ae,2026-08-12T00:11:58.358108+00:00,c1ad72de628f71283ac69037e9bbe97c3e773952f5abde5eac91397ca322d1a6,resource-grid,heisenberg_chain,Heisenberg-13,"{""coupling"":1.0,""field_z"":0.3}",13,13.0,proportional,1.0,0.012589254117941675,39.89999999999996,49,trotter-p4-empirical,trotter,Trotter p=4 [empirical],empirical-operator-norm,empirical,4.0,,,,,,104.0,,,,,,,,,,,,,,,,,,,,,,,,,,,,,,commuting,3.0,0.009191570295336921,2.8960516869,empirical-operator-norm,Repository empirical operator-norm calibration study v1 (2026-08-10),reviewed calibration opnorm-v1-heisenberg-open-trotter-p4; artifact docs/calibration_data/empirical_1d_v1_accepted.json,"{""prefactor"":2.8960516869}",False,implemented-product-formula,False,,"[""the resolved ordered Hamiltonian groups match the implemented formula"",""the fixed formal-order powers in time and segments apply"",""the reviewed affine size calibration extrapolates as flagged""]",,,,,,,implemented-product-formula,False,False,0.011330328706147507,,,,,,,,,,,,,,,,,,,1.0,none,0.0,system register,1.0,13.0,45240.0,0.0,-1.0,3619200.0,66476.0,analytical-model,0.0012589254117941675,opnorm-v1-heisenberg-open-trotter-p4,heisenberg_chain,affine-aN-plus-b,2.8960516869,4.0,12.0,4.0,12.0,True,True,asymptotic-domain,0.1.0,3.11.9,2.5.0,b58b31db18364511c43757e27fffc7abce8df2c1,True,ok,,
1.0,heisenberg_chain:N013,-1.9,commutator,488.0,,,2.0,a8fa234e-a646-4911-8402-a67c302db4ae,2026-08-12T00:11:58.358108+00:00,c1ad72de628f71283ac69037e9bbe97c3e773952f5abde5eac91397ca322d1a6,resource-grid,heisenberg_chain,Heisenberg-13,"{""coupling"":1.0,""field_z"":0.3}",13,13.0,proportional,1.0,0.012589254117941675,39.89999999999996,49,trotter-p6,trotter,Trotter p=6,analytical,analytical,6.0,,,,,,488.0,,,,,,,,,,,,,,,,,,,,,,,,,,,,,,commuting,3.0,0.011289796624715711,2429973.763029318,schubert-mendl-commutator,"Schubert and Mendl, arXiv:2306.10603",Theorem 1,"{""prefactor"":2429973.763029318}",True,implemented-product-formula,True,,"[""the resolved ordered Hamiltonian groups match the implemented formula""]",,,,,,,implemented-product-formula,True,True,0.011330328706147507,,,,,,,,,,,,,,,,,,,1.0,none,0.0,system register,1.0,13.0,1061400.0,0.0,-1.0,99771600.0,1559609.0,analytical-model,0.0012589254117941675,,,,,,,,,,,,0.1.0,3.11.9,2.5.0,b58b31db18364511c43757e27fffc7abce8df2c1,True,ok,,
1.0,heisenberg_chain:N013,-1.9,empirical,78.0,,,2.0,a8fa234e-a646-4911-8402-a67c302db4ae,2026-08-12T00:11:58.358108+00:00,c1ad72de628f71283ac69037e9bbe97c3e773952f5abde5eac91397ca322d1a6,resource-grid,heisenberg_chain,Heisenberg-13,"{""coupling"":1.0,""field_z"":0.3}",13,13.0,proportional,1.0,0.012589254117941675,39.89999999999996,49,trotter-p6-empirical,trotter,Trotter p=6 [empirical],empirical-operator-norm,empirical,6.0,,,,,,78.0,,,,,,,,,,,,,,,,,,,,,,,,,,,,,,commuting,3.0,1.1732955902777759e-05,0.0421086762,empirical-operator-norm,Repository empirical operator-norm calibration study v1 (2026-08-10),reviewed calibration opnorm-v1-heisenberg-open-trotter-p6; artifact docs/calibration_data/empirical_1d_v1_accepted.json,"{""prefactor"":0.0421086762}",False,implemented-product-formula,False,,"[""the resolved ordered Hamiltonian groups match the implemented formula"",""the fixed formal-order powers in time and segments apply"",""the reviewed affine size calibration extrapolates as flagged""]",,,,,,,implemented-product-formula,False,False,0.011330328706147507,,,,,,,,,,,,,,,,,,,1.0,none,0.0,system register,1.0,13.0,169650.0,0.0,-1.0,14589900.0,249282.0,analytical-model,0.0012589254117941675,opnorm-v1-heisenberg-open-trotter-p6,heisenberg_chain,affine-aN-plus-b,0.0421086762,4.0,12.0,4.0,12.0,True,True,asymptotic-domain,0.1.0,3.11.9,2.5.0,b58b31db18364511c43757e27fffc7abce8df2c1,True,ok,,
1.0,heisenberg_chain:N013,-1.9,jacobi-anger,,,,2.0,a8fa234e-a646-4911-8402-a67c302db4ae,2026-08-12T00:11:58.358108+00:00,c1ad72de628f71283ac69037e9bbe97c3e773952f5abde5eac91397ca322d1a6,resource-grid,heisenberg_chain,Heisenberg-13,"{""coupling"":1.0,""field_z"":0.3}",13,13.0,proportional,1.0,0.012589254117941675,39.89999999999996,49,qsvt,qsvt,QSVT,jacobi-anger-rigorous,analytical,,,,,,,,,,,,,,,,,,,,,,,,,,,,,,,,,,,4251.0,709.0,,,0.001971443605033784,,jacobi-anger-polynomial-oaa,"Martyn et al., arXiv:2105.02859, Eqs. (76)--(77)",Jacobi--Anger tails plus exact cubic OAA identity,"{""oaa-unitarity-defect-distortion"":0.0009864497011733441,""scaled-polynomial-error"":0.00098499390386044}",True,ideal-qsvt-oaa-good-block,True,,"[""the cosine and sine polynomials are implemented exactly"",""the unamplified good block is exactly Q/2""]",,,,,,,implemented-qsvt-floating-phase-circuit,False,False,0.011330328706147507,,,,,,,,,,,,,,,,,,,2.0,one robust OAA round,1.0,"component, quadrature, and index registers all-zero",,27.0,544140.0,1309406.0,-1.0,54754364.0,8744895.0,analytical-model,0.0012589254117941675,,,,,,,,,,,,0.1.0,3.11.9,2.5.0,b58b31db18364511c43757e27fffc7abce8df2c1,True,ok,,
1.0,heisenberg_chain:N013,-1.9,empirical,,6.0,20.0,2.0,a8fa234e-a646-4911-8402-a67c302db4ae,2026-08-12T00:11:58.358108+00:00,c1ad72de628f71283ac69037e9bbe97c3e773952f5abde5eac91397ca322d1a6,resource-grid,heisenberg_chain,Heisenberg-13,"{""coupling"":1.0,""field_z"":0.3}",13,13.0,proportional,1.0,0.012589254117941675,39.89999999999996,49,mpf-j-mizuta2026-theorem6-empirical-operator-norm,multiproduct,MPF J=Mizuta Theorem 6 (resolved per point) [empirical operator norm],empirical-operator-norm,empirical,,6.0,12.0,mizuta2026-theorem6,6.300000000000004,0.011330328706147507,20.0,,,,[],,,,,,,,,,,,,,,[],,,,,,,empirical-operator-norm,[],1920.0,,,,4.856191204911691e-06,6.567380000000001e-05,empirical-operator-norm,Repository empirical operator-norm calibration study v1 (2026-08-10),reviewed calibration opnorm-v1-heisenberg-open-mpf-new-m6; fixed formal powers,"{""empirical_coefficient"":6.567380000000001e-05}",False,ideal-mpf,False,ordered individual Pauli terms,"[""the fixed formal-order powers in time and segments apply"",""the empirical estimate concerns the repeated ideal MPF operator"",""the reviewed affine size calibration extrapolates as flagged""]",,0.0,0.0,False,False,{},repeated-shared-ancilla-good-block,False,False,0.011330328706147507,new,"[1,2,3,4,6,16]","[-3.1123560535325236e-07,0.0007054673721340386,-0.031622325043377676,0.17337566137566138,-0.4544415584415584,1.311983065972746]",1.9721283894410828,0.02787161055891696,32.0,registered-exact,True,6.0,3.0,2.0,4.0,8.0,0.0,6.0,3.0,2.0,3.0,2.0,one robust OAA round per segment,20.0,branch register all-zero,,18.0,373320.0,1000.0,-1.0,33602800.0,653139.0,analytical-model,0.0012589254117941675,opnorm-v1-heisenberg-open-mpf-new-m6,heisenberg_chain,affine-aN-plus-b,6.567380000000001e-05,4.0,8.0,4.0,12.0,True,True,asymptotic-domain,0.1.0,3.11.9,2.5.0,b58b31db18364511c43757e27fffc7abce8df2c1,True,ok,,
1.0,heisenberg_chain:N013,-1.9,commutator,,6.0,10936.0,2.0,a8fa234e-a646-4911-8402-a67c302db4ae,2026-08-12T00:11:58.358108+00:00,c1ad72de628f71283ac69037e9bbe97c3e773952f5abde5eac91397ca322d1a6,resource-grid,heisenberg_chain,Heisenberg-13,"{""coupling"":1.0,""field_z"":0.3}",13,13.0,proportional,1.0,0.012589254117941675,39.89999999999996,49,mpf-j-mizuta2026-theorem6-mizuta2026-commutator-ideal-rigorous,multiproduct,MPF J=Mizuta Theorem 6 (resolved per point) [Mizuta 2026 refined commutator],mizuta2026-commutator-ideal-rigorous,analytical,,6.0,12.0,mizuta2026-theorem6,6.300000000000004,0.011330328706147507,10936.0,10936.0,,6556.0,"[""error""]",126.06301990645538,12.0,,,1.0238718707294337e-06,8.993653459751227e-19,9.661165537812416e-26,8.99365249363467e-19,8.993653459751227e-19,1.0238718707303333e-06,0.01132312987343739,2.0579972043594542e-05,False,0.001983135103264317,"[1.0000000000000002,1.0000000000000002,1.0000000000000002,1.0000000000000002,1.0000000000000002,1.0000000000000002,1.0000000000000002,1.0000000000000002,1.0000000000000002,1.0000000000000002,1.0000000000000002,1.0000000000000002,1.0000000000000002,1.0000000000000002,1.0000000000000002,1.0000000000000002,1.0000000000000002,1.0000000000000002,1.0000000000000002,1.0000000000000002,1.0000000000000002,1.0000000000000002,1.0000000000000002,1.0000000000000002,1.0000000000000002,1.0000000000000002,1.0000000000000002,1.0000000000000002,1.0000000000000002,1.0000000000000002,1.0000000000000002,1.0000000000000002,1.0000000000000002,1.0000000000000002,1.0000000000000002,1.0000000000000002,1.0000000000000002,1.0000000000000002,1.0000000000000002,1.0000000000000002,1.0000000000000002,1.0000000000000002,1.0000000000000002,1.0000000000000002,1.0000000000000002,1.0000000000000002,1.0000000000000002,1.0000000000000002,1.0000000000000002]",6.300000000000007,7.0,True,exact commutator transition cap reached; locality bound used,not-used,commutator,mizuta2026-commutator-ideal-rigorous,[],1049856.0,,,,0.01132312987343739,1.0817889771285125e+32,mizuta2026-commutator-ideal-rigorous,"Mizuta, Quantum 10, 1974 (2026), arXiv:2507.06557v4","Theorem 4, Eqs. (47)--(49), with direct Lemmas 9--10 BCH remainder","{""error_predicate_satisfied"":1.0,""extensiveness_g"":6.300000000000004,""joint_predicate_satisfied"":1.0,""legacy_first_condition_passed"":0.0,""legacy_first_time_limit"":2.0579972043594542e-05,""local_commutator_error"":1.0238718707294337e-06,""local_step_error"":1.0238718707303333e-06,""local_truncated_bch_error"":8.993653459751227e-19,""locality_k"":2.0,""mu_upper"":126.06301990645538,""refined_lemma10_remainder"":8.99365249363467e-19,""refined_lemma9_remainder"":9.661165537812416e-26,""refined_tail_fallback"":0.0,""repeated_global_error"":0.01132312987343739,""schedule_weighted_extensiveness"":6.300000000000007,""second_time_limit"":0.001983135103264317,""time_2_predicate_satisfied"":1.0,""total_branchwise_bch_remainder"":8.993653459751227e-19,""truncation_order_p0"":12.0}",True,ideal-mpf,True,ordered individual Pauli terms,"[""individual Pauli summands define the ordered H_gamma decomposition"",""the actual Strang factors define schedule-weighted g_alpha extensiveness"",""Lemma 9 and Lemma 10 positive majorants directly certify the BCH remainder"",""the scalar-flow/Cauchy refined tail certificate is used"",""Theorem 4 second time hypothesis is satisfied"",""the repeated ideal MPF is composed with the Eq. (15) telescoping argument""]","exact Pauli recurrence would require 466284 transitions at order 8, above cap 250000; remaining orders use Mizuta 2026 Eq. (8)",12.0,7.0,True,True,"{""2"":321.6000000000004,""3"":5070.720000000011,""4"":74820.86400000023,""5"":1370305.228800006,""6"":25164040.642560143,""7"":522290321.86675566,""8"":2663901875917312.5,""9"":5.3704261818492736e+17,""10"":1.2180126580434136e+20,""11"":3.0693918982694054e+22,""12"":8.508354342002837e+24}",repeated-shared-ancilla-good-block,True,False,0.011330328706147507,new,"[1,2,3,4,6,16]","[-3.1123560535325236e-07,0.0007054673721340386,-0.031622325043377676,0.17337566137566138,-0.4544415584415584,1.311983065972746]",1.9721283894410828,0.02787161055891696,32.0,registered-exact,True,6.0,3.0,2.0,4.0,8.0,0.0,6.0,3.0,2.0,3.0,2.0,one robust OAA round per segment,10936.0,branch register all-zero,,18.0,204131376.0,546800.0,-1.0,23885558192.0,357136283.0,analytical-model,0.0012589254117941675,,,,,,,,,,,,0.1.0,3.11.9,2.5.0,b58b31db18364511c43757e27fffc7abce8df2c1,True,ok,,
1.0,heisenberg_chain:N013,-2.0,commutator,5661.0,,,2.0,a8fa234e-a646-4911-8402-a67c302db4ae,2026-08-12T00:11:58.358108+00:00,c1ad72de628f71283ac69037e9bbe97c3e773952f5abde5eac91397ca322d1a6,resource-grid,heisenberg_chain,Heisenberg-13,"{""coupling"":1.0,""field_z"":0.3}",13,13.0,proportional,1.0,0.01,39.89999999999996,49,trotter-p2,trotter,Trotter p=2,analytical,analytical,2.0,,,,,,5661.0,,,,,,,,,,,,,,,,,,,,,,,,,,,,,,individual,49.0,0.008999995974652298,131.28000000000006,childs-commutator,"Childs, Su, Tran, Wiebe, and Zhu, arXiv:1912.08854",Propositions 9--10,"{""prefactor"":131.28000000000006}",True,implemented-product-formula,True,,"[""the resolved ordered Hamiltonian groups match the implemented formula""]",,,,,,,implemented-product-formula,True,True,0.009000000000000001,,,,,,,,,,,,,,,,,,,1.0,none,0.0,system register,1.0,13.0,549117.0,0.0,-1.0,50518764.0,806866.0,analytical-model,0.001,,,,,,,,,,,,0.1.0,3.11.9,2.5.0,b58b31db18364511c43757e27fffc7abce8df2c1,True,ok,,
1.0,heisenberg_chain:N013,-2.0,empirical,1765.0,,,2.0,a8fa234e-a646-4911-8402-a67c302db4ae,2026-08-12T00:11:58.358108+00:00,c1ad72de628f71283ac69037e9bbe97c3e773952f5abde5eac91397ca322d1a6,resource-grid,heisenberg_chain,Heisenberg-13,"{""coupling"":1.0,""field_z"":0.3}",13,13.0,proportional,1.0,0.01,39.89999999999996,49,trotter-p2-empirical,trotter,Trotter p=2 [empirical],empirical-operator-norm,empirical,2.0,,,,,,1765.0,,,,,,,,,,,,,,,,,,,,,,,,,,,,,,individual,49.0,0.008990555814444452,12.748112989099997,empirical-operator-norm,Repository empirical operator-norm calibration study v1 (2026-08-10),reviewed calibration opnorm-v1-heisenberg-open-trotter-p2; artifact docs/calibration_data/empirical_1d_v1_accepted.json,"{""prefactor"":12.748112989099997}",False,implemented-product-formula,False,,"[""the resolved ordered Hamiltonian groups match the implemented formula"",""the fixed formal-order powers in time and segments apply"",""the reviewed affine size calibration extrapolates as flagged""]",,,,,,,implemented-product-formula,False,False,0.009000000000000001,,,,,,,,,,,,,,,,,,,1.0,none,0.0,system register,1.0,13.0,171205.0,0.0,-1.0,14894835.0,251567.0,analytical-model,0.001,opnorm-v1-heisenberg-open-trotter-p2,heisenberg_chain,affine-aN-plus-b,12.748112989099997,4.0,12.0,4.0,12.0,True,True,formula,0.1.0,3.11.9,2.5.0,b58b31db18364511c43757e27fffc7abce8df2c1,True,ok,,
1.0,heisenberg_chain:N013,-2.0,commutator,733.0,,,2.0,a8fa234e-a646-4911-8402-a67c302db4ae,2026-08-12T00:11:58.358108+00:00,c1ad72de628f71283ac69037e9bbe97c3e773952f5abde5eac91397ca322d1a6,resource-grid,heisenberg_chain,Heisenberg-13,"{""coupling"":1.0,""field_z"":0.3}",13,13.0,proportional,1.0,0.01,39.89999999999996,49,trotter-p4,trotter,Trotter p=4,analytical,analytical,4.0,,,,,,733.0,,,,,,,,,,,,,,,,,,,,,,,,,,,,,,commuting,3.0,0.008991650757321215,6990.98817037107,schubert-mendl-commutator,"Schubert and Mendl, arXiv:2306.10603",Theorem 1,"{""prefactor"":6990.98817037107}",True,implemented-product-formula,True,,"[""the resolved ordered Hamiltonian groups match the implemented formula""]",,,,,,,implemented-product-formula,True,True,0.009000000000000001,,,,,,,,,,,,,,,,,,,1.0,none,0.0,system register,1.0,13.0,318855.0,0.0,-1.0,28696950.0,468522.0,analytical-model,0.001,,,,,,,,,,,,0.1.0,3.11.9,2.5.0,b58b31db18364511c43757e27fffc7abce8df2c1,True,ok,,
1.0,heisenberg_chain:N013,-2.0,empirical,105.0,,,2.0,a8fa234e-a646-4911-8402-a67c302db4ae,2026-08-12T00:11:58.358108+00:00,c1ad72de628f71283ac69037e9bbe97c3e773952f5abde5eac91397ca322d1a6,resource-grid,heisenberg_chain,Heisenberg-13,"{""coupling"":1.0,""field_z"":0.3}",13,13.0,proportional,1.0,0.01,39.89999999999996,49,trotter-p4-empirical,trotter,Trotter p=4 [empirical],empirical-operator-norm,empirical,4.0,,,,,,105.0,,,,,,,,,,,,,,,,,,,,,,,,,,,,,,commuting,3.0,0.008846385767116896,2.8960516869,empirical-operator-norm,Repository empirical operator-norm calibration study v1 (2026-08-10),reviewed calibration opnorm-v1-heisenberg-open-trotter-p4; artifact docs/calibration_data/empirical_1d_v1_accepted.json,"{""prefactor"":2.8960516869}",False,implemented-product-formula,False,,"[""the resolved ordered Hamiltonian groups match the implemented formula"",""the fixed formal-order powers in time and segments apply"",""the reviewed affine size calibration extrapolates as flagged""]",,,,,,,implemented-product-formula,False,False,0.009000000000000001,,,,,,,,,,,,,,,,,,,1.0,none,0.0,system register,1.0,13.0,45675.0,0.0,-1.0,3745350.0,67115.0,analytical-model,0.001,opnorm-v1-heisenberg-open-trotter-p4,heisenberg_chain,affine-aN-plus-b,2.8960516869,4.0,12.0,4.0,12.0,True,True,formula,0.1.0,3.11.9,2.5.0,b58b31db18364511c43757e27fffc7abce8df2c1,True,ok,,
1.0,heisenberg_chain:N013,-2.0,commutator,507.0,,,2.0,a8fa234e-a646-4911-8402-a67c302db4ae,2026-08-12T00:11:58.358108+00:00,c1ad72de628f71283ac69037e9bbe97c3e773952f5abde5eac91397ca322d1a6,resource-grid,heisenberg_chain,Heisenberg-13,"{""coupling"":1.0,""field_z"":0.3}",13,13.0,proportional,1.0,0.01,39.89999999999996,49,trotter-p6,trotter,Trotter p=6,analytical,analytical,6.0,,,,,,507.0,,,,,,,,,,,,,,,,,,,,,,,,,,,,,,commuting,3.0,0.008977538878933202,2429973.763029318,schubert-mendl-commutator,"Schubert and Mendl, arXiv:2306.10603",Theorem 1,"{""prefactor"":2429973.763029318}",True,implemented-product-formula,True,,"[""the resolved ordered Hamiltonian groups match the implemented formula""]",,,,,,,implemented-product-formula,True,True,0.009000000000000001,,,,,,,,,,,,,,,,,,,1.0,none,0.0,system register,1.0,13.0,1102725.0,0.0,-1.0,105861600.0,1620331.0,analytical-model,0.001,,,,,,,,,,,,0.1.0,3.11.9,2.5.0,b58b31db18364511c43757e27fffc7abce8df2c1,True,ok,,
1.0,heisenberg_chain:N013,-2.0,empirical,78.0,,,2.0,a8fa234e-a646-4911-8402-a67c302db4ae,2026-08-12T00:11:58.358108+00:00,c1ad72de628f71283ac69037e9bbe97c3e773952f5abde5eac91397ca322d1a6,resource-grid,heisenberg_chain,Heisenberg-13,"{""coupling"":1.0,""field_z"":0.3}",13,13.0,proportional,1.0,0.01,39.89999999999996,49,trotter-p6-empirical,trotter,Trotter p=6 [empirical],empirical-operator-norm,empirical,6.0,,,,,,78.0,,,,,,,,,,,,,,,,,,,,,,,,,,,,,,commuting,3.0,1.1732955902777759e-05,0.0421086762,empirical-operator-norm,Repository empirical operator-norm calibration study v1 (2026-08-10),reviewed calibration opnorm-v1-heisenberg-open-trotter-p6; artifact docs/calibration_data/empirical_1d_v1_accepted.json,"{""prefactor"":0.0421086762}",False,implemented-product-formula,False,,"[""the resolved ordered Hamiltonian groups match the implemented formula"",""the fixed formal-order powers in time and segments apply"",""the reviewed affine size calibration extrapolates as flagged""]",,,,,,,implemented-product-formula,False,False,0.009000000000000001,,,,,,,,,,,,,,,,,,,1.0,none,0.0,system register,1.0,13.0,169650.0,0.0,-1.0,14759550.0,249282.0,analytical-model,0.001,opnorm-v1-heisenberg-open-trotter-p6,heisenberg_chain,affine-aN-plus-b,0.0421086762,4.0,12.0,4.0,12.0,True,True,asymptotic-domain,0.1.0,3.11.9,2.5.0,b58b31db18364511c43757e27fffc7abce8df2c1,True,ok,,
1.0,heisenberg_chain:N013,-2.0,jacobi-anger,,,,2.0,a8fa234e-a646-4911-8402-a67c302db4ae,2026-08-12T00:11:58.358108+00:00,c1ad72de628f71283ac69037e9bbe97c3e773952f5abde5eac91397ca322d1a6,resource-grid,heisenberg_chain,Heisenberg-13,"{""coupling"":1.0,""field_z"":0.3}",13,13.0,proportional,1.0,0.01,39.89999999999996,49,qsvt,qsvt,QSVT,jacobi-anger-rigorous,analytical,,,,,,,,,,,,,,,,,,,,,,,,,,,,,,,,,,,4251.0,709.0,,,0.0017122528417763683,,jacobi-anger-polynomial-oaa,"Martyn et al., arXiv:2105.02859, Eqs. (76)--(77)",Jacobi--Anger tails plus exact cubic OAA identity,"{""oaa-unitarity-defect-distortion"":0.0008566755867909189,""scaled-polynomial-error"":0.0008555772549854494}",True,ideal-qsvt-oaa-good-block,True,,"[""the cosine and sine polynomials are implemented exactly"",""the unamplified good block is exactly Q/2""]",,,,,,,implemented-qsvt-floating-phase-circuit,False,False,0.009000000000000001,,,,,,,,,,,,,,,,,,,2.0,one robust OAA round,1.0,"component, quadrature, and index registers all-zero",,27.0,544140.0,1309406.0,-1.0,55298504.0,8744895.0,analytical-model,0.001,,,,,,,,,,,,0.1.0,3.11.9,2.5.0,b58b31db18364511c43757e27fffc7abce8df2c1,True,ok,,
1.0,heisenberg_chain:N013,-2.0,empirical,,6.0,20.0,2.0,a8fa234e-a646-4911-8402-a67c302db4ae,2026-08-12T00:11:58.358108+00:00,c1ad72de628f71283ac69037e9bbe97c3e773952f5abde5eac91397ca322d1a6,resource-grid,heisenberg_chain,Heisenberg-13,"{""coupling"":1.0,""field_z"":0.3}",13,13.0,proportional,1.0,0.01,39.89999999999996,49,mpf-j-mizuta2026-theorem6-empirical-operator-norm,multiproduct,MPF J=Mizuta Theorem 6 (resolved per point) [empirical operator norm],empirical-operator-norm,empirical,,6.0,12.0,mizuta2026-theorem6,6.300000000000004,0.009000000000000001,20.0,,,,[],,,,,,,,,,,,,,,[],,,,,,,empirical-operator-norm,[],1920.0,,,,4.856191204911691e-06,6.567380000000001e-05,empirical-operator-norm,Repository empirical operator-norm calibration study v1 (2026-08-10),reviewed calibration opnorm-v1-heisenberg-open-mpf-new-m6; fixed formal powers,"{""empirical_coefficient"":6.567380000000001e-05}",False,ideal-mpf,False,ordered individual Pauli terms,"[""the fixed formal-order powers in time and segments apply"",""the empirical estimate concerns the repeated ideal MPF operator"",""the reviewed affine size calibration extrapolates as flagged""]",,0.0,0.0,False,False,{},repeated-shared-ancilla-good-block,False,False,0.009000000000000001,new,"[1,2,3,4,6,16]","[-3.1123560535325236e-07,0.0007054673721340386,-0.031622325043377676,0.17337566137566138,-0.4544415584415584,1.311983065972746]",1.9721283894410828,0.02787161055891696,32.0,registered-exact,True,6.0,3.0,2.0,4.0,8.0,0.0,6.0,3.0,2.0,3.0,2.0,one robust OAA round per segment,20.0,branch register all-zero,,18.0,373320.0,1000.0,-1.0,33976120.0,653139.0,analytical-model,0.001,opnorm-v1-heisenberg-open-mpf-new-m6,heisenberg_chain,affine-aN-plus-b,6.567380000000001e-05,4.0,8.0,4.0,12.0,True,True,asymptotic-domain,0.1.0,3.11.9,2.5.0,b58b31db18364511c43757e27fffc7abce8df2c1,True,ok,,
1.0,heisenberg_chain:N013,-2.0,commutator,,6.0,11146.0,2.0,a8fa234e-a646-4911-8402-a67c302db4ae,2026-08-12T00:11:58.358108+00:00,c1ad72de628f71283ac69037e9bbe97c3e773952f5abde5eac91397ca322d1a6,resource-grid,heisenberg_chain,Heisenberg-13,"{""coupling"":1.0,""field_z"":0.3}",13,13.0,proportional,1.0,0.01,39.89999999999996,49,mpf-j-mizuta2026-theorem6-mizuta2026-commutator-ideal-rigorous,multiproduct,MPF J=Mizuta Theorem 6 (resolved per point) [Mizuta 2026 refined commutator],mizuta2026-commutator-ideal-rigorous,analytical,,6.0,12.0,mizuta2026-theorem6,6.300000000000004,0.009000000000000001,11146.0,11146.0,,6556.0,"[""error""]",126.06301990645538,12.0,,,7.99573935439374e-07,7.008832147039923e-19,7.541077650112184e-26,7.008831392932157e-19,7.008832147039923e-19,7.995739354400751e-07,0.008991823489296679,2.0579972043594542e-05,False,0.001983135103264317,"[1.0000000000000002,1.0000000000000002,1.0000000000000002,1.0000000000000002,1.0000000000000002,1.0000000000000002,1.0000000000000002,1.0000000000000002,1.0000000000000002,1.0000000000000002,1.0000000000000002,1.0000000000000002,1.0000000000000002,1.0000000000000002,1.0000000000000002,1.0000000000000002,1.0000000000000002,1.0000000000000002,1.0000000000000002,1.0000000000000002,1.0000000000000002,1.0000000000000002,1.0000000000000002,1.0000000000000002,1.0000000000000002,1.0000000000000002,1.0000000000000002,1.0000000000000002,1.0000000000000002,1.0000000000000002,1.0000000000000002,1.0000000000000002,1.0000000000000002,1.0000000000000002,1.0000000000000002,1.0000000000000002,1.0000000000000002,1.0000000000000002,1.0000000000000002,1.0000000000000002,1.0000000000000002,1.0000000000000002,1.0000000000000002,1.0000000000000002,1.0000000000000002,1.0000000000000002,1.0000000000000002,1.0000000000000002,1.0000000000000002]",6.300000000000007,7.0,True,exact commutator transition cap reached; locality bound used,not-used,commutator,mizuta2026-commutator-ideal-rigorous,[],1070016.0,,,,0.008991823489296679,1.0817889771285125e+32,mizuta2026-commutator-ideal-rigorous,"Mizuta, Quantum 10, 1974 (2026), arXiv:2507.06557v4","Theorem 4, Eqs. (47)--(49), with direct Lemmas 9--10 BCH remainder","{""error_predicate_satisfied"":1.0,""extensiveness_g"":6.300000000000004,""joint_predicate_satisfied"":1.0,""legacy_first_condition_passed"":0.0,""legacy_first_time_limit"":2.0579972043594542e-05,""local_commutator_error"":7.99573935439374e-07,""local_step_error"":7.995739354400751e-07,""local_truncated_bch_error"":7.008832147039923e-19,""locality_k"":2.0,""mu_upper"":126.06301990645538,""refined_lemma10_remainder"":7.008831392932157e-19,""refined_lemma9_remainder"":7.541077650112184e-26,""refined_tail_fallback"":0.0,""repeated_global_error"":0.008991823489296679,""schedule_weighted_extensiveness"":6.300000000000007,""second_time_limit"":0.001983135103264317,""time_2_predicate_satisfied"":1.0,""total_branchwise_bch_remainder"":7.008832147039923e-19,""truncation_order_p0"":12.0}",True,ideal-mpf,True,ordered individual Pauli terms,"[""individual Pauli summands define the ordered H_gamma decomposition"",""the actual Strang factors define schedule-weighted g_alpha extensiveness"",""Lemma 9 and Lemma 10 positive majorants directly certify the BCH remainder"",""the scalar-flow/Cauchy refined tail certificate is used"",""Theorem 4 second time hypothesis is satisfied"",""the repeated ideal MPF is composed with the Eq. (15) telescoping argument""]","exact Pauli recurrence would require 466284 transitions at order 8, above cap 250000; remaining orders use Mizuta 2026 Eq. (8)",12.0,7.0,True,True,"{""2"":321.6000000000004,""3"":5070.720000000011,""4"":74820.86400000023,""5"":1370305.228800006,""6"":25164040.642560143,""7"":522290321.86675566,""8"":2663901875917312.5,""9"":5.3704261818492736e+17,""10"":1.2180126580434136e+20,""11"":3.0693918982694054e+22,""12"":8.508354342002837e+24}",repeated-shared-ancilla-good-block,True,False,0.009000000000000001,new,"[1,2,3,4,6,16]","[-3.1123560535325236e-07,0.0007054673721340386,-0.031622325043377676,0.17337566137566138,-0.4544415584415584,1.311983065972746]",1.9721283894410828,0.02787161055891696,32.0,registered-exact,True,6.0,3.0,2.0,4.0,8.0,0.0,6.0,3.0,2.0,3.0,2.0,one robust OAA round per segment,11146.0,branch register all-zero,,18.0,208051236.0,557300.0,-1.0,24760326284.0,363994240.0,analytical-model,0.001,,,,,,,,,,,,0.1.0,3.11.9,2.5.0,b58b31db18364511c43757e27fffc7abce8df2c1,True,ok,,
1.0,heisenberg_chain:N013,-2.1,commutator,6352.0,,,2.0,a8fa234e-a646-4911-8402-a67c302db4ae,2026-08-12T00:11:58.358108+00:00,c1ad72de628f71283ac69037e9bbe97c3e773952f5abde5eac91397ca322d1a6,resource-grid,heisenberg_chain,Heisenberg-13,"{""coupling"":1.0,""field_z"":0.3}",13,13.0,proportional,1.0,0.007943282347242814,39.89999999999996,49,trotter-p2,trotter,Trotter p=2,analytical,analytical,2.0,,,,,,6352.0,,,,,,,,,,,,,,,,,,,,,,,,,,,,,,individual,49.0,0.007148380247955388,131.28000000000006,childs-commutator,"Childs, Su, Tran, Wiebe, and Zhu, arXiv:1912.08854",Propositions 9--10,"{""prefactor"":131.28000000000006}",True,implemented-product-formula,True,,"[""the resolved ordered Hamiltonian groups match the implemented formula""]",,,,,,,implemented-product-formula,True,True,0.007148954112518533,,,,,,,,,,,,,,,,,,,1.0,none,0.0,system register,1.0,13.0,616144.0,0.0,-1.0,57917536.0,905355.0,analytical-model,0.0007943282347242814,,,,,,,,,,,,0.1.0,3.11.9,2.5.0,b58b31db18364511c43757e27fffc7abce8df2c1,True,ok,,
1.0,heisenberg_chain:N013,-2.1,empirical,1980.0,,,2.0,a8fa234e-a646-4911-8402-a67c302db4ae,2026-08-12T00:11:58.358108+00:00,c1ad72de628f71283ac69037e9bbe97c3e773952f5abde5eac91397ca322d1a6,resource-grid,heisenberg_chain,Heisenberg-13,"{""coupling"":1.0,""field_z"":0.3}",13,13.0,proportional,1.0,0.007943282347242814,39.89999999999996,49,trotter-p2-empirical,trotter,Trotter p=2 [empirical],empirical-operator-norm,empirical,2.0,,,,,,1980.0,,,,,,,,,,,,,,,,,,,,,,,,,,,,,,individual,49.0,0.007144068012716229,12.748112989099997,empirical-operator-norm,Repository empirical operator-norm calibration study v1 (2026-08-10),reviewed calibration opnorm-v1-heisenberg-open-trotter-p2; artifact docs/calibration_data/empirical_1d_v1_accepted.json,"{""prefactor"":12.748112989099997}",False,implemented-product-formula,False,,"[""the resolved ordered Hamiltonian groups match the implemented formula"",""the fixed formal-order powers in time and segments apply"",""the reviewed affine size calibration extrapolates as flagged""]",,,,,,,implemented-product-formula,False,False,0.007148954112518533,,,,,,,,,,,,,,,,,,,1.0,none,0.0,system register,1.0,13.0,192060.0,0.0,-1.0,17093340.0,282211.0,analytical-model,0.0007943282347242814,opnorm-v1-heisenberg-open-trotter-p2,heisenberg_chain,affine-aN-plus-b,12.748112989099997,4.0,12.0,4.0,12.0,True,True,formula,0.1.0,3.11.9,2.5.0,b58b31db18364511c43757e27fffc7abce8df2c1,True,ok,,
1.0,heisenberg_chain:N013,-2.1,commutator,777.0,,,2.0,a8fa234e-a646-4911-8402-a67c302db4ae,2026-08-12T00:11:58.358108+00:00,c1ad72de628f71283ac69037e9bbe97c3e773952f5abde5eac91397ca322d1a6,resource-grid,heisenberg_chain,Heisenberg-13,"{""coupling"":1.0,""field_z"":0.3}",13,13.0,proportional,1.0,0.007943282347242814,39.89999999999996,49,trotter-p4,trotter,Trotter p=4,analytical,analytical,4.0,,,,,,777.0,,,,,,,,,,,,,,,,,,,,,,,,,,,,,,commuting,3.0,0.007121496309744375,6990.98817037107,schubert-mendl-commutator,"Schubert and Mendl, arXiv:2306.10603",Theorem 1,"{""prefactor"":6990.98817037107}",True,implemented-product-formula,True,,"[""the resolved ordered Hamiltonian groups match the implemented formula""]",,,,,,,implemented-product-formula,True,True,0.007148954112518533,,,,,,,,,,,,,,,,,,,1.0,none,0.0,system register,1.0,13.0,337995.0,0.0,-1.0,30757545.0,496646.0,analytical-model,0.0007943282347242814,,,,,,,,,,,,0.1.0,3.11.9,2.5.0,b58b31db18364511c43757e27fffc7abce8df2c1,True,ok,,
1.0,heisenberg_chain:N013,-2.1,empirical,111.0,,,2.0,a8fa234e-a646-4911-8402-a67c302db4ae,2026-08-12T00:11:58.358108+00:00,c1ad72de628f71283ac69037e9bbe97c3e773952f5abde5eac91397ca322d1a6,resource-grid,heisenberg_chain,Heisenberg-13,"{""coupling"":1.0,""field_z"":0.3}",13,13.0,proportional,1.0,0.007943282347242814,39.89999999999996,49,trotter-p4-empirical,trotter,Trotter p=4 [empirical],empirical-operator-norm,empirical,4.0,,,,,,111.0,,,,,,,,,,,,,,,,,,,,,,,,,,,,,,commuting,3.0,0.007083226916886964,2.8960516869,empirical-operator-norm,Repository empirical operator-norm calibration study v1 (2026-08-10),reviewed calibration opnorm-v1-heisenberg-open-trotter-p4; artifact docs/calibration_data/empirical_1d_v1_accepted.json,"{""prefactor"":2.8960516869}",False,implemented-product-formula,False,,"[""the resolved ordered Hamiltonian groups match the implemented formula"",""the fixed formal-order powers in time and segments apply"",""the reviewed affine size calibration extrapolates as flagged""]",,,,,,,implemented-product-formula,False,False,0.007148954112518533,,,,,,,,,,,,,,,,,,,1.0,none,0.0,system register,1.0,13.0,48285.0,0.0,-1.0,4007655.0,70950.0,analytical-model,0.0007943282347242814,opnorm-v1-heisenberg-open-trotter-p4,heisenberg_chain,affine-aN-plus-b,2.8960516869,4.0,12.0,4.0,12.0,True,True,formula,0.1.0,3.11.9,2.5.0,b58b31db18364511c43757e27fffc7abce8df2c1,True,ok,,
1.0,heisenberg_chain:N013,-2.1,commutator,527.0,,,2.0,a8fa234e-a646-4911-8402-a67c302db4ae,2026-08-12T00:11:58.358108+00:00,c1ad72de628f71283ac69037e9bbe97c3e773952f5abde5eac91397ca322d1a6,resource-grid,heisenberg_chain,Heisenberg-13,"{""coupling"":1.0,""field_z"":0.3}",13,13.0,proportional,1.0,0.007943282347242814,39.89999999999996,49,trotter-p6,trotter,Trotter p=6,analytical,analytical,6.0,,,,,,527.0,,,,,,,,,,,,,,,,,,,,,,,,,,,,,,commuting,3.0,0.007117727535491349,2429973.763029318,schubert-mendl-commutator,"Schubert and Mendl, arXiv:2306.10603",Theorem 1,"{""prefactor"":2429973.763029318}",True,implemented-product-formula,True,,"[""the resolved ordered Hamiltonian groups match the implemented formula""]",,,,,,,implemented-product-formula,True,True,0.007148954112518533,,,,,,,,,,,,,,,,,,,1.0,none,0.0,system register,1.0,13.0,1146225.0,0.0,-1.0,111183825.0,1684249.0,analytical-model,0.0007943282347242814,,,,,,,,,,,,0.1.0,3.11.9,2.5.0,b58b31db18364511c43757e27fffc7abce8df2c1,True,ok,,
1.0,heisenberg_chain:N013,-2.1,empirical,78.0,,,2.0,a8fa234e-a646-4911-8402-a67c302db4ae,2026-08-12T00:11:58.358108+00:00,c1ad72de628f71283ac69037e9bbe97c3e773952f5abde5eac91397ca322d1a6,resource-grid,heisenberg_chain,Heisenberg-13,"{""coupling"":1.0,""field_z"":0.3}",13,13.0,proportional,1.0,0.007943282347242814,39.89999999999996,49,trotter-p6-empirical,trotter,Trotter p=6 [empirical],empirical-operator-norm,empirical,6.0,,,,,,78.0,,,,,,,,,,,,,,,,,,,,,,,,,,,,,,commuting,3.0,1.1732955902777759e-05,0.0421086762,empirical-operator-norm,Repository empirical operator-norm calibration study v1 (2026-08-10),reviewed calibration opnorm-v1-heisenberg-open-trotter-p6; artifact docs/calibration_data/empirical_1d_v1_accepted.json,"{""prefactor"":0.0421086762}",False,implemented-product-formula,False,,"[""the resolved ordered Hamiltonian groups match the implemented formula"",""the fixed formal-order powers in time and segments apply"",""the reviewed affine size calibration extrapolates as flagged""]",,,,,,,implemented-product-formula,False,False,0.007148954112518533,,,,,,,,,,,,,,,,,,,1.0,none,0.0,system register,1.0,13.0,169650.0,0.0,-1.0,14929200.0,249282.0,analytical-model,0.0007943282347242814,opnorm-v1-heisenberg-open-trotter-p6,heisenberg_chain,affine-aN-plus-b,0.0421086762,4.0,12.0,4.0,12.0,True,True,asymptotic-domain,0.1.0,3.11.9,2.5.0,b58b31db18364511c43757e27fffc7abce8df2c1,True,ok,,
1.0,heisenberg_chain:N013,-2.1,jacobi-anger,,,,2.0,a8fa234e-a646-4911-8402-a67c302db4ae,2026-08-12T00:11:58.358108+00:00,c1ad72de628f71283ac69037e9bbe97c3e773952f5abde5eac91397ca322d1a6,resource-grid,heisenberg_chain,Heisenberg-13,"{""coupling"":1.0,""field_z"":0.3}",13,13.0,proportional,1.0,0.007943282347242814,39.89999999999996,49,qsvt,qsvt,QSVT,jacobi-anger-rigorous,analytical,,,,,,,,,,,,,,,,,,,,,,,,,,,,,,,,,,,4251.0,709.0,,,0.0015064061387497028,,jacobi-anger-polynomial-oaa,"Martyn et al., arXiv:2105.02859, Eqs. (76)--(77)",Jacobi--Anger tails plus exact cubic OAA identity,"{""oaa-unitarity-defect-distortion"":0.0007536281820090141,""scaled-polynomial-error"":0.0007527779567406887}",True,ideal-qsvt-oaa-good-block,True,,"[""the cosine and sine polynomials are implemented exactly"",""the unamplified good block is exactly Q/2""]",,,,,,,implemented-qsvt-floating-phase-circuit,False,False,0.007148954112518533,,,,,,,,,,,,,,,,,,,2.0,one robust OAA round,1.0,"component, quadrature, and index registers all-zero",,27.0,544140.0,1309406.0,-1.0,55842644.0,8744895.0,analytical-model,0.0007943282347242814,,,,,,,,,,,,0.1.0,3.11.9,2.5.0,b58b31db18364511c43757e27fffc7abce8df2c1,True,ok,,
1.0,heisenberg_chain:N013,-2.1,empirical,,6.0,20.0,2.0,a8fa234e-a646-4911-8402-a67c302db4ae,2026-08-12T00:11:58.358108+00:00,c1ad72de628f71283ac69037e9bbe97c3e773952f5abde5eac91397ca322d1a6,resource-grid,heisenberg_chain,Heisenberg-13,"{""coupling"":1.0,""field_z"":0.3}",13,13.0,proportional,1.0,0.007943282347242814,39.89999999999996,49,mpf-j-mizuta2026-theorem6-empirical-operator-norm,multiproduct,MPF J=Mizuta Theorem 6 (resolved per point) [empirical operator norm],empirical-operator-norm,empirical,,6.0,12.0,mizuta2026-theorem6,6.300000000000004,0.007148954112518533,20.0,,,,[],,,,,,,,,,,,,,,[],,,,,,,empirical-operator-norm,[],1920.0,,,,4.856191204911691e-06,6.567380000000001e-05,empirical-operator-norm,Repository empirical operator-norm calibration study v1 (2026-08-10),reviewed calibration opnorm-v1-heisenberg-open-mpf-new-m6; fixed formal powers,"{""empirical_coefficient"":6.567380000000001e-05}",False,ideal-mpf,False,ordered individual Pauli terms,"[""the fixed formal-order powers in time and segments apply"",""the empirical estimate concerns the repeated ideal MPF operator"",""the reviewed affine size calibration extrapolates as flagged""]",,0.0,0.0,False,False,{},repeated-shared-ancilla-good-block,False,False,0.007148954112518533,new,"[1,2,3,4,6,16]","[-3.1123560535325236e-07,0.0007054673721340386,-0.031622325043377676,0.17337566137566138,-0.4544415584415584,1.311983065972746]",1.9721283894410828,0.02787161055891696,32.0,registered-exact,True,6.0,3.0,2.0,4.0,8.0,0.0,6.0,3.0,2.0,3.0,2.0,one robust OAA round per segment,20.0,branch register all-zero,,18.0,373320.0,1000.0,-1.0,34349440.0,653139.0,analytical-model,0.0007943282347242814,opnorm-v1-heisenberg-open-mpf-new-m6,heisenberg_chain,affine-aN-plus-b,6.567380000000001e-05,4.0,8.0,4.0,12.0,True,True,asymptotic-domain,0.1.0,3.11.9,2.5.0,b58b31db18364511c43757e27fffc7abce8df2c1,True,ok,,
1.0,heisenberg_chain:N013,-2.1,commutator,,6.0,11360.0,2.0,a8fa234e-a646-4911-8402-a67c302db4ae,2026-08-12T00:11:58.358108+00:00,c1ad72de628f71283ac69037e9bbe97c3e773952f5abde5eac91397ca322d1a6,resource-grid,heisenberg_chain,Heisenberg-13,"{""coupling"":1.0,""field_z"":0.3}",13,13.0,proportional,1.0,0.007943282347242814,39.89999999999996,49,mpf-j-mizuta2026-theorem6-mizuta2026-commutator-ideal-rigorous,multiproduct,MPF J=Mizuta Theorem 6 (resolved per point) [Mizuta 2026 refined commutator],mizuta2026-commutator-ideal-rigorous,analytical,,6.0,12.0,mizuta2026-theorem6,6.300000000000004,0.007148954112518533,11360.0,11360.0,,6556.0,"[""error""]",126.06301990645538,12.0,,,6.244358431877095e-07,5.462484841441095e-19,5.886505794418782e-26,5.462484252790515e-19,5.462484841441095e-19,6.244358431882558e-07,0.007144084631667725,2.0579972043594542e-05,False,0.001983135103264317,"[1.0000000000000002,1.0000000000000002,1.0000000000000002,1.0000000000000002,1.0000000000000002,1.0000000000000002,1.0000000000000002,1.0000000000000002,1.0000000000000002,1.0000000000000002,1.0000000000000002,1.0000000000000002,1.0000000000000002,1.0000000000000002,1.0000000000000002,1.0000000000000002,1.0000000000000002,1.0000000000000002,1.0000000000000002,1.0000000000000002,1.0000000000000002,1.0000000000000002,1.0000000000000002,1.0000000000000002,1.0000000000000002,1.0000000000000002,1.0000000000000002,1.0000000000000002,1.0000000000000002,1.0000000000000002,1.0000000000000002,1.0000000000000002,1.0000000000000002,1.0000000000000002,1.0000000000000002,1.0000000000000002,1.0000000000000002,1.0000000000000002,1.0000000000000002,1.0000000000000002,1.0000000000000002,1.0000000000000002,1.0000000000000002,1.0000000000000002,1.0000000000000002,1.0000000000000002,1.0000000000000002,1.0000000000000002,1.0000000000000002]",6.300000000000007,7.0,True,exact commutator transition cap reached; locality bound used,not-used,commutator,mizuta2026-commutator-ideal-rigorous,[],1090560.0,,,,0.007144084631667725,1.0817889771285125e+32,mizuta2026-commutator-ideal-rigorous,"Mizuta, Quantum 10, 1974 (2026), arXiv:2507.06557v4","Theorem 4, Eqs. (47)--(49), with direct Lemmas 9--10 BCH remainder","{""error_predicate_satisfied"":1.0,""extensiveness_g"":6.300000000000004,""joint_predicate_satisfied"":1.0,""legacy_first_condition_passed"":0.0,""legacy_first_time_limit"":2.0579972043594542e-05,""local_commutator_error"":6.244358431877095e-07,""local_step_error"":6.244358431882558e-07,""local_truncated_bch_error"":5.462484841441095e-19,""locality_k"":2.0,""mu_upper"":126.06301990645538,""refined_lemma10_remainder"":5.462484252790515e-19,""refined_lemma9_remainder"":5.886505794418782e-26,""refined_tail_fallback"":0.0,""repeated_global_error"":0.007144084631667725,""schedule_weighted_extensiveness"":6.300000000000007,""second_time_limit"":0.001983135103264317,""time_2_predicate_satisfied"":1.0,""total_branchwise_bch_remainder"":5.462484841441095e-19,""truncation_order_p0"":12.0}",True,ideal-mpf,True,ordered individual Pauli terms,"[""individual Pauli summands define the ordered H_gamma decomposition"",""the actual Strang factors define schedule-weighted g_alpha extensiveness"",""Lemma 9 and Lemma 10 positive majorants directly certify the BCH remainder"",""the scalar-flow/Cauchy refined tail certificate is used"",""Theorem 4 second time hypothesis is satisfied"",""the repeated ideal MPF is composed with the Eq. (15) telescoping argument""]","exact Pauli recurrence would require 466284 transitions at order 8, above cap 250000; remaining orders use Mizuta 2026 Eq. (8)",12.0,7.0,True,True,"{""2"":321.6000000000004,""3"":5070.720000000011,""4"":74820.86400000023,""5"":1370305.228800006,""6"":25164040.642560143,""7"":522290321.86675566,""8"":2663901875917312.5,""9"":5.3704261818492736e+17,""10"":1.2180126580434136e+20,""11"":3.0693918982694054e+22,""12"":8.508354342002837e+24}",repeated-shared-ancilla-good-block,True,False,0.007148954112518533,new,"[1,2,3,4,6,16]","[-3.1123560535325236e-07,0.0007054673721340386,-0.031622325043377676,0.17337566137566138,-0.4544415584415584,1.311983065972746]",1.9721283894410828,0.02787161055891696,32.0,registered-exact,True,6.0,3.0,2.0,4.0,8.0,0.0,6.0,3.0,2.0,3.0,2.0,one robust OAA round per segment,11360.0,branch register all-zero,,18.0,212045760.0,568000.0,-1.0,25447763200.0,370982825.0,analytical-model,0.0007943282347242814,,,,,,,,,,,,0.1.0,3.11.9,2.5.0,b58b31db18364511c43757e27fffc7abce8df2c1,True,ok,,
1.0,heisenberg_chain:N013,-2.2,commutator,7127.0,,,2.0,a8fa234e-a646-4911-8402-a67c302db4ae,2026-08-12T00:11:58.358108+00:00,c1ad72de628f71283ac69037e9bbe97c3e773952f5abde5eac91397ca322d1a6,resource-grid,heisenberg_chain,Heisenberg-13,"{""coupling"":1.0,""field_z"":0.3}",13,13.0,proportional,1.0,0.00630957344480193,39.89999999999996,49,trotter-p2,trotter,Trotter p=2,analytical,analytical,2.0,,,,,,7127.0,,,,,,,,,,,,,,,,,,,,,,,,,,,,,,individual,49.0,0.005678257815977122,131.28000000000006,childs-commutator,"Childs, Su, Tran, Wiebe, and Zhu, arXiv:1912.08854",Propositions 9--10,"{""prefactor"":131.28000000000006}",True,implemented-product-formula,True,,"[""the resolved ordered Hamiltonian groups match the implemented formula""]",,,,,,,implemented-product-formula,True,True,0.005678616100321737,,,,,,,,,,,,,,,,,,,1.0,none,0.0,system register,1.0,13.0,691319.0,0.0,-1.0,65675305.0,1015816.0,analytical-model,0.0006309573444801931,,,,,,,,,,,,0.1.0,3.11.9,2.5.0,b58b31db18364511c43757e27fffc7abce8df2c1,True,ok,,
1.0,heisenberg_chain:N013,-2.2,empirical,2221.0,,,2.0,a8fa234e-a646-4911-8402-a67c302db4ae,2026-08-12T00:11:58.358108+00:00,c1ad72de628f71283ac69037e9bbe97c3e773952f5abde5eac91397ca322d1a6,resource-grid,heisenberg_chain,Heisenberg-13,"{""coupling"":1.0,""field_z"":0.3}",13,13.0,proportional,1.0,0.00630957344480193,39.89999999999996,49,trotter-p2-empirical,trotter,Trotter p=2 [empirical],empirical-operator-norm,empirical,2.0,,,,,,2221.0,,,,,,,,,,,,,,,,,,,,,,,,,,,,,,individual,49.0,0.005677783702546405,12.748112989099997,empirical-operator-norm,Repository empirical operator-norm calibration study v1 (2026-08-10),reviewed calibration opnorm-v1-heisenberg-open-trotter-p2; artifact docs/calibration_data/empirical_1d_v1_accepted.json,"{""prefactor"":12.748112989099997}",False,implemented-product-formula,False,,"[""the resolved ordered Hamiltonian groups match the implemented formula"",""the fixed formal-order powers in time and segments apply"",""the reviewed affine size calibration extrapolates as flagged""]",,,,,,,implemented-product-formula,False,False,0.005678616100321737,,,,,,,,,,,,,,,,,,,1.0,none,0.0,system register,1.0,13.0,215437.0,0.0,-1.0,19389330.0,316561.0,analytical-model,0.0006309573444801931,opnorm-v1-heisenberg-open-trotter-p2,heisenberg_chain,affine-aN-plus-b,12.748112989099997,4.0,12.0,4.0,12.0,True,True,formula,0.1.0,3.11.9,2.5.0,b58b31db18364511c43757e27fffc7abce8df2c1,True,ok,,
1.0,heisenberg_chain:N013,-2.2,commutator,823.0,,,2.0,a8fa234e-a646-4911-8402-a67c302db4ae,2026-08-12T00:11:58.358108+00:00,c1ad72de628f71283ac69037e9bbe97c3e773952f5abde5eac91397ca322d1a6,resource-grid,heisenberg_chain,Heisenberg-13,"{""coupling"":1.0,""field_z"":0.3}",13,13.0,proportional,1.0,0.00630957344480193,39.89999999999996,49,trotter-p4,trotter,Trotter p=4,analytical,analytical,4.0,,,,,,823.0,,,,,,,,,,,,,,,,,,,,,,,,,,,,,,commuting,3.0,0.005657909388365603,6990.98817037107,schubert-mendl-commutator,"Schubert and Mendl, arXiv:2306.10603",Theorem 1,"{""prefactor"":6990.98817037107}",True,implemented-product-formula,True,,"[""the resolved ordered Hamiltonian groups match the implemented formula""]",,,,,,,implemented-product-formula,True,True,0.005678616100321737,,,,,,,,,,,,,,,,,,,1.0,none,0.0,system register,1.0,13.0,358005.0,0.0,-1.0,33294465.0,526049.0,analytical-model,0.0006309573444801931,,,,,,,,,,,,0.1.0,3.11.9,2.5.0,b58b31db18364511c43757e27fffc7abce8df2c1,True,ok,,
1.0,heisenberg_chain:N013,-2.2,empirical,118.0,,,2.0,a8fa234e-a646-4911-8402-a67c302db4ae,2026-08-12T00:11:58.358108+00:00,c1ad72de628f71283ac69037e9bbe97c3e773952f5abde5eac91397ca322d1a6,resource-grid,heisenberg_chain,Heisenberg-13,"{""coupling"":1.0,""field_z"":0.3}",13,13.0,proportional,1.0,0.00630957344480193,39.89999999999996,49,trotter-p4-empirical,trotter,Trotter p=4 [empirical],empirical-operator-norm,empirical,4.0,,,,,,118.0,,,,,,,,,,,,,,,,,,,,,,,,,,,,,,commuting,3.0,0.00554619379884036,2.8960516869,empirical-operator-norm,Repository empirical operator-norm calibration study v1 (2026-08-10),reviewed calibration opnorm-v1-heisenberg-open-trotter-p4; artifact docs/calibration_data/empirical_1d_v1_accepted.json,"{""prefactor"":2.8960516869}",False,implemented-product-formula,False,,"[""the resolved ordered Hamiltonian groups match the implemented formula"",""the fixed formal-order powers in time and segments apply"",""the reviewed affine size calibration extrapolates as flagged""]",,,,,,,implemented-product-formula,False,False,0.005678616100321737,,,,,,,,,,,,,,,,,,,1.0,none,0.0,system register,1.0,13.0,51330.0,0.0,-1.0,4311720.0,75424.0,analytical-model,0.0006309573444801931,opnorm-v1-heisenberg-open-trotter-p4,heisenberg_chain,affine-aN-plus-b,2.8960516869,4.0,12.0,4.0,12.0,True,True,formula,0.1.0,3.11.9,2.5.0,b58b31db18364511c43757e27fffc7abce8df2c1,True,ok,,
1.0,heisenberg_chain:N013,-2.2,commutator,548.0,,,2.0,a8fa234e-a646-4911-8402-a67c302db4ae,2026-08-12T00:11:58.358108+00:00,c1ad72de628f71283ac69037e9bbe97c3e773952f5abde5eac91397ca322d1a6,resource-grid,heisenberg_chain,Heisenberg-13,"{""coupling"":1.0,""field_z"":0.3}",13,13.0,proportional,1.0,0.00630957344480193,39.89999999999996,49,trotter-p6,trotter,Trotter p=6,analytical,analytical,6.0,,,,,,548.0,,,,,,,,,,,,,,,,,,,,,,,,,,,,,,commuting,3.0,0.005630172480644193,2429973.763029318,schubert-mendl-commutator,"Schubert and Mendl, arXiv:2306.10603",Theorem 1,"{""prefactor"":2429973.763029318}",True,implemented-product-formula,True,,"[""the resolved ordered Hamiltonian groups match the implemented formula""]",,,,,,,implemented-product-formula,True,True,0.005678616100321737,,,,,,,,,,,,,,,,,,,1.0,none,0.0,system register,1.0,13.0,1191900.0,0.0,-1.0,116806200.0,1751364.0,analytical-model,0.0006309573444801931,,,,,,,,,,,,0.1.0,3.11.9,2.5.0,b58b31db18364511c43757e27fffc7abce8df2c1,True,ok,,
1.0,heisenberg_chain:N013,-2.2,empirical,78.0,,,2.0,a8fa234e-a646-4911-8402-a67c302db4ae,2026-08-12T00:11:58.358108+00:00,c1ad72de628f71283ac69037e9bbe97c3e773952f5abde5eac91397ca322d1a6,resource-grid,heisenberg_chain,Heisenberg-13,"{""coupling"":1.0,""field_z"":0.3}",13,13.0,proportional,1.0,0.00630957344480193,39.89999999999996,49,trotter-p6-empirical,trotter,Trotter p=6 [empirical],empirical-operator-norm,empirical,6.0,,,,,,78.0,,,,,,,,,,,,,,,,,,,,,,,,,,,,,,commuting,3.0,1.1732955902777759e-05,0.0421086762,empirical-operator-norm,Repository empirical operator-norm calibration study v1 (2026-08-10),reviewed calibration opnorm-v1-heisenberg-open-trotter-p6; artifact docs/calibration_data/empirical_1d_v1_accepted.json,"{""prefactor"":0.0421086762}",False,implemented-product-formula,False,,"[""the resolved ordered Hamiltonian groups match the implemented formula"",""the fixed formal-order powers in time and segments apply"",""the reviewed affine size calibration extrapolates as flagged""]",,,,,,,implemented-product-formula,False,False,0.005678616100321737,,,,,,,,,,,,,,,,,,,1.0,none,0.0,system register,1.0,13.0,169650.0,0.0,-1.0,15098850.0,249282.0,analytical-model,0.0006309573444801931,opnorm-v1-heisenberg-open-trotter-p6,heisenberg_chain,affine-aN-plus-b,0.0421086762,4.0,12.0,4.0,12.0,True,True,asymptotic-domain,0.1.0,3.11.9,2.5.0,b58b31db18364511c43757e27fffc7abce8df2c1,True,ok,,
1.0,heisenberg_chain:N013,-2.2,jacobi-anger,,,,2.0,a8fa234e-a646-4911-8402-a67c302db4ae,2026-08-12T00:11:58.358108+00:00,c1ad72de628f71283ac69037e9bbe97c3e773952f5abde5eac91397ca322d1a6,resource-grid,heisenberg_chain,Heisenberg-13,"{""coupling"":1.0,""field_z"":0.3}",13,13.0,proportional,1.0,0.00630957344480193,39.89999999999996,49,qsvt,qsvt,QSVT,jacobi-anger-rigorous,analytical,,,,,,,,,,,,,,,,,,,,,,,,,,,,,,,,,,,4251.0,709.0,,,0.0013429189006539516,,jacobi-anger-polynomial-oaa,"Martyn et al., arXiv:2105.02859, Eqs. (76)--(77)",Jacobi--Anger tails plus exact cubic OAA identity,"{""oaa-unitarity-defect-distortion"":0.0006717973290188988,""scaled-polynomial-error"":0.0006711215716350528}",True,ideal-qsvt-oaa-good-block,True,,"[""the cosine and sine polynomials are implemented exactly"",""the unamplified good block is exactly Q/2""]",,,,,,,implemented-qsvt-floating-phase-circuit,False,False,0.005678616100321737,,,,,,,,,,,,,,,,,,,2.0,one robust OAA round,1.0,"component, quadrature, and index registers all-zero",,27.0,544140.0,1309406.0,-1.0,56386784.0,8744895.0,analytical-model,0.0006309573444801931,,,,,,,,,,,,0.1.0,3.11.9,2.5.0,b58b31db18364511c43757e27fffc7abce8df2c1,True,ok,,
1.0,heisenberg_chain:N013,-2.2,empirical,,7.0,17.0,2.0,a8fa234e-a646-4911-8402-a67c302db4ae,2026-08-12T00:11:58.358108+00:00,c1ad72de628f71283ac69037e9bbe97c3e773952f5abde5eac91397ca322d1a6,resource-grid,heisenberg_chain,Heisenberg-13,"{""coupling"":1.0,""field_z"":0.3}",13,13.0,proportional,1.0,0.00630957344480193,39.89999999999996,49,mpf-j-mizuta2026-theorem6-empirical-operator-norm,multiproduct,MPF J=Mizuta Theorem 6 (resolved per point) [empirical operator norm],empirical-operator-norm,empirical,,7.0,14.0,mizuta2026-theorem6,6.300000000000004,0.005678616100321737,17.0,,,,[],,,,,,,,,,,,,,,[],,,,,,,empirical-operator-norm,[],2346.0,,,,4.02670798595594e-07,1.3246e-06,empirical-operator-norm,Repository empirical operator-norm calibration study v1 (2026-08-10),reviewed calibration opnorm-v1-heisenberg-open-mpf-new-m7; fixed formal powers,"{""empirical_coefficient"":1.3246e-06}",False,ideal-mpf,False,ordered individual Pauli terms,"[""the fixed formal-order powers in time and segments apply"",""the empirical estimate concerns the repeated ideal MPF operator"",""the reviewed affine size calibration extrapolates as flagged""]",,0.0,0.0,False,False,{},repeated-shared-ancilla-good-block,False,False,0.005678616100321737,new,"[1,2,3,4,5,9,22]","[2.9953607852158573e-09,-2.9318124556219793e-05,0.003468573778195489,-0.04863485570038276,0.1308718708891307,-0.4341006887393225,1.3484244149015747]",1.965529725128523,0.034470274871476914,46.0,registered-exact,True,7.0,3.0,2.0,4.0,9.0,7.0,6.0,3.0,2.0,3.0,2.0,one robust OAA round per segment,17.0,branch register all-zero,,20.0,456654.0,1547.0,-1.0,42931664.0,800449.0,analytical-model,0.0006309573444801931,opnorm-v1-heisenberg-open-mpf-new-m7,heisenberg_chain,affine-aN-plus-b,1.3246e-06,4.0,8.0,4.0,12.0,True,True,asymptotic-domain,0.1.0,3.11.9,2.5.0,b58b31db18364511c43757e27fffc7abce8df2c1,True,ok,,
1.0,heisenberg_chain:N013,-2.2,commutator,,7.0,11116.0,2.0,a8fa234e-a646-4911-8402-a67c302db4ae,2026-08-12T00:11:58.358108+00:00,c1ad72de628f71283ac69037e9bbe97c3e773952f5abde5eac91397ca322d1a6,resource-grid,heisenberg_chain,Heisenberg-13,"{""coupling"":1.0,""field_z"":0.3}",13,13.0,proportional,1.0,0.00630957344480193,39.89999999999996,49,mpf-j-mizuta2026-theorem6-mizuta2026-commutator-ideal-rigorous,multiproduct,MPF J=Mizuta Theorem 6 (resolved per point) [Mizuta 2026 refined commutator],mizuta2026-commutator-ideal-rigorous,analytical,,7.0,14.0,mizuta2026-theorem6,6.300000000000004,0.005678616100321737,11116.0,11116.0,,7469.0,"[""error""]",143.62913324359087,14.0,,,5.077700668353369e-07,9.75673083856858e-22,8.294998358155763e-31,9.756730830273579e-22,9.75673083856858e-22,5.077700668353379e-07,0.005676318189776172,1.763997603736675e-05,False,0.0017405939474410613,"[1.0000000000000002,1.0000000000000002,1.0000000000000002,1.0000000000000002,1.0000000000000002,1.0000000000000002,1.0000000000000002,1.0000000000000002,1.0000000000000002,1.0000000000000002,1.0000000000000002,1.0000000000000002,1.0000000000000002,1.0000000000000002,1.0000000000000002,1.0000000000000002,1.0000000000000002,1.0000000000000002,1.0000000000000002,1.0000000000000002,1.0000000000000002,1.0000000000000002,1.0000000000000002,1.0000000000000002,1.0000000000000002,1.0000000000000002,1.0000000000000002,1.0000000000000002,1.0000000000000002,1.0000000000000002,1.0000000000000002,1.0000000000000002,1.0000000000000002,1.0000000000000002,1.0000000000000002,1.0000000000000002,1.0000000000000002,1.0000000000000002,1.0000000000000002,1.0000000000000002,1.0000000000000002,1.0000000000000002,1.0000000000000002,1.0000000000000002,1.0000000000000002,1.0000000000000002,1.0000000000000002,1.0000000000000002,1.0000000000000002]",6.300000000000007,7.0,True,exact commutator transition cap reached; locality bound used,not-used,commutator,mizuta2026-commutator-ideal-rigorous,[],1534008.0,,,,0.005676318189776172,4.850035109813718e+37,mizuta2026-commutator-ideal-rigorous,"Mizuta, Quantum 10, 1974 (2026), arXiv:2507.06557v4","Theorem 4, Eqs. (47)--(49), with direct Lemmas 9--10 BCH remainder","{""error_predicate_satisfied"":1.0,""extensiveness_g"":6.300000000000004,""joint_predicate_satisfied"":1.0,""legacy_first_condition_passed"":0.0,""legacy_first_time_limit"":1.763997603736675e-05,""local_commutator_error"":5.077700668353369e-07,""local_step_error"":5.077700668353379e-07,""local_truncated_bch_error"":9.75673083856858e-22,""locality_k"":2.0,""mu_upper"":143.62913324359087,""refined_lemma10_remainder"":9.756730830273579e-22,""refined_lemma9_remainder"":8.294998358155763e-31,""refined_tail_fallback"":0.0,""repeated_global_error"":0.005676318189776172,""schedule_weighted_extensiveness"":6.300000000000007,""second_time_limit"":0.0017405939474410613,""time_2_predicate_satisfied"":1.0,""total_branchwise_bch_remainder"":9.75673083856858e-22,""truncation_order_p0"":14.0}",True,ideal-mpf,True,ordered individual Pauli terms,"[""individual Pauli summands define the ordered H_gamma decomposition"",""the actual Strang factors define schedule-weighted g_alpha extensiveness"",""Lemma 9 and Lemma 10 positive majorants directly certify the BCH remainder"",""the scalar-flow/Cauchy refined tail certificate is used"",""Theorem 4 second time hypothesis is satisfied"",""the repeated ideal MPF is composed with the Eq. (15) telescoping argument""]","exact Pauli recurrence would require 466284 transitions at order 8, above cap 250000; remaining orders use Mizuta 2026 Eq. (8)",14.0,7.0,True,True,"{""2"":321.6000000000004,""3"":5070.720000000011,""4"":74820.86400000023,""5"":1370305.228800006,""6"":25164040.642560143,""7"":522290321.86675566,""8"":2663901875917312.5,""9"":5.3704261818492736e+17,""10"":1.2180126580434136e+20,""11"":3.0693918982694054e+22,""12"":8.508354342002837e+24,""13"":2.5729263530216704e+27,""14"":8.428906732499016e+29}",repeated-shared-ancilla-good-block,True,False,0.005678616100321737,new,"[1,2,3,4,5,9,22]","[2.9953607852158573e-09,-2.9318124556219793e-05,0.003468573778195489,-0.04863485570038276,0.1308718708891307,-0.4341006887393225,1.3484244149015747]",1.965529725128523,0.034470274871476914,46.0,registered-exact,True,7.0,3.0,2.0,4.0,9.0,7.0,6.0,3.0,2.0,3.0,2.0,one robust OAA round per segment,11116.0,branch register all-zero,,20.0,298597992.0,1011556.0,-1.0,36433001248.0,523399356.0,analytical-model,0.0006309573444801931,,,,,,,,,,,,0.1.0,3.11.9,2.5.0,b58b31db18364511c43757e27fffc7abce8df2c1,True,ok,,
1.0,heisenberg_chain:N013,-2.3,commutator,7997.0,,,2.0,a8fa234e-a646-4911-8402-a67c302db4ae,2026-08-12T00:11:58.358108+00:00,c1ad72de628f71283ac69037e9bbe97c3e773952f5abde5eac91397ca322d1a6,resource-grid,heisenberg_chain,Heisenberg-13,"{""coupling"":1.0,""field_z"":0.3}",13,13.0,proportional,1.0,0.005011872336272725,39.89999999999996,49,trotter-p2,trotter,Trotter p=2,analytical,analytical,2.0,,,,,,7997.0,,,,,,,,,,,,,,,,,,,,,,,,,,,,,,individual,49.0,0.004509978099358852,131.28000000000006,childs-commutator,"Childs, Su, Tran, Wiebe, and Zhu, arXiv:1912.08854",Propositions 9--10,"{""prefactor"":131.28000000000006}",True,implemented-product-formula,True,,"[""the resolved ordered Hamiltonian groups match the implemented formula""]",,,,,,,implemented-product-formula,True,True,0.004510685102645452,,,,,,,,,,,,,,,,,,,1.0,none,0.0,system register,1.0,13.0,775709.0,0.0,-1.0,75243773.0,1139818.0,analytical-model,0.0005011872336272725,,,,,,,,,,,,0.1.0,3.11.9,2.5.0,b58b31db18364511c43757e27fffc7abce8df2c1,True,ok,,
1.0,heisenberg_chain:N013,-2.3,empirical,2492.0,,,2.0,a8fa234e-a646-4911-8402-a67c302db4ae,2026-08-12T00:11:58.358108+00:00,c1ad72de628f71283ac69037e9bbe97c3e773952f5abde5eac91397ca322d1a6,resource-grid,heisenberg_chain,Heisenberg-13,"{""coupling"":1.0,""field_z"":0.3}",13,13.0,proportional,1.0,0.005011872336272725,39.89999999999996,49,trotter-p2-empirical,trotter,Trotter p=2 [empirical],empirical-operator-norm,empirical,2.0,,,,,,2492.0,,,,,,,,,,,,,,,,,,,,,,,,,,,,,,individual,49.0,0.0045100347173640575,12.748112989099997,empirical-operator-norm,Repository empirical operator-norm calibration study v1 (2026-08-10),reviewed calibration opnorm-v1-heisenberg-open-trotter-p2; artifact docs/calibration_data/empirical_1d_v1_accepted.json,"{""prefactor"":12.748112989099997}",False,implemented-product-formula,False,,"[""the resolved ordered Hamiltonian groups match the implemented formula"",""the fixed formal-order powers in time and segments apply"",""the reviewed affine size calibration extrapolates as flagged""]",,,,,,,implemented-product-formula,False,False,0.004510685102645452,,,,,,,,,,,,,,,,,,,1.0,none,0.0,system register,1.0,13.0,241724.0,0.0,-1.0,22238608.0,355187.0,analytical-model,0.0005011872336272725,opnorm-v1-heisenberg-open-trotter-p2,heisenberg_chain,affine-aN-plus-b,12.748112989099997,4.0,12.0,4.0,12.0,True,True,formula,0.1.0,3.11.9,2.5.0,b58b31db18364511c43757e27fffc7abce8df2c1,True,ok,,
1.0,heisenberg_chain:N013,-2.3,commutator,871.0,,,2.0,a8fa234e-a646-4911-8402-a67c302db4ae,2026-08-12T00:11:58.358108+00:00,c1ad72de628f71283ac69037e9bbe97c3e773952f5abde5eac91397ca322d1a6,resource-grid,heisenberg_chain,Heisenberg-13,"{""coupling"":1.0,""field_z"":0.3}",13,13.0,proportional,1.0,0.005011872336272725,39.89999999999996,49,trotter-p4,trotter,Trotter p=4,analytical,analytical,4.0,,,,,,871.0,,,,,,,,,,,,,,,,,,,,,,,,,,,,,,commuting,3.0,0.004510064041341617,6990.98817037107,schubert-mendl-commutator,"Schubert and Mendl, arXiv:2306.10603",Theorem 1,"{""prefactor"":6990.98817037107}",True,implemented-product-formula,True,,"[""the resolved ordered Hamiltonian groups match the implemented formula""]",,,,,,,implemented-product-formula,True,True,0.004510685102645452,,,,,,,,,,,,,,,,,,,1.0,none,0.0,system register,1.0,13.0,378885.0,0.0,-1.0,35615190.0,556729.0,analytical-model,0.0005011872336272725,,,,,,,,,,,,0.1.0,3.11.9,2.5.0,b58b31db18364511c43757e27fffc7abce8df2c1,True,ok,,
1.0,heisenberg_chain:N013,-2.3,empirical,125.0,,,2.0,a8fa234e-a646-4911-8402-a67c302db4ae,2026-08-12T00:11:58.358108+00:00,c1ad72de628f71283ac69037e9bbe97c3e773952f5abde5eac91397ca322d1a6,resource-grid,heisenberg_chain,Heisenberg-13,"{""coupling"":1.0,""field_z"":0.3}",13,13.0,proportional,1.0,0.005011872336272725,39.89999999999996,49,trotter-p4-empirical,trotter,Trotter p=4 [empirical],empirical-operator-norm,empirical,4.0,,,,,,125.0,,,,,,,,,,,,,,,,,,,,,,,,,,,,,,commuting,3.0,0.0044043621129591206,2.8960516869,empirical-operator-norm,Repository empirical operator-norm calibration study v1 (2026-08-10),reviewed calibration opnorm-v1-heisenberg-open-trotter-p4; artifact docs/calibration_data/empirical_1d_v1_accepted.json,"{""prefactor"":2.8960516869}",False,implemented-product-formula,False,,"[""the resolved ordered Hamiltonian groups match the implemented formula"",""the fixed formal-order powers in time and segments apply"",""the reviewed affine size calibration extrapolates as flagged""]",,,,,,,implemented-product-formula,False,False,0.004510685102645452,,,,,,,,,,,,,,,,,,,1.0,none,0.0,system register,1.0,13.0,54375.0,0.0,-1.0,4621875.0,79898.0,analytical-model,0.0005011872336272725,opnorm-v1-heisenberg-open-trotter-p4,heisenberg_chain,affine-aN-plus-b,2.8960516869,4.0,12.0,4.0,12.0,True,True,formula,0.1.0,3.11.9,2.5.0,b58b31db18364511c43757e27fffc7abce8df2c1,True,ok,,
1.0,heisenberg_chain:N013,-2.3,commutator,569.0,,,2.0,a8fa234e-a646-4911-8402-a67c302db4ae,2026-08-12T00:11:58.358108+00:00,c1ad72de628f71283ac69037e9bbe97c3e773952f5abde5eac91397ca322d1a6,resource-grid,heisenberg_chain,Heisenberg-13,"{""coupling"":1.0,""field_z"":0.3}",13,13.0,proportional,1.0,0.005011872336272725,39.89999999999996,49,trotter-p6,trotter,Trotter p=6,analytical,analytical,6.0,,,,,,569.0,,,,,,,,,,,,,,,,,,,,,,,,,,,,,,commuting,3.0,0.004492948620673379,2429973.763029318,schubert-mendl-commutator,"Schubert and Mendl, arXiv:2306.10603",Theorem 1,"{""prefactor"":2429973.763029318}",True,implemented-product-formula,True,,"[""the resolved ordered Hamiltonian groups match the implemented formula""]",,,,,,,implemented-product-formula,True,True,0.004510685102645452,,,,,,,,,,,,,,,,,,,1.0,none,0.0,system register,1.0,13.0,1237575.0,0.0,-1.0,122519925.0,1818478.0,analytical-model,0.0005011872336272725,,,,,,,,,,,,0.1.0,3.11.9,2.5.0,b58b31db18364511c43757e27fffc7abce8df2c1,True,ok,,
1.0,heisenberg_chain:N013,-2.3,empirical,78.0,,,2.0,a8fa234e-a646-4911-8402-a67c302db4ae,2026-08-12T00:11:58.358108+00:00,c1ad72de628f71283ac69037e9bbe97c3e773952f5abde5eac91397ca322d1a6,resource-grid,heisenberg_chain,Heisenberg-13,"{""coupling"":1.0,""field_z"":0.3}",13,13.0,proportional,1.0,0.005011872336272725,39.89999999999996,49,trotter-p6-empirical,trotter,Trotter p=6 [empirical],empirical-operator-norm,empirical,6.0,,,,,,78.0,,,,,,,,,,,,,,,,,,,,,,,,,,,,,,commuting,3.0,1.1732955902777759e-05,0.0421086762,empirical-operator-norm,Repository empirical operator-norm calibration study v1 (2026-08-10),reviewed calibration opnorm-v1-heisenberg-open-trotter-p6; artifact docs/calibration_data/empirical_1d_v1_accepted.json,"{""prefactor"":0.0421086762}",False,implemented-product-formula,False,,"[""the resolved ordered Hamiltonian groups match the implemented formula"",""the fixed formal-order powers in time and segments apply"",""the reviewed affine size calibration extrapolates as flagged""]",,,,,,,implemented-product-formula,False,False,0.004510685102645452,,,,,,,,,,,,,,,,,,,1.0,none,0.0,system register,1.0,13.0,169650.0,0.0,-1.0,15268500.0,249282.0,analytical-model,0.0005011872336272725,opnorm-v1-heisenberg-open-trotter-p6,heisenberg_chain,affine-aN-plus-b,0.0421086762,4.0,12.0,4.0,12.0,True,True,asymptotic-domain,0.1.0,3.11.9,2.5.0,b58b31db18364511c43757e27fffc7abce8df2c1,True,ok,,
1.0,heisenberg_chain:N013,-2.3,jacobi-anger,,,,2.0,a8fa234e-a646-4911-8402-a67c302db4ae,2026-08-12T00:11:58.358108+00:00,c1ad72de628f71283ac69037e9bbe97c3e773952f5abde5eac91397ca322d1a6,resource-grid,heisenberg_chain,Heisenberg-13,"{""coupling"":1.0,""field_z"":0.3}",13,13.0,proportional,1.0,0.005011872336272725,39.89999999999996,49,qsvt,qsvt,QSVT,jacobi-anger-rigorous,analytical,,,,,,,,,,,,,,,,,,,,,,,,,,,,,,,,,,,4263.0,711.0,,,0.0005957632311419555,,jacobi-anger-polynomial-oaa,"Martyn et al., arXiv:2105.02859, Eqs. (76)--(77)",Jacobi--Anger tails plus exact cubic OAA identity,"{""oaa-unitarity-defect-distortion"":0.00029794814254481485,""scaled-polynomial-error"":0.0002978150885971407}",True,ideal-qsvt-oaa-good-block,True,,"[""the cosine and sine polynomials are implemented exactly"",""the unamplified good block is exactly Q/2""]",,,,,,,implemented-qsvt-floating-phase-circuit,False,False,0.004510685102645452,,,,,,,,,,,,,,,,,,,2.0,one robust OAA round,1.0,"component, quadrature, and index registers all-zero",,27.0,545676.0,1313102.0,-1.0,57091628.0,8769579.0,analytical-model,0.0005011872336272725,,,,,,,,,,,,0.1.0,3.11.9,2.5.0,b58b31db18364511c43757e27fffc7abce8df2c1,True,ok,,
1.0,heisenberg_chain:N013,-2.3,empirical,,7.0,17.0,2.0,a8fa234e-a646-4911-8402-a67c302db4ae,2026-08-12T00:11:58.358108+00:00,c1ad72de628f71283ac69037e9bbe97c3e773952f5abde5eac91397ca322d1a6,resource-grid,heisenberg_chain,Heisenberg-13,"{""coupling"":1.0,""field_z"":0.3}",13,13.0,proportional,1.0,0.005011872336272725,39.89999999999996,49,mpf-j-mizuta2026-theorem6-empirical-operator-norm,multiproduct,MPF J=Mizuta Theorem 6 (resolved per point) [empirical operator norm],empirical-operator-norm,empirical,,7.0,14.0,mizuta2026-theorem6,6.300000000000004,0.004510685102645452,17.0,,,,[],,,,,,,,,,,,,,,[],,,,,,,empirical-operator-norm,[],2346.0,,,,4.02670798595594e-07,1.3246e-06,empirical-operator-norm,Repository empirical operator-norm calibration study v1 (2026-08-10),reviewed calibration opnorm-v1-heisenberg-open-mpf-new-m7; fixed formal powers,"{""empirical_coefficient"":1.3246e-06}",False,ideal-mpf,False,ordered individual Pauli terms,"[""the fixed formal-order powers in time and segments apply"",""the empirical estimate concerns the repeated ideal MPF operator"",""the reviewed affine size calibration extrapolates as flagged""]",,0.0,0.0,False,False,{},repeated-shared-ancilla-good-block,False,False,0.004510685102645452,new,"[1,2,3,4,5,9,22]","[2.9953607852158573e-09,-2.9318124556219793e-05,0.003468573778195489,-0.04863485570038276,0.1308718708891307,-0.4341006887393225,1.3484244149015747]",1.965529725128523,0.034470274871476914,46.0,registered-exact,True,7.0,3.0,2.0,4.0,9.0,7.0,6.0,3.0,2.0,3.0,2.0,one robust OAA round per segment,17.0,branch register all-zero,,20.0,456654.0,1547.0,-1.0,43388318.0,800449.0,analytical-model,0.0005011872336272725,opnorm-v1-heisenberg-open-mpf-new-m7,heisenberg_chain,affine-aN-plus-b,1.3246e-06,4.0,8.0,4.0,12.0,True,True,asymptotic-domain,0.1.0,3.11.9,2.5.0,b58b31db18364511c43757e27fffc7abce8df2c1,True,ok,,
1.0,heisenberg_chain:N013,-2.3,commutator,,7.0,11300.0,2.0,a8fa234e-a646-4911-8402-a67c302db4ae,2026-08-12T00:11:58.358108+00:00,c1ad72de628f71283ac69037e9bbe97c3e773952f5abde5eac91397ca322d1a6,resource-grid,heisenberg_chain,Heisenberg-13,"{""coupling"":1.0,""field_z"":0.3}",13,13.0,proportional,1.0,0.005011872336272725,39.89999999999996,49,mpf-j-mizuta2026-theorem6-mizuta2026-commutator-ideal-rigorous,multiproduct,MPF J=Mizuta Theorem 6 (resolved per point) [Mizuta 2026 refined commutator],mizuta2026-commutator-ideal-rigorous,analytical,,7.0,14.0,mizuta2026-theorem6,6.300000000000004,0.004510685102645452,11300.0,11300.0,,7469.0,"[""error""]",143.62913324359087,14.0,,,3.9693419576291524e-07,7.612088188871131e-22,6.481817122634247e-31,7.612088182389313e-22,7.612088188871131e-22,3.9693419576291603e-07,0.00450551822854074,1.763997603736675e-05,False,0.0017405939474410613,"[1.0000000000000002,1.0000000000000002,1.0000000000000002,1.0000000000000002,1.0000000000000002,1.0000000000000002,1.0000000000000002,1.0000000000000002,1.0000000000000002,1.0000000000000002,1.0000000000000002,1.0000000000000002,1.0000000000000002,1.0000000000000002,1.0000000000000002,1.0000000000000002,1.0000000000000002,1.0000000000000002,1.0000000000000002,1.0000000000000002,1.0000000000000002,1.0000000000000002,1.0000000000000002,1.0000000000000002,1.0000000000000002,1.0000000000000002,1.0000000000000002,1.0000000000000002,1.0000000000000002,1.0000000000000002,1.0000000000000002,1.0000000000000002,1.0000000000000002,1.0000000000000002,1.0000000000000002,1.0000000000000002,1.0000000000000002,1.0000000000000002,1.0000000000000002,1.0000000000000002,1.0000000000000002,1.0000000000000002,1.0000000000000002,1.0000000000000002,1.0000000000000002,1.0000000000000002,1.0000000000000002,1.0000000000000002,1.0000000000000002]",6.300000000000007,7.0,True,exact commutator transition cap reached; locality bound used,not-used,commutator,mizuta2026-commutator-ideal-rigorous,[],1559400.0,,,,0.00450551822854074,4.850035109813718e+37,mizuta2026-commutator-ideal-rigorous,"Mizuta, Quantum 10, 1974 (2026), arXiv:2507.06557v4","Theorem 4, Eqs. (47)--(49), with direct Lemmas 9--10 BCH remainder","{""error_predicate_satisfied"":1.0,""extensiveness_g"":6.300000000000004,""joint_predicate_satisfied"":1.0,""legacy_first_condition_passed"":0.0,""legacy_first_time_limit"":1.763997603736675e-05,""local_commutator_error"":3.9693419576291524e-07,""local_step_error"":3.9693419576291603e-07,""local_truncated_bch_error"":7.612088188871131e-22,""locality_k"":2.0,""mu_upper"":143.62913324359087,""refined_lemma10_remainder"":7.612088182389313e-22,""refined_lemma9_remainder"":6.481817122634247e-31,""refined_tail_fallback"":0.0,""repeated_global_error"":0.00450551822854074,""schedule_weighted_extensiveness"":6.300000000000007,""second_time_limit"":0.0017405939474410613,""time_2_predicate_satisfied"":1.0,""total_branchwise_bch_remainder"":7.612088188871131e-22,""truncation_order_p0"":14.0}",True,ideal-mpf,True,ordered individual Pauli terms,"[""individual Pauli summands define the ordered H_gamma decomposition"",""the actual Strang factors define schedule-weighted g_alpha extensiveness"",""Lemma 9 and Lemma 10 positive majorants directly certify the BCH remainder"",""the scalar-flow/Cauchy refined tail certificate is used"",""Theorem 4 second time hypothesis is satisfied"",""the repeated ideal MPF is composed with the Eq. (15) telescoping argument""]","exact Pauli recurrence would require 466284 transitions at order 8, above cap 250000; remaining orders use Mizuta 2026 Eq. (8)",14.0,7.0,True,True,"{""2"":321.6000000000004,""3"":5070.720000000011,""4"":74820.86400000023,""5"":1370305.228800006,""6"":25164040.642560143,""7"":522290321.86675566,""8"":2663901875917312.5,""9"":5.3704261818492736e+17,""10"":1.2180126580434136e+20,""11"":3.0693918982694054e+22,""12"":8.508354342002837e+24,""13"":2.5729263530216704e+27,""14"":8.428906732499016e+29}",repeated-shared-ancilla-good-block,True,False,0.004510685102645452,new,"[1,2,3,4,5,9,22]","[2.9953607852158573e-09,-2.9318124556219793e-05,0.003468573778195489,-0.04863485570038276,0.1308718708891307,-0.4341006887393225,1.3484244149015747]",1.965529725128523,0.034470274871476914,46.0,registered-exact,True,7.0,3.0,2.0,4.0,9.0,7.0,6.0,3.0,2.0,3.0,2.0,one robust OAA round per segment,11300.0,branch register all-zero,,20.0,303540600.0,1028300.0,-1.0,37339607000.0,532063037.0,analytical-model,0.0005011872336272725,,,,,,,,,,,,0.1.0,3.11.9,2.5.0,b58b31db18364511c43757e27fffc7abce8df2c1,True,ok,,
1.0,heisenberg_chain:N013,-2.4,commutator,8973.0,,,2.0,a8fa234e-a646-4911-8402-a67c302db4ae,2026-08-12T00:11:58.358108+00:00,c1ad72de628f71283ac69037e9bbe97c3e773952f5abde5eac91397ca322d1a6,resource-grid,heisenberg_chain,Heisenberg-13,"{""coupling"":1.0,""field_z"":0.3}",13,13.0,proportional,1.0,0.003981071705534973,39.89999999999996,49,trotter-p2,trotter,Trotter p=2,analytical,analytical,2.0,,,,,,8973.0,,,,,,,,,,,,,,,,,,,,,,,,,,,,,,individual,49.0,0.0035822285385820546,131.28000000000006,childs-commutator,"Childs, Su, Tran, Wiebe, and Zhu, arXiv:1912.08854",Propositions 9--10,"{""prefactor"":131.28000000000006}",True,implemented-product-formula,True,,"[""the resolved ordered Hamiltonian groups match the implemented formula""]",,,,,,,implemented-product-formula,True,True,0.0035829645349814763,,,,,,,,,,,,,,,,,,,1.0,none,0.0,system register,1.0,13.0,870381.0,0.0,-1.0,86167719.0,1278928.0,analytical-model,0.00039810717055349735,,,,,,,,,,,,0.1.0,3.11.9,2.5.0,b58b31db18364511c43757e27fffc7abce8df2c1,True,ok,,
1.0,heisenberg_chain:N013,-2.4,empirical,2796.0,,,2.0,a8fa234e-a646-4911-8402-a67c302db4ae,2026-08-12T00:11:58.358108+00:00,c1ad72de628f71283ac69037e9bbe97c3e773952f5abde5eac91397ca322d1a6,resource-grid,heisenberg_chain,Heisenberg-13,"{""coupling"":1.0,""field_z"":0.3}",13,13.0,proportional,1.0,0.003981071705534973,39.89999999999996,49,trotter-p2-empirical,trotter,Trotter p=2 [empirical],empirical-operator-norm,empirical,2.0,,,,,,2796.0,,,,,,,,,,,,,,,,,,,,,,,,,,,,,,individual,49.0,0.0035826272660428333,12.748112989099997,empirical-operator-norm,Repository empirical operator-norm calibration study v1 (2026-08-10),reviewed calibration opnorm-v1-heisenberg-open-trotter-p2; artifact docs/calibration_data/empirical_1d_v1_accepted.json,"{""prefactor"":12.748112989099997}",False,implemented-product-formula,False,,"[""the resolved ordered Hamiltonian groups match the implemented formula"",""the fixed formal-order powers in time and segments apply"",""the reviewed affine size calibration extrapolates as flagged""]",,,,,,,implemented-product-formula,False,False,0.0035829645349814763,,,,,,,,,,,,,,,,,,,1.0,none,0.0,system register,1.0,13.0,271212.0,0.0,-1.0,25222716.0,398516.0,analytical-model,0.00039810717055349735,opnorm-v1-heisenberg-open-trotter-p2,heisenberg_chain,affine-aN-plus-b,12.748112989099997,4.0,12.0,4.0,12.0,True,True,formula,0.1.0,3.11.9,2.5.0,b58b31db18364511c43757e27fffc7abce8df2c1,True,ok,,
1.0,heisenberg_chain:N013,-2.4,commutator,923.0,,,2.0,a8fa234e-a646-4911-8402-a67c302db4ae,2026-08-12T00:11:58.358108+00:00,c1ad72de628f71283ac69037e9bbe97c3e773952f5abde5eac91397ca322d1a6,resource-grid,heisenberg_chain,Heisenberg-13,"{""coupling"":1.0,""field_z"":0.3}",13,13.0,proportional,1.0,0.003981071705534973,39.89999999999996,49,trotter-p4,trotter,Trotter p=4,analytical,analytical,4.0,,,,,,923.0,,,,,,,,,,,,,,,,,,,,,,,,,,,,,,commuting,3.0,0.003576420080781902,6990.98817037107,schubert-mendl-commutator,"Schubert and Mendl, arXiv:2306.10603",Theorem 1,"{""prefactor"":6990.98817037107}",True,implemented-product-formula,True,,"[""the resolved ordered Hamiltonian groups match the implemented formula""]",,,,,,,implemented-product-formula,True,True,0.0035829645349814763,,,,,,,,,,,,,,,,,,,1.0,none,0.0,system register,1.0,13.0,401505.0,0.0,-1.0,38142975.0,589967.0,analytical-model,0.00039810717055349735,,,,,,,,,,,,0.1.0,3.11.9,2.5.0,b58b31db18364511c43757e27fffc7abce8df2c1,True,ok,,
1.0,heisenberg_chain:N013,-2.4,empirical,132.0,,,2.0,a8fa234e-a646-4911-8402-a67c302db4ae,2026-08-12T00:11:58.358108+00:00,c1ad72de628f71283ac69037e9bbe97c3e773952f5abde5eac91397ca322d1a6,resource-grid,heisenberg_chain,Heisenberg-13,"{""coupling"":1.0,""field_z"":0.3}",13,13.0,proportional,1.0,0.003981071705534973,39.89999999999996,49,trotter-p4-empirical,trotter,Trotter p=4 [empirical],empirical-operator-norm,empirical,4.0,,,,,,132.0,,,,,,,,,,,,,,,,,,,,,,,,,,,,,,commuting,3.0,0.0035418270081075272,2.8960516869,empirical-operator-norm,Repository empirical operator-norm calibration study v1 (2026-08-10),reviewed calibration opnorm-v1-heisenberg-open-trotter-p4; artifact docs/calibration_data/empirical_1d_v1_accepted.json,"{""prefactor"":2.8960516869}",False,implemented-product-formula,False,,"[""the resolved ordered Hamiltonian groups match the implemented formula"",""the fixed formal-order powers in time and segments apply"",""the reviewed affine size calibration extrapolates as flagged""]",,,,,,,implemented-product-formula,False,False,0.0035829645349814763,,,,,,,,,,,,,,,,,,,1.0,none,0.0,system register,1.0,13.0,57420.0,0.0,-1.0,4995540.0,84373.0,analytical-model,0.00039810717055349735,opnorm-v1-heisenberg-open-trotter-p4,heisenberg_chain,affine-aN-plus-b,2.8960516869,4.0,12.0,4.0,12.0,True,True,formula,0.1.0,3.11.9,2.5.0,b58b31db18364511c43757e27fffc7abce8df2c1,True,ok,,
1.0,heisenberg_chain:N013,-2.4,commutator,591.0,,,2.0,a8fa234e-a646-4911-8402-a67c302db4ae,2026-08-12T00:11:58.358108+00:00,c1ad72de628f71283ac69037e9bbe97c3e773952f5abde5eac91397ca322d1a6,resource-grid,heisenberg_chain,Heisenberg-13,"{""coupling"":1.0,""field_z"":0.3}",13,13.0,proportional,1.0,0.003981071705534973,39.89999999999996,49,trotter-p6,trotter,Trotter p=6,analytical,analytical,6.0,,,,,,591.0,,,,,,,,,,,,,,,,,,,,,,,,,,,,,,commuting,3.0,0.0035783281528580877,2429973.763029318,schubert-mendl-commutator,"Schubert and Mendl, arXiv:2306.10603",Theorem 1,"{""prefactor"":2429973.763029318}",True,implemented-product-formula,True,,"[""the resolved ordered Hamiltonian groups match the implemented formula""]",,,,,,,implemented-product-formula,True,True,0.0035829645349814763,,,,,,,,,,,,,,,,,,,1.0,none,0.0,system register,1.0,13.0,1285425.0,0.0,-1.0,128542500.0,1888788.0,analytical-model,0.00039810717055349735,,,,,,,,,,,,0.1.0,3.11.9,2.5.0,b58b31db18364511c43757e27fffc7abce8df2c1,True,ok,,
1.0,heisenberg_chain:N013,-2.4,empirical,78.0,,,2.0,a8fa234e-a646-4911-8402-a67c302db4ae,2026-08-12T00:11:58.358108+00:00,c1ad72de628f71283ac69037e9bbe97c3e773952f5abde5eac91397ca322d1a6,resource-grid,heisenberg_chain,Heisenberg-13,"{""coupling"":1.0,""field_z"":0.3}",13,13.0,proportional,1.0,0.003981071705534973,39.89999999999996,49,trotter-p6-empirical,trotter,Trotter p=6 [empirical],empirical-operator-norm,empirical,6.0,,,,,,78.0,,,,,,,,,,,,,,,,,,,,,,,,,,,,,,commuting,3.0,1.1732955902777759e-05,0.0421086762,empirical-operator-norm,Repository empirical operator-norm calibration study v1 (2026-08-10),reviewed calibration opnorm-v1-heisenberg-open-trotter-p6; artifact docs/calibration_data/empirical_1d_v1_accepted.json,"{""prefactor"":0.0421086762}",False,implemented-product-formula,False,,"[""the resolved ordered Hamiltonian groups match the implemented formula"",""the fixed formal-order powers in time and segments apply"",""the reviewed affine size calibration extrapolates as flagged""]",,,,,,,implemented-product-formula,False,False,0.0035829645349814763,,,,,,,,,,,,,,,,,,,1.0,none,0.0,system register,1.0,13.0,169650.0,0.0,-1.0,15438150.0,249282.0,analytical-model,0.00039810717055349735,opnorm-v1-heisenberg-open-trotter-p6,heisenberg_chain,affine-aN-plus-b,0.0421086762,4.0,12.0,4.0,12.0,True,True,asymptotic-domain,0.1.0,3.11.9,2.5.0,b58b31db18364511c43757e27fffc7abce8df2c1,True,ok,,
1.0,heisenberg_chain:N013,-2.4,jacobi-anger,,,,2.0,a8fa234e-a646-4911-8402-a67c302db4ae,2026-08-12T00:11:58.358108+00:00,c1ad72de628f71283ac69037e9bbe97c3e773952f5abde5eac91397ca322d1a6,resource-grid,heisenberg_chain,Heisenberg-13,"{""coupling"":1.0,""field_z"":0.3}",13,13.0,proportional,1.0,0.003981071705534973,39.89999999999996,49,qsvt,qsvt,QSVT,jacobi-anger-rigorous,analytical,,,,,,,,,,,,,,,,,,,,,,,,,,,,,,,,,,,4263.0,711.0,,,0.0004926459693056419,,jacobi-anger-polynomial-oaa,"Martyn et al., arXiv:2105.02859, Eqs. (76)--(77)",Jacobi--Anger tails plus exact cubic OAA identity,"{""oaa-unitarity-defect-distortion"":0.00024636847783926594,""scaled-polynomial-error"":0.000246277491466376}",True,ideal-qsvt-oaa-good-block,True,,"[""the cosine and sine polynomials are implemented exactly"",""the unamplified good block is exactly Q/2""]",,,,,,,implemented-qsvt-floating-phase-circuit,False,False,0.0035829645349814763,,,,,,,,,,,,,,,,,,,2.0,one robust OAA round,1.0,"component, quadrature, and index registers all-zero",,27.0,545676.0,1313102.0,-1.0,57637304.0,8769579.0,analytical-model,0.00039810717055349735,,,,,,,,,,,,0.1.0,3.11.9,2.5.0,b58b31db18364511c43757e27fffc7abce8df2c1,True,ok,,
1.0,heisenberg_chain:N013,-2.4,empirical,,7.0,17.0,2.0,a8fa234e-a646-4911-8402-a67c302db4ae,2026-08-12T00:11:58.358108+00:00,c1ad72de628f71283ac69037e9bbe97c3e773952f5abde5eac91397ca322d1a6,resource-grid,heisenberg_chain,Heisenberg-13,"{""coupling"":1.0,""field_z"":0.3}",13,13.0,proportional,1.0,0.003981071705534973,39.89999999999996,49,mpf-j-mizuta2026-theorem6-empirical-operator-norm,multiproduct,MPF J=Mizuta Theorem 6 (resolved per point) [empirical operator norm],empirical-operator-norm,empirical,,7.0,14.0,mizuta2026-theorem6,6.300000000000004,0.0035829645349814763,17.0,,,,[],,,,,,,,,,,,,,,[],,,,,,,empirical-operator-norm,[],2346.0,,,,4.02670798595594e-07,1.3246e-06,empirical-operator-norm,Repository empirical operator-norm calibration study v1 (2026-08-10),reviewed calibration opnorm-v1-heisenberg-open-mpf-new-m7; fixed formal powers,"{""empirical_coefficient"":1.3246e-06}",False,ideal-mpf,False,ordered individual Pauli terms,"[""the fixed formal-order powers in time and segments apply"",""the empirical estimate concerns the repeated ideal MPF operator"",""the reviewed affine size calibration extrapolates as flagged""]",,0.0,0.0,False,False,{},repeated-shared-ancilla-good-block,False,False,0.0035829645349814763,new,"[1,2,3,4,5,9,22]","[2.9953607852158573e-09,-2.9318124556219793e-05,0.003468573778195489,-0.04863485570038276,0.1308718708891307,-0.4341006887393225,1.3484244149015747]",1.965529725128523,0.034470274871476914,46.0,registered-exact,True,7.0,3.0,2.0,4.0,9.0,7.0,6.0,3.0,2.0,3.0,2.0,one robust OAA round per segment,17.0,branch register all-zero,,20.0,456654.0,1547.0,-1.0,43844972.0,800449.0,analytical-model,0.00039810717055349735,opnorm-v1-heisenberg-open-mpf-new-m7,heisenberg_chain,affine-aN-plus-b,1.3246e-06,4.0,8.0,4.0,12.0,True,True,asymptotic-domain,0.1.0,3.11.9,2.5.0,b58b31db18364511c43757e27fffc7abce8df2c1,True,ok,,
1.0,heisenberg_chain:N013,-2.4,commutator,,7.0,11486.0,2.0,a8fa234e-a646-4911-8402-a67c302db4ae,2026-08-12T00:11:58.358108+00:00,c1ad72de628f71283ac69037e9bbe97c3e773952f5abde5eac91397ca322d1a6,resource-grid,heisenberg_chain,Heisenberg-13,"{""coupling"":1.0,""field_z"":0.3}",13,13.0,proportional,1.0,0.003981071705534973,39.89999999999996,49,mpf-j-mizuta2026-theorem6-mizuta2026-commutator-ideal-rigorous,multiproduct,MPF J=Mizuta Theorem 6 (resolved per point) [Mizuta 2026 refined commutator],mizuta2026-commutator-ideal-rigorous,analytical,,7.0,14.0,mizuta2026-theorem6,6.300000000000004,0.0035829645349814763,11486.0,11486.0,,7469.0,"[""error""]",143.62913324359087,14.0,,,3.107155496646961e-07,5.947252097130177e-22,5.071939808594529e-31,5.947252092058235e-22,5.947252097130177e-22,3.1071554966469674e-07,0.0035816373397873015,1.763997603736675e-05,False,0.0017405939474410613,"[1.0000000000000002,1.0000000000000002,1.0000000000000002,1.0000000000000002,1.0000000000000002,1.0000000000000002,1.0000000000000002,1.0000000000000002,1.0000000000000002,1.0000000000000002,1.0000000000000002,1.0000000000000002,1.0000000000000002,1.0000000000000002,1.0000000000000002,1.0000000000000002,1.0000000000000002,1.0000000000000002,1.0000000000000002,1.0000000000000002,1.0000000000000002,1.0000000000000002,1.0000000000000002,1.0000000000000002,1.0000000000000002,1.0000000000000002,1.0000000000000002,1.0000000000000002,1.0000000000000002,1.0000000000000002,1.0000000000000002,1.0000000000000002,1.0000000000000002,1.0000000000000002,1.0000000000000002,1.0000000000000002,1.0000000000000002,1.0000000000000002,1.0000000000000002,1.0000000000000002,1.0000000000000002,1.0000000000000002,1.0000000000000002,1.0000000000000002,1.0000000000000002,1.0000000000000002,1.0000000000000002,1.0000000000000002,1.0000000000000002]",6.300000000000007,7.0,True,exact commutator transition cap reached; locality bound used,not-used,commutator,mizuta2026-commutator-ideal-rigorous,[],1585068.0,,,,0.0035816373397873015,4.850035109813718e+37,mizuta2026-commutator-ideal-rigorous,"Mizuta, Quantum 10, 1974 (2026), arXiv:2507.06557v4","Theorem 4, Eqs. (47)--(49), with direct Lemmas 9--10 BCH remainder","{""error_predicate_satisfied"":1.0,""extensiveness_g"":6.300000000000004,""joint_predicate_satisfied"":1.0,""legacy_first_condition_passed"":0.0,""legacy_first_time_limit"":1.763997603736675e-05,""local_commutator_error"":3.107155496646961e-07,""local_step_error"":3.1071554966469674e-07,""local_truncated_bch_error"":5.947252097130177e-22,""locality_k"":2.0,""mu_upper"":143.62913324359087,""refined_lemma10_remainder"":5.947252092058235e-22,""refined_lemma9_remainder"":5.071939808594529e-31,""refined_tail_fallback"":0.0,""repeated_global_error"":0.0035816373397873015,""schedule_weighted_extensiveness"":6.300000000000007,""second_time_limit"":0.0017405939474410613,""time_2_predicate_satisfied"":1.0,""total_branchwise_bch_remainder"":5.947252097130177e-22,""truncation_order_p0"":14.0}",True,ideal-mpf,True,ordered individual Pauli terms,"[""individual Pauli summands define the ordered H_gamma decomposition"",""the actual Strang factors define schedule-weighted g_alpha extensiveness"",""Lemma 9 and Lemma 10 positive majorants directly certify the BCH remainder"",""the scalar-flow/Cauchy refined tail certificate is used"",""Theorem 4 second time hypothesis is satisfied"",""the repeated ideal MPF is composed with the Eq. (15) telescoping argument""]","exact Pauli recurrence would require 466284 transitions at order 8, above cap 250000; remaining orders use Mizuta 2026 Eq. (8)",14.0,7.0,True,True,"{""2"":321.6000000000004,""3"":5070.720000000011,""4"":74820.86400000023,""5"":1370305.228800006,""6"":25164040.642560143,""7"":522290321.86675566,""8"":2663901875917312.5,""9"":5.3704261818492736e+17,""10"":1.2180126580434136e+20,""11"":3.0693918982694054e+22,""12"":8.508354342002837e+24,""13"":2.5729263530216704e+27,""14"":8.428906732499016e+29}",repeated-shared-ancilla-good-block,True,False,0.0035829645349814763,new,"[1,2,3,4,5,9,22]","[2.9953607852158573e-09,-2.9318124556219793e-05,0.003468573778195489,-0.04863485570038276,0.1308718708891307,-0.4341006887393225,1.3484244149015747]",1.965529725128523,0.034470274871476914,46.0,registered-exact,True,7.0,3.0,2.0,4.0,9.0,7.0,6.0,3.0,2.0,3.0,2.0,one robust OAA round per segment,11486.0,branch register all-zero,,20.0,308536932.0,1045226.0,-1.0,38262760472.0,540820889.0,analytical-model,0.00039810717055349735,,,,,,,,,,,,0.1.0,3.11.9,2.5.0,b58b31db18364511c43757e27fffc7abce8df2c1,True,ok,,
1.0,heisenberg_chain:N013,-2.5,commutator,10067.0,,,2.0,a8fa234e-a646-4911-8402-a67c302db4ae,2026-08-12T00:11:58.358108+00:00,c1ad72de628f71283ac69037e9bbe97c3e773952f5abde5eac91397ca322d1a6,resource-grid,heisenberg_chain,Heisenberg-13,"{""coupling"":1.0,""field_z"":0.3}",13,13.0,proportional,1.0,0.0031622776601683794,39.89999999999996,49,trotter-p2,trotter,Trotter p=2,analytical,analytical,2.0,,,,,,10067.0,,,,,,,,,,,,,,,,,,,,,,,,,,,,,,individual,49.0,0.002845958007642628,131.28000000000006,childs-commutator,"Childs, Su, Tran, Wiebe, and Zhu, arXiv:1912.08854",Propositions 9--10,"{""prefactor"":131.28000000000006}",True,implemented-product-formula,True,,"[""the resolved ordered Hamiltonian groups match the implemented formula""]",,,,,,,implemented-product-formula,True,True,0.0028460498941515417,,,,,,,,,,,,,,,,,,,1.0,none,0.0,system register,1.0,13.0,976499.0,0.0,-1.0,97649900.0,1434856.0,analytical-model,0.00031622776601683794,,,,,,,,,,,,0.1.0,3.11.9,2.5.0,b58b31db18364511c43757e27fffc7abce8df2c1,True,ok,,
1.0,heisenberg_chain:N013,-2.5,empirical,3138.0,,,2.0,a8fa234e-a646-4911-8402-a67c302db4ae,2026-08-12T00:11:58.358108+00:00,c1ad72de628f71283ac69037e9bbe97c3e773952f5abde5eac91397ca322d1a6,resource-grid,heisenberg_chain,Heisenberg-13,"{""coupling"":1.0,""field_z"":0.3}",13,13.0,proportional,1.0,0.0031622776601683794,39.89999999999996,49,trotter-p2-empirical,trotter,Trotter p=2 [empirical],empirical-operator-norm,empirical,2.0,,,,,,3138.0,,,,,,,,,,,,,,,,,,,,,,,,,,,,,,individual,49.0,0.0028442651659780003,12.748112989099997,empirical-operator-norm,Repository empirical operator-norm calibration study v1 (2026-08-10),reviewed calibration opnorm-v1-heisenberg-open-trotter-p2; artifact docs/calibration_data/empirical_1d_v1_accepted.json,"{""prefactor"":12.748112989099997}",False,implemented-product-formula,False,,"[""the resolved ordered Hamiltonian groups match the implemented formula"",""the fixed formal-order powers in time and segments apply"",""the reviewed affine size calibration extrapolates as flagged""]",,,,,,,implemented-product-formula,False,False,0.0028460498941515417,,,,,,,,,,,,,,,,,,,1.0,none,0.0,system register,1.0,13.0,304386.0,0.0,-1.0,28916670.0,447262.0,analytical-model,0.00031622776601683794,opnorm-v1-heisenberg-open-trotter-p2,heisenberg_chain,affine-aN-plus-b,12.748112989099997,4.0,12.0,4.0,12.0,True,True,formula,0.1.0,3.11.9,2.5.0,b58b31db18364511c43757e27fffc7abce8df2c1,True,ok,,
1.0,heisenberg_chain:N013,-2.5,commutator,978.0,,,2.0,a8fa234e-a646-4911-8402-a67c302db4ae,2026-08-12T00:11:58.358108+00:00,c1ad72de628f71283ac69037e9bbe97c3e773952f5abde5eac91397ca322d1a6,resource-grid,heisenberg_chain,Heisenberg-13,"{""coupling"":1.0,""field_z"":0.3}",13,13.0,proportional,1.0,0.0031622776601683794,39.89999999999996,49,trotter-p4,trotter,Trotter p=4,analytical,analytical,4.0,,,,,,978.0,,,,,,,,,,,,,,,,,,,,,,,,,,,,,,commuting,3.0,0.002837265058288722,6990.98817037107,schubert-mendl-commutator,"Schubert and Mendl, arXiv:2306.10603",Theorem 1,"{""prefactor"":6990.98817037107}",True,implemented-product-formula,True,,"[""the resolved ordered Hamiltonian groups match the implemented formula""]",,,,,,,implemented-product-formula,True,True,0.0028460498941515417,,,,,,,,,,,,,,,,,,,1.0,none,0.0,system register,1.0,13.0,425430.0,0.0,-1.0,40841280.0,625122.0,analytical-model,0.00031622776601683794,,,,,,,,,,,,0.1.0,3.11.9,2.5.0,b58b31db18364511c43757e27fffc7abce8df2c1,True,ok,,
1.0,heisenberg_chain:N013,-2.5,empirical,140.0,,,2.0,a8fa234e-a646-4911-8402-a67c302db4ae,2026-08-12T00:11:58.358108+00:00,c1ad72de628f71283ac69037e9bbe97c3e773952f5abde5eac91397ca322d1a6,resource-grid,heisenberg_chain,Heisenberg-13,"{""coupling"":1.0,""field_z"":0.3}",13,13.0,proportional,1.0,0.0031622776601683794,39.89999999999996,49,trotter-p4-empirical,trotter,Trotter p=4 [empirical],empirical-operator-norm,empirical,4.0,,,,,,140.0,,,,,,,,,,,,,,,,,,,,,,,,,,,,,,commuting,3.0,0.002799051746626832,2.8960516869,empirical-operator-norm,Repository empirical operator-norm calibration study v1 (2026-08-10),reviewed calibration opnorm-v1-heisenberg-open-trotter-p4; artifact docs/calibration_data/empirical_1d_v1_accepted.json,"{""prefactor"":2.8960516869}",False,implemented-product-formula,False,,"[""the resolved ordered Hamiltonian groups match the implemented formula"",""the fixed formal-order powers in time and segments apply"",""the reviewed affine size calibration extrapolates as flagged""]",,,,,,,implemented-product-formula,False,False,0.0028460498941515417,,,,,,,,,,,,,,,,,,,1.0,none,0.0,system register,1.0,13.0,60900.0,0.0,-1.0,5359200.0,89486.0,analytical-model,0.00031622776601683794,opnorm-v1-heisenberg-open-trotter-p4,heisenberg_chain,affine-aN-plus-b,2.8960516869,4.0,12.0,4.0,12.0,True,True,formula,0.1.0,3.11.9,2.5.0,b58b31db18364511c43757e27fffc7abce8df2c1,True,ok,,
1.0,heisenberg_chain:N013,-2.5,commutator,614.0,,,2.0,a8fa234e-a646-4911-8402-a67c302db4ae,2026-08-12T00:11:58.358108+00:00,c1ad72de628f71283ac69037e9bbe97c3e773952f5abde5eac91397ca322d1a6,resource-grid,heisenberg_chain,Heisenberg-13,"{""coupling"":1.0,""field_z"":0.3}",13,13.0,proportional,1.0,0.0031622776601683794,39.89999999999996,49,trotter-p6,trotter,Trotter p=6,analytical,analytical,6.0,,,,,,614.0,,,,,,,,,,,,,,,,,,,,,,,,,,,,,,commuting,3.0,0.0028457374140098313,2429973.763029318,schubert-mendl-commutator,"Schubert and Mendl, arXiv:2306.10603",Theorem 1,"{""prefactor"":2429973.763029318}",True,implemented-product-formula,True,,"[""the resolved ordered Hamiltonian groups match the implemented formula""]",,,,,,,implemented-product-formula,True,True,0.0028460498941515417,,,,,,,,,,,,,,,,,,,1.0,none,0.0,system register,1.0,13.0,1335450.0,0.0,-1.0,134880450.0,1962294.0,analytical-model,0.00031622776601683794,,,,,,,,,,,,0.1.0,3.11.9,2.5.0,b58b31db18364511c43757e27fffc7abce8df2c1,True,ok,,
1.0,heisenberg_chain:N013,-2.5,empirical,78.0,,,2.0,a8fa234e-a646-4911-8402-a67c302db4ae,2026-08-12T00:11:58.358108+00:00,c1ad72de628f71283ac69037e9bbe97c3e773952f5abde5eac91397ca322d1a6,resource-grid,heisenberg_chain,Heisenberg-13,"{""coupling"":1.0,""field_z"":0.3}",13,13.0,proportional,1.0,0.0031622776601683794,39.89999999999996,49,trotter-p6-empirical,trotter,Trotter p=6 [empirical],empirical-operator-norm,empirical,6.0,,,,,,78.0,,,,,,,,,,,,,,,,,,,,,,,,,,,,,,commuting,3.0,1.1732955902777759e-05,0.0421086762,empirical-operator-norm,Repository empirical operator-norm calibration study v1 (2026-08-10),reviewed calibration opnorm-v1-heisenberg-open-trotter-p6; artifact docs/calibration_data/empirical_1d_v1_accepted.json,"{""prefactor"":0.0421086762}",False,implemented-product-formula,False,,"[""the resolved ordered Hamiltonian groups match the implemented formula"",""the fixed formal-order powers in time and segments apply"",""the reviewed affine size calibration extrapolates as flagged""]",,,,,,,implemented-product-formula,False,False,0.0028460498941515417,,,,,,,,,,,,,,,,,,,1.0,none,0.0,system register,1.0,13.0,169650.0,0.0,-1.0,15607800.0,249282.0,analytical-model,0.00031622776601683794,opnorm-v1-heisenberg-open-trotter-p6,heisenberg_chain,affine-aN-plus-b,0.0421086762,4.0,12.0,4.0,12.0,True,True,asymptotic-domain,0.1.0,3.11.9,2.5.0,b58b31db18364511c43757e27fffc7abce8df2c1,True,ok,,
1.0,heisenberg_chain:N013,-2.5,jacobi-anger,,,,2.0,a8fa234e-a646-4911-8402-a67c302db4ae,2026-08-12T00:11:58.358108+00:00,c1ad72de628f71283ac69037e9bbe97c3e773952f5abde5eac91397ca322d1a6,resource-grid,heisenberg_chain,Heisenberg-13,"{""coupling"":1.0,""field_z"":0.3}",13,13.0,proportional,1.0,0.0031622776601683794,39.89999999999996,49,qsvt,qsvt,QSVT,jacobi-anger-rigorous,analytical,,,,,,,,,,,,,,,,,,,,,,,,,,,,,,,,,,,4263.0,711.0,,,0.00041074269676309917,,jacobi-anger-polynomial-oaa,"Martyn et al., arXiv:2105.02859, Eqs. (76)--(77)",Jacobi--Anger tails plus exact cubic OAA identity,"{""oaa-unitarity-defect-distortion"":0.00020540297384741155,""scaled-polynomial-error"":0.00020533972291568762}",True,ideal-qsvt-oaa-good-block,True,,"[""the cosine and sine polynomials are implemented exactly"",""the unamplified good block is exactly Q/2""]",,,,,,,implemented-qsvt-floating-phase-circuit,False,False,0.0028460498941515417,,,,,,,,,,,,,,,,,,,2.0,one robust OAA round,1.0,"component, quadrature, and index registers all-zero",,27.0,545676.0,1313102.0,-1.0,58182980.0,8769579.0,analytical-model,0.00031622776601683794,,,,,,,,,,,,0.1.0,3.11.9,2.5.0,b58b31db18364511c43757e27fffc7abce8df2c1,True,ok,,
1.0,heisenberg_chain:N013,-2.5,empirical,,7.0,17.0,2.0,a8fa234e-a646-4911-8402-a67c302db4ae,2026-08-12T00:11:58.358108+00:00,c1ad72de628f71283ac69037e9bbe97c3e773952f5abde5eac91397ca322d1a6,resource-grid,heisenberg_chain,Heisenberg-13,"{""coupling"":1.0,""field_z"":0.3}",13,13.0,proportional,1.0,0.0031622776601683794,39.89999999999996,49,mpf-j-mizuta2026-theorem6-empirical-operator-norm,multiproduct,MPF J=Mizuta Theorem 6 (resolved per point) [empirical operator norm],empirical-operator-norm,empirical,,7.0,14.0,mizuta2026-theorem6,6.300000000000004,0.0028460498941515417,17.0,,,,[],,,,,,,,,,,,,,,[],,,,,,,empirical-operator-norm,[],2346.0,,,,4.02670798595594e-07,1.3246e-06,empirical-operator-norm,Repository empirical operator-norm calibration study v1 (2026-08-10),reviewed calibration opnorm-v1-heisenberg-open-mpf-new-m7; fixed formal powers,"{""empirical_coefficient"":1.3246e-06}",False,ideal-mpf,False,ordered individual Pauli terms,"[""the fixed formal-order powers in time and segments apply"",""the empirical estimate concerns the repeated ideal MPF operator"",""the reviewed affine size calibration extrapolates as flagged""]",,0.0,0.0,False,False,{},repeated-shared-ancilla-good-block,False,False,0.0028460498941515417,new,"[1,2,3,4,5,9,22]","[2.9953607852158573e-09,-2.9318124556219793e-05,0.003468573778195489,-0.04863485570038276,0.1308718708891307,-0.4341006887393225,1.3484244149015747]",1.965529725128523,0.034470274871476914,46.0,registered-exact,True,7.0,3.0,2.0,4.0,9.0,7.0,6.0,3.0,2.0,3.0,2.0,one robust OAA round per segment,17.0,branch register all-zero,,20.0,456654.0,1547.0,-1.0,44301626.0,800449.0,analytical-model,0.00031622776601683794,opnorm-v1-heisenberg-open-mpf-new-m7,heisenberg_chain,affine-aN-plus-b,1.3246e-06,4.0,8.0,4.0,12.0,True,True,asymptotic-domain,0.1.0,3.11.9,2.5.0,b58b31db18364511c43757e27fffc7abce8df2c1,True,ok,,
1.0,heisenberg_chain:N013,-2.5,commutator,,7.0,11676.0,2.0,a8fa234e-a646-4911-8402-a67c302db4ae,2026-08-12T00:11:58.358108+00:00,c1ad72de628f71283ac69037e9bbe97c3e773952f5abde5eac91397ca322d1a6,resource-grid,heisenberg_chain,Heisenberg-13,"{""coupling"":1.0,""field_z"":0.3}",13,13.0,proportional,1.0,0.0031622776601683794,39.89999999999996,49,mpf-j-mizuta2026-theorem6-mizuta2026-commutator-ideal-rigorous,multiproduct,MPF J=Mizuta Theorem 6 (resolved per point) [Mizuta 2026 refined commutator],mizuta2026-commutator-ideal-rigorous,analytical,,7.0,14.0,mizuta2026-theorem6,6.300000000000004,0.0028460498941515417,11676.0,11676.0,,7469.0,"[""error""]",143.62913324359087,14.0,,,2.429315227145776e-07,4.641049919355474e-22,3.963964956399826e-31,4.641049915391508e-22,4.641049919355474e-22,2.4293152271457815e-07,0.002844524741806032,1.763997603736675e-05,False,0.0017405939474410613,"[1.0000000000000002,1.0000000000000002,1.0000000000000002,1.0000000000000002,1.0000000000000002,1.0000000000000002,1.0000000000000002,1.0000000000000002,1.0000000000000002,1.0000000000000002,1.0000000000000002,1.0000000000000002,1.0000000000000002,1.0000000000000002,1.0000000000000002,1.0000000000000002,1.0000000000000002,1.0000000000000002,1.0000000000000002,1.0000000000000002,1.0000000000000002,1.0000000000000002,1.0000000000000002,1.0000000000000002,1.0000000000000002,1.0000000000000002,1.0000000000000002,1.0000000000000002,1.0000000000000002,1.0000000000000002,1.0000000000000002,1.0000000000000002,1.0000000000000002,1.0000000000000002,1.0000000000000002,1.0000000000000002,1.0000000000000002,1.0000000000000002,1.0000000000000002,1.0000000000000002,1.0000000000000002,1.0000000000000002,1.0000000000000002,1.0000000000000002,1.0000000000000002,1.0000000000000002,1.0000000000000002,1.0000000000000002,1.0000000000000002]",6.300000000000007,7.0,True,exact commutator transition cap reached; locality bound used,not-used,commutator,mizuta2026-commutator-ideal-rigorous,[],1611288.0,,,,0.002844524741806032,4.850035109813718e+37,mizuta2026-commutator-ideal-rigorous,"Mizuta, Quantum 10, 1974 (2026), arXiv:2507.06557v4","Theorem 4, Eqs. (47)--(49), with direct Lemmas 9--10 BCH remainder","{""error_predicate_satisfied"":1.0,""extensiveness_g"":6.300000000000004,""joint_predicate_satisfied"":1.0,""legacy_first_condition_passed"":0.0,""legacy_first_time_limit"":1.763997603736675e-05,""local_commutator_error"":2.429315227145776e-07,""local_step_error"":2.4293152271457815e-07,""local_truncated_bch_error"":4.641049919355474e-22,""locality_k"":2.0,""mu_upper"":143.62913324359087,""refined_lemma10_remainder"":4.641049915391508e-22,""refined_lemma9_remainder"":3.963964956399826e-31,""refined_tail_fallback"":0.0,""repeated_global_error"":0.002844524741806032,""schedule_weighted_extensiveness"":6.300000000000007,""second_time_limit"":0.0017405939474410613,""time_2_predicate_satisfied"":1.0,""total_branchwise_bch_remainder"":4.641049919355474e-22,""truncation_order_p0"":14.0}",True,ideal-mpf,True,ordered individual Pauli terms,"[""individual Pauli summands define the ordered H_gamma decomposition"",""the actual Strang factors define schedule-weighted g_alpha extensiveness"",""Lemma 9 and Lemma 10 positive majorants directly certify the BCH remainder"",""the scalar-flow/Cauchy refined tail certificate is used"",""Theorem 4 second time hypothesis is satisfied"",""the repeated ideal MPF is composed with the Eq. (15) telescoping argument""]","exact Pauli recurrence would require 466284 transitions at order 8, above cap 250000; remaining orders use Mizuta 2026 Eq. (8)",14.0,7.0,True,True,"{""2"":321.6000000000004,""3"":5070.720000000011,""4"":74820.86400000023,""5"":1370305.228800006,""6"":25164040.642560143,""7"":522290321.86675566,""8"":2663901875917312.5,""9"":5.3704261818492736e+17,""10"":1.2180126580434136e+20,""11"":3.0693918982694054e+22,""12"":8.508354342002837e+24,""13"":2.5729263530216704e+27,""14"":8.428906732499016e+29}",repeated-shared-ancilla-good-block,True,False,0.0028460498941515417,new,"[1,2,3,4,5,9,22]","[2.9953607852158573e-09,-2.9318124556219793e-05,0.003468573778195489,-0.04863485570038276,0.1308718708891307,-0.4341006887393225,1.3484244149015747]",1.965529725128523,0.034470274871476914,46.0,registered-exact,True,7.0,3.0,2.0,4.0,9.0,7.0,6.0,3.0,2.0,3.0,2.0,one robust OAA round per segment,11676.0,branch register all-zero,,20.0,313640712.0,1062516.0,-1.0,39209339064.0,549767082.0,analytical-model,0.00031622776601683794,,,,,,,,,,,,0.1.0,3.11.9,2.5.0,b58b31db18364511c43757e27fffc7abce8df2c1,True,ok,,
1.0,heisenberg_chain:N013,-2.6,commutator,11296.0,,,2.0,a8fa234e-a646-4911-8402-a67c302db4ae,2026-08-12T00:11:58.358108+00:00,c1ad72de628f71283ac69037e9bbe97c3e773952f5abde5eac91397ca322d1a6,resource-grid,heisenberg_chain,Heisenberg-13,"{""coupling"":1.0,""field_z"":0.3}",13,13.0,proportional,1.0,0.0025118864315095794,39.89999999999996,49,trotter-p2,trotter,Trotter p=2,analytical,analytical,2.0,,,,,,11296.0,,,,,,,,,,,,,,,,,,,,,,,,,,,,,,individual,49.0,0.0022603685578489532,131.28000000000006,childs-commutator,"Childs, Su, Tran, Wiebe, and Zhu, arXiv:1912.08854",Propositions 9--10,"{""prefactor"":131.28000000000006}",True,implemented-product-formula,True,,"[""the resolved ordered Hamiltonian groups match the implemented formula""]",,,,,,,implemented-product-formula,True,True,0.0022606977883586218,,,,,,,,,,,,,,,,,,,1.0,none,0.0,system register,1.0,13.0,1095712.0,0.0,-1.0,111762624.0,1610026.0,analytical-model,0.00025118864315095795,,,,,,,,,,,,0.1.0,3.11.9,2.5.0,b58b31db18364511c43757e27fffc7abce8df2c1,True,ok,,
1.0,heisenberg_chain:N013,-2.6,empirical,3520.0,,,2.0,a8fa234e-a646-4911-8402-a67c302db4ae,2026-08-12T00:11:58.358108+00:00,c1ad72de628f71283ac69037e9bbe97c3e773952f5abde5eac91397ca322d1a6,resource-grid,heisenberg_chain,Heisenberg-13,"{""coupling"":1.0,""field_z"":0.3}",13,13.0,proportional,1.0,0.0025118864315095794,39.89999999999996,49,trotter-p2-empirical,trotter,Trotter p=2 [empirical],empirical-operator-norm,empirical,2.0,,,,,,3520.0,,,,,,,,,,,,,,,,,,,,,,,,,,,,,,individual,49.0,0.0022604277696484957,12.748112989099997,empirical-operator-norm,Repository empirical operator-norm calibration study v1 (2026-08-10),reviewed calibration opnorm-v1-heisenberg-open-trotter-p2; artifact docs/calibration_data/empirical_1d_v1_accepted.json,"{""prefactor"":12.748112989099997}",False,implemented-product-formula,False,,"[""the resolved ordered Hamiltonian groups match the implemented formula"",""the fixed formal-order powers in time and segments apply"",""the reviewed affine size calibration extrapolates as flagged""]",,,,,,,implemented-product-formula,False,False,0.0022606977883586218,,,,,,,,,,,,,,,,,,,1.0,none,0.0,system register,1.0,13.0,341440.0,0.0,-1.0,32778240.0,501708.0,analytical-model,0.00025118864315095795,opnorm-v1-heisenberg-open-trotter-p2,heisenberg_chain,affine-aN-plus-b,12.748112989099997,4.0,12.0,4.0,12.0,True,True,formula,0.1.0,3.11.9,2.5.0,b58b31db18364511c43757e27fffc7abce8df2c1,True,ok,,
1.0,heisenberg_chain:N013,-2.6,commutator,1036.0,,,2.0,a8fa234e-a646-4911-8402-a67c302db4ae,2026-08-12T00:11:58.358108+00:00,c1ad72de628f71283ac69037e9bbe97c3e773952f5abde5eac91397ca322d1a6,resource-grid,heisenberg_chain,Heisenberg-13,"{""coupling"":1.0,""field_z"":0.3}",13,13.0,proportional,1.0,0.0025118864315095794,39.89999999999996,49,trotter-p4,trotter,Trotter p=4,analytical,analytical,4.0,,,,,,1036.0,,,,,,,,,,,,,,,,,,,,,,,,,,,,,,commuting,3.0,0.002253285941755056,6990.98817037107,schubert-mendl-commutator,"Schubert and Mendl, arXiv:2306.10603",Theorem 1,"{""prefactor"":6990.98817037107}",True,implemented-product-formula,True,,"[""the resolved ordered Hamiltonian groups match the implemented formula""]",,,,,,,implemented-product-formula,True,True,0.0022606977883586218,,,,,,,,,,,,,,,,,,,1.0,none,0.0,system register,1.0,13.0,450660.0,0.0,-1.0,44164680.0,662195.0,analytical-model,0.00025118864315095795,,,,,,,,,,,,0.1.0,3.11.9,2.5.0,b58b31db18364511c43757e27fffc7abce8df2c1,True,ok,,
1.0,heisenberg_chain:N013,-2.6,empirical,148.0,,,2.0,a8fa234e-a646-4911-8402-a67c302db4ae,2026-08-12T00:11:58.358108+00:00,c1ad72de628f71283ac69037e9bbe97c3e773952f5abde5eac91397ca322d1a6,resource-grid,heisenberg_chain,Heisenberg-13,"{""coupling"":1.0,""field_z"":0.3}",13,13.0,proportional,1.0,0.0025118864315095794,39.89999999999996,49,trotter-p4-empirical,trotter,Trotter p=4 [empirical],empirical-operator-norm,empirical,4.0,,,,,,148.0,,,,,,,,,,,,,,,,,,,,,,,,,,,,,,commuting,3.0,0.002241177266671267,2.8960516869,empirical-operator-norm,Repository empirical operator-norm calibration study v1 (2026-08-10),reviewed calibration opnorm-v1-heisenberg-open-trotter-p4; artifact docs/calibration_data/empirical_1d_v1_accepted.json,"{""prefactor"":2.8960516869}",False,implemented-product-formula,False,,"[""the resolved ordered Hamiltonian groups match the implemented formula"",""the fixed formal-order powers in time and segments apply"",""the reviewed affine size calibration extrapolates as flagged""]",,,,,,,implemented-product-formula,False,False,0.0022606977883586218,,,,,,,,,,,,,,,,,,,1.0,none,0.0,system register,1.0,13.0,64380.0,0.0,-1.0,5729820.0,94600.0,analytical-model,0.00025118864315095795,opnorm-v1-heisenberg-open-trotter-p4,heisenberg_chain,affine-aN-plus-b,2.8960516869,4.0,12.0,4.0,12.0,True,True,formula,0.1.0,3.11.9,2.5.0,b58b31db18364511c43757e27fffc7abce8df2c1,True,ok,,
1.0,heisenberg_chain:N013,-2.6,commutator,639.0,,,2.0,a8fa234e-a646-4911-8402-a67c302db4ae,2026-08-12T00:11:58.358108+00:00,c1ad72de628f71283ac69037e9bbe97c3e773952f5abde5eac91397ca322d1a6,resource-grid,heisenberg_chain,Heisenberg-13,"{""coupling"":1.0,""field_z"":0.3}",13,13.0,proportional,1.0,0.0025118864315095794,39.89999999999996,49,trotter-p6,trotter,Trotter p=6,analytical,analytical,6.0,,,,,,639.0,,,,,,,,,,,,,,,,,,,,,,,,,,,,,,commuting,3.0,0.002239751837946996,2429973.763029318,schubert-mendl-commutator,"Schubert and Mendl, arXiv:2306.10603",Theorem 1,"{""prefactor"":2429973.763029318}",True,implemented-product-formula,True,,"[""the resolved ordered Hamiltonian groups match the implemented formula""]",,,,,,,implemented-product-formula,True,True,0.0022606977883586218,,,,,,,,,,,,,,,,,,,1.0,none,0.0,system register,1.0,13.0,1389825.0,0.0,-1.0,143151975.0,2042192.0,analytical-model,0.00025118864315095795,,,,,,,,,,,,0.1.0,3.11.9,2.5.0,b58b31db18364511c43757e27fffc7abce8df2c1,True,ok,,
1.0,heisenberg_chain:N013,-2.6,empirical,78.0,,,2.0,a8fa234e-a646-4911-8402-a67c302db4ae,2026-08-12T00:11:58.358108+00:00,c1ad72de628f71283ac69037e9bbe97c3e773952f5abde5eac91397ca322d1a6,resource-grid,heisenberg_chain,Heisenberg-13,"{""coupling"":1.0,""field_z"":0.3}",13,13.0,proportional,1.0,0.0025118864315095794,39.89999999999996,49,trotter-p6-empirical,trotter,Trotter p=6 [empirical],empirical-operator-norm,empirical,6.0,,,,,,78.0,,,,,,,,,,,,,,,,,,,,,,,,,,,,,,commuting,3.0,1.1732955902777759e-05,0.0421086762,empirical-operator-norm,Repository empirical operator-norm calibration study v1 (2026-08-10),reviewed calibration opnorm-v1-heisenberg-open-trotter-p6; artifact docs/calibration_data/empirical_1d_v1_accepted.json,"{""prefactor"":0.0421086762}",False,implemented-product-formula,False,,"[""the resolved ordered Hamiltonian groups match the implemented formula"",""the fixed formal-order powers in time and segments apply"",""the reviewed affine size calibration extrapolates as flagged""]",,,,,,,implemented-product-formula,False,False,0.0022606977883586218,,,,,,,,,,,,,,,,,,,1.0,none,0.0,system register,1.0,13.0,169650.0,0.0,-1.0,15777450.0,249282.0,analytical-model,0.00025118864315095795,opnorm-v1-heisenberg-open-trotter-p6,heisenberg_chain,affine-aN-plus-b,0.0421086762,4.0,12.0,4.0,12.0,True,True,asymptotic-domain,0.1.0,3.11.9,2.5.0,b58b31db18364511c43757e27fffc7abce8df2c1,True,ok,,
1.0,heisenberg_chain:N013,-2.6,jacobi-anger,,,,2.0,a8fa234e-a646-4911-8402-a67c302db4ae,2026-08-12T00:11:58.358108+00:00,c1ad72de628f71283ac69037e9bbe97c3e773952f5abde5eac91397ca322d1a6,resource-grid,heisenberg_chain,Heisenberg-13,"{""coupling"":1.0,""field_z"":0.3}",13,13.0,proportional,1.0,0.0025118864315095794,39.89999999999996,49,qsvt,qsvt,QSVT,jacobi-anger-rigorous,analytical,,,,,,,,,,,,,,,,,,,,,,,,,,,,,,,,,,,4263.0,711.0,,,0.00034568819856781435,,jacobi-anger-polynomial-oaa,"Martyn et al., arXiv:2105.02859, Eqs. (76)--(77)",Jacobi--Anger tails plus exact cubic OAA identity,"{""oaa-unitarity-defect-distortion"":0.0001728665010786805,""scaled-polynomial-error"":0.00017282169748913384}",True,ideal-qsvt-oaa-good-block,True,,"[""the cosine and sine polynomials are implemented exactly"",""the unamplified good block is exactly Q/2""]",,,,,,,implemented-qsvt-floating-phase-circuit,False,False,0.0022606977883586218,,,,,,,,,,,,,,,,,,,2.0,one robust OAA round,1.0,"component, quadrature, and index registers all-zero",,27.0,545676.0,1313102.0,-1.0,59274332.0,8769579.0,analytical-model,0.00025118864315095795,,,,,,,,,,,,0.1.0,3.11.9,2.5.0,b58b31db18364511c43757e27fffc7abce8df2c1,True,ok,,
1.0,heisenberg_chain:N013,-2.6,empirical,,7.0,17.0,2.0,a8fa234e-a646-4911-8402-a67c302db4ae,2026-08-12T00:11:58.358108+00:00,c1ad72de628f71283ac69037e9bbe97c3e773952f5abde5eac91397ca322d1a6,resource-grid,heisenberg_chain,Heisenberg-13,"{""coupling"":1.0,""field_z"":0.3}",13,13.0,proportional,1.0,0.0025118864315095794,39.89999999999996,49,mpf-j-mizuta2026-theorem6-empirical-operator-norm,multiproduct,MPF J=Mizuta Theorem 6 (resolved per point) [empirical operator norm],empirical-operator-norm,empirical,,7.0,14.0,mizuta2026-theorem6,6.300000000000004,0.0022606977883586218,17.0,,,,[],,,,,,,,,,,,,,,[],,,,,,,empirical-operator-norm,[],2346.0,,,,4.02670798595594e-07,1.3246e-06,empirical-operator-norm,Repository empirical operator-norm calibration study v1 (2026-08-10),reviewed calibration opnorm-v1-heisenberg-open-mpf-new-m7; fixed formal powers,"{""empirical_coefficient"":1.3246e-06}",False,ideal-mpf,False,ordered individual Pauli terms,"[""the fixed formal-order powers in time and segments apply"",""the empirical estimate concerns the repeated ideal MPF operator"",""the reviewed affine size calibration extrapolates as flagged""]",,0.0,0.0,False,False,{},repeated-shared-ancilla-good-block,False,False,0.0022606977883586218,new,"[1,2,3,4,5,9,22]","[2.9953607852158573e-09,-2.9318124556219793e-05,0.003468573778195489,-0.04863485570038276,0.1308718708891307,-0.4341006887393225,1.3484244149015747]",1.965529725128523,0.034470274871476914,46.0,registered-exact,True,7.0,3.0,2.0,4.0,9.0,7.0,6.0,3.0,2.0,3.0,2.0,one robust OAA round per segment,17.0,branch register all-zero,,20.0,456654.0,1547.0,-1.0,44758280.0,800449.0,analytical-model,0.00025118864315095795,opnorm-v1-heisenberg-open-mpf-new-m7,heisenberg_chain,affine-aN-plus-b,1.3246e-06,4.0,8.0,4.0,12.0,True,True,asymptotic-domain,0.1.0,3.11.9,2.5.0,b58b31db18364511c43757e27fffc7abce8df2c1,True,ok,,
1.0,heisenberg_chain:N013,-2.6,commutator,,7.0,11869.0,2.0,a8fa234e-a646-4911-8402-a67c302db4ae,2026-08-12T00:11:58.358108+00:00,c1ad72de628f71283ac69037e9bbe97c3e773952f5abde5eac91397ca322d1a6,resource-grid,heisenberg_chain,Heisenberg-13,"{""coupling"":1.0,""field_z"":0.3}",13,13.0,proportional,1.0,0.0025118864315095794,39.89999999999996,49,mpf-j-mizuta2026-theorem6-mizuta2026-commutator-ideal-rigorous,multiproduct,MPF J=Mizuta Theorem 6 (resolved per point) [Mizuta 2026 refined commutator],mizuta2026-commutator-ideal-rigorous,analytical,,7.0,14.0,mizuta2026-theorem6,6.300000000000004,0.0022606977883586218,11869.0,11869.0,,7469.0,"[""error""]",143.62913324359087,14.0,,,1.899692112280849e-07,3.6225130534055574e-22,3.0986096647397374e-31,3.6225130503069473e-22,3.6225130534055574e-22,1.899692112280853e-07,0.002259833747078201,1.763997603736675e-05,False,0.0017405939474410613,"[1.0000000000000002,1.0000000000000002,1.0000000000000002,1.0000000000000002,1.0000000000000002,1.0000000000000002,1.0000000000000002,1.0000000000000002,1.0000000000000002,1.0000000000000002,1.0000000000000002,1.0000000000000002,1.0000000000000002,1.0000000000000002,1.0000000000000002,1.0000000000000002,1.0000000000000002,1.0000000000000002,1.0000000000000002,1.0000000000000002,1.0000000000000002,1.0000000000000002,1.0000000000000002,1.0000000000000002,1.0000000000000002,1.0000000000000002,1.0000000000000002,1.0000000000000002,1.0000000000000002,1.0000000000000002,1.0000000000000002,1.0000000000000002,1.0000000000000002,1.0000000000000002,1.0000000000000002,1.0000000000000002,1.0000000000000002,1.0000000000000002,1.0000000000000002,1.0000000000000002,1.0000000000000002,1.0000000000000002,1.0000000000000002,1.0000000000000002,1.0000000000000002,1.0000000000000002,1.0000000000000002,1.0000000000000002,1.0000000000000002]",6.300000000000007,7.0,True,exact commutator transition cap reached; locality bound used,not-used,commutator,mizuta2026-commutator-ideal-rigorous,[],1637922.0,,,,0.002259833747078201,4.850035109813718e+37,mizuta2026-commutator-ideal-rigorous,"Mizuta, Quantum 10, 1974 (2026), arXiv:2507.06557v4","Theorem 4, Eqs. (47)--(49), with direct Lemmas 9--10 BCH remainder","{""error_predicate_satisfied"":1.0,""extensiveness_g"":6.300000000000004,""joint_predicate_satisfied"":1.0,""legacy_first_condition_passed"":0.0,""legacy_first_time_limit"":1.763997603736675e-05,""local_commutator_error"":1.899692112280849e-07,""local_step_error"":1.899692112280853e-07,""local_truncated_bch_error"":3.6225130534055574e-22,""locality_k"":2.0,""mu_upper"":143.62913324359087,""refined_lemma10_remainder"":3.6225130503069473e-22,""refined_lemma9_remainder"":3.0986096647397374e-31,""refined_tail_fallback"":0.0,""repeated_global_error"":0.002259833747078201,""schedule_weighted_extensiveness"":6.300000000000007,""second_time_limit"":0.0017405939474410613,""time_2_predicate_satisfied"":1.0,""total_branchwise_bch_remainder"":3.6225130534055574e-22,""truncation_order_p0"":14.0}",True,ideal-mpf,True,ordered individual Pauli terms,"[""individual Pauli summands define the ordered H_gamma decomposition"",""the actual Strang factors define schedule-weighted g_alpha extensiveness"",""Lemma 9 and Lemma 10 positive majorants directly certify the BCH remainder"",""the scalar-flow/Cauchy refined tail certificate is used"",""Theorem 4 second time hypothesis is satisfied"",""the repeated ideal MPF is composed with the Eq. (15) telescoping argument""]","exact Pauli recurrence would require 466284 transitions at order 8, above cap 250000; remaining orders use Mizuta 2026 Eq. (8)",14.0,7.0,True,True,"{""2"":321.6000000000004,""3"":5070.720000000011,""4"":74820.86400000023,""5"":1370305.228800006,""6"":25164040.642560143,""7"":522290321.86675566,""8"":2663901875917312.5,""9"":5.3704261818492736e+17,""10"":1.2180126580434136e+20,""11"":3.0693918982694054e+22,""12"":8.508354342002837e+24,""13"":2.5729263530216704e+27,""14"":8.428906732499016e+29}",repeated-shared-ancilla-good-block,True,False,0.0022606977883586218,new,"[1,2,3,4,5,9,22]","[2.9953607852158573e-09,-2.9318124556219793e-05,0.003468573778195489,-0.04863485570038276,0.1308718708891307,-0.4341006887393225,1.3484244149015747]",1.965529725128523,0.034470274871476914,46.0,registered-exact,True,7.0,3.0,2.0,4.0,9.0,7.0,6.0,3.0,2.0,3.0,2.0,one robust OAA round per segment,11869.0,branch register all-zero,,20.0,318825078.0,1080079.0,-1.0,40176280144.0,558854530.0,analytical-model,0.00025118864315095795,,,,,,,,,,,,0.1.0,3.11.9,2.5.0,b58b31db18364511c43757e27fffc7abce8df2c1,True,ok,,
1.0,heisenberg_chain:N013,-2.7,commutator,12674.0,,,2.0,a8fa234e-a646-4911-8402-a67c302db4ae,2026-08-12T00:11:58.358108+00:00,c1ad72de628f71283ac69037e9bbe97c3e773952f5abde5eac91397ca322d1a6,resource-grid,heisenberg_chain,Heisenberg-13,"{""coupling"":1.0,""field_z"":0.3}",13,13.0,proportional,1.0,0.001995262314968879,39.89999999999996,49,trotter-p2,trotter,Trotter p=2,analytical,analytical,2.0,,,,,,12674.0,,,,,,,,,,,,,,,,,,,,,,,,,,,,,,individual,49.0,0.0017955653640288846,131.28000000000006,childs-commutator,"Childs, Su, Tran, Wiebe, and Zhu, arXiv:1912.08854",Propositions 9--10,"{""prefactor"":131.28000000000006}",True,implemented-product-formula,True,,"[""the resolved ordered Hamiltonian groups match the implemented formula""]",,,,,,,implemented-product-formula,True,True,0.001795736083471991,,,,,,,,,,,,,,,,,,,1.0,none,0.0,system register,1.0,13.0,1229378.0,0.0,-1.0,126625934.0,1806433.0,analytical-model,0.0001995262314968879,,,,,,,,,,,,0.1.0,3.11.9,2.5.0,b58b31db18364511c43757e27fffc7abce8df2c1,True,ok,,
1.0,heisenberg_chain:N013,-2.7,empirical,3950.0,,,2.0,a8fa234e-a646-4911-8402-a67c302db4ae,2026-08-12T00:11:58.358108+00:00,c1ad72de628f71283ac69037e9bbe97c3e773952f5abde5eac91397ca322d1a6,resource-grid,heisenberg_chain,Heisenberg-13,"{""coupling"":1.0,""field_z"":0.3}",13,13.0,proportional,1.0,0.001995262314968879,39.89999999999996,49,trotter-p2-empirical,trotter,Trotter p=2 [empirical],empirical-operator-norm,empirical,2.0,,,,,,3950.0,,,,,,,,,,,,,,,,,,,,,,,,,,,,,,individual,49.0,0.0017950715742382788,12.748112989099997,empirical-operator-norm,Repository empirical operator-norm calibration study v1 (2026-08-10),reviewed calibration opnorm-v1-heisenberg-open-trotter-p2; artifact docs/calibration_data/empirical_1d_v1_accepted.json,"{""prefactor"":12.748112989099997}",False,implemented-product-formula,False,,"[""the resolved ordered Hamiltonian groups match the implemented formula"",""the fixed formal-order powers in time and segments apply"",""the reviewed affine size calibration extrapolates as flagged""]",,,,,,,implemented-product-formula,False,False,0.001795736083471991,,,,,,,,,,,,,,,,,,,1.0,none,0.0,system register,1.0,13.0,383150.0,0.0,-1.0,37548700.0,562996.0,analytical-model,0.0001995262314968879,opnorm-v1-heisenberg-open-trotter-p2,heisenberg_chain,affine-aN-plus-b,12.748112989099997,4.0,12.0,4.0,12.0,True,True,formula,0.1.0,3.11.9,2.5.0,b58b31db18364511c43757e27fffc7abce8df2c1,True,ok,,
1.0,heisenberg_chain:N013,-2.7,commutator,1097.0,,,2.0,a8fa234e-a646-4911-8402-a67c302db4ae,2026-08-12T00:11:58.358108+00:00,c1ad72de628f71283ac69037e9bbe97c3e773952f5abde5eac91397ca322d1a6,resource-grid,heisenberg_chain,Heisenberg-13,"{""coupling"":1.0,""field_z"":0.3}",13,13.0,proportional,1.0,0.001995262314968879,39.89999999999996,49,trotter-p4,trotter,Trotter p=4,analytical,analytical,4.0,,,,,,1097.0,,,,,,,,,,,,,,,,,,,,,,,,,,,,,,commuting,3.0,0.0017923747553835075,6990.98817037107,schubert-mendl-commutator,"Schubert and Mendl, arXiv:2306.10603",Theorem 1,"{""prefactor"":6990.98817037107}",True,implemented-product-formula,True,,"[""the resolved ordered Hamiltonian groups match the implemented formula""]",,,,,,,implemented-product-formula,True,True,0.001795736083471991,,,,,,,,,,,,,,,,,,,1.0,none,0.0,system register,1.0,13.0,477195.0,0.0,-1.0,47242305.0,701185.0,analytical-model,0.0001995262314968879,,,,,,,,,,,,0.1.0,3.11.9,2.5.0,b58b31db18364511c43757e27fffc7abce8df2c1,True,ok,,
1.0,heisenberg_chain:N013,-2.7,empirical,157.0,,,2.0,a8fa234e-a646-4911-8402-a67c302db4ae,2026-08-12T00:11:58.358108+00:00,c1ad72de628f71283ac69037e9bbe97c3e773952f5abde5eac91397ca322d1a6,resource-grid,heisenberg_chain,Heisenberg-13,"{""coupling"":1.0,""field_z"":0.3}",13,13.0,proportional,1.0,0.001995262314968879,39.89999999999996,49,trotter-p4-empirical,trotter,Trotter p=4 [empirical],empirical-operator-norm,empirical,4.0,,,,,,157.0,,,,,,,,,,,,,,,,,,,,,,,,,,,,,,commuting,3.0,0.0017698010992162957,2.8960516869,empirical-operator-norm,Repository empirical operator-norm calibration study v1 (2026-08-10),reviewed calibration opnorm-v1-heisenberg-open-trotter-p4; artifact docs/calibration_data/empirical_1d_v1_accepted.json,"{""prefactor"":2.8960516869}",False,implemented-product-formula,False,,"[""the resolved ordered Hamiltonian groups match the implemented formula"",""the fixed formal-order powers in time and segments apply"",""the reviewed affine size calibration extrapolates as flagged""]",,,,,,,implemented-product-formula,False,False,0.001795736083471991,,,,,,,,,,,,,,,,,,,1.0,none,0.0,system register,1.0,13.0,68295.0,0.0,-1.0,6146550.0,100352.0,analytical-model,0.0001995262314968879,opnorm-v1-heisenberg-open-trotter-p4,heisenberg_chain,affine-aN-plus-b,2.8960516869,4.0,12.0,4.0,12.0,True,True,formula,0.1.0,3.11.9,2.5.0,b58b31db18364511c43757e27fffc7abce8df2c1,True,ok,,
1.0,heisenberg_chain:N013,-2.7,commutator,663.0,,,2.0,a8fa234e-a646-4911-8402-a67c302db4ae,2026-08-12T00:11:58.358108+00:00,c1ad72de628f71283ac69037e9bbe97c3e773952f5abde5eac91397ca322d1a6,resource-grid,heisenberg_chain,Heisenberg-13,"{""coupling"":1.0,""field_z"":0.3}",13,13.0,proportional,1.0,0.001995262314968879,39.89999999999996,49,trotter-p6,trotter,Trotter p=6,analytical,analytical,6.0,,,,,,663.0,,,,,,,,,,,,,,,,,,,,,,,,,,,,,,commuting,3.0,0.0017952456379797272,2429973.763029318,schubert-mendl-commutator,"Schubert and Mendl, arXiv:2306.10603",Theorem 1,"{""prefactor"":2429973.763029318}",True,implemented-product-formula,True,,"[""the resolved ordered Hamiltonian groups match the implemented formula""]",,,,,,,implemented-product-formula,True,True,0.001795736083471991,,,,,,,,,,,,,,,,,,,1.0,none,0.0,system register,1.0,13.0,1442025.0,0.0,-1.0,149970600.0,2118894.0,analytical-model,0.0001995262314968879,,,,,,,,,,,,0.1.0,3.11.9,2.5.0,b58b31db18364511c43757e27fffc7abce8df2c1,True,ok,,
1.0,heisenberg_chain:N013,-2.7,empirical,78.0,,,2.0,a8fa234e-a646-4911-8402-a67c302db4ae,2026-08-12T00:11:58.358108+00:00,c1ad72de628f71283ac69037e9bbe97c3e773952f5abde5eac91397ca322d1a6,resource-grid,heisenberg_chain,Heisenberg-13,"{""coupling"":1.0,""field_z"":0.3}",13,13.0,proportional,1.0,0.001995262314968879,39.89999999999996,49,trotter-p6-empirical,trotter,Trotter p=6 [empirical],empirical-operator-norm,empirical,6.0,,,,,,78.0,,,,,,,,,,,,,,,,,,,,,,,,,,,,,,commuting,3.0,1.1732955902777759e-05,0.0421086762,empirical-operator-norm,Repository empirical operator-norm calibration study v1 (2026-08-10),reviewed calibration opnorm-v1-heisenberg-open-trotter-p6; artifact docs/calibration_data/empirical_1d_v1_accepted.json,"{""prefactor"":0.0421086762}",False,implemented-product-formula,False,,"[""the resolved ordered Hamiltonian groups match the implemented formula"",""the fixed formal-order powers in time and segments apply"",""the reviewed affine size calibration extrapolates as flagged""]",,,,,,,implemented-product-formula,False,False,0.001795736083471991,,,,,,,,,,,,,,,,,,,1.0,none,0.0,system register,1.0,13.0,169650.0,0.0,-1.0,15947100.0,249282.0,analytical-model,0.0001995262314968879,opnorm-v1-heisenberg-open-trotter-p6,heisenberg_chain,affine-aN-plus-b,0.0421086762,4.0,12.0,4.0,12.0,True,True,asymptotic-domain,0.1.0,3.11.9,2.5.0,b58b31db18364511c43757e27fffc7abce8df2c1,True,ok,,
1.0,heisenberg_chain:N013,-2.7,jacobi-anger,,,,2.0,a8fa234e-a646-4911-8402-a67c302db4ae,2026-08-12T00:11:58.358108+00:00,c1ad72de628f71283ac69037e9bbe97c3e773952f5abde5eac91397ca322d1a6,resource-grid,heisenberg_chain,Heisenberg-13,"{""coupling"":1.0,""field_z"":0.3}",13,13.0,proportional,1.0,0.001995262314968879,39.89999999999996,49,qsvt,qsvt,QSVT,jacobi-anger-rigorous,analytical,,,,,,,,,,,,,,,,,,,,,,,,,,,,,,,,,,,4263.0,711.0,,,0.00029401583494386053,,jacobi-anger-polynomial-oaa,"Martyn et al., arXiv:2105.02859, Eqs. (76)--(77)",Jacobi--Anger tails plus exact cubic OAA identity,"{""oaa-unitarity-defect-distortion"":0.0001470241231884203,""scaled-polynomial-error"":0.00014699171175544025}",True,ideal-qsvt-oaa-good-block,True,,"[""the cosine and sine polynomials are implemented exactly"",""the unamplified good block is exactly Q/2""]",,,,,,,implemented-qsvt-floating-phase-circuit,False,False,0.001795736083471991,,,,,,,,,,,,,,,,,,,2.0,one robust OAA round,1.0,"component, quadrature, and index registers all-zero",,27.0,545676.0,1313102.0,-1.0,59820008.0,8769579.0,analytical-model,0.0001995262314968879,,,,,,,,,,,,0.1.0,3.11.9,2.5.0,b58b31db18364511c43757e27fffc7abce8df2c1,True,ok,,
1.0,heisenberg_chain:N013,-2.7,empirical,,7.0,17.0,2.0,a8fa234e-a646-4911-8402-a67c302db4ae,2026-08-12T00:11:58.358108+00:00,c1ad72de628f71283ac69037e9bbe97c3e773952f5abde5eac91397ca322d1a6,resource-grid,heisenberg_chain,Heisenberg-13,"{""coupling"":1.0,""field_z"":0.3}",13,13.0,proportional,1.0,0.001995262314968879,39.89999999999996,49,mpf-j-mizuta2026-theorem6-empirical-operator-norm,multiproduct,MPF J=Mizuta Theorem 6 (resolved per point) [empirical operator norm],empirical-operator-norm,empirical,,7.0,14.0,mizuta2026-theorem6,6.300000000000004,0.001795736083471991,17.0,,,,[],,,,,,,,,,,,,,,[],,,,,,,empirical-operator-norm,[],2346.0,,,,4.02670798595594e-07,1.3246e-06,empirical-operator-norm,Repository empirical operator-norm calibration study v1 (2026-08-10),reviewed calibration opnorm-v1-heisenberg-open-mpf-new-m7; fixed formal powers,"{""empirical_coefficient"":1.3246e-06}",False,ideal-mpf,False,ordered individual Pauli terms,"[""the fixed formal-order powers in time and segments apply"",""the empirical estimate concerns the repeated ideal MPF operator"",""the reviewed affine size calibration extrapolates as flagged""]",,0.0,0.0,False,False,{},repeated-shared-ancilla-good-block,False,False,0.001795736083471991,new,"[1,2,3,4,5,9,22]","[2.9953607852158573e-09,-2.9318124556219793e-05,0.003468573778195489,-0.04863485570038276,0.1308718708891307,-0.4341006887393225,1.3484244149015747]",1.965529725128523,0.034470274871476914,46.0,registered-exact,True,7.0,3.0,2.0,4.0,9.0,7.0,6.0,3.0,2.0,3.0,2.0,one robust OAA round per segment,17.0,branch register all-zero,,20.0,456654.0,1547.0,-1.0,45214934.0,800449.0,analytical-model,0.0001995262314968879,opnorm-v1-heisenberg-open-mpf-new-m7,heisenberg_chain,affine-aN-plus-b,1.3246e-06,4.0,8.0,4.0,12.0,True,True,asymptotic-domain,0.1.0,3.11.9,2.5.0,b58b31db18364511c43757e27fffc7abce8df2c1,True,ok,,
1.0,heisenberg_chain:N013,-2.7,commutator,,7.0,12066.0,2.0,a8fa234e-a646-4911-8402-a67c302db4ae,2026-08-12T00:11:58.358108+00:00,c1ad72de628f71283ac69037e9bbe97c3e773952f5abde5eac91397ca322d1a6,resource-grid,heisenberg_chain,Heisenberg-13,"{""coupling"":1.0,""field_z"":0.3}",13,13.0,proportional,1.0,0.001995262314968879,39.89999999999996,49,mpf-j-mizuta2026-theorem6-mizuta2026-commutator-ideal-rigorous,multiproduct,MPF J=Mizuta Theorem 6 (resolved per point) [Mizuta 2026 refined commutator],mizuta2026-commutator-ideal-rigorous,analytical,,7.0,14.0,mizuta2026-theorem6,6.300000000000004,0.001795736083471991,12066.0,12066.0,,7469.0,"[""error""]",143.62913324359087,14.0,,,1.4840391305764124e-07,2.8247350664239386e-22,2.4197404834026325e-31,2.8247350640041976e-22,2.8247350664239386e-22,1.4840391305764156e-07,0.0017938506183624763,1.763997603736675e-05,False,0.0017405939474410613,"[1.0000000000000002,1.0000000000000002,1.0000000000000002,1.0000000000000002,1.0000000000000002,1.0000000000000002,1.0000000000000002,1.0000000000000002,1.0000000000000002,1.0000000000000002,1.0000000000000002,1.0000000000000002,1.0000000000000002,1.0000000000000002,1.0000000000000002,1.0000000000000002,1.0000000000000002,1.0000000000000002,1.0000000000000002,1.0000000000000002,1.0000000000000002,1.0000000000000002,1.0000000000000002,1.0000000000000002,1.0000000000000002,1.0000000000000002,1.0000000000000002,1.0000000000000002,1.0000000000000002,1.0000000000000002,1.0000000000000002,1.0000000000000002,1.0000000000000002,1.0000000000000002,1.0000000000000002,1.0000000000000002,1.0000000000000002,1.0000000000000002,1.0000000000000002,1.0000000000000002,1.0000000000000002,1.0000000000000002,1.0000000000000002,1.0000000000000002,1.0000000000000002,1.0000000000000002,1.0000000000000002,1.0000000000000002,1.0000000000000002]",6.300000000000007,7.0,True,exact commutator transition cap reached; locality bound used,not-used,commutator,mizuta2026-commutator-ideal-rigorous,[],1665108.0,,,,0.0017938506183624763,4.850035109813718e+37,mizuta2026-commutator-ideal-rigorous,"Mizuta, Quantum 10, 1974 (2026), arXiv:2507.06557v4","Theorem 4, Eqs. (47)--(49), with direct Lemmas 9--10 BCH remainder","{""error_predicate_satisfied"":1.0,""extensiveness_g"":6.300000000000004,""joint_predicate_satisfied"":1.0,""legacy_first_condition_passed"":0.0,""legacy_first_time_limit"":1.763997603736675e-05,""local_commutator_error"":1.4840391305764124e-07,""local_step_error"":1.4840391305764156e-07,""local_truncated_bch_error"":2.8247350664239386e-22,""locality_k"":2.0,""mu_upper"":143.62913324359087,""refined_lemma10_remainder"":2.8247350640041976e-22,""refined_lemma9_remainder"":2.4197404834026325e-31,""refined_tail_fallback"":0.0,""repeated_global_error"":0.0017938506183624763,""schedule_weighted_extensiveness"":6.300000000000007,""second_time_limit"":0.0017405939474410613,""time_2_predicate_satisfied"":1.0,""total_branchwise_bch_remainder"":2.8247350664239386e-22,""truncation_order_p0"":14.0}",True,ideal-mpf,True,ordered individual Pauli terms,"[""individual Pauli summands define the ordered H_gamma decomposition"",""the actual Strang factors define schedule-weighted g_alpha extensiveness"",""Lemma 9 and Lemma 10 positive majorants directly certify the BCH remainder"",""the scalar-flow/Cauchy refined tail certificate is used"",""Theorem 4 second time hypothesis is satisfied"",""the repeated ideal MPF is composed with the Eq. (15) telescoping argument""]","exact Pauli recurrence would require 466284 transitions at order 8, above cap 250000; remaining orders use Mizuta 2026 Eq. (8)",14.0,7.0,True,True,"{""2"":321.6000000000004,""3"":5070.720000000011,""4"":74820.86400000023,""5"":1370305.228800006,""6"":25164040.642560143,""7"":522290321.86675566,""8"":2663901875917312.5,""9"":5.3704261818492736e+17,""10"":1.2180126580434136e+20,""11"":3.0693918982694054e+22,""12"":8.508354342002837e+24,""13"":2.5729263530216704e+27,""14"":8.428906732499016e+29}",repeated-shared-ancilla-good-block,True,False,0.001795736083471991,new,"[1,2,3,4,5,9,22]","[2.9953607852158573e-09,-2.9318124556219793e-05,0.003468573778195489,-0.04863485570038276,0.1308718708891307,-0.4341006887393225,1.3484244149015747]",1.965529725128523,0.034470274871476914,46.0,registered-exact,True,7.0,3.0,2.0,4.0,9.0,7.0,6.0,3.0,2.0,3.0,2.0,one robust OAA round per segment,12066.0,branch register all-zero,,20.0,324116892.0,1098006.0,-1.0,41491354200.0,568130319.0,analytical-model,0.0001995262314968879,,,,,,,,,,,,0.1.0,3.11.9,2.5.0,b58b31db18364511c43757e27fffc7abce8df2c1,True,ok,,
1.0,heisenberg_chain:N013,-2.8,commutator,14220.0,,,2.0,a8fa234e-a646-4911-8402-a67c302db4ae,2026-08-12T00:11:58.358108+00:00,c1ad72de628f71283ac69037e9bbe97c3e773952f5abde5eac91397ca322d1a6,resource-grid,heisenberg_chain,Heisenberg-13,"{""coupling"":1.0,""field_z"":0.3}",13,13.0,proportional,1.0,0.001584893192461114,39.89999999999996,49,trotter-p2,trotter,Trotter p=2,analytical,analytical,2.0,,,,,,14220.0,,,,,,,,,,,,,,,,,,,,,,,,,,,,,,individual,49.0,0.0014263609226916399,131.28000000000006,childs-commutator,"Childs, Su, Tran, Wiebe, and Zhu, arXiv:1912.08854",Propositions 9--10,"{""prefactor"":131.28000000000006}",True,implemented-product-formula,True,,"[""the resolved ordered Hamiltonian groups match the implemented formula""]",,,,,,,implemented-product-formula,True,True,0.0014264038732150026,,,,,,,,,,,,,,,,,,,1.0,none,0.0,system register,1.0,13.0,1379340.0,0.0,-1.0,144830700.0,2026786.0,analytical-model,0.00015848931924611142,,,,,,,,,,,,0.1.0,3.11.9,2.5.0,b58b31db18364511c43757e27fffc7abce8df2c1,True,ok,,
1.0,heisenberg_chain:N013,-2.8,empirical,4432.0,,,2.0,a8fa234e-a646-4911-8402-a67c302db4ae,2026-08-12T00:11:58.358108+00:00,c1ad72de628f71283ac69037e9bbe97c3e773952f5abde5eac91397ca322d1a6,resource-grid,heisenberg_chain,Heisenberg-13,"{""coupling"":1.0,""field_z"":0.3}",13,13.0,proportional,1.0,0.001584893192461114,39.89999999999996,49,trotter-p2-empirical,trotter,Trotter p=2 [empirical],empirical-operator-norm,empirical,2.0,,,,,,4432.0,,,,,,,,,,,,,,,,,,,,,,,,,,,,,,individual,49.0,0.0014258585938952322,12.748112989099997,empirical-operator-norm,Repository empirical operator-norm calibration study v1 (2026-08-10),reviewed calibration opnorm-v1-heisenberg-open-trotter-p2; artifact docs/calibration_data/empirical_1d_v1_accepted.json,"{""prefactor"":12.748112989099997}",False,implemented-product-formula,False,,"[""the resolved ordered Hamiltonian groups match the implemented formula"",""the fixed formal-order powers in time and segments apply"",""the reviewed affine size calibration extrapolates as flagged""]",,,,,,,implemented-product-formula,False,False,0.0014264038732150026,,,,,,,,,,,,,,,,,,,1.0,none,0.0,system register,1.0,13.0,429904.0,0.0,-1.0,42560496.0,631696.0,analytical-model,0.00015848931924611142,opnorm-v1-heisenberg-open-trotter-p2,heisenberg_chain,affine-aN-plus-b,12.748112989099997,4.0,12.0,4.0,12.0,True,True,formula,0.1.0,3.11.9,2.5.0,b58b31db18364511c43757e27fffc7abce8df2c1,True,ok,,
1.0,heisenberg_chain:N013,-2.8,commutator,1162.0,,,2.0,a8fa234e-a646-4911-8402-a67c302db4ae,2026-08-12T00:11:58.358108+00:00,c1ad72de628f71283ac69037e9bbe97c3e773952f5abde5eac91397ca322d1a6,resource-grid,heisenberg_chain,Heisenberg-13,"{""coupling"":1.0,""field_z"":0.3}",13,13.0,proportional,1.0,0.001584893192461114,39.89999999999996,49,trotter-p4,trotter,Trotter p=4,analytical,analytical,4.0,,,,,,1162.0,,,,,,,,,,,,,,,,,,,,,,,,,,,,,,commuting,3.0,0.0014237404256709706,6990.98817037107,schubert-mendl-commutator,"Schubert and Mendl, arXiv:2306.10603",Theorem 1,"{""prefactor"":6990.98817037107}",True,implemented-product-formula,True,,"[""the resolved ordered Hamiltonian groups match the implemented formula""]",,,,,,,implemented-product-formula,True,True,0.0014264038732150026,,,,,,,,,,,,,,,,,,,1.0,none,0.0,system register,1.0,13.0,505470.0,0.0,-1.0,50547000.0,742732.0,analytical-model,0.00015848931924611142,,,,,,,,,,,,0.1.0,3.11.9,2.5.0,b58b31db18364511c43757e27fffc7abce8df2c1,True,ok,,
1.0,heisenberg_chain:N013,-2.8,empirical,166.0,,,2.0,a8fa234e-a646-4911-8402-a67c302db4ae,2026-08-12T00:11:58.358108+00:00,c1ad72de628f71283ac69037e9bbe97c3e773952f5abde5eac91397ca322d1a6,resource-grid,heisenberg_chain,Heisenberg-13,"{""coupling"":1.0,""field_z"":0.3}",13,13.0,proportional,1.0,0.001584893192461114,39.89999999999996,49,trotter-p4-empirical,trotter,Trotter p=4 [empirical],empirical-operator-norm,empirical,4.0,,,,,,166.0,,,,,,,,,,,,,,,,,,,,,,,,,,,,,,commuting,3.0,0.0014160895501657128,2.8960516869,empirical-operator-norm,Repository empirical operator-norm calibration study v1 (2026-08-10),reviewed calibration opnorm-v1-heisenberg-open-trotter-p4; artifact docs/calibration_data/empirical_1d_v1_accepted.json,"{""prefactor"":2.8960516869}",False,implemented-product-formula,False,,"[""the resolved ordered Hamiltonian groups match the implemented formula"",""the fixed formal-order powers in time and segments apply"",""the reviewed affine size calibration extrapolates as flagged""]",,,,,,,implemented-product-formula,False,False,0.0014264038732150026,,,,,,,,,,,,,,,,,,,1.0,none,0.0,system register,1.0,13.0,72210.0,0.0,-1.0,6643320.0,106105.0,analytical-model,0.00015848931924611142,opnorm-v1-heisenberg-open-trotter-p4,heisenberg_chain,affine-aN-plus-b,2.8960516869,4.0,12.0,4.0,12.0,True,True,formula,0.1.0,3.11.9,2.5.0,b58b31db18364511c43757e27fffc7abce8df2c1,True,ok,,
1.0,heisenberg_chain:N013,-2.8,commutator,689.0,,,2.0,a8fa234e-a646-4911-8402-a67c302db4ae,2026-08-12T00:11:58.358108+00:00,c1ad72de628f71283ac69037e9bbe97c3e773952f5abde5eac91397ca322d1a6,resource-grid,heisenberg_chain,Heisenberg-13,"{""coupling"":1.0,""field_z"":0.3}",13,13.0,proportional,1.0,0.001584893192461114,39.89999999999996,49,trotter-p6,trotter,Trotter p=6,analytical,analytical,6.0,,,,,,689.0,,,,,,,,,,,,,,,,,,,,,,,,,,,,,,commuting,3.0,0.0014252456335431664,2429973.763029318,schubert-mendl-commutator,"Schubert and Mendl, arXiv:2306.10603",Theorem 1,"{""prefactor"":2429973.763029318}",True,implemented-product-formula,True,,"[""the resolved ordered Hamiltonian groups match the implemented formula""]",,,,,,,implemented-product-formula,True,True,0.0014264038732150026,,,,,,,,,,,,,,,,,,,1.0,none,0.0,system register,1.0,13.0,1498575.0,0.0,-1.0,157350375.0,2201988.0,analytical-model,0.00015848931924611142,,,,,,,,,,,,0.1.0,3.11.9,2.5.0,b58b31db18364511c43757e27fffc7abce8df2c1,True,ok,,
1.0,heisenberg_chain:N013,-2.8,empirical,78.0,,,2.0,a8fa234e-a646-4911-8402-a67c302db4ae,2026-08-12T00:11:58.358108+00:00,c1ad72de628f71283ac69037e9bbe97c3e773952f5abde5eac91397ca322d1a6,resource-grid,heisenberg_chain,Heisenberg-13,"{""coupling"":1.0,""field_z"":0.3}",13,13.0,proportional,1.0,0.001584893192461114,39.89999999999996,49,trotter-p6-empirical,trotter,Trotter p=6 [empirical],empirical-operator-norm,empirical,6.0,,,,,,78.0,,,,,,,,,,,,,,,,,,,,,,,,,,,,,,commuting,3.0,1.1732955902777759e-05,0.0421086762,empirical-operator-norm,Repository empirical operator-norm calibration study v1 (2026-08-10),reviewed calibration opnorm-v1-heisenberg-open-trotter-p6; artifact docs/calibration_data/empirical_1d_v1_accepted.json,"{""prefactor"":0.0421086762}",False,implemented-product-formula,False,,"[""the resolved ordered Hamiltonian groups match the implemented formula"",""the fixed formal-order powers in time and segments apply"",""the reviewed affine size calibration extrapolates as flagged""]",,,,,,,implemented-product-formula,False,False,0.0014264038732150026,,,,,,,,,,,,,,,,,,,1.0,none,0.0,system register,1.0,13.0,169650.0,0.0,-1.0,16116750.0,249282.0,analytical-model,0.00015848931924611142,opnorm-v1-heisenberg-open-trotter-p6,heisenberg_chain,affine-aN-plus-b,0.0421086762,4.0,12.0,4.0,12.0,True,True,asymptotic-domain,0.1.0,3.11.9,2.5.0,b58b31db18364511c43757e27fffc7abce8df2c1,True,ok,,
1.0,heisenberg_chain:N013,-2.8,jacobi-anger,,,,2.0,a8fa234e-a646-4911-8402-a67c302db4ae,2026-08-12T00:11:58.358108+00:00,c1ad72de628f71283ac69037e9bbe97c3e773952f5abde5eac91397ca322d1a6,resource-grid,heisenberg_chain,Heisenberg-13,"{""coupling"":1.0,""field_z"":0.3}",13,13.0,proportional,1.0,0.001584893192461114,39.89999999999996,49,qsvt,qsvt,QSVT,jacobi-anger-rigorous,analytical,,,,,,,,,,,,,,,,,,,,,,,,,,,,,,,,,,,4263.0,711.0,,,0.0002529724441750591,,jacobi-anger-polynomial-oaa,"Martyn et al., arXiv:2105.02859, Eqs. (76)--(77)",Jacobi--Anger tails plus exact cubic OAA identity,"{""oaa-unitarity-defect-distortion"":0.00012649821939044256,""scaled-polynomial-error"":0.00012647422478461655}",True,ideal-qsvt-oaa-good-block,True,,"[""the cosine and sine polynomials are implemented exactly"",""the unamplified good block is exactly Q/2""]",,,,,,,implemented-qsvt-floating-phase-circuit,False,False,0.0014264038732150026,,,,,,,,,,,,,,,,,,,2.0,one robust OAA round,1.0,"component, quadrature, and index registers all-zero",,27.0,545676.0,1313102.0,-1.0,60365684.0,8769579.0,analytical-model,0.00015848931924611142,,,,,,,,,,,,0.1.0,3.11.9,2.5.0,b58b31db18364511c43757e27fffc7abce8df2c1,True,ok,,
1.0,heisenberg_chain:N013,-2.8,empirical,,7.0,17.0,2.0,a8fa234e-a646-4911-8402-a67c302db4ae,2026-08-12T00:11:58.358108+00:00,c1ad72de628f71283ac69037e9bbe97c3e773952f5abde5eac91397ca322d1a6,resource-grid,heisenberg_chain,Heisenberg-13,"{""coupling"":1.0,""field_z"":0.3}",13,13.0,proportional,1.0,0.001584893192461114,39.89999999999996,49,mpf-j-mizuta2026-theorem6-empirical-operator-norm,multiproduct,MPF J=Mizuta Theorem 6 (resolved per point) [empirical operator norm],empirical-operator-norm,empirical,,7.0,14.0,mizuta2026-theorem6,6.300000000000004,0.0014264038732150026,17.0,,,,[],,,,,,,,,,,,,,,[],,,,,,,empirical-operator-norm,[],2346.0,,,,4.02670798595594e-07,1.3246e-06,empirical-operator-norm,Repository empirical operator-norm calibration study v1 (2026-08-10),reviewed calibration opnorm-v1-heisenberg-open-mpf-new-m7; fixed formal powers,"{""empirical_coefficient"":1.3246e-06}",False,ideal-mpf,False,ordered individual Pauli terms,"[""the fixed formal-order powers in time and segments apply"",""the empirical estimate concerns the repeated ideal MPF operator"",""the reviewed affine size calibration extrapolates as flagged""]",,0.0,0.0,False,False,{},repeated-shared-ancilla-good-block,False,False,0.0014264038732150026,new,"[1,2,3,4,5,9,22]","[2.9953607852158573e-09,-2.9318124556219793e-05,0.003468573778195489,-0.04863485570038276,0.1308718708891307,-0.4341006887393225,1.3484244149015747]",1.965529725128523,0.034470274871476914,46.0,registered-exact,True,7.0,3.0,2.0,4.0,9.0,7.0,6.0,3.0,2.0,3.0,2.0,one robust OAA round per segment,17.0,branch register all-zero,,20.0,456654.0,1547.0,-1.0,45671588.0,800449.0,analytical-model,0.00015848931924611142,opnorm-v1-heisenberg-open-mpf-new-m7,heisenberg_chain,affine-aN-plus-b,1.3246e-06,4.0,8.0,4.0,12.0,True,True,asymptotic-domain,0.1.0,3.11.9,2.5.0,b58b31db18364511c43757e27fffc7abce8df2c1,True,ok,,
1.0,heisenberg_chain:N013,-2.8,commutator,,7.0,12265.0,2.0,a8fa234e-a646-4911-8402-a67c302db4ae,2026-08-12T00:11:58.358108+00:00,c1ad72de628f71283ac69037e9bbe97c3e773952f5abde5eac91397ca322d1a6,resource-grid,heisenberg_chain,Heisenberg-13,"{""coupling"":1.0,""field_z"":0.3}",13,13.0,proportional,1.0,0.001584893192461114,39.89999999999996,49,mpf-j-mizuta2026-theorem6-mizuta2026-commutator-ideal-rigorous,multiproduct,MPF J=Mizuta Theorem 6 (resolved per point) [Mizuta 2026 refined commutator],mizuta2026-commutator-ideal-rigorous,analytical,,7.0,14.0,mizuta2026-theorem6,6.300000000000004,0.0014264038732150026,12265.0,12265.0,,7469.0,"[""error""]",143.62913324359087,14.0,,,1.1611327616899059e-07,2.20617031623841e-22,1.8925561672874309e-31,2.206170314345853e-22,2.20617031623841e-22,1.1611327616899083e-07,0.0014261587557093977,1.763997603736675e-05,False,0.0017405939474410613,"[1.0000000000000002,1.0000000000000002,1.0000000000000002,1.0000000000000002,1.0000000000000002,1.0000000000000002,1.0000000000000002,1.0000000000000002,1.0000000000000002,1.0000000000000002,1.0000000000000002,1.0000000000000002,1.0000000000000002,1.0000000000000002,1.0000000000000002,1.0000000000000002,1.0000000000000002,1.0000000000000002,1.0000000000000002,1.0000000000000002,1.0000000000000002,1.0000000000000002,1.0000000000000002,1.0000000000000002,1.0000000000000002,1.0000000000000002,1.0000000000000002,1.0000000000000002,1.0000000000000002,1.0000000000000002,1.0000000000000002,1.0000000000000002,1.0000000000000002,1.0000000000000002,1.0000000000000002,1.0000000000000002,1.0000000000000002,1.0000000000000002,1.0000000000000002,1.0000000000000002,1.0000000000000002,1.0000000000000002,1.0000000000000002,1.0000000000000002,1.0000000000000002,1.0000000000000002,1.0000000000000002,1.0000000000000002,1.0000000000000002]",6.300000000000007,7.0,True,exact commutator transition cap reached; locality bound used,not-used,commutator,mizuta2026-commutator-ideal-rigorous,[],1692570.0,,,,0.0014261587557093977,4.850035109813718e+37,mizuta2026-commutator-ideal-rigorous,"Mizuta, Quantum 10, 1974 (2026), arXiv:2507.06557v4","Theorem 4, Eqs. (47)--(49), with direct Lemmas 9--10 BCH remainder","{""error_predicate_satisfied"":1.0,""extensiveness_g"":6.300000000000004,""joint_predicate_satisfied"":1.0,""legacy_first_condition_passed"":0.0,""legacy_first_time_limit"":1.763997603736675e-05,""local_commutator_error"":1.1611327616899059e-07,""local_step_error"":1.1611327616899083e-07,""local_truncated_bch_error"":2.20617031623841e-22,""locality_k"":2.0,""mu_upper"":143.62913324359087,""refined_lemma10_remainder"":2.206170314345853e-22,""refined_lemma9_remainder"":1.8925561672874309e-31,""refined_tail_fallback"":0.0,""repeated_global_error"":0.0014261587557093977,""schedule_weighted_extensiveness"":6.300000000000007,""second_time_limit"":0.0017405939474410613,""time_2_predicate_satisfied"":1.0,""total_branchwise_bch_remainder"":2.20617031623841e-22,""truncation_order_p0"":14.0}",True,ideal-mpf,True,ordered individual Pauli terms,"[""individual Pauli summands define the ordered H_gamma decomposition"",""the actual Strang factors define schedule-weighted g_alpha extensiveness"",""Lemma 9 and Lemma 10 positive majorants directly certify the BCH remainder"",""the scalar-flow/Cauchy refined tail certificate is used"",""Theorem 4 second time hypothesis is satisfied"",""the repeated ideal MPF is composed with the Eq. (15) telescoping argument""]","exact Pauli recurrence would require 466284 transitions at order 8, above cap 250000; remaining orders use Mizuta 2026 Eq. (8)",14.0,7.0,True,True,"{""2"":321.6000000000004,""3"":5070.720000000011,""4"":74820.86400000023,""5"":1370305.228800006,""6"":25164040.642560143,""7"":522290321.86675566,""8"":2663901875917312.5,""9"":5.3704261818492736e+17,""10"":1.2180126580434136e+20,""11"":3.0693918982694054e+22,""12"":8.508354342002837e+24,""13"":2.5729263530216704e+27,""14"":8.428906732499016e+29}",repeated-shared-ancilla-good-block,True,False,0.0014264038732150026,new,"[1,2,3,4,5,9,22]","[2.9953607852158573e-09,-2.9318124556219793e-05,0.003468573778195489,-0.04863485570038276,0.1308718708891307,-0.4341006887393225,1.3484244149015747]",1.965529725128523,0.034470274871476914,46.0,registered-exact,True,7.0,3.0,2.0,4.0,9.0,7.0,6.0,3.0,2.0,3.0,2.0,one robust OAA round per segment,12265.0,branch register all-zero,,20.0,329462430.0,1116115.0,-1.0,42505117930.0,577500279.0,analytical-model,0.00015848931924611142,,,,,,,,,,,,0.1.0,3.11.9,2.5.0,b58b31db18364511c43757e27fffc7abce8df2c1,True,ok,,
1.0,heisenberg_chain:N013,-2.9,commutator,15955.0,,,2.0,a8fa234e-a646-4911-8402-a67c302db4ae,2026-08-12T00:11:58.358108+00:00,c1ad72de628f71283ac69037e9bbe97c3e773952f5abde5eac91397ca322d1a6,resource-grid,heisenberg_chain,Heisenberg-13,"{""coupling"":1.0,""field_z"":0.3}",13,13.0,proportional,1.0,0.0012589254117941675,39.89999999999996,49,trotter-p2,trotter,Trotter p=2,analytical,analytical,2.0,,,,,,15955.0,,,,,,,,,,,,,,,,,,,,,,,,,,,,,,individual,49.0,0.001133013300000266,131.28000000000006,childs-commutator,"Childs, Su, Tran, Wiebe, and Zhu, arXiv:1912.08854",Propositions 9--10,"{""prefactor"":131.28000000000006}",True,implemented-product-formula,True,,"[""the resolved ordered Hamiltonian groups match the implemented formula""]",,,,,,,implemented-product-formula,True,True,0.0011330328706147508,,,,,,,,,,,,,,,,,,,1.0,none,0.0,system register,1.0,13.0,1547635.0,0.0,-1.0,164049310.0,2274076.0,analytical-model,0.00012589254117941674,,,,,,,,,,,,0.1.0,3.11.9,2.5.0,b58b31db18364511c43757e27fffc7abce8df2c1,True,ok,,
1.0,heisenberg_chain:N013,-2.9,empirical,4972.0,,,2.0,a8fa234e-a646-4911-8402-a67c302db4ae,2026-08-12T00:11:58.358108+00:00,c1ad72de628f71283ac69037e9bbe97c3e773952f5abde5eac91397ca322d1a6,resource-grid,heisenberg_chain,Heisenberg-13,"{""coupling"":1.0,""field_z"":0.3}",13,13.0,proportional,1.0,0.0012589254117941675,39.89999999999996,49,trotter-p2-empirical,trotter,Trotter p=2 [empirical],empirical-operator-norm,empirical,2.0,,,,,,4972.0,,,,,,,,,,,,,,,,,,,,,,,,,,,,,,individual,49.0,0.001132957766915996,12.748112989099997,empirical-operator-norm,Repository empirical operator-norm calibration study v1 (2026-08-10),reviewed calibration opnorm-v1-heisenberg-open-trotter-p2; artifact docs/calibration_data/empirical_1d_v1_accepted.json,"{""prefactor"":12.748112989099997}",False,implemented-product-formula,False,,"[""the resolved ordered Hamiltonian groups match the implemented formula"",""the fixed formal-order powers in time and segments apply"",""the reviewed affine size calibration extrapolates as flagged""]",,,,,,,implemented-product-formula,False,False,0.0011330328706147508,,,,,,,,,,,,,,,,,,,1.0,none,0.0,system register,1.0,13.0,482284.0,0.0,-1.0,48710684.0,708663.0,analytical-model,0.00012589254117941674,opnorm-v1-heisenberg-open-trotter-p2,heisenberg_chain,affine-aN-plus-b,12.748112989099997,4.0,12.0,4.0,12.0,True,True,formula,0.1.0,3.11.9,2.5.0,b58b31db18364511c43757e27fffc7abce8df2c1,True,ok,,
1.0,heisenberg_chain:N013,-2.9,commutator,1231.0,,,2.0,a8fa234e-a646-4911-8402-a67c302db4ae,2026-08-12T00:11:58.358108+00:00,c1ad72de628f71283ac69037e9bbe97c3e773952f5abde5eac91397ca322d1a6,resource-grid,heisenberg_chain,Heisenberg-13,"{""coupling"":1.0,""field_z"":0.3}",13,13.0,proportional,1.0,0.0012589254117941675,39.89999999999996,49,trotter-p4,trotter,Trotter p=4,analytical,analytical,4.0,,,,,,1231.0,,,,,,,,,,,,,,,,,,,,,,,,,,,,,,commuting,3.0,0.0011303764919394018,6990.98817037107,schubert-mendl-commutator,"Schubert and Mendl, arXiv:2306.10603",Theorem 1,"{""prefactor"":6990.98817037107}",True,implemented-product-formula,True,,"[""the resolved ordered Hamiltonian groups match the implemented formula""]",,,,,,,implemented-product-formula,True,True,0.0011330328706147508,,,,,,,,,,,,,,,,,,,1.0,none,0.0,system register,1.0,13.0,535485.0,0.0,-1.0,54083985.0,786836.0,analytical-model,0.00012589254117941674,,,,,,,,,,,,0.1.0,3.11.9,2.5.0,b58b31db18364511c43757e27fffc7abce8df2c1,True,ok,,
1.0,heisenberg_chain:N013,-2.9,empirical,176.0,,,2.0,a8fa234e-a646-4911-8402-a67c302db4ae,2026-08-12T00:11:58.358108+00:00,c1ad72de628f71283ac69037e9bbe97c3e773952f5abde5eac91397ca322d1a6,resource-grid,heisenberg_chain,Heisenberg-13,"{""coupling"":1.0,""field_z"":0.3}",13,13.0,proportional,1.0,0.0012589254117941675,39.89999999999996,49,trotter-p4-empirical,trotter,Trotter p=4 [empirical],empirical-operator-norm,empirical,4.0,,,,,,176.0,,,,,,,,,,,,,,,,,,,,,,,,,,,,,,commuting,3.0,0.001120656201784023,2.8960516869,empirical-operator-norm,Repository empirical operator-norm calibration study v1 (2026-08-10),reviewed calibration opnorm-v1-heisenberg-open-trotter-p4; artifact docs/calibration_data/empirical_1d_v1_accepted.json,"{""prefactor"":2.8960516869}",False,implemented-product-formula,False,,"[""the resolved ordered Hamiltonian groups match the implemented formula"",""the fixed formal-order powers in time and segments apply"",""the reviewed affine size calibration extrapolates as flagged""]",,,,,,,implemented-product-formula,False,False,0.0011330328706147508,,,,,,,,,,,,,,,,,,,1.0,none,0.0,system register,1.0,13.0,76560.0,0.0,-1.0,7120080.0,112497.0,analytical-model,0.00012589254117941674,opnorm-v1-heisenberg-open-trotter-p4,heisenberg_chain,affine-aN-plus-b,2.8960516869,4.0,12.0,4.0,12.0,True,True,formula,0.1.0,3.11.9,2.5.0,b58b31db18364511c43757e27fffc7abce8df2c1,True,ok,,
1.0,heisenberg_chain:N013,-2.9,commutator,716.0,,,2.0,a8fa234e-a646-4911-8402-a67c302db4ae,2026-08-12T00:11:58.358108+00:00,c1ad72de628f71283ac69037e9bbe97c3e773952f5abde5eac91397ca322d1a6,resource-grid,heisenberg_chain,Heisenberg-13,"{""coupling"":1.0,""field_z"":0.3}",13,13.0,proportional,1.0,0.0012589254117941675,39.89999999999996,49,trotter-p6,trotter,Trotter p=6,analytical,analytical,6.0,,,,,,716.0,,,,,,,,,,,,,,,,,,,,,,,,,,,,,,commuting,3.0,0.0011316885366278791,2429973.763029318,schubert-mendl-commutator,"Schubert and Mendl, arXiv:2306.10603",Theorem 1,"{""prefactor"":2429973.763029318}",True,implemented-product-formula,True,,"[""the resolved ordered Hamiltonian groups match the implemented formula""]",,,,,,,implemented-product-formula,True,True,0.0011330328706147508,,,,,,,,,,,,,,,,,,,1.0,none,0.0,system register,1.0,13.0,1557300.0,0.0,-1.0,165073800.0,2288278.0,analytical-model,0.00012589254117941674,,,,,,,,,,,,0.1.0,3.11.9,2.5.0,b58b31db18364511c43757e27fffc7abce8df2c1,True,ok,,
1.0,heisenberg_chain:N013,-2.9,empirical,78.0,,,2.0,a8fa234e-a646-4911-8402-a67c302db4ae,2026-08-12T00:11:58.358108+00:00,c1ad72de628f71283ac69037e9bbe97c3e773952f5abde5eac91397ca322d1a6,resource-grid,heisenberg_chain,Heisenberg-13,"{""coupling"":1.0,""field_z"":0.3}",13,13.0,proportional,1.0,0.0012589254117941675,39.89999999999996,49,trotter-p6-empirical,trotter,Trotter p=6 [empirical],empirical-operator-norm,empirical,6.0,,,,,,78.0,,,,,,,,,,,,,,,,,,,,,,,,,,,,,,commuting,3.0,1.1732955902777759e-05,0.0421086762,empirical-operator-norm,Repository empirical operator-norm calibration study v1 (2026-08-10),reviewed calibration opnorm-v1-heisenberg-open-trotter-p6; artifact docs/calibration_data/empirical_1d_v1_accepted.json,"{""prefactor"":0.0421086762}",False,implemented-product-formula,False,,"[""the resolved ordered Hamiltonian groups match the implemented formula"",""the fixed formal-order powers in time and segments apply"",""the reviewed affine size calibration extrapolates as flagged""]",,,,,,,implemented-product-formula,False,False,0.0011330328706147508,,,,,,,,,,,,,,,,,,,1.0,none,0.0,system register,1.0,13.0,169650.0,0.0,-1.0,16286400.0,249282.0,analytical-model,0.00012589254117941674,opnorm-v1-heisenberg-open-trotter-p6,heisenberg_chain,affine-aN-plus-b,0.0421086762,4.0,12.0,4.0,12.0,True,True,asymptotic-domain,0.1.0,3.11.9,2.5.0,b58b31db18364511c43757e27fffc7abce8df2c1,True,ok,,
1.0,heisenberg_chain:N013,-2.9,jacobi-anger,,,,2.0,a8fa234e-a646-4911-8402-a67c302db4ae,2026-08-12T00:11:58.358108+00:00,c1ad72de628f71283ac69037e9bbe97c3e773952f5abde5eac91397ca322d1a6,resource-grid,heisenberg_chain,Heisenberg-13,"{""coupling"":1.0,""field_z"":0.3}",13,13.0,proportional,1.0,0.0012589254117941675,39.89999999999996,49,qsvt,qsvt,QSVT,jacobi-anger-rigorous,analytical,,,,,,,,,,,,,,,,,,,,,,,,,,,,,,,,,,,4263.0,711.0,,,0.00022037142015145824,,jacobi-anger-polynomial-oaa,"Martyn et al., arXiv:2105.02859, Eqs. (76)--(77)",Jacobi--Anger tails plus exact cubic OAA identity,"{""oaa-unitarity-defect-distortion"":0.00011019481457339692,""scaled-polynomial-error"":0.00011017660557806133}",True,ideal-qsvt-oaa-good-block,True,,"[""the cosine and sine polynomials are implemented exactly"",""the unamplified good block is exactly Q/2""]",,,,,,,implemented-qsvt-floating-phase-circuit,False,False,0.0011330328706147508,,,,,,,,,,,,,,,,,,,2.0,one robust OAA round,1.0,"component, quadrature, and index registers all-zero",,27.0,545676.0,1313102.0,-1.0,60911360.0,8769579.0,analytical-model,0.00012589254117941674,,,,,,,,,,,,0.1.0,3.11.9,2.5.0,b58b31db18364511c43757e27fffc7abce8df2c1,True,ok,,
1.0,heisenberg_chain:N013,-2.9,empirical,,7.0,17.0,2.0,a8fa234e-a646-4911-8402-a67c302db4ae,2026-08-12T00:11:58.358108+00:00,c1ad72de628f71283ac69037e9bbe97c3e773952f5abde5eac91397ca322d1a6,resource-grid,heisenberg_chain,Heisenberg-13,"{""coupling"":1.0,""field_z"":0.3}",13,13.0,proportional,1.0,0.0012589254117941675,39.89999999999996,49,mpf-j-mizuta2026-theorem6-empirical-operator-norm,multiproduct,MPF J=Mizuta Theorem 6 (resolved per point) [empirical operator norm],empirical-operator-norm,empirical,,7.0,14.0,mizuta2026-theorem6,6.300000000000004,0.0011330328706147508,17.0,,,,[],,,,,,,,,,,,,,,[],,,,,,,empirical-operator-norm,[],2346.0,,,,4.02670798595594e-07,1.3246e-06,empirical-operator-norm,Repository empirical operator-norm calibration study v1 (2026-08-10),reviewed calibration opnorm-v1-heisenberg-open-mpf-new-m7; fixed formal powers,"{""empirical_coefficient"":1.3246e-06}",False,ideal-mpf,False,ordered individual Pauli terms,"[""the fixed formal-order powers in time and segments apply"",""the empirical estimate concerns the repeated ideal MPF operator"",""the reviewed affine size calibration extrapolates as flagged""]",,0.0,0.0,False,False,{},repeated-shared-ancilla-good-block,False,False,0.0011330328706147508,new,"[1,2,3,4,5,9,22]","[2.9953607852158573e-09,-2.9318124556219793e-05,0.003468573778195489,-0.04863485570038276,0.1308718708891307,-0.4341006887393225,1.3484244149015747]",1.965529725128523,0.034470274871476914,46.0,registered-exact,True,7.0,3.0,2.0,4.0,9.0,7.0,6.0,3.0,2.0,3.0,2.0,one robust OAA round per segment,17.0,branch register all-zero,,20.0,456654.0,1547.0,-1.0,46128242.0,800449.0,analytical-model,0.00012589254117941674,opnorm-v1-heisenberg-open-mpf-new-m7,heisenberg_chain,affine-aN-plus-b,1.3246e-06,4.0,8.0,4.0,12.0,True,True,asymptotic-domain,0.1.0,3.11.9,2.5.0,b58b31db18364511c43757e27fffc7abce8df2c1,True,ok,,
1.0,heisenberg_chain:N013,-2.9,commutator,,7.0,12468.0,2.0,a8fa234e-a646-4911-8402-a67c302db4ae,2026-08-12T00:11:58.358108+00:00,c1ad72de628f71283ac69037e9bbe97c3e773952f5abde5eac91397ca322d1a6,resource-grid,heisenberg_chain,Heisenberg-13,"{""coupling"":1.0,""field_z"":0.3}",13,13.0,proportional,1.0,0.0012589254117941675,39.89999999999996,49,mpf-j-mizuta2026-theorem6-mizuta2026-commutator-ideal-rigorous,multiproduct,MPF J=Mizuta Theorem 6 (resolved per point) [Mizuta 2026 refined commutator],mizuta2026-commutator-ideal-rigorous,analytical,,7.0,14.0,mizuta2026-theorem6,6.300000000000004,0.0011330328706147508,12468.0,12468.0,,7469.0,"[""error""]",143.62913324359087,14.0,,,9.077019387242277e-08,1.7216164243435557e-22,1.4789575084329695e-31,1.7216164228645979e-22,1.7216164243435557e-22,9.077019387242296e-08,0.0011330041957713416,1.763997603736675e-05,False,0.0017405939474410613,"[1.0000000000000002,1.0000000000000002,1.0000000000000002,1.0000000000000002,1.0000000000000002,1.0000000000000002,1.0000000000000002,1.0000000000000002,1.0000000000000002,1.0000000000000002,1.0000000000000002,1.0000000000000002,1.0000000000000002,1.0000000000000002,1.0000000000000002,1.0000000000000002,1.0000000000000002,1.0000000000000002,1.0000000000000002,1.0000000000000002,1.0000000000000002,1.0000000000000002,1.0000000000000002,1.0000000000000002,1.0000000000000002,1.0000000000000002,1.0000000000000002,1.0000000000000002,1.0000000000000002,1.0000000000000002,1.0000000000000002,1.0000000000000002,1.0000000000000002,1.0000000000000002,1.0000000000000002,1.0000000000000002,1.0000000000000002,1.0000000000000002,1.0000000000000002,1.0000000000000002,1.0000000000000002,1.0000000000000002,1.0000000000000002,1.0000000000000002,1.0000000000000002,1.0000000000000002,1.0000000000000002,1.0000000000000002,1.0000000000000002]",6.300000000000007,7.0,True,exact commutator transition cap reached; locality bound used,not-used,commutator,mizuta2026-commutator-ideal-rigorous,[],1720584.0,,,,0.0011330041957713416,4.850035109813718e+37,mizuta2026-commutator-ideal-rigorous,"Mizuta, Quantum 10, 1974 (2026), arXiv:2507.06557v4","Theorem 4, Eqs. (47)--(49), with direct Lemmas 9--10 BCH remainder","{""error_predicate_satisfied"":1.0,""extensiveness_g"":6.300000000000004,""joint_predicate_satisfied"":1.0,""legacy_first_condition_passed"":0.0,""legacy_first_time_limit"":1.763997603736675e-05,""local_commutator_error"":9.077019387242277e-08,""local_step_error"":9.077019387242296e-08,""local_truncated_bch_error"":1.7216164243435557e-22,""locality_k"":2.0,""mu_upper"":143.62913324359087,""refined_lemma10_remainder"":1.7216164228645979e-22,""refined_lemma9_remainder"":1.4789575084329695e-31,""refined_tail_fallback"":0.0,""repeated_global_error"":0.0011330041957713416,""schedule_weighted_extensiveness"":6.300000000000007,""second_time_limit"":0.0017405939474410613,""time_2_predicate_satisfied"":1.0,""total_branchwise_bch_remainder"":1.7216164243435557e-22,""truncation_order_p0"":14.0}",True,ideal-mpf,True,ordered individual Pauli terms,"[""individual Pauli summands define the ordered H_gamma decomposition"",""the actual Strang factors define schedule-weighted g_alpha extensiveness"",""Lemma 9 and Lemma 10 positive majorants directly certify the BCH remainder"",""the scalar-flow/Cauchy refined tail certificate is used"",""Theorem 4 second time hypothesis is satisfied"",""the repeated ideal MPF is composed with the Eq. (15) telescoping argument""]","exact Pauli recurrence would require 466284 transitions at order 8, above cap 250000; remaining orders use Mizuta 2026 Eq. (8)",14.0,7.0,True,True,"{""2"":321.6000000000004,""3"":5070.720000000011,""4"":74820.86400000023,""5"":1370305.228800006,""6"":25164040.642560143,""7"":522290321.86675566,""8"":2663901875917312.5,""9"":5.3704261818492736e+17,""10"":1.2180126580434136e+20,""11"":3.0693918982694054e+22,""12"":8.508354342002837e+24,""13"":2.5729263530216704e+27,""14"":8.428906732499016e+29}",repeated-shared-ancilla-good-block,True,False,0.0011330328706147508,new,"[1,2,3,4,5,9,22]","[2.9953607852158573e-09,-2.9318124556219793e-05,0.003468573778195489,-0.04863485570038276,0.1308718708891307,-0.4341006887393225,1.3484244149015747]",1.965529725128523,0.034470274871476914,46.0,registered-exact,True,7.0,3.0,2.0,4.0,9.0,7.0,6.0,3.0,2.0,3.0,2.0,one robust OAA round per segment,12468.0,branch register all-zero,,20.0,334915416.0,1134588.0,-1.0,43543542432.0,587058579.0,analytical-model,0.00012589254117941674,,,,,,,,,,,,0.1.0,3.11.9,2.5.0,b58b31db18364511c43757e27fffc7abce8df2c1,True,ok,,
1.0,heisenberg_chain:N013,-3.0,commutator,17902.0,,,2.0,a8fa234e-a646-4911-8402-a67c302db4ae,2026-08-12T00:11:58.358108+00:00,c1ad72de628f71283ac69037e9bbe97c3e773952f5abde5eac91397ca322d1a6,resource-grid,heisenberg_chain,Heisenberg-13,"{""coupling"":1.0,""field_z"":0.3}",13,13.0,proportional,1.0,0.001,39.89999999999996,49,trotter-p2,trotter,Trotter p=2,analytical,analytical,2.0,,,,,,17902.0,,,,,,,,,,,,,,,,,,,,,,,,,,,,,,individual,49.0,0.0008999647917388736,131.28000000000006,childs-commutator,"Childs, Su, Tran, Wiebe, and Zhu, arXiv:1912.08854",Propositions 9--10,"{""prefactor"":131.28000000000006}",True,implemented-product-formula,True,,"[""the resolved ordered Hamiltonian groups match the implemented formula""]",,,,,,,implemented-product-formula,True,True,0.0009000000000000001,,,,,,,,,,,,,,,,,,,1.0,none,0.0,system register,1.0,13.0,1736494.0,0.0,-1.0,187541352.0,2551584.0,analytical-model,0.0001,,,,,,,,,,,,0.1.0,3.11.9,2.5.0,b58b31db18364511c43757e27fffc7abce8df2c1,True,ok,,
1.0,heisenberg_chain:N013,-3.0,empirical,5579.0,,,2.0,a8fa234e-a646-4911-8402-a67c302db4ae,2026-08-12T00:11:58.358108+00:00,c1ad72de628f71283ac69037e9bbe97c3e773952f5abde5eac91397ca322d1a6,resource-grid,heisenberg_chain,Heisenberg-13,"{""coupling"":1.0,""field_z"":0.3}",13,13.0,proportional,1.0,0.001,39.89999999999996,49,trotter-p2-empirical,trotter,Trotter p=2 [empirical],empirical-operator-norm,empirical,2.0,,,,,,5579.0,,,,,,,,,,,,,,,,,,,,,,,,,,,,,,individual,49.0,0.000899835739008501,12.748112989099997,empirical-operator-norm,Repository empirical operator-norm calibration study v1 (2026-08-10),reviewed calibration opnorm-v1-heisenberg-open-trotter-p2; artifact docs/calibration_data/empirical_1d_v1_accepted.json,"{""prefactor"":12.748112989099997}",False,implemented-product-formula,False,,"[""the resolved ordered Hamiltonian groups match the implemented formula"",""the fixed formal-order powers in time and segments apply"",""the reviewed affine size calibration extrapolates as flagged""]",,,,,,,implemented-product-formula,False,False,0.0009000000000000001,,,,,,,,,,,,,,,,,,,1.0,none,0.0,system register,1.0,13.0,541163.0,0.0,-1.0,55739789.0,795179.0,analytical-model,0.0001,opnorm-v1-heisenberg-open-trotter-p2,heisenberg_chain,affine-aN-plus-b,12.748112989099997,4.0,12.0,4.0,12.0,True,True,formula,0.1.0,3.11.9,2.5.0,b58b31db18364511c43757e27fffc7abce8df2c1,True,ok,,
1.0,heisenberg_chain:N013,-3.0,commutator,1304.0,,,2.0,a8fa234e-a646-4911-8402-a67c302db4ae,2026-08-12T00:11:58.358108+00:00,c1ad72de628f71283ac69037e9bbe97c3e773952f5abde5eac91397ca322d1a6,resource-grid,heisenberg_chain,Heisenberg-13,"{""coupling"":1.0,""field_z"":0.3}",13,13.0,proportional,1.0,0.001,39.89999999999996,49,trotter-p4,trotter,Trotter p=4,analytical,analytical,4.0,,,,,,1304.0,,,,,,,,,,,,,,,,,,,,,,,,,,,,,,commuting,3.0,0.000897728397349166,6990.98817037107,schubert-mendl-commutator,"Schubert and Mendl, arXiv:2306.10603",Theorem 1,"{""prefactor"":6990.98817037107}",True,implemented-product-formula,True,,"[""the resolved ordered Hamiltonian groups match the implemented formula""]",,,,,,,implemented-product-formula,True,True,0.0009000000000000001,,,,,,,,,,,,,,,,,,,1.0,none,0.0,system register,1.0,13.0,567240.0,0.0,-1.0,58425720.0,833496.0,analytical-model,0.0001,,,,,,,,,,,,0.1.0,3.11.9,2.5.0,b58b31db18364511c43757e27fffc7abce8df2c1,True,ok,,
1.0,heisenberg_chain:N013,-3.0,empirical,186.0,,,2.0,a8fa234e-a646-4911-8402-a67c302db4ae,2026-08-12T00:11:58.358108+00:00,c1ad72de628f71283ac69037e9bbe97c3e773952f5abde5eac91397ca322d1a6,resource-grid,heisenberg_chain,Heisenberg-13,"{""coupling"":1.0,""field_z"":0.3}",13,13.0,proportional,1.0,0.001,39.89999999999996,49,trotter-p4-empirical,trotter,Trotter p=4 [empirical],empirical-operator-norm,empirical,4.0,,,,,,186.0,,,,,,,,,,,,,,,,,,,,,,,,,,,,,,commuting,3.0,0.0008984032064362744,2.8960516869,empirical-operator-norm,Repository empirical operator-norm calibration study v1 (2026-08-10),reviewed calibration opnorm-v1-heisenberg-open-trotter-p4; artifact docs/calibration_data/empirical_1d_v1_accepted.json,"{""prefactor"":2.8960516869}",False,implemented-product-formula,False,,"[""the resolved ordered Hamiltonian groups match the implemented formula"",""the fixed formal-order powers in time and segments apply"",""the reviewed affine size calibration extrapolates as flagged""]",,,,,,,implemented-product-formula,False,False,0.0009000000000000001,,,,,,,,,,,,,,,,,,,1.0,none,0.0,system register,1.0,13.0,80910.0,0.0,-1.0,7605540.0,118889.0,analytical-model,0.0001,opnorm-v1-heisenberg-open-trotter-p4,heisenberg_chain,affine-aN-plus-b,2.8960516869,4.0,12.0,4.0,12.0,True,True,formula,0.1.0,3.11.9,2.5.0,b58b31db18364511c43757e27fffc7abce8df2c1,True,ok,,
1.0,heisenberg_chain:N013,-3.0,commutator,744.0,,,2.0,a8fa234e-a646-4911-8402-a67c302db4ae,2026-08-12T00:11:58.358108+00:00,c1ad72de628f71283ac69037e9bbe97c3e773952f5abde5eac91397ca322d1a6,resource-grid,heisenberg_chain,Heisenberg-13,"{""coupling"":1.0,""field_z"":0.3}",13,13.0,proportional,1.0,0.001,39.89999999999996,49,trotter-p6,trotter,Trotter p=6,analytical,analytical,6.0,,,,,,744.0,,,,,,,,,,,,,,,,,,,,,,,,,,,,,,commuting,3.0,0.0008990160336965258,2429973.763029318,schubert-mendl-commutator,"Schubert and Mendl, arXiv:2306.10603",Theorem 1,"{""prefactor"":2429973.763029318}",True,implemented-product-formula,True,,"[""the resolved ordered Hamiltonian groups match the implemented formula""]",,,,,,,implemented-product-formula,True,True,0.0009000000000000001,,,,,,,,,,,,,,,,,,,1.0,none,0.0,system register,1.0,13.0,1618200.0,0.0,-1.0,173147400.0,2377764.0,analytical-model,0.0001,,,,,,,,,,,,0.1.0,3.11.9,2.5.0,b58b31db18364511c43757e27fffc7abce8df2c1,True,ok,,
1.0,heisenberg_chain:N013,-3.0,empirical,78.0,,,2.0,a8fa234e-a646-4911-8402-a67c302db4ae,2026-08-12T00:11:58.358108+00:00,c1ad72de628f71283ac69037e9bbe97c3e773952f5abde5eac91397ca322d1a6,resource-grid,heisenberg_chain,Heisenberg-13,"{""coupling"":1.0,""field_z"":0.3}",13,13.0,proportional,1.0,0.001,39.89999999999996,49,trotter-p6-empirical,trotter,Trotter p=6 [empirical],empirical-operator-norm,empirical,6.0,,,,,,78.0,,,,,,,,,,,,,,,,,,,,,,,,,,,,,,commuting,3.0,1.1732955902777759e-05,0.0421086762,empirical-operator-norm,Repository empirical operator-norm calibration study v1 (2026-08-10),reviewed calibration opnorm-v1-heisenberg-open-trotter-p6; artifact docs/calibration_data/empirical_1d_v1_accepted.json,"{""prefactor"":0.0421086762}",False,implemented-product-formula,False,,"[""the resolved ordered Hamiltonian groups match the implemented formula"",""the fixed formal-order powers in time and segments apply"",""the reviewed affine size calibration extrapolates as flagged""]",,,,,,,implemented-product-formula,False,False,0.0009000000000000001,,,,,,,,,,,,,,,,,,,1.0,none,0.0,system register,1.0,13.0,169650.0,0.0,-1.0,16456050.0,249282.0,analytical-model,0.0001,opnorm-v1-heisenberg-open-trotter-p6,heisenberg_chain,affine-aN-plus-b,0.0421086762,4.0,12.0,4.0,12.0,True,True,asymptotic-domain,0.1.0,3.11.9,2.5.0,b58b31db18364511c43757e27fffc7abce8df2c1,True,ok,,
1.0,heisenberg_chain:N013,-3.0,jacobi-anger,,,,2.0,a8fa234e-a646-4911-8402-a67c302db4ae,2026-08-12T00:11:58.358108+00:00,c1ad72de628f71283ac69037e9bbe97c3e773952f5abde5eac91397ca322d1a6,resource-grid,heisenberg_chain,Heisenberg-13,"{""coupling"":1.0,""field_z"":0.3}",13,13.0,proportional,1.0,0.001,39.89999999999996,49,qsvt,qsvt,QSVT,jacobi-anger-rigorous,analytical,,,,,,,,,,,,,,,,,,,,,,,,,,,,,,,,,,,4263.0,711.0,,,0.00019447607421218288,,jacobi-anger-polynomial-oaa,"Martyn et al., arXiv:2105.02859, Eqs. (76)--(77)",Jacobi--Anger tails plus exact cubic OAA identity,"{""oaa-unitarity-defect-distortion"":9.724512772860887e-05,""scaled-polynomial-error"":9.723094648357401e-05}",True,ideal-qsvt-oaa-good-block,True,,"[""the cosine and sine polynomials are implemented exactly"",""the unamplified good block is exactly Q/2""]",,,,,,,implemented-qsvt-floating-phase-circuit,False,False,0.0009000000000000001,,,,,,,,,,,,,,,,,,,2.0,one robust OAA round,1.0,"component, quadrature, and index registers all-zero",,27.0,545676.0,1313102.0,-1.0,61457036.0,8769579.0,analytical-model,0.0001,,,,,,,,,,,,0.1.0,3.11.9,2.5.0,b58b31db18364511c43757e27fffc7abce8df2c1,True,ok,,
1.0,heisenberg_chain:N013,-3.0,empirical,,7.0,17.0,2.0,a8fa234e-a646-4911-8402-a67c302db4ae,2026-08-12T00:11:58.358108+00:00,c1ad72de628f71283ac69037e9bbe97c3e773952f5abde5eac91397ca322d1a6,resource-grid,heisenberg_chain,Heisenberg-13,"{""coupling"":1.0,""field_z"":0.3}",13,13.0,proportional,1.0,0.001,39.89999999999996,49,mpf-j-mizuta2026-theorem6-empirical-operator-norm,multiproduct,MPF J=Mizuta Theorem 6 (resolved per point) [empirical operator norm],empirical-operator-norm,empirical,,7.0,14.0,mizuta2026-theorem6,6.300000000000004,0.0009000000000000001,17.0,,,,[],,,,,,,,,,,,,,,[],,,,,,,empirical-operator-norm,[],2346.0,,,,4.02670798595594e-07,1.3246e-06,empirical-operator-norm,Repository empirical operator-norm calibration study v1 (2026-08-10),reviewed calibration opnorm-v1-heisenberg-open-mpf-new-m7; fixed formal powers,"{""empirical_coefficient"":1.3246e-06}",False,ideal-mpf,False,ordered individual Pauli terms,"[""the fixed formal-order powers in time and segments apply"",""the empirical estimate concerns the repeated ideal MPF operator"",""the reviewed affine size calibration extrapolates as flagged""]",,0.0,0.0,False,False,{},repeated-shared-ancilla-good-block,False,False,0.0009000000000000001,new,"[1,2,3,4,5,9,22]","[2.9953607852158573e-09,-2.9318124556219793e-05,0.003468573778195489,-0.04863485570038276,0.1308718708891307,-0.4341006887393225,1.3484244149015747]",1.965529725128523,0.034470274871476914,46.0,registered-exact,True,7.0,3.0,2.0,4.0,9.0,7.0,6.0,3.0,2.0,3.0,2.0,one robust OAA round per segment,17.0,branch register all-zero,,20.0,456654.0,1547.0,-1.0,46584896.0,800449.0,analytical-model,0.0001,opnorm-v1-heisenberg-open-mpf-new-m7,heisenberg_chain,affine-aN-plus-b,1.3246e-06,4.0,8.0,4.0,12.0,True,True,asymptotic-domain,0.1.0,3.11.9,2.5.0,b58b31db18364511c43757e27fffc7abce8df2c1,True,ok,,
1.0,heisenberg_chain:N013,-3.0,commutator,,7.0,12675.0,2.0,a8fa234e-a646-4911-8402-a67c302db4ae,2026-08-12T00:11:58.358108+00:00,c1ad72de628f71283ac69037e9bbe97c3e773952f5abde5eac91397ca322d1a6,resource-grid,heisenberg_chain,Heisenberg-13,"{""coupling"":1.0,""field_z"":0.3}",13,13.0,proportional,1.0,0.001,39.89999999999996,49,mpf-j-mizuta2026-theorem6-mizuta2026-commutator-ideal-rigorous,multiproduct,MPF J=Mizuta Theorem 6 (resolved per point) [Mizuta 2026 refined commutator],mizuta2026-commutator-ideal-rigorous,analytical,,7.0,14.0,mizuta2026-theorem6,6.300000000000004,0.0009000000000000001,12675.0,12675.0,,7469.0,"[""error""]",143.62913324359087,14.0,,,7.090480174316947e-08,1.3425057011968506e-22,1.154877014656293e-31,1.3425057000419732e-22,1.3425057011968506e-22,7.090480174316961e-08,0.0008995263560334235,1.763997603736675e-05,False,0.0017405939474410613,"[1.0000000000000002,1.0000000000000002,1.0000000000000002,1.0000000000000002,1.0000000000000002,1.0000000000000002,1.0000000000000002,1.0000000000000002,1.0000000000000002,1.0000000000000002,1.0000000000000002,1.0000000000000002,1.0000000000000002,1.0000000000000002,1.0000000000000002,1.0000000000000002,1.0000000000000002,1.0000000000000002,1.0000000000000002,1.0000000000000002,1.0000000000000002,1.0000000000000002,1.0000000000000002,1.0000000000000002,1.0000000000000002,1.0000000000000002,1.0000000000000002,1.0000000000000002,1.0000000000000002,1.0000000000000002,1.0000000000000002,1.0000000000000002,1.0000000000000002,1.0000000000000002,1.0000000000000002,1.0000000000000002,1.0000000000000002,1.0000000000000002,1.0000000000000002,1.0000000000000002,1.0000000000000002,1.0000000000000002,1.0000000000000002,1.0000000000000002,1.0000000000000002,1.0000000000000002,1.0000000000000002,1.0000000000000002,1.0000000000000002]",6.300000000000007,7.0,True,exact commutator transition cap reached; locality bound used,not-used,commutator,mizuta2026-commutator-ideal-rigorous,[],1749150.0,,,,0.0008995263560334235,4.850035109813718e+37,mizuta2026-commutator-ideal-rigorous,"Mizuta, Quantum 10, 1974 (2026), arXiv:2507.06557v4","Theorem 4, Eqs. (47)--(49), with direct Lemmas 9--10 BCH remainder","{""error_predicate_satisfied"":1.0,""extensiveness_g"":6.300000000000004,""joint_predicate_satisfied"":1.0,""legacy_first_condition_passed"":0.0,""legacy_first_time_limit"":1.763997603736675e-05,""local_commutator_error"":7.090480174316947e-08,""local_step_error"":7.090480174316961e-08,""local_truncated_bch_error"":1.3425057011968506e-22,""locality_k"":2.0,""mu_upper"":143.62913324359087,""refined_lemma10_remainder"":1.3425057000419732e-22,""refined_lemma9_remainder"":1.154877014656293e-31,""refined_tail_fallback"":0.0,""repeated_global_error"":0.0008995263560334235,""schedule_weighted_extensiveness"":6.300000000000007,""second_time_limit"":0.0017405939474410613,""time_2_predicate_satisfied"":1.0,""total_branchwise_bch_remainder"":1.3425057011968506e-22,""truncation_order_p0"":14.0}",True,ideal-mpf,True,ordered individual Pauli terms,"[""individual Pauli summands define the ordered H_gamma decomposition"",""the actual Strang factors define schedule-weighted g_alpha extensiveness"",""Lemma 9 and Lemma 10 positive majorants directly certify the BCH remainder"",""the scalar-flow/Cauchy refined tail certificate is used"",""Theorem 4 second time hypothesis is satisfied"",""the repeated ideal MPF is composed with the Eq. (15) telescoping argument""]","exact Pauli recurrence would require 466284 transitions at order 8, above cap 250000; remaining orders use Mizuta 2026 Eq. (8)",14.0,7.0,True,True,"{""2"":321.6000000000004,""3"":5070.720000000011,""4"":74820.86400000023,""5"":1370305.228800006,""6"":25164040.642560143,""7"":522290321.86675566,""8"":2663901875917312.5,""9"":5.3704261818492736e+17,""10"":1.2180126580434136e+20,""11"":3.0693918982694054e+22,""12"":8.508354342002837e+24,""13"":2.5729263530216704e+27,""14"":8.428906732499016e+29}",repeated-shared-ancilla-good-block,True,False,0.0009000000000000001,new,"[1,2,3,4,5,9,22]","[2.9953607852158573e-09,-2.9318124556219793e-05,0.003468573778195489,-0.04863485570038276,0.1308718708891307,-0.4341006887393225,1.3484244149015747]",1.965529725128523,0.034470274871476914,46.0,registered-exact,True,7.0,3.0,2.0,4.0,9.0,7.0,6.0,3.0,2.0,3.0,2.0,one robust OAA round per segment,12675.0,branch register all-zero,,20.0,340475850.0,1153425.0,-1.0,44606950050.0,596805221.0,analytical-model,0.0001,,,,,,,,,,,,0.1.0,3.11.9,2.5.0,b58b31db18364511c43757e27fffc7abce8df2c1,True,ok,,
1.0,heisenberg_chain:N013,-3.1,commutator,20086.0,,,2.0,a8fa234e-a646-4911-8402-a67c302db4ae,2026-08-12T00:11:58.358108+00:00,c1ad72de628f71283ac69037e9bbe97c3e773952f5abde5eac91397ca322d1a6,resource-grid,heisenberg_chain,Heisenberg-13,"{""coupling"":1.0,""field_z"":0.3}",13,13.0,proportional,1.0,0.0007943282347242813,39.89999999999996,49,trotter-p2,trotter,Trotter p=2,analytical,analytical,2.0,,,,,,20086.0,,,,,,,,,,,,,,,,,,,,,,,,,,,,,,individual,49.0,0.0007148940924134758,131.28000000000006,childs-commutator,"Childs, Su, Tran, Wiebe, and Zhu, arXiv:1912.08854",Propositions 9--10,"{""prefactor"":131.28000000000006}",True,implemented-product-formula,True,,"[""the resolved ordered Hamiltonian groups match the implemented formula""]",,,,,,,implemented-product-formula,True,True,0.0007148954112518532,,,,,,,,,,,,,,,,,,,1.0,none,0.0,system register,1.0,13.0,1948342.0,0.0,-1.0,212369278.0,2862870.0,analytical-model,7.943282347242814e-05,,,,,,,,,,,,0.1.0,3.11.9,2.5.0,b58b31db18364511c43757e27fffc7abce8df2c1,True,ok,,
1.0,heisenberg_chain:N013,-3.1,empirical,6260.0,,,2.0,a8fa234e-a646-4911-8402-a67c302db4ae,2026-08-12T00:11:58.358108+00:00,c1ad72de628f71283ac69037e9bbe97c3e773952f5abde5eac91397ca322d1a6,resource-grid,heisenberg_chain,Heisenberg-13,"{""coupling"":1.0,""field_z"":0.3}",13,13.0,proportional,1.0,0.0007943282347242813,39.89999999999996,49,trotter-p2-empirical,trotter,Trotter p=2 [empirical],empirical-operator-norm,empirical,2.0,,,,,,6260.0,,,,,,,,,,,,,,,,,,,,,,,,,,,,,,individual,49.0,0.0007147057803247127,12.748112989099997,empirical-operator-norm,Repository empirical operator-norm calibration study v1 (2026-08-10),reviewed calibration opnorm-v1-heisenberg-open-trotter-p2; artifact docs/calibration_data/empirical_1d_v1_accepted.json,"{""prefactor"":12.748112989099997}",False,implemented-product-formula,False,,"[""the resolved ordered Hamiltonian groups match the implemented formula"",""the fixed formal-order powers in time and segments apply"",""the reviewed affine size calibration extrapolates as flagged""]",,,,,,,implemented-product-formula,False,False,0.0007148954112518532,,,,,,,,,,,,,,,,,,,1.0,none,0.0,system register,1.0,13.0,607220.0,0.0,-1.0,63150880.0,892242.0,analytical-model,7.943282347242814e-05,opnorm-v1-heisenberg-open-trotter-p2,heisenberg_chain,affine-aN-plus-b,12.748112989099997,4.0,12.0,4.0,12.0,True,True,formula,0.1.0,3.11.9,2.5.0,b58b31db18364511c43757e27fffc7abce8df2c1,True,ok,,
1.0,heisenberg_chain:N013,-3.1,commutator,1381.0,,,2.0,a8fa234e-a646-4911-8402-a67c302db4ae,2026-08-12T00:11:58.358108+00:00,c1ad72de628f71283ac69037e9bbe97c3e773952f5abde5eac91397ca322d1a6,resource-grid,heisenberg_chain,Heisenberg-13,"{""coupling"":1.0,""field_z"":0.3}",13,13.0,proportional,1.0,0.0007943282347242813,39.89999999999996,49,trotter-p4,trotter,Trotter p=4,analytical,analytical,4.0,,,,,,1381.0,,,,,,,,,,,,,,,,,,,,,,,,,,,,,,commuting,3.0,0.000713642349675175,6990.98817037107,schubert-mendl-commutator,"Schubert and Mendl, arXiv:2306.10603",Theorem 1,"{""prefactor"":6990.98817037107}",True,implemented-product-formula,True,,"[""the resolved ordered Hamiltonian groups match the implemented formula""]",,,,,,,implemented-product-formula,True,True,0.0007148954112518532,,,,,,,,,,,,,,,,,,,1.0,none,0.0,system register,1.0,13.0,600735.0,0.0,-1.0,62476440.0,882713.0,analytical-model,7.943282347242814e-05,,,,,,,,,,,,0.1.0,3.11.9,2.5.0,b58b31db18364511c43757e27fffc7abce8df2c1,True,ok,,
1.0,heisenberg_chain:N013,-3.1,empirical,197.0,,,2.0,a8fa234e-a646-4911-8402-a67c302db4ae,2026-08-12T00:11:58.358108+00:00,c1ad72de628f71283ac69037e9bbe97c3e773952f5abde5eac91397ca322d1a6,resource-grid,heisenberg_chain,Heisenberg-13,"{""coupling"":1.0,""field_z"":0.3}",13,13.0,proportional,1.0,0.0007943282347242813,39.89999999999996,49,trotter-p4-empirical,trotter,Trotter p=4 [empirical],empirical-operator-norm,empirical,4.0,,,,,,197.0,,,,,,,,,,,,,,,,,,,,,,,,,,,,,,commuting,3.0,0.0007139341651175579,2.8960516869,empirical-operator-norm,Repository empirical operator-norm calibration study v1 (2026-08-10),reviewed calibration opnorm-v1-heisenberg-open-trotter-p4; artifact docs/calibration_data/empirical_1d_v1_accepted.json,"{""prefactor"":2.8960516869}",False,implemented-product-formula,False,,"[""the resolved ordered Hamiltonian groups match the implemented formula"",""the fixed formal-order powers in time and segments apply"",""the reviewed affine size calibration extrapolates as flagged""]",,,,,,,implemented-product-formula,False,False,0.0007148954112518532,,,,,,,,,,,,,,,,,,,1.0,none,0.0,system register,1.0,13.0,85695.0,0.0,-1.0,8141025.0,125920.0,analytical-model,7.943282347242814e-05,opnorm-v1-heisenberg-open-trotter-p4,heisenberg_chain,affine-aN-plus-b,2.8960516869,4.0,12.0,4.0,12.0,True,True,formula,0.1.0,3.11.9,2.5.0,b58b31db18364511c43757e27fffc7abce8df2c1,True,ok,,
1.0,heisenberg_chain:N013,-3.1,commutator,773.0,,,2.0,a8fa234e-a646-4911-8402-a67c302db4ae,2026-08-12T00:11:58.358108+00:00,c1ad72de628f71283ac69037e9bbe97c3e773952f5abde5eac91397ca322d1a6,resource-grid,heisenberg_chain,Heisenberg-13,"{""coupling"":1.0,""field_z"":0.3}",13,13.0,proportional,1.0,0.0007943282347242813,39.89999999999996,49,trotter-p6,trotter,Trotter p=6,analytical,analytical,6.0,,,,,,773.0,,,,,,,,,,,,,,,,,,,,,,,,,,,,,,commuting,3.0,0.0007147070845672827,2429973.763029318,schubert-mendl-commutator,"Schubert and Mendl, arXiv:2306.10603",Theorem 1,"{""prefactor"":2429973.763029318}",True,implemented-product-formula,True,,"[""the resolved ordered Hamiltonian groups match the implemented formula""]",,,,,,,implemented-product-formula,True,True,0.0007148954112518532,,,,,,,,,,,,,,,,,,,1.0,none,0.0,system register,1.0,13.0,1681275.0,0.0,-1.0,183258975.0,2470445.0,analytical-model,7.943282347242814e-05,,,,,,,,,,,,0.1.0,3.11.9,2.5.0,b58b31db18364511c43757e27fffc7abce8df2c1,True,ok,,
1.0,heisenberg_chain:N013,-3.1,empirical,78.0,,,2.0,a8fa234e-a646-4911-8402-a67c302db4ae,2026-08-12T00:11:58.358108+00:00,c1ad72de628f71283ac69037e9bbe97c3e773952f5abde5eac91397ca322d1a6,resource-grid,heisenberg_chain,Heisenberg-13,"{""coupling"":1.0,""field_z"":0.3}",13,13.0,proportional,1.0,0.0007943282347242813,39.89999999999996,49,trotter-p6-empirical,trotter,Trotter p=6 [empirical],empirical-operator-norm,empirical,6.0,,,,,,78.0,,,,,,,,,,,,,,,,,,,,,,,,,,,,,,commuting,3.0,1.1732955902777759e-05,0.0421086762,empirical-operator-norm,Repository empirical operator-norm calibration study v1 (2026-08-10),reviewed calibration opnorm-v1-heisenberg-open-trotter-p6; artifact docs/calibration_data/empirical_1d_v1_accepted.json,"{""prefactor"":0.0421086762}",False,implemented-product-formula,False,,"[""the resolved ordered Hamiltonian groups match the implemented formula"",""the fixed formal-order powers in time and segments apply"",""the reviewed affine size calibration extrapolates as flagged""]",,,,,,,implemented-product-formula,False,False,0.0007148954112518532,,,,,,,,,,,,,,,,,,,1.0,none,0.0,system register,1.0,13.0,169650.0,0.0,-1.0,16625700.0,249282.0,analytical-model,7.943282347242814e-05,opnorm-v1-heisenberg-open-trotter-p6,heisenberg_chain,affine-aN-plus-b,0.0421086762,4.0,12.0,4.0,12.0,True,True,asymptotic-domain,0.1.0,3.11.9,2.5.0,b58b31db18364511c43757e27fffc7abce8df2c1,True,ok,,
1.0,heisenberg_chain:N013,-3.1,jacobi-anger,,,,2.0,a8fa234e-a646-4911-8402-a67c302db4ae,2026-08-12T00:11:58.358108+00:00,c1ad72de628f71283ac69037e9bbe97c3e773952f5abde5eac91397ca322d1a6,resource-grid,heisenberg_chain,Heisenberg-13,"{""coupling"":1.0,""field_z"":0.3}",13,13.0,proportional,1.0,0.0007943282347242813,39.89999999999996,49,qsvt,qsvt,QSVT,jacobi-anger-rigorous,analytical,,,,,,,,,,,,,,,,,,,,,,,,,,,,,,,,,,,4263.0,711.0,,,0.00017390702811529243,,jacobi-anger-polynomial-oaa,"Martyn et al., arXiv:2105.02859, Eqs. (76)--(77)",Jacobi--Anger tails plus exact cubic OAA identity,"{""oaa-unitarity-defect-distortion"":8.695918416765143e-05,""scaled-polynomial-error"":8.6947843947641e-05}",True,ideal-qsvt-oaa-good-block,True,,"[""the cosine and sine polynomials are implemented exactly"",""the unamplified good block is exactly Q/2""]",,,,,,,implemented-qsvt-floating-phase-circuit,False,False,0.0007148954112518532,,,,,,,,,,,,,,,,,,,2.0,one robust OAA round,1.0,"component, quadrature, and index registers all-zero",,27.0,545676.0,1313102.0,-1.0,62002712.0,8769579.0,analytical-model,7.943282347242814e-05,,,,,,,,,,,,0.1.0,3.11.9,2.5.0,b58b31db18364511c43757e27fffc7abce8df2c1,True,ok,,
1.0,heisenberg_chain:N013,-3.1,empirical,,8.0,13.0,2.0,a8fa234e-a646-4911-8402-a67c302db4ae,2026-08-12T00:11:58.358108+00:00,c1ad72de628f71283ac69037e9bbe97c3e773952f5abde5eac91397ca322d1a6,resource-grid,heisenberg_chain,Heisenberg-13,"{""coupling"":1.0,""field_z"":0.3}",13,13.0,proportional,1.0,0.0007943282347242813,39.89999999999996,49,mpf-j-mizuta2026-theorem6-empirical-operator-norm,multiproduct,MPF J=Mizuta Theorem 6 (resolved per point) [empirical operator norm],empirical-operator-norm,empirical,,8.0,16.0,mizuta2026-theorem6,6.300000000000004,0.0007148954112518532,13.0,,,,[],,,,,,,,,,,,,,,[],,,,,,,empirical-operator-norm,[],2379.0,,,,3.788238999999994e-07,2.91403e-08,empirical-operator-norm,Repository empirical operator-norm calibration study v1 (2026-08-10),reviewed calibration opnorm-v1-heisenberg-open-mpf-new-m8; fixed formal powers,"{""empirical_coefficient"":2.91403e-08}",False,ideal-mpf,False,ordered individual Pauli terms,"[""the fixed formal-order powers in time and segments apply"",""the empirical estimate concerns the repeated ideal MPF operator"",""the reviewed affine size calibration extrapolates as flagged""]",,0.0,0.0,False,False,{},repeated-shared-ancilla-good-block,False,False,0.0007148954112518532,new,"[1,2,3,4,5,6,11,29]","[-3.280633240950701e-11,1.38314223008236e-06,-0.00042434045620952707,0.013663236344294543,-0.0975962105352182,0.17214651362521294,-0.39147182230350597,1.3036812402160025]",1.9789847466554802,0.021015253344519813,61.0,registered-exact,True,8.0,4.0,2.0,5.0,10.0,6.0,6.0,3.0,2.0,3.0,2.0,one robust OAA round per segment,13.0,branch register all-zero,,20.0,462696.0,1378.0,-1.0,47663200.0,810188.0,analytical-model,7.943282347242814e-05,opnorm-v1-heisenberg-open-mpf-new-m8,heisenberg_chain,affine-aN-plus-b,2.91403e-08,4.0,8.0,4.0,12.0,True,True,asymptotic-domain,0.1.0,3.11.9,2.5.0,b58b31db18364511c43757e27fffc7abce8df2c1,True,ok,,
1.0,heisenberg_chain:N013,-3.1,commutator,,8.0,12480.0,2.0,a8fa234e-a646-4911-8402-a67c302db4ae,2026-08-12T00:11:58.358108+00:00,c1ad72de628f71283ac69037e9bbe97c3e773952f5abde5eac91397ca322d1a6,resource-grid,heisenberg_chain,Heisenberg-13,"{""coupling"":1.0,""field_z"":0.3}",13,13.0,proportional,1.0,0.0007943282347242813,39.89999999999996,49,mpf-j-mizuta2026-theorem6-mizuta2026-commutator-ideal-rigorous,multiproduct,MPF J=Mizuta Theorem 6 (resolved per point) [Mizuta 2026 refined commutator],mizuta2026-commutator-ideal-rigorous,analytical,,8.0,16.0,mizuta2026-theorem6,6.300000000000004,0.0007148954112518532,12480.0,12480.0,,8381.0,"[""error""]",161.16718521011452,16.0,,,5.7176978998655646e-08,2.8321608399481487e-25,1.4009506266907221e-36,2.8321608399341388e-25,2.8321608399481487e-25,5.717697899865565e-08,0.0007140780190572345,1.5434979032695905e-05,False,0.001551184254251718,"[1.0000000000000002,1.0000000000000002,1.0000000000000002,1.0000000000000002,1.0000000000000002,1.0000000000000002,1.0000000000000002,1.0000000000000002,1.0000000000000002,1.0000000000000002,1.0000000000000002,1.0000000000000002,1.0000000000000002,1.0000000000000002,1.0000000000000002,1.0000000000000002,1.0000000000000002,1.0000000000000002,1.0000000000000002,1.0000000000000002,1.0000000000000002,1.0000000000000002,1.0000000000000002,1.0000000000000002,1.0000000000000002,1.0000000000000002,1.0000000000000002,1.0000000000000002,1.0000000000000002,1.0000000000000002,1.0000000000000002,1.0000000000000002,1.0000000000000002,1.0000000000000002,1.0000000000000002,1.0000000000000002,1.0000000000000002,1.0000000000000002,1.0000000000000002,1.0000000000000002,1.0000000000000002,1.0000000000000002,1.0000000000000002,1.0000000000000002,1.0000000000000002,1.0000000000000002,1.0000000000000002,1.0000000000000002,1.0000000000000002]",6.300000000000007,7.0,True,exact commutator transition cap reached; locality bound used,not-used,commutator,mizuta2026-commutator-ideal-rigorous,[],2283840.0,,,,0.0007140780190572345,2.856486441071409e+43,mizuta2026-commutator-ideal-rigorous,"Mizuta, Quantum 10, 1974 (2026), arXiv:2507.06557v4","Theorem 4, Eqs. (47)--(49), with direct Lemmas 9--10 BCH remainder","{""error_predicate_satisfied"":1.0,""extensiveness_g"":6.300000000000004,""joint_predicate_satisfied"":1.0,""legacy_first_condition_passed"":0.0,""legacy_first_time_limit"":1.5434979032695905e-05,""local_commutator_error"":5.7176978998655646e-08,""local_step_error"":5.717697899865565e-08,""local_truncated_bch_error"":2.8321608399481487e-25,""locality_k"":2.0,""mu_upper"":161.16718521011452,""refined_lemma10_remainder"":2.8321608399341388e-25,""refined_lemma9_remainder"":1.4009506266907221e-36,""refined_tail_fallback"":0.0,""repeated_global_error"":0.0007140780190572345,""schedule_weighted_extensiveness"":6.300000000000007,""second_time_limit"":0.001551184254251718,""time_2_predicate_satisfied"":1.0,""total_branchwise_bch_remainder"":2.8321608399481487e-25,""truncation_order_p0"":16.0}",True,ideal-mpf,True,ordered individual Pauli terms,"[""individual Pauli summands define the ordered H_gamma decomposition"",""the actual Strang factors define schedule-weighted g_alpha extensiveness"",""Lemma 9 and Lemma 10 positive majorants directly certify the BCH remainder"",""the scalar-flow/Cauchy refined tail certificate is used"",""Theorem 4 second time hypothesis is satisfied"",""the repeated ideal MPF is composed with the Eq. (15) telescoping argument""]","exact Pauli recurrence would require 466284 transitions at order 8, above cap 250000; remaining orders use Mizuta 2026 Eq. (8)",16.0,7.0,True,True,"{""2"":321.6000000000004,""3"":5070.720000000011,""4"":74820.86400000023,""5"":1370305.228800006,""6"":25164040.642560143,""7"":522290321.86675566,""8"":2663901875917312.5,""9"":5.3704261818492736e+17,""10"":1.2180126580434136e+20,""11"":3.0693918982694054e+22,""12"":8.508354342002837e+24,""13"":2.5729263530216704e+27,""14"":8.428906732499016e+29,""15"":2.973718295225653e+32,""16"":1.1240655155953012e+35}",repeated-shared-ancilla-good-block,True,False,0.0007148954112518532,new,"[1,2,3,4,5,6,11,29]","[-3.280633240950701e-11,1.38314223008236e-06,-0.00042434045620952707,0.013663236344294543,-0.0975962105352182,0.17214651362521294,-0.39147182230350597,1.3036812402160025]",1.9789847466554802,0.021015253344519813,61.0,registered-exact,True,8.0,4.0,2.0,5.0,10.0,6.0,6.0,3.0,2.0,3.0,2.0,one robust OAA round per segment,12480.0,branch register all-zero,,20.0,444188160.0,1322880.0,-1.0,59082316800.0,777779834.0,analytical-model,7.943282347242814e-05,,,,,,,,,,,,0.1.0,3.11.9,2.5.0,b58b31db18364511c43757e27fffc7abce8df2c1,True,ok,,
1.0,heisenberg_chain:N013,-3.2,commutator,22537.0,,,2.0,a8fa234e-a646-4911-8402-a67c302db4ae,2026-08-12T00:11:58.358108+00:00,c1ad72de628f71283ac69037e9bbe97c3e773952f5abde5eac91397ca322d1a6,resource-grid,heisenberg_chain,Heisenberg-13,"{""coupling"":1.0,""field_z"":0.3}",13,13.0,proportional,1.0,0.000630957344480193,39.89999999999996,49,trotter-p2,trotter,Trotter p=2,analytical,analytical,2.0,,,,,,22537.0,,,,,,,,,,,,,,,,,,,,,,,,,,,,,,individual,49.0,0.0005678536420628731,131.28000000000006,childs-commutator,"Childs, Su, Tran, Wiebe, and Zhu, arXiv:1912.08854",Propositions 9--10,"{""prefactor"":131.28000000000006}",True,implemented-product-formula,True,,"[""the resolved ordered Hamiltonian groups match the implemented formula""]",,,,,,,implemented-product-formula,True,True,0.0005678616100321737,,,,,,,,,,,,,,,,,,,1.0,none,0.0,system register,1.0,13.0,2186089.0,0.0,-1.0,242655879.0,3212213.0,analytical-model,6.30957344480193e-05,,,,,,,,,,,,0.1.0,3.11.9,2.5.0,b58b31db18364511c43757e27fffc7abce8df2c1,True,ok,,
1.0,heisenberg_chain:N013,-3.2,empirical,7023.0,,,2.0,a8fa234e-a646-4911-8402-a67c302db4ae,2026-08-12T00:11:58.358108+00:00,c1ad72de628f71283ac69037e9bbe97c3e773952f5abde5eac91397ca322d1a6,resource-grid,heisenberg_chain,Heisenberg-13,"{""coupling"":1.0,""field_z"":0.3}",13,13.0,proportional,1.0,0.000630957344480193,39.89999999999996,49,trotter-p2-empirical,trotter,Trotter p=2 [empirical],empirical-operator-norm,empirical,2.0,,,,,,7023.0,,,,,,,,,,,,,,,,,,,,,,,,,,,,,,individual,49.0,0.000567846069633872,12.748112989099997,empirical-operator-norm,Repository empirical operator-norm calibration study v1 (2026-08-10),reviewed calibration opnorm-v1-heisenberg-open-trotter-p2; artifact docs/calibration_data/empirical_1d_v1_accepted.json,"{""prefactor"":12.748112989099997}",False,implemented-product-formula,False,,"[""the resolved ordered Hamiltonian groups match the implemented formula"",""the fixed formal-order powers in time and segments apply"",""the reviewed affine size calibration extrapolates as flagged""]",,,,,,,implemented-product-formula,False,False,0.0005678616100321737,,,,,,,,,,,,,,,,,,,1.0,none,0.0,system register,1.0,13.0,681231.0,0.0,-1.0,72210486.0,1000993.0,analytical-model,6.30957344480193e-05,opnorm-v1-heisenberg-open-trotter-p2,heisenberg_chain,affine-aN-plus-b,12.748112989099997,4.0,12.0,4.0,12.0,True,True,formula,0.1.0,3.11.9,2.5.0,b58b31db18364511c43757e27fffc7abce8df2c1,True,ok,,
1.0,heisenberg_chain:N013,-3.2,commutator,1463.0,,,2.0,a8fa234e-a646-4911-8402-a67c302db4ae,2026-08-12T00:11:58.358108+00:00,c1ad72de628f71283ac69037e9bbe97c3e773952f5abde5eac91397ca322d1a6,resource-grid,heisenberg_chain,Heisenberg-13,"{""coupling"":1.0,""field_z"":0.3}",13,13.0,proportional,1.0,0.000630957344480193,39.89999999999996,49,trotter-p4,trotter,Trotter p=4,analytical,analytical,4.0,,,,,,1463.0,,,,,,,,,,,,,,,,,,,,,,,,,,,,,,commuting,3.0,0.0005666018970836761,6990.98817037107,schubert-mendl-commutator,"Schubert and Mendl, arXiv:2306.10603",Theorem 1,"{""prefactor"":6990.98817037107}",True,implemented-product-formula,True,,"[""the resolved ordered Hamiltonian groups match the implemented formula""]",,,,,,,implemented-product-formula,True,True,0.0005678616100321737,,,,,,,,,,,,,,,,,,,1.0,none,0.0,system register,1.0,13.0,636405.0,0.0,-1.0,66822525.0,935126.0,analytical-model,6.30957344480193e-05,,,,,,,,,,,,0.1.0,3.11.9,2.5.0,b58b31db18364511c43757e27fffc7abce8df2c1,True,ok,,
1.0,heisenberg_chain:N013,-3.2,empirical,209.0,,,2.0,a8fa234e-a646-4911-8402-a67c302db4ae,2026-08-12T00:11:58.358108+00:00,c1ad72de628f71283ac69037e9bbe97c3e773952f5abde5eac91397ca322d1a6,resource-grid,heisenberg_chain,Heisenberg-13,"{""coupling"":1.0,""field_z"":0.3}",13,13.0,proportional,1.0,0.000630957344480193,39.89999999999996,49,trotter-p4-empirical,trotter,Trotter p=4 [empirical],empirical-operator-norm,empirical,4.0,,,,,,209.0,,,,,,,,,,,,,,,,,,,,,,,,,,,,,,commuting,3.0,0.0005635571000845422,2.8960516869,empirical-operator-norm,Repository empirical operator-norm calibration study v1 (2026-08-10),reviewed calibration opnorm-v1-heisenberg-open-trotter-p4; artifact docs/calibration_data/empirical_1d_v1_accepted.json,"{""prefactor"":2.8960516869}",False,implemented-product-formula,False,,"[""the resolved ordered Hamiltonian groups match the implemented formula"",""the fixed formal-order powers in time and segments apply"",""the reviewed affine size calibration extrapolates as flagged""]",,,,,,,implemented-product-formula,False,False,0.0005678616100321737,,,,,,,,,,,,,,,,,,,1.0,none,0.0,system register,1.0,13.0,90915.0,0.0,-1.0,8818755.0,133590.0,analytical-model,6.30957344480193e-05,opnorm-v1-heisenberg-open-trotter-p4,heisenberg_chain,affine-aN-plus-b,2.8960516869,4.0,12.0,4.0,12.0,True,True,formula,0.1.0,3.11.9,2.5.0,b58b31db18364511c43757e27fffc7abce8df2c1,True,ok,,
1.0,heisenberg_chain:N013,-3.2,commutator,804.0,,,2.0,a8fa234e-a646-4911-8402-a67c302db4ae,2026-08-12T00:11:58.358108+00:00,c1ad72de628f71283ac69037e9bbe97c3e773952f5abde5eac91397ca322d1a6,resource-grid,heisenberg_chain,Heisenberg-13,"{""coupling"":1.0,""field_z"":0.3}",13,13.0,proportional,1.0,0.000630957344480193,39.89999999999996,49,trotter-p6,trotter,Trotter p=6,analytical,analytical,6.0,,,,,,804.0,,,,,,,,,,,,,,,,,,,,,,,,,,,,,,commuting,3.0,0.0005645062545155229,2429973.763029318,schubert-mendl-commutator,"Schubert and Mendl, arXiv:2306.10603",Theorem 1,"{""prefactor"":2429973.763029318}",True,implemented-product-formula,True,,"[""the resolved ordered Hamiltonian groups match the implemented formula""]",,,,,,,implemented-product-formula,True,True,0.0005678616100321737,,,,,,,,,,,,,,,,,,,1.0,none,0.0,system register,1.0,13.0,1748700.0,0.0,-1.0,192357000.0,2569519.0,analytical-model,6.30957344480193e-05,,,,,,,,,,,,0.1.0,3.11.9,2.5.0,b58b31db18364511c43757e27fffc7abce8df2c1,True,ok,,
1.0,heisenberg_chain:N013,-3.2,empirical,78.0,,,2.0,a8fa234e-a646-4911-8402-a67c302db4ae,2026-08-12T00:11:58.358108+00:00,c1ad72de628f71283ac69037e9bbe97c3e773952f5abde5eac91397ca322d1a6,resource-grid,heisenberg_chain,Heisenberg-13,"{""coupling"":1.0,""field_z"":0.3}",13,13.0,proportional,1.0,0.000630957344480193,39.89999999999996,49,trotter-p6-empirical,trotter,Trotter p=6 [empirical],empirical-operator-norm,empirical,6.0,,,,,,78.0,,,,,,,,,,,,,,,,,,,,,,,,,,,,,,commuting,3.0,1.1732955902777759e-05,0.0421086762,empirical-operator-norm,Repository empirical operator-norm calibration study v1 (2026-08-10),reviewed calibration opnorm-v1-heisenberg-open-trotter-p6; artifact docs/calibration_data/empirical_1d_v1_accepted.json,"{""prefactor"":0.0421086762}",False,implemented-product-formula,False,,"[""the resolved ordered Hamiltonian groups match the implemented formula"",""the fixed formal-order powers in time and segments apply"",""the reviewed affine size calibration extrapolates as flagged""]",,,,,,,implemented-product-formula,False,False,0.0005678616100321737,,,,,,,,,,,,,,,,,,,1.0,none,0.0,system register,1.0,13.0,169650.0,0.0,-1.0,16795350.0,249282.0,analytical-model,6.30957344480193e-05,opnorm-v1-heisenberg-open-trotter-p6,heisenberg_chain,affine-aN-plus-b,0.0421086762,4.0,12.0,4.0,12.0,True,True,asymptotic-domain,0.1.0,3.11.9,2.5.0,b58b31db18364511c43757e27fffc7abce8df2c1,True,ok,,
1.0,heisenberg_chain:N013,-3.2,jacobi-anger,,,,2.0,a8fa234e-a646-4911-8402-a67c302db4ae,2026-08-12T00:11:58.358108+00:00,c1ad72de628f71283ac69037e9bbe97c3e773952f5abde5eac91397ca322d1a6,resource-grid,heisenberg_chain,Heisenberg-13,"{""coupling"":1.0,""field_z"":0.3}",13,13.0,proportional,1.0,0.000630957344480193,39.89999999999996,49,qsvt,qsvt,QSVT,jacobi-anger-rigorous,analytical,,,,,,,,,,,,,,,,,,,,,,,,,,,,,,,,,,,4275.0,713.0,,,7.556956511367297e-05,,jacobi-anger-polynomial-oaa,"Martyn et al., arXiv:2105.02859, Eqs. (76)--(77)",Jacobi--Anger tails plus exact cubic OAA identity,"{""oaa-unitarity-defect-distortion"":3.7785853276981696e-05,""scaled-polynomial-error"":3.778371183669128e-05}",True,ideal-qsvt-oaa-good-block,True,,"[""the cosine and sine polynomials are implemented exactly"",""the unamplified good block is exactly Q/2""]",,,,,,,implemented-qsvt-floating-phase-circuit,False,False,0.0005678616100321737,,,,,,,,,,,,,,,,,,,2.0,one robust OAA round,1.0,"component, quadrature, and index registers all-zero",,27.0,547212.0,1316798.0,-1.0,62724452.0,8794263.0,analytical-model,6.30957344480193e-05,,,,,,,,,,,,0.1.0,3.11.9,2.5.0,b58b31db18364511c43757e27fffc7abce8df2c1,True,ok,,
1.0,heisenberg_chain:N013,-3.2,empirical,,8.0,13.0,2.0,a8fa234e-a646-4911-8402-a67c302db4ae,2026-08-12T00:11:58.358108+00:00,c1ad72de628f71283ac69037e9bbe97c3e773952f5abde5eac91397ca322d1a6,resource-grid,heisenberg_chain,Heisenberg-13,"{""coupling"":1.0,""field_z"":0.3}",13,13.0,proportional,1.0,0.000630957344480193,39.89999999999996,49,mpf-j-mizuta2026-theorem6-empirical-operator-norm,multiproduct,MPF J=Mizuta Theorem 6 (resolved per point) [empirical operator norm],empirical-operator-norm,empirical,,8.0,16.0,mizuta2026-theorem6,6.300000000000004,0.0005678616100321737,13.0,,,,[],,,,,,,,,,,,,,,[],,,,,,,empirical-operator-norm,[],2379.0,,,,3.788238999999994e-07,2.91403e-08,empirical-operator-norm,Repository empirical operator-norm calibration study v1 (2026-08-10),reviewed calibration opnorm-v1-heisenberg-open-mpf-new-m8; fixed formal powers,"{""empirical_coefficient"":2.91403e-08}",False,ideal-mpf,False,ordered individual Pauli terms,"[""the fixed formal-order powers in time and segments apply"",""the empirical estimate concerns the repeated ideal MPF operator"",""the reviewed affine size calibration extrapolates as flagged""]",,0.0,0.0,False,False,{},repeated-shared-ancilla-good-block,False,False,0.0005678616100321737,new,"[1,2,3,4,5,6,11,29]","[-3.280633240950701e-11,1.38314223008236e-06,-0.00042434045620952707,0.013663236344294543,-0.0975962105352182,0.17214651362521294,-0.39147182230350597,1.3036812402160025]",1.9789847466554802,0.021015253344519813,61.0,registered-exact,True,8.0,4.0,2.0,5.0,10.0,6.0,6.0,3.0,2.0,3.0,2.0,one robust OAA round per segment,13.0,branch register all-zero,,20.0,462696.0,1378.0,-1.0,48125896.0,810188.0,analytical-model,6.30957344480193e-05,opnorm-v1-heisenberg-open-mpf-new-m8,heisenberg_chain,affine-aN-plus-b,2.91403e-08,4.0,8.0,4.0,12.0,True,True,asymptotic-domain,0.1.0,3.11.9,2.5.0,b58b31db18364511c43757e27fffc7abce8df2c1,True,ok,,
1.0,heisenberg_chain:N013,-3.2,commutator,,8.0,12660.0,2.0,a8fa234e-a646-4911-8402-a67c302db4ae,2026-08-12T00:11:58.358108+00:00,c1ad72de628f71283ac69037e9bbe97c3e773952f5abde5eac91397ca322d1a6,resource-grid,heisenberg_chain,Heisenberg-13,"{""coupling"":1.0,""field_z"":0.3}",13,13.0,proportional,1.0,0.000630957344480193,39.89999999999996,49,mpf-j-mizuta2026-theorem6-mizuta2026-commutator-ideal-rigorous,multiproduct,MPF J=Mizuta Theorem 6 (resolved per point) [Mizuta 2026 refined commutator],mizuta2026-commutator-ideal-rigorous,analytical,,8.0,16.0,mizuta2026-theorem6,6.300000000000004,0.0005678616100321737,12660.0,12660.0,,8381.0,"[""error""]",161.16718521011452,16.0,,,4.482250863542782e-08,2.2165588117214854e-25,1.097920397613922e-36,2.2165588117105055e-25,2.2165588117214854e-25,4.4822508635427824e-08,0.0005677750281072619,1.5434979032695905e-05,False,0.001551184254251718,"[1.0000000000000002,1.0000000000000002,1.0000000000000002,1.0000000000000002,1.0000000000000002,1.0000000000000002,1.0000000000000002,1.0000000000000002,1.0000000000000002,1.0000000000000002,1.0000000000000002,1.0000000000000002,1.0000000000000002,1.0000000000000002,1.0000000000000002,1.0000000000000002,1.0000000000000002,1.0000000000000002,1.0000000000000002,1.0000000000000002,1.0000000000000002,1.0000000000000002,1.0000000000000002,1.0000000000000002,1.0000000000000002,1.0000000000000002,1.0000000000000002,1.0000000000000002,1.0000000000000002,1.0000000000000002,1.0000000000000002,1.0000000000000002,1.0000000000000002,1.0000000000000002,1.0000000000000002,1.0000000000000002,1.0000000000000002,1.0000000000000002,1.0000000000000002,1.0000000000000002,1.0000000000000002,1.0000000000000002,1.0000000000000002,1.0000000000000002,1.0000000000000002,1.0000000000000002,1.0000000000000002,1.0000000000000002,1.0000000000000002]",6.300000000000007,7.0,True,exact commutator transition cap reached; locality bound used,not-used,commutator,mizuta2026-commutator-ideal-rigorous,[],2316780.0,,,,0.0005677750281072619,2.856486441071409e+43,mizuta2026-commutator-ideal-rigorous,"Mizuta, Quantum 10, 1974 (2026), arXiv:2507.06557v4","Theorem 4, Eqs. (47)--(49), with direct Lemmas 9--10 BCH remainder","{""error_predicate_satisfied"":1.0,""extensiveness_g"":6.300000000000004,""joint_predicate_satisfied"":1.0,""legacy_first_condition_passed"":0.0,""legacy_first_time_limit"":1.5434979032695905e-05,""local_commutator_error"":4.482250863542782e-08,""local_step_error"":4.4822508635427824e-08,""local_truncated_bch_error"":2.2165588117214854e-25,""locality_k"":2.0,""mu_upper"":161.16718521011452,""refined_lemma10_remainder"":2.2165588117105055e-25,""refined_lemma9_remainder"":1.097920397613922e-36,""refined_tail_fallback"":0.0,""repeated_global_error"":0.0005677750281072619,""schedule_weighted_extensiveness"":6.300000000000007,""second_time_limit"":0.001551184254251718,""time_2_predicate_satisfied"":1.0,""total_branchwise_bch_remainder"":2.2165588117214854e-25,""truncation_order_p0"":16.0}",True,ideal-mpf,True,ordered individual Pauli terms,"[""individual Pauli summands define the ordered H_gamma decomposition"",""the actual Strang factors define schedule-weighted g_alpha extensiveness"",""Lemma 9 and Lemma 10 positive majorants directly certify the BCH remainder"",""the scalar-flow/Cauchy refined tail certificate is used"",""Theorem 4 second time hypothesis is satisfied"",""the repeated ideal MPF is composed with the Eq. (15) telescoping argument""]","exact Pauli recurrence would require 466284 transitions at order 8, above cap 250000; remaining orders use Mizuta 2026 Eq. (8)",16.0,7.0,True,True,"{""2"":321.6000000000004,""3"":5070.720000000011,""4"":74820.86400000023,""5"":1370305.228800006,""6"":25164040.642560143,""7"":522290321.86675566,""8"":2663901875917312.5,""9"":5.3704261818492736e+17,""10"":1.2180126580434136e+20,""11"":3.0693918982694054e+22,""12"":8.508354342002837e+24,""13"":2.5729263530216704e+27,""14"":8.428906732499016e+29,""15"":2.973718295225653e+32,""16"":1.1240655155953012e+35}",repeated-shared-ancilla-good-block,True,False,0.0005678616100321737,new,"[1,2,3,4,5,6,11,29]","[-3.280633240950701e-11,1.38314223008236e-06,-0.00042434045620952707,0.013663236344294543,-0.0975962105352182,0.17214651362521294,-0.39147182230350597,1.3036812402160025]",1.9789847466554802,0.021015253344519813,61.0,registered-exact,True,8.0,4.0,2.0,5.0,10.0,6.0,6.0,3.0,2.0,3.0,2.0,one robust OAA round per segment,12660.0,branch register all-zero,,20.0,450594720.0,1341960.0,-1.0,60385060320.0,788997812.0,analytical-model,6.30957344480193e-05,,,,,,,,,,,,0.1.0,3.11.9,2.5.0,b58b31db18364511c43757e27fffc7abce8df2c1,True,ok,,
1.0,heisenberg_chain:N013,-3.3,commutator,25287.0,,,2.0,a8fa234e-a646-4911-8402-a67c302db4ae,2026-08-12T00:11:58.358108+00:00,c1ad72de628f71283ac69037e9bbe97c3e773952f5abde5eac91397ca322d1a6,resource-grid,heisenberg_chain,Heisenberg-13,"{""coupling"":1.0,""field_z"":0.3}",13,13.0,proportional,1.0,0.0005011872336272725,39.89999999999996,49,trotter-p2,trotter,Trotter p=2,analytical,analytical,2.0,,,,,,25287.0,,,,,,,,,,,,,,,,,,,,,,,,,,,,,,individual,49.0,0.0004510596804022603,131.28000000000006,childs-commutator,"Childs, Su, Tran, Wiebe, and Zhu, arXiv:1912.08854",Propositions 9--10,"{""prefactor"":131.28000000000006}",True,implemented-product-formula,True,,"[""the resolved ordered Hamiltonian groups match the implemented formula""]",,,,,,,implemented-product-formula,True,True,0.0004510685102645453,,,,,,,,,,,,,,,,,,,1.0,none,0.0,system register,1.0,13.0,2452839.0,0.0,-1.0,274717968.0,3604172.0,analytical-model,5.011872336272726e-05,,,,,,,,,,,,0.1.0,3.11.9,2.5.0,b58b31db18364511c43757e27fffc7abce8df2c1,True,ok,,
1.0,heisenberg_chain:N013,-3.3,empirical,7880.0,,,2.0,a8fa234e-a646-4911-8402-a67c302db4ae,2026-08-12T00:11:58.358108+00:00,c1ad72de628f71283ac69037e9bbe97c3e773952f5abde5eac91397ca322d1a6,resource-grid,heisenberg_chain,Heisenberg-13,"{""coupling"":1.0,""field_z"":0.3}",13,13.0,proportional,1.0,0.0005011872336272725,39.89999999999996,49,trotter-p2-empirical,trotter,Trotter p=2 [empirical],empirical-operator-norm,empirical,2.0,,,,,,7880.0,,,,,,,,,,,,,,,,,,,,,,,,,,,,,,individual,49.0,0.0004510487940466885,12.748112989099997,empirical-operator-norm,Repository empirical operator-norm calibration study v1 (2026-08-10),reviewed calibration opnorm-v1-heisenberg-open-trotter-p2; artifact docs/calibration_data/empirical_1d_v1_accepted.json,"{""prefactor"":12.748112989099997}",False,implemented-product-formula,False,,"[""the resolved ordered Hamiltonian groups match the implemented formula"",""the fixed formal-order powers in time and segments apply"",""the reviewed affine size calibration extrapolates as flagged""]",,,,,,,implemented-product-formula,False,False,0.0004510685102645453,,,,,,,,,,,,,,,,,,,1.0,none,0.0,system register,1.0,13.0,764360.0,0.0,-1.0,81786520.0,1123142.0,analytical-model,5.011872336272726e-05,opnorm-v1-heisenberg-open-trotter-p2,heisenberg_chain,affine-aN-plus-b,12.748112989099997,4.0,12.0,4.0,12.0,True,True,formula,0.1.0,3.11.9,2.5.0,b58b31db18364511c43757e27fffc7abce8df2c1,True,ok,,
1.0,heisenberg_chain:N013,-3.3,commutator,1549.0,,,2.0,a8fa234e-a646-4911-8402-a67c302db4ae,2026-08-12T00:11:58.358108+00:00,c1ad72de628f71283ac69037e9bbe97c3e773952f5abde5eac91397ca322d1a6,resource-grid,heisenberg_chain,Heisenberg-13,"{""coupling"":1.0,""field_z"":0.3}",13,13.0,proportional,1.0,0.0005011872336272725,39.89999999999996,49,trotter-p4,trotter,Trotter p=4,analytical,analytical,4.0,,,,,,1549.0,,,,,,,,,,,,,,,,,,,,,,,,,,,,,,commuting,3.0,0.0004508682544053249,6990.98817037107,schubert-mendl-commutator,"Schubert and Mendl, arXiv:2306.10603",Theorem 1,"{""prefactor"":6990.98817037107}",True,implemented-product-formula,True,,"[""the resolved ordered Hamiltonian groups match the implemented formula""]",,,,,,,implemented-product-formula,True,True,0.0004510685102645453,,,,,,,,,,,,,,,,,,,1.0,none,0.0,system register,1.0,13.0,673815.0,0.0,-1.0,72098205.0,990096.0,analytical-model,5.011872336272726e-05,,,,,,,,,,,,0.1.0,3.11.9,2.5.0,b58b31db18364511c43757e27fffc7abce8df2c1,True,ok,,
1.0,heisenberg_chain:N013,-3.3,empirical,221.0,,,2.0,a8fa234e-a646-4911-8402-a67c302db4ae,2026-08-12T00:11:58.358108+00:00,c1ad72de628f71283ac69037e9bbe97c3e773952f5abde5eac91397ca322d1a6,resource-grid,heisenberg_chain,Heisenberg-13,"{""coupling"":1.0,""field_z"":0.3}",13,13.0,proportional,1.0,0.0005011872336272725,39.89999999999996,49,trotter-p4-empirical,trotter,Trotter p=4 [empirical],empirical-operator-norm,empirical,4.0,,,,,,221.0,,,,,,,,,,,,,,,,,,,,,,,,,,,,,,commuting,3.0,0.0004507689315226118,2.8960516869,empirical-operator-norm,Repository empirical operator-norm calibration study v1 (2026-08-10),reviewed calibration opnorm-v1-heisenberg-open-trotter-p4; artifact docs/calibration_data/empirical_1d_v1_accepted.json,"{""prefactor"":2.8960516869}",False,implemented-product-formula,False,,"[""the resolved ordered Hamiltonian groups match the implemented formula"",""the fixed formal-order powers in time and segments apply"",""the reviewed affine size calibration extrapolates as flagged""]",,,,,,,implemented-product-formula,False,False,0.0004510685102645453,,,,,,,,,,,,,,,,,,,1.0,none,0.0,system register,1.0,13.0,96135.0,0.0,-1.0,9421230.0,141260.0,analytical-model,5.011872336272726e-05,opnorm-v1-heisenberg-open-trotter-p4,heisenberg_chain,affine-aN-plus-b,2.8960516869,4.0,12.0,4.0,12.0,True,True,formula,0.1.0,3.11.9,2.5.0,b58b31db18364511c43757e27fffc7abce8df2c1,True,ok,,
1.0,heisenberg_chain:N013,-3.3,commutator,835.0,,,2.0,a8fa234e-a646-4911-8402-a67c302db4ae,2026-08-12T00:11:58.358108+00:00,c1ad72de628f71283ac69037e9bbe97c3e773952f5abde5eac91397ca322d1a6,resource-grid,heisenberg_chain,Heisenberg-13,"{""coupling"":1.0,""field_z"":0.3}",13,13.0,proportional,1.0,0.0005011872336272725,39.89999999999996,49,trotter-p6,trotter,Trotter p=6,analytical,analytical,6.0,,,,,,835.0,,,,,,,,,,,,,,,,,,,,,,,,,,,,,,commuting,3.0,0.0004498691349467178,2429973.763029318,schubert-mendl-commutator,"Schubert and Mendl, arXiv:2306.10603",Theorem 1,"{""prefactor"":2429973.763029318}",True,implemented-product-formula,True,,"[""the resolved ordered Hamiltonian groups match the implemented formula""]",,,,,,,implemented-product-formula,True,True,0.0004510685102645453,,,,,,,,,,,,,,,,,,,1.0,none,0.0,system register,1.0,13.0,1816125.0,0.0,-1.0,201589875.0,2668592.0,analytical-model,5.011872336272726e-05,,,,,,,,,,,,0.1.0,3.11.9,2.5.0,b58b31db18364511c43757e27fffc7abce8df2c1,True,ok,,
1.0,heisenberg_chain:N013,-3.3,empirical,78.0,,,2.0,a8fa234e-a646-4911-8402-a67c302db4ae,2026-08-12T00:11:58.358108+00:00,c1ad72de628f71283ac69037e9bbe97c3e773952f5abde5eac91397ca322d1a6,resource-grid,heisenberg_chain,Heisenberg-13,"{""coupling"":1.0,""field_z"":0.3}",13,13.0,proportional,1.0,0.0005011872336272725,39.89999999999996,49,trotter-p6-empirical,trotter,Trotter p=6 [empirical],empirical-operator-norm,empirical,6.0,,,,,,78.0,,,,,,,,,,,,,,,,,,,,,,,,,,,,,,commuting,3.0,1.1732955902777759e-05,0.0421086762,empirical-operator-norm,Repository empirical operator-norm calibration study v1 (2026-08-10),reviewed calibration opnorm-v1-heisenberg-open-trotter-p6; artifact docs/calibration_data/empirical_1d_v1_accepted.json,"{""prefactor"":0.0421086762}",False,implemented-product-formula,False,,"[""the resolved ordered Hamiltonian groups match the implemented formula"",""the fixed formal-order powers in time and segments apply"",""the reviewed affine size calibration extrapolates as flagged""]",,,,,,,implemented-product-formula,False,False,0.0004510685102645453,,,,,,,,,,,,,,,,,,,1.0,none,0.0,system register,1.0,13.0,169650.0,0.0,-1.0,16965000.0,249282.0,analytical-model,5.011872336272726e-05,opnorm-v1-heisenberg-open-trotter-p6,heisenberg_chain,affine-aN-plus-b,0.0421086762,4.0,12.0,4.0,12.0,True,True,asymptotic-domain,0.1.0,3.11.9,2.5.0,b58b31db18364511c43757e27fffc7abce8df2c1,True,ok,,
1.0,heisenberg_chain:N013,-3.3,jacobi-anger,,,,2.0,a8fa234e-a646-4911-8402-a67c302db4ae,2026-08-12T00:11:58.358108+00:00,c1ad72de628f71283ac69037e9bbe97c3e773952f5abde5eac91397ca322d1a6,resource-grid,heisenberg_chain,Heisenberg-13,"{""coupling"":1.0,""field_z"":0.3}",13,13.0,proportional,1.0,0.0005011872336272725,39.89999999999996,49,qsvt,qsvt,QSVT,jacobi-anger-rigorous,analytical,,,,,,,,,,,,,,,,,,,,,,,,,,,,,,,,,,,4275.0,713.0,,,6.25919626173208e-05,,jacobi-anger-polynomial-oaa,"Martyn et al., arXiv:2105.02859, Eqs. (76)--(77)",Jacobi--Anger tails plus exact cubic OAA identity,"{""oaa-unitarity-defect-distortion"":3.1296715860675154e-05,""scaled-polynomial-error"":3.1295246756645645e-05}",True,ideal-qsvt-oaa-good-block,True,,"[""the cosine and sine polynomials are implemented exactly"",""the unamplified good block is exactly Q/2""]",,,,,,,implemented-qsvt-floating-phase-circuit,False,False,0.0004510685102645453,,,,,,,,,,,,,,,,,,,2.0,one robust OAA round,1.0,"component, quadrature, and index registers all-zero",,27.0,547212.0,1316798.0,-1.0,63271664.0,8794263.0,analytical-model,5.011872336272726e-05,,,,,,,,,,,,0.1.0,3.11.9,2.5.0,b58b31db18364511c43757e27fffc7abce8df2c1,True,ok,,
1.0,heisenberg_chain:N013,-3.3,empirical,,8.0,13.0,2.0,a8fa234e-a646-4911-8402-a67c302db4ae,2026-08-12T00:11:58.358108+00:00,c1ad72de628f71283ac69037e9bbe97c3e773952f5abde5eac91397ca322d1a6,resource-grid,heisenberg_chain,Heisenberg-13,"{""coupling"":1.0,""field_z"":0.3}",13,13.0,proportional,1.0,0.0005011872336272725,39.89999999999996,49,mpf-j-mizuta2026-theorem6-empirical-operator-norm,multiproduct,MPF J=Mizuta Theorem 6 (resolved per point) [empirical operator norm],empirical-operator-norm,empirical,,8.0,16.0,mizuta2026-theorem6,6.300000000000004,0.0004510685102645453,13.0,,,,[],,,,,,,,,,,,,,,[],,,,,,,empirical-operator-norm,[],2379.0,,,,3.788238999999994e-07,2.91403e-08,empirical-operator-norm,Repository empirical operator-norm calibration study v1 (2026-08-10),reviewed calibration opnorm-v1-heisenberg-open-mpf-new-m8; fixed formal powers,"{""empirical_coefficient"":2.91403e-08}",False,ideal-mpf,False,ordered individual Pauli terms,"[""the fixed formal-order powers in time and segments apply"",""the empirical estimate concerns the repeated ideal MPF operator"",""the reviewed affine size calibration extrapolates as flagged""]",,0.0,0.0,False,False,{},repeated-shared-ancilla-good-block,False,False,0.0004510685102645453,new,"[1,2,3,4,5,6,11,29]","[-3.280633240950701e-11,1.38314223008236e-06,-0.00042434045620952707,0.013663236344294543,-0.0975962105352182,0.17214651362521294,-0.39147182230350597,1.3036812402160025]",1.9789847466554802,0.021015253344519813,61.0,registered-exact,True,8.0,4.0,2.0,5.0,10.0,6.0,6.0,3.0,2.0,3.0,2.0,one robust OAA round per segment,13.0,branch register all-zero,,20.0,462696.0,1378.0,-1.0,48588592.0,810188.0,analytical-model,5.011872336272726e-05,opnorm-v1-heisenberg-open-mpf-new-m8,heisenberg_chain,affine-aN-plus-b,2.91403e-08,4.0,8.0,4.0,12.0,True,True,asymptotic-domain,0.1.0,3.11.9,2.5.0,b58b31db18364511c43757e27fffc7abce8df2c1,True,ok,,
1.0,heisenberg_chain:N013,-3.3,commutator,,8.0,12844.0,2.0,a8fa234e-a646-4911-8402-a67c302db4ae,2026-08-12T00:11:58.358108+00:00,c1ad72de628f71283ac69037e9bbe97c3e773952f5abde5eac91397ca322d1a6,resource-grid,heisenberg_chain,Heisenberg-13,"{""coupling"":1.0,""field_z"":0.3}",13,13.0,proportional,1.0,0.0005011872336272725,39.89999999999996,49,mpf-j-mizuta2026-theorem6-mizuta2026-commutator-ideal-rigorous,multiproduct,MPF J=Mizuta Theorem 6 (resolved per point) [Mizuta 2026 refined commutator],mizuta2026-commutator-ideal-rigorous,analytical,,8.0,16.0,mizuta2026-theorem6,6.300000000000004,0.0004510685102645453,12844.0,12844.0,,8381.0,"[""error""]",161.16718521011452,16.0,,,3.507228882363924e-08,1.7315678143986099e-25,8.588410198114666e-37,1.7315678143900212e-25,1.7315678143986099e-25,3.5072288823639244e-08,0.00045067142940235334,1.5434979032695905e-05,False,0.001551184254251718,"[1.0000000000000002,1.0000000000000002,1.0000000000000002,1.0000000000000002,1.0000000000000002,1.0000000000000002,1.0000000000000002,1.0000000000000002,1.0000000000000002,1.0000000000000002,1.0000000000000002,1.0000000000000002,1.0000000000000002,1.0000000000000002,1.0000000000000002,1.0000000000000002,1.0000000000000002,1.0000000000000002,1.0000000000000002,1.0000000000000002,1.0000000000000002,1.0000000000000002,1.0000000000000002,1.0000000000000002,1.0000000000000002,1.0000000000000002,1.0000000000000002,1.0000000000000002,1.0000000000000002,1.0000000000000002,1.0000000000000002,1.0000000000000002,1.0000000000000002,1.0000000000000002,1.0000000000000002,1.0000000000000002,1.0000000000000002,1.0000000000000002,1.0000000000000002,1.0000000000000002,1.0000000000000002,1.0000000000000002,1.0000000000000002,1.0000000000000002,1.0000000000000002,1.0000000000000002,1.0000000000000002,1.0000000000000002,1.0000000000000002]",6.300000000000007,7.0,True,exact commutator transition cap reached; locality bound used,not-used,commutator,mizuta2026-commutator-ideal-rigorous,[],2350452.0,,,,0.00045067142940235334,2.856486441071409e+43,mizuta2026-commutator-ideal-rigorous,"Mizuta, Quantum 10, 1974 (2026), arXiv:2507.06557v4","Theorem 4, Eqs. (47)--(49), with direct Lemmas 9--10 BCH remainder","{""error_predicate_satisfied"":1.0,""extensiveness_g"":6.300000000000004,""joint_predicate_satisfied"":1.0,""legacy_first_condition_passed"":0.0,""legacy_first_time_limit"":1.5434979032695905e-05,""local_commutator_error"":3.507228882363924e-08,""local_step_error"":3.5072288823639244e-08,""local_truncated_bch_error"":1.7315678143986099e-25,""locality_k"":2.0,""mu_upper"":161.16718521011452,""refined_lemma10_remainder"":1.7315678143900212e-25,""refined_lemma9_remainder"":8.588410198114666e-37,""refined_tail_fallback"":0.0,""repeated_global_error"":0.00045067142940235334,""schedule_weighted_extensiveness"":6.300000000000007,""second_time_limit"":0.001551184254251718,""time_2_predicate_satisfied"":1.0,""total_branchwise_bch_remainder"":1.7315678143986099e-25,""truncation_order_p0"":16.0}",True,ideal-mpf,True,ordered individual Pauli terms,"[""individual Pauli summands define the ordered H_gamma decomposition"",""the actual Strang factors define schedule-weighted g_alpha extensiveness"",""Lemma 9 and Lemma 10 positive majorants directly certify the BCH remainder"",""the scalar-flow/Cauchy refined tail certificate is used"",""Theorem 4 second time hypothesis is satisfied"",""the repeated ideal MPF is composed with the Eq. (15) telescoping argument""]","exact Pauli recurrence would require 466284 transitions at order 8, above cap 250000; remaining orders use Mizuta 2026 Eq. (8)",16.0,7.0,True,True,"{""2"":321.6000000000004,""3"":5070.720000000011,""4"":74820.86400000023,""5"":1370305.228800006,""6"":25164040.642560143,""7"":522290321.86675566,""8"":2663901875917312.5,""9"":5.3704261818492736e+17,""10"":1.2180126580434136e+20,""11"":3.0693918982694054e+22,""12"":8.508354342002837e+24,""13"":2.5729263530216704e+27,""14"":8.428906732499016e+29,""15"":2.973718295225653e+32,""16"":1.1240655155953012e+35}",repeated-shared-ancilla-good-block,True,False,0.0004510685102645453,new,"[1,2,3,4,5,6,11,29]","[-3.280633240950701e-11,1.38314223008236e-06,-0.00042434045620952707,0.013663236344294543,-0.0975962105352182,0.17214651362521294,-0.39147182230350597,1.3036812402160025]",1.9789847466554802,0.021015253344519813,61.0,registered-exact,True,8.0,4.0,2.0,5.0,10.0,6.0,6.0,3.0,2.0,3.0,2.0,one robust OAA round per segment,12844.0,branch register all-zero,,20.0,457143648.0,1361464.0,-1.0,61719838336.0,800465079.0,analytical-model,5.011872336272726e-05,,,,,,,,,,,,0.1.0,3.11.9,2.5.0,b58b31db18364511c43757e27fffc7abce8df2c1,True,ok,,
1.0,heisenberg_chain:N013,-3.4,commutator,28373.0,,,2.0,a8fa234e-a646-4911-8402-a67c302db4ae,2026-08-12T00:11:58.358108+00:00,c1ad72de628f71283ac69037e9bbe97c3e773952f5abde5eac91397ca322d1a6,resource-grid,heisenberg_chain,Heisenberg-13,"{""coupling"":1.0,""field_z"":0.3}",13,13.0,proportional,1.0,0.00039810717055349735,39.89999999999996,49,trotter-p2,trotter,Trotter p=2,analytical,analytical,2.0,,,,,,28373.0,,,,,,,,,,,,,,,,,,,,,,,,,,,,,,individual,49.0,0.0003582763233808984,131.28000000000006,childs-commutator,"Childs, Su, Tran, Wiebe, and Zhu, arXiv:1912.08854",Propositions 9--10,"{""prefactor"":131.28000000000006}",True,implemented-product-formula,True,,"[""the resolved ordered Hamiltonian groups match the implemented formula""]",,,,,,,implemented-product-formula,True,True,0.00035829645349814764,,,,,,,,,,,,,,,,,,,1.0,none,0.0,system register,1.0,13.0,2752181.0,0.0,-1.0,313748634.0,4044022.0,analytical-model,3.9810717055349735e-05,,,,,,,,,,,,0.1.0,3.11.9,2.5.0,b58b31db18364511c43757e27fffc7abce8df2c1,True,ok,,
1.0,heisenberg_chain:N013,-3.4,empirical,8842.0,,,2.0,a8fa234e-a646-4911-8402-a67c302db4ae,2026-08-12T00:11:58.358108+00:00,c1ad72de628f71283ac69037e9bbe97c3e773952f5abde5eac91397ca322d1a6,resource-grid,heisenberg_chain,Heisenberg-13,"{""coupling"":1.0,""field_z"":0.3}",13,13.0,proportional,1.0,0.00039810717055349735,39.89999999999996,49,trotter-p2-empirical,trotter,Trotter p=2 [empirical],empirical-operator-norm,empirical,2.0,,,,,,8842.0,,,,,,,,,,,,,,,,,,,,,,,,,,,,,,individual,49.0,0.0003582407123689695,12.748112989099997,empirical-operator-norm,Repository empirical operator-norm calibration study v1 (2026-08-10),reviewed calibration opnorm-v1-heisenberg-open-trotter-p2; artifact docs/calibration_data/empirical_1d_v1_accepted.json,"{""prefactor"":12.748112989099997}",False,implemented-product-formula,False,,"[""the resolved ordered Hamiltonian groups match the implemented formula"",""the fixed formal-order powers in time and segments apply"",""the reviewed affine size calibration extrapolates as flagged""]",,,,,,,implemented-product-formula,False,False,0.00035829645349814764,,,,,,,,,,,,,,,,,,,1.0,none,0.0,system register,1.0,13.0,857674.0,0.0,-1.0,93486466.0,1260256.0,analytical-model,3.9810717055349735e-05,opnorm-v1-heisenberg-open-trotter-p2,heisenberg_chain,affine-aN-plus-b,12.748112989099997,4.0,12.0,4.0,12.0,True,True,formula,0.1.0,3.11.9,2.5.0,b58b31db18364511c43757e27fffc7abce8df2c1,True,ok,,
1.0,heisenberg_chain:N013,-3.4,commutator,1641.0,,,2.0,a8fa234e-a646-4911-8402-a67c302db4ae,2026-08-12T00:11:58.358108+00:00,c1ad72de628f71283ac69037e9bbe97c3e773952f5abde5eac91397ca322d1a6,resource-grid,heisenberg_chain,Heisenberg-13,"{""coupling"":1.0,""field_z"":0.3}",13,13.0,proportional,1.0,0.00039810717055349735,39.89999999999996,49,trotter-p4,trotter,Trotter p=4,analytical,analytical,4.0,,,,,,1641.0,,,,,,,,,,,,,,,,,,,,,,,,,,,,,,commuting,3.0,0.0003579488772763291,6990.98817037107,schubert-mendl-commutator,"Schubert and Mendl, arXiv:2306.10603",Theorem 1,"{""prefactor"":6990.98817037107}",True,implemented-product-formula,True,,"[""the resolved ordered Hamiltonian groups match the implemented formula""]",,,,,,,implemented-product-formula,True,True,0.00035829645349814764,,,,,,,,,,,,,,,,,,,1.0,none,0.0,system register,1.0,13.0,713835.0,0.0,-1.0,77094180.0,1048901.0,analytical-model,3.9810717055349735e-05,,,,,,,,,,,,0.1.0,3.11.9,2.5.0,b58b31db18364511c43757e27fffc7abce8df2c1,True,ok,,
1.0,heisenberg_chain:N013,-3.4,empirical,235.0,,,2.0,a8fa234e-a646-4911-8402-a67c302db4ae,2026-08-12T00:11:58.358108+00:00,c1ad72de628f71283ac69037e9bbe97c3e773952f5abde5eac91397ca322d1a6,resource-grid,heisenberg_chain,Heisenberg-13,"{""coupling"":1.0,""field_z"":0.3}",13,13.0,proportional,1.0,0.00039810717055349735,39.89999999999996,49,trotter-p4-empirical,trotter,Trotter p=4 [empirical],empirical-operator-norm,empirical,4.0,,,,,,235.0,,,,,,,,,,,,,,,,,,,,,,,,,,,,,,commuting,3.0,0.0003525750864400069,2.8960516869,empirical-operator-norm,Repository empirical operator-norm calibration study v1 (2026-08-10),reviewed calibration opnorm-v1-heisenberg-open-trotter-p4; artifact docs/calibration_data/empirical_1d_v1_accepted.json,"{""prefactor"":2.8960516869}",False,implemented-product-formula,False,,"[""the resolved ordered Hamiltonian groups match the implemented formula"",""the fixed formal-order powers in time and segments apply"",""the reviewed affine size calibration extrapolates as flagged""]",,,,,,,implemented-product-formula,False,False,0.00035829645349814764,,,,,,,,,,,,,,,,,,,1.0,none,0.0,system register,1.0,13.0,102225.0,0.0,-1.0,10120275.0,150209.0,analytical-model,3.9810717055349735e-05,opnorm-v1-heisenberg-open-trotter-p4,heisenberg_chain,affine-aN-plus-b,2.8960516869,4.0,12.0,4.0,12.0,True,True,formula,0.1.0,3.11.9,2.5.0,b58b31db18364511c43757e27fffc7abce8df2c1,True,ok,,
1.0,heisenberg_chain:N013,-3.4,commutator,868.0,,,2.0,a8fa234e-a646-4911-8402-a67c302db4ae,2026-08-12T00:11:58.358108+00:00,c1ad72de628f71283ac69037e9bbe97c3e773952f5abde5eac91397ca322d1a6,resource-grid,heisenberg_chain,Heisenberg-13,"{""coupling"":1.0,""field_z"":0.3}",13,13.0,proportional,1.0,0.00039810717055349735,39.89999999999996,49,trotter-p6,trotter,Trotter p=6,analytical,analytical,6.0,,,,,,868.0,,,,,,,,,,,,,,,,,,,,,,,,,,,,,,commuting,3.0,0.00035652229996128407,2429973.763029318,schubert-mendl-commutator,"Schubert and Mendl, arXiv:2306.10603",Theorem 1,"{""prefactor"":2429973.763029318}",True,implemented-product-formula,True,,"[""the resolved ordered Hamiltonian groups match the implemented formula""]",,,,,,,implemented-product-formula,True,True,0.00035829645349814764,,,,,,,,,,,,,,,,,,,1.0,none,0.0,system register,1.0,13.0,1887900.0,0.0,-1.0,211444800.0,2774058.0,analytical-model,3.9810717055349735e-05,,,,,,,,,,,,0.1.0,3.11.9,2.5.0,b58b31db18364511c43757e27fffc7abce8df2c1,True,ok,,
1.0,heisenberg_chain:N013,-3.4,empirical,78.0,,,2.0,a8fa234e-a646-4911-8402-a67c302db4ae,2026-08-12T00:11:58.358108+00:00,c1ad72de628f71283ac69037e9bbe97c3e773952f5abde5eac91397ca322d1a6,resource-grid,heisenberg_chain,Heisenberg-13,"{""coupling"":1.0,""field_z"":0.3}",13,13.0,proportional,1.0,0.00039810717055349735,39.89999999999996,49,trotter-p6-empirical,trotter,Trotter p=6 [empirical],empirical-operator-norm,empirical,6.0,,,,,,78.0,,,,,,,,,,,,,,,,,,,,,,,,,,,,,,commuting,3.0,1.1732955902777759e-05,0.0421086762,empirical-operator-norm,Repository empirical operator-norm calibration study v1 (2026-08-10),reviewed calibration opnorm-v1-heisenberg-open-trotter-p6; artifact docs/calibration_data/empirical_1d_v1_accepted.json,"{""prefactor"":0.0421086762}",False,implemented-product-formula,False,,"[""the resolved ordered Hamiltonian groups match the implemented formula"",""the fixed formal-order powers in time and segments apply"",""the reviewed affine size calibration extrapolates as flagged""]",,,,,,,implemented-product-formula,False,False,0.00035829645349814764,,,,,,,,,,,,,,,,,,,1.0,none,0.0,system register,1.0,13.0,169650.0,0.0,-1.0,17134650.0,249282.0,analytical-model,3.9810717055349735e-05,opnorm-v1-heisenberg-open-trotter-p6,heisenberg_chain,affine-aN-plus-b,0.0421086762,4.0,12.0,4.0,12.0,True,True,asymptotic-domain,0.1.0,3.11.9,2.5.0,b58b31db18364511c43757e27fffc7abce8df2c1,True,ok,,
1.0,heisenberg_chain:N013,-3.4,jacobi-anger,,,,2.0,a8fa234e-a646-4911-8402-a67c302db4ae,2026-08-12T00:11:58.358108+00:00,c1ad72de628f71283ac69037e9bbe97c3e773952f5abde5eac91397ca322d1a6,resource-grid,heisenberg_chain,Heisenberg-13,"{""coupling"":1.0,""field_z"":0.3}",13,13.0,proportional,1.0,0.00039810717055349735,39.89999999999996,49,qsvt,qsvt,QSVT,jacobi-anger-rigorous,analytical,,,,,,,,,,,,,,,,,,,,,,,,,,,,,,,,,,,4275.0,713.0,,,5.228357654540964e-05,,jacobi-anger-polynomial-oaa,"Martyn et al., arXiv:2105.02859, Eqs. (76)--(77)",Jacobi--Anger tails plus exact cubic OAA identity,"{""oaa-unitarity-defect-distortion"":2.614230080189396e-05,""scaled-polynomial-error"":2.614127574351568e-05}",True,ideal-qsvt-oaa-good-block,True,,"[""the cosine and sine polynomials are implemented exactly"",""the unamplified good block is exactly Q/2""]",,,,,,,implemented-qsvt-floating-phase-circuit,False,False,0.00035829645349814764,,,,,,,,,,,,,,,,,,,2.0,one robust OAA round,1.0,"component, quadrature, and index registers all-zero",,27.0,547212.0,1316798.0,-1.0,63818876.0,8794263.0,analytical-model,3.9810717055349735e-05,,,,,,,,,,,,0.1.0,3.11.9,2.5.0,b58b31db18364511c43757e27fffc7abce8df2c1,True,ok,,
1.0,heisenberg_chain:N013,-3.4,empirical,,8.0,13.0,2.0,a8fa234e-a646-4911-8402-a67c302db4ae,2026-08-12T00:11:58.358108+00:00,c1ad72de628f71283ac69037e9bbe97c3e773952f5abde5eac91397ca322d1a6,resource-grid,heisenberg_chain,Heisenberg-13,"{""coupling"":1.0,""field_z"":0.3}",13,13.0,proportional,1.0,0.00039810717055349735,39.89999999999996,49,mpf-j-mizuta2026-theorem6-empirical-operator-norm,multiproduct,MPF J=Mizuta Theorem 6 (resolved per point) [empirical operator norm],empirical-operator-norm,empirical,,8.0,16.0,mizuta2026-theorem6,6.300000000000004,0.00035829645349814764,13.0,,,,[],,,,,,,,,,,,,,,[],,,,,,,empirical-operator-norm,[],2379.0,,,,3.788238999999994e-07,2.91403e-08,empirical-operator-norm,Repository empirical operator-norm calibration study v1 (2026-08-10),reviewed calibration opnorm-v1-heisenberg-open-mpf-new-m8; fixed formal powers,"{""empirical_coefficient"":2.91403e-08}",False,ideal-mpf,False,ordered individual Pauli terms,"[""the fixed formal-order powers in time and segments apply"",""the empirical estimate concerns the repeated ideal MPF operator"",""the reviewed affine size calibration extrapolates as flagged""]",,0.0,0.0,False,False,{},repeated-shared-ancilla-good-block,False,False,0.00035829645349814764,new,"[1,2,3,4,5,6,11,29]","[-3.280633240950701e-11,1.38314223008236e-06,-0.00042434045620952707,0.013663236344294543,-0.0975962105352182,0.17214651362521294,-0.39147182230350597,1.3036812402160025]",1.9789847466554802,0.021015253344519813,61.0,registered-exact,True,8.0,4.0,2.0,5.0,10.0,6.0,6.0,3.0,2.0,3.0,2.0,one robust OAA round per segment,13.0,branch register all-zero,,20.0,462696.0,1378.0,-1.0,49051288.0,810188.0,analytical-model,3.9810717055349735e-05,opnorm-v1-heisenberg-open-mpf-new-m8,heisenberg_chain,affine-aN-plus-b,2.91403e-08,4.0,8.0,4.0,12.0,True,True,asymptotic-domain,0.1.0,3.11.9,2.5.0,b58b31db18364511c43757e27fffc7abce8df2c1,True,ok,,
1.0,heisenberg_chain:N013,-3.4,commutator,,8.0,13030.0,2.0,a8fa234e-a646-4911-8402-a67c302db4ae,2026-08-12T00:11:58.358108+00:00,c1ad72de628f71283ac69037e9bbe97c3e773952f5abde5eac91397ca322d1a6,resource-grid,heisenberg_chain,Heisenberg-13,"{""coupling"":1.0,""field_z"":0.3}",13,13.0,proportional,1.0,0.00039810717055349735,39.89999999999996,49,mpf-j-mizuta2026-theorem6-mizuta2026-commutator-ideal-rigorous,multiproduct,MPF J=Mizuta Theorem 6 (resolved per point) [Mizuta 2026 refined commutator],mizuta2026-commutator-ideal-rigorous,analytical,,8.0,16.0,mizuta2026-theorem6,6.300000000000004,0.00035829645349814764,13030.0,13030.0,,8381.0,"[""error""]",161.16718521011452,16.0,,,2.7467180977842712e-08,1.3539276514466596e-25,6.724175361815042e-37,1.3539276514399352e-25,1.3539276514466596e-25,2.7467180977842715e-08,0.00035802547175606833,1.5434979032695905e-05,False,0.001551184254251718,"[1.0000000000000002,1.0000000000000002,1.0000000000000002,1.0000000000000002,1.0000000000000002,1.0000000000000002,1.0000000000000002,1.0000000000000002,1.0000000000000002,1.0000000000000002,1.0000000000000002,1.0000000000000002,1.0000000000000002,1.0000000000000002,1.0000000000000002,1.0000000000000002,1.0000000000000002,1.0000000000000002,1.0000000000000002,1.0000000000000002,1.0000000000000002,1.0000000000000002,1.0000000000000002,1.0000000000000002,1.0000000000000002,1.0000000000000002,1.0000000000000002,1.0000000000000002,1.0000000000000002,1.0000000000000002,1.0000000000000002,1.0000000000000002,1.0000000000000002,1.0000000000000002,1.0000000000000002,1.0000000000000002,1.0000000000000002,1.0000000000000002,1.0000000000000002,1.0000000000000002,1.0000000000000002,1.0000000000000002,1.0000000000000002,1.0000000000000002,1.0000000000000002,1.0000000000000002,1.0000000000000002,1.0000000000000002,1.0000000000000002]",6.300000000000007,7.0,True,exact commutator transition cap reached; locality bound used,not-used,commutator,mizuta2026-commutator-ideal-rigorous,[],2384490.0,,,,0.00035802547175606833,2.856486441071409e+43,mizuta2026-commutator-ideal-rigorous,"Mizuta, Quantum 10, 1974 (2026), arXiv:2507.06557v4","Theorem 4, Eqs. (47)--(49), with direct Lemmas 9--10 BCH remainder","{""error_predicate_satisfied"":1.0,""extensiveness_g"":6.300000000000004,""joint_predicate_satisfied"":1.0,""legacy_first_condition_passed"":0.0,""legacy_first_time_limit"":1.5434979032695905e-05,""local_commutator_error"":2.7467180977842712e-08,""local_step_error"":2.7467180977842715e-08,""local_truncated_bch_error"":1.3539276514466596e-25,""locality_k"":2.0,""mu_upper"":161.16718521011452,""refined_lemma10_remainder"":1.3539276514399352e-25,""refined_lemma9_remainder"":6.724175361815042e-37,""refined_tail_fallback"":0.0,""repeated_global_error"":0.00035802547175606833,""schedule_weighted_extensiveness"":6.300000000000007,""second_time_limit"":0.001551184254251718,""time_2_predicate_satisfied"":1.0,""total_branchwise_bch_remainder"":1.3539276514466596e-25,""truncation_order_p0"":16.0}",True,ideal-mpf,True,ordered individual Pauli terms,"[""individual Pauli summands define the ordered H_gamma decomposition"",""the actual Strang factors define schedule-weighted g_alpha extensiveness"",""Lemma 9 and Lemma 10 positive majorants directly certify the BCH remainder"",""the scalar-flow/Cauchy refined tail certificate is used"",""Theorem 4 second time hypothesis is satisfied"",""the repeated ideal MPF is composed with the Eq. (15) telescoping argument""]","exact Pauli recurrence would require 466284 transitions at order 8, above cap 250000; remaining orders use Mizuta 2026 Eq. (8)",16.0,7.0,True,True,"{""2"":321.6000000000004,""3"":5070.720000000011,""4"":74820.86400000023,""5"":1370305.228800006,""6"":25164040.642560143,""7"":522290321.86675566,""8"":2663901875917312.5,""9"":5.3704261818492736e+17,""10"":1.2180126580434136e+20,""11"":3.0693918982694054e+22,""12"":8.508354342002837e+24,""13"":2.5729263530216704e+27,""14"":8.428906732499016e+29,""15"":2.973718295225653e+32,""16"":1.1240655155953012e+35}",repeated-shared-ancilla-good-block,True,False,0.00035829645349814764,new,"[1,2,3,4,5,6,11,29]","[-3.280633240950701e-11,1.38314223008236e-06,-0.00042434045620952707,0.013663236344294543,-0.0975962105352182,0.17214651362521294,-0.39147182230350597,1.3036812402160025]",1.9789847466554802,0.021015253344519813,61.0,registered-exact,True,8.0,4.0,2.0,5.0,10.0,6.0,6.0,3.0,2.0,3.0,2.0,one robust OAA round per segment,13030.0,branch register all-zero,,20.0,463763760.0,1381180.0,-1.0,63077396080.0,812056990.0,analytical-model,3.9810717055349735e-05,,,,,,,,,,,,0.1.0,3.11.9,2.5.0,b58b31db18364511c43757e27fffc7abce8df2c1,True,ok,,
1.0,heisenberg_chain:N013,-3.5,commutator,31835.0,,,2.0,a8fa234e-a646-4911-8402-a67c302db4ae,2026-08-12T00:11:58.358108+00:00,c1ad72de628f71283ac69037e9bbe97c3e773952f5abde5eac91397ca322d1a6,resource-grid,heisenberg_chain,Heisenberg-13,"{""coupling"":1.0,""field_z"":0.3}",13,13.0,proportional,1.0,0.00031622776601683794,39.89999999999996,49,trotter-p2,trotter,Trotter p=2,analytical,analytical,2.0,,,,,,31835.0,,,,,,,,,,,,,,,,,,,,,,,,,,,,,,individual,49.0,0.00028458952878323245,131.28000000000006,childs-commutator,"Childs, Su, Tran, Wiebe, and Zhu, arXiv:1912.08854",Propositions 9--10,"{""prefactor"":131.28000000000006}",True,implemented-product-formula,True,,"[""the resolved ordered Hamiltonian groups match the implemented formula""]",,,,,,,implemented-product-formula,True,True,0.0002846049894151542,,,,,,,,,,,,,,,,,,,1.0,none,0.0,system register,1.0,13.0,3087995.0,0.0,-1.0,355119425.0,4537463.0,analytical-model,3.1622776601683795e-05,,,,,,,,,,,,0.1.0,3.11.9,2.5.0,b58b31db18364511c43757e27fffc7abce8df2c1,True,ok,,
1.0,heisenberg_chain:N013,-3.5,empirical,9921.0,,,2.0,a8fa234e-a646-4911-8402-a67c302db4ae,2026-08-12T00:11:58.358108+00:00,c1ad72de628f71283ac69037e9bbe97c3e773952f5abde5eac91397ca322d1a6,resource-grid,heisenberg_chain,Heisenberg-13,"{""coupling"":1.0,""field_z"":0.3}",13,13.0,proportional,1.0,0.00031622776601683794,39.89999999999996,49,trotter-p2-empirical,trotter,Trotter p=2 [empirical],empirical-operator-norm,empirical,2.0,,,,,,9921.0,,,,,,,,,,,,,,,,,,,,,,,,,,,,,,individual,49.0,0.00028455424033772353,12.748112989099997,empirical-operator-norm,Repository empirical operator-norm calibration study v1 (2026-08-10),reviewed calibration opnorm-v1-heisenberg-open-trotter-p2; artifact docs/calibration_data/empirical_1d_v1_accepted.json,"{""prefactor"":12.748112989099997}",False,implemented-product-formula,False,,"[""the resolved ordered Hamiltonian groups match the implemented formula"",""the fixed formal-order powers in time and segments apply"",""the reviewed affine size calibration extrapolates as flagged""]",,,,,,,implemented-product-formula,False,False,0.0002846049894151542,,,,,,,,,,,,,,,,,,,1.0,none,0.0,system register,1.0,13.0,962337.0,0.0,-1.0,105857070.0,1414047.0,analytical-model,3.1622776601683795e-05,opnorm-v1-heisenberg-open-trotter-p2,heisenberg_chain,affine-aN-plus-b,12.748112989099997,4.0,12.0,4.0,12.0,True,True,formula,0.1.0,3.11.9,2.5.0,b58b31db18364511c43757e27fffc7abce8df2c1,True,ok,,
1.0,heisenberg_chain:N013,-3.5,commutator,1738.0,,,2.0,a8fa234e-a646-4911-8402-a67c302db4ae,2026-08-12T00:11:58.358108+00:00,c1ad72de628f71283ac69037e9bbe97c3e773952f5abde5eac91397ca322d1a6,resource-grid,heisenberg_chain,Heisenberg-13,"{""coupling"":1.0,""field_z"":0.3}",13,13.0,proportional,1.0,0.00031622776601683794,39.89999999999996,49,trotter-p4,trotter,Trotter p=4,analytical,analytical,4.0,,,,,,1738.0,,,,,,,,,,,,,,,,,,,,,,,,,,,,,,commuting,3.0,0.0002844829483753995,6990.98817037107,schubert-mendl-commutator,"Schubert and Mendl, arXiv:2306.10603",Theorem 1,"{""prefactor"":6990.98817037107}",True,implemented-product-formula,True,,"[""the resolved ordered Hamiltonian groups match the implemented formula""]",,,,,,,implemented-product-formula,True,True,0.0002846049894151542,,,,,,,,,,,,,,,,,,,1.0,none,0.0,system register,1.0,13.0,756030.0,0.0,-1.0,82407270.0,1110902.0,analytical-model,3.1622776601683795e-05,,,,,,,,,,,,0.1.0,3.11.9,2.5.0,b58b31db18364511c43757e27fffc7abce8df2c1,True,ok,,
1.0,heisenberg_chain:N013,-3.5,empirical,248.0,,,2.0,a8fa234e-a646-4911-8402-a67c302db4ae,2026-08-12T00:11:58.358108+00:00,c1ad72de628f71283ac69037e9bbe97c3e773952f5abde5eac91397ca322d1a6,resource-grid,heisenberg_chain,Heisenberg-13,"{""coupling"":1.0,""field_z"":0.3}",13,13.0,proportional,1.0,0.00031622776601683794,39.89999999999996,49,trotter-p4-empirical,trotter,Trotter p=4 [empirical],empirical-operator-norm,empirical,4.0,,,,,,248.0,,,,,,,,,,,,,,,,,,,,,,,,,,,,,,commuting,3.0,0.0002842603895364776,2.8960516869,empirical-operator-norm,Repository empirical operator-norm calibration study v1 (2026-08-10),reviewed calibration opnorm-v1-heisenberg-open-trotter-p4; artifact docs/calibration_data/empirical_1d_v1_accepted.json,"{""prefactor"":2.8960516869}",False,implemented-product-formula,False,,"[""the resolved ordered Hamiltonian groups match the implemented formula"",""the fixed formal-order powers in time and segments apply"",""the reviewed affine size calibration extrapolates as flagged""]",,,,,,,implemented-product-formula,False,False,0.0002846049894151542,,,,,,,,,,,,,,,,,,,1.0,none,0.0,system register,1.0,13.0,107880.0,0.0,-1.0,10788000.0,158518.0,analytical-model,3.1622776601683795e-05,opnorm-v1-heisenberg-open-trotter-p4,heisenberg_chain,affine-aN-plus-b,2.8960516869,4.0,12.0,4.0,12.0,True,True,formula,0.1.0,3.11.9,2.5.0,b58b31db18364511c43757e27fffc7abce8df2c1,True,ok,,
1.0,heisenberg_chain:N013,-3.5,commutator,902.0,,,2.0,a8fa234e-a646-4911-8402-a67c302db4ae,2026-08-12T00:11:58.358108+00:00,c1ad72de628f71283ac69037e9bbe97c3e773952f5abde5eac91397ca322d1a6,resource-grid,heisenberg_chain,Heisenberg-13,"{""coupling"":1.0,""field_z"":0.3}",13,13.0,proportional,1.0,0.00031622776601683794,39.89999999999996,49,trotter-p6,trotter,Trotter p=6,analytical,analytical,6.0,,,,,,902.0,,,,,,,,,,,,,,,,,,,,,,,,,,,,,,commuting,3.0,0.00028311692021849193,2429973.763029318,schubert-mendl-commutator,"Schubert and Mendl, arXiv:2306.10603",Theorem 1,"{""prefactor"":2429973.763029318}",True,implemented-product-formula,True,,"[""the resolved ordered Hamiltonian groups match the implemented formula""]",,,,,,,implemented-product-formula,True,True,0.0002846049894151542,,,,,,,,,,,,,,,,,,,1.0,none,0.0,system register,1.0,13.0,1961850.0,0.0,-1.0,221689050.0,2882719.0,analytical-model,3.1622776601683795e-05,,,,,,,,,,,,0.1.0,3.11.9,2.5.0,b58b31db18364511c43757e27fffc7abce8df2c1,True,ok,,
1.0,heisenberg_chain:N013,-3.5,empirical,78.0,,,2.0,a8fa234e-a646-4911-8402-a67c302db4ae,2026-08-12T00:11:58.358108+00:00,c1ad72de628f71283ac69037e9bbe97c3e773952f5abde5eac91397ca322d1a6,resource-grid,heisenberg_chain,Heisenberg-13,"{""coupling"":1.0,""field_z"":0.3}",13,13.0,proportional,1.0,0.00031622776601683794,39.89999999999996,49,trotter-p6-empirical,trotter,Trotter p=6 [empirical],empirical-operator-norm,empirical,6.0,,,,,,78.0,,,,,,,,,,,,,,,,,,,,,,,,,,,,,,commuting,3.0,1.1732955902777759e-05,0.0421086762,empirical-operator-norm,Repository empirical operator-norm calibration study v1 (2026-08-10),reviewed calibration opnorm-v1-heisenberg-open-trotter-p6; artifact docs/calibration_data/empirical_1d_v1_accepted.json,"{""prefactor"":0.0421086762}",False,implemented-product-formula,False,,"[""the resolved ordered Hamiltonian groups match the implemented formula"",""the fixed formal-order powers in time and segments apply"",""the reviewed affine size calibration extrapolates as flagged""]",,,,,,,implemented-product-formula,False,False,0.0002846049894151542,,,,,,,,,,,,,,,,,,,1.0,none,0.0,system register,1.0,13.0,169650.0,0.0,-1.0,17304300.0,249282.0,analytical-model,3.1622776601683795e-05,opnorm-v1-heisenberg-open-trotter-p6,heisenberg_chain,affine-aN-plus-b,0.0421086762,4.0,12.0,4.0,12.0,True,True,asymptotic-domain,0.1.0,3.11.9,2.5.0,b58b31db18364511c43757e27fffc7abce8df2c1,True,ok,,
1.0,heisenberg_chain:N013,-3.5,jacobi-anger,,,,2.0,a8fa234e-a646-4911-8402-a67c302db4ae,2026-08-12T00:11:58.358108+00:00,c1ad72de628f71283ac69037e9bbe97c3e773952f5abde5eac91397ca322d1a6,resource-grid,heisenberg_chain,Heisenberg-13,"{""coupling"":1.0,""field_z"":0.3}",13,13.0,proportional,1.0,0.00031622776601683794,39.89999999999996,49,qsvt,qsvt,QSVT,jacobi-anger-rigorous,analytical,,,,,,,,,,,,,,,,,,,,,,,,,,,,,,,,,,,4275.0,713.0,,,4.409539122628221e-05,,jacobi-anger-polynomial-oaa,"Martyn et al., arXiv:2105.02859, Eqs. (76)--(77)",Jacobi--Anger tails plus exact cubic OAA identity,"{""oaa-unitarity-defect-distortion"":2.204806017942504e-05,""scaled-polynomial-error"":2.2047331046857168e-05}",True,ideal-qsvt-oaa-good-block,True,,"[""the cosine and sine polynomials are implemented exactly"",""the unamplified good block is exactly Q/2""]",,,,,,,implemented-qsvt-floating-phase-circuit,False,False,0.0002846049894151542,,,,,,,,,,,,,,,,,,,2.0,one robust OAA round,1.0,"component, quadrature, and index registers all-zero",,27.0,547212.0,1316798.0,-1.0,64366088.0,8794263.0,analytical-model,3.1622776601683795e-05,,,,,,,,,,,,0.1.0,3.11.9,2.5.0,b58b31db18364511c43757e27fffc7abce8df2c1,True,ok,,
1.0,heisenberg_chain:N013,-3.5,empirical,,8.0,13.0,2.0,a8fa234e-a646-4911-8402-a67c302db4ae,2026-08-12T00:11:58.358108+00:00,c1ad72de628f71283ac69037e9bbe97c3e773952f5abde5eac91397ca322d1a6,resource-grid,heisenberg_chain,Heisenberg-13,"{""coupling"":1.0,""field_z"":0.3}",13,13.0,proportional,1.0,0.00031622776601683794,39.89999999999996,49,mpf-j-mizuta2026-theorem6-empirical-operator-norm,multiproduct,MPF J=Mizuta Theorem 6 (resolved per point) [empirical operator norm],empirical-operator-norm,empirical,,8.0,16.0,mizuta2026-theorem6,6.300000000000004,0.0002846049894151542,13.0,,,,[],,,,,,,,,,,,,,,[],,,,,,,empirical-operator-norm,[],2379.0,,,,3.788238999999994e-07,2.91403e-08,empirical-operator-norm,Repository empirical operator-norm calibration study v1 (2026-08-10),reviewed calibration opnorm-v1-heisenberg-open-mpf-new-m8; fixed formal powers,"{""empirical_coefficient"":2.91403e-08}",False,ideal-mpf,False,ordered individual Pauli terms,"[""the fixed formal-order powers in time and segments apply"",""the empirical estimate concerns the repeated ideal MPF operator"",""the reviewed affine size calibration extrapolates as flagged""]",,0.0,0.0,False,False,{},repeated-shared-ancilla-good-block,False,False,0.0002846049894151542,new,"[1,2,3,4,5,6,11,29]","[-3.280633240950701e-11,1.38314223008236e-06,-0.00042434045620952707,0.013663236344294543,-0.0975962105352182,0.17214651362521294,-0.39147182230350597,1.3036812402160025]",1.9789847466554802,0.021015253344519813,61.0,registered-exact,True,8.0,4.0,2.0,5.0,10.0,6.0,6.0,3.0,2.0,3.0,2.0,one robust OAA round per segment,13.0,branch register all-zero,,20.0,462696.0,1378.0,-1.0,49513984.0,810188.0,analytical-model,3.1622776601683795e-05,opnorm-v1-heisenberg-open-mpf-new-m8,heisenberg_chain,affine-aN-plus-b,2.91403e-08,4.0,8.0,4.0,12.0,True,True,asymptotic-domain,0.1.0,3.11.9,2.5.0,b58b31db18364511c43757e27fffc7abce8df2c1,True,ok,,
1.0,heisenberg_chain:N013,-3.5,commutator,,8.0,13219.0,2.0,a8fa234e-a646-4911-8402-a67c302db4ae,2026-08-12T00:11:58.358108+00:00,c1ad72de628f71283ac69037e9bbe97c3e773952f5abde5eac91397ca322d1a6,resource-grid,heisenberg_chain,Heisenberg-13,"{""coupling"":1.0,""field_z"":0.3}",13,13.0,proportional,1.0,0.00031622776601683794,39.89999999999996,49,mpf-j-mizuta2026-theorem6-mizuta2026-commutator-ideal-rigorous,multiproduct,MPF J=Mizuta Theorem 6 (resolved per point) [Mizuta 2026 refined commutator],mizuta2026-commutator-ideal-rigorous,analytical,,8.0,16.0,mizuta2026-theorem6,6.300000000000004,0.0002846049894151542,13219.0,13219.0,,8381.0,"[""error""]",161.16718521011452,16.0,,,2.1502695861171932e-08,1.0582544143079547e-25,5.262544049970006e-37,1.0582544143026918e-25,1.0582544143079547e-25,2.1502695861171935e-08,0.0002843249366871976,1.5434979032695905e-05,False,0.001551184254251718,"[1.0000000000000002,1.0000000000000002,1.0000000000000002,1.0000000000000002,1.0000000000000002,1.0000000000000002,1.0000000000000002,1.0000000000000002,1.0000000000000002,1.0000000000000002,1.0000000000000002,1.0000000000000002,1.0000000000000002,1.0000000000000002,1.0000000000000002,1.0000000000000002,1.0000000000000002,1.0000000000000002,1.0000000000000002,1.0000000000000002,1.0000000000000002,1.0000000000000002,1.0000000000000002,1.0000000000000002,1.0000000000000002,1.0000000000000002,1.0000000000000002,1.0000000000000002,1.0000000000000002,1.0000000000000002,1.0000000000000002,1.0000000000000002,1.0000000000000002,1.0000000000000002,1.0000000000000002,1.0000000000000002,1.0000000000000002,1.0000000000000002,1.0000000000000002,1.0000000000000002,1.0000000000000002,1.0000000000000002,1.0000000000000002,1.0000000000000002,1.0000000000000002,1.0000000000000002,1.0000000000000002,1.0000000000000002,1.0000000000000002]",6.300000000000007,7.0,True,exact commutator transition cap reached; locality bound used,not-used,commutator,mizuta2026-commutator-ideal-rigorous,[],2419077.0,,,,0.0002843249366871976,2.856486441071409e+43,mizuta2026-commutator-ideal-rigorous,"Mizuta, Quantum 10, 1974 (2026), arXiv:2507.06557v4","Theorem 4, Eqs. (47)--(49), with direct Lemmas 9--10 BCH remainder","{""error_predicate_satisfied"":1.0,""extensiveness_g"":6.300000000000004,""joint_predicate_satisfied"":1.0,""legacy_first_condition_passed"":0.0,""legacy_first_time_limit"":1.5434979032695905e-05,""local_commutator_error"":2.1502695861171932e-08,""local_step_error"":2.1502695861171935e-08,""local_truncated_bch_error"":1.0582544143079547e-25,""locality_k"":2.0,""mu_upper"":161.16718521011452,""refined_lemma10_remainder"":1.0582544143026918e-25,""refined_lemma9_remainder"":5.262544049970006e-37,""refined_tail_fallback"":0.0,""repeated_global_error"":0.0002843249366871976,""schedule_weighted_extensiveness"":6.300000000000007,""second_time_limit"":0.001551184254251718,""time_2_predicate_satisfied"":1.0,""total_branchwise_bch_remainder"":1.0582544143079547e-25,""truncation_order_p0"":16.0}",True,ideal-mpf,True,ordered individual Pauli terms,"[""individual Pauli summands define the ordered H_gamma decomposition"",""the actual Strang factors define schedule-weighted g_alpha extensiveness"",""Lemma 9 and Lemma 10 positive majorants directly certify the BCH remainder"",""the scalar-flow/Cauchy refined tail certificate is used"",""Theorem 4 second time hypothesis is satisfied"",""the repeated ideal MPF is composed with the Eq. (15) telescoping argument""]","exact Pauli recurrence would require 466284 transitions at order 8, above cap 250000; remaining orders use Mizuta 2026 Eq. (8)",16.0,7.0,True,True,"{""2"":321.6000000000004,""3"":5070.720000000011,""4"":74820.86400000023,""5"":1370305.228800006,""6"":25164040.642560143,""7"":522290321.86675566,""8"":2663901875917312.5,""9"":5.3704261818492736e+17,""10"":1.2180126580434136e+20,""11"":3.0693918982694054e+22,""12"":8.508354342002837e+24,""13"":2.5729263530216704e+27,""14"":8.428906732499016e+29,""15"":2.973718295225653e+32,""16"":1.1240655155953012e+35}",repeated-shared-ancilla-good-block,True,False,0.0002846049894151542,new,"[1,2,3,4,5,6,11,29]","[-3.280633240950701e-11,1.38314223008236e-06,-0.00042434045620952707,0.013663236344294543,-0.0975962105352182,0.17214651362521294,-0.39147182230350597,1.3036812402160025]",1.9789847466554802,0.021015253344519813,61.0,registered-exact,True,8.0,4.0,2.0,5.0,10.0,6.0,6.0,3.0,2.0,3.0,2.0,one robust OAA round per segment,13219.0,branch register all-zero,,20.0,470490648.0,1401214.0,-1.0,64462823632.0,823835867.0,analytical-model,3.1622776601683795e-05,,,,,,,,,,,,0.1.0,3.11.9,2.5.0,b58b31db18364511c43757e27fffc7abce8df2c1,True,ok,,
1.0,heisenberg_chain:N013,-3.6,commutator,35719.0,,,2.0,a8fa234e-a646-4911-8402-a67c302db4ae,2026-08-12T00:11:58.358108+00:00,c1ad72de628f71283ac69037e9bbe97c3e773952f5abde5eac91397ca322d1a6,resource-grid,heisenberg_chain,Heisenberg-13,"{""coupling"":1.0,""field_z"":0.3}",13,13.0,proportional,1.0,0.00025118864315095795,39.89999999999996,49,trotter-p2,trotter,Trotter p=2,analytical,analytical,2.0,,,,,,35719.0,,,,,,,,,,,,,,,,,,,,,,,,,,,,,,individual,49.0,0.0002260632887928321,131.28000000000006,childs-commutator,"Childs, Su, Tran, Wiebe, and Zhu, arXiv:1912.08854",Propositions 9--10,"{""prefactor"":131.28000000000006}",True,implemented-product-formula,True,,"[""the resolved ordered Hamiltonian groups match the implemented formula""]",,,,,,,implemented-product-formula,True,True,0.00022606977883586217,,,,,,,,,,,,,,,,,,,1.0,none,0.0,system register,1.0,13.0,3464743.0,0.0,-1.0,405374931.0,5091051.0,analytical-model,2.5118864315095798e-05,,,,,,,,,,,,0.1.0,3.11.9,2.5.0,b58b31db18364511c43757e27fffc7abce8df2c1,True,ok,,
1.0,heisenberg_chain:N013,-3.6,empirical,11131.0,,,2.0,a8fa234e-a646-4911-8402-a67c302db4ae,2026-08-12T00:11:58.358108+00:00,c1ad72de628f71283ac69037e9bbe97c3e773952f5abde5eac91397ca322d1a6,resource-grid,heisenberg_chain,Heisenberg-13,"{""coupling"":1.0,""field_z"":0.3}",13,13.0,proportional,1.0,0.00025118864315095795,39.89999999999996,49,trotter-p2-empirical,trotter,Trotter p=2 [empirical],empirical-operator-norm,empirical,2.0,,,,,,11131.0,,,,,,,,,,,,,,,,,,,,,,,,,,,,,,individual,49.0,0.00022605160528127154,12.748112989099997,empirical-operator-norm,Repository empirical operator-norm calibration study v1 (2026-08-10),reviewed calibration opnorm-v1-heisenberg-open-trotter-p2; artifact docs/calibration_data/empirical_1d_v1_accepted.json,"{""prefactor"":12.748112989099997}",False,implemented-product-formula,False,,"[""the resolved ordered Hamiltonian groups match the implemented formula"",""the fixed formal-order powers in time and segments apply"",""the reviewed affine size calibration extrapolates as flagged""]",,,,,,,implemented-product-formula,False,False,0.00022606977883586217,,,,,,,,,,,,,,,,,,,1.0,none,0.0,system register,1.0,13.0,1079707.0,0.0,-1.0,120927184.0,1586509.0,analytical-model,2.5118864315095798e-05,opnorm-v1-heisenberg-open-trotter-p2,heisenberg_chain,affine-aN-plus-b,12.748112989099997,4.0,12.0,4.0,12.0,True,True,formula,0.1.0,3.11.9,2.5.0,b58b31db18364511c43757e27fffc7abce8df2c1,True,ok,,
1.0,heisenberg_chain:N013,-3.6,commutator,1841.0,,,2.0,a8fa234e-a646-4911-8402-a67c302db4ae,2026-08-12T00:11:58.358108+00:00,c1ad72de628f71283ac69037e9bbe97c3e773952f5abde5eac91397ca322d1a6,resource-grid,heisenberg_chain,Heisenberg-13,"{""coupling"":1.0,""field_z"":0.3}",13,13.0,proportional,1.0,0.00025118864315095795,39.89999999999996,49,trotter-p4,trotter,Trotter p=4,analytical,analytical,4.0,,,,,,1841.0,,,,,,,,,,,,,,,,,,,,,,,,,,,,,,commuting,3.0,0.00022596447908464898,6990.98817037107,schubert-mendl-commutator,"Schubert and Mendl, arXiv:2306.10603",Theorem 1,"{""prefactor"":6990.98817037107}",True,implemented-product-formula,True,,"[""the resolved ordered Hamiltonian groups match the implemented formula""]",,,,,,,implemented-product-formula,True,True,0.00022606977883586217,,,,,,,,,,,,,,,,,,,1.0,none,0.0,system register,1.0,13.0,800835.0,0.0,-1.0,88091850.0,1176738.0,analytical-model,2.5118864315095798e-05,,,,,,,,,,,,0.1.0,3.11.9,2.5.0,b58b31db18364511c43757e27fffc7abce8df2c1,True,ok,,
1.0,heisenberg_chain:N013,-3.6,empirical,263.0,,,2.0,a8fa234e-a646-4911-8402-a67c302db4ae,2026-08-12T00:11:58.358108+00:00,c1ad72de628f71283ac69037e9bbe97c3e773952f5abde5eac91397ca322d1a6,resource-grid,heisenberg_chain,Heisenberg-13,"{""coupling"":1.0,""field_z"":0.3}",13,13.0,proportional,1.0,0.00025118864315095795,39.89999999999996,49,trotter-p4-empirical,trotter,Trotter p=4 [empirical],empirical-operator-norm,empirical,4.0,,,,,,263.0,,,,,,,,,,,,,,,,,,,,,,,,,,,,,,commuting,3.0,0.00022475019446723213,2.8960516869,empirical-operator-norm,Repository empirical operator-norm calibration study v1 (2026-08-10),reviewed calibration opnorm-v1-heisenberg-open-trotter-p4; artifact docs/calibration_data/empirical_1d_v1_accepted.json,"{""prefactor"":2.8960516869}",False,implemented-product-formula,False,,"[""the resolved ordered Hamiltonian groups match the implemented formula"",""the fixed formal-order powers in time and segments apply"",""the reviewed affine size calibration extrapolates as flagged""]",,,,,,,implemented-product-formula,False,False,0.00022606977883586217,,,,,,,,,,,,,,,,,,,1.0,none,0.0,system register,1.0,13.0,114405.0,0.0,-1.0,11669310.0,168106.0,analytical-model,2.5118864315095798e-05,opnorm-v1-heisenberg-open-trotter-p4,heisenberg_chain,affine-aN-plus-b,2.8960516869,4.0,12.0,4.0,12.0,True,True,formula,0.1.0,3.11.9,2.5.0,b58b31db18364511c43757e27fffc7abce8df2c1,True,ok,,
1.0,heisenberg_chain:N013,-3.6,commutator,937.0,,,2.0,a8fa234e-a646-4911-8402-a67c302db4ae,2026-08-12T00:11:58.358108+00:00,c1ad72de628f71283ac69037e9bbe97c3e773952f5abde5eac91397ca322d1a6,resource-grid,heisenberg_chain,Heisenberg-13,"{""coupling"":1.0,""field_z"":0.3}",13,13.0,proportional,1.0,0.00025118864315095795,39.89999999999996,49,trotter-p6,trotter,Trotter p=6,analytical,analytical,6.0,,,,,,937.0,,,,,,,,,,,,,,,,,,,,,,,,,,,,,,commuting,3.0,0.00022530327531748023,2429973.763029318,schubert-mendl-commutator,"Schubert and Mendl, arXiv:2306.10603",Theorem 1,"{""prefactor"":2429973.763029318}",True,implemented-product-formula,True,,"[""the resolved ordered Hamiltonian groups match the implemented formula""]",,,,,,,implemented-product-formula,True,True,0.00022606977883586217,,,,,,,,,,,,,,,,,,,1.0,none,0.0,system register,1.0,13.0,2037975.0,0.0,-1.0,232329150.0,2994576.0,analytical-model,2.5118864315095798e-05,,,,,,,,,,,,0.1.0,3.11.9,2.5.0,b58b31db18364511c43757e27fffc7abce8df2c1,True,ok,,
1.0,heisenberg_chain:N013,-3.6,empirical,78.0,,,2.0,a8fa234e-a646-4911-8402-a67c302db4ae,2026-08-12T00:11:58.358108+00:00,c1ad72de628f71283ac69037e9bbe97c3e773952f5abde5eac91397ca322d1a6,resource-grid,heisenberg_chain,Heisenberg-13,"{""coupling"":1.0,""field_z"":0.3}",13,13.0,proportional,1.0,0.00025118864315095795,39.89999999999996,49,trotter-p6-empirical,trotter,Trotter p=6 [empirical],empirical-operator-norm,empirical,6.0,,,,,,78.0,,,,,,,,,,,,,,,,,,,,,,,,,,,,,,commuting,3.0,1.1732955902777759e-05,0.0421086762,empirical-operator-norm,Repository empirical operator-norm calibration study v1 (2026-08-10),reviewed calibration opnorm-v1-heisenberg-open-trotter-p6; artifact docs/calibration_data/empirical_1d_v1_accepted.json,"{""prefactor"":0.0421086762}",False,implemented-product-formula,False,,"[""the resolved ordered Hamiltonian groups match the implemented formula"",""the fixed formal-order powers in time and segments apply"",""the reviewed affine size calibration extrapolates as flagged""]",,,,,,,implemented-product-formula,False,False,0.00022606977883586217,,,,,,,,,,,,,,,,,,,1.0,none,0.0,system register,1.0,13.0,169650.0,0.0,-1.0,17473950.0,249282.0,analytical-model,2.5118864315095798e-05,opnorm-v1-heisenberg-open-trotter-p6,heisenberg_chain,affine-aN-plus-b,0.0421086762,4.0,12.0,4.0,12.0,True,True,asymptotic-domain,0.1.0,3.11.9,2.5.0,b58b31db18364511c43757e27fffc7abce8df2c1,True,ok,,
1.0,heisenberg_chain:N013,-3.6,jacobi-anger,,,,2.0,a8fa234e-a646-4911-8402-a67c302db4ae,2026-08-12T00:11:58.358108+00:00,c1ad72de628f71283ac69037e9bbe97c3e773952f5abde5eac91397ca322d1a6,resource-grid,heisenberg_chain,Heisenberg-13,"{""coupling"":1.0,""field_z"":0.3}",13,13.0,proportional,1.0,0.00025118864315095795,39.89999999999996,49,qsvt,qsvt,QSVT,jacobi-anger-rigorous,analytical,,,,,,,,,,,,,,,,,,,,,,,,,,,,,,,,,,,4275.0,713.0,,,3.75913202692831e-05,,jacobi-anger-polynomial-oaa,"Martyn et al., arXiv:2105.02859, Eqs. (76)--(77)",Jacobi--Anger tails plus exact cubic OAA identity,"{""oaa-unitarity-defect-distortion"":1.8795925086461558e-05,""scaled-polynomial-error"":1.879539518282154e-05}",True,ideal-qsvt-oaa-good-block,True,,"[""the cosine and sine polynomials are implemented exactly"",""the unamplified good block is exactly Q/2""]",,,,,,,implemented-qsvt-floating-phase-circuit,False,False,0.00022606977883586217,,,,,,,,,,,,,,,,,,,2.0,one robust OAA round,1.0,"component, quadrature, and index registers all-zero",,27.0,547212.0,1316798.0,-1.0,64913300.0,8794263.0,analytical-model,2.5118864315095798e-05,,,,,,,,,,,,0.1.0,3.11.9,2.5.0,b58b31db18364511c43757e27fffc7abce8df2c1,True,ok,,
1.0,heisenberg_chain:N013,-3.6,empirical,,8.0,13.0,2.0,a8fa234e-a646-4911-8402-a67c302db4ae,2026-08-12T00:11:58.358108+00:00,c1ad72de628f71283ac69037e9bbe97c3e773952f5abde5eac91397ca322d1a6,resource-grid,heisenberg_chain,Heisenberg-13,"{""coupling"":1.0,""field_z"":0.3}",13,13.0,proportional,1.0,0.00025118864315095795,39.89999999999996,49,mpf-j-mizuta2026-theorem6-empirical-operator-norm,multiproduct,MPF J=Mizuta Theorem 6 (resolved per point) [empirical operator norm],empirical-operator-norm,empirical,,8.0,16.0,mizuta2026-theorem6,6.300000000000004,0.00022606977883586217,13.0,,,,[],,,,,,,,,,,,,,,[],,,,,,,empirical-operator-norm,[],2379.0,,,,3.788238999999994e-07,2.91403e-08,empirical-operator-norm,Repository empirical operator-norm calibration study v1 (2026-08-10),reviewed calibration opnorm-v1-heisenberg-open-mpf-new-m8; fixed formal powers,"{""empirical_coefficient"":2.91403e-08}",False,ideal-mpf,False,ordered individual Pauli terms,"[""the fixed formal-order powers in time and segments apply"",""the empirical estimate concerns the repeated ideal MPF operator"",""the reviewed affine size calibration extrapolates as flagged""]",,0.0,0.0,False,False,{},repeated-shared-ancilla-good-block,False,False,0.00022606977883586217,new,"[1,2,3,4,5,6,11,29]","[-3.280633240950701e-11,1.38314223008236e-06,-0.00042434045620952707,0.013663236344294543,-0.0975962105352182,0.17214651362521294,-0.39147182230350597,1.3036812402160025]",1.9789847466554802,0.021015253344519813,61.0,registered-exact,True,8.0,4.0,2.0,5.0,10.0,6.0,6.0,3.0,2.0,3.0,2.0,one robust OAA round per segment,13.0,branch register all-zero,,20.0,462696.0,1378.0,-1.0,49976680.0,810188.0,analytical-model,2.5118864315095798e-05,opnorm-v1-heisenberg-open-mpf-new-m8,heisenberg_chain,affine-aN-plus-b,2.91403e-08,4.0,8.0,4.0,12.0,True,True,asymptotic-domain,0.1.0,3.11.9,2.5.0,b58b31db18364511c43757e27fffc7abce8df2c1,True,ok,,
1.0,heisenberg_chain:N013,-3.6,commutator,,8.0,13410.0,2.0,a8fa234e-a646-4911-8402-a67c302db4ae,2026-08-12T00:11:58.358108+00:00,c1ad72de628f71283ac69037e9bbe97c3e773952f5abde5eac91397ca322d1a6,resource-grid,heisenberg_chain,Heisenberg-13,"{""coupling"":1.0,""field_z"":0.3}",13,13.0,proportional,1.0,0.00025118864315095795,39.89999999999996,49,mpf-j-mizuta2026-theorem6-mizuta2026-commutator-ideal-rigorous,multiproduct,MPF J=Mizuta Theorem 6 (resolved per point) [Mizuta 2026 refined commutator],mizuta2026-commutator-ideal-rigorous,analytical,,8.0,16.0,mizuta2026-theorem6,6.300000000000004,0.00022606977883586217,13410.0,13410.0,,8381.0,"[""error""]",161.16718521011452,16.0,,,1.6849225112080574e-08,8.279540897302529e-26,4.122521265642301e-37,8.279540897261303e-26,8.279540897302529e-26,1.6849225112080577e-08,0.00022599916326055606,1.5434979032695905e-05,False,0.001551184254251718,"[1.0000000000000002,1.0000000000000002,1.0000000000000002,1.0000000000000002,1.0000000000000002,1.0000000000000002,1.0000000000000002,1.0000000000000002,1.0000000000000002,1.0000000000000002,1.0000000000000002,1.0000000000000002,1.0000000000000002,1.0000000000000002,1.0000000000000002,1.0000000000000002,1.0000000000000002,1.0000000000000002,1.0000000000000002,1.0000000000000002,1.0000000000000002,1.0000000000000002,1.0000000000000002,1.0000000000000002,1.0000000000000002,1.0000000000000002,1.0000000000000002,1.0000000000000002,1.0000000000000002,1.0000000000000002,1.0000000000000002,1.0000000000000002,1.0000000000000002,1.0000000000000002,1.0000000000000002,1.0000000000000002,1.0000000000000002,1.0000000000000002,1.0000000000000002,1.0000000000000002,1.0000000000000002,1.0000000000000002,1.0000000000000002,1.0000000000000002,1.0000000000000002,1.0000000000000002,1.0000000000000002,1.0000000000000002,1.0000000000000002]",6.300000000000007,7.0,True,exact commutator transition cap reached; locality bound used,not-used,commutator,mizuta2026-commutator-ideal-rigorous,[],2454030.0,,,,0.00022599916326055606,2.856486441071409e+43,mizuta2026-commutator-ideal-rigorous,"Mizuta, Quantum 10, 1974 (2026), arXiv:2507.06557v4","Theorem 4, Eqs. (47)--(49), with direct Lemmas 9--10 BCH remainder","{""error_predicate_satisfied"":1.0,""extensiveness_g"":6.300000000000004,""joint_predicate_satisfied"":1.0,""legacy_first_condition_passed"":0.0,""legacy_first_time_limit"":1.5434979032695905e-05,""local_commutator_error"":1.6849225112080574e-08,""local_step_error"":1.6849225112080577e-08,""local_truncated_bch_error"":8.279540897302529e-26,""locality_k"":2.0,""mu_upper"":161.16718521011452,""refined_lemma10_remainder"":8.279540897261303e-26,""refined_lemma9_remainder"":4.122521265642301e-37,""refined_tail_fallback"":0.0,""repeated_global_error"":0.00022599916326055606,""schedule_weighted_extensiveness"":6.300000000000007,""second_time_limit"":0.001551184254251718,""time_2_predicate_satisfied"":1.0,""total_branchwise_bch_remainder"":8.279540897302529e-26,""truncation_order_p0"":16.0}",True,ideal-mpf,True,ordered individual Pauli terms,"[""individual Pauli summands define the ordered H_gamma decomposition"",""the actual Strang factors define schedule-weighted g_alpha extensiveness"",""Lemma 9 and Lemma 10 positive majorants directly certify the BCH remainder"",""the scalar-flow/Cauchy refined tail certificate is used"",""Theorem 4 second time hypothesis is satisfied"",""the repeated ideal MPF is composed with the Eq. (15) telescoping argument""]","exact Pauli recurrence would require 466284 transitions at order 8, above cap 250000; remaining orders use Mizuta 2026 Eq. (8)",16.0,7.0,True,True,"{""2"":321.6000000000004,""3"":5070.720000000011,""4"":74820.86400000023,""5"":1370305.228800006,""6"":25164040.642560143,""7"":522290321.86675566,""8"":2663901875917312.5,""9"":5.3704261818492736e+17,""10"":1.2180126580434136e+20,""11"":3.0693918982694054e+22,""12"":8.508354342002837e+24,""13"":2.5729263530216704e+27,""14"":8.428906732499016e+29,""15"":2.973718295225653e+32,""16"":1.1240655155953012e+35}",repeated-shared-ancilla-good-block,True,False,0.00022606977883586217,new,"[1,2,3,4,5,6,11,29]","[-3.280633240950701e-11,1.38314223008236e-06,-0.00042434045620952707,0.013663236344294543,-0.0975962105352182,0.17214651362521294,-0.39147182230350597,1.3036812402160025]",1.9789847466554802,0.021015253344519813,61.0,registered-exact,True,8.0,4.0,2.0,5.0,10.0,6.0,6.0,3.0,2.0,3.0,2.0,one robust OAA round per segment,13410.0,branch register all-zero,,20.0,477288720.0,1421460.0,-1.0,65871529200.0,835739389.0,analytical-model,2.5118864315095798e-05,,,,,,,,,,,,0.1.0,3.11.9,2.5.0,b58b31db18364511c43757e27fffc7abce8df2c1,True,ok,,
1.0,heisenberg_chain:N013,-3.7,commutator,40077.0,,,2.0,a8fa234e-a646-4911-8402-a67c302db4ae,2026-08-12T00:11:58.358108+00:00,c1ad72de628f71283ac69037e9bbe97c3e773952f5abde5eac91397ca322d1a6,resource-grid,heisenberg_chain,Heisenberg-13,"{""coupling"":1.0,""field_z"":0.3}",13,13.0,proportional,1.0,0.00019952623149688788,39.89999999999996,49,trotter-p2,trotter,Trotter p=2,analytical,analytical,2.0,,,,,,40077.0,,,,,,,,,,,,,,,,,,,,,,,,,,,,,,individual,49.0,0.0001795718330170109,131.28000000000006,childs-commutator,"Childs, Su, Tran, Wiebe, and Zhu, arXiv:1912.08854",Propositions 9--10,"{""prefactor"":131.28000000000006}",True,implemented-product-formula,True,,"[""the resolved ordered Hamiltonian groups match the implemented formula""]",,,,,,,implemented-product-formula,True,True,0.0001795736083471991,,,,,,,,,,,,,,,,,,,1.0,none,0.0,system register,1.0,13.0,3887469.0,0.0,-1.0,458721342.0,5712200.0,analytical-model,1.995262314968879e-05,,,,,,,,,,,,0.1.0,3.11.9,2.5.0,b58b31db18364511c43757e27fffc7abce8df2c1,True,ok,,
1.0,heisenberg_chain:N013,-3.7,empirical,12489.0,,,2.0,a8fa234e-a646-4911-8402-a67c302db4ae,2026-08-12T00:11:58.358108+00:00,c1ad72de628f71283ac69037e9bbe97c3e773952f5abde5eac91397ca322d1a6,resource-grid,heisenberg_chain,Heisenberg-13,"{""coupling"":1.0,""field_z"":0.3}",13,13.0,proportional,1.0,0.00019952623149688788,39.89999999999996,49,trotter-p2-empirical,trotter,Trotter p=2 [empirical],empirical-operator-norm,empirical,2.0,,,,,,12489.0,,,,,,,,,,,,,,,,,,,,,,,,,,,,,,individual,49.0,0.00017956456169091657,12.748112989099997,empirical-operator-norm,Repository empirical operator-norm calibration study v1 (2026-08-10),reviewed calibration opnorm-v1-heisenberg-open-trotter-p2; artifact docs/calibration_data/empirical_1d_v1_accepted.json,"{""prefactor"":12.748112989099997}",False,implemented-product-formula,False,,"[""the resolved ordered Hamiltonian groups match the implemented formula"",""the fixed formal-order powers in time and segments apply"",""the reviewed affine size calibration extrapolates as flagged""]",,,,,,,implemented-product-formula,False,False,0.0001795736083471991,,,,,,,,,,,,,,,,,,,1.0,none,0.0,system register,1.0,13.0,1211433.0,0.0,-1.0,136891929.0,1780065.0,analytical-model,1.995262314968879e-05,opnorm-v1-heisenberg-open-trotter-p2,heisenberg_chain,affine-aN-plus-b,12.748112989099997,4.0,12.0,4.0,12.0,True,True,formula,0.1.0,3.11.9,2.5.0,b58b31db18364511c43757e27fffc7abce8df2c1,True,ok,,
1.0,heisenberg_chain:N013,-3.7,commutator,1950.0,,,2.0,a8fa234e-a646-4911-8402-a67c302db4ae,2026-08-12T00:11:58.358108+00:00,c1ad72de628f71283ac69037e9bbe97c3e773952f5abde5eac91397ca322d1a6,resource-grid,heisenberg_chain,Heisenberg-13,"{""coupling"":1.0,""field_z"":0.3}",13,13.0,proportional,1.0,0.00019952623149688788,39.89999999999996,49,trotter-p4,trotter,Trotter p=4,analytical,analytical,4.0,,,,,,1950.0,,,,,,,,,,,,,,,,,,,,,,,,,,,,,,commuting,3.0,0.00017952167153545466,6990.98817037107,schubert-mendl-commutator,"Schubert and Mendl, arXiv:2306.10603",Theorem 1,"{""prefactor"":6990.98817037107}",True,implemented-product-formula,True,,"[""the resolved ordered Hamiltonian groups match the implemented formula""]",,,,,,,implemented-product-formula,True,True,0.0001795736083471991,,,,,,,,,,,,,,,,,,,1.0,none,0.0,system register,1.0,13.0,848250.0,0.0,-1.0,95004000.0,1246409.0,analytical-model,1.995262314968879e-05,,,,,,,,,,,,0.1.0,3.11.9,2.5.0,b58b31db18364511c43757e27fffc7abce8df2c1,True,ok,,
1.0,heisenberg_chain:N013,-3.7,empirical,279.0,,,2.0,a8fa234e-a646-4911-8402-a67c302db4ae,2026-08-12T00:11:58.358108+00:00,c1ad72de628f71283ac69037e9bbe97c3e773952f5abde5eac91397ca322d1a6,resource-grid,heisenberg_chain,Heisenberg-13,"{""coupling"":1.0,""field_z"":0.3}",13,13.0,proportional,1.0,0.00019952623149688788,39.89999999999996,49,trotter-p4-empirical,trotter,Trotter p=4 [empirical],empirical-operator-norm,empirical,4.0,,,,,,279.0,,,,,,,,,,,,,,,,,,,,,,,,,,,,,,commuting,3.0,0.00017746236176519048,2.8960516869,empirical-operator-norm,Repository empirical operator-norm calibration study v1 (2026-08-10),reviewed calibration opnorm-v1-heisenberg-open-trotter-p4; artifact docs/calibration_data/empirical_1d_v1_accepted.json,"{""prefactor"":2.8960516869}",False,implemented-product-formula,False,,"[""the resolved ordered Hamiltonian groups match the implemented formula"",""the fixed formal-order powers in time and segments apply"",""the reviewed affine size calibration extrapolates as flagged""]",,,,,,,implemented-product-formula,False,False,0.0001795736083471991,,,,,,,,,,,,,,,,,,,1.0,none,0.0,system register,1.0,13.0,121365.0,0.0,-1.0,12500595.0,178333.0,analytical-model,1.995262314968879e-05,opnorm-v1-heisenberg-open-trotter-p4,heisenberg_chain,affine-aN-plus-b,2.8960516869,4.0,12.0,4.0,12.0,True,True,formula,0.1.0,3.11.9,2.5.0,b58b31db18364511c43757e27fffc7abce8df2c1,True,ok,,
1.0,heisenberg_chain:N013,-3.7,commutator,974.0,,,2.0,a8fa234e-a646-4911-8402-a67c302db4ae,2026-08-12T00:11:58.358108+00:00,c1ad72de628f71283ac69037e9bbe97c3e773952f5abde5eac91397ca322d1a6,resource-grid,heisenberg_chain,Heisenberg-13,"{""coupling"":1.0,""field_z"":0.3}",13,13.0,proportional,1.0,0.00019952623149688788,39.89999999999996,49,trotter-p6,trotter,Trotter p=6,analytical,analytical,6.0,,,,,,974.0,,,,,,,,,,,,,,,,,,,,,,,,,,,,,,commuting,3.0,0.0001785876034557169,2429973.763029318,schubert-mendl-commutator,"Schubert and Mendl, arXiv:2306.10603",Theorem 1,"{""prefactor"":2429973.763029318}",True,implemented-product-formula,True,,"[""the resolved ordered Hamiltonian groups match the implemented formula""]",,,,,,,implemented-product-formula,True,True,0.0001795736083471991,,,,,,,,,,,,,,,,,,,1.0,none,0.0,system register,1.0,13.0,2118450.0,0.0,-1.0,245740200.0,3112825.0,analytical-model,1.995262314968879e-05,,,,,,,,,,,,0.1.0,3.11.9,2.5.0,b58b31db18364511c43757e27fffc7abce8df2c1,True,ok,,
1.0,heisenberg_chain:N013,-3.7,empirical,78.0,,,2.0,a8fa234e-a646-4911-8402-a67c302db4ae,2026-08-12T00:11:58.358108+00:00,c1ad72de628f71283ac69037e9bbe97c3e773952f5abde5eac91397ca322d1a6,resource-grid,heisenberg_chain,Heisenberg-13,"{""coupling"":1.0,""field_z"":0.3}",13,13.0,proportional,1.0,0.00019952623149688788,39.89999999999996,49,trotter-p6-empirical,trotter,Trotter p=6 [empirical],empirical-operator-norm,empirical,6.0,,,,,,78.0,,,,,,,,,,,,,,,,,,,,,,,,,,,,,,commuting,3.0,1.1732955902777759e-05,0.0421086762,empirical-operator-norm,Repository empirical operator-norm calibration study v1 (2026-08-10),reviewed calibration opnorm-v1-heisenberg-open-trotter-p6; artifact docs/calibration_data/empirical_1d_v1_accepted.json,"{""prefactor"":0.0421086762}",False,implemented-product-formula,False,,"[""the resolved ordered Hamiltonian groups match the implemented formula"",""the fixed formal-order powers in time and segments apply"",""the reviewed affine size calibration extrapolates as flagged""]",,,,,,,implemented-product-formula,False,False,0.0001795736083471991,,,,,,,,,,,,,,,,,,,1.0,none,0.0,system register,1.0,13.0,169650.0,0.0,-1.0,17643600.0,249282.0,analytical-model,1.995262314968879e-05,opnorm-v1-heisenberg-open-trotter-p6,heisenberg_chain,affine-aN-plus-b,0.0421086762,4.0,12.0,4.0,12.0,True,True,asymptotic-domain,0.1.0,3.11.9,2.5.0,b58b31db18364511c43757e27fffc7abce8df2c1,True,ok,,
1.0,heisenberg_chain:N013,-3.7,jacobi-anger,,,,2.0,a8fa234e-a646-4911-8402-a67c302db4ae,2026-08-12T00:11:58.358108+00:00,c1ad72de628f71283ac69037e9bbe97c3e773952f5abde5eac91397ca322d1a6,resource-grid,heisenberg_chain,Heisenberg-13,"{""coupling"":1.0,""field_z"":0.3}",13,13.0,proportional,1.0,0.00019952623149688788,39.89999999999996,49,qsvt,qsvt,QSVT,jacobi-anger-rigorous,analytical,,,,,,,,,,,,,,,,,,,,,,,,,,,,,,,,,,,4275.0,713.0,,,3.2424975676911395e-05,,jacobi-anger-polynomial-oaa,"Martyn et al., arXiv:2105.02859, Eqs. (76)--(77)",Jacobi--Anger tails plus exact cubic OAA identity,"{""oaa-unitarity-defect-distortion"":1.6212684968298515e-05,""scaled-polynomial-error"":1.621229070861288e-05}",True,ideal-qsvt-oaa-good-block,True,,"[""the cosine and sine polynomials are implemented exactly"",""the unamplified good block is exactly Q/2""]",,,,,,,implemented-qsvt-floating-phase-circuit,False,False,0.0001795736083471991,,,,,,,,,,,,,,,,,,,2.0,one robust OAA round,1.0,"component, quadrature, and index registers all-zero",,27.0,547212.0,1316798.0,-1.0,65460512.0,8794263.0,analytical-model,1.995262314968879e-05,,,,,,,,,,,,0.1.0,3.11.9,2.5.0,b58b31db18364511c43757e27fffc7abce8df2c1,True,ok,,
1.0,heisenberg_chain:N013,-3.7,empirical,,8.0,13.0,2.0,a8fa234e-a646-4911-8402-a67c302db4ae,2026-08-12T00:11:58.358108+00:00,c1ad72de628f71283ac69037e9bbe97c3e773952f5abde5eac91397ca322d1a6,resource-grid,heisenberg_chain,Heisenberg-13,"{""coupling"":1.0,""field_z"":0.3}",13,13.0,proportional,1.0,0.00019952623149688788,39.89999999999996,49,mpf-j-mizuta2026-theorem6-empirical-operator-norm,multiproduct,MPF J=Mizuta Theorem 6 (resolved per point) [empirical operator norm],empirical-operator-norm,empirical,,8.0,16.0,mizuta2026-theorem6,6.300000000000004,0.0001795736083471991,13.0,,,,[],,,,,,,,,,,,,,,[],,,,,,,empirical-operator-norm,[],2379.0,,,,3.788238999999994e-07,2.91403e-08,empirical-operator-norm,Repository empirical operator-norm calibration study v1 (2026-08-10),reviewed calibration opnorm-v1-heisenberg-open-mpf-new-m8; fixed formal powers,"{""empirical_coefficient"":2.91403e-08}",False,ideal-mpf,False,ordered individual Pauli terms,"[""the fixed formal-order powers in time and segments apply"",""the empirical estimate concerns the repeated ideal MPF operator"",""the reviewed affine size calibration extrapolates as flagged""]",,0.0,0.0,False,False,{},repeated-shared-ancilla-good-block,False,False,0.0001795736083471991,new,"[1,2,3,4,5,6,11,29]","[-3.280633240950701e-11,1.38314223008236e-06,-0.00042434045620952707,0.013663236344294543,-0.0975962105352182,0.17214651362521294,-0.39147182230350597,1.3036812402160025]",1.9789847466554802,0.021015253344519813,61.0,registered-exact,True,8.0,4.0,2.0,5.0,10.0,6.0,6.0,3.0,2.0,3.0,2.0,one robust OAA round per segment,13.0,branch register all-zero,,20.0,462696.0,1378.0,-1.0,50439376.0,810188.0,analytical-model,1.995262314968879e-05,opnorm-v1-heisenberg-open-mpf-new-m8,heisenberg_chain,affine-aN-plus-b,2.91403e-08,4.0,8.0,4.0,12.0,True,True,asymptotic-domain,0.1.0,3.11.9,2.5.0,b58b31db18364511c43757e27fffc7abce8df2c1,True,ok,,
1.0,heisenberg_chain:N013,-3.7,commutator,,8.0,13605.0,2.0,a8fa234e-a646-4911-8402-a67c302db4ae,2026-08-12T00:11:58.358108+00:00,c1ad72de628f71283ac69037e9bbe97c3e773952f5abde5eac91397ca322d1a6,resource-grid,heisenberg_chain,Heisenberg-13,"{""coupling"":1.0,""field_z"":0.3}",13,13.0,proportional,1.0,0.00019952623149688788,39.89999999999996,49,mpf-j-mizuta2026-theorem6-mizuta2026-commutator-ideal-rigorous,multiproduct,MPF J=Mizuta Theorem 6 (resolved per point) [Mizuta 2026 refined commutator],mizuta2026-commutator-ideal-rigorous,analytical,,8.0,16.0,mizuta2026-theorem6,6.300000000000004,0.0001795736083471991,13605.0,13605.0,,8381.0,"[""error""]",161.16718521011452,16.0,,,1.3182381383043942e-08,6.467786671805124e-26,3.2244673982581397e-37,6.467786671772878e-26,6.467786671805124e-26,1.3182381383043943e-08,0.00017937846433084626,1.5434979032695905e-05,False,0.001551184254251718,"[1.0000000000000002,1.0000000000000002,1.0000000000000002,1.0000000000000002,1.0000000000000002,1.0000000000000002,1.0000000000000002,1.0000000000000002,1.0000000000000002,1.0000000000000002,1.0000000000000002,1.0000000000000002,1.0000000000000002,1.0000000000000002,1.0000000000000002,1.0000000000000002,1.0000000000000002,1.0000000000000002,1.0000000000000002,1.0000000000000002,1.0000000000000002,1.0000000000000002,1.0000000000000002,1.0000000000000002,1.0000000000000002,1.0000000000000002,1.0000000000000002,1.0000000000000002,1.0000000000000002,1.0000000000000002,1.0000000000000002,1.0000000000000002,1.0000000000000002,1.0000000000000002,1.0000000000000002,1.0000000000000002,1.0000000000000002,1.0000000000000002,1.0000000000000002,1.0000000000000002,1.0000000000000002,1.0000000000000002,1.0000000000000002,1.0000000000000002,1.0000000000000002,1.0000000000000002,1.0000000000000002,1.0000000000000002,1.0000000000000002]",6.300000000000007,7.0,True,exact commutator transition cap reached; locality bound used,not-used,commutator,mizuta2026-commutator-ideal-rigorous,[],2489715.0,,,,0.00017937846433084626,2.856486441071409e+43,mizuta2026-commutator-ideal-rigorous,"Mizuta, Quantum 10, 1974 (2026), arXiv:2507.06557v4","Theorem 4, Eqs. (47)--(49), with direct Lemmas 9--10 BCH remainder","{""error_predicate_satisfied"":1.0,""extensiveness_g"":6.300000000000004,""joint_predicate_satisfied"":1.0,""legacy_first_condition_passed"":0.0,""legacy_first_time_limit"":1.5434979032695905e-05,""local_commutator_error"":1.3182381383043942e-08,""local_step_error"":1.3182381383043943e-08,""local_truncated_bch_error"":6.467786671805124e-26,""locality_k"":2.0,""mu_upper"":161.16718521011452,""refined_lemma10_remainder"":6.467786671772878e-26,""refined_lemma9_remainder"":3.2244673982581397e-37,""refined_tail_fallback"":0.0,""repeated_global_error"":0.00017937846433084626,""schedule_weighted_extensiveness"":6.300000000000007,""second_time_limit"":0.001551184254251718,""time_2_predicate_satisfied"":1.0,""total_branchwise_bch_remainder"":6.467786671805124e-26,""truncation_order_p0"":16.0}",True,ideal-mpf,True,ordered individual Pauli terms,"[""individual Pauli summands define the ordered H_gamma decomposition"",""the actual Strang factors define schedule-weighted g_alpha extensiveness"",""Lemma 9 and Lemma 10 positive majorants directly certify the BCH remainder"",""the scalar-flow/Cauchy refined tail certificate is used"",""Theorem 4 second time hypothesis is satisfied"",""the repeated ideal MPF is composed with the Eq. (15) telescoping argument""]","exact Pauli recurrence would require 466284 transitions at order 8, above cap 250000; remaining orders use Mizuta 2026 Eq. (8)",16.0,7.0,True,True,"{""2"":321.6000000000004,""3"":5070.720000000011,""4"":74820.86400000023,""5"":1370305.228800006,""6"":25164040.642560143,""7"":522290321.86675566,""8"":2663901875917312.5,""9"":5.3704261818492736e+17,""10"":1.2180126580434136e+20,""11"":3.0693918982694054e+22,""12"":8.508354342002837e+24,""13"":2.5729263530216704e+27,""14"":8.428906732499016e+29,""15"":2.973718295225653e+32,""16"":1.1240655155953012e+35}",repeated-shared-ancilla-good-block,True,False,0.0001795736083471991,new,"[1,2,3,4,5,6,11,29]","[-3.280633240950701e-11,1.38314223008236e-06,-0.00042434045620952707,0.013663236344294543,-0.0975962105352182,0.17214651362521294,-0.39147182230350597,1.3036812402160025]",1.9789847466554802,0.021015253344519813,61.0,registered-exact,True,8.0,4.0,2.0,5.0,10.0,6.0,6.0,3.0,2.0,3.0,2.0,one robust OAA round per segment,13605.0,branch register all-zero,,20.0,484229160.0,1442130.0,-1.0,67313621760.0,847892199.0,analytical-model,1.995262314968879e-05,,,,,,,,,,,,0.1.0,3.11.9,2.5.0,b58b31db18364511c43757e27fffc7abce8df2c1,True,ok,,
1.0,heisenberg_chain:N013,-3.8,commutator,44967.0,,,2.0,a8fa234e-a646-4911-8402-a67c302db4ae,2026-08-12T00:11:58.358108+00:00,c1ad72de628f71283ac69037e9bbe97c3e773952f5abde5eac91397ca322d1a6,resource-grid,heisenberg_chain,Heisenberg-13,"{""coupling"":1.0,""field_z"":0.3}",13,13.0,proportional,1.0,0.00015848931924611142,39.89999999999996,49,trotter-p2,trotter,Trotter p=2,analytical,analytical,2.0,,,,,,44967.0,,,,,,,,,,,,,,,,,,,,,,,,,,,,,,individual,49.0,0.00014263982466394224,131.28000000000006,childs-commutator,"Childs, Su, Tran, Wiebe, and Zhu, arXiv:1912.08854",Propositions 9--10,"{""prefactor"":131.28000000000006}",True,implemented-product-formula,True,,"[""the resolved ordered Hamiltonian groups match the implemented formula""]",,,,,,,implemented-product-formula,True,True,0.0001426403873215003,,,,,,,,,,,,,,,,,,,1.0,none,0.0,system register,1.0,13.0,4361799.0,0.0,-1.0,523415880.0,6409175.0,analytical-model,1.584893192461114e-05,,,,,,,,,,,,0.1.0,3.11.9,2.5.0,b58b31db18364511c43757e27fffc7abce8df2c1,True,ok,,
1.0,heisenberg_chain:N013,-3.8,empirical,14013.0,,,2.0,a8fa234e-a646-4911-8402-a67c302db4ae,2026-08-12T00:11:58.358108+00:00,c1ad72de628f71283ac69037e9bbe97c3e773952f5abde5eac91397ca322d1a6,resource-grid,heisenberg_chain,Heisenberg-13,"{""coupling"":1.0,""field_z"":0.3}",13,13.0,proportional,1.0,0.00015848931924611142,39.89999999999996,49,trotter-p2-empirical,trotter,Trotter p=2 [empirical],empirical-operator-norm,empirical,2.0,,,,,,14013.0,,,,,,,,,,,,,,,,,,,,,,,,,,,,,,individual,49.0,0.00014263093098747907,12.748112989099997,empirical-operator-norm,Repository empirical operator-norm calibration study v1 (2026-08-10),reviewed calibration opnorm-v1-heisenberg-open-trotter-p2; artifact docs/calibration_data/empirical_1d_v1_accepted.json,"{""prefactor"":12.748112989099997}",False,implemented-product-formula,False,,"[""the resolved ordered Hamiltonian groups match the implemented formula"",""the fixed formal-order powers in time and segments apply"",""the reviewed affine size calibration extrapolates as flagged""]",,,,,,,implemented-product-formula,False,False,0.0001426403873215003,,,,,,,,,,,,,,,,,,,1.0,none,0.0,system register,1.0,13.0,1359261.0,0.0,-1.0,156315015.0,1997282.0,analytical-model,1.584893192461114e-05,opnorm-v1-heisenberg-open-trotter-p2,heisenberg_chain,affine-aN-plus-b,12.748112989099997,4.0,12.0,4.0,12.0,True,True,formula,0.1.0,3.11.9,2.5.0,b58b31db18364511c43757e27fffc7abce8df2c1,True,ok,,
1.0,heisenberg_chain:N013,-3.8,commutator,2066.0,,,2.0,a8fa234e-a646-4911-8402-a67c302db4ae,2026-08-12T00:11:58.358108+00:00,c1ad72de628f71283ac69037e9bbe97c3e773952f5abde5eac91397ca322d1a6,resource-grid,heisenberg_chain,Heisenberg-13,"{""coupling"":1.0,""field_z"":0.3}",13,13.0,proportional,1.0,0.00015848931924611142,39.89999999999996,49,trotter-p4,trotter,Trotter p=4,analytical,analytical,4.0,,,,,,2066.0,,,,,,,,,,,,,,,,,,,,,,,,,,,,,,commuting,3.0,0.00014247348909205738,6990.98817037107,schubert-mendl-commutator,"Schubert and Mendl, arXiv:2306.10603",Theorem 1,"{""prefactor"":6990.98817037107}",True,implemented-product-formula,True,,"[""the resolved ordered Hamiltonian groups match the implemented formula""]",,,,,,,implemented-product-formula,True,True,0.0001426403873215003,,,,,,,,,,,,,,,,,,,1.0,none,0.0,system register,1.0,13.0,898710.0,0.0,-1.0,101554230.0,1320554.0,analytical-model,1.584893192461114e-05,,,,,,,,,,,,0.1.0,3.11.9,2.5.0,b58b31db18364511c43757e27fffc7abce8df2c1,True,ok,,
1.0,heisenberg_chain:N013,-3.8,empirical,295.0,,,2.0,a8fa234e-a646-4911-8402-a67c302db4ae,2026-08-12T00:11:58.358108+00:00,c1ad72de628f71283ac69037e9bbe97c3e773952f5abde5eac91397ca322d1a6,resource-grid,heisenberg_chain,Heisenberg-13,"{""coupling"":1.0,""field_z"":0.3}",13,13.0,proportional,1.0,0.00015848931924611142,39.89999999999996,49,trotter-p4-empirical,trotter,Trotter p=4 [empirical],empirical-operator-norm,empirical,4.0,,,,,,295.0,,,,,,,,,,,,,,,,,,,,,,,,,,,,,,commuting,3.0,0.0001419825612503132,2.8960516869,empirical-operator-norm,Repository empirical operator-norm calibration study v1 (2026-08-10),reviewed calibration opnorm-v1-heisenberg-open-trotter-p4; artifact docs/calibration_data/empirical_1d_v1_accepted.json,"{""prefactor"":2.8960516869}",False,implemented-product-formula,False,,"[""the resolved ordered Hamiltonian groups match the implemented formula"",""the fixed formal-order powers in time and segments apply"",""the reviewed affine size calibration extrapolates as flagged""]",,,,,,,implemented-product-formula,False,False,0.0001426403873215003,,,,,,,,,,,,,,,,,,,1.0,none,0.0,system register,1.0,13.0,128325.0,0.0,-1.0,13345800.0,188560.0,analytical-model,1.584893192461114e-05,opnorm-v1-heisenberg-open-trotter-p4,heisenberg_chain,affine-aN-plus-b,2.8960516869,4.0,12.0,4.0,12.0,True,True,formula,0.1.0,3.11.9,2.5.0,b58b31db18364511c43757e27fffc7abce8df2c1,True,ok,,
1.0,heisenberg_chain:N013,-3.8,commutator,1012.0,,,2.0,a8fa234e-a646-4911-8402-a67c302db4ae,2026-08-12T00:11:58.358108+00:00,c1ad72de628f71283ac69037e9bbe97c3e773952f5abde5eac91397ca322d1a6,resource-grid,heisenberg_chain,Heisenberg-13,"{""coupling"":1.0,""field_z"":0.3}",13,13.0,proportional,1.0,0.00015848931924611142,39.89999999999996,49,trotter-p6,trotter,Trotter p=6,analytical,analytical,6.0,,,,,,1012.0,,,,,,,,,,,,,,,,,,,,,,,,,,,,,,commuting,3.0,0.00014194561329363656,2429973.763029318,schubert-mendl-commutator,"Schubert and Mendl, arXiv:2306.10603",Theorem 1,"{""prefactor"":2429973.763029318}",True,implemented-product-formula,True,,"[""the resolved ordered Hamiltonian groups match the implemented formula""]",,,,,,,implemented-product-formula,True,True,0.0001426403873215003,,,,,,,,,,,,,,,,,,,1.0,none,0.0,system register,1.0,13.0,2201100.0,0.0,-1.0,257528700.0,3234270.0,analytical-model,1.584893192461114e-05,,,,,,,,,,,,0.1.0,3.11.9,2.5.0,b58b31db18364511c43757e27fffc7abce8df2c1,True,ok,,
1.0,heisenberg_chain:N013,-3.8,empirical,78.0,,,2.0,a8fa234e-a646-4911-8402-a67c302db4ae,2026-08-12T00:11:58.358108+00:00,c1ad72de628f71283ac69037e9bbe97c3e773952f5abde5eac91397ca322d1a6,resource-grid,heisenberg_chain,Heisenberg-13,"{""coupling"":1.0,""field_z"":0.3}",13,13.0,proportional,1.0,0.00015848931924611142,39.89999999999996,49,trotter-p6-empirical,trotter,Trotter p=6 [empirical],empirical-operator-norm,empirical,6.0,,,,,,78.0,,,,,,,,,,,,,,,,,,,,,,,,,,,,,,commuting,3.0,1.1732955902777759e-05,0.0421086762,empirical-operator-norm,Repository empirical operator-norm calibration study v1 (2026-08-10),reviewed calibration opnorm-v1-heisenberg-open-trotter-p6; artifact docs/calibration_data/empirical_1d_v1_accepted.json,"{""prefactor"":0.0421086762}",False,implemented-product-formula,False,,"[""the resolved ordered Hamiltonian groups match the implemented formula"",""the fixed formal-order powers in time and segments apply"",""the reviewed affine size calibration extrapolates as flagged""]",,,,,,,implemented-product-formula,False,False,0.0001426403873215003,,,,,,,,,,,,,,,,,,,1.0,none,0.0,system register,1.0,13.0,169650.0,0.0,-1.0,17982900.0,249282.0,analytical-model,1.584893192461114e-05,opnorm-v1-heisenberg-open-trotter-p6,heisenberg_chain,affine-aN-plus-b,0.0421086762,4.0,12.0,4.0,12.0,True,True,asymptotic-domain,0.1.0,3.11.9,2.5.0,b58b31db18364511c43757e27fffc7abce8df2c1,True,ok,,
1.0,heisenberg_chain:N013,-3.8,jacobi-anger,,,,2.0,a8fa234e-a646-4911-8402-a67c302db4ae,2026-08-12T00:11:58.358108+00:00,c1ad72de628f71283ac69037e9bbe97c3e773952f5abde5eac91397ca322d1a6,resource-grid,heisenberg_chain,Heisenberg-13,"{""coupling"":1.0,""field_z"":0.3}",13,13.0,proportional,1.0,0.00015848931924611142,39.89999999999996,49,qsvt,qsvt,QSVT,jacobi-anger-rigorous,analytical,,,,,,,,,,,,,,,,,,,,,,,,,,,,,,,,,,,4275.0,713.0,,,2.832121656223045e-05,,jacobi-anger-polynomial-oaa,"Martyn et al., arXiv:2105.02859, Eqs. (76)--(77)",Jacobi--Anger tails plus exact cubic OAA identity,"{""oaa-unitarity-defect-distortion"":1.4160758670750856e-05,""scaled-polynomial-error"":1.4160457891479595e-05}",True,ideal-qsvt-oaa-good-block,True,,"[""the cosine and sine polynomials are implemented exactly"",""the unamplified good block is exactly Q/2""]",,,,,,,implemented-qsvt-floating-phase-circuit,False,False,0.0001426403873215003,,,,,,,,,,,,,,,,,,,2.0,one robust OAA round,1.0,"component, quadrature, and index registers all-zero",,27.0,547212.0,1316798.0,-1.0,66007724.0,8794263.0,analytical-model,1.584893192461114e-05,,,,,,,,,,,,0.1.0,3.11.9,2.5.0,b58b31db18364511c43757e27fffc7abce8df2c1,True,ok,,
1.0,heisenberg_chain:N013,-3.8,empirical,,8.0,13.0,2.0,a8fa234e-a646-4911-8402-a67c302db4ae,2026-08-12T00:11:58.358108+00:00,c1ad72de628f71283ac69037e9bbe97c3e773952f5abde5eac91397ca322d1a6,resource-grid,heisenberg_chain,Heisenberg-13,"{""coupling"":1.0,""field_z"":0.3}",13,13.0,proportional,1.0,0.00015848931924611142,39.89999999999996,49,mpf-j-mizuta2026-theorem6-empirical-operator-norm,multiproduct,MPF J=Mizuta Theorem 6 (resolved per point) [empirical operator norm],empirical-operator-norm,empirical,,8.0,16.0,mizuta2026-theorem6,6.300000000000004,0.0001426403873215003,13.0,,,,[],,,,,,,,,,,,,,,[],,,,,,,empirical-operator-norm,[],2379.0,,,,3.788238999999994e-07,2.91403e-08,empirical-operator-norm,Repository empirical operator-norm calibration study v1 (2026-08-10),reviewed calibration opnorm-v1-heisenberg-open-mpf-new-m8; fixed formal powers,"{""empirical_coefficient"":2.91403e-08}",False,ideal-mpf,False,ordered individual Pauli terms,"[""the fixed formal-order powers in time and segments apply"",""the empirical estimate concerns the repeated ideal MPF operator"",""the reviewed affine size calibration extrapolates as flagged""]",,0.0,0.0,False,False,{},repeated-shared-ancilla-good-block,False,False,0.0001426403873215003,new,"[1,2,3,4,5,6,11,29]","[-3.280633240950701e-11,1.38314223008236e-06,-0.00042434045620952707,0.013663236344294543,-0.0975962105352182,0.17214651362521294,-0.39147182230350597,1.3036812402160025]",1.9789847466554802,0.021015253344519813,61.0,registered-exact,True,8.0,4.0,2.0,5.0,10.0,6.0,6.0,3.0,2.0,3.0,2.0,one robust OAA round per segment,13.0,branch register all-zero,,20.0,462696.0,1378.0,-1.0,50902072.0,810188.0,analytical-model,1.584893192461114e-05,opnorm-v1-heisenberg-open-mpf-new-m8,heisenberg_chain,affine-aN-plus-b,2.91403e-08,4.0,8.0,4.0,12.0,True,True,asymptotic-domain,0.1.0,3.11.9,2.5.0,b58b31db18364511c43757e27fffc7abce8df2c1,True,ok,,
1.0,heisenberg_chain:N013,-3.8,commutator,,8.0,13802.0,2.0,a8fa234e-a646-4911-8402-a67c302db4ae,2026-08-12T00:11:58.358108+00:00,c1ad72de628f71283ac69037e9bbe97c3e773952f5abde5eac91397ca322d1a6,resource-grid,heisenberg_chain,Heisenberg-13,"{""coupling"":1.0,""field_z"":0.3}",13,13.0,proportional,1.0,0.00015848931924611142,39.89999999999996,49,mpf-j-mizuta2026-theorem6-mizuta2026-commutator-ideal-rigorous,multiproduct,MPF J=Mizuta Theorem 6 (resolved per point) [Mizuta 2026 refined commutator],mizuta2026-commutator-ideal-rigorous,analytical,,8.0,16.0,mizuta2026-theorem6,6.300000000000004,0.0001426403873215003,13802.0,13802.0,,8381.0,"[""error""]",161.16718521011452,16.0,,,1.0324160891387756e-08,5.0578419224949726e-26,2.5246562980326888e-37,5.057841922469725e-26,5.0578419224949726e-26,1.0324160891387758e-08,0.00014251437315778882,1.5434979032695905e-05,False,0.001551184254251718,"[1.0000000000000002,1.0000000000000002,1.0000000000000002,1.0000000000000002,1.0000000000000002,1.0000000000000002,1.0000000000000002,1.0000000000000002,1.0000000000000002,1.0000000000000002,1.0000000000000002,1.0000000000000002,1.0000000000000002,1.0000000000000002,1.0000000000000002,1.0000000000000002,1.0000000000000002,1.0000000000000002,1.0000000000000002,1.0000000000000002,1.0000000000000002,1.0000000000000002,1.0000000000000002,1.0000000000000002,1.0000000000000002,1.0000000000000002,1.0000000000000002,1.0000000000000002,1.0000000000000002,1.0000000000000002,1.0000000000000002,1.0000000000000002,1.0000000000000002,1.0000000000000002,1.0000000000000002,1.0000000000000002,1.0000000000000002,1.0000000000000002,1.0000000000000002,1.0000000000000002,1.0000000000000002,1.0000000000000002,1.0000000000000002,1.0000000000000002,1.0000000000000002,1.0000000000000002,1.0000000000000002,1.0000000000000002,1.0000000000000002]",6.300000000000007,7.0,True,exact commutator transition cap reached; locality bound used,not-used,commutator,mizuta2026-commutator-ideal-rigorous,[],2525766.0,,,,0.00014251437315778882,2.856486441071409e+43,mizuta2026-commutator-ideal-rigorous,"Mizuta, Quantum 10, 1974 (2026), arXiv:2507.06557v4","Theorem 4, Eqs. (47)--(49), with direct Lemmas 9--10 BCH remainder","{""error_predicate_satisfied"":1.0,""extensiveness_g"":6.300000000000004,""joint_predicate_satisfied"":1.0,""legacy_first_condition_passed"":0.0,""legacy_first_time_limit"":1.5434979032695905e-05,""local_commutator_error"":1.0324160891387756e-08,""local_step_error"":1.0324160891387758e-08,""local_truncated_bch_error"":5.0578419224949726e-26,""locality_k"":2.0,""mu_upper"":161.16718521011452,""refined_lemma10_remainder"":5.057841922469725e-26,""refined_lemma9_remainder"":2.5246562980326888e-37,""refined_tail_fallback"":0.0,""repeated_global_error"":0.00014251437315778882,""schedule_weighted_extensiveness"":6.300000000000007,""second_time_limit"":0.001551184254251718,""time_2_predicate_satisfied"":1.0,""total_branchwise_bch_remainder"":5.0578419224949726e-26,""truncation_order_p0"":16.0}",True,ideal-mpf,True,ordered individual Pauli terms,"[""individual Pauli summands define the ordered H_gamma decomposition"",""the actual Strang factors define schedule-weighted g_alpha extensiveness"",""Lemma 9 and Lemma 10 positive majorants directly certify the BCH remainder"",""the scalar-flow/Cauchy refined tail certificate is used"",""Theorem 4 second time hypothesis is satisfied"",""the repeated ideal MPF is composed with the Eq. (15) telescoping argument""]","exact Pauli recurrence would require 466284 transitions at order 8, above cap 250000; remaining orders use Mizuta 2026 Eq. (8)",16.0,7.0,True,True,"{""2"":321.6000000000004,""3"":5070.720000000011,""4"":74820.86400000023,""5"":1370305.228800006,""6"":25164040.642560143,""7"":522290321.86675566,""8"":2663901875917312.5,""9"":5.3704261818492736e+17,""10"":1.2180126580434136e+20,""11"":3.0693918982694054e+22,""12"":8.508354342002837e+24,""13"":2.5729263530216704e+27,""14"":8.428906732499016e+29,""15"":2.973718295225653e+32,""16"":1.1240655155953012e+35}",repeated-shared-ancilla-good-block,True,False,0.0001426403873215003,new,"[1,2,3,4,5,6,11,29]","[-3.280633240950701e-11,1.38314223008236e-06,-0.00042434045620952707,0.013663236344294543,-0.0975962105352182,0.17214651362521294,-0.39147182230350597,1.3036812402160025]",1.9789847466554802,0.021015253344519813,61.0,registered-exact,True,8.0,4.0,2.0,5.0,10.0,6.0,6.0,3.0,2.0,3.0,2.0,one robust OAA round per segment,13802.0,branch register all-zero,,20.0,491240784.0,1463012.0,-1.0,68779561808.0,860169653.0,analytical-model,1.584893192461114e-05,,,,,,,,,,,,0.1.0,3.11.9,2.5.0,b58b31db18364511c43757e27fffc7abce8df2c1,True,ok,,
1.0,heisenberg_chain:N013,-3.9,commutator,50454.0,,,2.0,a8fa234e-a646-4911-8402-a67c302db4ae,2026-08-12T00:11:58.358108+00:00,c1ad72de628f71283ac69037e9bbe97c3e773952f5abde5eac91397ca322d1a6,resource-grid,heisenberg_chain,Heisenberg-13,"{""coupling"":1.0,""field_z"":0.3}",13,13.0,proportional,1.0,0.00012589254117941674,39.89999999999996,49,trotter-p2,trotter,Trotter p=2,analytical,analytical,2.0,,,,,,50454.0,,,,,,,,,,,,,,,,,,,,,,,,,,,,,,individual,49.0,0.00011330195908438813,131.28000000000006,childs-commutator,"Childs, Su, Tran, Wiebe, and Zhu, arXiv:1912.08854",Propositions 9--10,"{""prefactor"":131.28000000000006}",True,implemented-product-formula,True,,"[""the resolved ordered Hamiltonian groups match the implemented formula""]",,,,,,,implemented-product-formula,True,True,0.00011330328706147508,,,,,,,,,,,,,,,,,,,1.0,none,0.0,system register,1.0,13.0,4894038.0,0.0,-1.0,592178598.0,7191240.0,analytical-model,1.2589254117941675e-05,,,,,,,,,,,,0.1.0,3.11.9,2.5.0,b58b31db18364511c43757e27fffc7abce8df2c1,True,ok,,
1.0,heisenberg_chain:N013,-3.9,empirical,15723.0,,,2.0,a8fa234e-a646-4911-8402-a67c302db4ae,2026-08-12T00:11:58.358108+00:00,c1ad72de628f71283ac69037e9bbe97c3e773952f5abde5eac91397ca322d1a6,resource-grid,heisenberg_chain,Heisenberg-13,"{""coupling"":1.0,""field_z"":0.3}",13,13.0,proportional,1.0,0.00012589254117941674,39.89999999999996,49,trotter-p2-empirical,trotter,Trotter p=2 [empirical],empirical-operator-norm,empirical,2.0,,,,,,15723.0,,,,,,,,,,,,,,,,,,,,,,,,,,,,,,individual,49.0,0.00011329353609883393,12.748112989099997,empirical-operator-norm,Repository empirical operator-norm calibration study v1 (2026-08-10),reviewed calibration opnorm-v1-heisenberg-open-trotter-p2; artifact docs/calibration_data/empirical_1d_v1_accepted.json,"{""prefactor"":12.748112989099997}",False,implemented-product-formula,False,,"[""the resolved ordered Hamiltonian groups match the implemented formula"",""the fixed formal-order powers in time and segments apply"",""the reviewed affine size calibration extrapolates as flagged""]",,,,,,,implemented-product-formula,False,False,0.00011330328706147508,,,,,,,,,,,,,,,,,,,1.0,none,0.0,system register,1.0,13.0,1525131.0,0.0,-1.0,176915196.0,2241009.0,analytical-model,1.2589254117941675e-05,opnorm-v1-heisenberg-open-trotter-p2,heisenberg_chain,affine-aN-plus-b,12.748112989099997,4.0,12.0,4.0,12.0,True,True,formula,0.1.0,3.11.9,2.5.0,b58b31db18364511c43757e27fffc7abce8df2c1,True,ok,,
1.0,heisenberg_chain:N013,-3.9,commutator,2188.0,,,2.0,a8fa234e-a646-4911-8402-a67c302db4ae,2026-08-12T00:11:58.358108+00:00,c1ad72de628f71283ac69037e9bbe97c3e773952f5abde5eac91397ca322d1a6,resource-grid,heisenberg_chain,Heisenberg-13,"{""coupling"":1.0,""field_z"":0.3}",13,13.0,proportional,1.0,0.00012589254117941674,39.89999999999996,49,trotter-p4,trotter,Trotter p=4,analytical,analytical,4.0,,,,,,2188.0,,,,,,,,,,,,,,,,,,,,,,,,,,,,,,commuting,3.0,0.0001132572619507135,6990.98817037107,schubert-mendl-commutator,"Schubert and Mendl, arXiv:2306.10603",Theorem 1,"{""prefactor"":6990.98817037107}",True,implemented-product-formula,True,,"[""the resolved ordered Hamiltonian groups match the implemented formula""]",,,,,,,implemented-product-formula,True,True,0.00011330328706147508,,,,,,,,,,,,,,,,,,,1.0,none,0.0,system register,1.0,13.0,951780.0,0.0,-1.0,108502920.0,1398534.0,analytical-model,1.2589254117941675e-05,,,,,,,,,,,,0.1.0,3.11.9,2.5.0,b58b31db18364511c43757e27fffc7abce8df2c1,True,ok,,
1.0,heisenberg_chain:N013,-3.9,empirical,313.0,,,2.0,a8fa234e-a646-4911-8402-a67c302db4ae,2026-08-12T00:11:58.358108+00:00,c1ad72de628f71283ac69037e9bbe97c3e773952f5abde5eac91397ca322d1a6,resource-grid,heisenberg_chain,Heisenberg-13,"{""coupling"":1.0,""field_z"":0.3}",13,13.0,proportional,1.0,0.00012589254117941674,39.89999999999996,49,trotter-p4-empirical,trotter,Trotter p=4 [empirical],empirical-operator-norm,empirical,4.0,,,,,,313.0,,,,,,,,,,,,,,,,,,,,,,,,,,,,,,commuting,3.0,0.00011203293663510056,2.8960516869,empirical-operator-norm,Repository empirical operator-norm calibration study v1 (2026-08-10),reviewed calibration opnorm-v1-heisenberg-open-trotter-p4; artifact docs/calibration_data/empirical_1d_v1_accepted.json,"{""prefactor"":2.8960516869}",False,implemented-product-formula,False,,"[""the resolved ordered Hamiltonian groups match the implemented formula"",""the fixed formal-order powers in time and segments apply"",""the reviewed affine size calibration extrapolates as flagged""]",,,,,,,implemented-product-formula,False,False,0.00011330328706147508,,,,,,,,,,,,,,,,,,,1.0,none,0.0,system register,1.0,13.0,136155.0,0.0,-1.0,14432430.0,200065.0,analytical-model,1.2589254117941675e-05,opnorm-v1-heisenberg-open-trotter-p4,heisenberg_chain,affine-aN-plus-b,2.8960516869,4.0,12.0,4.0,12.0,True,True,formula,0.1.0,3.11.9,2.5.0,b58b31db18364511c43757e27fffc7abce8df2c1,True,ok,,
1.0,heisenberg_chain:N013,-3.9,commutator,1051.0,,,2.0,a8fa234e-a646-4911-8402-a67c302db4ae,2026-08-12T00:11:58.358108+00:00,c1ad72de628f71283ac69037e9bbe97c3e773952f5abde5eac91397ca322d1a6,resource-grid,heisenberg_chain,Heisenberg-13,"{""coupling"":1.0,""field_z"":0.3}",13,13.0,proportional,1.0,0.00012589254117941674,39.89999999999996,49,trotter-p6,trotter,Trotter p=6,analytical,analytical,6.0,,,,,,1051.0,,,,,,,,,,,,,,,,,,,,,,,,,,,,,,commuting,3.0,0.00011313285692449297,2429973.763029318,schubert-mendl-commutator,"Schubert and Mendl, arXiv:2306.10603",Theorem 1,"{""prefactor"":2429973.763029318}",True,implemented-product-formula,True,,"[""the resolved ordered Hamiltonian groups match the implemented formula""]",,,,,,,implemented-product-formula,True,True,0.00011330328706147508,,,,,,,,,,,,,,,,,,,1.0,none,0.0,system register,1.0,13.0,2285925.0,0.0,-1.0,269739150.0,3358911.0,analytical-model,1.2589254117941675e-05,,,,,,,,,,,,0.1.0,3.11.9,2.5.0,b58b31db18364511c43757e27fffc7abce8df2c1,True,ok,,
1.0,heisenberg_chain:N013,-3.9,empirical,78.0,,,2.0,a8fa234e-a646-4911-8402-a67c302db4ae,2026-08-12T00:11:58.358108+00:00,c1ad72de628f71283ac69037e9bbe97c3e773952f5abde5eac91397ca322d1a6,resource-grid,heisenberg_chain,Heisenberg-13,"{""coupling"":1.0,""field_z"":0.3}",13,13.0,proportional,1.0,0.00012589254117941674,39.89999999999996,49,trotter-p6-empirical,trotter,Trotter p=6 [empirical],empirical-operator-norm,empirical,6.0,,,,,,78.0,,,,,,,,,,,,,,,,,,,,,,,,,,,,,,commuting,3.0,1.1732955902777759e-05,0.0421086762,empirical-operator-norm,Repository empirical operator-norm calibration study v1 (2026-08-10),reviewed calibration opnorm-v1-heisenberg-open-trotter-p6; artifact docs/calibration_data/empirical_1d_v1_accepted.json,"{""prefactor"":0.0421086762}",False,implemented-product-formula,False,,"[""the resolved ordered Hamiltonian groups match the implemented formula"",""the fixed formal-order powers in time and segments apply"",""the reviewed affine size calibration extrapolates as flagged""]",,,,,,,implemented-product-formula,False,False,0.00011330328706147508,,,,,,,,,,,,,,,,,,,1.0,none,0.0,system register,1.0,13.0,169650.0,0.0,-1.0,18152550.0,249282.0,analytical-model,1.2589254117941675e-05,opnorm-v1-heisenberg-open-trotter-p6,heisenberg_chain,affine-aN-plus-b,0.0421086762,4.0,12.0,4.0,12.0,True,True,asymptotic-domain,0.1.0,3.11.9,2.5.0,b58b31db18364511c43757e27fffc7abce8df2c1,True,ok,,
1.0,heisenberg_chain:N013,-3.9,jacobi-anger,,,,2.0,a8fa234e-a646-4911-8402-a67c302db4ae,2026-08-12T00:11:58.358108+00:00,c1ad72de628f71283ac69037e9bbe97c3e773952f5abde5eac91397ca322d1a6,resource-grid,heisenberg_chain,Heisenberg-13,"{""coupling"":1.0,""field_z"":0.3}",13,13.0,proportional,1.0,0.00012589254117941674,39.89999999999996,49,qsvt,qsvt,QSVT,jacobi-anger-rigorous,analytical,,,,,,,,,,,,,,,,,,,,,,,,,,,,,,,,,,,4275.0,713.0,,,2.5061493829640567e-05,,jacobi-anger-polynomial-oaa,"Martyn et al., arXiv:2105.02859, Eqs. (76)--(77)",Jacobi--Anger tails plus exact cubic OAA identity,"{""oaa-unitarity-defect-distortion"":1.2530864677812368e-05,""scaled-polynomial-error"":1.2530629151828199e-05}",True,ideal-qsvt-oaa-good-block,True,,"[""the cosine and sine polynomials are implemented exactly"",""the unamplified good block is exactly Q/2""]",,,,,,,implemented-qsvt-floating-phase-circuit,False,False,0.00011330328706147508,,,,,,,,,,,,,,,,,,,2.0,one robust OAA round,1.0,"component, quadrature, and index registers all-zero",,27.0,547212.0,1316798.0,-1.0,66554936.0,8794263.0,analytical-model,1.2589254117941675e-05,,,,,,,,,,,,0.1.0,3.11.9,2.5.0,b58b31db18364511c43757e27fffc7abce8df2c1,True,ok,,
1.0,heisenberg_chain:N013,-3.9,empirical,,9.0,,2.0,a8fa234e-a646-4911-8402-a67c302db4ae,2026-08-12T00:11:58.358108+00:00,c1ad72de628f71283ac69037e9bbe97c3e773952f5abde5eac91397ca322d1a6,resource-grid,heisenberg_chain,Heisenberg-13,"{""coupling"":1.0,""field_z"":0.3}",13,13.0,proportional,1.0,0.00012589254117941674,39.89999999999996,49,mpf-j-mizuta2026-theorem6-empirical-operator-norm,multiproduct,MPF J=Mizuta Theorem 6 (resolved per point) [empirical operator norm],empirical-operator-norm,,,9.0,18.0,mizuta2026-theorem6,6.300000000000004,0.00011330328706147508,,,,,,,,,,,,,,,,,,,,,,,,,,,,,,,,,,,,,,,,,,,,,,,,,,,,,0.00011330328706147508,,,,,,,,,,,,,,,,,,,,,,,,,,,,,,,,,,,,,,,,,,,0.1.0,3.11.9,2.5.0,b58b31db18364511c43757e27fffc7abce8df2c1,True,missing_empirical,UnsupportedEmpiricalCalibrationError,"no reviewed empirical operator-norm calibration for method=multiproduct, formal_order=18, model=heisenberg_chain, parameters={'coupling': 1.0, 'field_z': 0.3}, boundary=open, partition=None, schedule='new', formula='ordered-individual-pauli-strang-mpf-v1'"
1.0,heisenberg_chain:N013,-3.9,commutator,,9.0,13658.0,2.0,a8fa234e-a646-4911-8402-a67c302db4ae,2026-08-12T00:11:58.358108+00:00,c1ad72de628f71283ac69037e9bbe97c3e773952f5abde5eac91397ca322d1a6,resource-grid,heisenberg_chain,Heisenberg-13,"{""coupling"":1.0,""field_z"":0.3}",13,13.0,proportional,1.0,0.00012589254117941674,39.89999999999996,49,mpf-j-mizuta2026-theorem6-mizuta2026-commutator-ideal-rigorous,multiproduct,MPF J=Mizuta Theorem 6 (resolved per point) [Mizuta 2026 refined commutator],mizuta2026-commutator-ideal-rigorous,analytical,,9.0,18.0,mizuta2026-theorem6,6.300000000000004,0.00011330328706147508,13658.0,13658.0,,9299.0,"[""error""]",178.82077190650537,18.0,,,8.294129119399653e-09,5.835445949047788e-29,1.2745581499848987e-42,5.835445949047659e-29,5.835445949047788e-29,8.294129119399655e-09,0.00011329404793369539,1.3719981362396362e-05,False,0.0013980478740507282,"[1.0000000000000002,1.0000000000000002,1.0000000000000002,1.0000000000000002,1.0000000000000002,1.0000000000000002,1.0000000000000002,1.0000000000000002,1.0000000000000002,1.0000000000000002,1.0000000000000002,1.0000000000000002,1.0000000000000002,1.0000000000000002,1.0000000000000002,1.0000000000000002,1.0000000000000002,1.0000000000000002,1.0000000000000002,1.0000000000000002,1.0000000000000002,1.0000000000000002,1.0000000000000002,1.0000000000000002,1.0000000000000002,1.0000000000000002,1.0000000000000002,1.0000000000000002,1.0000000000000002,1.0000000000000002,1.0000000000000002,1.0000000000000002,1.0000000000000002,1.0000000000000002,1.0000000000000002,1.0000000000000002,1.0000000000000002,1.0000000000000002,1.0000000000000002,1.0000000000000002,1.0000000000000002,1.0000000000000002,1.0000000000000002,1.0000000000000002,1.0000000000000002,1.0000000000000002,1.0000000000000002,1.0000000000000002,1.0000000000000002]",6.300000000000007,7.0,True,exact commutator transition cap reached; locality bound used,not-used,commutator,mizuta2026-commutator-ideal-rigorous,[],3277920.0,,,,0.00011329404793369539,2.1193474294187028e+49,mizuta2026-commutator-ideal-rigorous,"Mizuta, Quantum 10, 1974 (2026), arXiv:2507.06557v4","Theorem 4, Eqs. (47)--(49), with direct Lemmas 9--10 BCH remainder","{""error_predicate_satisfied"":1.0,""extensiveness_g"":6.300000000000004,""joint_predicate_satisfied"":1.0,""legacy_first_condition_passed"":0.0,""legacy_first_time_limit"":1.3719981362396362e-05,""local_commutator_error"":8.294129119399653e-09,""local_step_error"":8.294129119399655e-09,""local_truncated_bch_error"":5.835445949047788e-29,""locality_k"":2.0,""mu_upper"":178.82077190650537,""refined_lemma10_remainder"":5.835445949047659e-29,""refined_lemma9_remainder"":1.2745581499848987e-42,""refined_tail_fallback"":0.0,""repeated_global_error"":0.00011329404793369539,""schedule_weighted_extensiveness"":6.300000000000007,""second_time_limit"":0.0013980478740507282,""time_2_predicate_satisfied"":1.0,""total_branchwise_bch_remainder"":5.835445949047788e-29,""truncation_order_p0"":18.0}",True,ideal-mpf,True,ordered individual Pauli terms,"[""individual Pauli summands define the ordered H_gamma decomposition"",""the actual Strang factors define schedule-weighted g_alpha extensiveness"",""Lemma 9 and Lemma 10 positive majorants directly certify the BCH remainder"",""the scalar-flow/Cauchy refined tail certificate is used"",""Theorem 4 second time hypothesis is satisfied"",""the repeated ideal MPF is composed with the Eq. (15) telescoping argument""]","exact Pauli recurrence would require 466284 transitions at order 8, above cap 250000; remaining orders use Mizuta 2026 Eq. (8)",18.0,7.0,True,True,"{""2"":321.6000000000004,""3"":5070.720000000011,""4"":74820.86400000023,""5"":1370305.228800006,""6"":25164040.642560143,""7"":522290321.86675566,""8"":2663901875917312.5,""9"":5.3704261818492736e+17,""10"":1.2180126580434136e+20,""11"":3.0693918982694054e+22,""12"":8.508354342002837e+24,""13"":2.5729263530216704e+27,""14"":8.428906732499016e+29,""15"":2.973718295225653e+32,""16"":1.1240655155953012e+35,""17"":4.532232158880239e+37,""18"":1.9416082568643063e+40}",repeated-shared-ancilla-good-block,True,False,0.00011330328706147508,new,"[1,2,3,4,5,6,8,14,37]","[1.967691252631999e-13,-3.445506091008736e-08,2.544222523112307e-05,-0.0016199636587070087,0.021324279661958864,-0.07100801545469856,0.14994672471728007,-0.4079534241993221,1.3092849911631212]",1.9611628755355768,0.03883712446442322,80.0,registered-exact,True,9.0,4.0,2.0,5.0,11.0,5.0,6.0,3.0,2.0,3.0,2.0,one robust OAA round per segment,13658.0,branch register all-zero,,20.0,637145700.0,1570670.0,-1.0,91118117780.0,1113923903.0,analytical-model,1.2589254117941675e-05,,,,,,,,,,,,0.1.0,3.11.9,2.5.0,b58b31db18364511c43757e27fffc7abce8df2c1,True,ok,,
1.0,heisenberg_chain:N013,-4.0,commutator,56610.0,,,2.0,a8fa234e-a646-4911-8402-a67c302db4ae,2026-08-12T00:11:58.358108+00:00,c1ad72de628f71283ac69037e9bbe97c3e773952f5abde5eac91397ca322d1a6,resource-grid,heisenberg_chain,Heisenberg-13,"{""coupling"":1.0,""field_z"":0.3}",13,13.0,proportional,1.0,0.0001,39.89999999999996,49,trotter-p2,trotter,Trotter p=2,analytical,analytical,2.0,,,,,,56610.0,,,,,,,,,,,,,,,,,,,,,,,,,,,,,,individual,49.0,8.999995974652298e-05,131.28000000000006,childs-commutator,"Childs, Su, Tran, Wiebe, and Zhu, arXiv:1912.08854",Propositions 9--10,"{""prefactor"":131.28000000000006}",True,implemented-product-formula,True,,"[""the resolved ordered Hamiltonian groups match the implemented formula""]",,,,,,,implemented-product-formula,True,True,9e-05,,,,,,,,,,,,,,,,,,,1.0,none,0.0,system register,1.0,13.0,5491170.0,0.0,-1.0,675413910.0,8068658.0,analytical-model,1e-05,,,,,,,,,,,,0.1.0,3.11.9,2.5.0,b58b31db18364511c43757e27fffc7abce8df2c1,True,ok,,
1.0,heisenberg_chain:N013,-4.0,empirical,17641.0,,,2.0,a8fa234e-a646-4911-8402-a67c302db4ae,2026-08-12T00:11:58.358108+00:00,c1ad72de628f71283ac69037e9bbe97c3e773952f5abde5eac91397ca322d1a6,resource-grid,heisenberg_chain,Heisenberg-13,"{""coupling"":1.0,""field_z"":0.3}",13,13.0,proportional,1.0,0.0001,39.89999999999996,49,trotter-p2-empirical,trotter,Trotter p=2 [empirical],empirical-operator-norm,empirical,2.0,,,,,,17641.0,,,,,,,,,,,,,,,,,,,,,,,,,,,,,,individual,49.0,8.999731670999297e-05,12.748112989099997,empirical-operator-norm,Repository empirical operator-norm calibration study v1 (2026-08-10),reviewed calibration opnorm-v1-heisenberg-open-trotter-p2; artifact docs/calibration_data/empirical_1d_v1_accepted.json,"{""prefactor"":12.748112989099997}",False,implemented-product-formula,False,,"[""the resolved ordered Hamiltonian groups match the implemented formula"",""the fixed formal-order powers in time and segments apply"",""the reviewed affine size calibration extrapolates as flagged""]",,,,,,,implemented-product-formula,False,False,9e-05,,,,,,,,,,,,,,,,,,,1.0,none,0.0,system register,1.0,13.0,1711177.0,0.0,-1.0,201918886.0,2514383.0,analytical-model,1e-05,opnorm-v1-heisenberg-open-trotter-p2,heisenberg_chain,affine-aN-plus-b,12.748112989099997,4.0,12.0,4.0,12.0,True,True,formula,0.1.0,3.11.9,2.5.0,b58b31db18364511c43757e27fffc7abce8df2c1,True,ok,,
1.0,heisenberg_chain:N013,-4.0,commutator,2318.0,,,2.0,a8fa234e-a646-4911-8402-a67c302db4ae,2026-08-12T00:11:58.358108+00:00,c1ad72de628f71283ac69037e9bbe97c3e773952f5abde5eac91397ca322d1a6,resource-grid,heisenberg_chain,Heisenberg-13,"{""coupling"":1.0,""field_z"":0.3}",13,13.0,proportional,1.0,0.0001,39.89999999999996,49,trotter-p4,trotter,Trotter p=4,analytical,analytical,4.0,,,,,,2318.0,,,,,,,,,,,,,,,,,,,,,,,,,,,,,,commuting,3.0,8.99086760008847e-05,6990.98817037107,schubert-mendl-commutator,"Schubert and Mendl, arXiv:2306.10603",Theorem 1,"{""prefactor"":6990.98817037107}",True,implemented-product-formula,True,,"[""the resolved ordered Hamiltonian groups match the implemented formula""]",,,,,,,implemented-product-formula,True,True,9e-05,,,,,,,,,,,,,,,,,,,1.0,none,0.0,system register,1.0,13.0,1008330.0,0.0,-1.0,115957950.0,1481628.0,analytical-model,1e-05,,,,,,,,,,,,0.1.0,3.11.9,2.5.0,b58b31db18364511c43757e27fffc7abce8df2c1,True,ok,,
1.0,heisenberg_chain:N013,-4.0,empirical,331.0,,,2.0,a8fa234e-a646-4911-8402-a67c302db4ae,2026-08-12T00:11:58.358108+00:00,c1ad72de628f71283ac69037e9bbe97c3e773952f5abde5eac91397ca322d1a6,resource-grid,heisenberg_chain,Heisenberg-13,"{""coupling"":1.0,""field_z"":0.3}",13,13.0,proportional,1.0,0.0001,39.89999999999996,49,trotter-p4-empirical,trotter,Trotter p=4 [empirical],empirical-operator-norm,empirical,4.0,,,,,,331.0,,,,,,,,,,,,,,,,,,,,,,,,,,,,,,commuting,3.0,8.958000761745519e-05,2.8960516869,empirical-operator-norm,Repository empirical operator-norm calibration study v1 (2026-08-10),reviewed calibration opnorm-v1-heisenberg-open-trotter-p4; artifact docs/calibration_data/empirical_1d_v1_accepted.json,"{""prefactor"":2.8960516869}",False,implemented-product-formula,False,,"[""the resolved ordered Hamiltonian groups match the implemented formula"",""the fixed formal-order powers in time and segments apply"",""the reviewed affine size calibration extrapolates as flagged""]",,,,,,,implemented-product-formula,False,False,9e-05,,,,,,,,,,,,,,,,,,,1.0,none,0.0,system register,1.0,13.0,143985.0,0.0,-1.0,15406395.0,211570.0,analytical-model,1e-05,opnorm-v1-heisenberg-open-trotter-p4,heisenberg_chain,affine-aN-plus-b,2.8960516869,4.0,12.0,4.0,12.0,True,True,formula,0.1.0,3.11.9,2.5.0,b58b31db18364511c43757e27fffc7abce8df2c1,True,ok,,
1.0,heisenberg_chain:N013,-4.0,commutator,1092.0,,,2.0,a8fa234e-a646-4911-8402-a67c302db4ae,2026-08-12T00:11:58.358108+00:00,c1ad72de628f71283ac69037e9bbe97c3e773952f5abde5eac91397ca322d1a6,resource-grid,heisenberg_chain,Heisenberg-13,"{""coupling"":1.0,""field_z"":0.3}",13,13.0,proportional,1.0,0.0001,39.89999999999996,49,trotter-p6,trotter,Trotter p=6,analytical,analytical,6.0,,,,,,1092.0,,,,,,,,,,,,,,,,,,,,,,,,,,,,,,commuting,3.0,8.992267555290901e-05,2429973.763029318,schubert-mendl-commutator,"Schubert and Mendl, arXiv:2306.10603",Theorem 1,"{""prefactor"":2429973.763029318}",True,implemented-product-formula,True,,"[""the resolved ordered Hamiltonian groups match the implemented formula""]",,,,,,,implemented-product-formula,True,True,9e-05,,,,,,,,,,,,,,,,,,,1.0,none,0.0,system register,1.0,13.0,2375100.0,0.0,-1.0,282636900.0,3489943.0,analytical-model,1e-05,,,,,,,,,,,,0.1.0,3.11.9,2.5.0,b58b31db18364511c43757e27fffc7abce8df2c1,True,ok,,
1.0,heisenberg_chain:N013,-4.0,empirical,78.0,,,2.0,a8fa234e-a646-4911-8402-a67c302db4ae,2026-08-12T00:11:58.358108+00:00,c1ad72de628f71283ac69037e9bbe97c3e773952f5abde5eac91397ca322d1a6,resource-grid,heisenberg_chain,Heisenberg-13,"{""coupling"":1.0,""field_z"":0.3}",13,13.0,proportional,1.0,0.0001,39.89999999999996,49,trotter-p6-empirical,trotter,Trotter p=6 [empirical],empirical-operator-norm,empirical,6.0,,,,,,78.0,,,,,,,,,,,,,,,,,,,,,,,,,,,,,,commuting,3.0,1.1732955902777759e-05,0.0421086762,empirical-operator-norm,Repository empirical operator-norm calibration study v1 (2026-08-10),reviewed calibration opnorm-v1-heisenberg-open-trotter-p6; artifact docs/calibration_data/empirical_1d_v1_accepted.json,"{""prefactor"":0.0421086762}",False,implemented-product-formula,False,,"[""the resolved ordered Hamiltonian groups match the implemented formula"",""the fixed formal-order powers in time and segments apply"",""the reviewed affine size calibration extrapolates as flagged""]",,,,,,,implemented-product-formula,False,False,9e-05,,,,,,,,,,,,,,,,,,,1.0,none,0.0,system register,1.0,13.0,169650.0,0.0,-1.0,18322200.0,249282.0,analytical-model,1e-05,opnorm-v1-heisenberg-open-trotter-p6,heisenberg_chain,affine-aN-plus-b,0.0421086762,4.0,12.0,4.0,12.0,True,True,asymptotic-domain,0.1.0,3.11.9,2.5.0,b58b31db18364511c43757e27fffc7abce8df2c1,True,ok,,
1.0,heisenberg_chain:N013,-4.0,jacobi-anger,,,,2.0,a8fa234e-a646-4911-8402-a67c302db4ae,2026-08-12T00:11:58.358108+00:00,c1ad72de628f71283ac69037e9bbe97c3e773952f5abde5eac91397ca322d1a6,resource-grid,heisenberg_chain,Heisenberg-13,"{""coupling"":1.0,""field_z"":0.3}",13,13.0,proportional,1.0,0.0001,39.89999999999996,49,qsvt,qsvt,QSVT,jacobi-anger-rigorous,analytical,,,,,,,,,,,,,,,,,,,,,,,,,,,,,,,,,,,4275.0,713.0,,,2.2472209705168416e-05,,jacobi-anger-polynomial-oaa,"Martyn et al., arXiv:2105.02859, Eqs. (76)--(77)",Jacobi--Anger tails plus exact cubic OAA identity,"{""oaa-unitarity-defect-distortion"":1.1236199538882181e-05,""scaled-polynomial-error"":1.1236010166286235e-05}",True,ideal-qsvt-oaa-good-block,True,,"[""the cosine and sine polynomials are implemented exactly"",""the unamplified good block is exactly Q/2""]",,,,,,,implemented-qsvt-floating-phase-circuit,False,False,9e-05,,,,,,,,,,,,,,,,,,,2.0,one robust OAA round,1.0,"component, quadrature, and index registers all-zero",,27.0,547212.0,1316798.0,-1.0,67102148.0,8794263.0,analytical-model,1e-05,,,,,,,,,,,,0.1.0,3.11.9,2.5.0,b58b31db18364511c43757e27fffc7abce8df2c1,True,ok,,
1.0,heisenberg_chain:N013,-4.0,empirical,,9.0,,2.0,a8fa234e-a646-4911-8402-a67c302db4ae,2026-08-12T00:11:58.358108+00:00,c1ad72de628f71283ac69037e9bbe97c3e773952f5abde5eac91397ca322d1a6,resource-grid,heisenberg_chain,Heisenberg-13,"{""coupling"":1.0,""field_z"":0.3}",13,13.0,proportional,1.0,0.0001,39.89999999999996,49,mpf-j-mizuta2026-theorem6-empirical-operator-norm,multiproduct,MPF J=Mizuta Theorem 6 (resolved per point) [empirical operator norm],empirical-operator-norm,,,9.0,18.0,mizuta2026-theorem6,6.300000000000004,9e-05,,,,,,,,,,,,,,,,,,,,,,,,,,,,,,,,,,,,,,,,,,,,,,,,,,,,,9e-05,,,,,,,,,,,,,,,,,,,,,,,,,,,,,,,,,,,,,,,,,,,0.1.0,3.11.9,2.5.0,b58b31db18364511c43757e27fffc7abce8df2c1,True,missing_empirical,UnsupportedEmpiricalCalibrationError,"no reviewed empirical operator-norm calibration for method=multiproduct, formal_order=18, model=heisenberg_chain, parameters={'coupling': 1.0, 'field_z': 0.3}, boundary=open, partition=None, schedule='new', formula='ordered-individual-pauli-strang-mpf-v1'"
1.0,heisenberg_chain:N013,-4.0,commutator,,9.0,13834.0,2.0,a8fa234e-a646-4911-8402-a67c302db4ae,2026-08-12T00:11:58.358108+00:00,c1ad72de628f71283ac69037e9bbe97c3e773952f5abde5eac91397ca322d1a6,resource-grid,heisenberg_chain,Heisenberg-13,"{""coupling"":1.0,""field_z"":0.3}",13,13.0,proportional,1.0,0.0001,39.89999999999996,49,mpf-j-mizuta2026-theorem6-mizuta2026-commutator-ideal-rigorous,multiproduct,MPF J=Mizuta Theorem 6 (resolved per point) [Mizuta 2026 refined commutator],mizuta2026-commutator-ideal-rigorous,analytical,,9.0,18.0,mizuta2026-theorem6,6.300000000000004,9e-05,13834.0,13834.0,,9299.0,"[""error""]",178.82077190650537,18.0,,,6.503066509600785e-09,4.5686464392182717e-29,9.990933126745281e-43,4.5686464392181713e-29,4.5686464392182717e-29,6.503066509600786e-09,8.997151529008175e-05,1.3719981362396362e-05,False,0.0013980478740507282,"[1.0000000000000002,1.0000000000000002,1.0000000000000002,1.0000000000000002,1.0000000000000002,1.0000000000000002,1.0000000000000002,1.0000000000000002,1.0000000000000002,1.0000000000000002,1.0000000000000002,1.0000000000000002,1.0000000000000002,1.0000000000000002,1.0000000000000002,1.0000000000000002,1.0000000000000002,1.0000000000000002,1.0000000000000002,1.0000000000000002,1.0000000000000002,1.0000000000000002,1.0000000000000002,1.0000000000000002,1.0000000000000002,1.0000000000000002,1.0000000000000002,1.0000000000000002,1.0000000000000002,1.0000000000000002,1.0000000000000002,1.0000000000000002,1.0000000000000002,1.0000000000000002,1.0000000000000002,1.0000000000000002,1.0000000000000002,1.0000000000000002,1.0000000000000002,1.0000000000000002,1.0000000000000002,1.0000000000000002,1.0000000000000002,1.0000000000000002,1.0000000000000002,1.0000000000000002,1.0000000000000002,1.0000000000000002,1.0000000000000002]",6.300000000000007,7.0,True,exact commutator transition cap reached; locality bound used,not-used,commutator,mizuta2026-commutator-ideal-rigorous,[],3320160.0,,,,8.997151529008175e-05,2.1193474294187028e+49,mizuta2026-commutator-ideal-rigorous,"Mizuta, Quantum 10, 1974 (2026), arXiv:2507.06557v4","Theorem 4, Eqs. (47)--(49), with direct Lemmas 9--10 BCH remainder","{""error_predicate_satisfied"":1.0,""extensiveness_g"":6.300000000000004,""joint_predicate_satisfied"":1.0,""legacy_first_condition_passed"":0.0,""legacy_first_time_limit"":1.3719981362396362e-05,""local_commutator_error"":6.503066509600785e-09,""local_step_error"":6.503066509600786e-09,""local_truncated_bch_error"":4.5686464392182717e-29,""locality_k"":2.0,""mu_upper"":178.82077190650537,""refined_lemma10_remainder"":4.5686464392181713e-29,""refined_lemma9_remainder"":9.990933126745281e-43,""refined_tail_fallback"":0.0,""repeated_global_error"":8.997151529008175e-05,""schedule_weighted_extensiveness"":6.300000000000007,""second_time_limit"":0.0013980478740507282,""time_2_predicate_satisfied"":1.0,""total_branchwise_bch_remainder"":4.5686464392182717e-29,""truncation_order_p0"":18.0}",True,ideal-mpf,True,ordered individual Pauli terms,"[""individual Pauli summands define the ordered H_gamma decomposition"",""the actual Strang factors define schedule-weighted g_alpha extensiveness"",""Lemma 9 and Lemma 10 positive majorants directly certify the BCH remainder"",""the scalar-flow/Cauchy refined tail certificate is used"",""Theorem 4 second time hypothesis is satisfied"",""the repeated ideal MPF is composed with the Eq. (15) telescoping argument""]","exact Pauli recurrence would require 466284 transitions at order 8, above cap 250000; remaining orders use Mizuta 2026 Eq. (8)",18.0,7.0,True,True,"{""2"":321.6000000000004,""3"":5070.720000000011,""4"":74820.86400000023,""5"":1370305.228800006,""6"":25164040.642560143,""7"":522290321.86675566,""8"":2663901875917312.5,""9"":5.3704261818492736e+17,""10"":1.2180126580434136e+20,""11"":3.0693918982694054e+22,""12"":8.508354342002837e+24,""13"":2.5729263530216704e+27,""14"":8.428906732499016e+29,""15"":2.973718295225653e+32,""16"":1.1240655155953012e+35,""17"":4.532232158880239e+37,""18"":1.9416082568643063e+40}",repeated-shared-ancilla-good-block,True,False,9e-05,new,"[1,2,3,4,5,6,8,14,37]","[1.967691252631999e-13,-3.445506091008736e-08,2.544222523112307e-05,-0.0016199636587070087,0.021324279661958864,-0.07100801545469856,0.14994672471728007,-0.4079534241993221,1.3092849911631212]",1.9611628755355768,0.03883712446442322,80.0,registered-exact,True,9.0,4.0,2.0,5.0,11.0,5.0,6.0,3.0,2.0,3.0,2.0,one robust OAA round per segment,13834.0,branch register all-zero,,20.0,645356100.0,1590910.0,-1.0,92937642040.0,1128278172.0,analytical-model,1e-05,,,,,,,,,,,,0.1.0,3.11.9,2.5.0,b58b31db18364511c43757e27fffc7abce8df2c1,True,ok,,
