grid_schema_version,shard_id,log10_target_error,estimator_variant,trotter_reps,mpf_branch_count,mpf_segments,schema_version,run_id,generated_at_utc,config_digest,sweep,hamiltonian_model,hamiltonian_name,model_parameters_json,system_qubits,evolution_time,time_scaling_mode,time_scaling_coefficient,target_error,hamiltonian_alpha,hamiltonian_term_count,method_id,method_family,method_label,error_policy,estimate_category,trotter_order,mpf_term_count,mpf_formal_order,mpf_branch_count_policy,mpf_branch_count_policy_extensiveness_g,mpf_branch_count_policy_target_error,segment_count,mpf_r_error,mpf_r_time_1,mpf_r_time_2,mpf_active_constraints_json,mpf_mu_upper,mpf_truncation_order_p0,mpf_auxiliary_error,mpf_auxiliary_allocation_fraction,mpf_local_commutator_error,mpf_local_truncated_bch_error,mpf_refined_lemma9_remainder,mpf_refined_lemma10_remainder,mpf_total_branchwise_bch_remainder,mpf_local_step_error,mpf_repeated_global_error,mpf_legacy_first_time_limit,mpf_legacy_first_condition_passed,mpf_second_time_limit,mpf_schedule_weights_json,mpf_schedule_weighted_extensiveness,mpf_exact_commutator_cutoff,mpf_locality_fallback,mpf_locality_fallback_reason,mpf_refined_tail_fallback_status,mpf_local_error_dominance,mpf_bound_policy,mpf_bound_candidates_json,query_count,qsvt_degree,trotter_partition,trotter_group_count,bound_value,bound_prefactor,bound_method,bound_reference,bound_theorem_or_equations,bound_components_json,bound_rigorous,bound_scope,bound_target_satisfied,hamiltonian_decomposition,bound_assumptions_json,bound_fallback_reason,max_nested_commutator_order,max_exact_nested_commutator_order,locality_compatible,commutator_cap_fallback,commutator_bounds_json,circuit_bound_scope,circuit_bound_rigorous,circuit_target_satisfied,algorithm_error_budget,mpf_schedule,mpf_exponents_json,mpf_coefficients_json,mpf_coefficient_l1_norm,mpf_padding_weight,mpf_exponent_sum,mpf_exponent_sum_source,mpf_explicit_schedule_available,mpf_physical_branch_count,mpf_negative_coefficient_count,mpf_padding_branch_count,mpf_sign_branch_count,mpf_active_branch_count,mpf_unused_branch_state_count,mpf_prepare_calls_per_segment,mpf_select_calls_per_segment,mpf_good_reflections_per_segment,mpf_base_lcu_uses_per_segment,lcu_normalization,amplitude_amplification,amplitude_amplification_rounds,good_subspace,nominal_success_probability,total_qubits,rotation_count,toffoli_count,depth,t_count,cnot_count,counting_mode,rotation_synthesis_error,empirical_calibration_id,empirical_calibration_model,empirical_coefficient_model,empirical_coefficient_value,empirical_calibration_size_min,empirical_calibration_size_max,empirical_calibration_time_min,empirical_calibration_time_max,empirical_size_extrapolated,empirical_time_extrapolated,empirical_active_constraint,package_version,python_version,qiskit_version,git_commit,git_dirty,status,error_type,error_message
1.0,heisenberg_chain:N036,-1.0,commutator,14629.0,,,2.0,a8fa234e-a646-4911-8402-a67c302db4ae,2026-08-12T00:11:58.358108+00:00,c1ad72de628f71283ac69037e9bbe97c3e773952f5abde5eac91397ca322d1a6,resource-grid,heisenberg_chain,Heisenberg-36,"{""coupling"":1.0,""field_z"":0.3}",36,36.0,proportional,1.0,0.1,115.7999999999999,141,trotter-p2,trotter,Trotter p=2,analytical,analytical,2.0,,,,,,14629.0,,,,,,,,,,,,,,,,,,,,,,,,,,,,,,individual,141.0,0.08999490256518465,412.80000000000024,childs-commutator,"Childs, Su, Tran, Wiebe, and Zhu, arXiv:1912.08854",Propositions 9--10,"{""prefactor"":412.80000000000024}",True,implemented-product-formula,True,,"[""the resolved ordered Hamiltonian groups match the implemented formula""]",,,,,,,implemented-product-formula,True,True,0.09000000000000001,,,,,,,,,,,,,,,,,,,1.0,none,0.0,system register,1.0,36.0,4110749.0,0.0,-1.0,374078159.0,6122393.0,analytical-model,0.010000000000000002,,,,,,,,,,,,0.1.0,3.11.9,2.5.0,b58b31db18364511c43757e27fffc7abce8df2c1,True,ok,,
1.0,heisenberg_chain:N036,-1.0,empirical,4468.0,,,2.0,a8fa234e-a646-4911-8402-a67c302db4ae,2026-08-12T00:11:58.358108+00:00,c1ad72de628f71283ac69037e9bbe97c3e773952f5abde5eac91397ca322d1a6,resource-grid,heisenberg_chain,Heisenberg-36,"{""coupling"":1.0,""field_z"":0.3}",36,36.0,proportional,1.0,0.1,115.7999999999999,141,trotter-p2-empirical,trotter,Trotter p=2 [empirical],empirical-operator-norm,empirical,2.0,,,,,,4468.0,,,,,,,,,,,,,,,,,,,,,,,,,,,,,,individual,141.0,0.08997681794621855,38.4990006881,empirical-operator-norm,Repository empirical operator-norm calibration study v1 (2026-08-10),reviewed calibration opnorm-v1-heisenberg-open-trotter-p2; artifact docs/calibration_data/empirical_1d_v1_accepted.json,"{""prefactor"":38.4990006881}",False,implemented-product-formula,False,,"[""the resolved ordered Hamiltonian groups match the implemented formula"",""the fixed formal-order powers in time and segments apply"",""the reviewed affine size calibration extrapolates as flagged""]",,,,,,,implemented-product-formula,False,False,0.09000000000000001,,,,,,,,,,,,,,,,,,,1.0,none,0.0,system register,1.0,36.0,1255508.0,0.0,-1.0,107973688.0,1869906.0,analytical-model,0.010000000000000002,opnorm-v1-heisenberg-open-trotter-p2,heisenberg_chain,affine-aN-plus-b,38.4990006881,4.0,12.0,4.0,12.0,True,True,formula,0.1.0,3.11.9,2.5.0,b58b31db18364511c43757e27fffc7abce8df2c1,True,ok,,
1.0,heisenberg_chain:N036,-1.0,commutator,1881.0,,,2.0,a8fa234e-a646-4911-8402-a67c302db4ae,2026-08-12T00:11:58.358108+00:00,c1ad72de628f71283ac69037e9bbe97c3e773952f5abde5eac91397ca322d1a6,resource-grid,heisenberg_chain,Heisenberg-36,"{""coupling"":1.0,""field_z"":0.3}",36,36.0,proportional,1.0,0.1,115.7999999999999,141,trotter-p4,trotter,Trotter p=4,analytical,analytical,4.0,,,,,,1881.0,,,,,,,,,,,,,,,,,,,,,,,,,,,,,,commuting,3.0,0.08998960572342837,18630.95116112817,schubert-mendl-commutator,"Schubert and Mendl, arXiv:2306.10603",Theorem 1,"{""prefactor"":18630.95116112817}",True,implemented-product-formula,True,,"[""the resolved ordered Hamiltonian groups match the implemented formula""]",,,,,,,implemented-product-formula,True,True,0.09000000000000001,,,,,,,,,,,,,,,,,,,1.0,none,0.0,system register,1.0,36.0,2153745.0,0.0,-1.0,189529560.0,3207706.0,analytical-model,0.010000000000000002,,,,,,,,,,,,0.1.0,3.11.9,2.5.0,b58b31db18364511c43757e27fffc7abce8df2c1,True,ok,,
1.0,heisenberg_chain:N036,-1.0,empirical,288.0,,,2.0,a8fa234e-a646-4911-8402-a67c302db4ae,2026-08-12T00:11:58.358108+00:00,c1ad72de628f71283ac69037e9bbe97c3e773952f5abde5eac91397ca322d1a6,resource-grid,heisenberg_chain,Heisenberg-36,"{""coupling"":1.0,""field_z"":0.3}",36,36.0,proportional,1.0,0.1,115.7999999999999,141,trotter-p4-empirical,trotter,Trotter p=4 [empirical],empirical-operator-norm,empirical,4.0,,,,,,288.0,,,,,,,,,,,,,,,,,,,,,,,,,,,,,,commuting,3.0,0.08345796543632804,9.4956618452,empirical-operator-norm,Repository empirical operator-norm calibration study v1 (2026-08-10),reviewed calibration opnorm-v1-heisenberg-open-trotter-p4; artifact docs/calibration_data/empirical_1d_v1_accepted.json,"{""prefactor"":9.4956618452}",False,implemented-product-formula,False,,"[""the resolved ordered Hamiltonian groups match the implemented formula"",""the fixed formal-order powers in time and segments apply"",""the reviewed affine size calibration extrapolates as flagged""]",,,,,,,implemented-product-formula,False,False,0.09000000000000001,,,,,,,,,,,,,,,,,,,1.0,none,0.0,system register,1.0,36.0,329760.0,0.0,-1.0,26380800.0,491132.0,analytical-model,0.010000000000000002,opnorm-v1-heisenberg-open-trotter-p4,heisenberg_chain,affine-aN-plus-b,9.4956618452,4.0,12.0,4.0,12.0,True,True,asymptotic-domain,0.1.0,3.11.9,2.5.0,b58b31db18364511c43757e27fffc7abce8df2c1,True,ok,,
1.0,heisenberg_chain:N036,-1.0,commutator,1365.0,,,2.0,a8fa234e-a646-4911-8402-a67c302db4ae,2026-08-12T00:11:58.358108+00:00,c1ad72de628f71283ac69037e9bbe97c3e773952f5abde5eac91397ca322d1a6,resource-grid,heisenberg_chain,Heisenberg-36,"{""coupling"":1.0,""field_z"":0.3}",36,36.0,proportional,1.0,0.1,115.7999999999999,141,trotter-p6,trotter,Trotter p=6,analytical,analytical,6.0,,,,,,1365.0,,,,,,,,,,,,,,,,,,,,,,,,,,,,,,commuting,3.0,0.08993244819219444,7423262.513876497,schubert-mendl-commutator,"Schubert and Mendl, arXiv:2306.10603",Theorem 1,"{""prefactor"":7423262.513876497}",True,implemented-product-formula,True,,"[""the resolved ordered Hamiltonian groups match the implemented formula""]",,,,,,,implemented-product-formula,True,True,0.09000000000000001,,,,,,,,,,,,,,,,,,,1.0,none,0.0,system register,1.0,36.0,7814625.0,0.0,-1.0,734574750.0,11638804.0,analytical-model,0.010000000000000002,,,,,,,,,,,,0.1.0,3.11.9,2.5.0,b58b31db18364511c43757e27fffc7abce8df2c1,True,ok,,
1.0,heisenberg_chain:N036,-1.0,empirical,216.0,,,2.0,a8fa234e-a646-4911-8402-a67c302db4ae,2026-08-12T00:11:58.358108+00:00,c1ad72de628f71283ac69037e9bbe97c3e773952f5abde5eac91397ca322d1a6,resource-grid,heisenberg_chain,Heisenberg-36,"{""coupling"":1.0,""field_z"":0.3}",36,36.0,proportional,1.0,0.1,115.7999999999999,141,trotter-p6-empirical,trotter,Trotter p=6 [empirical],empirical-operator-norm,empirical,6.0,,,,,,216.0,,,,,,,,,,,,,,,,,,,,,,,,,,,,,,commuting,3.0,0.0001064120947530859,0.13791007479999998,empirical-operator-norm,Repository empirical operator-norm calibration study v1 (2026-08-10),reviewed calibration opnorm-v1-heisenberg-open-trotter-p6; artifact docs/calibration_data/empirical_1d_v1_accepted.json,"{""prefactor"":0.13791007479999998}",False,implemented-product-formula,False,,"[""the resolved ordered Hamiltonian groups match the implemented formula"",""the fixed formal-order powers in time and segments apply"",""the reviewed affine size calibration extrapolates as flagged""]",,,,,,,implemented-product-formula,False,False,0.09000000000000001,,,,,,,,,,,,,,,,,,,1.0,none,0.0,system register,1.0,36.0,1236600.0,0.0,-1.0,106347600.0,1841745.0,analytical-model,0.010000000000000002,opnorm-v1-heisenberg-open-trotter-p6,heisenberg_chain,affine-aN-plus-b,0.13791007479999998,4.0,12.0,4.0,12.0,True,True,asymptotic-domain,0.1.0,3.11.9,2.5.0,b58b31db18364511c43757e27fffc7abce8df2c1,True,ok,,
1.0,heisenberg_chain:N036,-1.0,jacobi-anger,,,,2.0,a8fa234e-a646-4911-8402-a67c302db4ae,2026-08-12T00:11:58.358108+00:00,c1ad72de628f71283ac69037e9bbe97c3e773952f5abde5eac91397ca322d1a6,resource-grid,heisenberg_chain,Heisenberg-36,"{""coupling"":1.0,""field_z"":0.3}",36,36.0,proportional,1.0,0.1,115.7999999999999,141,qsvt,qsvt,QSVT,jacobi-anger-rigorous,analytical,,,,,,,,,,,,,,,,,,,,,,,,,,,,,,,,,,,33999.0,5667.0,,,0.015220050534210702,,jacobi-anger-polynomial-oaa,"Martyn et al., arXiv:2105.02859, Eqs. (76)--(77)",Jacobi--Anger tails plus exact cubic OAA identity,"{""oaa-unitarity-defect-distortion"":0.007653077892785822,""scaled-polynomial-error"":0.00756697264142488}",True,ideal-qsvt-oaa-good-block,True,,"[""the cosine and sine polynomials are implemented exactly"",""the unamplified good block is exactly Q/2""]",,,,,,,implemented-qsvt-floating-phase-circuit,False,False,0.09000000000000001,,,,,,,,,,,,,,,,,,,2.0,one robust OAA round,1.0,"component, quadrature, and index registers all-zero",,54.0,17407500.0,38962980.0,-1.0,1861786920.0,259413126.0,analytical-model,0.010000000000000002,,,,,,,,,,,,0.1.0,3.11.9,2.5.0,b58b31db18364511c43757e27fffc7abce8df2c1,True,ok,,
1.0,heisenberg_chain:N036,-1.0,empirical,,6.0,54.0,2.0,a8fa234e-a646-4911-8402-a67c302db4ae,2026-08-12T00:11:58.358108+00:00,c1ad72de628f71283ac69037e9bbe97c3e773952f5abde5eac91397ca322d1a6,resource-grid,heisenberg_chain,Heisenberg-36,"{""coupling"":1.0,""field_z"":0.3}",36,36.0,proportional,1.0,0.1,115.7999999999999,141,mpf-j-mizuta2026-theorem6-empirical-operator-norm,multiproduct,MPF J=Mizuta Theorem 6 (resolved per point) [empirical operator norm],empirical-operator-norm,empirical,,6.0,12.0,mizuta2026-theorem6,6.300000000000004,0.09000000000000001,54.0,,,,[],,,,,,,,,,,,,,,[],,,,,,,empirical-operator-norm,[],5184.0,,,,6.361888693119271e-05,0.00022928660000000003,empirical-operator-norm,Repository empirical operator-norm calibration study v1 (2026-08-10),reviewed calibration opnorm-v1-heisenberg-open-mpf-new-m6; fixed formal powers,"{""empirical_coefficient"":0.00022928660000000003}",False,ideal-mpf,False,ordered individual Pauli terms,"[""the fixed formal-order powers in time and segments apply"",""the empirical estimate concerns the repeated ideal MPF operator"",""the reviewed affine size calibration extrapolates as flagged""]",,0.0,0.0,False,False,{},repeated-shared-ancilla-good-block,False,False,0.09000000000000001,new,"[1,2,3,4,6,16]","[-3.1123560535325236e-07,0.0007054673721340386,-0.031622325043377676,0.17337566137566138,-0.4544415584415584,1.311983065972746]",1.9721283894410828,0.02787161055891696,32.0,registered-exact,True,6.0,3.0,2.0,4.0,8.0,0.0,6.0,3.0,2.0,3.0,2.0,one robust OAA round per segment,54.0,branch register all-zero,,41.0,2915676.0,2700.0,-1.0,262421640.0,5101868.0,analytical-model,0.010000000000000002,opnorm-v1-heisenberg-open-mpf-new-m6,heisenberg_chain,affine-aN-plus-b,0.00022928660000000003,4.0,8.0,4.0,12.0,True,True,asymptotic-domain,0.1.0,3.11.9,2.5.0,b58b31db18364511c43757e27fffc7abce8df2c1,True,ok,,
1.0,heisenberg_chain:N036,-1.0,commutator,,6.0,31220.0,2.0,a8fa234e-a646-4911-8402-a67c302db4ae,2026-08-12T00:11:58.358108+00:00,c1ad72de628f71283ac69037e9bbe97c3e773952f5abde5eac91397ca322d1a6,resource-grid,heisenberg_chain,Heisenberg-36,"{""coupling"":1.0,""field_z"":0.3}",36,36.0,proportional,1.0,0.1,115.7999999999999,141,mpf-j-mizuta2026-theorem6-mizuta2026-commutator-ideal-rigorous,multiproduct,MPF J=Mizuta Theorem 6 (resolved per point) [Mizuta 2026 refined commutator],mizuta2026-commutator-ideal-rigorous,analytical,,6.0,12.0,mizuta2026-theorem6,6.300000000000004,0.09000000000000001,31220.0,31220.0,,20137.0,"[""error""]",139.8337315093036,12.0,,,2.6531542752446597e-06,1.6713240411424972e-18,1.7999391807195534e-25,1.671323861148579e-18,1.6713240411424972e-18,2.6531542752463313e-06,0.0899844478053028,2.0579972043594542e-05,False,0.0017878375789704697,"[1.0000000000000002,1.0000000000000002,1.0000000000000002,1.0000000000000002,1.0000000000000002,1.0000000000000002,1.0000000000000002,1.0000000000000002,1.0000000000000002,1.0000000000000002,1.0000000000000002,1.0000000000000002,1.0000000000000002,1.0000000000000002,1.0000000000000002,1.0000000000000002,1.0000000000000002,1.0000000000000002,1.0000000000000002,1.0000000000000002,1.0000000000000002,1.0000000000000002,1.0000000000000002,1.0000000000000002,1.0000000000000002,1.0000000000000002,1.0000000000000002,1.0000000000000002,1.0000000000000002,1.0000000000000002,1.0000000000000002,1.0000000000000002,1.0000000000000002,1.0000000000000002,1.0000000000000002,1.0000000000000002,1.0000000000000002,1.0000000000000002,1.0000000000000002,1.0000000000000002,1.0000000000000002,1.0000000000000002,1.0000000000000002,1.0000000000000002,1.0000000000000002,1.0000000000000002,1.0000000000000002,1.0000000000000002,1.0000000000000002,1.0000000000000002,1.0000000000000002,1.0000000000000002,1.0000000000000002,1.0000000000000002,1.0000000000000002,1.0000000000000002,1.0000000000000002,1.0000000000000002,1.0000000000000002,1.0000000000000002,1.0000000000000002,1.0000000000000002,1.0000000000000002,1.0000000000000002,1.0000000000000002,1.0000000000000002,1.0000000000000002,1.0000000000000002,1.0000000000000002,1.0000000000000002,1.0000000000000002,1.0000000000000002,1.0000000000000002,1.0000000000000002,1.0000000000000002,1.0000000000000002,1.0000000000000002,1.0000000000000002,1.0000000000000002,1.0000000000000002,1.0000000000000002,1.0000000000000002,1.0000000000000002,1.0000000000000002,1.0000000000000002,1.0000000000000002,1.0000000000000002,1.0000000000000002,1.0000000000000002,1.0000000000000002,1.0000000000000002,1.0000000000000002,1.0000000000000002,1.0000000000000002,1.0000000000000002,1.0000000000000002,1.0000000000000002,1.0000000000000002,1.0000000000000002,1.0000000000000002,1.0000000000000002,1.0000000000000002,1.0000000000000002,1.0000000000000002,1.0000000000000002,1.0000000000000002,1.0000000000000002,1.0000000000000002,1.0000000000000002,1.0000000000000002,1.0000000000000002,1.0000000000000002,1.0000000000000002,1.0000000000000002,1.0000000000000002,1.0000000000000002,1.0000000000000002,1.0000000000000002,1.0000000000000002,1.0000000000000002,1.0000000000000002,1.0000000000000002,1.0000000000000002,1.0000000000000002,1.0000000000000002,1.0000000000000002,1.0000000000000002,1.0000000000000002,1.0000000000000002,1.0000000000000002,1.0000000000000002,1.0000000000000002,1.0000000000000002,1.0000000000000002,1.0000000000000002,1.0000000000000002,1.0000000000000002,1.0000000000000002,1.0000000000000002,1.0000000000000002,1.0000000000000002]",6.300000000000007,4.0,True,exact commutator transition cap reached; locality bound used,not-used,commutator,mizuta2026-commutator-ideal-rigorous,[],2997120.0,,,,0.0899844478053028,4.163491453227324e+32,mizuta2026-commutator-ideal-rigorous,"Mizuta, Quantum 10, 1974 (2026), arXiv:2507.06557v4","Theorem 4, Eqs. (47)--(49), with direct Lemmas 9--10 BCH remainder","{""error_predicate_satisfied"":1.0,""extensiveness_g"":6.300000000000004,""joint_predicate_satisfied"":1.0,""legacy_first_condition_passed"":0.0,""legacy_first_time_limit"":2.0579972043594542e-05,""local_commutator_error"":2.6531542752446597e-06,""local_step_error"":2.6531542752463313e-06,""local_truncated_bch_error"":1.6713240411424972e-18,""locality_k"":2.0,""mu_upper"":139.8337315093036,""refined_lemma10_remainder"":1.671323861148579e-18,""refined_lemma9_remainder"":1.7999391807195534e-25,""refined_tail_fallback"":0.0,""repeated_global_error"":0.0899844478053028,""schedule_weighted_extensiveness"":6.300000000000007,""second_time_limit"":0.0017878375789704697,""time_2_predicate_satisfied"":1.0,""total_branchwise_bch_remainder"":1.6713240411424972e-18,""truncation_order_p0"":12.0}",True,ideal-mpf,True,ordered individual Pauli terms,"[""individual Pauli summands define the ordered H_gamma decomposition"",""the actual Strang factors define schedule-weighted g_alpha extensiveness"",""Lemma 9 and Lemma 10 positive majorants directly certify the BCH remainder"",""the scalar-flow/Cauchy refined tail certificate is used"",""Theorem 4 second time hypothesis is satisfied"",""the repeated ideal MPF is composed with the Eq. (15) telescoping argument""]","exact Pauli recurrence would require 286794 transitions at order 5, above cap 250000; remaining orders use Mizuta 2026 Eq. (8)",12.0,4.0,True,True,"{""2"":984.0000000000011,""3"":16022.400000000034,""4"":245702.40000000078,""5"":2195110843.2691236,""6"":276583966251.9093,""7"":41819495697289.1,""8"":7376959041001784.0,""9"":1.487194942665952e+18,""10"":3.3729581299663746e+20,""11"":8.499854487515272e+22,""12"":2.356159663939246e+25}",repeated-shared-ancilla-good-block,True,False,0.09000000000000001,new,"[1,2,3,4,6,16]","[-3.1123560535325236e-07,0.0007054673721340386,-0.031622325043377676,0.17337566137566138,-0.4544415584415584,1.311983065972746]",1.9721283894410828,0.02787161055891696,32.0,registered-exact,True,6.0,3.0,2.0,4.0,8.0,0.0,6.0,3.0,2.0,3.0,2.0,one robust OAA round per segment,31220.0,branch register all-zero,,41.0,1685692680.0,1561000.0,-1.0,198917980240.0,2949635045.0,analytical-model,0.010000000000000002,,,,,,,,,,,,0.1.0,3.11.9,2.5.0,b58b31db18364511c43757e27fffc7abce8df2c1,True,ok,,
1.0,heisenberg_chain:N036,-1.1,commutator,16414.0,,,2.0,a8fa234e-a646-4911-8402-a67c302db4ae,2026-08-12T00:11:58.358108+00:00,c1ad72de628f71283ac69037e9bbe97c3e773952f5abde5eac91397ca322d1a6,resource-grid,heisenberg_chain,Heisenberg-36,"{""coupling"":1.0,""field_z"":0.3}",36,36.0,proportional,1.0,0.07943282347242814,115.7999999999999,141,trotter-p2,trotter,Trotter p=2,analytical,analytical,2.0,,,,,,16414.0,,,,,,,,,,,,,,,,,,,,,,,,,,,,,,individual,141.0,0.07148556149238794,412.80000000000024,childs-commutator,"Childs, Su, Tran, Wiebe, and Zhu, arXiv:1912.08854",Propositions 9--10,"{""prefactor"":412.80000000000024}",True,implemented-product-formula,True,,"[""the resolved ordered Hamiltonian groups match the implemented formula""]",,,,,,,implemented-product-formula,True,True,0.07148954112518532,,,,,,,,,,,,,,,,,,,1.0,none,0.0,system register,1.0,36.0,4612334.0,0.0,-1.0,428947062.0,6869434.0,analytical-model,0.007943282347242814,,,,,,,,,,,,0.1.0,3.11.9,2.5.0,b58b31db18364511c43757e27fffc7abce8df2c1,True,ok,,
1.0,heisenberg_chain:N036,-1.1,empirical,5013.0,,,2.0,a8fa234e-a646-4911-8402-a67c302db4ae,2026-08-12T00:11:58.358108+00:00,c1ad72de628f71283ac69037e9bbe97c3e773952f5abde5eac91397ca322d1a6,resource-grid,heisenberg_chain,Heisenberg-36,"{""coupling"":1.0,""field_z"":0.3}",36,36.0,proportional,1.0,0.07943282347242814,115.7999999999999,141,trotter-p2-empirical,trotter,Trotter p=2 [empirical],empirical-operator-norm,empirical,2.0,,,,,,5013.0,,,,,,,,,,,,,,,,,,,,,,,,,,,,,,individual,141.0,0.07147621554411314,38.4990006881,empirical-operator-norm,Repository empirical operator-norm calibration study v1 (2026-08-10),reviewed calibration opnorm-v1-heisenberg-open-trotter-p2; artifact docs/calibration_data/empirical_1d_v1_accepted.json,"{""prefactor"":38.4990006881}",False,implemented-product-formula,False,,"[""the resolved ordered Hamiltonian groups match the implemented formula"",""the fixed formal-order powers in time and segments apply"",""the reviewed affine size calibration extrapolates as flagged""]",,,,,,,implemented-product-formula,False,False,0.07148954112518532,,,,,,,,,,,,,,,,,,,1.0,none,0.0,system register,1.0,36.0,1408653.0,0.0,-1.0,122552811.0,2097994.0,analytical-model,0.007943282347242814,opnorm-v1-heisenberg-open-trotter-p2,heisenberg_chain,affine-aN-plus-b,38.4990006881,4.0,12.0,4.0,12.0,True,True,formula,0.1.0,3.11.9,2.5.0,b58b31db18364511c43757e27fffc7abce8df2c1,True,ok,,
1.0,heisenberg_chain:N036,-1.1,commutator,1993.0,,,2.0,a8fa234e-a646-4911-8402-a67c302db4ae,2026-08-12T00:11:58.358108+00:00,c1ad72de628f71283ac69037e9bbe97c3e773952f5abde5eac91397ca322d1a6,resource-grid,heisenberg_chain,Heisenberg-36,"{""coupling"":1.0,""field_z"":0.3}",36,36.0,proportional,1.0,0.07943282347242814,115.7999999999999,141,trotter-p4,trotter,Trotter p=4,analytical,analytical,4.0,,,,,,1993.0,,,,,,,,,,,,,,,,,,,,,,,,,,,,,,commuting,3.0,0.07140330866027103,18630.95116112817,schubert-mendl-commutator,"Schubert and Mendl, arXiv:2306.10603",Theorem 1,"{""prefactor"":18630.95116112817}",True,implemented-product-formula,True,,"[""the resolved ordered Hamiltonian groups match the implemented formula""]",,,,,,,implemented-product-formula,True,True,0.07148954112518532,,,,,,,,,,,,,,,,,,,1.0,none,0.0,system register,1.0,36.0,2281985.0,0.0,-1.0,205378650.0,3398702.0,analytical-model,0.007943282347242814,,,,,,,,,,,,0.1.0,3.11.9,2.5.0,b58b31db18364511c43757e27fffc7abce8df2c1,True,ok,,
1.0,heisenberg_chain:N036,-1.1,empirical,300.0,,,2.0,a8fa234e-a646-4911-8402-a67c302db4ae,2026-08-12T00:11:58.358108+00:00,c1ad72de628f71283ac69037e9bbe97c3e773952f5abde5eac91397ca322d1a6,resource-grid,heisenberg_chain,Heisenberg-36,"{""coupling"":1.0,""field_z"":0.3}",36,36.0,proportional,1.0,0.07943282347242814,115.7999999999999,141,trotter-p4-empirical,trotter,Trotter p=4 [empirical],empirical-operator-norm,empirical,4.0,,,,,,300.0,,,,,,,,,,,,,,,,,,,,,,,,,,,,,,commuting,3.0,0.0708847358479442,9.4956618452,empirical-operator-norm,Repository empirical operator-norm calibration study v1 (2026-08-10),reviewed calibration opnorm-v1-heisenberg-open-trotter-p4; artifact docs/calibration_data/empirical_1d_v1_accepted.json,"{""prefactor"":9.4956618452}",False,implemented-product-formula,False,,"[""the resolved ordered Hamiltonian groups match the implemented formula"",""the fixed formal-order powers in time and segments apply"",""the reviewed affine size calibration extrapolates as flagged""]",,,,,,,implemented-product-formula,False,False,0.07148954112518532,,,,,,,,,,,,,,,,,,,1.0,none,0.0,system register,1.0,36.0,343500.0,0.0,-1.0,27823500.0,511596.0,analytical-model,0.007943282347242814,opnorm-v1-heisenberg-open-trotter-p4,heisenberg_chain,affine-aN-plus-b,9.4956618452,4.0,12.0,4.0,12.0,True,True,formula,0.1.0,3.11.9,2.5.0,b58b31db18364511c43757e27fffc7abce8df2c1,True,ok,,
1.0,heisenberg_chain:N036,-1.1,commutator,1419.0,,,2.0,a8fa234e-a646-4911-8402-a67c302db4ae,2026-08-12T00:11:58.358108+00:00,c1ad72de628f71283ac69037e9bbe97c3e773952f5abde5eac91397ca322d1a6,resource-grid,heisenberg_chain,Heisenberg-36,"{""coupling"":1.0,""field_z"":0.3}",36,36.0,proportional,1.0,0.07943282347242814,115.7999999999999,141,trotter-p6,trotter,Trotter p=6,analytical,analytical,6.0,,,,,,1419.0,,,,,,,,,,,,,,,,,,,,,,,,,,,,,,commuting,3.0,0.07125542778024795,7423262.513876497,schubert-mendl-commutator,"Schubert and Mendl, arXiv:2306.10603",Theorem 1,"{""prefactor"":7423262.513876497}",True,implemented-product-formula,True,,"[""the resolved ordered Hamiltonian groups match the implemented formula""]",,,,,,,implemented-product-formula,True,True,0.07148954112518532,,,,,,,,,,,,,,,,,,,1.0,none,0.0,system register,1.0,36.0,8123775.0,0.0,-1.0,771758625.0,12099240.0,analytical-model,0.007943282347242814,,,,,,,,,,,,0.1.0,3.11.9,2.5.0,b58b31db18364511c43757e27fffc7abce8df2c1,True,ok,,
1.0,heisenberg_chain:N036,-1.1,empirical,216.0,,,2.0,a8fa234e-a646-4911-8402-a67c302db4ae,2026-08-12T00:11:58.358108+00:00,c1ad72de628f71283ac69037e9bbe97c3e773952f5abde5eac91397ca322d1a6,resource-grid,heisenberg_chain,Heisenberg-36,"{""coupling"":1.0,""field_z"":0.3}",36,36.0,proportional,1.0,0.07943282347242814,115.7999999999999,141,trotter-p6-empirical,trotter,Trotter p=6 [empirical],empirical-operator-norm,empirical,6.0,,,,,,216.0,,,,,,,,,,,,,,,,,,,,,,,,,,,,,,commuting,3.0,0.0001064120947530859,0.13791007479999998,empirical-operator-norm,Repository empirical operator-norm calibration study v1 (2026-08-10),reviewed calibration opnorm-v1-heisenberg-open-trotter-p6; artifact docs/calibration_data/empirical_1d_v1_accepted.json,"{""prefactor"":0.13791007479999998}",False,implemented-product-formula,False,,"[""the resolved ordered Hamiltonian groups match the implemented formula"",""the fixed formal-order powers in time and segments apply"",""the reviewed affine size calibration extrapolates as flagged""]",,,,,,,implemented-product-formula,False,False,0.07148954112518532,,,,,,,,,,,,,,,,,,,1.0,none,0.0,system register,1.0,36.0,1236600.0,0.0,-1.0,107584200.0,1841745.0,analytical-model,0.007943282347242814,opnorm-v1-heisenberg-open-trotter-p6,heisenberg_chain,affine-aN-plus-b,0.13791007479999998,4.0,12.0,4.0,12.0,True,True,asymptotic-domain,0.1.0,3.11.9,2.5.0,b58b31db18364511c43757e27fffc7abce8df2c1,True,ok,,
1.0,heisenberg_chain:N036,-1.1,jacobi-anger,,,,2.0,a8fa234e-a646-4911-8402-a67c302db4ae,2026-08-12T00:11:58.358108+00:00,c1ad72de628f71283ac69037e9bbe97c3e773952f5abde5eac91397ca322d1a6,resource-grid,heisenberg_chain,Heisenberg-36,"{""coupling"":1.0,""field_z"":0.3}",36,36.0,proportional,1.0,0.07943282347242814,115.7999999999999,141,qsvt,qsvt,QSVT,jacobi-anger-rigorous,analytical,,,,,,,,,,,,,,,,,,,,,,,,,,,,,,,,,,,33999.0,5667.0,,,0.01314685590079364,,jacobi-anger-polynomial-oaa,"Martyn et al., arXiv:2105.02859, Eqs. (76)--(77)",Jacobi--Anger tails plus exact cubic OAA identity,"{""oaa-unitarity-defect-distortion"":0.0066055890516038,""scaled-polynomial-error"":0.00654126684918984}",True,ideal-qsvt-oaa-good-block,True,,"[""the cosine and sine polynomials are implemented exactly"",""the unamplified good block is exactly Q/2""]",,,,,,,implemented-qsvt-floating-phase-circuit,False,False,0.07148954112518532,,,,,,,,,,,,,,,,,,,2.0,one robust OAA round,1.0,"component, quadrature, and index registers all-zero",,54.0,17407500.0,38962980.0,-1.0,1879194420.0,259413126.0,analytical-model,0.007943282347242814,,,,,,,,,,,,0.1.0,3.11.9,2.5.0,b58b31db18364511c43757e27fffc7abce8df2c1,True,ok,,
1.0,heisenberg_chain:N036,-1.1,empirical,,6.0,54.0,2.0,a8fa234e-a646-4911-8402-a67c302db4ae,2026-08-12T00:11:58.358108+00:00,c1ad72de628f71283ac69037e9bbe97c3e773952f5abde5eac91397ca322d1a6,resource-grid,heisenberg_chain,Heisenberg-36,"{""coupling"":1.0,""field_z"":0.3}",36,36.0,proportional,1.0,0.07943282347242814,115.7999999999999,141,mpf-j-mizuta2026-theorem6-empirical-operator-norm,multiproduct,MPF J=Mizuta Theorem 6 (resolved per point) [empirical operator norm],empirical-operator-norm,empirical,,6.0,12.0,mizuta2026-theorem6,6.300000000000004,0.07148954112518532,54.0,,,,[],,,,,,,,,,,,,,,[],,,,,,,empirical-operator-norm,[],5184.0,,,,6.361888693119271e-05,0.00022928660000000003,empirical-operator-norm,Repository empirical operator-norm calibration study v1 (2026-08-10),reviewed calibration opnorm-v1-heisenberg-open-mpf-new-m6; fixed formal powers,"{""empirical_coefficient"":0.00022928660000000003}",False,ideal-mpf,False,ordered individual Pauli terms,"[""the fixed formal-order powers in time and segments apply"",""the empirical estimate concerns the repeated ideal MPF operator"",""the reviewed affine size calibration extrapolates as flagged""]",,0.0,0.0,False,False,{},repeated-shared-ancilla-good-block,False,False,0.07148954112518532,new,"[1,2,3,4,6,16]","[-3.1123560535325236e-07,0.0007054673721340386,-0.031622325043377676,0.17337566137566138,-0.4544415584415584,1.311983065972746]",1.9721283894410828,0.02787161055891696,32.0,registered-exact,True,6.0,3.0,2.0,4.0,8.0,0.0,6.0,3.0,2.0,3.0,2.0,one robust OAA round per segment,54.0,branch register all-zero,,41.0,2915676.0,2700.0,-1.0,265337316.0,5101868.0,analytical-model,0.007943282347242814,opnorm-v1-heisenberg-open-mpf-new-m6,heisenberg_chain,affine-aN-plus-b,0.00022928660000000003,4.0,8.0,4.0,12.0,True,True,asymptotic-domain,0.1.0,3.11.9,2.5.0,b58b31db18364511c43757e27fffc7abce8df2c1,True,ok,,
1.0,heisenberg_chain:N036,-1.1,commutator,,6.0,31783.0,2.0,a8fa234e-a646-4911-8402-a67c302db4ae,2026-08-12T00:11:58.358108+00:00,c1ad72de628f71283ac69037e9bbe97c3e773952f5abde5eac91397ca322d1a6,resource-grid,heisenberg_chain,Heisenberg-36,"{""coupling"":1.0,""field_z"":0.3}",36,36.0,proportional,1.0,0.07943282347242814,115.7999999999999,141,mpf-j-mizuta2026-theorem6-mizuta2026-commutator-ideal-rigorous,multiproduct,MPF J=Mizuta Theorem 6 (resolved per point) [Mizuta 2026 refined commutator],mizuta2026-commutator-ideal-rigorous,analytical,,6.0,12.0,mizuta2026-theorem6,6.300000000000004,0.07148954112518532,31783.0,31783.0,,20137.0,"[""error""]",139.8337315093036,12.0,,,2.1030841231933416e-06,1.3223101229162123e-18,1.426137587701028e-25,1.3223099803024533e-18,1.3223101229162123e-18,2.103084123194664e-06,0.07146276911499282,2.0579972043594542e-05,False,0.0017878375789704697,"[1.0000000000000002,1.0000000000000002,1.0000000000000002,1.0000000000000002,1.0000000000000002,1.0000000000000002,1.0000000000000002,1.0000000000000002,1.0000000000000002,1.0000000000000002,1.0000000000000002,1.0000000000000002,1.0000000000000002,1.0000000000000002,1.0000000000000002,1.0000000000000002,1.0000000000000002,1.0000000000000002,1.0000000000000002,1.0000000000000002,1.0000000000000002,1.0000000000000002,1.0000000000000002,1.0000000000000002,1.0000000000000002,1.0000000000000002,1.0000000000000002,1.0000000000000002,1.0000000000000002,1.0000000000000002,1.0000000000000002,1.0000000000000002,1.0000000000000002,1.0000000000000002,1.0000000000000002,1.0000000000000002,1.0000000000000002,1.0000000000000002,1.0000000000000002,1.0000000000000002,1.0000000000000002,1.0000000000000002,1.0000000000000002,1.0000000000000002,1.0000000000000002,1.0000000000000002,1.0000000000000002,1.0000000000000002,1.0000000000000002,1.0000000000000002,1.0000000000000002,1.0000000000000002,1.0000000000000002,1.0000000000000002,1.0000000000000002,1.0000000000000002,1.0000000000000002,1.0000000000000002,1.0000000000000002,1.0000000000000002,1.0000000000000002,1.0000000000000002,1.0000000000000002,1.0000000000000002,1.0000000000000002,1.0000000000000002,1.0000000000000002,1.0000000000000002,1.0000000000000002,1.0000000000000002,1.0000000000000002,1.0000000000000002,1.0000000000000002,1.0000000000000002,1.0000000000000002,1.0000000000000002,1.0000000000000002,1.0000000000000002,1.0000000000000002,1.0000000000000002,1.0000000000000002,1.0000000000000002,1.0000000000000002,1.0000000000000002,1.0000000000000002,1.0000000000000002,1.0000000000000002,1.0000000000000002,1.0000000000000002,1.0000000000000002,1.0000000000000002,1.0000000000000002,1.0000000000000002,1.0000000000000002,1.0000000000000002,1.0000000000000002,1.0000000000000002,1.0000000000000002,1.0000000000000002,1.0000000000000002,1.0000000000000002,1.0000000000000002,1.0000000000000002,1.0000000000000002,1.0000000000000002,1.0000000000000002,1.0000000000000002,1.0000000000000002,1.0000000000000002,1.0000000000000002,1.0000000000000002,1.0000000000000002,1.0000000000000002,1.0000000000000002,1.0000000000000002,1.0000000000000002,1.0000000000000002,1.0000000000000002,1.0000000000000002,1.0000000000000002,1.0000000000000002,1.0000000000000002,1.0000000000000002,1.0000000000000002,1.0000000000000002,1.0000000000000002,1.0000000000000002,1.0000000000000002,1.0000000000000002,1.0000000000000002,1.0000000000000002,1.0000000000000002,1.0000000000000002,1.0000000000000002,1.0000000000000002,1.0000000000000002,1.0000000000000002,1.0000000000000002,1.0000000000000002,1.0000000000000002,1.0000000000000002]",6.300000000000007,4.0,True,exact commutator transition cap reached; locality bound used,not-used,commutator,mizuta2026-commutator-ideal-rigorous,[],3051168.0,,,,0.07146276911499282,4.163491453227324e+32,mizuta2026-commutator-ideal-rigorous,"Mizuta, Quantum 10, 1974 (2026), arXiv:2507.06557v4","Theorem 4, Eqs. (47)--(49), with direct Lemmas 9--10 BCH remainder","{""error_predicate_satisfied"":1.0,""extensiveness_g"":6.300000000000004,""joint_predicate_satisfied"":1.0,""legacy_first_condition_passed"":0.0,""legacy_first_time_limit"":2.0579972043594542e-05,""local_commutator_error"":2.1030841231933416e-06,""local_step_error"":2.103084123194664e-06,""local_truncated_bch_error"":1.3223101229162123e-18,""locality_k"":2.0,""mu_upper"":139.8337315093036,""refined_lemma10_remainder"":1.3223099803024533e-18,""refined_lemma9_remainder"":1.426137587701028e-25,""refined_tail_fallback"":0.0,""repeated_global_error"":0.07146276911499282,""schedule_weighted_extensiveness"":6.300000000000007,""second_time_limit"":0.0017878375789704697,""time_2_predicate_satisfied"":1.0,""total_branchwise_bch_remainder"":1.3223101229162123e-18,""truncation_order_p0"":12.0}",True,ideal-mpf,True,ordered individual Pauli terms,"[""individual Pauli summands define the ordered H_gamma decomposition"",""the actual Strang factors define schedule-weighted g_alpha extensiveness"",""Lemma 9 and Lemma 10 positive majorants directly certify the BCH remainder"",""the scalar-flow/Cauchy refined tail certificate is used"",""Theorem 4 second time hypothesis is satisfied"",""the repeated ideal MPF is composed with the Eq. (15) telescoping argument""]","exact Pauli recurrence would require 286794 transitions at order 5, above cap 250000; remaining orders use Mizuta 2026 Eq. (8)",12.0,4.0,True,True,"{""2"":984.0000000000011,""3"":16022.400000000034,""4"":245702.40000000078,""5"":2195110843.2691236,""6"":276583966251.9093,""7"":41819495697289.1,""8"":7376959041001784.0,""9"":1.487194942665952e+18,""10"":3.3729581299663746e+20,""11"":8.499854487515272e+22,""12"":2.356159663939246e+25}",repeated-shared-ancilla-good-block,True,False,0.07148954112518532,new,"[1,2,3,4,6,16]","[-3.1123560535325236e-07,0.0007054673721340386,-0.031622325043377676,0.17337566137566138,-0.4544415584415584,1.311983065972746]",1.9721283894410828,0.02787161055891696,32.0,registered-exact,True,6.0,3.0,2.0,4.0,8.0,0.0,6.0,3.0,2.0,3.0,2.0,one robust OAA round per segment,31783.0,branch register all-zero,,41.0,1716091302.0,1589150.0,-1.0,204221221538.0,3002826734.0,analytical-model,0.007943282347242814,,,,,,,,,,,,0.1.0,3.11.9,2.5.0,b58b31db18364511c43757e27fffc7abce8df2c1,True,ok,,
1.0,heisenberg_chain:N036,-1.2,commutator,18417.0,,,2.0,a8fa234e-a646-4911-8402-a67c302db4ae,2026-08-12T00:11:58.358108+00:00,c1ad72de628f71283ac69037e9bbe97c3e773952f5abde5eac91397ca322d1a6,resource-grid,heisenberg_chain,Heisenberg-36,"{""coupling"":1.0,""field_z"":0.3}",36,36.0,proportional,1.0,0.06309573444801933,115.7999999999999,141,trotter-p2,trotter,Trotter p=2,analytical,analytical,2.0,,,,,,18417.0,,,,,,,,,,,,,,,,,,,,,,,,,,,,,,individual,141.0,0.05678183386927401,412.80000000000024,childs-commutator,"Childs, Su, Tran, Wiebe, and Zhu, arXiv:1912.08854",Propositions 9--10,"{""prefactor"":412.80000000000024}",True,implemented-product-formula,True,,"[""the resolved ordered Hamiltonian groups match the implemented formula""]",,,,,,,implemented-product-formula,True,True,0.0567861610032174,,,,,,,,,,,,,,,,,,,1.0,none,0.0,system register,1.0,36.0,5175177.0,0.0,-1.0,486466638.0,7707711.0,analytical-model,0.006309573444801934,,,,,,,,,,,,0.1.0,3.11.9,2.5.0,b58b31db18364511c43757e27fffc7abce8df2c1,True,ok,,
1.0,heisenberg_chain:N036,-1.2,empirical,5625.0,,,2.0,a8fa234e-a646-4911-8402-a67c302db4ae,2026-08-12T00:11:58.358108+00:00,c1ad72de628f71283ac69037e9bbe97c3e773952f5abde5eac91397ca322d1a6,resource-grid,heisenberg_chain,Heisenberg-36,"{""coupling"":1.0,""field_z"":0.3}",36,36.0,proportional,1.0,0.06309573444801933,115.7999999999999,141,trotter-p2-empirical,trotter,Trotter p=2 [empirical],empirical-operator-norm,empirical,2.0,,,,,,5625.0,,,,,,,,,,,,,,,,,,,,,,,,,,,,,,individual,141.0,0.05676908645464479,38.4990006881,empirical-operator-norm,Repository empirical operator-norm calibration study v1 (2026-08-10),reviewed calibration opnorm-v1-heisenberg-open-trotter-p2; artifact docs/calibration_data/empirical_1d_v1_accepted.json,"{""prefactor"":38.4990006881}",False,implemented-product-formula,False,,"[""the resolved ordered Hamiltonian groups match the implemented formula"",""the fixed formal-order powers in time and segments apply"",""the reviewed affine size calibration extrapolates as flagged""]",,,,,,,implemented-product-formula,False,False,0.0567861610032174,,,,,,,,,,,,,,,,,,,1.0,none,0.0,system register,1.0,36.0,1580625.0,0.0,-1.0,140675625.0,2354123.0,analytical-model,0.006309573444801934,opnorm-v1-heisenberg-open-trotter-p2,heisenberg_chain,affine-aN-plus-b,38.4990006881,4.0,12.0,4.0,12.0,True,True,formula,0.1.0,3.11.9,2.5.0,b58b31db18364511c43757e27fffc7abce8df2c1,True,ok,,
1.0,heisenberg_chain:N036,-1.2,commutator,2111.0,,,2.0,a8fa234e-a646-4911-8402-a67c302db4ae,2026-08-12T00:11:58.358108+00:00,c1ad72de628f71283ac69037e9bbe97c3e773952f5abde5eac91397ca322d1a6,resource-grid,heisenberg_chain,Heisenberg-36,"{""coupling"":1.0,""field_z"":0.3}",36,36.0,proportional,1.0,0.06309573444801933,115.7999999999999,141,trotter-p4,trotter,Trotter p=4,analytical,analytical,4.0,,,,,,2111.0,,,,,,,,,,,,,,,,,,,,,,,,,,,,,,commuting,3.0,0.05672762454741646,18630.95116112817,schubert-mendl-commutator,"Schubert and Mendl, arXiv:2306.10603",Theorem 1,"{""prefactor"":18630.95116112817}",True,implemented-product-formula,True,,"[""the resolved ordered Hamiltonian groups match the implemented formula""]",,,,,,,implemented-product-formula,True,True,0.0567861610032174,,,,,,,,,,,,,,,,,,,1.0,none,0.0,system register,1.0,36.0,2417095.0,0.0,-1.0,219955645.0,3599929.0,analytical-model,0.006309573444801934,,,,,,,,,,,,0.1.0,3.11.9,2.5.0,b58b31db18364511c43757e27fffc7abce8df2c1,True,ok,,
1.0,heisenberg_chain:N036,-1.2,empirical,318.0,,,2.0,a8fa234e-a646-4911-8402-a67c302db4ae,2026-08-12T00:11:58.358108+00:00,c1ad72de628f71283ac69037e9bbe97c3e773952f5abde5eac91397ca322d1a6,resource-grid,heisenberg_chain,Heisenberg-36,"{""coupling"":1.0,""field_z"":0.3}",36,36.0,proportional,1.0,0.06309573444801933,115.7999999999999,141,trotter-p4-empirical,trotter,Trotter p=4 [empirical],empirical-operator-norm,empirical,4.0,,,,,,318.0,,,,,,,,,,,,,,,,,,,,,,,,,,,,,,commuting,3.0,0.056147350085457515,9.4956618452,empirical-operator-norm,Repository empirical operator-norm calibration study v1 (2026-08-10),reviewed calibration opnorm-v1-heisenberg-open-trotter-p4; artifact docs/calibration_data/empirical_1d_v1_accepted.json,"{""prefactor"":9.4956618452}",False,implemented-product-formula,False,,"[""the resolved ordered Hamiltonian groups match the implemented formula"",""the fixed formal-order powers in time and segments apply"",""the reviewed affine size calibration extrapolates as flagged""]",,,,,,,implemented-product-formula,False,False,0.0567861610032174,,,,,,,,,,,,,,,,,,,1.0,none,0.0,system register,1.0,36.0,364110.0,0.0,-1.0,30221130.0,542292.0,analytical-model,0.006309573444801934,opnorm-v1-heisenberg-open-trotter-p4,heisenberg_chain,affine-aN-plus-b,9.4956618452,4.0,12.0,4.0,12.0,True,True,formula,0.1.0,3.11.9,2.5.0,b58b31db18364511c43757e27fffc7abce8df2c1,True,ok,,
1.0,heisenberg_chain:N036,-1.2,commutator,1474.0,,,2.0,a8fa234e-a646-4911-8402-a67c302db4ae,2026-08-12T00:11:58.358108+00:00,c1ad72de628f71283ac69037e9bbe97c3e773952f5abde5eac91397ca322d1a6,resource-grid,heisenberg_chain,Heisenberg-36,"{""coupling"":1.0,""field_z"":0.3}",36,36.0,proportional,1.0,0.06309573444801933,115.7999999999999,141,trotter-p6,trotter,Trotter p=6,analytical,analytical,6.0,,,,,,1474.0,,,,,,,,,,,,,,,,,,,,,,,,,,,,,,commuting,3.0,0.05671885085649177,7423262.513876497,schubert-mendl-commutator,"Schubert and Mendl, arXiv:2306.10603",Theorem 1,"{""prefactor"":7423262.513876497}",True,implemented-product-formula,True,,"[""the resolved ordered Hamiltonian groups match the implemented formula""]",,,,,,,implemented-product-formula,True,True,0.0567861610032174,,,,,,,,,,,,,,,,,,,1.0,none,0.0,system register,1.0,36.0,8438650.0,0.0,-1.0,810110400.0,12568203.0,analytical-model,0.006309573444801934,,,,,,,,,,,,0.1.0,3.11.9,2.5.0,b58b31db18364511c43757e27fffc7abce8df2c1,True,ok,,
1.0,heisenberg_chain:N036,-1.2,empirical,216.0,,,2.0,a8fa234e-a646-4911-8402-a67c302db4ae,2026-08-12T00:11:58.358108+00:00,c1ad72de628f71283ac69037e9bbe97c3e773952f5abde5eac91397ca322d1a6,resource-grid,heisenberg_chain,Heisenberg-36,"{""coupling"":1.0,""field_z"":0.3}",36,36.0,proportional,1.0,0.06309573444801933,115.7999999999999,141,trotter-p6-empirical,trotter,Trotter p=6 [empirical],empirical-operator-norm,empirical,6.0,,,,,,216.0,,,,,,,,,,,,,,,,,,,,,,,,,,,,,,commuting,3.0,0.0001064120947530859,0.13791007479999998,empirical-operator-norm,Repository empirical operator-norm calibration study v1 (2026-08-10),reviewed calibration opnorm-v1-heisenberg-open-trotter-p6; artifact docs/calibration_data/empirical_1d_v1_accepted.json,"{""prefactor"":0.13791007479999998}",False,implemented-product-formula,False,,"[""the resolved ordered Hamiltonian groups match the implemented formula"",""the fixed formal-order powers in time and segments apply"",""the reviewed affine size calibration extrapolates as flagged""]",,,,,,,implemented-product-formula,False,False,0.0567861610032174,,,,,,,,,,,,,,,,,,,1.0,none,0.0,system register,1.0,36.0,1236600.0,0.0,-1.0,108820800.0,1841745.0,analytical-model,0.006309573444801934,opnorm-v1-heisenberg-open-trotter-p6,heisenberg_chain,affine-aN-plus-b,0.13791007479999998,4.0,12.0,4.0,12.0,True,True,asymptotic-domain,0.1.0,3.11.9,2.5.0,b58b31db18364511c43757e27fffc7abce8df2c1,True,ok,,
1.0,heisenberg_chain:N036,-1.2,jacobi-anger,,,,2.0,a8fa234e-a646-4911-8402-a67c302db4ae,2026-08-12T00:11:58.358108+00:00,c1ad72de628f71283ac69037e9bbe97c3e773952f5abde5eac91397ca322d1a6,resource-grid,heisenberg_chain,Heisenberg-36,"{""coupling"":1.0,""field_z"":0.3}",36,36.0,proportional,1.0,0.06309573444801933,115.7999999999999,141,qsvt,qsvt,QSVT,jacobi-anger-rigorous,analytical,,,,,,,,,,,,,,,,,,,,,,,,,,,,,,,,,,,33999.0,5667.0,,,0.011502322993908713,,jacobi-anger-polynomial-oaa,"Martyn et al., arXiv:2105.02859, Eqs. (76)--(77)",Jacobi--Anger tails plus exact cubic OAA identity,"{""oaa-unitarity-defect-distortion"":0.005775803216011297,""scaled-polynomial-error"":0.005726519777897416}",True,ideal-qsvt-oaa-good-block,True,,"[""the cosine and sine polynomials are implemented exactly"",""the unamplified good block is exactly Q/2""]",,,,,,,implemented-qsvt-floating-phase-circuit,False,False,0.0567861610032174,,,,,,,,,,,,,,,,,,,2.0,one robust OAA round,1.0,"component, quadrature, and index registers all-zero",,54.0,17407500.0,38962980.0,-1.0,1896601920.0,259413126.0,analytical-model,0.006309573444801934,,,,,,,,,,,,0.1.0,3.11.9,2.5.0,b58b31db18364511c43757e27fffc7abce8df2c1,True,ok,,
1.0,heisenberg_chain:N036,-1.2,empirical,,6.0,54.0,2.0,a8fa234e-a646-4911-8402-a67c302db4ae,2026-08-12T00:11:58.358108+00:00,c1ad72de628f71283ac69037e9bbe97c3e773952f5abde5eac91397ca322d1a6,resource-grid,heisenberg_chain,Heisenberg-36,"{""coupling"":1.0,""field_z"":0.3}",36,36.0,proportional,1.0,0.06309573444801933,115.7999999999999,141,mpf-j-mizuta2026-theorem6-empirical-operator-norm,multiproduct,MPF J=Mizuta Theorem 6 (resolved per point) [empirical operator norm],empirical-operator-norm,empirical,,6.0,12.0,mizuta2026-theorem6,6.300000000000004,0.0567861610032174,54.0,,,,[],,,,,,,,,,,,,,,[],,,,,,,empirical-operator-norm,[],5184.0,,,,6.361888693119271e-05,0.00022928660000000003,empirical-operator-norm,Repository empirical operator-norm calibration study v1 (2026-08-10),reviewed calibration opnorm-v1-heisenberg-open-mpf-new-m6; fixed formal powers,"{""empirical_coefficient"":0.00022928660000000003}",False,ideal-mpf,False,ordered individual Pauli terms,"[""the fixed formal-order powers in time and segments apply"",""the empirical estimate concerns the repeated ideal MPF operator"",""the reviewed affine size calibration extrapolates as flagged""]",,0.0,0.0,False,False,{},repeated-shared-ancilla-good-block,False,False,0.0567861610032174,new,"[1,2,3,4,6,16]","[-3.1123560535325236e-07,0.0007054673721340386,-0.031622325043377676,0.17337566137566138,-0.4544415584415584,1.311983065972746]",1.9721283894410828,0.02787161055891696,32.0,registered-exact,True,6.0,3.0,2.0,4.0,8.0,0.0,6.0,3.0,2.0,3.0,2.0,one robust OAA round per segment,54.0,branch register all-zero,,41.0,2915676.0,2700.0,-1.0,268252992.0,5101868.0,analytical-model,0.006309573444801934,opnorm-v1-heisenberg-open-mpf-new-m6,heisenberg_chain,affine-aN-plus-b,0.00022928660000000003,4.0,8.0,4.0,12.0,True,True,asymptotic-domain,0.1.0,3.11.9,2.5.0,b58b31db18364511c43757e27fffc7abce8df2c1,True,ok,,
1.0,heisenberg_chain:N036,-1.2,commutator,,6.0,32363.0,2.0,a8fa234e-a646-4911-8402-a67c302db4ae,2026-08-12T00:11:58.358108+00:00,c1ad72de628f71283ac69037e9bbe97c3e773952f5abde5eac91397ca322d1a6,resource-grid,heisenberg_chain,Heisenberg-36,"{""coupling"":1.0,""field_z"":0.3}",36,36.0,proportional,1.0,0.06309573444801933,115.7999999999999,141,mpf-j-mizuta2026-theorem6-mizuta2026-commutator-ideal-rigorous,multiproduct,MPF J=Mizuta Theorem 6 (resolved per point) [Mizuta 2026 refined commutator],mizuta2026-commutator-ideal-rigorous,analytical,,6.0,12.0,mizuta2026-theorem6,6.300000000000004,0.0567861610032174,32363.0,32363.0,,20137.0,"[""error""]",139.8337315093036,12.0,,,1.6624788748907822e-06,1.0433208521079403e-18,1.1268643947588657e-25,1.0433207394215006e-18,1.0433208521079403e-18,1.6624788748918257e-06,0.056776736785748,2.0579972043594542e-05,False,0.0017878375789704697,"[1.0000000000000002,1.0000000000000002,1.0000000000000002,1.0000000000000002,1.0000000000000002,1.0000000000000002,1.0000000000000002,1.0000000000000002,1.0000000000000002,1.0000000000000002,1.0000000000000002,1.0000000000000002,1.0000000000000002,1.0000000000000002,1.0000000000000002,1.0000000000000002,1.0000000000000002,1.0000000000000002,1.0000000000000002,1.0000000000000002,1.0000000000000002,1.0000000000000002,1.0000000000000002,1.0000000000000002,1.0000000000000002,1.0000000000000002,1.0000000000000002,1.0000000000000002,1.0000000000000002,1.0000000000000002,1.0000000000000002,1.0000000000000002,1.0000000000000002,1.0000000000000002,1.0000000000000002,1.0000000000000002,1.0000000000000002,1.0000000000000002,1.0000000000000002,1.0000000000000002,1.0000000000000002,1.0000000000000002,1.0000000000000002,1.0000000000000002,1.0000000000000002,1.0000000000000002,1.0000000000000002,1.0000000000000002,1.0000000000000002,1.0000000000000002,1.0000000000000002,1.0000000000000002,1.0000000000000002,1.0000000000000002,1.0000000000000002,1.0000000000000002,1.0000000000000002,1.0000000000000002,1.0000000000000002,1.0000000000000002,1.0000000000000002,1.0000000000000002,1.0000000000000002,1.0000000000000002,1.0000000000000002,1.0000000000000002,1.0000000000000002,1.0000000000000002,1.0000000000000002,1.0000000000000002,1.0000000000000002,1.0000000000000002,1.0000000000000002,1.0000000000000002,1.0000000000000002,1.0000000000000002,1.0000000000000002,1.0000000000000002,1.0000000000000002,1.0000000000000002,1.0000000000000002,1.0000000000000002,1.0000000000000002,1.0000000000000002,1.0000000000000002,1.0000000000000002,1.0000000000000002,1.0000000000000002,1.0000000000000002,1.0000000000000002,1.0000000000000002,1.0000000000000002,1.0000000000000002,1.0000000000000002,1.0000000000000002,1.0000000000000002,1.0000000000000002,1.0000000000000002,1.0000000000000002,1.0000000000000002,1.0000000000000002,1.0000000000000002,1.0000000000000002,1.0000000000000002,1.0000000000000002,1.0000000000000002,1.0000000000000002,1.0000000000000002,1.0000000000000002,1.0000000000000002,1.0000000000000002,1.0000000000000002,1.0000000000000002,1.0000000000000002,1.0000000000000002,1.0000000000000002,1.0000000000000002,1.0000000000000002,1.0000000000000002,1.0000000000000002,1.0000000000000002,1.0000000000000002,1.0000000000000002,1.0000000000000002,1.0000000000000002,1.0000000000000002,1.0000000000000002,1.0000000000000002,1.0000000000000002,1.0000000000000002,1.0000000000000002,1.0000000000000002,1.0000000000000002,1.0000000000000002,1.0000000000000002,1.0000000000000002,1.0000000000000002,1.0000000000000002,1.0000000000000002,1.0000000000000002,1.0000000000000002]",6.300000000000007,4.0,True,exact commutator transition cap reached; locality bound used,not-used,commutator,mizuta2026-commutator-ideal-rigorous,[],3106848.0,,,,0.056776736785748,4.163491453227324e+32,mizuta2026-commutator-ideal-rigorous,"Mizuta, Quantum 10, 1974 (2026), arXiv:2507.06557v4","Theorem 4, Eqs. (47)--(49), with direct Lemmas 9--10 BCH remainder","{""error_predicate_satisfied"":1.0,""extensiveness_g"":6.300000000000004,""joint_predicate_satisfied"":1.0,""legacy_first_condition_passed"":0.0,""legacy_first_time_limit"":2.0579972043594542e-05,""local_commutator_error"":1.6624788748907822e-06,""local_step_error"":1.6624788748918257e-06,""local_truncated_bch_error"":1.0433208521079403e-18,""locality_k"":2.0,""mu_upper"":139.8337315093036,""refined_lemma10_remainder"":1.0433207394215006e-18,""refined_lemma9_remainder"":1.1268643947588657e-25,""refined_tail_fallback"":0.0,""repeated_global_error"":0.056776736785748,""schedule_weighted_extensiveness"":6.300000000000007,""second_time_limit"":0.0017878375789704697,""time_2_predicate_satisfied"":1.0,""total_branchwise_bch_remainder"":1.0433208521079403e-18,""truncation_order_p0"":12.0}",True,ideal-mpf,True,ordered individual Pauli terms,"[""individual Pauli summands define the ordered H_gamma decomposition"",""the actual Strang factors define schedule-weighted g_alpha extensiveness"",""Lemma 9 and Lemma 10 positive majorants directly certify the BCH remainder"",""the scalar-flow/Cauchy refined tail certificate is used"",""Theorem 4 second time hypothesis is satisfied"",""the repeated ideal MPF is composed with the Eq. (15) telescoping argument""]","exact Pauli recurrence would require 286794 transitions at order 5, above cap 250000; remaining orders use Mizuta 2026 Eq. (8)",12.0,4.0,True,True,"{""2"":984.0000000000011,""3"":16022.400000000034,""4"":245702.40000000078,""5"":2195110843.2691236,""6"":276583966251.9093,""7"":41819495697289.1,""8"":7376959041001784.0,""9"":1.487194942665952e+18,""10"":3.3729581299663746e+20,""11"":8.499854487515272e+22,""12"":2.356159663939246e+25}",repeated-shared-ancilla-good-block,True,False,0.0567861610032174,new,"[1,2,3,4,6,16]","[-3.1123560535325236e-07,0.0007054673721340386,-0.031622325043377676,0.17337566137566138,-0.4544415584415584,1.311983065972746]",1.9721283894410828,0.02787161055891696,32.0,registered-exact,True,6.0,3.0,2.0,4.0,8.0,0.0,6.0,3.0,2.0,3.0,2.0,one robust OAA round per segment,32363.0,branch register all-zero,,41.0,1747407822.0,1618150.0,-1.0,209695411240.0,3057624566.0,analytical-model,0.006309573444801934,,,,,,,,,,,,0.1.0,3.11.9,2.5.0,b58b31db18364511c43757e27fffc7abce8df2c1,True,ok,,
1.0,heisenberg_chain:N036,-1.3,commutator,20664.0,,,2.0,a8fa234e-a646-4911-8402-a67c302db4ae,2026-08-12T00:11:58.358108+00:00,c1ad72de628f71283ac69037e9bbe97c3e773952f5abde5eac91397ca322d1a6,resource-grid,heisenberg_chain,Heisenberg-36,"{""coupling"":1.0,""field_z"":0.3}",36,36.0,proportional,1.0,0.05011872336272722,115.7999999999999,141,trotter-p2,trotter,Trotter p=2,analytical,analytical,2.0,,,,,,20664.0,,,,,,,,,,,,,,,,,,,,,,,,,,,,,,individual,141.0,0.04510434750937856,412.80000000000024,childs-commutator,"Childs, Su, Tran, Wiebe, and Zhu, arXiv:1912.08854",Propositions 9--10,"{""prefactor"":412.80000000000024}",True,implemented-product-formula,True,,"[""the resolved ordered Hamiltonian groups match the implemented formula""]",,,,,,,implemented-product-formula,True,True,0.0451068510264545,,,,,,,,,,,,,,,,,,,1.0,none,0.0,system register,1.0,36.0,5806584.0,0.0,-1.0,557432064.0,8648104.0,analytical-model,0.005011872336272722,,,,,,,,,,,,0.1.0,3.11.9,2.5.0,b58b31db18364511c43757e27fffc7abce8df2c1,True,ok,,
1.0,heisenberg_chain:N036,-1.3,empirical,6311.0,,,2.0,a8fa234e-a646-4911-8402-a67c302db4ae,2026-08-12T00:11:58.358108+00:00,c1ad72de628f71283ac69037e9bbe97c3e773952f5abde5eac91397ca322d1a6,resource-grid,heisenberg_chain,Heisenberg-36,"{""coupling"":1.0,""field_z"":0.3}",36,36.0,proportional,1.0,0.05011872336272722,115.7999999999999,141,trotter-p2-empirical,trotter,Trotter p=2 [empirical],empirical-operator-norm,empirical,2.0,,,,,,6311.0,,,,,,,,,,,,,,,,,,,,,,,,,,,,,,individual,141.0,0.04509834438580116,38.4990006881,empirical-operator-norm,Repository empirical operator-norm calibration study v1 (2026-08-10),reviewed calibration opnorm-v1-heisenberg-open-trotter-p2; artifact docs/calibration_data/empirical_1d_v1_accepted.json,"{""prefactor"":38.4990006881}",False,implemented-product-formula,False,,"[""the resolved ordered Hamiltonian groups match the implemented formula"",""the fixed formal-order powers in time and segments apply"",""the reviewed affine size calibration extrapolates as flagged""]",,,,,,,implemented-product-formula,False,False,0.0451068510264545,,,,,,,,,,,,,,,,,,,1.0,none,0.0,system register,1.0,36.0,1773391.0,0.0,-1.0,161378581.0,2641221.0,analytical-model,0.005011872336272722,opnorm-v1-heisenberg-open-trotter-p2,heisenberg_chain,affine-aN-plus-b,38.4990006881,4.0,12.0,4.0,12.0,True,True,formula,0.1.0,3.11.9,2.5.0,b58b31db18364511c43757e27fffc7abce8df2c1,True,ok,,
1.0,heisenberg_chain:N036,-1.3,commutator,2236.0,,,2.0,a8fa234e-a646-4911-8402-a67c302db4ae,2026-08-12T00:11:58.358108+00:00,c1ad72de628f71283ac69037e9bbe97c3e773952f5abde5eac91397ca322d1a6,resource-grid,heisenberg_chain,Heisenberg-36,"{""coupling"":1.0,""field_z"":0.3}",36,36.0,proportional,1.0,0.05011872336272722,115.7999999999999,141,trotter-p4,trotter,Trotter p=4,analytical,analytical,4.0,,,,,,2236.0,,,,,,,,,,,,,,,,,,,,,,,,,,,,,,commuting,3.0,0.045067174880115524,18630.95116112817,schubert-mendl-commutator,"Schubert and Mendl, arXiv:2306.10603",Theorem 1,"{""prefactor"":18630.95116112817}",True,implemented-product-formula,True,,"[""the resolved ordered Hamiltonian groups match the implemented formula""]",,,,,,,implemented-product-formula,True,True,0.0451068510264545,,,,,,,,,,,,,,,,,,,1.0,none,0.0,system register,1.0,36.0,2560220.0,0.0,-1.0,235540240.0,3813094.0,analytical-model,0.005011872336272722,,,,,,,,,,,,0.1.0,3.11.9,2.5.0,b58b31db18364511c43757e27fffc7abce8df2c1,True,ok,,
1.0,heisenberg_chain:N036,-1.3,empirical,336.0,,,2.0,a8fa234e-a646-4911-8402-a67c302db4ae,2026-08-12T00:11:58.358108+00:00,c1ad72de628f71283ac69037e9bbe97c3e773952f5abde5eac91397ca322d1a6,resource-grid,heisenberg_chain,Heisenberg-36,"{""coupling"":1.0,""field_z"":0.3}",36,36.0,proportional,1.0,0.05011872336272722,115.7999999999999,141,trotter-p4-empirical,trotter,Trotter p=4 [empirical],empirical-operator-norm,empirical,4.0,,,,,,336.0,,,,,,,,,,,,,,,,,,,,,,,,,,,,,,commuting,3.0,0.04504853111431955,9.4956618452,empirical-operator-norm,Repository empirical operator-norm calibration study v1 (2026-08-10),reviewed calibration opnorm-v1-heisenberg-open-trotter-p4; artifact docs/calibration_data/empirical_1d_v1_accepted.json,"{""prefactor"":9.4956618452}",False,implemented-product-formula,False,,"[""the resolved ordered Hamiltonian groups match the implemented formula"",""the fixed formal-order powers in time and segments apply"",""the reviewed affine size calibration extrapolates as flagged""]",,,,,,,implemented-product-formula,False,False,0.0451068510264545,,,,,,,,,,,,,,,,,,,1.0,none,0.0,system register,1.0,36.0,384720.0,0.0,-1.0,32316480.0,572988.0,analytical-model,0.005011872336272722,opnorm-v1-heisenberg-open-trotter-p4,heisenberg_chain,affine-aN-plus-b,9.4956618452,4.0,12.0,4.0,12.0,True,True,formula,0.1.0,3.11.9,2.5.0,b58b31db18364511c43757e27fffc7abce8df2c1,True,ok,,
1.0,heisenberg_chain:N036,-1.3,commutator,1532.0,,,2.0,a8fa234e-a646-4911-8402-a67c302db4ae,2026-08-12T00:11:58.358108+00:00,c1ad72de628f71283ac69037e9bbe97c3e773952f5abde5eac91397ca322d1a6,resource-grid,heisenberg_chain,Heisenberg-36,"{""coupling"":1.0,""field_z"":0.3}",36,36.0,proportional,1.0,0.05011872336272722,115.7999999999999,141,trotter-p6,trotter,Trotter p=6,analytical,analytical,6.0,,,,,,1532.0,,,,,,,,,,,,,,,,,,,,,,,,,,,,,,commuting,3.0,0.04499453134758202,7423262.513876497,schubert-mendl-commutator,"Schubert and Mendl, arXiv:2306.10603",Theorem 1,"{""prefactor"":7423262.513876497}",True,implemented-product-formula,True,,"[""the resolved ordered Hamiltonian groups match the implemented formula""]",,,,,,,implemented-product-formula,True,True,0.0451068510264545,,,,,,,,,,,,,,,,,,,1.0,none,0.0,system register,1.0,36.0,8770700.0,0.0,-1.0,859528600.0,13062745.0,analytical-model,0.005011872336272722,,,,,,,,,,,,0.1.0,3.11.9,2.5.0,b58b31db18364511c43757e27fffc7abce8df2c1,True,ok,,
1.0,heisenberg_chain:N036,-1.3,empirical,216.0,,,2.0,a8fa234e-a646-4911-8402-a67c302db4ae,2026-08-12T00:11:58.358108+00:00,c1ad72de628f71283ac69037e9bbe97c3e773952f5abde5eac91397ca322d1a6,resource-grid,heisenberg_chain,Heisenberg-36,"{""coupling"":1.0,""field_z"":0.3}",36,36.0,proportional,1.0,0.05011872336272722,115.7999999999999,141,trotter-p6-empirical,trotter,Trotter p=6 [empirical],empirical-operator-norm,empirical,6.0,,,,,,216.0,,,,,,,,,,,,,,,,,,,,,,,,,,,,,,commuting,3.0,0.0001064120947530859,0.13791007479999998,empirical-operator-norm,Repository empirical operator-norm calibration study v1 (2026-08-10),reviewed calibration opnorm-v1-heisenberg-open-trotter-p6; artifact docs/calibration_data/empirical_1d_v1_accepted.json,"{""prefactor"":0.13791007479999998}",False,implemented-product-formula,False,,"[""the resolved ordered Hamiltonian groups match the implemented formula"",""the fixed formal-order powers in time and segments apply"",""the reviewed affine size calibration extrapolates as flagged""]",,,,,,,implemented-product-formula,False,False,0.0451068510264545,,,,,,,,,,,,,,,,,,,1.0,none,0.0,system register,1.0,36.0,1236600.0,0.0,-1.0,110057400.0,1841745.0,analytical-model,0.005011872336272722,opnorm-v1-heisenberg-open-trotter-p6,heisenberg_chain,affine-aN-plus-b,0.13791007479999998,4.0,12.0,4.0,12.0,True,True,asymptotic-domain,0.1.0,3.11.9,2.5.0,b58b31db18364511c43757e27fffc7abce8df2c1,True,ok,,
1.0,heisenberg_chain:N036,-1.3,jacobi-anger,,,,2.0,a8fa234e-a646-4911-8402-a67c302db4ae,2026-08-12T00:11:58.358108+00:00,c1ad72de628f71283ac69037e9bbe97c3e773952f5abde5eac91397ca322d1a6,resource-grid,heisenberg_chain,Heisenberg-36,"{""coupling"":1.0,""field_z"":0.3}",36,36.0,proportional,1.0,0.05011872336272722,115.7999999999999,141,qsvt,qsvt,QSVT,jacobi-anger-rigorous,analytical,,,,,,,,,,,,,,,,,,,,,,,,,,,,,,,,,,,33999.0,5667.0,,,0.010197451463489767,,jacobi-anger-polynomial-oaa,"Martyn et al., arXiv:2105.02859, Eqs. (76)--(77)",Jacobi--Anger tails plus exact cubic OAA identity,"{""oaa-unitarity-defect-distortion"":0.005118108288478957,""scaled-polynomial-error"":0.00507934317501081}",True,ideal-qsvt-oaa-good-block,True,,"[""the cosine and sine polynomials are implemented exactly"",""the unamplified good block is exactly Q/2""]",,,,,,,implemented-qsvt-floating-phase-circuit,False,False,0.0451068510264545,,,,,,,,,,,,,,,,,,,2.0,one robust OAA round,1.0,"component, quadrature, and index registers all-zero",,54.0,17407500.0,38962980.0,-1.0,1914009420.0,259413126.0,analytical-model,0.005011872336272722,,,,,,,,,,,,0.1.0,3.11.9,2.5.0,b58b31db18364511c43757e27fffc7abce8df2c1,True,ok,,
1.0,heisenberg_chain:N036,-1.3,empirical,,7.0,45.0,2.0,a8fa234e-a646-4911-8402-a67c302db4ae,2026-08-12T00:11:58.358108+00:00,c1ad72de628f71283ac69037e9bbe97c3e773952f5abde5eac91397ca322d1a6,resource-grid,heisenberg_chain,Heisenberg-36,"{""coupling"":1.0,""field_z"":0.3}",36,36.0,proportional,1.0,0.05011872336272722,115.7999999999999,141,mpf-j-mizuta2026-theorem6-empirical-operator-norm,multiproduct,MPF J=Mizuta Theorem 6 (resolved per point) [empirical operator norm],empirical-operator-norm,empirical,,7.0,14.0,mizuta2026-theorem6,6.300000000000004,0.0451068510264545,45.0,,,,[],,,,,,,,,,,,,,,[],,,,,,,empirical-operator-norm,[],6210.0,,,,7.421228498464779e-06,4.6872e-06,empirical-operator-norm,Repository empirical operator-norm calibration study v1 (2026-08-10),reviewed calibration opnorm-v1-heisenberg-open-mpf-new-m7; fixed formal powers,"{""empirical_coefficient"":4.6872e-06}",False,ideal-mpf,False,ordered individual Pauli terms,"[""the fixed formal-order powers in time and segments apply"",""the empirical estimate concerns the repeated ideal MPF operator"",""the reviewed affine size calibration extrapolates as flagged""]",,0.0,0.0,False,False,{},repeated-shared-ancilla-good-block,False,False,0.0451068510264545,new,"[1,2,3,4,5,9,22]","[2.9953607852158573e-09,-2.9318124556219793e-05,0.003468573778195489,-0.04863485570038276,0.1308718708891307,-0.4341006887393225,1.3484244149015747]",1.965529725128523,0.034470274871476914,46.0,registered-exact,True,7.0,3.0,2.0,4.0,9.0,7.0,6.0,3.0,2.0,3.0,2.0,one robust OAA round per segment,45.0,branch register all-zero,,43.0,3494070.0,4095.0,-1.0,328458960.0,6117952.0,analytical-model,0.005011872336272722,opnorm-v1-heisenberg-open-mpf-new-m7,heisenberg_chain,affine-aN-plus-b,4.6872e-06,4.0,8.0,4.0,12.0,True,True,asymptotic-domain,0.1.0,3.11.9,2.5.0,b58b31db18364511c43757e27fffc7abce8df2c1,True,ok,,
1.0,heisenberg_chain:N036,-1.3,commutator,,7.0,31311.0,2.0,a8fa234e-a646-4911-8402-a67c302db4ae,2026-08-12T00:11:58.358108+00:00,c1ad72de628f71283ac69037e9bbe97c3e773952f5abde5eac91397ca322d1a6,resource-grid,heisenberg_chain,Heisenberg-36,"{""coupling"":1.0,""field_z"":0.3}",36,36.0,proportional,1.0,0.05011872336272722,115.7999999999999,141,mpf-j-mizuta2026-theorem6-mizuta2026-commutator-ideal-rigorous,multiproduct,MPF J=Mizuta Theorem 6 (resolved per point) [Mizuta 2026 refined commutator],mizuta2026-commutator-ideal-rigorous,analytical,,7.0,14.0,mizuta2026-theorem6,6.300000000000004,0.0451068510264545,31311.0,31311.0,,22487.0,"[""error""]",156.15954385806938,14.0,,,1.3794888757865873e-06,2.089017458414702e-21,1.7789328901474032e-30,2.0890174566357685e-21,2.089017458414702e-21,1.3794888757865896e-06,0.04509964121305654,1.763997603736675e-05,False,0.0016009268074400917,"[1.0000000000000002,1.0000000000000002,1.0000000000000002,1.0000000000000002,1.0000000000000002,1.0000000000000002,1.0000000000000002,1.0000000000000002,1.0000000000000002,1.0000000000000002,1.0000000000000002,1.0000000000000002,1.0000000000000002,1.0000000000000002,1.0000000000000002,1.0000000000000002,1.0000000000000002,1.0000000000000002,1.0000000000000002,1.0000000000000002,1.0000000000000002,1.0000000000000002,1.0000000000000002,1.0000000000000002,1.0000000000000002,1.0000000000000002,1.0000000000000002,1.0000000000000002,1.0000000000000002,1.0000000000000002,1.0000000000000002,1.0000000000000002,1.0000000000000002,1.0000000000000002,1.0000000000000002,1.0000000000000002,1.0000000000000002,1.0000000000000002,1.0000000000000002,1.0000000000000002,1.0000000000000002,1.0000000000000002,1.0000000000000002,1.0000000000000002,1.0000000000000002,1.0000000000000002,1.0000000000000002,1.0000000000000002,1.0000000000000002,1.0000000000000002,1.0000000000000002,1.0000000000000002,1.0000000000000002,1.0000000000000002,1.0000000000000002,1.0000000000000002,1.0000000000000002,1.0000000000000002,1.0000000000000002,1.0000000000000002,1.0000000000000002,1.0000000000000002,1.0000000000000002,1.0000000000000002,1.0000000000000002,1.0000000000000002,1.0000000000000002,1.0000000000000002,1.0000000000000002,1.0000000000000002,1.0000000000000002,1.0000000000000002,1.0000000000000002,1.0000000000000002,1.0000000000000002,1.0000000000000002,1.0000000000000002,1.0000000000000002,1.0000000000000002,1.0000000000000002,1.0000000000000002,1.0000000000000002,1.0000000000000002,1.0000000000000002,1.0000000000000002,1.0000000000000002,1.0000000000000002,1.0000000000000002,1.0000000000000002,1.0000000000000002,1.0000000000000002,1.0000000000000002,1.0000000000000002,1.0000000000000002,1.0000000000000002,1.0000000000000002,1.0000000000000002,1.0000000000000002,1.0000000000000002,1.0000000000000002,1.0000000000000002,1.0000000000000002,1.0000000000000002,1.0000000000000002,1.0000000000000002,1.0000000000000002,1.0000000000000002,1.0000000000000002,1.0000000000000002,1.0000000000000002,1.0000000000000002,1.0000000000000002,1.0000000000000002,1.0000000000000002,1.0000000000000002,1.0000000000000002,1.0000000000000002,1.0000000000000002,1.0000000000000002,1.0000000000000002,1.0000000000000002,1.0000000000000002,1.0000000000000002,1.0000000000000002,1.0000000000000002,1.0000000000000002,1.0000000000000002,1.0000000000000002,1.0000000000000002,1.0000000000000002,1.0000000000000002,1.0000000000000002,1.0000000000000002,1.0000000000000002,1.0000000000000002,1.0000000000000002,1.0000000000000002,1.0000000000000002,1.0000000000000002,1.0000000000000002,1.0000000000000002]",6.300000000000007,4.0,True,exact commutator transition cap reached; locality bound used,not-used,commutator,mizuta2026-commutator-ideal-rigorous,[],4320918.0,,,,0.04509964121305654,1.7007276169107075e+38,mizuta2026-commutator-ideal-rigorous,"Mizuta, Quantum 10, 1974 (2026), arXiv:2507.06557v4","Theorem 4, Eqs. (47)--(49), with direct Lemmas 9--10 BCH remainder","{""error_predicate_satisfied"":1.0,""extensiveness_g"":6.300000000000004,""joint_predicate_satisfied"":1.0,""legacy_first_condition_passed"":0.0,""legacy_first_time_limit"":1.763997603736675e-05,""local_commutator_error"":1.3794888757865873e-06,""local_step_error"":1.3794888757865896e-06,""local_truncated_bch_error"":2.089017458414702e-21,""locality_k"":2.0,""mu_upper"":156.15954385806938,""refined_lemma10_remainder"":2.0890174566357685e-21,""refined_lemma9_remainder"":1.7789328901474032e-30,""refined_tail_fallback"":0.0,""repeated_global_error"":0.04509964121305654,""schedule_weighted_extensiveness"":6.300000000000007,""second_time_limit"":0.0016009268074400917,""time_2_predicate_satisfied"":1.0,""total_branchwise_bch_remainder"":2.089017458414702e-21,""truncation_order_p0"":14.0}",True,ideal-mpf,True,ordered individual Pauli terms,"[""individual Pauli summands define the ordered H_gamma decomposition"",""the actual Strang factors define schedule-weighted g_alpha extensiveness"",""Lemma 9 and Lemma 10 positive majorants directly certify the BCH remainder"",""the scalar-flow/Cauchy refined tail certificate is used"",""Theorem 4 second time hypothesis is satisfied"",""the repeated ideal MPF is composed with the Eq. (15) telescoping argument""]","exact Pauli recurrence would require 286794 transitions at order 5, above cap 250000; remaining orders use Mizuta 2026 Eq. (8)",14.0,4.0,True,True,"{""2"":984.0000000000011,""3"":16022.400000000034,""4"":245702.40000000078,""5"":2195110843.2691236,""6"":276583966251.9093,""7"":41819495697289.1,""8"":7376959041001784.0,""9"":1.487194942665952e+18,""10"":3.3729581299663746e+20,""11"":8.499854487515272e+22,""12"":2.356159663939246e+25,""13"":7.125026823752314e+27,""14"":2.3341587874612483e+30}",repeated-shared-ancilla-good-block,True,False,0.0451068510264545,new,"[1,2,3,4,5,9,22]","[2.9953607852158573e-09,-2.9318124556219793e-05,0.003468573778195489,-0.04863485570038276,0.1308718708891307,-0.4341006887393225,1.3484244149015747]",1.965529725128523,0.034470274871476914,46.0,registered-exact,True,7.0,3.0,2.0,4.0,9.0,7.0,6.0,3.0,2.0,3.0,2.0,one robust OAA round per segment,31311.0,branch register all-zero,,43.0,2431173906.0,2849301.0,-1.0,296614613736.0,4256870351.0,analytical-model,0.005011872336272722,,,,,,,,,,,,0.1.0,3.11.9,2.5.0,b58b31db18364511c43757e27fffc7abce8df2c1,True,ok,,
1.0,heisenberg_chain:N036,-1.4,commutator,23185.0,,,2.0,a8fa234e-a646-4911-8402-a67c302db4ae,2026-08-12T00:11:58.358108+00:00,c1ad72de628f71283ac69037e9bbe97c3e773952f5abde5eac91397ca322d1a6,resource-grid,heisenberg_chain,Heisenberg-36,"{""coupling"":1.0,""field_z"":0.3}",36,36.0,proportional,1.0,0.039810717055349734,115.7999999999999,141,trotter-p2,trotter,Trotter p=2,analytical,analytical,2.0,,,,,,23185.0,,,,,,,,,,,,,,,,,,,,,,,,,,,,,,individual,141.0,0.035828860034725546,412.80000000000024,childs-commutator,"Childs, Su, Tran, Wiebe, and Zhu, arXiv:1912.08854",Propositions 9--10,"{""prefactor"":412.80000000000024}",True,implemented-product-formula,True,,"[""the resolved ordered Hamiltonian groups match the implemented formula""]",,,,,,,implemented-product-formula,True,True,0.03582964534981476,,,,,,,,,,,,,,,,,,,1.0,none,0.0,system register,1.0,36.0,6514985.0,0.0,-1.0,631953545.0,9703170.0,analytical-model,0.003981071705534973,,,,,,,,,,,,0.1.0,3.11.9,2.5.0,b58b31db18364511c43757e27fffc7abce8df2c1,True,ok,,
1.0,heisenberg_chain:N036,-1.4,empirical,7081.0,,,2.0,a8fa234e-a646-4911-8402-a67c302db4ae,2026-08-12T00:11:58.358108+00:00,c1ad72de628f71283ac69037e9bbe97c3e773952f5abde5eac91397ca322d1a6,resource-grid,heisenberg_chain,Heisenberg-36,"{""coupling"":1.0,""field_z"":0.3}",36,36.0,proportional,1.0,0.039810717055349734,115.7999999999999,141,trotter-p2-empirical,trotter,Trotter p=2 [empirical],empirical-operator-norm,empirical,2.0,,,,,,7081.0,,,,,,,,,,,,,,,,,,,,,,,,,,,,,,individual,141.0,0.03582347983908664,38.4990006881,empirical-operator-norm,Repository empirical operator-norm calibration study v1 (2026-08-10),reviewed calibration opnorm-v1-heisenberg-open-trotter-p2; artifact docs/calibration_data/empirical_1d_v1_accepted.json,"{""prefactor"":38.4990006881}",False,implemented-product-formula,False,,"[""the resolved ordered Hamiltonian groups match the implemented formula"",""the fixed formal-order powers in time and segments apply"",""the reviewed affine size calibration extrapolates as flagged""]",,,,,,,implemented-product-formula,False,False,0.03582964534981476,,,,,,,,,,,,,,,,,,,1.0,none,0.0,system register,1.0,36.0,1989761.0,0.0,-1.0,183058012.0,2963474.0,analytical-model,0.003981071705534973,opnorm-v1-heisenberg-open-trotter-p2,heisenberg_chain,affine-aN-plus-b,38.4990006881,4.0,12.0,4.0,12.0,True,True,formula,0.1.0,3.11.9,2.5.0,b58b31db18364511c43757e27fffc7abce8df2c1,True,ok,,
1.0,heisenberg_chain:N036,-1.4,commutator,2368.0,,,2.0,a8fa234e-a646-4911-8402-a67c302db4ae,2026-08-12T00:11:58.358108+00:00,c1ad72de628f71283ac69037e9bbe97c3e773952f5abde5eac91397ca322d1a6,resource-grid,heisenberg_chain,Heisenberg-36,"{""coupling"":1.0,""field_z"":0.3}",36,36.0,proportional,1.0,0.039810717055349734,115.7999999999999,141,trotter-p4,trotter,Trotter p=4,analytical,analytical,4.0,,,,,,2368.0,,,,,,,,,,,,,,,,,,,,,,,,,,,,,,commuting,3.0,0.03582784931757417,18630.95116112817,schubert-mendl-commutator,"Schubert and Mendl, arXiv:2306.10603",Theorem 1,"{""prefactor"":18630.95116112817}",True,implemented-product-formula,True,,"[""the resolved ordered Hamiltonian groups match the implemented formula""]",,,,,,,implemented-product-formula,True,True,0.03582964534981476,,,,,,,,,,,,,,,,,,,1.0,none,0.0,system register,1.0,36.0,2711360.0,0.0,-1.0,252156480.0,4038196.0,analytical-model,0.003981071705534973,,,,,,,,,,,,0.1.0,3.11.9,2.5.0,b58b31db18364511c43757e27fffc7abce8df2c1,True,ok,,
1.0,heisenberg_chain:N036,-1.4,empirical,356.0,,,2.0,a8fa234e-a646-4911-8402-a67c302db4ae,2026-08-12T00:11:58.358108+00:00,c1ad72de628f71283ac69037e9bbe97c3e773952f5abde5eac91397ca322d1a6,resource-grid,heisenberg_chain,Heisenberg-36,"{""coupling"":1.0,""field_z"":0.3}",36,36.0,proportional,1.0,0.039810717055349734,115.7999999999999,141,trotter-p4-empirical,trotter,Trotter p=4 [empirical],empirical-operator-norm,empirical,4.0,,,,,,356.0,,,,,,,,,,,,,,,,,,,,,,,,,,,,,,commuting,3.0,0.035746847888153355,9.4956618452,empirical-operator-norm,Repository empirical operator-norm calibration study v1 (2026-08-10),reviewed calibration opnorm-v1-heisenberg-open-trotter-p4; artifact docs/calibration_data/empirical_1d_v1_accepted.json,"{""prefactor"":9.4956618452}",False,implemented-product-formula,False,,"[""the resolved ordered Hamiltonian groups match the implemented formula"",""the fixed formal-order powers in time and segments apply"",""the reviewed affine size calibration extrapolates as flagged""]",,,,,,,implemented-product-formula,False,False,0.03582964534981476,,,,,,,,,,,,,,,,,,,1.0,none,0.0,system register,1.0,36.0,407620.0,0.0,-1.0,34647700.0,607094.0,analytical-model,0.003981071705534973,opnorm-v1-heisenberg-open-trotter-p4,heisenberg_chain,affine-aN-plus-b,9.4956618452,4.0,12.0,4.0,12.0,True,True,formula,0.1.0,3.11.9,2.5.0,b58b31db18364511c43757e27fffc7abce8df2c1,True,ok,,
1.0,heisenberg_chain:N036,-1.4,commutator,1592.0,,,2.0,a8fa234e-a646-4911-8402-a67c302db4ae,2026-08-12T00:11:58.358108+00:00,c1ad72de628f71283ac69037e9bbe97c3e773952f5abde5eac91397ca322d1a6,resource-grid,heisenberg_chain,Heisenberg-36,"{""coupling"":1.0,""field_z"":0.3}",36,36.0,proportional,1.0,0.039810717055349734,115.7999999999999,141,trotter-p6,trotter,Trotter p=6,analytical,analytical,6.0,,,,,,1592.0,,,,,,,,,,,,,,,,,,,,,,,,,,,,,,commuting,3.0,0.035731721802945586,7423262.513876497,schubert-mendl-commutator,"Schubert and Mendl, arXiv:2306.10603",Theorem 1,"{""prefactor"":7423262.513876497}",True,implemented-product-formula,True,,"[""the resolved ordered Hamiltonian groups match the implemented formula""]",,,,,,,implemented-product-formula,True,True,0.03582964534981476,,,,,,,,,,,,,,,,,,,1.0,none,0.0,system register,1.0,36.0,9114200.0,0.0,-1.0,902305800.0,13574341.0,analytical-model,0.003981071705534973,,,,,,,,,,,,0.1.0,3.11.9,2.5.0,b58b31db18364511c43757e27fffc7abce8df2c1,True,ok,,
1.0,heisenberg_chain:N036,-1.4,empirical,216.0,,,2.0,a8fa234e-a646-4911-8402-a67c302db4ae,2026-08-12T00:11:58.358108+00:00,c1ad72de628f71283ac69037e9bbe97c3e773952f5abde5eac91397ca322d1a6,resource-grid,heisenberg_chain,Heisenberg-36,"{""coupling"":1.0,""field_z"":0.3}",36,36.0,proportional,1.0,0.039810717055349734,115.7999999999999,141,trotter-p6-empirical,trotter,Trotter p=6 [empirical],empirical-operator-norm,empirical,6.0,,,,,,216.0,,,,,,,,,,,,,,,,,,,,,,,,,,,,,,commuting,3.0,0.0001064120947530859,0.13791007479999998,empirical-operator-norm,Repository empirical operator-norm calibration study v1 (2026-08-10),reviewed calibration opnorm-v1-heisenberg-open-trotter-p6; artifact docs/calibration_data/empirical_1d_v1_accepted.json,"{""prefactor"":0.13791007479999998}",False,implemented-product-formula,False,,"[""the resolved ordered Hamiltonian groups match the implemented formula"",""the fixed formal-order powers in time and segments apply"",""the reviewed affine size calibration extrapolates as flagged""]",,,,,,,implemented-product-formula,False,False,0.03582964534981476,,,,,,,,,,,,,,,,,,,1.0,none,0.0,system register,1.0,36.0,1236600.0,0.0,-1.0,111294000.0,1841745.0,analytical-model,0.003981071705534973,opnorm-v1-heisenberg-open-trotter-p6,heisenberg_chain,affine-aN-plus-b,0.13791007479999998,4.0,12.0,4.0,12.0,True,True,asymptotic-domain,0.1.0,3.11.9,2.5.0,b58b31db18364511c43757e27fffc7abce8df2c1,True,ok,,
1.0,heisenberg_chain:N036,-1.4,jacobi-anger,,,,2.0,a8fa234e-a646-4911-8402-a67c302db4ae,2026-08-12T00:11:58.358108+00:00,c1ad72de628f71283ac69037e9bbe97c3e773952f5abde5eac91397ca322d1a6,resource-grid,heisenberg_chain,Heisenberg-36,"{""coupling"":1.0,""field_z"":0.3}",36,36.0,proportional,1.0,0.039810717055349734,115.7999999999999,141,qsvt,qsvt,QSVT,jacobi-anger-rigorous,analytical,,,,,,,,,,,,,,,,,,,,,,,,,,,,,,,,,,,33999.0,5667.0,,,0.0091618551968824,,jacobi-anger-polynomial-oaa,"Martyn et al., arXiv:2105.02859, Eqs. (76)--(77)",Jacobi--Anger tails plus exact cubic OAA identity,"{""oaa-unitarity-defect-distortion"":0.0045965826703972265,""scaled-polynomial-error"":0.004565272526485173}",True,ideal-qsvt-oaa-good-block,True,,"[""the cosine and sine polynomials are implemented exactly"",""the unamplified good block is exactly Q/2""]",,,,,,,implemented-qsvt-floating-phase-circuit,False,False,0.03582964534981476,,,,,,,,,,,,,,,,,,,2.0,one robust OAA round,1.0,"component, quadrature, and index registers all-zero",,54.0,17407500.0,38962980.0,-1.0,1931416920.0,259413126.0,analytical-model,0.003981071705534973,,,,,,,,,,,,0.1.0,3.11.9,2.5.0,b58b31db18364511c43757e27fffc7abce8df2c1,True,ok,,
1.0,heisenberg_chain:N036,-1.4,empirical,,7.0,45.0,2.0,a8fa234e-a646-4911-8402-a67c302db4ae,2026-08-12T00:11:58.358108+00:00,c1ad72de628f71283ac69037e9bbe97c3e773952f5abde5eac91397ca322d1a6,resource-grid,heisenberg_chain,Heisenberg-36,"{""coupling"":1.0,""field_z"":0.3}",36,36.0,proportional,1.0,0.039810717055349734,115.7999999999999,141,mpf-j-mizuta2026-theorem6-empirical-operator-norm,multiproduct,MPF J=Mizuta Theorem 6 (resolved per point) [empirical operator norm],empirical-operator-norm,empirical,,7.0,14.0,mizuta2026-theorem6,6.300000000000004,0.03582964534981476,45.0,,,,[],,,,,,,,,,,,,,,[],,,,,,,empirical-operator-norm,[],6210.0,,,,7.421228498464779e-06,4.6872e-06,empirical-operator-norm,Repository empirical operator-norm calibration study v1 (2026-08-10),reviewed calibration opnorm-v1-heisenberg-open-mpf-new-m7; fixed formal powers,"{""empirical_coefficient"":4.6872e-06}",False,ideal-mpf,False,ordered individual Pauli terms,"[""the fixed formal-order powers in time and segments apply"",""the empirical estimate concerns the repeated ideal MPF operator"",""the reviewed affine size calibration extrapolates as flagged""]",,0.0,0.0,False,False,{},repeated-shared-ancilla-good-block,False,False,0.03582964534981476,new,"[1,2,3,4,5,9,22]","[2.9953607852158573e-09,-2.9318124556219793e-05,0.003468573778195489,-0.04863485570038276,0.1308718708891307,-0.4341006887393225,1.3484244149015747]",1.965529725128523,0.034470274871476914,46.0,registered-exact,True,7.0,3.0,2.0,4.0,9.0,7.0,6.0,3.0,2.0,3.0,2.0,one robust OAA round per segment,45.0,branch register all-zero,,43.0,3494070.0,4095.0,-1.0,331953030.0,6117952.0,analytical-model,0.003981071705534973,opnorm-v1-heisenberg-open-mpf-new-m7,heisenberg_chain,affine-aN-plus-b,4.6872e-06,4.0,8.0,4.0,12.0,True,True,asymptotic-domain,0.1.0,3.11.9,2.5.0,b58b31db18364511c43757e27fffc7abce8df2c1,True,ok,,
1.0,heisenberg_chain:N036,-1.4,commutator,,7.0,31811.0,2.0,a8fa234e-a646-4911-8402-a67c302db4ae,2026-08-12T00:11:58.358108+00:00,c1ad72de628f71283ac69037e9bbe97c3e773952f5abde5eac91397ca322d1a6,resource-grid,heisenberg_chain,Heisenberg-36,"{""coupling"":1.0,""field_z"":0.3}",36,36.0,proportional,1.0,0.039810717055349734,115.7999999999999,141,mpf-j-mizuta2026-theorem6-mizuta2026-commutator-ideal-rigorous,multiproduct,MPF J=Mizuta Theorem 6 (resolved per point) [Mizuta 2026 refined commutator],mizuta2026-commutator-ideal-rigorous,analytical,,7.0,14.0,mizuta2026-theorem6,6.300000000000004,0.03582964534981476,31811.0,31811.0,,22487.0,"[""error""]",156.15954385806938,14.0,,,1.087708320217177e-06,1.6441041998754422e-21,1.4021409289952064e-30,1.644104198473301e-21,1.6441041998754422e-21,1.087708320217179e-06,0.035819238926014046,1.763997603736675e-05,False,0.0016009268074400917,"[1.0000000000000002,1.0000000000000002,1.0000000000000002,1.0000000000000002,1.0000000000000002,1.0000000000000002,1.0000000000000002,1.0000000000000002,1.0000000000000002,1.0000000000000002,1.0000000000000002,1.0000000000000002,1.0000000000000002,1.0000000000000002,1.0000000000000002,1.0000000000000002,1.0000000000000002,1.0000000000000002,1.0000000000000002,1.0000000000000002,1.0000000000000002,1.0000000000000002,1.0000000000000002,1.0000000000000002,1.0000000000000002,1.0000000000000002,1.0000000000000002,1.0000000000000002,1.0000000000000002,1.0000000000000002,1.0000000000000002,1.0000000000000002,1.0000000000000002,1.0000000000000002,1.0000000000000002,1.0000000000000002,1.0000000000000002,1.0000000000000002,1.0000000000000002,1.0000000000000002,1.0000000000000002,1.0000000000000002,1.0000000000000002,1.0000000000000002,1.0000000000000002,1.0000000000000002,1.0000000000000002,1.0000000000000002,1.0000000000000002,1.0000000000000002,1.0000000000000002,1.0000000000000002,1.0000000000000002,1.0000000000000002,1.0000000000000002,1.0000000000000002,1.0000000000000002,1.0000000000000002,1.0000000000000002,1.0000000000000002,1.0000000000000002,1.0000000000000002,1.0000000000000002,1.0000000000000002,1.0000000000000002,1.0000000000000002,1.0000000000000002,1.0000000000000002,1.0000000000000002,1.0000000000000002,1.0000000000000002,1.0000000000000002,1.0000000000000002,1.0000000000000002,1.0000000000000002,1.0000000000000002,1.0000000000000002,1.0000000000000002,1.0000000000000002,1.0000000000000002,1.0000000000000002,1.0000000000000002,1.0000000000000002,1.0000000000000002,1.0000000000000002,1.0000000000000002,1.0000000000000002,1.0000000000000002,1.0000000000000002,1.0000000000000002,1.0000000000000002,1.0000000000000002,1.0000000000000002,1.0000000000000002,1.0000000000000002,1.0000000000000002,1.0000000000000002,1.0000000000000002,1.0000000000000002,1.0000000000000002,1.0000000000000002,1.0000000000000002,1.0000000000000002,1.0000000000000002,1.0000000000000002,1.0000000000000002,1.0000000000000002,1.0000000000000002,1.0000000000000002,1.0000000000000002,1.0000000000000002,1.0000000000000002,1.0000000000000002,1.0000000000000002,1.0000000000000002,1.0000000000000002,1.0000000000000002,1.0000000000000002,1.0000000000000002,1.0000000000000002,1.0000000000000002,1.0000000000000002,1.0000000000000002,1.0000000000000002,1.0000000000000002,1.0000000000000002,1.0000000000000002,1.0000000000000002,1.0000000000000002,1.0000000000000002,1.0000000000000002,1.0000000000000002,1.0000000000000002,1.0000000000000002,1.0000000000000002,1.0000000000000002,1.0000000000000002,1.0000000000000002,1.0000000000000002,1.0000000000000002,1.0000000000000002]",6.300000000000007,4.0,True,exact commutator transition cap reached; locality bound used,not-used,commutator,mizuta2026-commutator-ideal-rigorous,[],4389918.0,,,,0.035819238926014046,1.7007276169107075e+38,mizuta2026-commutator-ideal-rigorous,"Mizuta, Quantum 10, 1974 (2026), arXiv:2507.06557v4","Theorem 4, Eqs. (47)--(49), with direct Lemmas 9--10 BCH remainder","{""error_predicate_satisfied"":1.0,""extensiveness_g"":6.300000000000004,""joint_predicate_satisfied"":1.0,""legacy_first_condition_passed"":0.0,""legacy_first_time_limit"":1.763997603736675e-05,""local_commutator_error"":1.087708320217177e-06,""local_step_error"":1.087708320217179e-06,""local_truncated_bch_error"":1.6441041998754422e-21,""locality_k"":2.0,""mu_upper"":156.15954385806938,""refined_lemma10_remainder"":1.644104198473301e-21,""refined_lemma9_remainder"":1.4021409289952064e-30,""refined_tail_fallback"":0.0,""repeated_global_error"":0.035819238926014046,""schedule_weighted_extensiveness"":6.300000000000007,""second_time_limit"":0.0016009268074400917,""time_2_predicate_satisfied"":1.0,""total_branchwise_bch_remainder"":1.6441041998754422e-21,""truncation_order_p0"":14.0}",True,ideal-mpf,True,ordered individual Pauli terms,"[""individual Pauli summands define the ordered H_gamma decomposition"",""the actual Strang factors define schedule-weighted g_alpha extensiveness"",""Lemma 9 and Lemma 10 positive majorants directly certify the BCH remainder"",""the scalar-flow/Cauchy refined tail certificate is used"",""Theorem 4 second time hypothesis is satisfied"",""the repeated ideal MPF is composed with the Eq. (15) telescoping argument""]","exact Pauli recurrence would require 286794 transitions at order 5, above cap 250000; remaining orders use Mizuta 2026 Eq. (8)",14.0,4.0,True,True,"{""2"":984.0000000000011,""3"":16022.400000000034,""4"":245702.40000000078,""5"":2195110843.2691236,""6"":276583966251.9093,""7"":41819495697289.1,""8"":7376959041001784.0,""9"":1.487194942665952e+18,""10"":3.3729581299663746e+20,""11"":8.499854487515272e+22,""12"":2.356159663939246e+25,""13"":7.125026823752314e+27,""14"":2.3341587874612483e+30}",repeated-shared-ancilla-good-block,True,False,0.03582964534981476,new,"[1,2,3,4,5,9,22]","[2.9953607852158573e-09,-2.9318124556219793e-05,0.003468573778195489,-0.04863485570038276,0.1308718708891307,-0.4341006887393225,1.3484244149015747]",1.965529725128523,0.034470274871476914,46.0,registered-exact,True,7.0,3.0,2.0,4.0,9.0,7.0,6.0,3.0,2.0,3.0,2.0,one robust OAA round per segment,31811.0,branch register all-zero,,43.0,2469996906.0,2894801.0,-1.0,303821198642.0,4324847585.0,analytical-model,0.003981071705534973,,,,,,,,,,,,0.1.0,3.11.9,2.5.0,b58b31db18364511c43757e27fffc7abce8df2c1,True,ok,,
1.0,heisenberg_chain:N036,-1.5,commutator,26014.0,,,2.0,a8fa234e-a646-4911-8402-a67c302db4ae,2026-08-12T00:11:58.358108+00:00,c1ad72de628f71283ac69037e9bbe97c3e773952f5abde5eac91397ca322d1a6,resource-grid,heisenberg_chain,Heisenberg-36,"{""coupling"":1.0,""field_z"":0.3}",36,36.0,proportional,1.0,0.03162277660168379,115.7999999999999,141,trotter-p2,trotter,Trotter p=2,analytical,analytical,2.0,,,,,,26014.0,,,,,,,,,,,,,,,,,,,,,,,,,,,,,,individual,141.0,0.028459870467699582,412.80000000000024,childs-commutator,"Childs, Su, Tran, Wiebe, and Zhu, arXiv:1912.08854",Propositions 9--10,"{""prefactor"":412.80000000000024}",True,implemented-product-formula,True,,"[""the resolved ordered Hamiltonian groups match the implemented formula""]",,,,,,,implemented-product-formula,True,True,0.02846049894151541,,,,,,,,,,,,,,,,,,,1.0,none,0.0,system register,1.0,36.0,7309934.0,0.0,-1.0,723683466.0,10887136.0,analytical-model,0.0031622776601683794,,,,,,,,,,,,0.1.0,3.11.9,2.5.0,b58b31db18364511c43757e27fffc7abce8df2c1,True,ok,,
1.0,heisenberg_chain:N036,-1.5,empirical,7945.0,,,2.0,a8fa234e-a646-4911-8402-a67c302db4ae,2026-08-12T00:11:58.358108+00:00,c1ad72de628f71283ac69037e9bbe97c3e773952f5abde5eac91397ca322d1a6,resource-grid,heisenberg_chain,Heisenberg-36,"{""coupling"":1.0,""field_z"":0.3}",36,36.0,proportional,1.0,0.03162277660168379,115.7999999999999,141,trotter-p2-empirical,trotter,Trotter p=2 [empirical],empirical-operator-norm,empirical,2.0,,,,,,7945.0,,,,,,,,,,,,,,,,,,,,,,,,,,,,,,individual,141.0,0.028455692294594423,38.4990006881,empirical-operator-norm,Repository empirical operator-norm calibration study v1 (2026-08-10),reviewed calibration opnorm-v1-heisenberg-open-trotter-p2; artifact docs/calibration_data/empirical_1d_v1_accepted.json,"{""prefactor"":38.4990006881}",False,implemented-product-formula,False,,"[""the resolved ordered Hamiltonian groups match the implemented formula"",""the fixed formal-order powers in time and segments apply"",""the reviewed affine size calibration extrapolates as flagged""]",,,,,,,implemented-product-formula,False,False,0.02846049894151541,,,,,,,,,,,,,,,,,,,1.0,none,0.0,system register,1.0,36.0,2232545.0,0.0,-1.0,209859230.0,3325068.0,analytical-model,0.0031622776601683794,opnorm-v1-heisenberg-open-trotter-p2,heisenberg_chain,affine-aN-plus-b,38.4990006881,4.0,12.0,4.0,12.0,True,True,formula,0.1.0,3.11.9,2.5.0,b58b31db18364511c43757e27fffc7abce8df2c1,True,ok,,
1.0,heisenberg_chain:N036,-1.5,commutator,2509.0,,,2.0,a8fa234e-a646-4911-8402-a67c302db4ae,2026-08-12T00:11:58.358108+00:00,c1ad72de628f71283ac69037e9bbe97c3e773952f5abde5eac91397ca322d1a6,resource-grid,heisenberg_chain,Heisenberg-36,"{""coupling"":1.0,""field_z"":0.3}",36,36.0,proportional,1.0,0.03162277660168379,115.7999999999999,141,trotter-p4,trotter,Trotter p=4,analytical,analytical,4.0,,,,,,2509.0,,,,,,,,,,,,,,,,,,,,,,,,,,,,,,commuting,3.0,0.028427906997166415,18630.95116112817,schubert-mendl-commutator,"Schubert and Mendl, arXiv:2306.10603",Theorem 1,"{""prefactor"":18630.95116112817}",True,implemented-product-formula,True,,"[""the resolved ordered Hamiltonian groups match the implemented formula""]",,,,,,,implemented-product-formula,True,True,0.02846049894151541,,,,,,,,,,,,,,,,,,,1.0,none,0.0,system register,1.0,36.0,2872805.0,0.0,-1.0,272916475.0,4278646.0,analytical-model,0.0031622776601683794,,,,,,,,,,,,0.1.0,3.11.9,2.5.0,b58b31db18364511c43757e27fffc7abce8df2c1,True,ok,,
1.0,heisenberg_chain:N036,-1.5,empirical,377.0,,,2.0,a8fa234e-a646-4911-8402-a67c302db4ae,2026-08-12T00:11:58.358108+00:00,c1ad72de628f71283ac69037e9bbe97c3e773952f5abde5eac91397ca322d1a6,resource-grid,heisenberg_chain,Heisenberg-36,"{""coupling"":1.0,""field_z"":0.3}",36,36.0,proportional,1.0,0.03162277660168379,115.7999999999999,141,trotter-p4-empirical,trotter,Trotter p=4 [empirical],empirical-operator-norm,empirical,4.0,,,,,,377.0,,,,,,,,,,,,,,,,,,,,,,,,,,,,,,commuting,3.0,0.028423158923241817,9.4956618452,empirical-operator-norm,Repository empirical operator-norm calibration study v1 (2026-08-10),reviewed calibration opnorm-v1-heisenberg-open-trotter-p4; artifact docs/calibration_data/empirical_1d_v1_accepted.json,"{""prefactor"":9.4956618452}",False,implemented-product-formula,False,,"[""the resolved ordered Hamiltonian groups match the implemented formula"",""the fixed formal-order powers in time and segments apply"",""the reviewed affine size calibration extrapolates as flagged""]",,,,,,,implemented-product-formula,False,False,0.02846049894151541,,,,,,,,,,,,,,,,,,,1.0,none,0.0,system register,1.0,36.0,431665.0,0.0,-1.0,37123190.0,642906.0,analytical-model,0.0031622776601683794,opnorm-v1-heisenberg-open-trotter-p4,heisenberg_chain,affine-aN-plus-b,9.4956618452,4.0,12.0,4.0,12.0,True,True,formula,0.1.0,3.11.9,2.5.0,b58b31db18364511c43757e27fffc7abce8df2c1,True,ok,,
1.0,heisenberg_chain:N036,-1.5,commutator,1654.0,,,2.0,a8fa234e-a646-4911-8402-a67c302db4ae,2026-08-12T00:11:58.358108+00:00,c1ad72de628f71283ac69037e9bbe97c3e773952f5abde5eac91397ca322d1a6,resource-grid,heisenberg_chain,Heisenberg-36,"{""coupling"":1.0,""field_z"":0.3}",36,36.0,proportional,1.0,0.03162277660168379,115.7999999999999,141,trotter-p6,trotter,Trotter p=6,analytical,analytical,6.0,,,,,,1654.0,,,,,,,,,,,,,,,,,,,,,,,,,,,,,,commuting,3.0,0.028411835606996623,7423262.513876497,schubert-mendl-commutator,"Schubert and Mendl, arXiv:2306.10603",Theorem 1,"{""prefactor"":7423262.513876497}",True,implemented-product-formula,True,,"[""the resolved ordered Hamiltonian groups match the implemented formula""]",,,,,,,implemented-product-formula,True,True,0.02846049894151541,,,,,,,,,,,,,,,,,,,1.0,none,0.0,system register,1.0,36.0,9469150.0,0.0,-1.0,946915000.0,14102990.0,analytical-model,0.0031622776601683794,,,,,,,,,,,,0.1.0,3.11.9,2.5.0,b58b31db18364511c43757e27fffc7abce8df2c1,True,ok,,
1.0,heisenberg_chain:N036,-1.5,empirical,216.0,,,2.0,a8fa234e-a646-4911-8402-a67c302db4ae,2026-08-12T00:11:58.358108+00:00,c1ad72de628f71283ac69037e9bbe97c3e773952f5abde5eac91397ca322d1a6,resource-grid,heisenberg_chain,Heisenberg-36,"{""coupling"":1.0,""field_z"":0.3}",36,36.0,proportional,1.0,0.03162277660168379,115.7999999999999,141,trotter-p6-empirical,trotter,Trotter p=6 [empirical],empirical-operator-norm,empirical,6.0,,,,,,216.0,,,,,,,,,,,,,,,,,,,,,,,,,,,,,,commuting,3.0,0.0001064120947530859,0.13791007479999998,empirical-operator-norm,Repository empirical operator-norm calibration study v1 (2026-08-10),reviewed calibration opnorm-v1-heisenberg-open-trotter-p6; artifact docs/calibration_data/empirical_1d_v1_accepted.json,"{""prefactor"":0.13791007479999998}",False,implemented-product-formula,False,,"[""the resolved ordered Hamiltonian groups match the implemented formula"",""the fixed formal-order powers in time and segments apply"",""the reviewed affine size calibration extrapolates as flagged""]",,,,,,,implemented-product-formula,False,False,0.02846049894151541,,,,,,,,,,,,,,,,,,,1.0,none,0.0,system register,1.0,36.0,1236600.0,0.0,-1.0,112530600.0,1841745.0,analytical-model,0.0031622776601683794,opnorm-v1-heisenberg-open-trotter-p6,heisenberg_chain,affine-aN-plus-b,0.13791007479999998,4.0,12.0,4.0,12.0,True,True,asymptotic-domain,0.1.0,3.11.9,2.5.0,b58b31db18364511c43757e27fffc7abce8df2c1,True,ok,,
1.0,heisenberg_chain:N036,-1.5,jacobi-anger,,,,2.0,a8fa234e-a646-4911-8402-a67c302db4ae,2026-08-12T00:11:58.358108+00:00,c1ad72de628f71283ac69037e9bbe97c3e773952f5abde5eac91397ca322d1a6,resource-grid,heisenberg_chain,Heisenberg-36,"{""coupling"":1.0,""field_z"":0.3}",36,36.0,proportional,1.0,0.03162277660168379,115.7999999999999,141,qsvt,qsvt,QSVT,jacobi-anger-rigorous,analytical,,,,,,,,,,,,,,,,,,,,,,,,,,,,,,,,,,,34011.0,5669.0,,,0.0038641258488987715,,jacobi-anger-polynomial-oaa,"Martyn et al., arXiv:2105.02859, Eqs. (76)--(77)",Jacobi--Anger tails plus exact cubic OAA identity,"{""oaa-unitarity-defect-distortion"":0.0019348562804745555,""scaled-polynomial-error"":0.001929269568424216}",True,ideal-qsvt-oaa-good-block,True,,"[""the cosine and sine polynomials are implemented exactly"",""the unamplified good block is exactly Q/2""]",,,,,,,implemented-qsvt-floating-phase-circuit,False,False,0.02846049894151541,,,,,,,,,,,,,,,,,,,2.0,one robust OAA round,1.0,"component, quadrature, and index registers all-zero",,54.0,17413644.0,38976732.0,-1.0,1949512260.0,259504686.0,analytical-model,0.0031622776601683794,,,,,,,,,,,,0.1.0,3.11.9,2.5.0,b58b31db18364511c43757e27fffc7abce8df2c1,True,ok,,
1.0,heisenberg_chain:N036,-1.5,empirical,,7.0,45.0,2.0,a8fa234e-a646-4911-8402-a67c302db4ae,2026-08-12T00:11:58.358108+00:00,c1ad72de628f71283ac69037e9bbe97c3e773952f5abde5eac91397ca322d1a6,resource-grid,heisenberg_chain,Heisenberg-36,"{""coupling"":1.0,""field_z"":0.3}",36,36.0,proportional,1.0,0.03162277660168379,115.7999999999999,141,mpf-j-mizuta2026-theorem6-empirical-operator-norm,multiproduct,MPF J=Mizuta Theorem 6 (resolved per point) [empirical operator norm],empirical-operator-norm,empirical,,7.0,14.0,mizuta2026-theorem6,6.300000000000004,0.02846049894151541,45.0,,,,[],,,,,,,,,,,,,,,[],,,,,,,empirical-operator-norm,[],6210.0,,,,7.421228498464779e-06,4.6872e-06,empirical-operator-norm,Repository empirical operator-norm calibration study v1 (2026-08-10),reviewed calibration opnorm-v1-heisenberg-open-mpf-new-m7; fixed formal powers,"{""empirical_coefficient"":4.6872e-06}",False,ideal-mpf,False,ordered individual Pauli terms,"[""the fixed formal-order powers in time and segments apply"",""the empirical estimate concerns the repeated ideal MPF operator"",""the reviewed affine size calibration extrapolates as flagged""]",,0.0,0.0,False,False,{},repeated-shared-ancilla-good-block,False,False,0.02846049894151541,new,"[1,2,3,4,5,9,22]","[2.9953607852158573e-09,-2.9318124556219793e-05,0.003468573778195489,-0.04863485570038276,0.1308718708891307,-0.4341006887393225,1.3484244149015747]",1.965529725128523,0.034470274871476914,46.0,registered-exact,True,7.0,3.0,2.0,4.0,9.0,7.0,6.0,3.0,2.0,3.0,2.0,one robust OAA round per segment,45.0,branch register all-zero,,43.0,3494070.0,4095.0,-1.0,335447100.0,6117952.0,analytical-model,0.0031622776601683794,opnorm-v1-heisenberg-open-mpf-new-m7,heisenberg_chain,affine-aN-plus-b,4.6872e-06,4.0,8.0,4.0,12.0,True,True,asymptotic-domain,0.1.0,3.11.9,2.5.0,b58b31db18364511c43757e27fffc7abce8df2c1,True,ok,,
1.0,heisenberg_chain:N036,-1.5,commutator,,7.0,32322.0,2.0,a8fa234e-a646-4911-8402-a67c302db4ae,2026-08-12T00:11:58.358108+00:00,c1ad72de628f71283ac69037e9bbe97c3e773952f5abde5eac91397ca322d1a6,resource-grid,heisenberg_chain,Heisenberg-36,"{""coupling"":1.0,""field_z"":0.3}",36,36.0,proportional,1.0,0.03162277660168379,115.7999999999999,141,mpf-j-mizuta2026-theorem6-mizuta2026-commutator-ideal-rigorous,multiproduct,MPF J=Mizuta Theorem 6 (resolved per point) [Mizuta 2026 refined commutator],mizuta2026-commutator-ideal-rigorous,analytical,,7.0,14.0,mizuta2026-theorem6,6.300000000000004,0.02846049894151541,32322.0,32322.0,,22487.0,"[""error""]",156.15954385806938,14.0,,,8.564438330927365e-07,1.2921657428836692e-21,1.1036151436576422e-30,1.2921657417800538e-21,1.2921657428836692e-21,8.564438330927379e-07,0.028458949530358588,1.763997603736675e-05,False,0.0016009268074400917,"[1.0000000000000002,1.0000000000000002,1.0000000000000002,1.0000000000000002,1.0000000000000002,1.0000000000000002,1.0000000000000002,1.0000000000000002,1.0000000000000002,1.0000000000000002,1.0000000000000002,1.0000000000000002,1.0000000000000002,1.0000000000000002,1.0000000000000002,1.0000000000000002,1.0000000000000002,1.0000000000000002,1.0000000000000002,1.0000000000000002,1.0000000000000002,1.0000000000000002,1.0000000000000002,1.0000000000000002,1.0000000000000002,1.0000000000000002,1.0000000000000002,1.0000000000000002,1.0000000000000002,1.0000000000000002,1.0000000000000002,1.0000000000000002,1.0000000000000002,1.0000000000000002,1.0000000000000002,1.0000000000000002,1.0000000000000002,1.0000000000000002,1.0000000000000002,1.0000000000000002,1.0000000000000002,1.0000000000000002,1.0000000000000002,1.0000000000000002,1.0000000000000002,1.0000000000000002,1.0000000000000002,1.0000000000000002,1.0000000000000002,1.0000000000000002,1.0000000000000002,1.0000000000000002,1.0000000000000002,1.0000000000000002,1.0000000000000002,1.0000000000000002,1.0000000000000002,1.0000000000000002,1.0000000000000002,1.0000000000000002,1.0000000000000002,1.0000000000000002,1.0000000000000002,1.0000000000000002,1.0000000000000002,1.0000000000000002,1.0000000000000002,1.0000000000000002,1.0000000000000002,1.0000000000000002,1.0000000000000002,1.0000000000000002,1.0000000000000002,1.0000000000000002,1.0000000000000002,1.0000000000000002,1.0000000000000002,1.0000000000000002,1.0000000000000002,1.0000000000000002,1.0000000000000002,1.0000000000000002,1.0000000000000002,1.0000000000000002,1.0000000000000002,1.0000000000000002,1.0000000000000002,1.0000000000000002,1.0000000000000002,1.0000000000000002,1.0000000000000002,1.0000000000000002,1.0000000000000002,1.0000000000000002,1.0000000000000002,1.0000000000000002,1.0000000000000002,1.0000000000000002,1.0000000000000002,1.0000000000000002,1.0000000000000002,1.0000000000000002,1.0000000000000002,1.0000000000000002,1.0000000000000002,1.0000000000000002,1.0000000000000002,1.0000000000000002,1.0000000000000002,1.0000000000000002,1.0000000000000002,1.0000000000000002,1.0000000000000002,1.0000000000000002,1.0000000000000002,1.0000000000000002,1.0000000000000002,1.0000000000000002,1.0000000000000002,1.0000000000000002,1.0000000000000002,1.0000000000000002,1.0000000000000002,1.0000000000000002,1.0000000000000002,1.0000000000000002,1.0000000000000002,1.0000000000000002,1.0000000000000002,1.0000000000000002,1.0000000000000002,1.0000000000000002,1.0000000000000002,1.0000000000000002,1.0000000000000002,1.0000000000000002,1.0000000000000002,1.0000000000000002,1.0000000000000002,1.0000000000000002,1.0000000000000002]",6.300000000000007,4.0,True,exact commutator transition cap reached; locality bound used,not-used,commutator,mizuta2026-commutator-ideal-rigorous,[],4460436.0,,,,0.028458949530358588,1.7007276169107075e+38,mizuta2026-commutator-ideal-rigorous,"Mizuta, Quantum 10, 1974 (2026), arXiv:2507.06557v4","Theorem 4, Eqs. (47)--(49), with direct Lemmas 9--10 BCH remainder","{""error_predicate_satisfied"":1.0,""extensiveness_g"":6.300000000000004,""joint_predicate_satisfied"":1.0,""legacy_first_condition_passed"":0.0,""legacy_first_time_limit"":1.763997603736675e-05,""local_commutator_error"":8.564438330927365e-07,""local_step_error"":8.564438330927379e-07,""local_truncated_bch_error"":1.2921657428836692e-21,""locality_k"":2.0,""mu_upper"":156.15954385806938,""refined_lemma10_remainder"":1.2921657417800538e-21,""refined_lemma9_remainder"":1.1036151436576422e-30,""refined_tail_fallback"":0.0,""repeated_global_error"":0.028458949530358588,""schedule_weighted_extensiveness"":6.300000000000007,""second_time_limit"":0.0016009268074400917,""time_2_predicate_satisfied"":1.0,""total_branchwise_bch_remainder"":1.2921657428836692e-21,""truncation_order_p0"":14.0}",True,ideal-mpf,True,ordered individual Pauli terms,"[""individual Pauli summands define the ordered H_gamma decomposition"",""the actual Strang factors define schedule-weighted g_alpha extensiveness"",""Lemma 9 and Lemma 10 positive majorants directly certify the BCH remainder"",""the scalar-flow/Cauchy refined tail certificate is used"",""Theorem 4 second time hypothesis is satisfied"",""the repeated ideal MPF is composed with the Eq. (15) telescoping argument""]","exact Pauli recurrence would require 286794 transitions at order 5, above cap 250000; remaining orders use Mizuta 2026 Eq. (8)",14.0,4.0,True,True,"{""2"":984.0000000000011,""3"":16022.400000000034,""4"":245702.40000000078,""5"":2195110843.2691236,""6"":276583966251.9093,""7"":41819495697289.1,""8"":7376959041001784.0,""9"":1.487194942665952e+18,""10"":3.3729581299663746e+20,""11"":8.499854487515272e+22,""12"":2.356159663939246e+25,""13"":7.125026823752314e+27,""14"":2.3341587874612483e+30}",repeated-shared-ancilla-good-block,True,False,0.02846049894151541,new,"[1,2,3,4,5,9,22]","[2.9953607852158573e-09,-2.9318124556219793e-05,0.003468573778195489,-0.04863485570038276,0.1308718708891307,-0.4341006887393225,1.3484244149015747]",1.965529725128523,0.034470274871476914,46.0,registered-exact,True,7.0,3.0,2.0,4.0,9.0,7.0,6.0,3.0,2.0,3.0,2.0,one robust OAA round per segment,32322.0,branch register all-zero,,43.0,2509674012.0,2941302.0,-1.0,311211342696.0,4394320318.0,analytical-model,0.0031622776601683794,,,,,,,,,,,,0.1.0,3.11.9,2.5.0,b58b31db18364511c43757e27fffc7abce8df2c1,True,ok,,
1.0,heisenberg_chain:N036,-1.6,commutator,29188.0,,,2.0,a8fa234e-a646-4911-8402-a67c302db4ae,2026-08-12T00:11:58.358108+00:00,c1ad72de628f71283ac69037e9bbe97c3e773952f5abde5eac91397ca322d1a6,resource-grid,heisenberg_chain,Heisenberg-36,"{""coupling"":1.0,""field_z"":0.3}",36,36.0,proportional,1.0,0.025118864315095794,115.7999999999999,141,trotter-p2,trotter,Trotter p=2,analytical,analytical,2.0,,,,,,29188.0,,,,,,,,,,,,,,,,,,,,,,,,,,,,,,individual,141.0,0.02260676999558787,412.80000000000024,childs-commutator,"Childs, Su, Tran, Wiebe, and Zhu, arXiv:1912.08854",Propositions 9--10,"{""prefactor"":412.80000000000024}",True,implemented-product-formula,True,,"[""the resolved ordered Hamiltonian groups match the implemented formula""]",,,,,,,implemented-product-formula,True,True,0.022606977883586215,,,,,,,,,,,,,,,,,,,1.0,none,0.0,system register,1.0,36.0,8201828.0,0.0,-1.0,820182800.0,12215489.0,analytical-model,0.0025118864315095794,,,,,,,,,,,,0.1.0,3.11.9,2.5.0,b58b31db18364511c43757e27fffc7abce8df2c1,True,ok,,
1.0,heisenberg_chain:N036,-1.6,empirical,8914.0,,,2.0,a8fa234e-a646-4911-8402-a67c302db4ae,2026-08-12T00:11:58.358108+00:00,c1ad72de628f71283ac69037e9bbe97c3e773952f5abde5eac91397ca322d1a6,resource-grid,heisenberg_chain,Heisenberg-36,"{""coupling"":1.0,""field_z"":0.3}",36,36.0,proportional,1.0,0.025118864315095794,115.7999999999999,141,trotter-p2-empirical,trotter,Trotter p=2 [empirical],empirical-operator-norm,empirical,2.0,,,,,,8914.0,,,,,,,,,,,,,,,,,,,,,,,,,,,,,,individual,141.0,0.02260537414736949,38.4990006881,empirical-operator-norm,Repository empirical operator-norm calibration study v1 (2026-08-10),reviewed calibration opnorm-v1-heisenberg-open-trotter-p2; artifact docs/calibration_data/empirical_1d_v1_accepted.json,"{""prefactor"":38.4990006881}",False,implemented-product-formula,False,,"[""the resolved ordered Hamiltonian groups match the implemented formula"",""the fixed formal-order powers in time and segments apply"",""the reviewed affine size calibration extrapolates as flagged""]",,,,,,,implemented-product-formula,False,False,0.022606977883586215,,,,,,,,,,,,,,,,,,,1.0,none,0.0,system register,1.0,36.0,2504834.0,0.0,-1.0,237959230.0,3730604.0,analytical-model,0.0025118864315095794,opnorm-v1-heisenberg-open-trotter-p2,heisenberg_chain,affine-aN-plus-b,38.4990006881,4.0,12.0,4.0,12.0,True,True,formula,0.1.0,3.11.9,2.5.0,b58b31db18364511c43757e27fffc7abce8df2c1,True,ok,,
1.0,heisenberg_chain:N036,-1.6,commutator,2657.0,,,2.0,a8fa234e-a646-4911-8402-a67c302db4ae,2026-08-12T00:11:58.358108+00:00,c1ad72de628f71283ac69037e9bbe97c3e773952f5abde5eac91397ca322d1a6,resource-grid,heisenberg_chain,Heisenberg-36,"{""coupling"":1.0,""field_z"":0.3}",36,36.0,proportional,1.0,0.025118864315095794,115.7999999999999,141,trotter-p4,trotter,Trotter p=4,analytical,analytical,4.0,,,,,,2657.0,,,,,,,,,,,,,,,,,,,,,,,,,,,,,,commuting,3.0,0.022603792588815737,18630.95116112817,schubert-mendl-commutator,"Schubert and Mendl, arXiv:2306.10603",Theorem 1,"{""prefactor"":18630.95116112817}",True,implemented-product-formula,True,,"[""the resolved ordered Hamiltonian groups match the implemented formula""]",,,,,,,implemented-product-formula,True,True,0.022606977883586215,,,,,,,,,,,,,,,,,,,1.0,none,0.0,system register,1.0,36.0,3042265.0,0.0,-1.0,292057440.0,4531033.0,analytical-model,0.0025118864315095794,,,,,,,,,,,,0.1.0,3.11.9,2.5.0,b58b31db18364511c43757e27fffc7abce8df2c1,True,ok,,
1.0,heisenberg_chain:N036,-1.6,empirical,400.0,,,2.0,a8fa234e-a646-4911-8402-a67c302db4ae,2026-08-12T00:11:58.358108+00:00,c1ad72de628f71283ac69037e9bbe97c3e773952f5abde5eac91397ca322d1a6,resource-grid,heisenberg_chain,Heisenberg-36,"{""coupling"":1.0,""field_z"":0.3}",36,36.0,proportional,1.0,0.025118864315095794,115.7999999999999,141,trotter-p4-empirical,trotter,Trotter p=4 [empirical],empirical-operator-norm,empirical,4.0,,,,,,400.0,,,,,,,,,,,,,,,,,,,,,,,,,,,,,,commuting,3.0,0.022428373451888608,9.4956618452,empirical-operator-norm,Repository empirical operator-norm calibration study v1 (2026-08-10),reviewed calibration opnorm-v1-heisenberg-open-trotter-p4; artifact docs/calibration_data/empirical_1d_v1_accepted.json,"{""prefactor"":9.4956618452}",False,implemented-product-formula,False,,"[""the resolved ordered Hamiltonian groups match the implemented formula"",""the fixed formal-order powers in time and segments apply"",""the reviewed affine size calibration extrapolates as flagged""]",,,,,,,implemented-product-formula,False,False,0.022606977883586215,,,,,,,,,,,,,,,,,,,1.0,none,0.0,system register,1.0,36.0,458000.0,0.0,-1.0,40304000.0,682128.0,analytical-model,0.0025118864315095794,opnorm-v1-heisenberg-open-trotter-p4,heisenberg_chain,affine-aN-plus-b,9.4956618452,4.0,12.0,4.0,12.0,True,True,formula,0.1.0,3.11.9,2.5.0,b58b31db18364511c43757e27fffc7abce8df2c1,True,ok,,
1.0,heisenberg_chain:N036,-1.6,commutator,1719.0,,,2.0,a8fa234e-a646-4911-8402-a67c302db4ae,2026-08-12T00:11:58.358108+00:00,c1ad72de628f71283ac69037e9bbe97c3e773952f5abde5eac91397ca322d1a6,resource-grid,heisenberg_chain,Heisenberg-36,"{""coupling"":1.0,""field_z"":0.3}",36,36.0,proportional,1.0,0.025118864315095794,115.7999999999999,141,trotter-p6,trotter,Trotter p=6,analytical,analytical,6.0,,,,,,1719.0,,,,,,,,,,,,,,,,,,,,,,,,,,,,,,commuting,3.0,0.022545354284140732,7423262.513876497,schubert-mendl-commutator,"Schubert and Mendl, arXiv:2306.10603",Theorem 1,"{""prefactor"":7423262.513876497}",True,implemented-product-formula,True,,"[""the resolved ordered Hamiltonian groups match the implemented formula""]",,,,,,,implemented-product-formula,True,True,0.022606977883586215,,,,,,,,,,,,,,,,,,,1.0,none,0.0,system register,1.0,36.0,9841275.0,0.0,-1.0,993968775.0,14657219.0,analytical-model,0.0025118864315095794,,,,,,,,,,,,0.1.0,3.11.9,2.5.0,b58b31db18364511c43757e27fffc7abce8df2c1,True,ok,,
1.0,heisenberg_chain:N036,-1.6,empirical,216.0,,,2.0,a8fa234e-a646-4911-8402-a67c302db4ae,2026-08-12T00:11:58.358108+00:00,c1ad72de628f71283ac69037e9bbe97c3e773952f5abde5eac91397ca322d1a6,resource-grid,heisenberg_chain,Heisenberg-36,"{""coupling"":1.0,""field_z"":0.3}",36,36.0,proportional,1.0,0.025118864315095794,115.7999999999999,141,trotter-p6-empirical,trotter,Trotter p=6 [empirical],empirical-operator-norm,empirical,6.0,,,,,,216.0,,,,,,,,,,,,,,,,,,,,,,,,,,,,,,commuting,3.0,0.0001064120947530859,0.13791007479999998,empirical-operator-norm,Repository empirical operator-norm calibration study v1 (2026-08-10),reviewed calibration opnorm-v1-heisenberg-open-trotter-p6; artifact docs/calibration_data/empirical_1d_v1_accepted.json,"{""prefactor"":0.13791007479999998}",False,implemented-product-formula,False,,"[""the resolved ordered Hamiltonian groups match the implemented formula"",""the fixed formal-order powers in time and segments apply"",""the reviewed affine size calibration extrapolates as flagged""]",,,,,,,implemented-product-formula,False,False,0.022606977883586215,,,,,,,,,,,,,,,,,,,1.0,none,0.0,system register,1.0,36.0,1236600.0,0.0,-1.0,113767200.0,1841745.0,analytical-model,0.0025118864315095794,opnorm-v1-heisenberg-open-trotter-p6,heisenberg_chain,affine-aN-plus-b,0.13791007479999998,4.0,12.0,4.0,12.0,True,True,asymptotic-domain,0.1.0,3.11.9,2.5.0,b58b31db18364511c43757e27fffc7abce8df2c1,True,ok,,
1.0,heisenberg_chain:N036,-1.6,jacobi-anger,,,,2.0,a8fa234e-a646-4911-8402-a67c302db4ae,2026-08-12T00:11:58.358108+00:00,c1ad72de628f71283ac69037e9bbe97c3e773952f5abde5eac91397ca322d1a6,resource-grid,heisenberg_chain,Heisenberg-36,"{""coupling"":1.0,""field_z"":0.3}",36,36.0,proportional,1.0,0.025118864315095794,115.7999999999999,141,qsvt,qsvt,QSVT,jacobi-anger-rigorous,analytical,,,,,,,,,,,,,,,,,,,,,,,,,,,,,,,,,,,34011.0,5669.0,,,0.003212236877612068,,jacobi-anger-polynomial-oaa,"Martyn et al., arXiv:2105.02859, Eqs. (76)--(77)",Jacobi--Anger tails plus exact cubic OAA identity,"{""oaa-unitarity-defect-distortion"":0.001608049533642707,""scaled-polynomial-error"":0.001604187343969361}",True,ideal-qsvt-oaa-good-block,True,,"[""the cosine and sine polynomials are implemented exactly"",""the unamplified good block is exactly Q/2""]",,,,,,,implemented-qsvt-floating-phase-circuit,False,False,0.022606977883586215,,,,,,,,,,,,,,,,,,,2.0,one robust OAA round,1.0,"component, quadrature, and index registers all-zero",,54.0,17413644.0,38976732.0,-1.0,1966925904.0,259504686.0,analytical-model,0.0025118864315095794,,,,,,,,,,,,0.1.0,3.11.9,2.5.0,b58b31db18364511c43757e27fffc7abce8df2c1,True,ok,,
1.0,heisenberg_chain:N036,-1.6,empirical,,7.0,45.0,2.0,a8fa234e-a646-4911-8402-a67c302db4ae,2026-08-12T00:11:58.358108+00:00,c1ad72de628f71283ac69037e9bbe97c3e773952f5abde5eac91397ca322d1a6,resource-grid,heisenberg_chain,Heisenberg-36,"{""coupling"":1.0,""field_z"":0.3}",36,36.0,proportional,1.0,0.025118864315095794,115.7999999999999,141,mpf-j-mizuta2026-theorem6-empirical-operator-norm,multiproduct,MPF J=Mizuta Theorem 6 (resolved per point) [empirical operator norm],empirical-operator-norm,empirical,,7.0,14.0,mizuta2026-theorem6,6.300000000000004,0.022606977883586215,45.0,,,,[],,,,,,,,,,,,,,,[],,,,,,,empirical-operator-norm,[],6210.0,,,,7.421228498464779e-06,4.6872e-06,empirical-operator-norm,Repository empirical operator-norm calibration study v1 (2026-08-10),reviewed calibration opnorm-v1-heisenberg-open-mpf-new-m7; fixed formal powers,"{""empirical_coefficient"":4.6872e-06}",False,ideal-mpf,False,ordered individual Pauli terms,"[""the fixed formal-order powers in time and segments apply"",""the empirical estimate concerns the repeated ideal MPF operator"",""the reviewed affine size calibration extrapolates as flagged""]",,0.0,0.0,False,False,{},repeated-shared-ancilla-good-block,False,False,0.022606977883586215,new,"[1,2,3,4,5,9,22]","[2.9953607852158573e-09,-2.9318124556219793e-05,0.003468573778195489,-0.04863485570038276,0.1308718708891307,-0.4341006887393225,1.3484244149015747]",1.965529725128523,0.034470274871476914,46.0,registered-exact,True,7.0,3.0,2.0,4.0,9.0,7.0,6.0,3.0,2.0,3.0,2.0,one robust OAA round per segment,45.0,branch register all-zero,,43.0,3494070.0,4095.0,-1.0,338941170.0,6117952.0,analytical-model,0.0025118864315095794,opnorm-v1-heisenberg-open-mpf-new-m7,heisenberg_chain,affine-aN-plus-b,4.6872e-06,4.0,8.0,4.0,12.0,True,True,asymptotic-domain,0.1.0,3.11.9,2.5.0,b58b31db18364511c43757e27fffc7abce8df2c1,True,ok,,
1.0,heisenberg_chain:N036,-1.6,commutator,,7.0,32845.0,2.0,a8fa234e-a646-4911-8402-a67c302db4ae,2026-08-12T00:11:58.358108+00:00,c1ad72de628f71283ac69037e9bbe97c3e773952f5abde5eac91397ca322d1a6,resource-grid,heisenberg_chain,Heisenberg-36,"{""coupling"":1.0,""field_z"":0.3}",36,36.0,proportional,1.0,0.025118864315095794,115.7999999999999,141,mpf-j-mizuta2026-theorem6-mizuta2026-commutator-ideal-rigorous,multiproduct,MPF J=Mizuta Theorem 6 (resolved per point) [Mizuta 2026 refined commutator],mizuta2026-commutator-ideal-rigorous,analytical,,7.0,14.0,mizuta2026-theorem6,6.300000000000004,0.022606977883586215,32845.0,32845.0,,22487.0,"[""error""]",156.15954385806938,14.0,,,6.731832205550902e-07,1.0138259191541927e-21,8.67147695666172e-31,1.0138259182870448e-21,1.0138259191541927e-21,6.731832205550914e-07,0.022605015506409275,1.763997603736675e-05,False,0.0016009268074400917,"[1.0000000000000002,1.0000000000000002,1.0000000000000002,1.0000000000000002,1.0000000000000002,1.0000000000000002,1.0000000000000002,1.0000000000000002,1.0000000000000002,1.0000000000000002,1.0000000000000002,1.0000000000000002,1.0000000000000002,1.0000000000000002,1.0000000000000002,1.0000000000000002,1.0000000000000002,1.0000000000000002,1.0000000000000002,1.0000000000000002,1.0000000000000002,1.0000000000000002,1.0000000000000002,1.0000000000000002,1.0000000000000002,1.0000000000000002,1.0000000000000002,1.0000000000000002,1.0000000000000002,1.0000000000000002,1.0000000000000002,1.0000000000000002,1.0000000000000002,1.0000000000000002,1.0000000000000002,1.0000000000000002,1.0000000000000002,1.0000000000000002,1.0000000000000002,1.0000000000000002,1.0000000000000002,1.0000000000000002,1.0000000000000002,1.0000000000000002,1.0000000000000002,1.0000000000000002,1.0000000000000002,1.0000000000000002,1.0000000000000002,1.0000000000000002,1.0000000000000002,1.0000000000000002,1.0000000000000002,1.0000000000000002,1.0000000000000002,1.0000000000000002,1.0000000000000002,1.0000000000000002,1.0000000000000002,1.0000000000000002,1.0000000000000002,1.0000000000000002,1.0000000000000002,1.0000000000000002,1.0000000000000002,1.0000000000000002,1.0000000000000002,1.0000000000000002,1.0000000000000002,1.0000000000000002,1.0000000000000002,1.0000000000000002,1.0000000000000002,1.0000000000000002,1.0000000000000002,1.0000000000000002,1.0000000000000002,1.0000000000000002,1.0000000000000002,1.0000000000000002,1.0000000000000002,1.0000000000000002,1.0000000000000002,1.0000000000000002,1.0000000000000002,1.0000000000000002,1.0000000000000002,1.0000000000000002,1.0000000000000002,1.0000000000000002,1.0000000000000002,1.0000000000000002,1.0000000000000002,1.0000000000000002,1.0000000000000002,1.0000000000000002,1.0000000000000002,1.0000000000000002,1.0000000000000002,1.0000000000000002,1.0000000000000002,1.0000000000000002,1.0000000000000002,1.0000000000000002,1.0000000000000002,1.0000000000000002,1.0000000000000002,1.0000000000000002,1.0000000000000002,1.0000000000000002,1.0000000000000002,1.0000000000000002,1.0000000000000002,1.0000000000000002,1.0000000000000002,1.0000000000000002,1.0000000000000002,1.0000000000000002,1.0000000000000002,1.0000000000000002,1.0000000000000002,1.0000000000000002,1.0000000000000002,1.0000000000000002,1.0000000000000002,1.0000000000000002,1.0000000000000002,1.0000000000000002,1.0000000000000002,1.0000000000000002,1.0000000000000002,1.0000000000000002,1.0000000000000002,1.0000000000000002,1.0000000000000002,1.0000000000000002,1.0000000000000002,1.0000000000000002,1.0000000000000002,1.0000000000000002,1.0000000000000002]",6.300000000000007,4.0,True,exact commutator transition cap reached; locality bound used,not-used,commutator,mizuta2026-commutator-ideal-rigorous,[],4532610.0,,,,0.022605015506409275,1.7007276169107075e+38,mizuta2026-commutator-ideal-rigorous,"Mizuta, Quantum 10, 1974 (2026), arXiv:2507.06557v4","Theorem 4, Eqs. (47)--(49), with direct Lemmas 9--10 BCH remainder","{""error_predicate_satisfied"":1.0,""extensiveness_g"":6.300000000000004,""joint_predicate_satisfied"":1.0,""legacy_first_condition_passed"":0.0,""legacy_first_time_limit"":1.763997603736675e-05,""local_commutator_error"":6.731832205550902e-07,""local_step_error"":6.731832205550914e-07,""local_truncated_bch_error"":1.0138259191541927e-21,""locality_k"":2.0,""mu_upper"":156.15954385806938,""refined_lemma10_remainder"":1.0138259182870448e-21,""refined_lemma9_remainder"":8.67147695666172e-31,""refined_tail_fallback"":0.0,""repeated_global_error"":0.022605015506409275,""schedule_weighted_extensiveness"":6.300000000000007,""second_time_limit"":0.0016009268074400917,""time_2_predicate_satisfied"":1.0,""total_branchwise_bch_remainder"":1.0138259191541927e-21,""truncation_order_p0"":14.0}",True,ideal-mpf,True,ordered individual Pauli terms,"[""individual Pauli summands define the ordered H_gamma decomposition"",""the actual Strang factors define schedule-weighted g_alpha extensiveness"",""Lemma 9 and Lemma 10 positive majorants directly certify the BCH remainder"",""the scalar-flow/Cauchy refined tail certificate is used"",""Theorem 4 second time hypothesis is satisfied"",""the repeated ideal MPF is composed with the Eq. (15) telescoping argument""]","exact Pauli recurrence would require 286794 transitions at order 5, above cap 250000; remaining orders use Mizuta 2026 Eq. (8)",14.0,4.0,True,True,"{""2"":984.0000000000011,""3"":16022.400000000034,""4"":245702.40000000078,""5"":2195110843.2691236,""6"":276583966251.9093,""7"":41819495697289.1,""8"":7376959041001784.0,""9"":1.487194942665952e+18,""10"":3.3729581299663746e+20,""11"":8.499854487515272e+22,""12"":2.356159663939246e+25,""13"":7.125026823752314e+27,""14"":2.3341587874612483e+30}",repeated-shared-ancilla-good-block,True,False,0.022606977883586215,new,"[1,2,3,4,5,9,22]","[2.9953607852158573e-09,-2.9318124556219793e-05,0.003468573778195489,-0.04863485570038276,0.1308718708891307,-0.4341006887393225,1.3484244149015747]",1.965529725128523,0.034470274871476914,46.0,registered-exact,True,7.0,3.0,2.0,4.0,9.0,7.0,6.0,3.0,2.0,3.0,2.0,one robust OAA round per segment,32845.0,branch register all-zero,,43.0,2550282870.0,2988895.0,-1.0,318797314330.0,4465424505.0,analytical-model,0.0025118864315095794,,,,,,,,,,,,0.1.0,3.11.9,2.5.0,b58b31db18364511c43757e27fffc7abce8df2c1,True,ok,,
1.0,heisenberg_chain:N036,-1.7,commutator,32750.0,,,2.0,a8fa234e-a646-4911-8402-a67c302db4ae,2026-08-12T00:11:58.358108+00:00,c1ad72de628f71283ac69037e9bbe97c3e773952f5abde5eac91397ca322d1a6,resource-grid,heisenberg_chain,Heisenberg-36,"{""coupling"":1.0,""field_z"":0.3}",36,36.0,proportional,1.0,0.0199526231496888,115.7999999999999,141,trotter-p2,trotter,Trotter p=2,analytical,analytical,2.0,,,,,,32750.0,,,,,,,,,,,,,,,,,,,,,,,,,,,,,,individual,141.0,0.017956619590932945,412.80000000000024,childs-commutator,"Childs, Su, Tran, Wiebe, and Zhu, arXiv:1912.08854",Propositions 9--10,"{""prefactor"":412.80000000000024}",True,implemented-product-formula,True,,"[""the resolved ordered Hamiltonian groups match the implemented formula""]",,,,,,,implemented-product-formula,True,True,0.01795736083471992,,,,,,,,,,,,,,,,,,,1.0,none,0.0,system register,1.0,36.0,9202750.0,0.0,-1.0,938680500.0,13706224.0,analytical-model,0.00199526231496888,,,,,,,,,,,,0.1.0,3.11.9,2.5.0,b58b31db18364511c43757e27fffc7abce8df2c1,True,ok,,
1.0,heisenberg_chain:N036,-1.7,empirical,10002.0,,,2.0,a8fa234e-a646-4911-8402-a67c302db4ae,2026-08-12T00:11:58.358108+00:00,c1ad72de628f71283ac69037e9bbe97c3e773952f5abde5eac91397ca322d1a6,resource-grid,heisenberg_chain,Heisenberg-36,"{""coupling"":1.0,""field_z"":0.3}",36,36.0,proportional,1.0,0.0199526231496888,115.7999999999999,141,trotter-p2-empirical,trotter,Trotter p=2 [empirical],empirical-operator-norm,empirical,2.0,,,,,,10002.0,,,,,,,,,,,,,,,,,,,,,,,,,,,,,,individual,141.0,0.017954911078412104,38.4990006881,empirical-operator-norm,Repository empirical operator-norm calibration study v1 (2026-08-10),reviewed calibration opnorm-v1-heisenberg-open-trotter-p2; artifact docs/calibration_data/empirical_1d_v1_accepted.json,"{""prefactor"":38.4990006881}",False,implemented-product-formula,False,,"[""the resolved ordered Hamiltonian groups match the implemented formula"",""the fixed formal-order powers in time and segments apply"",""the reviewed affine size calibration extrapolates as flagged""]",,,,,,,implemented-product-formula,False,False,0.01795736083471992,,,,,,,,,,,,,,,,,,,1.0,none,0.0,system register,1.0,36.0,2810562.0,0.0,-1.0,272624514.0,4185944.0,analytical-model,0.00199526231496888,opnorm-v1-heisenberg-open-trotter-p2,heisenberg_chain,affine-aN-plus-b,38.4990006881,4.0,12.0,4.0,12.0,True,True,formula,0.1.0,3.11.9,2.5.0,b58b31db18364511c43757e27fffc7abce8df2c1,True,ok,,
1.0,heisenberg_chain:N036,-1.7,commutator,2815.0,,,2.0,a8fa234e-a646-4911-8402-a67c302db4ae,2026-08-12T00:11:58.358108+00:00,c1ad72de628f71283ac69037e9bbe97c3e773952f5abde5eac91397ca322d1a6,resource-grid,heisenberg_chain,Heisenberg-36,"{""coupling"":1.0,""field_z"":0.3}",36,36.0,proportional,1.0,0.0199526231496888,115.7999999999999,141,trotter-p4,trotter,Trotter p=4,analytical,analytical,4.0,,,,,,2815.0,,,,,,,,,,,,,,,,,,,,,,,,,,,,,,commuting,3.0,0.01794047487767157,18630.95116112817,schubert-mendl-commutator,"Schubert and Mendl, arXiv:2306.10603",Theorem 1,"{""prefactor"":18630.95116112817}",True,implemented-product-formula,True,,"[""the resolved ordered Hamiltonian groups match the implemented formula""]",,,,,,,implemented-product-formula,True,True,0.01795736083471992,,,,,,,,,,,,,,,,,,,1.0,none,0.0,system register,1.0,36.0,3223175.0,0.0,-1.0,312647975.0,4800474.0,analytical-model,0.00199526231496888,,,,,,,,,,,,0.1.0,3.11.9,2.5.0,b58b31db18364511c43757e27fffc7abce8df2c1,True,ok,,
1.0,heisenberg_chain:N036,-1.7,empirical,423.0,,,2.0,a8fa234e-a646-4911-8402-a67c302db4ae,2026-08-12T00:11:58.358108+00:00,c1ad72de628f71283ac69037e9bbe97c3e773952f5abde5eac91397ca322d1a6,resource-grid,heisenberg_chain,Heisenberg-36,"{""coupling"":1.0,""field_z"":0.3}",36,36.0,proportional,1.0,0.0199526231496888,115.7999999999999,141,trotter-p4-empirical,trotter,Trotter p=4 [empirical],empirical-operator-norm,empirical,4.0,,,,,,423.0,,,,,,,,,,,,,,,,,,,,,,,,,,,,,,commuting,3.0,0.017933963217137208,9.4956618452,empirical-operator-norm,Repository empirical operator-norm calibration study v1 (2026-08-10),reviewed calibration opnorm-v1-heisenberg-open-trotter-p4; artifact docs/calibration_data/empirical_1d_v1_accepted.json,"{""prefactor"":9.4956618452}",False,implemented-product-formula,False,,"[""the resolved ordered Hamiltonian groups match the implemented formula"",""the fixed formal-order powers in time and segments apply"",""the reviewed affine size calibration extrapolates as flagged""]",,,,,,,implemented-product-formula,False,False,0.01795736083471992,,,,,,,,,,,,,,,,,,,1.0,none,0.0,system register,1.0,36.0,484335.0,0.0,-1.0,43105815.0,721350.0,analytical-model,0.00199526231496888,opnorm-v1-heisenberg-open-trotter-p4,heisenberg_chain,affine-aN-plus-b,9.4956618452,4.0,12.0,4.0,12.0,True,True,formula,0.1.0,3.11.9,2.5.0,b58b31db18364511c43757e27fffc7abce8df2c1,True,ok,,
1.0,heisenberg_chain:N036,-1.7,commutator,1786.0,,,2.0,a8fa234e-a646-4911-8402-a67c302db4ae,2026-08-12T00:11:58.358108+00:00,c1ad72de628f71283ac69037e9bbe97c3e773952f5abde5eac91397ca322d1a6,resource-grid,heisenberg_chain,Heisenberg-36,"{""coupling"":1.0,""field_z"":0.3}",36,36.0,proportional,1.0,0.0199526231496888,115.7999999999999,141,trotter-p6,trotter,Trotter p=6,analytical,analytical,6.0,,,,,,1786.0,,,,,,,,,,,,,,,,,,,,,,,,,,,,,,commuting,3.0,0.017923532064900764,7423262.513876497,schubert-mendl-commutator,"Schubert and Mendl, arXiv:2306.10603",Theorem 1,"{""prefactor"":7423262.513876497}",True,implemented-product-formula,True,,"[""the resolved ordered Hamiltonian groups match the implemented formula""]",,,,,,,implemented-product-formula,True,True,0.01795736083471992,,,,,,,,,,,,,,,,,,,1.0,none,0.0,system register,1.0,36.0,10224850.0,0.0,-1.0,1042934700.0,15228500.0,analytical-model,0.00199526231496888,,,,,,,,,,,,0.1.0,3.11.9,2.5.0,b58b31db18364511c43757e27fffc7abce8df2c1,True,ok,,
1.0,heisenberg_chain:N036,-1.7,empirical,216.0,,,2.0,a8fa234e-a646-4911-8402-a67c302db4ae,2026-08-12T00:11:58.358108+00:00,c1ad72de628f71283ac69037e9bbe97c3e773952f5abde5eac91397ca322d1a6,resource-grid,heisenberg_chain,Heisenberg-36,"{""coupling"":1.0,""field_z"":0.3}",36,36.0,proportional,1.0,0.0199526231496888,115.7999999999999,141,trotter-p6-empirical,trotter,Trotter p=6 [empirical],empirical-operator-norm,empirical,6.0,,,,,,216.0,,,,,,,,,,,,,,,,,,,,,,,,,,,,,,commuting,3.0,0.0001064120947530859,0.13791007479999998,empirical-operator-norm,Repository empirical operator-norm calibration study v1 (2026-08-10),reviewed calibration opnorm-v1-heisenberg-open-trotter-p6; artifact docs/calibration_data/empirical_1d_v1_accepted.json,"{""prefactor"":0.13791007479999998}",False,implemented-product-formula,False,,"[""the resolved ordered Hamiltonian groups match the implemented formula"",""the fixed formal-order powers in time and segments apply"",""the reviewed affine size calibration extrapolates as flagged""]",,,,,,,implemented-product-formula,False,False,0.01795736083471992,,,,,,,,,,,,,,,,,,,1.0,none,0.0,system register,1.0,36.0,1236600.0,0.0,-1.0,115003800.0,1841745.0,analytical-model,0.00199526231496888,opnorm-v1-heisenberg-open-trotter-p6,heisenberg_chain,affine-aN-plus-b,0.13791007479999998,4.0,12.0,4.0,12.0,True,True,asymptotic-domain,0.1.0,3.11.9,2.5.0,b58b31db18364511c43757e27fffc7abce8df2c1,True,ok,,
1.0,heisenberg_chain:N036,-1.7,jacobi-anger,,,,2.0,a8fa234e-a646-4911-8402-a67c302db4ae,2026-08-12T00:11:58.358108+00:00,c1ad72de628f71283ac69037e9bbe97c3e773952f5abde5eac91397ca322d1a6,resource-grid,heisenberg_chain,Heisenberg-36,"{""coupling"":1.0,""field_z"":0.3}",36,36.0,proportional,1.0,0.0199526231496888,115.7999999999999,141,qsvt,qsvt,QSVT,jacobi-anger-rigorous,analytical,,,,,,,,,,,,,,,,,,,,,,,,,,,,,,,,,,,34011.0,5669.0,,,0.0026946493622493914,,jacobi-anger-polynomial-oaa,"Martyn et al., arXiv:2105.02859, Eqs. (76)--(77)",Jacobi--Anger tails plus exact cubic OAA identity,"{""oaa-unitarity-defect-distortion"":0.001348684007771646,""scaled-polynomial-error"":0.0013459653544777455}",True,ideal-qsvt-oaa-good-block,True,,"[""the cosine and sine polynomials are implemented exactly"",""the unamplified good block is exactly Q/2""]",,,,,,,implemented-qsvt-floating-phase-circuit,False,False,0.01795736083471992,,,,,,,,,,,,,,,,,,,2.0,one robust OAA round,1.0,"component, quadrature, and index registers all-zero",,54.0,17413644.0,38976732.0,-1.0,1984339548.0,259504686.0,analytical-model,0.00199526231496888,,,,,,,,,,,,0.1.0,3.11.9,2.5.0,b58b31db18364511c43757e27fffc7abce8df2c1,True,ok,,
1.0,heisenberg_chain:N036,-1.7,empirical,,7.0,45.0,2.0,a8fa234e-a646-4911-8402-a67c302db4ae,2026-08-12T00:11:58.358108+00:00,c1ad72de628f71283ac69037e9bbe97c3e773952f5abde5eac91397ca322d1a6,resource-grid,heisenberg_chain,Heisenberg-36,"{""coupling"":1.0,""field_z"":0.3}",36,36.0,proportional,1.0,0.0199526231496888,115.7999999999999,141,mpf-j-mizuta2026-theorem6-empirical-operator-norm,multiproduct,MPF J=Mizuta Theorem 6 (resolved per point) [empirical operator norm],empirical-operator-norm,empirical,,7.0,14.0,mizuta2026-theorem6,6.300000000000004,0.01795736083471992,45.0,,,,[],,,,,,,,,,,,,,,[],,,,,,,empirical-operator-norm,[],6210.0,,,,7.421228498464779e-06,4.6872e-06,empirical-operator-norm,Repository empirical operator-norm calibration study v1 (2026-08-10),reviewed calibration opnorm-v1-heisenberg-open-mpf-new-m7; fixed formal powers,"{""empirical_coefficient"":4.6872e-06}",False,ideal-mpf,False,ordered individual Pauli terms,"[""the fixed formal-order powers in time and segments apply"",""the empirical estimate concerns the repeated ideal MPF operator"",""the reviewed affine size calibration extrapolates as flagged""]",,0.0,0.0,False,False,{},repeated-shared-ancilla-good-block,False,False,0.01795736083471992,new,"[1,2,3,4,5,9,22]","[2.9953607852158573e-09,-2.9318124556219793e-05,0.003468573778195489,-0.04863485570038276,0.1308718708891307,-0.4341006887393225,1.3484244149015747]",1.965529725128523,0.034470274871476914,46.0,registered-exact,True,7.0,3.0,2.0,4.0,9.0,7.0,6.0,3.0,2.0,3.0,2.0,one robust OAA round per segment,45.0,branch register all-zero,,43.0,3494070.0,4095.0,-1.0,342435240.0,6117952.0,analytical-model,0.00199526231496888,opnorm-v1-heisenberg-open-mpf-new-m7,heisenberg_chain,affine-aN-plus-b,4.6872e-06,4.0,8.0,4.0,12.0,True,True,asymptotic-domain,0.1.0,3.11.9,2.5.0,b58b31db18364511c43757e27fffc7abce8df2c1,True,ok,,
1.0,heisenberg_chain:N036,-1.7,commutator,,7.0,33379.0,2.0,a8fa234e-a646-4911-8402-a67c302db4ae,2026-08-12T00:11:58.358108+00:00,c1ad72de628f71283ac69037e9bbe97c3e773952f5abde5eac91397ca322d1a6,resource-grid,heisenberg_chain,Heisenberg-36,"{""coupling"":1.0,""field_z"":0.3}",36,36.0,proportional,1.0,0.0199526231496888,115.7999999999999,141,mpf-j-mizuta2026-theorem6-mizuta2026-commutator-ideal-rigorous,multiproduct,MPF J=Mizuta Theorem 6 (resolved per point) [Mizuta 2026 refined commutator],mizuta2026-commutator-ideal-rigorous,analytical,,7.0,14.0,mizuta2026-theorem6,6.300000000000004,0.01795736083471992,33379.0,33379.0,,22487.0,"[""error""]",156.15954385806938,14.0,,,5.285334186747458e-07,7.945542791301531e-22,6.805736703250463e-31,7.945542784495793e-22,7.945542791301531e-22,5.285334186747468e-07,0.017955906269688664,1.763997603736675e-05,False,0.0016009268074400917,"[1.0000000000000002,1.0000000000000002,1.0000000000000002,1.0000000000000002,1.0000000000000002,1.0000000000000002,1.0000000000000002,1.0000000000000002,1.0000000000000002,1.0000000000000002,1.0000000000000002,1.0000000000000002,1.0000000000000002,1.0000000000000002,1.0000000000000002,1.0000000000000002,1.0000000000000002,1.0000000000000002,1.0000000000000002,1.0000000000000002,1.0000000000000002,1.0000000000000002,1.0000000000000002,1.0000000000000002,1.0000000000000002,1.0000000000000002,1.0000000000000002,1.0000000000000002,1.0000000000000002,1.0000000000000002,1.0000000000000002,1.0000000000000002,1.0000000000000002,1.0000000000000002,1.0000000000000002,1.0000000000000002,1.0000000000000002,1.0000000000000002,1.0000000000000002,1.0000000000000002,1.0000000000000002,1.0000000000000002,1.0000000000000002,1.0000000000000002,1.0000000000000002,1.0000000000000002,1.0000000000000002,1.0000000000000002,1.0000000000000002,1.0000000000000002,1.0000000000000002,1.0000000000000002,1.0000000000000002,1.0000000000000002,1.0000000000000002,1.0000000000000002,1.0000000000000002,1.0000000000000002,1.0000000000000002,1.0000000000000002,1.0000000000000002,1.0000000000000002,1.0000000000000002,1.0000000000000002,1.0000000000000002,1.0000000000000002,1.0000000000000002,1.0000000000000002,1.0000000000000002,1.0000000000000002,1.0000000000000002,1.0000000000000002,1.0000000000000002,1.0000000000000002,1.0000000000000002,1.0000000000000002,1.0000000000000002,1.0000000000000002,1.0000000000000002,1.0000000000000002,1.0000000000000002,1.0000000000000002,1.0000000000000002,1.0000000000000002,1.0000000000000002,1.0000000000000002,1.0000000000000002,1.0000000000000002,1.0000000000000002,1.0000000000000002,1.0000000000000002,1.0000000000000002,1.0000000000000002,1.0000000000000002,1.0000000000000002,1.0000000000000002,1.0000000000000002,1.0000000000000002,1.0000000000000002,1.0000000000000002,1.0000000000000002,1.0000000000000002,1.0000000000000002,1.0000000000000002,1.0000000000000002,1.0000000000000002,1.0000000000000002,1.0000000000000002,1.0000000000000002,1.0000000000000002,1.0000000000000002,1.0000000000000002,1.0000000000000002,1.0000000000000002,1.0000000000000002,1.0000000000000002,1.0000000000000002,1.0000000000000002,1.0000000000000002,1.0000000000000002,1.0000000000000002,1.0000000000000002,1.0000000000000002,1.0000000000000002,1.0000000000000002,1.0000000000000002,1.0000000000000002,1.0000000000000002,1.0000000000000002,1.0000000000000002,1.0000000000000002,1.0000000000000002,1.0000000000000002,1.0000000000000002,1.0000000000000002,1.0000000000000002,1.0000000000000002,1.0000000000000002,1.0000000000000002,1.0000000000000002,1.0000000000000002]",6.300000000000007,4.0,True,exact commutator transition cap reached; locality bound used,not-used,commutator,mizuta2026-commutator-ideal-rigorous,[],4606302.0,,,,0.017955906269688664,1.7007276169107075e+38,mizuta2026-commutator-ideal-rigorous,"Mizuta, Quantum 10, 1974 (2026), arXiv:2507.06557v4","Theorem 4, Eqs. (47)--(49), with direct Lemmas 9--10 BCH remainder","{""error_predicate_satisfied"":1.0,""extensiveness_g"":6.300000000000004,""joint_predicate_satisfied"":1.0,""legacy_first_condition_passed"":0.0,""legacy_first_time_limit"":1.763997603736675e-05,""local_commutator_error"":5.285334186747458e-07,""local_step_error"":5.285334186747468e-07,""local_truncated_bch_error"":7.945542791301531e-22,""locality_k"":2.0,""mu_upper"":156.15954385806938,""refined_lemma10_remainder"":7.945542784495793e-22,""refined_lemma9_remainder"":6.805736703250463e-31,""refined_tail_fallback"":0.0,""repeated_global_error"":0.017955906269688664,""schedule_weighted_extensiveness"":6.300000000000007,""second_time_limit"":0.0016009268074400917,""time_2_predicate_satisfied"":1.0,""total_branchwise_bch_remainder"":7.945542791301531e-22,""truncation_order_p0"":14.0}",True,ideal-mpf,True,ordered individual Pauli terms,"[""individual Pauli summands define the ordered H_gamma decomposition"",""the actual Strang factors define schedule-weighted g_alpha extensiveness"",""Lemma 9 and Lemma 10 positive majorants directly certify the BCH remainder"",""the scalar-flow/Cauchy refined tail certificate is used"",""Theorem 4 second time hypothesis is satisfied"",""the repeated ideal MPF is composed with the Eq. (15) telescoping argument""]","exact Pauli recurrence would require 286794 transitions at order 5, above cap 250000; remaining orders use Mizuta 2026 Eq. (8)",14.0,4.0,True,True,"{""2"":984.0000000000011,""3"":16022.400000000034,""4"":245702.40000000078,""5"":2195110843.2691236,""6"":276583966251.9093,""7"":41819495697289.1,""8"":7376959041001784.0,""9"":1.487194942665952e+18,""10"":3.3729581299663746e+20,""11"":8.499854487515272e+22,""12"":2.356159663939246e+25,""13"":7.125026823752314e+27,""14"":2.3341587874612483e+30}",repeated-shared-ancilla-good-block,True,False,0.01795736083471992,new,"[1,2,3,4,5,9,22]","[2.9953607852158573e-09,-2.9318124556219793e-05,0.003468573778195489,-0.04863485570038276,0.1308718708891307,-0.4341006887393225,1.3484244149015747]",1.965529725128523,0.034470274871476914,46.0,registered-exact,True,7.0,3.0,2.0,4.0,9.0,7.0,6.0,3.0,2.0,3.0,2.0,one robust OAA round per segment,33379.0,branch register all-zero,,43.0,2591745834.0,3037489.0,-1.0,329163870874.0,4538024191.0,analytical-model,0.00199526231496888,,,,,,,,,,,,0.1.0,3.11.9,2.5.0,b58b31db18364511c43757e27fffc7abce8df2c1,True,ok,,
1.0,heisenberg_chain:N036,-1.8,commutator,36746.0,,,2.0,a8fa234e-a646-4911-8402-a67c302db4ae,2026-08-12T00:11:58.358108+00:00,c1ad72de628f71283ac69037e9bbe97c3e773952f5abde5eac91397ca322d1a6,resource-grid,heisenberg_chain,Heisenberg-36,"{""coupling"":1.0,""field_z"":0.3}",36,36.0,proportional,1.0,0.015848931924611134,115.7999999999999,141,trotter-p2,trotter,Trotter p=2,analytical,analytical,2.0,,,,,,36746.0,,,,,,,,,,,,,,,,,,,,,,,,,,,,,,individual,141.0,0.014263530973123878,412.80000000000024,childs-commutator,"Childs, Su, Tran, Wiebe, and Zhu, arXiv:1912.08854",Propositions 9--10,"{""prefactor"":412.80000000000024}",True,implemented-product-formula,True,,"[""the resolved ordered Hamiltonian groups match the implemented formula""]",,,,,,,implemented-product-formula,True,True,0.014264038732150021,,,,,,,,,,,,,,,,,,,1.0,none,0.0,system register,1.0,36.0,10325626.0,0.0,-1.0,1063539478.0,15378592.0,analytical-model,0.0015848931924611134,,,,,,,,,,,,0.1.0,3.11.9,2.5.0,b58b31db18364511c43757e27fffc7abce8df2c1,True,ok,,
1.0,heisenberg_chain:N036,-1.8,empirical,11222.0,,,2.0,a8fa234e-a646-4911-8402-a67c302db4ae,2026-08-12T00:11:58.358108+00:00,c1ad72de628f71283ac69037e9bbe97c3e773952f5abde5eac91397ca322d1a6,resource-grid,heisenberg_chain,Heisenberg-36,"{""coupling"":1.0,""field_z"":0.3}",36,36.0,proportional,1.0,0.015848931924611134,115.7999999999999,141,trotter-p2-empirical,trotter,Trotter p=2 [empirical],empirical-operator-norm,empirical,2.0,,,,,,11222.0,,,,,,,,,,,,,,,,,,,,,,,,,,,,,,individual,141.0,0.014263182210860089,38.4990006881,empirical-operator-norm,Repository empirical operator-norm calibration study v1 (2026-08-10),reviewed calibration opnorm-v1-heisenberg-open-trotter-p2; artifact docs/calibration_data/empirical_1d_v1_accepted.json,"{""prefactor"":38.4990006881}",False,implemented-product-formula,False,,"[""the resolved ordered Hamiltonian groups match the implemented formula"",""the fixed formal-order powers in time and segments apply"",""the reviewed affine size calibration extrapolates as flagged""]",,,,,,,implemented-product-formula,False,False,0.014264038732150021,,,,,,,,,,,,,,,,,,,1.0,none,0.0,system register,1.0,36.0,3153382.0,0.0,-1.0,309031436.0,4696527.0,analytical-model,0.0015848931924611134,opnorm-v1-heisenberg-open-trotter-p2,heisenberg_chain,affine-aN-plus-b,38.4990006881,4.0,12.0,4.0,12.0,True,True,formula,0.1.0,3.11.9,2.5.0,b58b31db18364511c43757e27fffc7abce8df2c1,True,ok,,
1.0,heisenberg_chain:N036,-1.8,commutator,2982.0,,,2.0,a8fa234e-a646-4911-8402-a67c302db4ae,2026-08-12T00:11:58.358108+00:00,c1ad72de628f71283ac69037e9bbe97c3e773952f5abde5eac91397ca322d1a6,resource-grid,heisenberg_chain,Heisenberg-36,"{""coupling"":1.0,""field_z"":0.3}",36,36.0,proportional,1.0,0.015848931924611134,115.7999999999999,141,trotter-p4,trotter,Trotter p=4,analytical,analytical,4.0,,,,,,2982.0,,,,,,,,,,,,,,,,,,,,,,,,,,,,,,commuting,3.0,0.014246788424630306,18630.95116112817,schubert-mendl-commutator,"Schubert and Mendl, arXiv:2306.10603",Theorem 1,"{""prefactor"":18630.95116112817}",True,implemented-product-formula,True,,"[""the resolved ordered Hamiltonian groups match the implemented formula""]",,,,,,,implemented-product-formula,True,True,0.014264038732150021,,,,,,,,,,,,,,,,,,,1.0,none,0.0,system register,1.0,36.0,3414390.0,0.0,-1.0,334610220.0,5085262.0,analytical-model,0.0015848931924611134,,,,,,,,,,,,0.1.0,3.11.9,2.5.0,b58b31db18364511c43757e27fffc7abce8df2c1,True,ok,,
1.0,heisenberg_chain:N036,-1.8,empirical,448.0,,,2.0,a8fa234e-a646-4911-8402-a67c302db4ae,2026-08-12T00:11:58.358108+00:00,c1ad72de628f71283ac69037e9bbe97c3e773952f5abde5eac91397ca322d1a6,resource-grid,heisenberg_chain,Heisenberg-36,"{""coupling"":1.0,""field_z"":0.3}",36,36.0,proportional,1.0,0.015848931924611134,115.7999999999999,141,trotter-p4-empirical,trotter,Trotter p=4 [empirical],empirical-operator-norm,empirical,4.0,,,,,,448.0,,,,,,,,,,,,,,,,,,,,,,,,,,,,,,commuting,3.0,0.01425363679789018,9.4956618452,empirical-operator-norm,Repository empirical operator-norm calibration study v1 (2026-08-10),reviewed calibration opnorm-v1-heisenberg-open-trotter-p4; artifact docs/calibration_data/empirical_1d_v1_accepted.json,"{""prefactor"":9.4956618452}",False,implemented-product-formula,False,,"[""the resolved ordered Hamiltonian groups match the implemented formula"",""the fixed formal-order powers in time and segments apply"",""the reviewed affine size calibration extrapolates as flagged""]",,,,,,,implemented-product-formula,False,False,0.014264038732150021,,,,,,,,,,,,,,,,,,,1.0,none,0.0,system register,1.0,36.0,512960.0,0.0,-1.0,46166400.0,763983.0,analytical-model,0.0015848931924611134,opnorm-v1-heisenberg-open-trotter-p4,heisenberg_chain,affine-aN-plus-b,9.4956618452,4.0,12.0,4.0,12.0,True,True,formula,0.1.0,3.11.9,2.5.0,b58b31db18364511c43757e27fffc7abce8df2c1,True,ok,,
1.0,heisenberg_chain:N036,-1.8,commutator,1856.0,,,2.0,a8fa234e-a646-4911-8402-a67c302db4ae,2026-08-12T00:11:58.358108+00:00,c1ad72de628f71283ac69037e9bbe97c3e773952f5abde5eac91397ca322d1a6,resource-grid,heisenberg_chain,Heisenberg-36,"{""coupling"":1.0,""field_z"":0.3}",36,36.0,proportional,1.0,0.015848931924611134,115.7999999999999,141,trotter-p6,trotter,Trotter p=6,analytical,analytical,6.0,,,,,,1856.0,,,,,,,,,,,,,,,,,,,,,,,,,,,,,,commuting,3.0,0.01423129735701988,7423262.513876497,schubert-mendl-commutator,"Schubert and Mendl, arXiv:2306.10603",Theorem 1,"{""prefactor"":7423262.513876497}",True,implemented-product-formula,True,,"[""the resolved ordered Hamiltonian groups match the implemented formula""]",,,,,,,implemented-product-formula,True,True,0.014264038732150021,,,,,,,,,,,,,,,,,,,1.0,none,0.0,system register,1.0,36.0,10625600.0,0.0,-1.0,1094436800.0,15825362.0,analytical-model,0.0015848931924611134,,,,,,,,,,,,0.1.0,3.11.9,2.5.0,b58b31db18364511c43757e27fffc7abce8df2c1,True,ok,,
1.0,heisenberg_chain:N036,-1.8,empirical,216.0,,,2.0,a8fa234e-a646-4911-8402-a67c302db4ae,2026-08-12T00:11:58.358108+00:00,c1ad72de628f71283ac69037e9bbe97c3e773952f5abde5eac91397ca322d1a6,resource-grid,heisenberg_chain,Heisenberg-36,"{""coupling"":1.0,""field_z"":0.3}",36,36.0,proportional,1.0,0.015848931924611134,115.7999999999999,141,trotter-p6-empirical,trotter,Trotter p=6 [empirical],empirical-operator-norm,empirical,6.0,,,,,,216.0,,,,,,,,,,,,,,,,,,,,,,,,,,,,,,commuting,3.0,0.0001064120947530859,0.13791007479999998,empirical-operator-norm,Repository empirical operator-norm calibration study v1 (2026-08-10),reviewed calibration opnorm-v1-heisenberg-open-trotter-p6; artifact docs/calibration_data/empirical_1d_v1_accepted.json,"{""prefactor"":0.13791007479999998}",False,implemented-product-formula,False,,"[""the resolved ordered Hamiltonian groups match the implemented formula"",""the fixed formal-order powers in time and segments apply"",""the reviewed affine size calibration extrapolates as flagged""]",,,,,,,implemented-product-formula,False,False,0.014264038732150021,,,,,,,,,,,,,,,,,,,1.0,none,0.0,system register,1.0,36.0,1236600.0,0.0,-1.0,116240400.0,1841745.0,analytical-model,0.0015848931924611134,opnorm-v1-heisenberg-open-trotter-p6,heisenberg_chain,affine-aN-plus-b,0.13791007479999998,4.0,12.0,4.0,12.0,True,True,asymptotic-domain,0.1.0,3.11.9,2.5.0,b58b31db18364511c43757e27fffc7abce8df2c1,True,ok,,
1.0,heisenberg_chain:N036,-1.8,jacobi-anger,,,,2.0,a8fa234e-a646-4911-8402-a67c302db4ae,2026-08-12T00:11:58.358108+00:00,c1ad72de628f71283ac69037e9bbe97c3e773952f5abde5eac91397ca322d1a6,resource-grid,heisenberg_chain,Heisenberg-36,"{""coupling"":1.0,""field_z"":0.3}",36,36.0,proportional,1.0,0.015848931924611134,115.7999999999999,141,qsvt,qsvt,QSVT,jacobi-anger-rigorous,analytical,,,,,,,,,,,,,,,,,,,,,,,,,,,,,,,,,,,34011.0,5669.0,,,0.002283657733314361,,jacobi-anger-polynomial-oaa,"Martyn et al., arXiv:2105.02859, Eqs. (76)--(77)",Jacobi--Anger tails plus exact cubic OAA identity,"{""oaa-unitarity-defect-distortion"":0.0011428053959163847,""scaled-polynomial-error"":0.0011408523373979765}",True,ideal-qsvt-oaa-good-block,True,,"[""the cosine and sine polynomials are implemented exactly"",""the unamplified good block is exactly Q/2""]",,,,,,,implemented-qsvt-floating-phase-circuit,False,False,0.014264038732150021,,,,,,,,,,,,,,,,,,,2.0,one robust OAA round,1.0,"component, quadrature, and index registers all-zero",,54.0,17413644.0,38976732.0,-1.0,2001753192.0,259504686.0,analytical-model,0.0015848931924611134,,,,,,,,,,,,0.1.0,3.11.9,2.5.0,b58b31db18364511c43757e27fffc7abce8df2c1,True,ok,,
1.0,heisenberg_chain:N036,-1.8,empirical,,7.0,45.0,2.0,a8fa234e-a646-4911-8402-a67c302db4ae,2026-08-12T00:11:58.358108+00:00,c1ad72de628f71283ac69037e9bbe97c3e773952f5abde5eac91397ca322d1a6,resource-grid,heisenberg_chain,Heisenberg-36,"{""coupling"":1.0,""field_z"":0.3}",36,36.0,proportional,1.0,0.015848931924611134,115.7999999999999,141,mpf-j-mizuta2026-theorem6-empirical-operator-norm,multiproduct,MPF J=Mizuta Theorem 6 (resolved per point) [empirical operator norm],empirical-operator-norm,empirical,,7.0,14.0,mizuta2026-theorem6,6.300000000000004,0.014264038732150021,45.0,,,,[],,,,,,,,,,,,,,,[],,,,,,,empirical-operator-norm,[],6210.0,,,,7.421228498464779e-06,4.6872e-06,empirical-operator-norm,Repository empirical operator-norm calibration study v1 (2026-08-10),reviewed calibration opnorm-v1-heisenberg-open-mpf-new-m7; fixed formal powers,"{""empirical_coefficient"":4.6872e-06}",False,ideal-mpf,False,ordered individual Pauli terms,"[""the fixed formal-order powers in time and segments apply"",""the empirical estimate concerns the repeated ideal MPF operator"",""the reviewed affine size calibration extrapolates as flagged""]",,0.0,0.0,False,False,{},repeated-shared-ancilla-good-block,False,False,0.014264038732150021,new,"[1,2,3,4,5,9,22]","[2.9953607852158573e-09,-2.9318124556219793e-05,0.003468573778195489,-0.04863485570038276,0.1308718708891307,-0.4341006887393225,1.3484244149015747]",1.965529725128523,0.034470274871476914,46.0,registered-exact,True,7.0,3.0,2.0,4.0,9.0,7.0,6.0,3.0,2.0,3.0,2.0,one robust OAA round per segment,45.0,branch register all-zero,,43.0,3494070.0,4095.0,-1.0,345929310.0,6117952.0,analytical-model,0.0015848931924611134,opnorm-v1-heisenberg-open-mpf-new-m7,heisenberg_chain,affine-aN-plus-b,4.6872e-06,4.0,8.0,4.0,12.0,True,True,asymptotic-domain,0.1.0,3.11.9,2.5.0,b58b31db18364511c43757e27fffc7abce8df2c1,True,ok,,
1.0,heisenberg_chain:N036,-1.8,commutator,,7.0,33924.0,2.0,a8fa234e-a646-4911-8402-a67c302db4ae,2026-08-12T00:11:58.358108+00:00,c1ad72de628f71283ac69037e9bbe97c3e773952f5abde5eac91397ca322d1a6,resource-grid,heisenberg_chain,Heisenberg-36,"{""coupling"":1.0,""field_z"":0.3}",36,36.0,proportional,1.0,0.015848931924611134,115.7999999999999,141,mpf-j-mizuta2026-theorem6-mizuta2026-commutator-ideal-rigorous,multiproduct,MPF J=Mizuta Theorem 6 (resolved per point) [Mizuta 2026 refined commutator],mizuta2026-commutator-ideal-rigorous,analytical,,7.0,14.0,mizuta2026-theorem6,6.300000000000004,0.014264038732150021,33924.0,33924.0,,22487.0,"[""error""]",156.15954385806938,14.0,,,4.145400137000039e-07,6.220841174291919e-22,5.335977430308632e-31,6.220841168955941e-22,6.220841174291919e-22,4.145400137000046e-07,0.014262010477705905,1.763997603736675e-05,False,0.0016009268074400917,"[1.0000000000000002,1.0000000000000002,1.0000000000000002,1.0000000000000002,1.0000000000000002,1.0000000000000002,1.0000000000000002,1.0000000000000002,1.0000000000000002,1.0000000000000002,1.0000000000000002,1.0000000000000002,1.0000000000000002,1.0000000000000002,1.0000000000000002,1.0000000000000002,1.0000000000000002,1.0000000000000002,1.0000000000000002,1.0000000000000002,1.0000000000000002,1.0000000000000002,1.0000000000000002,1.0000000000000002,1.0000000000000002,1.0000000000000002,1.0000000000000002,1.0000000000000002,1.0000000000000002,1.0000000000000002,1.0000000000000002,1.0000000000000002,1.0000000000000002,1.0000000000000002,1.0000000000000002,1.0000000000000002,1.0000000000000002,1.0000000000000002,1.0000000000000002,1.0000000000000002,1.0000000000000002,1.0000000000000002,1.0000000000000002,1.0000000000000002,1.0000000000000002,1.0000000000000002,1.0000000000000002,1.0000000000000002,1.0000000000000002,1.0000000000000002,1.0000000000000002,1.0000000000000002,1.0000000000000002,1.0000000000000002,1.0000000000000002,1.0000000000000002,1.0000000000000002,1.0000000000000002,1.0000000000000002,1.0000000000000002,1.0000000000000002,1.0000000000000002,1.0000000000000002,1.0000000000000002,1.0000000000000002,1.0000000000000002,1.0000000000000002,1.0000000000000002,1.0000000000000002,1.0000000000000002,1.0000000000000002,1.0000000000000002,1.0000000000000002,1.0000000000000002,1.0000000000000002,1.0000000000000002,1.0000000000000002,1.0000000000000002,1.0000000000000002,1.0000000000000002,1.0000000000000002,1.0000000000000002,1.0000000000000002,1.0000000000000002,1.0000000000000002,1.0000000000000002,1.0000000000000002,1.0000000000000002,1.0000000000000002,1.0000000000000002,1.0000000000000002,1.0000000000000002,1.0000000000000002,1.0000000000000002,1.0000000000000002,1.0000000000000002,1.0000000000000002,1.0000000000000002,1.0000000000000002,1.0000000000000002,1.0000000000000002,1.0000000000000002,1.0000000000000002,1.0000000000000002,1.0000000000000002,1.0000000000000002,1.0000000000000002,1.0000000000000002,1.0000000000000002,1.0000000000000002,1.0000000000000002,1.0000000000000002,1.0000000000000002,1.0000000000000002,1.0000000000000002,1.0000000000000002,1.0000000000000002,1.0000000000000002,1.0000000000000002,1.0000000000000002,1.0000000000000002,1.0000000000000002,1.0000000000000002,1.0000000000000002,1.0000000000000002,1.0000000000000002,1.0000000000000002,1.0000000000000002,1.0000000000000002,1.0000000000000002,1.0000000000000002,1.0000000000000002,1.0000000000000002,1.0000000000000002,1.0000000000000002,1.0000000000000002,1.0000000000000002,1.0000000000000002,1.0000000000000002,1.0000000000000002,1.0000000000000002]",6.300000000000007,4.0,True,exact commutator transition cap reached; locality bound used,not-used,commutator,mizuta2026-commutator-ideal-rigorous,[],4681512.0,,,,0.014262010477705905,1.7007276169107075e+38,mizuta2026-commutator-ideal-rigorous,"Mizuta, Quantum 10, 1974 (2026), arXiv:2507.06557v4","Theorem 4, Eqs. (47)--(49), with direct Lemmas 9--10 BCH remainder","{""error_predicate_satisfied"":1.0,""extensiveness_g"":6.300000000000004,""joint_predicate_satisfied"":1.0,""legacy_first_condition_passed"":0.0,""legacy_first_time_limit"":1.763997603736675e-05,""local_commutator_error"":4.145400137000039e-07,""local_step_error"":4.145400137000046e-07,""local_truncated_bch_error"":6.220841174291919e-22,""locality_k"":2.0,""mu_upper"":156.15954385806938,""refined_lemma10_remainder"":6.220841168955941e-22,""refined_lemma9_remainder"":5.335977430308632e-31,""refined_tail_fallback"":0.0,""repeated_global_error"":0.014262010477705905,""schedule_weighted_extensiveness"":6.300000000000007,""second_time_limit"":0.0016009268074400917,""time_2_predicate_satisfied"":1.0,""total_branchwise_bch_remainder"":6.220841174291919e-22,""truncation_order_p0"":14.0}",True,ideal-mpf,True,ordered individual Pauli terms,"[""individual Pauli summands define the ordered H_gamma decomposition"",""the actual Strang factors define schedule-weighted g_alpha extensiveness"",""Lemma 9 and Lemma 10 positive majorants directly certify the BCH remainder"",""the scalar-flow/Cauchy refined tail certificate is used"",""Theorem 4 second time hypothesis is satisfied"",""the repeated ideal MPF is composed with the Eq. (15) telescoping argument""]","exact Pauli recurrence would require 286794 transitions at order 5, above cap 250000; remaining orders use Mizuta 2026 Eq. (8)",14.0,4.0,True,True,"{""2"":984.0000000000011,""3"":16022.400000000034,""4"":245702.40000000078,""5"":2195110843.2691236,""6"":276583966251.9093,""7"":41819495697289.1,""8"":7376959041001784.0,""9"":1.487194942665952e+18,""10"":3.3729581299663746e+20,""11"":8.499854487515272e+22,""12"":2.356159663939246e+25,""13"":7.125026823752314e+27,""14"":2.3341587874612483e+30}",repeated-shared-ancilla-good-block,True,False,0.014264038732150021,new,"[1,2,3,4,5,9,22]","[2.9953607852158573e-09,-2.9318124556219793e-05,0.003468573778195489,-0.04863485570038276,0.1308718708891307,-0.4341006887393225,1.3484244149015747]",1.965529725128523,0.034470274871476914,46.0,registered-exact,True,7.0,3.0,2.0,4.0,9.0,7.0,6.0,3.0,2.0,3.0,2.0,one robust OAA round per segment,33924.0,branch register all-zero,,43.0,2634062904.0,3087084.0,-1.0,337172400048.0,4612119376.0,analytical-model,0.0015848931924611134,,,,,,,,,,,,0.1.0,3.11.9,2.5.0,b58b31db18364511c43757e27fffc7abce8df2c1,True,ok,,
1.0,heisenberg_chain:N036,-1.9,commutator,41229.0,,,2.0,a8fa234e-a646-4911-8402-a67c302db4ae,2026-08-12T00:11:58.358108+00:00,c1ad72de628f71283ac69037e9bbe97c3e773952f5abde5eac91397ca322d1a6,resource-grid,heisenberg_chain,Heisenberg-36,"{""coupling"":1.0,""field_z"":0.3}",36,36.0,proportional,1.0,0.012589254117941675,115.7999999999999,141,trotter-p2,trotter,Trotter p=2,analytical,analytical,2.0,,,,,,41229.0,,,,,,,,,,,,,,,,,,,,,,,,,,,,,,individual,141.0,0.01133030467948892,412.80000000000024,childs-commutator,"Childs, Su, Tran, Wiebe, and Zhu, arXiv:1912.08854",Propositions 9--10,"{""prefactor"":412.80000000000024}",True,implemented-product-formula,True,,"[""the resolved ordered Hamiltonian groups match the implemented formula""]",,,,,,,implemented-product-formula,True,True,0.011330328706147507,,,,,,,,,,,,,,,,,,,1.0,none,0.0,system register,1.0,36.0,11585349.0,0.0,-1.0,1216461645.0,17254776.0,analytical-model,0.0012589254117941675,,,,,,,,,,,,0.1.0,3.11.9,2.5.0,b58b31db18364511c43757e27fffc7abce8df2c1,True,ok,,
1.0,heisenberg_chain:N036,-1.9,empirical,12591.0,,,2.0,a8fa234e-a646-4911-8402-a67c302db4ae,2026-08-12T00:11:58.358108+00:00,c1ad72de628f71283ac69037e9bbe97c3e773952f5abde5eac91397ca322d1a6,resource-grid,heisenberg_chain,Heisenberg-36,"{""coupling"":1.0,""field_z"":0.3}",36,36.0,proportional,1.0,0.012589254117941675,115.7999999999999,141,trotter-p2-empirical,trotter,Trotter p=2 [empirical],empirical-operator-norm,empirical,2.0,,,,,,12591.0,,,,,,,,,,,,,,,,,,,,,,,,,,,,,,individual,141.0,0.011330172218563972,38.4990006881,empirical-operator-norm,Repository empirical operator-norm calibration study v1 (2026-08-10),reviewed calibration opnorm-v1-heisenberg-open-trotter-p2; artifact docs/calibration_data/empirical_1d_v1_accepted.json,"{""prefactor"":38.4990006881}",False,implemented-product-formula,False,,"[""the resolved ordered Hamiltonian groups match the implemented formula"",""the fixed formal-order powers in time and segments apply"",""the reviewed affine size calibration extrapolates as flagged""]",,,,,,,implemented-product-formula,False,False,0.011330328706147507,,,,,,,,,,,,,,,,,,,1.0,none,0.0,system register,1.0,36.0,3538071.0,0.0,-1.0,353807100.0,5269468.0,analytical-model,0.0012589254117941675,opnorm-v1-heisenberg-open-trotter-p2,heisenberg_chain,affine-aN-plus-b,38.4990006881,4.0,12.0,4.0,12.0,True,True,formula,0.1.0,3.11.9,2.5.0,b58b31db18364511c43757e27fffc7abce8df2c1,True,ok,,
1.0,heisenberg_chain:N036,-1.9,commutator,3158.0,,,2.0,a8fa234e-a646-4911-8402-a67c302db4ae,2026-08-12T00:11:58.358108+00:00,c1ad72de628f71283ac69037e9bbe97c3e773952f5abde5eac91397ca322d1a6,resource-grid,heisenberg_chain,Heisenberg-36,"{""coupling"":1.0,""field_z"":0.3}",36,36.0,proportional,1.0,0.012589254117941675,115.7999999999999,141,trotter-p4,trotter,Trotter p=4,analytical,analytical,4.0,,,,,,3158.0,,,,,,,,,,,,,,,,,,,,,,,,,,,,,,commuting,3.0,0.011326586044473595,18630.95116112817,schubert-mendl-commutator,"Schubert and Mendl, arXiv:2306.10603",Theorem 1,"{""prefactor"":18630.95116112817}",True,implemented-product-formula,True,,"[""the resolved ordered Hamiltonian groups match the implemented formula""]",,,,,,,implemented-product-formula,True,True,0.011330328706147507,,,,,,,,,,,,,,,,,,,1.0,none,0.0,system register,1.0,36.0,3615910.0,0.0,-1.0,361591000.0,5385398.0,analytical-model,0.0012589254117941675,,,,,,,,,,,,0.1.0,3.11.9,2.5.0,b58b31db18364511c43757e27fffc7abce8df2c1,True,ok,,
1.0,heisenberg_chain:N036,-1.9,empirical,475.0,,,2.0,a8fa234e-a646-4911-8402-a67c302db4ae,2026-08-12T00:11:58.358108+00:00,c1ad72de628f71283ac69037e9bbe97c3e773952f5abde5eac91397ca322d1a6,resource-grid,heisenberg_chain,Heisenberg-36,"{""coupling"":1.0,""field_z"":0.3}",36,36.0,proportional,1.0,0.012589254117941675,115.7999999999999,141,trotter-p4-empirical,trotter,Trotter p=4 [empirical],empirical-operator-norm,empirical,4.0,,,,,,475.0,,,,,,,,,,,,,,,,,,,,,,,,,,,,,,commuting,3.0,0.011278810648651943,9.4956618452,empirical-operator-norm,Repository empirical operator-norm calibration study v1 (2026-08-10),reviewed calibration opnorm-v1-heisenberg-open-trotter-p4; artifact docs/calibration_data/empirical_1d_v1_accepted.json,"{""prefactor"":9.4956618452}",False,implemented-product-formula,False,,"[""the resolved ordered Hamiltonian groups match the implemented formula"",""the fixed formal-order powers in time and segments apply"",""the reviewed affine size calibration extrapolates as flagged""]",,,,,,,implemented-product-formula,False,False,0.011330328706147507,,,,,,,,,,,,,,,,,,,1.0,none,0.0,system register,1.0,36.0,543875.0,0.0,-1.0,49492625.0,810027.0,analytical-model,0.0012589254117941675,opnorm-v1-heisenberg-open-trotter-p4,heisenberg_chain,affine-aN-plus-b,9.4956618452,4.0,12.0,4.0,12.0,True,True,formula,0.1.0,3.11.9,2.5.0,b58b31db18364511c43757e27fffc7abce8df2c1,True,ok,,
1.0,heisenberg_chain:N036,-1.9,commutator,1928.0,,,2.0,a8fa234e-a646-4911-8402-a67c302db4ae,2026-08-12T00:11:58.358108+00:00,c1ad72de628f71283ac69037e9bbe97c3e773952f5abde5eac91397ca322d1a6,resource-grid,heisenberg_chain,Heisenberg-36,"{""coupling"":1.0,""field_z"":0.3}",36,36.0,proportional,1.0,0.012589254117941675,115.7999999999999,141,trotter-p6,trotter,Trotter p=6,analytical,analytical,6.0,,,,,,1928.0,,,,,,,,,,,,,,,,,,,,,,,,,,,,,,commuting,3.0,0.011325832827943116,7423262.513876497,schubert-mendl-commutator,"Schubert and Mendl, arXiv:2306.10603",Theorem 1,"{""prefactor"":7423262.513876497}",True,implemented-product-formula,True,,"[""the resolved ordered Hamiltonian groups match the implemented formula""]",,,,,,,implemented-product-formula,True,True,0.011330328706147507,,,,,,,,,,,,,,,,,,,1.0,none,0.0,system register,1.0,36.0,11037800.0,0.0,-1.0,1158969000.0,16439277.0,analytical-model,0.0012589254117941675,,,,,,,,,,,,0.1.0,3.11.9,2.5.0,b58b31db18364511c43757e27fffc7abce8df2c1,True,ok,,
1.0,heisenberg_chain:N036,-1.9,empirical,216.0,,,2.0,a8fa234e-a646-4911-8402-a67c302db4ae,2026-08-12T00:11:58.358108+00:00,c1ad72de628f71283ac69037e9bbe97c3e773952f5abde5eac91397ca322d1a6,resource-grid,heisenberg_chain,Heisenberg-36,"{""coupling"":1.0,""field_z"":0.3}",36,36.0,proportional,1.0,0.012589254117941675,115.7999999999999,141,trotter-p6-empirical,trotter,Trotter p=6 [empirical],empirical-operator-norm,empirical,6.0,,,,,,216.0,,,,,,,,,,,,,,,,,,,,,,,,,,,,,,commuting,3.0,0.0001064120947530859,0.13791007479999998,empirical-operator-norm,Repository empirical operator-norm calibration study v1 (2026-08-10),reviewed calibration opnorm-v1-heisenberg-open-trotter-p6; artifact docs/calibration_data/empirical_1d_v1_accepted.json,"{""prefactor"":0.13791007479999998}",False,implemented-product-formula,False,,"[""the resolved ordered Hamiltonian groups match the implemented formula"",""the fixed formal-order powers in time and segments apply"",""the reviewed affine size calibration extrapolates as flagged""]",,,,,,,implemented-product-formula,False,False,0.011330328706147507,,,,,,,,,,,,,,,,,,,1.0,none,0.0,system register,1.0,36.0,1236600.0,0.0,-1.0,117477000.0,1841745.0,analytical-model,0.0012589254117941675,opnorm-v1-heisenberg-open-trotter-p6,heisenberg_chain,affine-aN-plus-b,0.13791007479999998,4.0,12.0,4.0,12.0,True,True,asymptotic-domain,0.1.0,3.11.9,2.5.0,b58b31db18364511c43757e27fffc7abce8df2c1,True,ok,,
1.0,heisenberg_chain:N036,-1.9,jacobi-anger,,,,2.0,a8fa234e-a646-4911-8402-a67c302db4ae,2026-08-12T00:11:58.358108+00:00,c1ad72de628f71283ac69037e9bbe97c3e773952f5abde5eac91397ca322d1a6,resource-grid,heisenberg_chain,Heisenberg-36,"{""coupling"":1.0,""field_z"":0.3}",36,36.0,proportional,1.0,0.012589254117941675,115.7999999999999,141,qsvt,qsvt,QSVT,jacobi-anger-rigorous,analytical,,,,,,,,,,,,,,,,,,,,,,,,,,,,,,,,,,,34011.0,5669.0,,,0.0019572855276273433,,jacobi-anger-polynomial-oaa,"Martyn et al., arXiv:2105.02859, Eqs. (76)--(77)",Jacobi--Anger tails plus exact cubic OAA identity,"{""oaa-unitarity-defect-distortion"":0.000979360251005402,""scaled-polynomial-error"":0.0009779252766219412}",True,ideal-qsvt-oaa-good-block,True,,"[""the cosine and sine polynomials are implemented exactly"",""the unamplified good block is exactly Q/2""]",,,,,,,implemented-qsvt-floating-phase-circuit,False,False,0.011330328706147507,,,,,,,,,,,,,,,,,,,2.0,one robust OAA round,1.0,"component, quadrature, and index registers all-zero",,54.0,17413644.0,38976732.0,-1.0,2019166836.0,259504686.0,analytical-model,0.0012589254117941675,,,,,,,,,,,,0.1.0,3.11.9,2.5.0,b58b31db18364511c43757e27fffc7abce8df2c1,True,ok,,
1.0,heisenberg_chain:N036,-1.9,empirical,,7.0,45.0,2.0,a8fa234e-a646-4911-8402-a67c302db4ae,2026-08-12T00:11:58.358108+00:00,c1ad72de628f71283ac69037e9bbe97c3e773952f5abde5eac91397ca322d1a6,resource-grid,heisenberg_chain,Heisenberg-36,"{""coupling"":1.0,""field_z"":0.3}",36,36.0,proportional,1.0,0.012589254117941675,115.7999999999999,141,mpf-j-mizuta2026-theorem6-empirical-operator-norm,multiproduct,MPF J=Mizuta Theorem 6 (resolved per point) [empirical operator norm],empirical-operator-norm,empirical,,7.0,14.0,mizuta2026-theorem6,6.300000000000004,0.011330328706147507,45.0,,,,[],,,,,,,,,,,,,,,[],,,,,,,empirical-operator-norm,[],6210.0,,,,7.421228498464779e-06,4.6872e-06,empirical-operator-norm,Repository empirical operator-norm calibration study v1 (2026-08-10),reviewed calibration opnorm-v1-heisenberg-open-mpf-new-m7; fixed formal powers,"{""empirical_coefficient"":4.6872e-06}",False,ideal-mpf,False,ordered individual Pauli terms,"[""the fixed formal-order powers in time and segments apply"",""the empirical estimate concerns the repeated ideal MPF operator"",""the reviewed affine size calibration extrapolates as flagged""]",,0.0,0.0,False,False,{},repeated-shared-ancilla-good-block,False,False,0.011330328706147507,new,"[1,2,3,4,5,9,22]","[2.9953607852158573e-09,-2.9318124556219793e-05,0.003468573778195489,-0.04863485570038276,0.1308718708891307,-0.4341006887393225,1.3484244149015747]",1.965529725128523,0.034470274871476914,46.0,registered-exact,True,7.0,3.0,2.0,4.0,9.0,7.0,6.0,3.0,2.0,3.0,2.0,one robust OAA round per segment,45.0,branch register all-zero,,43.0,3494070.0,4095.0,-1.0,349423380.0,6117952.0,analytical-model,0.0012589254117941675,opnorm-v1-heisenberg-open-mpf-new-m7,heisenberg_chain,affine-aN-plus-b,4.6872e-06,4.0,8.0,4.0,12.0,True,True,asymptotic-domain,0.1.0,3.11.9,2.5.0,b58b31db18364511c43757e27fffc7abce8df2c1,True,ok,,
1.0,heisenberg_chain:N036,-1.9,commutator,,7.0,34480.0,2.0,a8fa234e-a646-4911-8402-a67c302db4ae,2026-08-12T00:11:58.358108+00:00,c1ad72de628f71283ac69037e9bbe97c3e773952f5abde5eac91397ca322d1a6,resource-grid,heisenberg_chain,Heisenberg-36,"{""coupling"":1.0,""field_z"":0.3}",36,36.0,proportional,1.0,0.012589254117941675,115.7999999999999,141,mpf-j-mizuta2026-theorem6-mizuta2026-commutator-ideal-rigorous,multiproduct,MPF J=Mizuta Theorem 6 (resolved per point) [Mizuta 2026 refined commutator],mizuta2026-commutator-ideal-rigorous,analytical,,7.0,14.0,mizuta2026-theorem6,6.300000000000004,0.011330328706147507,34480.0,34480.0,,22487.0,"[""error""]",156.15954385806938,14.0,,,3.2483544964802827e-07,4.866182425232908e-22,4.1798218782238875e-31,4.866182421053086e-22,4.866182425232908e-22,3.248354496480288e-07,0.011326475068929762,1.763997603736675e-05,False,0.0016009268074400917,"[1.0000000000000002,1.0000000000000002,1.0000000000000002,1.0000000000000002,1.0000000000000002,1.0000000000000002,1.0000000000000002,1.0000000000000002,1.0000000000000002,1.0000000000000002,1.0000000000000002,1.0000000000000002,1.0000000000000002,1.0000000000000002,1.0000000000000002,1.0000000000000002,1.0000000000000002,1.0000000000000002,1.0000000000000002,1.0000000000000002,1.0000000000000002,1.0000000000000002,1.0000000000000002,1.0000000000000002,1.0000000000000002,1.0000000000000002,1.0000000000000002,1.0000000000000002,1.0000000000000002,1.0000000000000002,1.0000000000000002,1.0000000000000002,1.0000000000000002,1.0000000000000002,1.0000000000000002,1.0000000000000002,1.0000000000000002,1.0000000000000002,1.0000000000000002,1.0000000000000002,1.0000000000000002,1.0000000000000002,1.0000000000000002,1.0000000000000002,1.0000000000000002,1.0000000000000002,1.0000000000000002,1.0000000000000002,1.0000000000000002,1.0000000000000002,1.0000000000000002,1.0000000000000002,1.0000000000000002,1.0000000000000002,1.0000000000000002,1.0000000000000002,1.0000000000000002,1.0000000000000002,1.0000000000000002,1.0000000000000002,1.0000000000000002,1.0000000000000002,1.0000000000000002,1.0000000000000002,1.0000000000000002,1.0000000000000002,1.0000000000000002,1.0000000000000002,1.0000000000000002,1.0000000000000002,1.0000000000000002,1.0000000000000002,1.0000000000000002,1.0000000000000002,1.0000000000000002,1.0000000000000002,1.0000000000000002,1.0000000000000002,1.0000000000000002,1.0000000000000002,1.0000000000000002,1.0000000000000002,1.0000000000000002,1.0000000000000002,1.0000000000000002,1.0000000000000002,1.0000000000000002,1.0000000000000002,1.0000000000000002,1.0000000000000002,1.0000000000000002,1.0000000000000002,1.0000000000000002,1.0000000000000002,1.0000000000000002,1.0000000000000002,1.0000000000000002,1.0000000000000002,1.0000000000000002,1.0000000000000002,1.0000000000000002,1.0000000000000002,1.0000000000000002,1.0000000000000002,1.0000000000000002,1.0000000000000002,1.0000000000000002,1.0000000000000002,1.0000000000000002,1.0000000000000002,1.0000000000000002,1.0000000000000002,1.0000000000000002,1.0000000000000002,1.0000000000000002,1.0000000000000002,1.0000000000000002,1.0000000000000002,1.0000000000000002,1.0000000000000002,1.0000000000000002,1.0000000000000002,1.0000000000000002,1.0000000000000002,1.0000000000000002,1.0000000000000002,1.0000000000000002,1.0000000000000002,1.0000000000000002,1.0000000000000002,1.0000000000000002,1.0000000000000002,1.0000000000000002,1.0000000000000002,1.0000000000000002,1.0000000000000002,1.0000000000000002,1.0000000000000002,1.0000000000000002,1.0000000000000002,1.0000000000000002]",6.300000000000007,4.0,True,exact commutator transition cap reached; locality bound used,not-used,commutator,mizuta2026-commutator-ideal-rigorous,[],4758240.0,,,,0.011326475068929762,1.7007276169107075e+38,mizuta2026-commutator-ideal-rigorous,"Mizuta, Quantum 10, 1974 (2026), arXiv:2507.06557v4","Theorem 4, Eqs. (47)--(49), with direct Lemmas 9--10 BCH remainder","{""error_predicate_satisfied"":1.0,""extensiveness_g"":6.300000000000004,""joint_predicate_satisfied"":1.0,""legacy_first_condition_passed"":0.0,""legacy_first_time_limit"":1.763997603736675e-05,""local_commutator_error"":3.2483544964802827e-07,""local_step_error"":3.248354496480288e-07,""local_truncated_bch_error"":4.866182425232908e-22,""locality_k"":2.0,""mu_upper"":156.15954385806938,""refined_lemma10_remainder"":4.866182421053086e-22,""refined_lemma9_remainder"":4.1798218782238875e-31,""refined_tail_fallback"":0.0,""repeated_global_error"":0.011326475068929762,""schedule_weighted_extensiveness"":6.300000000000007,""second_time_limit"":0.0016009268074400917,""time_2_predicate_satisfied"":1.0,""total_branchwise_bch_remainder"":4.866182425232908e-22,""truncation_order_p0"":14.0}",True,ideal-mpf,True,ordered individual Pauli terms,"[""individual Pauli summands define the ordered H_gamma decomposition"",""the actual Strang factors define schedule-weighted g_alpha extensiveness"",""Lemma 9 and Lemma 10 positive majorants directly certify the BCH remainder"",""the scalar-flow/Cauchy refined tail certificate is used"",""Theorem 4 second time hypothesis is satisfied"",""the repeated ideal MPF is composed with the Eq. (15) telescoping argument""]","exact Pauli recurrence would require 286794 transitions at order 5, above cap 250000; remaining orders use Mizuta 2026 Eq. (8)",14.0,4.0,True,True,"{""2"":984.0000000000011,""3"":16022.400000000034,""4"":245702.40000000078,""5"":2195110843.2691236,""6"":276583966251.9093,""7"":41819495697289.1,""8"":7376959041001784.0,""9"":1.487194942665952e+18,""10"":3.3729581299663746e+20,""11"":8.499854487515272e+22,""12"":2.356159663939246e+25,""13"":7.125026823752314e+27,""14"":2.3341587874612483e+30}",repeated-shared-ancilla-good-block,True,False,0.011330328706147507,new,"[1,2,3,4,5,9,22]","[2.9953607852158573e-09,-2.9318124556219793e-05,0.003468573778195489,-0.04863485570038276,0.1308718708891307,-0.4341006887393225,1.3484244149015747]",1.965529725128523,0.034470274871476914,46.0,registered-exact,True,7.0,3.0,2.0,4.0,9.0,7.0,6.0,3.0,2.0,3.0,2.0,one robust OAA round per segment,34480.0,branch register all-zero,,43.0,2677234080.0,3137680.0,-1.0,345375747040.0,4687710060.0,analytical-model,0.0012589254117941675,,,,,,,,,,,,0.1.0,3.11.9,2.5.0,b58b31db18364511c43757e27fffc7abce8df2c1,True,ok,,
1.0,heisenberg_chain:N036,-2.0,commutator,46260.0,,,2.0,a8fa234e-a646-4911-8402-a67c302db4ae,2026-08-12T00:11:58.358108+00:00,c1ad72de628f71283ac69037e9bbe97c3e773952f5abde5eac91397ca322d1a6,resource-grid,heisenberg_chain,Heisenberg-36,"{""coupling"":1.0,""field_z"":0.3}",36,36.0,proportional,1.0,0.01,115.7999999999999,141,trotter-p2,trotter,Trotter p=2,analytical,analytical,2.0,,,,,,46260.0,,,,,,,,,,,,,,,,,,,,,,,,,,,,,,individual,141.0,0.008999863737528205,412.80000000000024,childs-commutator,"Childs, Su, Tran, Wiebe, and Zhu, arXiv:1912.08854",Propositions 9--10,"{""prefactor"":412.80000000000024}",True,implemented-product-formula,True,,"[""the resolved ordered Hamiltonian groups match the implemented formula""]",,,,,,,implemented-product-formula,True,True,0.009000000000000001,,,,,,,,,,,,,,,,,,,1.0,none,0.0,system register,1.0,36.0,12999060.0,0.0,-1.0,1377900360.0,19360303.0,analytical-model,0.001,,,,,,,,,,,,0.1.0,3.11.9,2.5.0,b58b31db18364511c43757e27fffc7abce8df2c1,True,ok,,
1.0,heisenberg_chain:N036,-2.0,empirical,14128.0,,,2.0,a8fa234e-a646-4911-8402-a67c302db4ae,2026-08-12T00:11:58.358108+00:00,c1ad72de628f71283ac69037e9bbe97c3e773952f5abde5eac91397ca322d1a6,resource-grid,heisenberg_chain,Heisenberg-36,"{""coupling"":1.0,""field_z"":0.3}",36,36.0,proportional,1.0,0.01,115.7999999999999,141,trotter-p2-empirical,trotter,Trotter p=2 [empirical],empirical-operator-norm,empirical,2.0,,,,,,14128.0,,,,,,,,,,,,,,,,,,,,,,,,,,,,,,individual,141.0,0.008999027657702266,38.4990006881,empirical-operator-norm,Repository empirical operator-norm calibration study v1 (2026-08-10),reviewed calibration opnorm-v1-heisenberg-open-trotter-p2; artifact docs/calibration_data/empirical_1d_v1_accepted.json,"{""prefactor"":38.4990006881}",False,implemented-product-formula,False,,"[""the resolved ordered Hamiltonian groups match the implemented formula"",""the fixed formal-order powers in time and segments apply"",""the reviewed affine size calibration extrapolates as flagged""]",,,,,,,implemented-product-formula,False,False,0.009000000000000001,,,,,,,,,,,,,,,,,,,1.0,none,0.0,system register,1.0,36.0,3969968.0,0.0,-1.0,400966768.0,5912719.0,analytical-model,0.001,opnorm-v1-heisenberg-open-trotter-p2,heisenberg_chain,affine-aN-plus-b,38.4990006881,4.0,12.0,4.0,12.0,True,True,formula,0.1.0,3.11.9,2.5.0,b58b31db18364511c43757e27fffc7abce8df2c1,True,ok,,
1.0,heisenberg_chain:N036,-2.0,commutator,3345.0,,,2.0,a8fa234e-a646-4911-8402-a67c302db4ae,2026-08-12T00:11:58.358108+00:00,c1ad72de628f71283ac69037e9bbe97c3e773952f5abde5eac91397ca322d1a6,resource-grid,heisenberg_chain,Heisenberg-36,"{""coupling"":1.0,""field_z"":0.3}",36,36.0,proportional,1.0,0.01,115.7999999999999,141,trotter-p4,trotter,Trotter p=4,analytical,analytical,4.0,,,,,,3345.0,,,,,,,,,,,,,,,,,,,,,,,,,,,,,,commuting,3.0,0.008998353342511317,18630.95116112817,schubert-mendl-commutator,"Schubert and Mendl, arXiv:2306.10603",Theorem 1,"{""prefactor"":18630.95116112817}",True,implemented-product-formula,True,,"[""the resolved ordered Hamiltonian groups match the implemented formula""]",,,,,,,implemented-product-formula,True,True,0.009000000000000001,,,,,,,,,,,,,,,,,,,1.0,none,0.0,system register,1.0,36.0,3830025.0,0.0,-1.0,386832525.0,5704293.0,analytical-model,0.001,,,,,,,,,,,,0.1.0,3.11.9,2.5.0,b58b31db18364511c43757e27fffc7abce8df2c1,True,ok,,
1.0,heisenberg_chain:N036,-2.0,empirical,503.0,,,2.0,a8fa234e-a646-4911-8402-a67c302db4ae,2026-08-12T00:11:58.358108+00:00,c1ad72de628f71283ac69037e9bbe97c3e773952f5abde5eac91397ca322d1a6,resource-grid,heisenberg_chain,Heisenberg-36,"{""coupling"":1.0,""field_z"":0.3}",36,36.0,proportional,1.0,0.01,115.7999999999999,141,trotter-p4-empirical,trotter,Trotter p=4 [empirical],empirical-operator-norm,empirical,4.0,,,,,,503.0,,,,,,,,,,,,,,,,,,,,,,,,,,,,,,commuting,3.0,0.0089694498081113,9.4956618452,empirical-operator-norm,Repository empirical operator-norm calibration study v1 (2026-08-10),reviewed calibration opnorm-v1-heisenberg-open-trotter-p4; artifact docs/calibration_data/empirical_1d_v1_accepted.json,"{""prefactor"":9.4956618452}",False,implemented-product-formula,False,,"[""the resolved ordered Hamiltonian groups match the implemented formula"",""the fixed formal-order powers in time and segments apply"",""the reviewed affine size calibration extrapolates as flagged""]",,,,,,,implemented-product-formula,False,False,0.009000000000000001,,,,,,,,,,,,,,,,,,,1.0,none,0.0,system register,1.0,36.0,575935.0,0.0,-1.0,53561955.0,857776.0,analytical-model,0.001,opnorm-v1-heisenberg-open-trotter-p4,heisenberg_chain,affine-aN-plus-b,9.4956618452,4.0,12.0,4.0,12.0,True,True,formula,0.1.0,3.11.9,2.5.0,b58b31db18364511c43757e27fffc7abce8df2c1,True,ok,,
1.0,heisenberg_chain:N036,-2.0,commutator,2004.0,,,2.0,a8fa234e-a646-4911-8402-a67c302db4ae,2026-08-12T00:11:58.358108+00:00,c1ad72de628f71283ac69037e9bbe97c3e773952f5abde5eac91397ca322d1a6,resource-grid,heisenberg_chain,Heisenberg-36,"{""coupling"":1.0,""field_z"":0.3}",36,36.0,proportional,1.0,0.01,115.7999999999999,141,trotter-p6,trotter,Trotter p=6,analytical,analytical,6.0,,,,,,2004.0,,,,,,,,,,,,,,,,,,,,,,,,,,,,,,commuting,3.0,0.008981027398037848,7423262.513876497,schubert-mendl-commutator,"Schubert and Mendl, arXiv:2306.10603",Theorem 1,"{""prefactor"":7423262.513876497}",True,implemented-product-formula,True,,"[""the resolved ordered Hamiltonian groups match the implemented formula""]",,,,,,,implemented-product-formula,True,True,0.009000000000000001,,,,,,,,,,,,,,,,,,,1.0,none,0.0,system register,1.0,36.0,11472900.0,0.0,-1.0,1216127400.0,17087298.0,analytical-model,0.001,,,,,,,,,,,,0.1.0,3.11.9,2.5.0,b58b31db18364511c43757e27fffc7abce8df2c1,True,ok,,
1.0,heisenberg_chain:N036,-2.0,empirical,216.0,,,2.0,a8fa234e-a646-4911-8402-a67c302db4ae,2026-08-12T00:11:58.358108+00:00,c1ad72de628f71283ac69037e9bbe97c3e773952f5abde5eac91397ca322d1a6,resource-grid,heisenberg_chain,Heisenberg-36,"{""coupling"":1.0,""field_z"":0.3}",36,36.0,proportional,1.0,0.01,115.7999999999999,141,trotter-p6-empirical,trotter,Trotter p=6 [empirical],empirical-operator-norm,empirical,6.0,,,,,,216.0,,,,,,,,,,,,,,,,,,,,,,,,,,,,,,commuting,3.0,0.0001064120947530859,0.13791007479999998,empirical-operator-norm,Repository empirical operator-norm calibration study v1 (2026-08-10),reviewed calibration opnorm-v1-heisenberg-open-trotter-p6; artifact docs/calibration_data/empirical_1d_v1_accepted.json,"{""prefactor"":0.13791007479999998}",False,implemented-product-formula,False,,"[""the resolved ordered Hamiltonian groups match the implemented formula"",""the fixed formal-order powers in time and segments apply"",""the reviewed affine size calibration extrapolates as flagged""]",,,,,,,implemented-product-formula,False,False,0.009000000000000001,,,,,,,,,,,,,,,,,,,1.0,none,0.0,system register,1.0,36.0,1236600.0,0.0,-1.0,118713600.0,1841745.0,analytical-model,0.001,opnorm-v1-heisenberg-open-trotter-p6,heisenberg_chain,affine-aN-plus-b,0.13791007479999998,4.0,12.0,4.0,12.0,True,True,asymptotic-domain,0.1.0,3.11.9,2.5.0,b58b31db18364511c43757e27fffc7abce8df2c1,True,ok,,
1.0,heisenberg_chain:N036,-2.0,jacobi-anger,,,,2.0,a8fa234e-a646-4911-8402-a67c302db4ae,2026-08-12T00:11:58.358108+00:00,c1ad72de628f71283ac69037e9bbe97c3e773952f5abde5eac91397ca322d1a6,resource-grid,heisenberg_chain,Heisenberg-36,"{""coupling"":1.0,""field_z"":0.3}",36,36.0,proportional,1.0,0.01,115.7999999999999,141,qsvt,qsvt,QSVT,jacobi-anger-rigorous,analytical,,,,,,,,,,,,,,,,,,,,,,,,,,,,,,,,,,,34011.0,5669.0,,,0.0016980956775480601,,jacobi-anger-polynomial-oaa,"Martyn et al., arXiv:2105.02859, Eqs. (76)--(77)",Jacobi--Anger tails plus exact cubic OAA identity,"{""oaa-unitarity-defect-distortion"":0.0008495879655011178,""scaled-polynomial-error"":0.0008485077120469423}",True,ideal-qsvt-oaa-good-block,True,,"[""the cosine and sine polynomials are implemented exactly"",""the unamplified good block is exactly Q/2""]",,,,,,,implemented-qsvt-floating-phase-circuit,False,False,0.009000000000000001,,,,,,,,,,,,,,,,,,,2.0,one robust OAA round,1.0,"component, quadrature, and index registers all-zero",,54.0,17413644.0,38976732.0,-1.0,2036580480.0,259504686.0,analytical-model,0.001,,,,,,,,,,,,0.1.0,3.11.9,2.5.0,b58b31db18364511c43757e27fffc7abce8df2c1,True,ok,,
1.0,heisenberg_chain:N036,-2.0,empirical,,7.0,45.0,2.0,a8fa234e-a646-4911-8402-a67c302db4ae,2026-08-12T00:11:58.358108+00:00,c1ad72de628f71283ac69037e9bbe97c3e773952f5abde5eac91397ca322d1a6,resource-grid,heisenberg_chain,Heisenberg-36,"{""coupling"":1.0,""field_z"":0.3}",36,36.0,proportional,1.0,0.01,115.7999999999999,141,mpf-j-mizuta2026-theorem6-empirical-operator-norm,multiproduct,MPF J=Mizuta Theorem 6 (resolved per point) [empirical operator norm],empirical-operator-norm,empirical,,7.0,14.0,mizuta2026-theorem6,6.300000000000004,0.009000000000000001,45.0,,,,[],,,,,,,,,,,,,,,[],,,,,,,empirical-operator-norm,[],6210.0,,,,7.421228498464779e-06,4.6872e-06,empirical-operator-norm,Repository empirical operator-norm calibration study v1 (2026-08-10),reviewed calibration opnorm-v1-heisenberg-open-mpf-new-m7; fixed formal powers,"{""empirical_coefficient"":4.6872e-06}",False,ideal-mpf,False,ordered individual Pauli terms,"[""the fixed formal-order powers in time and segments apply"",""the empirical estimate concerns the repeated ideal MPF operator"",""the reviewed affine size calibration extrapolates as flagged""]",,0.0,0.0,False,False,{},repeated-shared-ancilla-good-block,False,False,0.009000000000000001,new,"[1,2,3,4,5,9,22]","[2.9953607852158573e-09,-2.9318124556219793e-05,0.003468573778195489,-0.04863485570038276,0.1308718708891307,-0.4341006887393225,1.3484244149015747]",1.965529725128523,0.034470274871476914,46.0,registered-exact,True,7.0,3.0,2.0,4.0,9.0,7.0,6.0,3.0,2.0,3.0,2.0,one robust OAA round per segment,45.0,branch register all-zero,,43.0,3494070.0,4095.0,-1.0,352917450.0,6117952.0,analytical-model,0.001,opnorm-v1-heisenberg-open-mpf-new-m7,heisenberg_chain,affine-aN-plus-b,4.6872e-06,4.0,8.0,4.0,12.0,True,True,asymptotic-domain,0.1.0,3.11.9,2.5.0,b58b31db18364511c43757e27fffc7abce8df2c1,True,ok,,
1.0,heisenberg_chain:N036,-2.0,commutator,,7.0,35046.0,2.0,a8fa234e-a646-4911-8402-a67c302db4ae,2026-08-12T00:11:58.358108+00:00,c1ad72de628f71283ac69037e9bbe97c3e773952f5abde5eac91397ca322d1a6,resource-grid,heisenberg_chain,Heisenberg-36,"{""coupling"":1.0,""field_z"":0.3}",36,36.0,proportional,1.0,0.01,115.7999999999999,141,mpf-j-mizuta2026-theorem6-mizuta2026-commutator-ideal-rigorous,multiproduct,MPF J=Mizuta Theorem 6 (resolved per point) [Mizuta 2026 refined commutator],mizuta2026-commutator-ideal-rigorous,analytical,,7.0,14.0,mizuta2026-theorem6,6.300000000000004,0.009000000000000001,35046.0,35046.0,,22487.0,"[""error""]",156.15954385806938,14.0,,,2.544458817450664e-07,3.8051780590413007e-22,3.2729465984043034e-31,3.8051780557683534e-22,3.8051780590413007e-22,2.5444588174506685e-07,0.008997182097850224,1.763997603736675e-05,False,0.0016009268074400917,"[1.0000000000000002,1.0000000000000002,1.0000000000000002,1.0000000000000002,1.0000000000000002,1.0000000000000002,1.0000000000000002,1.0000000000000002,1.0000000000000002,1.0000000000000002,1.0000000000000002,1.0000000000000002,1.0000000000000002,1.0000000000000002,1.0000000000000002,1.0000000000000002,1.0000000000000002,1.0000000000000002,1.0000000000000002,1.0000000000000002,1.0000000000000002,1.0000000000000002,1.0000000000000002,1.0000000000000002,1.0000000000000002,1.0000000000000002,1.0000000000000002,1.0000000000000002,1.0000000000000002,1.0000000000000002,1.0000000000000002,1.0000000000000002,1.0000000000000002,1.0000000000000002,1.0000000000000002,1.0000000000000002,1.0000000000000002,1.0000000000000002,1.0000000000000002,1.0000000000000002,1.0000000000000002,1.0000000000000002,1.0000000000000002,1.0000000000000002,1.0000000000000002,1.0000000000000002,1.0000000000000002,1.0000000000000002,1.0000000000000002,1.0000000000000002,1.0000000000000002,1.0000000000000002,1.0000000000000002,1.0000000000000002,1.0000000000000002,1.0000000000000002,1.0000000000000002,1.0000000000000002,1.0000000000000002,1.0000000000000002,1.0000000000000002,1.0000000000000002,1.0000000000000002,1.0000000000000002,1.0000000000000002,1.0000000000000002,1.0000000000000002,1.0000000000000002,1.0000000000000002,1.0000000000000002,1.0000000000000002,1.0000000000000002,1.0000000000000002,1.0000000000000002,1.0000000000000002,1.0000000000000002,1.0000000000000002,1.0000000000000002,1.0000000000000002,1.0000000000000002,1.0000000000000002,1.0000000000000002,1.0000000000000002,1.0000000000000002,1.0000000000000002,1.0000000000000002,1.0000000000000002,1.0000000000000002,1.0000000000000002,1.0000000000000002,1.0000000000000002,1.0000000000000002,1.0000000000000002,1.0000000000000002,1.0000000000000002,1.0000000000000002,1.0000000000000002,1.0000000000000002,1.0000000000000002,1.0000000000000002,1.0000000000000002,1.0000000000000002,1.0000000000000002,1.0000000000000002,1.0000000000000002,1.0000000000000002,1.0000000000000002,1.0000000000000002,1.0000000000000002,1.0000000000000002,1.0000000000000002,1.0000000000000002,1.0000000000000002,1.0000000000000002,1.0000000000000002,1.0000000000000002,1.0000000000000002,1.0000000000000002,1.0000000000000002,1.0000000000000002,1.0000000000000002,1.0000000000000002,1.0000000000000002,1.0000000000000002,1.0000000000000002,1.0000000000000002,1.0000000000000002,1.0000000000000002,1.0000000000000002,1.0000000000000002,1.0000000000000002,1.0000000000000002,1.0000000000000002,1.0000000000000002,1.0000000000000002,1.0000000000000002,1.0000000000000002,1.0000000000000002,1.0000000000000002,1.0000000000000002,1.0000000000000002]",6.300000000000007,4.0,True,exact commutator transition cap reached; locality bound used,not-used,commutator,mizuta2026-commutator-ideal-rigorous,[],4836348.0,,,,0.008997182097850224,1.7007276169107075e+38,mizuta2026-commutator-ideal-rigorous,"Mizuta, Quantum 10, 1974 (2026), arXiv:2507.06557v4","Theorem 4, Eqs. (47)--(49), with direct Lemmas 9--10 BCH remainder","{""error_predicate_satisfied"":1.0,""extensiveness_g"":6.300000000000004,""joint_predicate_satisfied"":1.0,""legacy_first_condition_passed"":0.0,""legacy_first_time_limit"":1.763997603736675e-05,""local_commutator_error"":2.544458817450664e-07,""local_step_error"":2.5444588174506685e-07,""local_truncated_bch_error"":3.8051780590413007e-22,""locality_k"":2.0,""mu_upper"":156.15954385806938,""refined_lemma10_remainder"":3.8051780557683534e-22,""refined_lemma9_remainder"":3.2729465984043034e-31,""refined_tail_fallback"":0.0,""repeated_global_error"":0.008997182097850224,""schedule_weighted_extensiveness"":6.300000000000007,""second_time_limit"":0.0016009268074400917,""time_2_predicate_satisfied"":1.0,""total_branchwise_bch_remainder"":3.8051780590413007e-22,""truncation_order_p0"":14.0}",True,ideal-mpf,True,ordered individual Pauli terms,"[""individual Pauli summands define the ordered H_gamma decomposition"",""the actual Strang factors define schedule-weighted g_alpha extensiveness"",""Lemma 9 and Lemma 10 positive majorants directly certify the BCH remainder"",""the scalar-flow/Cauchy refined tail certificate is used"",""Theorem 4 second time hypothesis is satisfied"",""the repeated ideal MPF is composed with the Eq. (15) telescoping argument""]","exact Pauli recurrence would require 286794 transitions at order 5, above cap 250000; remaining orders use Mizuta 2026 Eq. (8)",14.0,4.0,True,True,"{""2"":984.0000000000011,""3"":16022.400000000034,""4"":245702.40000000078,""5"":2195110843.2691236,""6"":276583966251.9093,""7"":41819495697289.1,""8"":7376959041001784.0,""9"":1.487194942665952e+18,""10"":3.3729581299663746e+20,""11"":8.499854487515272e+22,""12"":2.356159663939246e+25,""13"":7.125026823752314e+27,""14"":2.3341587874612483e+30}",repeated-shared-ancilla-good-block,True,False,0.009000000000000001,new,"[1,2,3,4,5,9,22]","[2.9953607852158573e-09,-2.9318124556219793e-05,0.003468573778195489,-0.04863485570038276,0.1308718708891307,-0.4341006887393225,1.3484244149015747]",1.965529725128523,0.034470274871476914,46.0,registered-exact,True,7.0,3.0,2.0,4.0,9.0,7.0,6.0,3.0,2.0,3.0,2.0,one robust OAA round per segment,35046.0,branch register all-zero,,43.0,2721181716.0,3189186.0,-1.0,353766379824.0,4764660289.0,analytical-model,0.001,,,,,,,,,,,,0.1.0,3.11.9,2.5.0,b58b31db18364511c43757e27fffc7abce8df2c1,True,ok,,
1.0,heisenberg_chain:N036,-2.1,commutator,51905.0,,,2.0,a8fa234e-a646-4911-8402-a67c302db4ae,2026-08-12T00:11:58.358108+00:00,c1ad72de628f71283ac69037e9bbe97c3e773952f5abde5eac91397ca322d1a6,resource-grid,heisenberg_chain,Heisenberg-36,"{""coupling"":1.0,""field_z"":0.3}",36,36.0,proportional,1.0,0.007943282347242814,115.7999999999999,141,trotter-p2,trotter,Trotter p=2,analytical,analytical,2.0,,,,,,51905.0,,,,,,,,,,,,,,,,,,,,,,,,,,,,,,individual,141.0,0.007148728446663765,412.80000000000024,childs-commutator,"Childs, Su, Tran, Wiebe, and Zhu, arXiv:1912.08854",Propositions 9--10,"{""prefactor"":412.80000000000024}",True,implemented-product-formula,True,,"[""the resolved ordered Hamiltonian groups match the implemented formula""]",,,,,,,implemented-product-formula,True,True,0.007148954112518533,,,,,,,,,,,,,,,,,,,1.0,none,0.0,system register,1.0,36.0,14585305.0,0.0,-1.0,1575212940.0,21722795.0,analytical-model,0.0007943282347242814,,,,,,,,,,,,0.1.0,3.11.9,2.5.0,b58b31db18364511c43757e27fffc7abce8df2c1,True,ok,,
1.0,heisenberg_chain:N036,-2.1,empirical,15852.0,,,2.0,a8fa234e-a646-4911-8402-a67c302db4ae,2026-08-12T00:11:58.358108+00:00,c1ad72de628f71283ac69037e9bbe97c3e773952f5abde5eac91397ca322d1a6,resource-grid,heisenberg_chain,Heisenberg-36,"{""coupling"":1.0,""field_z"":0.3}",36,36.0,proportional,1.0,0.007943282347242814,115.7999999999999,141,trotter-p2-empirical,trotter,Trotter p=2 [empirical],empirical-operator-norm,empirical,2.0,,,,,,15852.0,,,,,,,,,,,,,,,,,,,,,,,,,,,,,,individual,141.0,0.0071480705742411705,38.4990006881,empirical-operator-norm,Repository empirical operator-norm calibration study v1 (2026-08-10),reviewed calibration opnorm-v1-heisenberg-open-trotter-p2; artifact docs/calibration_data/empirical_1d_v1_accepted.json,"{""prefactor"":38.4990006881}",False,implemented-product-formula,False,,"[""the resolved ordered Hamiltonian groups match the implemented formula"",""the fixed formal-order powers in time and segments apply"",""the reviewed affine size calibration extrapolates as flagged""]",,,,,,,implemented-product-formula,False,False,0.007148954112518533,,,,,,,,,,,,,,,,,,,1.0,none,0.0,system register,1.0,36.0,4454412.0,0.0,-1.0,458804436.0,6634231.0,analytical-model,0.0007943282347242814,opnorm-v1-heisenberg-open-trotter-p2,heisenberg_chain,affine-aN-plus-b,38.4990006881,4.0,12.0,4.0,12.0,True,True,formula,0.1.0,3.11.9,2.5.0,b58b31db18364511c43757e27fffc7abce8df2c1,True,ok,,
1.0,heisenberg_chain:N036,-2.1,commutator,3544.0,,,2.0,a8fa234e-a646-4911-8402-a67c302db4ae,2026-08-12T00:11:58.358108+00:00,c1ad72de628f71283ac69037e9bbe97c3e773952f5abde5eac91397ca322d1a6,resource-grid,heisenberg_chain,Heisenberg-36,"{""coupling"":1.0,""field_z"":0.3}",36,36.0,proportional,1.0,0.007943282347242814,115.7999999999999,141,trotter-p4,trotter,Trotter p=4,analytical,analytical,4.0,,,,,,3544.0,,,,,,,,,,,,,,,,,,,,,,,,,,,,,,commuting,3.0,0.007141224369716601,18630.95116112817,schubert-mendl-commutator,"Schubert and Mendl, arXiv:2306.10603",Theorem 1,"{""prefactor"":18630.95116112817}",True,implemented-product-formula,True,,"[""the resolved ordered Hamiltonian groups match the implemented formula""]",,,,,,,implemented-product-formula,True,True,0.007148954112518533,,,,,,,,,,,,,,,,,,,1.0,none,0.0,system register,1.0,36.0,4057880.0,0.0,-1.0,413903760.0,6043652.0,analytical-model,0.0007943282347242814,,,,,,,,,,,,0.1.0,3.11.9,2.5.0,b58b31db18364511c43757e27fffc7abce8df2c1,True,ok,,
1.0,heisenberg_chain:N036,-2.1,empirical,533.0,,,2.0,a8fa234e-a646-4911-8402-a67c302db4ae,2026-08-12T00:11:58.358108+00:00,c1ad72de628f71283ac69037e9bbe97c3e773952f5abde5eac91397ca322d1a6,resource-grid,heisenberg_chain,Heisenberg-36,"{""coupling"":1.0,""field_z"":0.3}",36,36.0,proportional,1.0,0.007943282347242814,115.7999999999999,141,trotter-p4-empirical,trotter,Trotter p=4 [empirical],empirical-operator-norm,empirical,4.0,,,,,,533.0,,,,,,,,,,,,,,,,,,,,,,,,,,,,,,commuting,3.0,0.007114246486659497,9.4956618452,empirical-operator-norm,Repository empirical operator-norm calibration study v1 (2026-08-10),reviewed calibration opnorm-v1-heisenberg-open-trotter-p4; artifact docs/calibration_data/empirical_1d_v1_accepted.json,"{""prefactor"":9.4956618452}",False,implemented-product-formula,False,,"[""the resolved ordered Hamiltonian groups match the implemented formula"",""the fixed formal-order powers in time and segments apply"",""the reviewed affine size calibration extrapolates as flagged""]",,,,,,,implemented-product-formula,False,False,0.007148954112518533,,,,,,,,,,,,,,,,,,,1.0,none,0.0,system register,1.0,36.0,610285.0,0.0,-1.0,57366790.0,908936.0,analytical-model,0.0007943282347242814,opnorm-v1-heisenberg-open-trotter-p4,heisenberg_chain,affine-aN-plus-b,9.4956618452,4.0,12.0,4.0,12.0,True,True,formula,0.1.0,3.11.9,2.5.0,b58b31db18364511c43757e27fffc7abce8df2c1,True,ok,,
1.0,heisenberg_chain:N036,-2.1,commutator,2082.0,,,2.0,a8fa234e-a646-4911-8402-a67c302db4ae,2026-08-12T00:11:58.358108+00:00,c1ad72de628f71283ac69037e9bbe97c3e773952f5abde5eac91397ca322d1a6,resource-grid,heisenberg_chain,Heisenberg-36,"{""coupling"":1.0,""field_z"":0.3}",36,36.0,proportional,1.0,0.007943282347242814,115.7999999999999,141,trotter-p6,trotter,Trotter p=6,analytical,analytical,6.0,,,,,,2082.0,,,,,,,,,,,,,,,,,,,,,,,,,,,,,,commuting,3.0,0.007142133659193177,7423262.513876497,schubert-mendl-commutator,"Schubert and Mendl, arXiv:2306.10603",Theorem 1,"{""prefactor"":7423262.513876497}",True,implemented-product-formula,True,,"[""the resolved ordered Hamiltonian groups match the implemented formula""]",,,,,,,implemented-product-formula,True,True,0.007148954112518533,,,,,,,,,,,,,,,,,,,1.0,none,0.0,system register,1.0,36.0,11919450.0,0.0,-1.0,1275381150.0,17752373.0,analytical-model,0.0007943282347242814,,,,,,,,,,,,0.1.0,3.11.9,2.5.0,b58b31db18364511c43757e27fffc7abce8df2c1,True,ok,,
1.0,heisenberg_chain:N036,-2.1,empirical,216.0,,,2.0,a8fa234e-a646-4911-8402-a67c302db4ae,2026-08-12T00:11:58.358108+00:00,c1ad72de628f71283ac69037e9bbe97c3e773952f5abde5eac91397ca322d1a6,resource-grid,heisenberg_chain,Heisenberg-36,"{""coupling"":1.0,""field_z"":0.3}",36,36.0,proportional,1.0,0.007943282347242814,115.7999999999999,141,trotter-p6-empirical,trotter,Trotter p=6 [empirical],empirical-operator-norm,empirical,6.0,,,,,,216.0,,,,,,,,,,,,,,,,,,,,,,,,,,,,,,commuting,3.0,0.0001064120947530859,0.13791007479999998,empirical-operator-norm,Repository empirical operator-norm calibration study v1 (2026-08-10),reviewed calibration opnorm-v1-heisenberg-open-trotter-p6; artifact docs/calibration_data/empirical_1d_v1_accepted.json,"{""prefactor"":0.13791007479999998}",False,implemented-product-formula,False,,"[""the resolved ordered Hamiltonian groups match the implemented formula"",""the fixed formal-order powers in time and segments apply"",""the reviewed affine size calibration extrapolates as flagged""]",,,,,,,implemented-product-formula,False,False,0.007148954112518533,,,,,,,,,,,,,,,,,,,1.0,none,0.0,system register,1.0,36.0,1236600.0,0.0,-1.0,119950200.0,1841745.0,analytical-model,0.0007943282347242814,opnorm-v1-heisenberg-open-trotter-p6,heisenberg_chain,affine-aN-plus-b,0.13791007479999998,4.0,12.0,4.0,12.0,True,True,asymptotic-domain,0.1.0,3.11.9,2.5.0,b58b31db18364511c43757e27fffc7abce8df2c1,True,ok,,
1.0,heisenberg_chain:N036,-2.1,jacobi-anger,,,,2.0,a8fa234e-a646-4911-8402-a67c302db4ae,2026-08-12T00:11:58.358108+00:00,c1ad72de628f71283ac69037e9bbe97c3e773952f5abde5eac91397ca322d1a6,resource-grid,heisenberg_chain,Heisenberg-36,"{""coupling"":1.0,""field_z"":0.3}",36,36.0,proportional,1.0,0.007943282347242814,115.7999999999999,141,qsvt,qsvt,QSVT,jacobi-anger-rigorous,analytical,,,,,,,,,,,,,,,,,,,,,,,,,,,,,,,,,,,34011.0,5669.0,,,0.0014922497001385831,,jacobi-anger-polynomial-oaa,"Martyn et al., arXiv:2105.02859, Eqs. (76)--(77)",Jacobi--Anger tails plus exact cubic OAA identity,"{""oaa-unitarity-defect-distortion"":0.0007465420137027726,""scaled-polynomial-error"":0.0007457076864358105}",True,ideal-qsvt-oaa-good-block,True,,"[""the cosine and sine polynomials are implemented exactly"",""the unamplified good block is exactly Q/2""]",,,,,,,implemented-qsvt-floating-phase-circuit,False,False,0.007148954112518533,,,,,,,,,,,,,,,,,,,2.0,one robust OAA round,1.0,"component, quadrature, and index registers all-zero",,54.0,17413644.0,38976732.0,-1.0,2053994124.0,259504686.0,analytical-model,0.0007943282347242814,,,,,,,,,,,,0.1.0,3.11.9,2.5.0,b58b31db18364511c43757e27fffc7abce8df2c1,True,ok,,
1.0,heisenberg_chain:N036,-2.1,empirical,,7.0,45.0,2.0,a8fa234e-a646-4911-8402-a67c302db4ae,2026-08-12T00:11:58.358108+00:00,c1ad72de628f71283ac69037e9bbe97c3e773952f5abde5eac91397ca322d1a6,resource-grid,heisenberg_chain,Heisenberg-36,"{""coupling"":1.0,""field_z"":0.3}",36,36.0,proportional,1.0,0.007943282347242814,115.7999999999999,141,mpf-j-mizuta2026-theorem6-empirical-operator-norm,multiproduct,MPF J=Mizuta Theorem 6 (resolved per point) [empirical operator norm],empirical-operator-norm,empirical,,7.0,14.0,mizuta2026-theorem6,6.300000000000004,0.007148954112518533,45.0,,,,[],,,,,,,,,,,,,,,[],,,,,,,empirical-operator-norm,[],6210.0,,,,7.421228498464779e-06,4.6872e-06,empirical-operator-norm,Repository empirical operator-norm calibration study v1 (2026-08-10),reviewed calibration opnorm-v1-heisenberg-open-mpf-new-m7; fixed formal powers,"{""empirical_coefficient"":4.6872e-06}",False,ideal-mpf,False,ordered individual Pauli terms,"[""the fixed formal-order powers in time and segments apply"",""the empirical estimate concerns the repeated ideal MPF operator"",""the reviewed affine size calibration extrapolates as flagged""]",,0.0,0.0,False,False,{},repeated-shared-ancilla-good-block,False,False,0.007148954112518533,new,"[1,2,3,4,5,9,22]","[2.9953607852158573e-09,-2.9318124556219793e-05,0.003468573778195489,-0.04863485570038276,0.1308718708891307,-0.4341006887393225,1.3484244149015747]",1.965529725128523,0.034470274871476914,46.0,registered-exact,True,7.0,3.0,2.0,4.0,9.0,7.0,6.0,3.0,2.0,3.0,2.0,one robust OAA round per segment,45.0,branch register all-zero,,43.0,3494070.0,4095.0,-1.0,356411520.0,6117952.0,analytical-model,0.0007943282347242814,opnorm-v1-heisenberg-open-mpf-new-m7,heisenberg_chain,affine-aN-plus-b,4.6872e-06,4.0,8.0,4.0,12.0,True,True,asymptotic-domain,0.1.0,3.11.9,2.5.0,b58b31db18364511c43757e27fffc7abce8df2c1,True,ok,,
1.0,heisenberg_chain:N036,-2.1,commutator,,7.0,35622.0,2.0,a8fa234e-a646-4911-8402-a67c302db4ae,2026-08-12T00:11:58.358108+00:00,c1ad72de628f71283ac69037e9bbe97c3e773952f5abde5eac91397ca322d1a6,resource-grid,heisenberg_chain,Heisenberg-36,"{""coupling"":1.0,""field_z"":0.3}",36,36.0,proportional,1.0,0.007943282347242814,115.7999999999999,141,mpf-j-mizuta2026-theorem6-mizuta2026-commutator-ideal-rigorous,multiproduct,MPF J=Mizuta Theorem 6 (resolved per point) [Mizuta 2026 refined commutator],mizuta2026-commutator-ideal-rigorous,analytical,,7.0,14.0,mizuta2026-theorem6,6.300000000000004,0.007148954112518533,35622.0,35622.0,,22487.0,"[""error""]",156.15954385806938,14.0,,,1.992497503100255e-07,2.9747074132782342e-22,2.562080313870391e-31,2.9747074107161536e-22,2.9747074132782342e-22,1.9924975031002582e-07,0.007148229364460375,1.763997603736675e-05,False,0.0016009268074400917,"[1.0000000000000002,1.0000000000000002,1.0000000000000002,1.0000000000000002,1.0000000000000002,1.0000000000000002,1.0000000000000002,1.0000000000000002,1.0000000000000002,1.0000000000000002,1.0000000000000002,1.0000000000000002,1.0000000000000002,1.0000000000000002,1.0000000000000002,1.0000000000000002,1.0000000000000002,1.0000000000000002,1.0000000000000002,1.0000000000000002,1.0000000000000002,1.0000000000000002,1.0000000000000002,1.0000000000000002,1.0000000000000002,1.0000000000000002,1.0000000000000002,1.0000000000000002,1.0000000000000002,1.0000000000000002,1.0000000000000002,1.0000000000000002,1.0000000000000002,1.0000000000000002,1.0000000000000002,1.0000000000000002,1.0000000000000002,1.0000000000000002,1.0000000000000002,1.0000000000000002,1.0000000000000002,1.0000000000000002,1.0000000000000002,1.0000000000000002,1.0000000000000002,1.0000000000000002,1.0000000000000002,1.0000000000000002,1.0000000000000002,1.0000000000000002,1.0000000000000002,1.0000000000000002,1.0000000000000002,1.0000000000000002,1.0000000000000002,1.0000000000000002,1.0000000000000002,1.0000000000000002,1.0000000000000002,1.0000000000000002,1.0000000000000002,1.0000000000000002,1.0000000000000002,1.0000000000000002,1.0000000000000002,1.0000000000000002,1.0000000000000002,1.0000000000000002,1.0000000000000002,1.0000000000000002,1.0000000000000002,1.0000000000000002,1.0000000000000002,1.0000000000000002,1.0000000000000002,1.0000000000000002,1.0000000000000002,1.0000000000000002,1.0000000000000002,1.0000000000000002,1.0000000000000002,1.0000000000000002,1.0000000000000002,1.0000000000000002,1.0000000000000002,1.0000000000000002,1.0000000000000002,1.0000000000000002,1.0000000000000002,1.0000000000000002,1.0000000000000002,1.0000000000000002,1.0000000000000002,1.0000000000000002,1.0000000000000002,1.0000000000000002,1.0000000000000002,1.0000000000000002,1.0000000000000002,1.0000000000000002,1.0000000000000002,1.0000000000000002,1.0000000000000002,1.0000000000000002,1.0000000000000002,1.0000000000000002,1.0000000000000002,1.0000000000000002,1.0000000000000002,1.0000000000000002,1.0000000000000002,1.0000000000000002,1.0000000000000002,1.0000000000000002,1.0000000000000002,1.0000000000000002,1.0000000000000002,1.0000000000000002,1.0000000000000002,1.0000000000000002,1.0000000000000002,1.0000000000000002,1.0000000000000002,1.0000000000000002,1.0000000000000002,1.0000000000000002,1.0000000000000002,1.0000000000000002,1.0000000000000002,1.0000000000000002,1.0000000000000002,1.0000000000000002,1.0000000000000002,1.0000000000000002,1.0000000000000002,1.0000000000000002,1.0000000000000002,1.0000000000000002,1.0000000000000002,1.0000000000000002,1.0000000000000002]",6.300000000000007,4.0,True,exact commutator transition cap reached; locality bound used,not-used,commutator,mizuta2026-commutator-ideal-rigorous,[],4915836.0,,,,0.007148229364460375,1.7007276169107075e+38,mizuta2026-commutator-ideal-rigorous,"Mizuta, Quantum 10, 1974 (2026), arXiv:2507.06557v4","Theorem 4, Eqs. (47)--(49), with direct Lemmas 9--10 BCH remainder","{""error_predicate_satisfied"":1.0,""extensiveness_g"":6.300000000000004,""joint_predicate_satisfied"":1.0,""legacy_first_condition_passed"":0.0,""legacy_first_time_limit"":1.763997603736675e-05,""local_commutator_error"":1.992497503100255e-07,""local_step_error"":1.9924975031002582e-07,""local_truncated_bch_error"":2.9747074132782342e-22,""locality_k"":2.0,""mu_upper"":156.15954385806938,""refined_lemma10_remainder"":2.9747074107161536e-22,""refined_lemma9_remainder"":2.562080313870391e-31,""refined_tail_fallback"":0.0,""repeated_global_error"":0.007148229364460375,""schedule_weighted_extensiveness"":6.300000000000007,""second_time_limit"":0.0016009268074400917,""time_2_predicate_satisfied"":1.0,""total_branchwise_bch_remainder"":2.9747074132782342e-22,""truncation_order_p0"":14.0}",True,ideal-mpf,True,ordered individual Pauli terms,"[""individual Pauli summands define the ordered H_gamma decomposition"",""the actual Strang factors define schedule-weighted g_alpha extensiveness"",""Lemma 9 and Lemma 10 positive majorants directly certify the BCH remainder"",""the scalar-flow/Cauchy refined tail certificate is used"",""Theorem 4 second time hypothesis is satisfied"",""the repeated ideal MPF is composed with the Eq. (15) telescoping argument""]","exact Pauli recurrence would require 286794 transitions at order 5, above cap 250000; remaining orders use Mizuta 2026 Eq. (8)",14.0,4.0,True,True,"{""2"":984.0000000000011,""3"":16022.400000000034,""4"":245702.40000000078,""5"":2195110843.2691236,""6"":276583966251.9093,""7"":41819495697289.1,""8"":7376959041001784.0,""9"":1.487194942665952e+18,""10"":3.3729581299663746e+20,""11"":8.499854487515272e+22,""12"":2.356159663939246e+25,""13"":7.125026823752314e+27,""14"":2.3341587874612483e+30}",repeated-shared-ancilla-good-block,True,False,0.007148954112518533,new,"[1,2,3,4,5,9,22]","[2.9953607852158573e-09,-2.9318124556219793e-05,0.003468573778195489,-0.04863485570038276,0.1308718708891307,-0.4341006887393225,1.3484244149015747]",1.965529725128523,0.034470274871476914,46.0,registered-exact,True,7.0,3.0,2.0,4.0,9.0,7.0,6.0,3.0,2.0,3.0,2.0,one robust OAA round per segment,35622.0,branch register all-zero,,43.0,2765905812.0,3241602.0,-1.0,362346627780.0,4842970063.0,analytical-model,0.0007943282347242814,,,,,,,,,,,,0.1.0,3.11.9,2.5.0,b58b31db18364511c43757e27fffc7abce8df2c1,True,ok,,
1.0,heisenberg_chain:N036,-2.2,commutator,58238.0,,,2.0,a8fa234e-a646-4911-8402-a67c302db4ae,2026-08-12T00:11:58.358108+00:00,c1ad72de628f71283ac69037e9bbe97c3e773952f5abde5eac91397ca322d1a6,resource-grid,heisenberg_chain,Heisenberg-36,"{""coupling"":1.0,""field_z"":0.3}",36,36.0,proportional,1.0,0.00630957344480193,115.7999999999999,141,trotter-p2,trotter,Trotter p=2,analytical,analytical,2.0,,,,,,58238.0,,,,,,,,,,,,,,,,,,,,,,,,,,,,,,individual,141.0,0.005678508585473233,412.80000000000024,childs-commutator,"Childs, Su, Tran, Wiebe, and Zhu, arXiv:1912.08854",Propositions 9--10,"{""prefactor"":412.80000000000024}",True,implemented-product-formula,True,,"[""the resolved ordered Hamiltonian groups match the implemented formula""]",,,,,,,implemented-product-formula,True,True,0.005678616100321737,,,,,,,,,,,,,,,,,,,1.0,none,0.0,system register,1.0,36.0,16364878.0,0.0,-1.0,1783771702.0,24373223.0,analytical-model,0.0006309573444801931,,,,,,,,,,,,0.1.0,3.11.9,2.5.0,b58b31db18364511c43757e27fffc7abce8df2c1,True,ok,,
1.0,heisenberg_chain:N036,-2.2,empirical,17786.0,,,2.0,a8fa234e-a646-4911-8402-a67c302db4ae,2026-08-12T00:11:58.358108+00:00,c1ad72de628f71283ac69037e9bbe97c3e773952f5abde5eac91397ca322d1a6,resource-grid,heisenberg_chain,Heisenberg-36,"{""coupling"":1.0,""field_z"":0.3}",36,36.0,proportional,1.0,0.00630957344480193,115.7999999999999,141,trotter-p2-empirical,trotter,Trotter p=2 [empirical],empirical-operator-norm,empirical,2.0,,,,,,17786.0,,,,,,,,,,,,,,,,,,,,,,,,,,,,,,individual,141.0,0.0056780653040991004,38.4990006881,empirical-operator-norm,Repository empirical operator-norm calibration study v1 (2026-08-10),reviewed calibration opnorm-v1-heisenberg-open-trotter-p2; artifact docs/calibration_data/empirical_1d_v1_accepted.json,"{""prefactor"":38.4990006881}",False,implemented-product-formula,False,,"[""the resolved ordered Hamiltonian groups match the implemented formula"",""the fixed formal-order powers in time and segments apply"",""the reviewed affine size calibration extrapolates as flagged""]",,,,,,,implemented-product-formula,False,False,0.005678616100321737,,,,,,,,,,,,,,,,,,,1.0,none,0.0,system register,1.0,36.0,4997866.0,0.0,-1.0,519778064.0,7443631.0,analytical-model,0.0006309573444801931,opnorm-v1-heisenberg-open-trotter-p2,heisenberg_chain,affine-aN-plus-b,38.4990006881,4.0,12.0,4.0,12.0,True,True,formula,0.1.0,3.11.9,2.5.0,b58b31db18364511c43757e27fffc7abce8df2c1,True,ok,,
1.0,heisenberg_chain:N036,-2.2,commutator,3753.0,,,2.0,a8fa234e-a646-4911-8402-a67c302db4ae,2026-08-12T00:11:58.358108+00:00,c1ad72de628f71283ac69037e9bbe97c3e773952f5abde5eac91397ca322d1a6,resource-grid,heisenberg_chain,Heisenberg-36,"{""coupling"":1.0,""field_z"":0.3}",36,36.0,proportional,1.0,0.00630957344480193,115.7999999999999,141,trotter-p4,trotter,Trotter p=4,analytical,analytical,4.0,,,,,,3753.0,,,,,,,,,,,,,,,,,,,,,,,,,,,,,,commuting,3.0,0.005678495338027928,18630.95116112817,schubert-mendl-commutator,"Schubert and Mendl, arXiv:2306.10603",Theorem 1,"{""prefactor"":18630.95116112817}",True,implemented-product-formula,True,,"[""the resolved ordered Hamiltonian groups match the implemented formula""]",,,,,,,implemented-product-formula,True,True,0.005678616100321737,,,,,,,,,,,,,,,,,,,1.0,none,0.0,system register,1.0,36.0,4297185.0,0.0,-1.0,446907240.0,6400063.0,analytical-model,0.0006309573444801931,,,,,,,,,,,,0.1.0,3.11.9,2.5.0,b58b31db18364511c43757e27fffc7abce8df2c1,True,ok,,
1.0,heisenberg_chain:N036,-2.2,empirical,564.0,,,2.0,a8fa234e-a646-4911-8402-a67c302db4ae,2026-08-12T00:11:58.358108+00:00,c1ad72de628f71283ac69037e9bbe97c3e773952f5abde5eac91397ca322d1a6,resource-grid,heisenberg_chain,Heisenberg-36,"{""coupling"":1.0,""field_z"":0.3}",36,36.0,proportional,1.0,0.00630957344480193,115.7999999999999,141,trotter-p4-empirical,trotter,Trotter p=4 [empirical],empirical-operator-norm,empirical,4.0,,,,,,564.0,,,,,,,,,,,,,,,,,,,,,,,,,,,,,,commuting,3.0,0.005674418049172303,9.4956618452,empirical-operator-norm,Repository empirical operator-norm calibration study v1 (2026-08-10),reviewed calibration opnorm-v1-heisenberg-open-trotter-p4; artifact docs/calibration_data/empirical_1d_v1_accepted.json,"{""prefactor"":9.4956618452}",False,implemented-product-formula,False,,"[""the resolved ordered Hamiltonian groups match the implemented formula"",""the fixed formal-order powers in time and segments apply"",""the reviewed affine size calibration extrapolates as flagged""]",,,,,,,implemented-product-formula,False,False,0.005678616100321737,,,,,,,,,,,,,,,,,,,1.0,none,0.0,system register,1.0,36.0,645780.0,0.0,-1.0,61349100.0,961800.0,analytical-model,0.0006309573444801931,opnorm-v1-heisenberg-open-trotter-p4,heisenberg_chain,affine-aN-plus-b,9.4956618452,4.0,12.0,4.0,12.0,True,True,formula,0.1.0,3.11.9,2.5.0,b58b31db18364511c43757e27fffc7abce8df2c1,True,ok,,
1.0,heisenberg_chain:N036,-2.2,commutator,2164.0,,,2.0,a8fa234e-a646-4911-8402-a67c302db4ae,2026-08-12T00:11:58.358108+00:00,c1ad72de628f71283ac69037e9bbe97c3e773952f5abde5eac91397ca322d1a6,resource-grid,heisenberg_chain,Heisenberg-36,"{""coupling"":1.0,""field_z"":0.3}",36,36.0,proportional,1.0,0.00630957344480193,115.7999999999999,141,trotter-p6,trotter,Trotter p=6,analytical,analytical,6.0,,,,,,2164.0,,,,,,,,,,,,,,,,,,,,,,,,,,,,,,commuting,3.0,0.005664593971717728,7423262.513876497,schubert-mendl-commutator,"Schubert and Mendl, arXiv:2306.10603",Theorem 1,"{""prefactor"":7423262.513876497}",True,implemented-product-formula,True,,"[""the resolved ordered Hamiltonian groups match the implemented formula""]",,,,,,,implemented-product-formula,True,True,0.005678616100321737,,,,,,,,,,,,,,,,,,,1.0,none,0.0,system register,1.0,36.0,12388900.0,0.0,-1.0,1338001200.0,18451554.0,analytical-model,0.0006309573444801931,,,,,,,,,,,,0.1.0,3.11.9,2.5.0,b58b31db18364511c43757e27fffc7abce8df2c1,True,ok,,
1.0,heisenberg_chain:N036,-2.2,empirical,216.0,,,2.0,a8fa234e-a646-4911-8402-a67c302db4ae,2026-08-12T00:11:58.358108+00:00,c1ad72de628f71283ac69037e9bbe97c3e773952f5abde5eac91397ca322d1a6,resource-grid,heisenberg_chain,Heisenberg-36,"{""coupling"":1.0,""field_z"":0.3}",36,36.0,proportional,1.0,0.00630957344480193,115.7999999999999,141,trotter-p6-empirical,trotter,Trotter p=6 [empirical],empirical-operator-norm,empirical,6.0,,,,,,216.0,,,,,,,,,,,,,,,,,,,,,,,,,,,,,,commuting,3.0,0.0001064120947530859,0.13791007479999998,empirical-operator-norm,Repository empirical operator-norm calibration study v1 (2026-08-10),reviewed calibration opnorm-v1-heisenberg-open-trotter-p6; artifact docs/calibration_data/empirical_1d_v1_accepted.json,"{""prefactor"":0.13791007479999998}",False,implemented-product-formula,False,,"[""the resolved ordered Hamiltonian groups match the implemented formula"",""the fixed formal-order powers in time and segments apply"",""the reviewed affine size calibration extrapolates as flagged""]",,,,,,,implemented-product-formula,False,False,0.005678616100321737,,,,,,,,,,,,,,,,,,,1.0,none,0.0,system register,1.0,36.0,1236600.0,0.0,-1.0,121186800.0,1841745.0,analytical-model,0.0006309573444801931,opnorm-v1-heisenberg-open-trotter-p6,heisenberg_chain,affine-aN-plus-b,0.13791007479999998,4.0,12.0,4.0,12.0,True,True,asymptotic-domain,0.1.0,3.11.9,2.5.0,b58b31db18364511c43757e27fffc7abce8df2c1,True,ok,,
1.0,heisenberg_chain:N036,-2.2,jacobi-anger,,,,2.0,a8fa234e-a646-4911-8402-a67c302db4ae,2026-08-12T00:11:58.358108+00:00,c1ad72de628f71283ac69037e9bbe97c3e773952f5abde5eac91397ca322d1a6,resource-grid,heisenberg_chain,Heisenberg-36,"{""coupling"":1.0,""field_z"":0.3}",36,36.0,proportional,1.0,0.00630957344480193,115.7999999999999,141,qsvt,qsvt,QSVT,jacobi-anger-rigorous,analytical,,,,,,,,,,,,,,,,,,,,,,,,,,,,,,,,,,,34011.0,5669.0,,,0.0013287630385812746,,jacobi-anger-polynomial-oaa,"Martyn et al., arXiv:2105.02859, Eqs. (76)--(77)",Jacobi--Anger tails plus exact cubic OAA identity,"{""oaa-unitarity-defect-distortion"":0.0006647123150187455,""scaled-polynomial-error"":0.0006640507235625291}",True,ideal-qsvt-oaa-good-block,True,,"[""the cosine and sine polynomials are implemented exactly"",""the unamplified good block is exactly Q/2""]",,,,,,,implemented-qsvt-floating-phase-circuit,False,False,0.005678616100321737,,,,,,,,,,,,,,,,,,,2.0,one robust OAA round,1.0,"component, quadrature, and index registers all-zero",,54.0,17413644.0,38976732.0,-1.0,2071407768.0,259504686.0,analytical-model,0.0006309573444801931,,,,,,,,,,,,0.1.0,3.11.9,2.5.0,b58b31db18364511c43757e27fffc7abce8df2c1,True,ok,,
1.0,heisenberg_chain:N036,-2.2,empirical,,8.0,36.0,2.0,a8fa234e-a646-4911-8402-a67c302db4ae,2026-08-12T00:11:58.358108+00:00,c1ad72de628f71283ac69037e9bbe97c3e773952f5abde5eac91397ca322d1a6,resource-grid,heisenberg_chain,Heisenberg-36,"{""coupling"":1.0,""field_z"":0.3}",36,36.0,proportional,1.0,0.00630957344480193,115.7999999999999,141,mpf-j-mizuta2026-theorem6-empirical-operator-norm,multiproduct,MPF J=Mizuta Theorem 6 (resolved per point) [empirical operator norm],empirical-operator-norm,empirical,,8.0,16.0,mizuta2026-theorem6,6.300000000000004,0.005678616100321737,36.0,,,,[],,,,,,,,,,,,,,,[],,,,,,,empirical-operator-norm,[],6588.0,,,,3.7043639999999936e-06,1.0289900000000001e-07,empirical-operator-norm,Repository empirical operator-norm calibration study v1 (2026-08-10),reviewed calibration opnorm-v1-heisenberg-open-mpf-new-m8; fixed formal powers,"{""empirical_coefficient"":1.0289900000000001e-07}",False,ideal-mpf,False,ordered individual Pauli terms,"[""the fixed formal-order powers in time and segments apply"",""the empirical estimate concerns the repeated ideal MPF operator"",""the reviewed affine size calibration extrapolates as flagged""]",,0.0,0.0,False,False,{},repeated-shared-ancilla-good-block,False,False,0.005678616100321737,new,"[1,2,3,4,5,6,11,29]","[-3.280633240950701e-11,1.38314223008236e-06,-0.00042434045620952707,0.013663236344294543,-0.0975962105352182,0.17214651362521294,-0.39147182230350597,1.3036812402160025]",1.9789847466554802,0.021015253344519813,61.0,registered-exact,True,8.0,4.0,2.0,5.0,10.0,6.0,6.0,3.0,2.0,3.0,2.0,one robust OAA round per segment,36.0,branch register all-zero,,43.0,3705696.0,3816.0,-1.0,381701952.0,6486137.0,analytical-model,0.0006309573444801931,opnorm-v1-heisenberg-open-mpf-new-m8,heisenberg_chain,affine-aN-plus-b,1.0289900000000001e-07,4.0,8.0,4.0,12.0,True,True,asymptotic-domain,0.1.0,3.11.9,2.5.0,b58b31db18364511c43757e27fffc7abce8df2c1,True,ok,,
1.0,heisenberg_chain:N036,-2.2,commutator,,8.0,34882.0,2.0,a8fa234e-a646-4911-8402-a67c302db4ae,2026-08-12T00:11:58.358108+00:00,c1ad72de628f71283ac69037e9bbe97c3e773952f5abde5eac91397ca322d1a6,resource-grid,heisenberg_chain,Heisenberg-36,"{""coupling"":1.0,""field_z"":0.3}",36,36.0,proportional,1.0,0.00630957344480193,115.7999999999999,141,mpf-j-mizuta2026-theorem6-mizuta2026-commutator-ideal-rigorous,multiproduct,MPF J=Mizuta Theorem 6 (resolved per point) [Mizuta 2026 refined commutator],mizuta2026-commutator-ideal-rigorous,analytical,,8.0,16.0,mizuta2026-theorem6,6.300000000000004,0.005678616100321737,34882.0,34882.0,,24903.0,"[""error""]",172.93668842635742,16.0,,,1.6185646597038925e-07,6.691811127230012e-25,3.31306239575217e-36,6.691811127196881e-25,6.691811127230012e-25,1.6185646597038928e-07,0.005677842407644715,1.5434979032695905e-05,False,0.0014456157468659917,"[1.0000000000000002,1.0000000000000002,1.0000000000000002,1.0000000000000002,1.0000000000000002,1.0000000000000002,1.0000000000000002,1.0000000000000002,1.0000000000000002,1.0000000000000002,1.0000000000000002,1.0000000000000002,1.0000000000000002,1.0000000000000002,1.0000000000000002,1.0000000000000002,1.0000000000000002,1.0000000000000002,1.0000000000000002,1.0000000000000002,1.0000000000000002,1.0000000000000002,1.0000000000000002,1.0000000000000002,1.0000000000000002,1.0000000000000002,1.0000000000000002,1.0000000000000002,1.0000000000000002,1.0000000000000002,1.0000000000000002,1.0000000000000002,1.0000000000000002,1.0000000000000002,1.0000000000000002,1.0000000000000002,1.0000000000000002,1.0000000000000002,1.0000000000000002,1.0000000000000002,1.0000000000000002,1.0000000000000002,1.0000000000000002,1.0000000000000002,1.0000000000000002,1.0000000000000002,1.0000000000000002,1.0000000000000002,1.0000000000000002,1.0000000000000002,1.0000000000000002,1.0000000000000002,1.0000000000000002,1.0000000000000002,1.0000000000000002,1.0000000000000002,1.0000000000000002,1.0000000000000002,1.0000000000000002,1.0000000000000002,1.0000000000000002,1.0000000000000002,1.0000000000000002,1.0000000000000002,1.0000000000000002,1.0000000000000002,1.0000000000000002,1.0000000000000002,1.0000000000000002,1.0000000000000002,1.0000000000000002,1.0000000000000002,1.0000000000000002,1.0000000000000002,1.0000000000000002,1.0000000000000002,1.0000000000000002,1.0000000000000002,1.0000000000000002,1.0000000000000002,1.0000000000000002,1.0000000000000002,1.0000000000000002,1.0000000000000002,1.0000000000000002,1.0000000000000002,1.0000000000000002,1.0000000000000002,1.0000000000000002,1.0000000000000002,1.0000000000000002,1.0000000000000002,1.0000000000000002,1.0000000000000002,1.0000000000000002,1.0000000000000002,1.0000000000000002,1.0000000000000002,1.0000000000000002,1.0000000000000002,1.0000000000000002,1.0000000000000002,1.0000000000000002,1.0000000000000002,1.0000000000000002,1.0000000000000002,1.0000000000000002,1.0000000000000002,1.0000000000000002,1.0000000000000002,1.0000000000000002,1.0000000000000002,1.0000000000000002,1.0000000000000002,1.0000000000000002,1.0000000000000002,1.0000000000000002,1.0000000000000002,1.0000000000000002,1.0000000000000002,1.0000000000000002,1.0000000000000002,1.0000000000000002,1.0000000000000002,1.0000000000000002,1.0000000000000002,1.0000000000000002,1.0000000000000002,1.0000000000000002,1.0000000000000002,1.0000000000000002,1.0000000000000002,1.0000000000000002,1.0000000000000002,1.0000000000000002,1.0000000000000002,1.0000000000000002,1.0000000000000002,1.0000000000000002,1.0000000000000002,1.0000000000000002]",6.300000000000007,4.0,True,exact commutator transition cap reached; locality bound used,not-used,commutator,mizuta2026-commutator-ideal-rigorous,[],6383406.0,,,,0.005677842407644715,9.466969160902498e+43,mizuta2026-commutator-ideal-rigorous,"Mizuta, Quantum 10, 1974 (2026), arXiv:2507.06557v4","Theorem 4, Eqs. (47)--(49), with direct Lemmas 9--10 BCH remainder","{""error_predicate_satisfied"":1.0,""extensiveness_g"":6.300000000000004,""joint_predicate_satisfied"":1.0,""legacy_first_condition_passed"":0.0,""legacy_first_time_limit"":1.5434979032695905e-05,""local_commutator_error"":1.6185646597038925e-07,""local_step_error"":1.6185646597038928e-07,""local_truncated_bch_error"":6.691811127230012e-25,""locality_k"":2.0,""mu_upper"":172.93668842635742,""refined_lemma10_remainder"":6.691811127196881e-25,""refined_lemma9_remainder"":3.31306239575217e-36,""refined_tail_fallback"":0.0,""repeated_global_error"":0.005677842407644715,""schedule_weighted_extensiveness"":6.300000000000007,""second_time_limit"":0.0014456157468659917,""time_2_predicate_satisfied"":1.0,""total_branchwise_bch_remainder"":6.691811127230012e-25,""truncation_order_p0"":16.0}",True,ideal-mpf,True,ordered individual Pauli terms,"[""individual Pauli summands define the ordered H_gamma decomposition"",""the actual Strang factors define schedule-weighted g_alpha extensiveness"",""Lemma 9 and Lemma 10 positive majorants directly certify the BCH remainder"",""the scalar-flow/Cauchy refined tail certificate is used"",""Theorem 4 second time hypothesis is satisfied"",""the repeated ideal MPF is composed with the Eq. (15) telescoping argument""]","exact Pauli recurrence would require 286794 transitions at order 5, above cap 250000; remaining orders use Mizuta 2026 Eq. (8)",16.0,4.0,True,True,"{""2"":984.0000000000011,""3"":16022.400000000034,""4"":245702.40000000078,""5"":2195110843.2691236,""6"":276583966251.9093,""7"":41819495697289.1,""8"":7376959041001784.0,""9"":1.487194942665952e+18,""10"":3.3729581299663746e+20,""11"":8.499854487515272e+22,""12"":2.356159663939246e+25,""13"":7.125026823752314e+27,""14"":2.3341587874612483e+30,""15"":8.234912202163285e+32,""16"":3.1127968124177332e+35}",repeated-shared-ancilla-good-block,True,False,0.005678616100321737,new,"[1,2,3,4,5,6,11,29]","[-3.280633240950701e-11,1.38314223008236e-06,-0.00042434045620952707,0.013663236344294543,-0.0975962105352182,0.17214651362521294,-0.39147182230350597,1.3036812402160025]",1.9789847466554802,0.021015253344519813,61.0,registered-exact,True,8.0,4.0,2.0,5.0,10.0,6.0,6.0,3.0,2.0,3.0,2.0,one robust OAA round per segment,34882.0,branch register all-zero,,43.0,3590613552.0,3697492.0,-1.0,477566392384.0,6284705526.0,analytical-model,0.0006309573444801931,,,,,,,,,,,,0.1.0,3.11.9,2.5.0,b58b31db18364511c43757e27fffc7abce8df2c1,True,ok,,
1.0,heisenberg_chain:N036,-2.3,commutator,65344.0,,,2.0,a8fa234e-a646-4911-8402-a67c302db4ae,2026-08-12T00:11:58.358108+00:00,c1ad72de628f71283ac69037e9bbe97c3e773952f5abde5eac91397ca322d1a6,resource-grid,heisenberg_chain,Heisenberg-36,"{""coupling"":1.0,""field_z"":0.3}",36,36.0,proportional,1.0,0.005011872336272725,115.7999999999999,141,trotter-p2,trotter,Trotter p=2,analytical,analytical,2.0,,,,,,65344.0,,,,,,,,,,,,,,,,,,,,,,,,,,,,,,individual,141.0,0.004510614989241601,412.80000000000024,childs-commutator,"Childs, Su, Tran, Wiebe, and Zhu, arXiv:1912.08854",Propositions 9--10,"{""prefactor"":412.80000000000024}",True,implemented-product-formula,True,,"[""the resolved ordered Hamiltonian groups match the implemented formula""]",,,,,,,implemented-product-formula,True,True,0.004510685102645452,,,,,,,,,,,,,,,,,,,1.0,none,0.0,system register,1.0,36.0,18361664.0,0.0,-1.0,2038144704.0,27347160.0,analytical-model,0.0005011872336272725,,,,,,,,,,,,0.1.0,3.11.9,2.5.0,b58b31db18364511c43757e27fffc7abce8df2c1,True,ok,,
1.0,heisenberg_chain:N036,-2.3,empirical,19956.0,,,2.0,a8fa234e-a646-4911-8402-a67c302db4ae,2026-08-12T00:11:58.358108+00:00,c1ad72de628f71283ac69037e9bbe97c3e773952f5abde5eac91397ca322d1a6,resource-grid,heisenberg_chain,Heisenberg-36,"{""coupling"":1.0,""field_z"":0.3}",36,36.0,proportional,1.0,0.005011872336272725,115.7999999999999,141,trotter-p2-empirical,trotter,Trotter p=2 [empirical],empirical-operator-norm,empirical,2.0,,,,,,19956.0,,,,,,,,,,,,,,,,,,,,,,,,,,,,,,individual,141.0,0.004510347137585205,38.4990006881,empirical-operator-norm,Repository empirical operator-norm calibration study v1 (2026-08-10),reviewed calibration opnorm-v1-heisenberg-open-trotter-p2; artifact docs/calibration_data/empirical_1d_v1_accepted.json,"{""prefactor"":38.4990006881}",False,implemented-product-formula,False,,"[""the resolved ordered Hamiltonian groups match the implemented formula"",""the fixed formal-order powers in time and segments apply"",""the reviewed affine size calibration extrapolates as flagged""]",,,,,,,implemented-product-formula,False,False,0.004510685102645452,,,,,,,,,,,,,,,,,,,1.0,none,0.0,system register,1.0,36.0,5607636.0,0.0,-1.0,594409416.0,8351799.0,analytical-model,0.0005011872336272725,opnorm-v1-heisenberg-open-trotter-p2,heisenberg_chain,affine-aN-plus-b,38.4990006881,4.0,12.0,4.0,12.0,True,True,formula,0.1.0,3.11.9,2.5.0,b58b31db18364511c43757e27fffc7abce8df2c1,True,ok,,
1.0,heisenberg_chain:N036,-2.3,commutator,3976.0,,,2.0,a8fa234e-a646-4911-8402-a67c302db4ae,2026-08-12T00:11:58.358108+00:00,c1ad72de628f71283ac69037e9bbe97c3e773952f5abde5eac91397ca322d1a6,resource-grid,heisenberg_chain,Heisenberg-36,"{""coupling"":1.0,""field_z"":0.3}",36,36.0,proportional,1.0,0.005011872336272725,115.7999999999999,141,trotter-p4,trotter,Trotter p=4,analytical,analytical,4.0,,,,,,3976.0,,,,,,,,,,,,,,,,,,,,,,,,,,,,,,commuting,3.0,0.004507772899980683,18630.95116112817,schubert-mendl-commutator,"Schubert and Mendl, arXiv:2306.10603",Theorem 1,"{""prefactor"":18630.95116112817}",True,implemented-product-formula,True,,"[""the resolved ordered Hamiltonian groups match the implemented formula""]",,,,,,,implemented-product-formula,True,True,0.004510685102645452,,,,,,,,,,,,,,,,,,,1.0,none,0.0,system register,1.0,36.0,4552520.0,0.0,-1.0,478014600.0,6780349.0,analytical-model,0.0005011872336272725,,,,,,,,,,,,0.1.0,3.11.9,2.5.0,b58b31db18364511c43757e27fffc7abce8df2c1,True,ok,,
1.0,heisenberg_chain:N036,-2.3,empirical,598.0,,,2.0,a8fa234e-a646-4911-8402-a67c302db4ae,2026-08-12T00:11:58.358108+00:00,c1ad72de628f71283ac69037e9bbe97c3e773952f5abde5eac91397ca322d1a6,resource-grid,heisenberg_chain,Heisenberg-36,"{""coupling"":1.0,""field_z"":0.3}",36,36.0,proportional,1.0,0.005011872336272725,115.7999999999999,141,trotter-p4-empirical,trotter,Trotter p=4 [empirical],empirical-operator-norm,empirical,4.0,,,,,,598.0,,,,,,,,,,,,,,,,,,,,,,,,,,,,,,commuting,3.0,0.00448986215975979,9.4956618452,empirical-operator-norm,Repository empirical operator-norm calibration study v1 (2026-08-10),reviewed calibration opnorm-v1-heisenberg-open-trotter-p4; artifact docs/calibration_data/empirical_1d_v1_accepted.json,"{""prefactor"":9.4956618452}",False,implemented-product-formula,False,,"[""the resolved ordered Hamiltonian groups match the implemented formula"",""the fixed formal-order powers in time and segments apply"",""the reviewed affine size calibration extrapolates as flagged""]",,,,,,,implemented-product-formula,False,False,0.004510685102645452,,,,,,,,,,,,,,,,,,,1.0,none,0.0,system register,1.0,36.0,684710.0,0.0,-1.0,65732160.0,1019781.0,analytical-model,0.0005011872336272725,opnorm-v1-heisenberg-open-trotter-p4,heisenberg_chain,affine-aN-plus-b,9.4956618452,4.0,12.0,4.0,12.0,True,True,formula,0.1.0,3.11.9,2.5.0,b58b31db18364511c43757e27fffc7abce8df2c1,True,ok,,
1.0,heisenberg_chain:N036,-2.3,commutator,2248.0,,,2.0,a8fa234e-a646-4911-8402-a67c302db4ae,2026-08-12T00:11:58.358108+00:00,c1ad72de628f71283ac69037e9bbe97c3e773952f5abde5eac91397ca322d1a6,resource-grid,heisenberg_chain,Heisenberg-36,"{""coupling"":1.0,""field_z"":0.3}",36,36.0,proportional,1.0,0.005011872336272725,115.7999999999999,141,trotter-p6,trotter,Trotter p=6,analytical,analytical,6.0,,,,,,2248.0,,,,,,,,,,,,,,,,,,,,,,,,,,,,,,commuting,3.0,0.004507487002203416,7423262.513876497,schubert-mendl-commutator,"Schubert and Mendl, arXiv:2306.10603",Theorem 1,"{""prefactor"":7423262.513876497}",True,implemented-product-formula,True,,"[""the resolved ordered Hamiltonian groups match the implemented formula""]",,,,,,,implemented-product-formula,True,True,0.004510685102645452,,,,,,,,,,,,,,,,,,,1.0,none,0.0,system register,1.0,36.0,12869800.0,0.0,-1.0,1402808200.0,19167788.0,analytical-model,0.0005011872336272725,,,,,,,,,,,,0.1.0,3.11.9,2.5.0,b58b31db18364511c43757e27fffc7abce8df2c1,True,ok,,
1.0,heisenberg_chain:N036,-2.3,empirical,216.0,,,2.0,a8fa234e-a646-4911-8402-a67c302db4ae,2026-08-12T00:11:58.358108+00:00,c1ad72de628f71283ac69037e9bbe97c3e773952f5abde5eac91397ca322d1a6,resource-grid,heisenberg_chain,Heisenberg-36,"{""coupling"":1.0,""field_z"":0.3}",36,36.0,proportional,1.0,0.005011872336272725,115.7999999999999,141,trotter-p6-empirical,trotter,Trotter p=6 [empirical],empirical-operator-norm,empirical,6.0,,,,,,216.0,,,,,,,,,,,,,,,,,,,,,,,,,,,,,,commuting,3.0,0.0001064120947530859,0.13791007479999998,empirical-operator-norm,Repository empirical operator-norm calibration study v1 (2026-08-10),reviewed calibration opnorm-v1-heisenberg-open-trotter-p6; artifact docs/calibration_data/empirical_1d_v1_accepted.json,"{""prefactor"":0.13791007479999998}",False,implemented-product-formula,False,,"[""the resolved ordered Hamiltonian groups match the implemented formula"",""the fixed formal-order powers in time and segments apply"",""the reviewed affine size calibration extrapolates as flagged""]",,,,,,,implemented-product-formula,False,False,0.004510685102645452,,,,,,,,,,,,,,,,,,,1.0,none,0.0,system register,1.0,36.0,1236600.0,0.0,-1.0,122423400.0,1841745.0,analytical-model,0.0005011872336272725,opnorm-v1-heisenberg-open-trotter-p6,heisenberg_chain,affine-aN-plus-b,0.13791007479999998,4.0,12.0,4.0,12.0,True,True,asymptotic-domain,0.1.0,3.11.9,2.5.0,b58b31db18364511c43757e27fffc7abce8df2c1,True,ok,,
1.0,heisenberg_chain:N036,-2.3,jacobi-anger,,,,2.0,a8fa234e-a646-4911-8402-a67c302db4ae,2026-08-12T00:11:58.358108+00:00,c1ad72de628f71283ac69037e9bbe97c3e773952f5abde5eac91397ca322d1a6,resource-grid,heisenberg_chain,Heisenberg-36,"{""coupling"":1.0,""field_z"":0.3}",36,36.0,proportional,1.0,0.005011872336272725,115.7999999999999,141,qsvt,qsvt,QSVT,jacobi-anger-rigorous,analytical,,,,,,,,,,,,,,,,,,,,,,,,,,,,,,,,,,,34023.0,5671.0,,,0.0005954822005875945,,jacobi-anger-polynomial-oaa,"Martyn et al., arXiv:2105.02859, Eqs. (76)--(77)",Jacobi--Anger tails plus exact cubic OAA identity,"{""oaa-unitarity-defect-distortion"":0.0002978075645297628,""scaled-polynomial-error"":0.0002976746360578317}",True,ideal-qsvt-oaa-good-block,True,,"[""the cosine and sine polynomials are implemented exactly"",""the unamplified good block is exactly Q/2""]",,,,,,,implemented-qsvt-floating-phase-circuit,False,False,0.004510685102645452,,,,,,,,,,,,,,,,,,,2.0,one robust OAA round,1.0,"component, quadrature, and index registers all-zero",,54.0,17419788.0,38990484.0,-1.0,2089558404.0,259596246.0,analytical-model,0.0005011872336272725,,,,,,,,,,,,0.1.0,3.11.9,2.5.0,b58b31db18364511c43757e27fffc7abce8df2c1,True,ok,,
1.0,heisenberg_chain:N036,-2.3,empirical,,8.0,36.0,2.0,a8fa234e-a646-4911-8402-a67c302db4ae,2026-08-12T00:11:58.358108+00:00,c1ad72de628f71283ac69037e9bbe97c3e773952f5abde5eac91397ca322d1a6,resource-grid,heisenberg_chain,Heisenberg-36,"{""coupling"":1.0,""field_z"":0.3}",36,36.0,proportional,1.0,0.005011872336272725,115.7999999999999,141,mpf-j-mizuta2026-theorem6-empirical-operator-norm,multiproduct,MPF J=Mizuta Theorem 6 (resolved per point) [empirical operator norm],empirical-operator-norm,empirical,,8.0,16.0,mizuta2026-theorem6,6.300000000000004,0.004510685102645452,36.0,,,,[],,,,,,,,,,,,,,,[],,,,,,,empirical-operator-norm,[],6588.0,,,,3.7043639999999936e-06,1.0289900000000001e-07,empirical-operator-norm,Repository empirical operator-norm calibration study v1 (2026-08-10),reviewed calibration opnorm-v1-heisenberg-open-mpf-new-m8; fixed formal powers,"{""empirical_coefficient"":1.0289900000000001e-07}",False,ideal-mpf,False,ordered individual Pauli terms,"[""the fixed formal-order powers in time and segments apply"",""the empirical estimate concerns the repeated ideal MPF operator"",""the reviewed affine size calibration extrapolates as flagged""]",,0.0,0.0,False,False,{},repeated-shared-ancilla-good-block,False,False,0.004510685102645452,new,"[1,2,3,4,5,6,11,29]","[-3.280633240950701e-11,1.38314223008236e-06,-0.00042434045620952707,0.013663236344294543,-0.0975962105352182,0.17214651362521294,-0.39147182230350597,1.3036812402160025]",1.9789847466554802,0.021015253344519813,61.0,registered-exact,True,8.0,4.0,2.0,5.0,10.0,6.0,6.0,3.0,2.0,3.0,2.0,one robust OAA round per segment,36.0,branch register all-zero,,43.0,3705696.0,3816.0,-1.0,385407648.0,6486137.0,analytical-model,0.0005011872336272725,opnorm-v1-heisenberg-open-mpf-new-m8,heisenberg_chain,affine-aN-plus-b,1.0289900000000001e-07,4.0,8.0,4.0,12.0,True,True,asymptotic-domain,0.1.0,3.11.9,2.5.0,b58b31db18364511c43757e27fffc7abce8df2c1,True,ok,,
1.0,heisenberg_chain:N036,-2.3,commutator,,8.0,35385.0,2.0,a8fa234e-a646-4911-8402-a67c302db4ae,2026-08-12T00:11:58.358108+00:00,c1ad72de628f71283ac69037e9bbe97c3e773952f5abde5eac91397ca322d1a6,resource-grid,heisenberg_chain,Heisenberg-36,"{""coupling"":1.0,""field_z"":0.3}",36,36.0,proportional,1.0,0.005011872336272725,115.7999999999999,141,mpf-j-mizuta2026-theorem6-mizuta2026-commutator-ideal-rigorous,multiproduct,MPF J=Mizuta Theorem 6 (resolved per point) [Mizuta 2026 refined commutator],mizuta2026-commutator-ideal-rigorous,analytical,,8.0,16.0,mizuta2026-theorem6,6.300000000000004,0.004510685102645452,35385.0,35385.0,,24903.0,"[""error""]",172.93668842635742,16.0,,,1.2688990622482025e-07,5.237626509791187e-25,2.5965753950282082e-36,5.237626509765221e-25,5.237626509791187e-25,1.2688990622482028e-07,0.004510204179398951,1.5434979032695905e-05,False,0.0014456157468659917,"[1.0000000000000002,1.0000000000000002,1.0000000000000002,1.0000000000000002,1.0000000000000002,1.0000000000000002,1.0000000000000002,1.0000000000000002,1.0000000000000002,1.0000000000000002,1.0000000000000002,1.0000000000000002,1.0000000000000002,1.0000000000000002,1.0000000000000002,1.0000000000000002,1.0000000000000002,1.0000000000000002,1.0000000000000002,1.0000000000000002,1.0000000000000002,1.0000000000000002,1.0000000000000002,1.0000000000000002,1.0000000000000002,1.0000000000000002,1.0000000000000002,1.0000000000000002,1.0000000000000002,1.0000000000000002,1.0000000000000002,1.0000000000000002,1.0000000000000002,1.0000000000000002,1.0000000000000002,1.0000000000000002,1.0000000000000002,1.0000000000000002,1.0000000000000002,1.0000000000000002,1.0000000000000002,1.0000000000000002,1.0000000000000002,1.0000000000000002,1.0000000000000002,1.0000000000000002,1.0000000000000002,1.0000000000000002,1.0000000000000002,1.0000000000000002,1.0000000000000002,1.0000000000000002,1.0000000000000002,1.0000000000000002,1.0000000000000002,1.0000000000000002,1.0000000000000002,1.0000000000000002,1.0000000000000002,1.0000000000000002,1.0000000000000002,1.0000000000000002,1.0000000000000002,1.0000000000000002,1.0000000000000002,1.0000000000000002,1.0000000000000002,1.0000000000000002,1.0000000000000002,1.0000000000000002,1.0000000000000002,1.0000000000000002,1.0000000000000002,1.0000000000000002,1.0000000000000002,1.0000000000000002,1.0000000000000002,1.0000000000000002,1.0000000000000002,1.0000000000000002,1.0000000000000002,1.0000000000000002,1.0000000000000002,1.0000000000000002,1.0000000000000002,1.0000000000000002,1.0000000000000002,1.0000000000000002,1.0000000000000002,1.0000000000000002,1.0000000000000002,1.0000000000000002,1.0000000000000002,1.0000000000000002,1.0000000000000002,1.0000000000000002,1.0000000000000002,1.0000000000000002,1.0000000000000002,1.0000000000000002,1.0000000000000002,1.0000000000000002,1.0000000000000002,1.0000000000000002,1.0000000000000002,1.0000000000000002,1.0000000000000002,1.0000000000000002,1.0000000000000002,1.0000000000000002,1.0000000000000002,1.0000000000000002,1.0000000000000002,1.0000000000000002,1.0000000000000002,1.0000000000000002,1.0000000000000002,1.0000000000000002,1.0000000000000002,1.0000000000000002,1.0000000000000002,1.0000000000000002,1.0000000000000002,1.0000000000000002,1.0000000000000002,1.0000000000000002,1.0000000000000002,1.0000000000000002,1.0000000000000002,1.0000000000000002,1.0000000000000002,1.0000000000000002,1.0000000000000002,1.0000000000000002,1.0000000000000002,1.0000000000000002,1.0000000000000002,1.0000000000000002,1.0000000000000002,1.0000000000000002,1.0000000000000002]",6.300000000000007,4.0,True,exact commutator transition cap reached; locality bound used,not-used,commutator,mizuta2026-commutator-ideal-rigorous,[],6475455.0,,,,0.004510204179398951,9.466969160902498e+43,mizuta2026-commutator-ideal-rigorous,"Mizuta, Quantum 10, 1974 (2026), arXiv:2507.06557v4","Theorem 4, Eqs. (47)--(49), with direct Lemmas 9--10 BCH remainder","{""error_predicate_satisfied"":1.0,""extensiveness_g"":6.300000000000004,""joint_predicate_satisfied"":1.0,""legacy_first_condition_passed"":0.0,""legacy_first_time_limit"":1.5434979032695905e-05,""local_commutator_error"":1.2688990622482025e-07,""local_step_error"":1.2688990622482028e-07,""local_truncated_bch_error"":5.237626509791187e-25,""locality_k"":2.0,""mu_upper"":172.93668842635742,""refined_lemma10_remainder"":5.237626509765221e-25,""refined_lemma9_remainder"":2.5965753950282082e-36,""refined_tail_fallback"":0.0,""repeated_global_error"":0.004510204179398951,""schedule_weighted_extensiveness"":6.300000000000007,""second_time_limit"":0.0014456157468659917,""time_2_predicate_satisfied"":1.0,""total_branchwise_bch_remainder"":5.237626509791187e-25,""truncation_order_p0"":16.0}",True,ideal-mpf,True,ordered individual Pauli terms,"[""individual Pauli summands define the ordered H_gamma decomposition"",""the actual Strang factors define schedule-weighted g_alpha extensiveness"",""Lemma 9 and Lemma 10 positive majorants directly certify the BCH remainder"",""the scalar-flow/Cauchy refined tail certificate is used"",""Theorem 4 second time hypothesis is satisfied"",""the repeated ideal MPF is composed with the Eq. (15) telescoping argument""]","exact Pauli recurrence would require 286794 transitions at order 5, above cap 250000; remaining orders use Mizuta 2026 Eq. (8)",16.0,4.0,True,True,"{""2"":984.0000000000011,""3"":16022.400000000034,""4"":245702.40000000078,""5"":2195110843.2691236,""6"":276583966251.9093,""7"":41819495697289.1,""8"":7376959041001784.0,""9"":1.487194942665952e+18,""10"":3.3729581299663746e+20,""11"":8.499854487515272e+22,""12"":2.356159663939246e+25,""13"":7.125026823752314e+27,""14"":2.3341587874612483e+30,""15"":8.234912202163285e+32,""16"":3.1127968124177332e+35}",repeated-shared-ancilla-good-block,True,False,0.004510685102645452,new,"[1,2,3,4,5,6,11,29]","[-3.280633240950701e-11,1.38314223008236e-06,-0.00042434045620952707,0.013663236344294543,-0.0975962105352182,0.17214651362521294,-0.39147182230350597,1.3036812402160025]",1.9789847466554802,0.021015253344519813,61.0,registered-exact,True,8.0,4.0,2.0,5.0,10.0,6.0,6.0,3.0,2.0,3.0,2.0,one robust OAA round per segment,35385.0,branch register all-zero,,43.0,3642390360.0,3750810.0,-1.0,488095311480.0,6375331261.0,analytical-model,0.0005011872336272725,,,,,,,,,,,,0.1.0,3.11.9,2.5.0,b58b31db18364511c43757e27fffc7abce8df2c1,True,ok,,
1.0,heisenberg_chain:N036,-2.4,commutator,73317.0,,,2.0,a8fa234e-a646-4911-8402-a67c302db4ae,2026-08-12T00:11:58.358108+00:00,c1ad72de628f71283ac69037e9bbe97c3e773952f5abde5eac91397ca322d1a6,resource-grid,heisenberg_chain,Heisenberg-36,"{""coupling"":1.0,""field_z"":0.3}",36,36.0,proportional,1.0,0.003981071705534973,115.7999999999999,141,trotter-p2,trotter,Trotter p=2,analytical,analytical,2.0,,,,,,73317.0,,,,,,,,,,,,,,,,,,,,,,,,,,,,,,individual,141.0,0.0035829258363311257,412.80000000000024,childs-commutator,"Childs, Su, Tran, Wiebe, and Zhu, arXiv:1912.08854",Propositions 9--10,"{""prefactor"":412.80000000000024}",True,implemented-product-formula,True,,"[""the resolved ordered Hamiltonian groups match the implemented formula""]",,,,,,,implemented-product-formula,True,True,0.0035829645349814763,,,,,,,,,,,,,,,,,,,1.0,none,0.0,system register,1.0,36.0,20602077.0,0.0,-1.0,2307432624.0,30683945.0,analytical-model,0.00039810717055349735,,,,,,,,,,,,0.1.0,3.11.9,2.5.0,b58b31db18364511c43757e27fffc7abce8df2c1,True,ok,,
1.0,heisenberg_chain:N036,-2.4,empirical,22391.0,,,2.0,a8fa234e-a646-4911-8402-a67c302db4ae,2026-08-12T00:11:58.358108+00:00,c1ad72de628f71283ac69037e9bbe97c3e773952f5abde5eac91397ca322d1a6,resource-grid,heisenberg_chain,Heisenberg-36,"{""coupling"":1.0,""field_z"":0.3}",36,36.0,proportional,1.0,0.003981071705534973,115.7999999999999,141,trotter-p2-empirical,trotter,Trotter p=2 [empirical],empirical-operator-norm,empirical,2.0,,,,,,22391.0,,,,,,,,,,,,,,,,,,,,,,,,,,,,,,individual,141.0,0.0035826961674911054,38.4990006881,empirical-operator-norm,Repository empirical operator-norm calibration study v1 (2026-08-10),reviewed calibration opnorm-v1-heisenberg-open-trotter-p2; artifact docs/calibration_data/empirical_1d_v1_accepted.json,"{""prefactor"":38.4990006881}",False,implemented-product-formula,False,,"[""the resolved ordered Hamiltonian groups match the implemented formula"",""the fixed formal-order powers in time and segments apply"",""the reviewed affine size calibration extrapolates as flagged""]",,,,,,,implemented-product-formula,False,False,0.0035829645349814763,,,,,,,,,,,,,,,,,,,1.0,none,0.0,system register,1.0,36.0,6291871.0,0.0,-1.0,673230197.0,9370872.0,analytical-model,0.00039810717055349735,opnorm-v1-heisenberg-open-trotter-p2,heisenberg_chain,affine-aN-plus-b,38.4990006881,4.0,12.0,4.0,12.0,True,True,formula,0.1.0,3.11.9,2.5.0,b58b31db18364511c43757e27fffc7abce8df2c1,True,ok,,
1.0,heisenberg_chain:N036,-2.4,commutator,4211.0,,,2.0,a8fa234e-a646-4911-8402-a67c302db4ae,2026-08-12T00:11:58.358108+00:00,c1ad72de628f71283ac69037e9bbe97c3e773952f5abde5eac91397ca322d1a6,resource-grid,heisenberg_chain,Heisenberg-36,"{""coupling"":1.0,""field_z"":0.3}",36,36.0,proportional,1.0,0.003981071705534973,115.7999999999999,141,trotter-p4,trotter,Trotter p=4,analytical,analytical,4.0,,,,,,4211.0,,,,,,,,,,,,,,,,,,,,,,,,,,,,,,commuting,3.0,0.003582668007193029,18630.95116112817,schubert-mendl-commutator,"Schubert and Mendl, arXiv:2306.10603",Theorem 1,"{""prefactor"":18630.95116112817}",True,implemented-product-formula,True,,"[""the resolved ordered Hamiltonian groups match the implemented formula""]",,,,,,,implemented-product-formula,True,True,0.0035829645349814763,,,,,,,,,,,,,,,,,,,1.0,none,0.0,system register,1.0,36.0,4821595.0,0.0,-1.0,511089070.0,7181099.0,analytical-model,0.00039810717055349735,,,,,,,,,,,,0.1.0,3.11.9,2.5.0,b58b31db18364511c43757e27fffc7abce8df2c1,True,ok,,
1.0,heisenberg_chain:N036,-2.4,empirical,633.0,,,2.0,a8fa234e-a646-4911-8402-a67c302db4ae,2026-08-12T00:11:58.358108+00:00,c1ad72de628f71283ac69037e9bbe97c3e773952f5abde5eac91397ca322d1a6,resource-grid,heisenberg_chain,Heisenberg-36,"{""coupling"":1.0,""field_z"":0.3}",36,36.0,proportional,1.0,0.003981071705534973,115.7999999999999,141,trotter-p4-empirical,trotter,Trotter p=4 [empirical],empirical-operator-norm,empirical,4.0,,,,,,633.0,,,,,,,,,,,,,,,,,,,,,,,,,,,,,,commuting,3.0,0.0035762091013134,9.4956618452,empirical-operator-norm,Repository empirical operator-norm calibration study v1 (2026-08-10),reviewed calibration opnorm-v1-heisenberg-open-trotter-p4; artifact docs/calibration_data/empirical_1d_v1_accepted.json,"{""prefactor"":9.4956618452}",False,implemented-product-formula,False,,"[""the resolved ordered Hamiltonian groups match the implemented formula"",""the fixed formal-order powers in time and segments apply"",""the reviewed affine size calibration extrapolates as flagged""]",,,,,,,implemented-product-formula,False,False,0.0035829645349814763,,,,,,,,,,,,,,,,,,,1.0,none,0.0,system register,1.0,36.0,724785.0,0.0,-1.0,71028930.0,1079468.0,analytical-model,0.00039810717055349735,opnorm-v1-heisenberg-open-trotter-p4,heisenberg_chain,affine-aN-plus-b,9.4956618452,4.0,12.0,4.0,12.0,True,True,formula,0.1.0,3.11.9,2.5.0,b58b31db18364511c43757e27fffc7abce8df2c1,True,ok,,
1.0,heisenberg_chain:N036,-2.4,commutator,2336.0,,,2.0,a8fa234e-a646-4911-8402-a67c302db4ae,2026-08-12T00:11:58.358108+00:00,c1ad72de628f71283ac69037e9bbe97c3e773952f5abde5eac91397ca322d1a6,resource-grid,heisenberg_chain,Heisenberg-36,"{""coupling"":1.0,""field_z"":0.3}",36,36.0,proportional,1.0,0.003981071705534973,115.7999999999999,141,trotter-p6,trotter,Trotter p=6,analytical,analytical,6.0,,,,,,2336.0,,,,,,,,,,,,,,,,,,,,,,,,,,,,,,commuting,3.0,0.003579936256799093,7423262.513876497,schubert-mendl-commutator,"Schubert and Mendl, arXiv:2306.10603",Theorem 1,"{""prefactor"":7423262.513876497}",True,implemented-product-formula,True,,"[""the resolved ordered Hamiltonian groups match the implemented formula""]",,,,,,,implemented-product-formula,True,True,0.0035829645349814763,,,,,,,,,,,,,,,,,,,1.0,none,0.0,system register,1.0,36.0,13373600.0,0.0,-1.0,1484469600.0,19918128.0,analytical-model,0.00039810717055349735,,,,,,,,,,,,0.1.0,3.11.9,2.5.0,b58b31db18364511c43757e27fffc7abce8df2c1,True,ok,,
1.0,heisenberg_chain:N036,-2.4,empirical,216.0,,,2.0,a8fa234e-a646-4911-8402-a67c302db4ae,2026-08-12T00:11:58.358108+00:00,c1ad72de628f71283ac69037e9bbe97c3e773952f5abde5eac91397ca322d1a6,resource-grid,heisenberg_chain,Heisenberg-36,"{""coupling"":1.0,""field_z"":0.3}",36,36.0,proportional,1.0,0.003981071705534973,115.7999999999999,141,trotter-p6-empirical,trotter,Trotter p=6 [empirical],empirical-operator-norm,empirical,6.0,,,,,,216.0,,,,,,,,,,,,,,,,,,,,,,,,,,,,,,commuting,3.0,0.0001064120947530859,0.13791007479999998,empirical-operator-norm,Repository empirical operator-norm calibration study v1 (2026-08-10),reviewed calibration opnorm-v1-heisenberg-open-trotter-p6; artifact docs/calibration_data/empirical_1d_v1_accepted.json,"{""prefactor"":0.13791007479999998}",False,implemented-product-formula,False,,"[""the resolved ordered Hamiltonian groups match the implemented formula"",""the fixed formal-order powers in time and segments apply"",""the reviewed affine size calibration extrapolates as flagged""]",,,,,,,implemented-product-formula,False,False,0.0035829645349814763,,,,,,,,,,,,,,,,,,,1.0,none,0.0,system register,1.0,36.0,1236600.0,0.0,-1.0,123660000.0,1841745.0,analytical-model,0.00039810717055349735,opnorm-v1-heisenberg-open-trotter-p6,heisenberg_chain,affine-aN-plus-b,0.13791007479999998,4.0,12.0,4.0,12.0,True,True,asymptotic-domain,0.1.0,3.11.9,2.5.0,b58b31db18364511c43757e27fffc7abce8df2c1,True,ok,,
1.0,heisenberg_chain:N036,-2.4,jacobi-anger,,,,2.0,a8fa234e-a646-4911-8402-a67c302db4ae,2026-08-12T00:11:58.358108+00:00,c1ad72de628f71283ac69037e9bbe97c3e773952f5abde5eac91397ca322d1a6,resource-grid,heisenberg_chain,Heisenberg-36,"{""coupling"":1.0,""field_z"":0.3}",36,36.0,proportional,1.0,0.003981071705534973,115.7999999999999,141,qsvt,qsvt,QSVT,jacobi-anger-rigorous,analytical,,,,,,,,,,,,,,,,,,,,,,,,,,,,,,,,,,,34023.0,5671.0,,,0.0004923649459861134,,jacobi-anger-polynomial-oaa,"Martyn et al., arXiv:2105.02859, Eqs. (76)--(77)",Jacobi--Anger tails plus exact cubic OAA identity,"{""oaa-unitarity-defect-distortion"":0.0002462279142997891,""scaled-polynomial-error"":0.00024613703168632425}",True,ideal-qsvt-oaa-good-block,True,,"[""the cosine and sine polynomials are implemented exactly"",""the unamplified good block is exactly Q/2""]",,,,,,,implemented-qsvt-floating-phase-circuit,False,False,0.0035829645349814763,,,,,,,,,,,,,,,,,,,2.0,one robust OAA round,1.0,"component, quadrature, and index registers all-zero",,54.0,17419788.0,38990484.0,-1.0,2106978192.0,259596246.0,analytical-model,0.00039810717055349735,,,,,,,,,,,,0.1.0,3.11.9,2.5.0,b58b31db18364511c43757e27fffc7abce8df2c1,True,ok,,
1.0,heisenberg_chain:N036,-2.4,empirical,,8.0,36.0,2.0,a8fa234e-a646-4911-8402-a67c302db4ae,2026-08-12T00:11:58.358108+00:00,c1ad72de628f71283ac69037e9bbe97c3e773952f5abde5eac91397ca322d1a6,resource-grid,heisenberg_chain,Heisenberg-36,"{""coupling"":1.0,""field_z"":0.3}",36,36.0,proportional,1.0,0.003981071705534973,115.7999999999999,141,mpf-j-mizuta2026-theorem6-empirical-operator-norm,multiproduct,MPF J=Mizuta Theorem 6 (resolved per point) [empirical operator norm],empirical-operator-norm,empirical,,8.0,16.0,mizuta2026-theorem6,6.300000000000004,0.0035829645349814763,36.0,,,,[],,,,,,,,,,,,,,,[],,,,,,,empirical-operator-norm,[],6588.0,,,,3.7043639999999936e-06,1.0289900000000001e-07,empirical-operator-norm,Repository empirical operator-norm calibration study v1 (2026-08-10),reviewed calibration opnorm-v1-heisenberg-open-mpf-new-m8; fixed formal powers,"{""empirical_coefficient"":1.0289900000000001e-07}",False,ideal-mpf,False,ordered individual Pauli terms,"[""the fixed formal-order powers in time and segments apply"",""the empirical estimate concerns the repeated ideal MPF operator"",""the reviewed affine size calibration extrapolates as flagged""]",,0.0,0.0,False,False,{},repeated-shared-ancilla-good-block,False,False,0.0035829645349814763,new,"[1,2,3,4,5,6,11,29]","[-3.280633240950701e-11,1.38314223008236e-06,-0.00042434045620952707,0.013663236344294543,-0.0975962105352182,0.17214651362521294,-0.39147182230350597,1.3036812402160025]",1.9789847466554802,0.021015253344519813,61.0,registered-exact,True,8.0,4.0,2.0,5.0,10.0,6.0,6.0,3.0,2.0,3.0,2.0,one robust OAA round per segment,36.0,branch register all-zero,,43.0,3705696.0,3816.0,-1.0,389113344.0,6486137.0,analytical-model,0.00039810717055349735,opnorm-v1-heisenberg-open-mpf-new-m8,heisenberg_chain,affine-aN-plus-b,1.0289900000000001e-07,4.0,8.0,4.0,12.0,True,True,asymptotic-domain,0.1.0,3.11.9,2.5.0,b58b31db18364511c43757e27fffc7abce8df2c1,True,ok,,
1.0,heisenberg_chain:N036,-2.4,commutator,,8.0,35896.0,2.0,a8fa234e-a646-4911-8402-a67c302db4ae,2026-08-12T00:11:58.358108+00:00,c1ad72de628f71283ac69037e9bbe97c3e773952f5abde5eac91397ca322d1a6,resource-grid,heisenberg_chain,Heisenberg-36,"{""coupling"":1.0,""field_z"":0.3}",36,36.0,proportional,1.0,0.003981071705534973,115.7999999999999,141,mpf-j-mizuta2026-theorem6-mizuta2026-commutator-ideal-rigorous,multiproduct,MPF J=Mizuta Theorem 6 (resolved per point) [Mizuta 2026 refined commutator],mizuta2026-commutator-ideal-rigorous,analytical,,8.0,16.0,mizuta2026-theorem6,6.300000000000004,0.0035829645349814763,35896.0,35896.0,,24903.0,"[""error""]",172.93668842635742,16.0,,,9.944215207372296e-08,4.0980937076879257e-25,2.0343249784079967e-36,4.098093707667582e-25,4.0980937076879257e-25,9.944215207372298e-08,0.0035823397717671137,1.5434979032695905e-05,False,0.0014456157468659917,"[1.0000000000000002,1.0000000000000002,1.0000000000000002,1.0000000000000002,1.0000000000000002,1.0000000000000002,1.0000000000000002,1.0000000000000002,1.0000000000000002,1.0000000000000002,1.0000000000000002,1.0000000000000002,1.0000000000000002,1.0000000000000002,1.0000000000000002,1.0000000000000002,1.0000000000000002,1.0000000000000002,1.0000000000000002,1.0000000000000002,1.0000000000000002,1.0000000000000002,1.0000000000000002,1.0000000000000002,1.0000000000000002,1.0000000000000002,1.0000000000000002,1.0000000000000002,1.0000000000000002,1.0000000000000002,1.0000000000000002,1.0000000000000002,1.0000000000000002,1.0000000000000002,1.0000000000000002,1.0000000000000002,1.0000000000000002,1.0000000000000002,1.0000000000000002,1.0000000000000002,1.0000000000000002,1.0000000000000002,1.0000000000000002,1.0000000000000002,1.0000000000000002,1.0000000000000002,1.0000000000000002,1.0000000000000002,1.0000000000000002,1.0000000000000002,1.0000000000000002,1.0000000000000002,1.0000000000000002,1.0000000000000002,1.0000000000000002,1.0000000000000002,1.0000000000000002,1.0000000000000002,1.0000000000000002,1.0000000000000002,1.0000000000000002,1.0000000000000002,1.0000000000000002,1.0000000000000002,1.0000000000000002,1.0000000000000002,1.0000000000000002,1.0000000000000002,1.0000000000000002,1.0000000000000002,1.0000000000000002,1.0000000000000002,1.0000000000000002,1.0000000000000002,1.0000000000000002,1.0000000000000002,1.0000000000000002,1.0000000000000002,1.0000000000000002,1.0000000000000002,1.0000000000000002,1.0000000000000002,1.0000000000000002,1.0000000000000002,1.0000000000000002,1.0000000000000002,1.0000000000000002,1.0000000000000002,1.0000000000000002,1.0000000000000002,1.0000000000000002,1.0000000000000002,1.0000000000000002,1.0000000000000002,1.0000000000000002,1.0000000000000002,1.0000000000000002,1.0000000000000002,1.0000000000000002,1.0000000000000002,1.0000000000000002,1.0000000000000002,1.0000000000000002,1.0000000000000002,1.0000000000000002,1.0000000000000002,1.0000000000000002,1.0000000000000002,1.0000000000000002,1.0000000000000002,1.0000000000000002,1.0000000000000002,1.0000000000000002,1.0000000000000002,1.0000000000000002,1.0000000000000002,1.0000000000000002,1.0000000000000002,1.0000000000000002,1.0000000000000002,1.0000000000000002,1.0000000000000002,1.0000000000000002,1.0000000000000002,1.0000000000000002,1.0000000000000002,1.0000000000000002,1.0000000000000002,1.0000000000000002,1.0000000000000002,1.0000000000000002,1.0000000000000002,1.0000000000000002,1.0000000000000002,1.0000000000000002,1.0000000000000002,1.0000000000000002,1.0000000000000002,1.0000000000000002,1.0000000000000002,1.0000000000000002]",6.300000000000007,4.0,True,exact commutator transition cap reached; locality bound used,not-used,commutator,mizuta2026-commutator-ideal-rigorous,[],6568968.0,,,,0.0035823397717671137,9.466969160902498e+43,mizuta2026-commutator-ideal-rigorous,"Mizuta, Quantum 10, 1974 (2026), arXiv:2507.06557v4","Theorem 4, Eqs. (47)--(49), with direct Lemmas 9--10 BCH remainder","{""error_predicate_satisfied"":1.0,""extensiveness_g"":6.300000000000004,""joint_predicate_satisfied"":1.0,""legacy_first_condition_passed"":0.0,""legacy_first_time_limit"":1.5434979032695905e-05,""local_commutator_error"":9.944215207372296e-08,""local_step_error"":9.944215207372298e-08,""local_truncated_bch_error"":4.0980937076879257e-25,""locality_k"":2.0,""mu_upper"":172.93668842635742,""refined_lemma10_remainder"":4.098093707667582e-25,""refined_lemma9_remainder"":2.0343249784079967e-36,""refined_tail_fallback"":0.0,""repeated_global_error"":0.0035823397717671137,""schedule_weighted_extensiveness"":6.300000000000007,""second_time_limit"":0.0014456157468659917,""time_2_predicate_satisfied"":1.0,""total_branchwise_bch_remainder"":4.0980937076879257e-25,""truncation_order_p0"":16.0}",True,ideal-mpf,True,ordered individual Pauli terms,"[""individual Pauli summands define the ordered H_gamma decomposition"",""the actual Strang factors define schedule-weighted g_alpha extensiveness"",""Lemma 9 and Lemma 10 positive majorants directly certify the BCH remainder"",""the scalar-flow/Cauchy refined tail certificate is used"",""Theorem 4 second time hypothesis is satisfied"",""the repeated ideal MPF is composed with the Eq. (15) telescoping argument""]","exact Pauli recurrence would require 286794 transitions at order 5, above cap 250000; remaining orders use Mizuta 2026 Eq. (8)",16.0,4.0,True,True,"{""2"":984.0000000000011,""3"":16022.400000000034,""4"":245702.40000000078,""5"":2195110843.2691236,""6"":276583966251.9093,""7"":41819495697289.1,""8"":7376959041001784.0,""9"":1.487194942665952e+18,""10"":3.3729581299663746e+20,""11"":8.499854487515272e+22,""12"":2.356159663939246e+25,""13"":7.125026823752314e+27,""14"":2.3341587874612483e+30,""15"":8.234912202163285e+32,""16"":3.1127968124177332e+35}",repeated-shared-ancilla-good-block,True,False,0.0035829645349814763,new,"[1,2,3,4,5,6,11,29]","[-3.280633240950701e-11,1.38314223008236e-06,-0.00042434045620952707,0.013663236344294543,-0.0975962105352182,0.17214651362521294,-0.39147182230350597,1.3036812402160025]",1.9789847466554802,0.021015253344519813,61.0,registered-exact,True,8.0,4.0,2.0,5.0,10.0,6.0,6.0,3.0,2.0,3.0,2.0,one robust OAA round per segment,35896.0,branch register all-zero,,43.0,3694990656.0,3804976.0,-1.0,498838958464.0,6467398359.0,analytical-model,0.00039810717055349735,,,,,,,,,,,,0.1.0,3.11.9,2.5.0,b58b31db18364511c43757e27fffc7abce8df2c1,True,ok,,
1.0,heisenberg_chain:N036,-2.5,commutator,82263.0,,,2.0,a8fa234e-a646-4911-8402-a67c302db4ae,2026-08-12T00:11:58.358108+00:00,c1ad72de628f71283ac69037e9bbe97c3e773952f5abde5eac91397ca322d1a6,resource-grid,heisenberg_chain,Heisenberg-36,"{""coupling"":1.0,""field_z"":0.3}",36,36.0,proportional,1.0,0.0031622776601683794,115.7999999999999,141,trotter-p2,trotter,Trotter p=2,analytical,analytical,2.0,,,,,,82263.0,,,,,,,,,,,,,,,,,,,,,,,,,,,,,,individual,141.0,0.002846021023909658,412.80000000000024,childs-commutator,"Childs, Su, Tran, Wiebe, and Zhu, arXiv:1912.08854",Propositions 9--10,"{""prefactor"":412.80000000000024}",True,implemented-product-formula,True,,"[""the resolved ordered Hamiltonian groups match the implemented formula""]",,,,,,,implemented-product-formula,True,True,0.0028460498941515417,,,,,,,,,,,,,,,,,,,1.0,none,0.0,system register,1.0,36.0,23115903.0,0.0,-1.0,2635212942.0,34427941.0,analytical-model,0.00031622776601683794,,,,,,,,,,,,0.1.0,3.11.9,2.5.0,b58b31db18364511c43757e27fffc7abce8df2c1,True,ok,,
1.0,heisenberg_chain:N036,-2.5,empirical,25123.0,,,2.0,a8fa234e-a646-4911-8402-a67c302db4ae,2026-08-12T00:11:58.358108+00:00,c1ad72de628f71283ac69037e9bbe97c3e773952f5abde5eac91397ca322d1a6,resource-grid,heisenberg_chain,Heisenberg-36,"{""coupling"":1.0,""field_z"":0.3}",36,36.0,proportional,1.0,0.0031622776601683794,115.7999999999999,141,trotter-p2-empirical,trotter,Trotter p=2 [empirical],empirical-operator-norm,empirical,2.0,,,,,,25123.0,,,,,,,,,,,,,,,,,,,,,,,,,,,,,,individual,141.0,0.002845862823489405,38.4990006881,empirical-operator-norm,Repository empirical operator-norm calibration study v1 (2026-08-10),reviewed calibration opnorm-v1-heisenberg-open-trotter-p2; artifact docs/calibration_data/empirical_1d_v1_accepted.json,"{""prefactor"":38.4990006881}",False,implemented-product-formula,False,,"[""the resolved ordered Hamiltonian groups match the implemented formula"",""the fixed formal-order powers in time and segments apply"",""the reviewed affine size calibration extrapolates as flagged""]",,,,,,,implemented-product-formula,False,False,0.0028460498941515417,,,,,,,,,,,,,,,,,,,1.0,none,0.0,system register,1.0,36.0,7059563.0,0.0,-1.0,769492367.0,10514243.0,analytical-model,0.00031622776601683794,opnorm-v1-heisenberg-open-trotter-p2,heisenberg_chain,affine-aN-plus-b,38.4990006881,4.0,12.0,4.0,12.0,True,True,formula,0.1.0,3.11.9,2.5.0,b58b31db18364511c43757e27fffc7abce8df2c1,True,ok,,
1.0,heisenberg_chain:N036,-2.5,commutator,4461.0,,,2.0,a8fa234e-a646-4911-8402-a67c302db4ae,2026-08-12T00:11:58.358108+00:00,c1ad72de628f71283ac69037e9bbe97c3e773952f5abde5eac91397ca322d1a6,resource-grid,heisenberg_chain,Heisenberg-36,"{""coupling"":1.0,""field_z"":0.3}",36,36.0,proportional,1.0,0.0031622776601683794,115.7999999999999,141,trotter-p4,trotter,Trotter p=4,analytical,analytical,4.0,,,,,,4461.0,,,,,,,,,,,,,,,,,,,,,,,,,,,,,,commuting,3.0,0.0028445831834450364,18630.95116112817,schubert-mendl-commutator,"Schubert and Mendl, arXiv:2306.10603",Theorem 1,"{""prefactor"":18630.95116112817}",True,implemented-product-formula,True,,"[""the resolved ordered Hamiltonian groups match the implemented formula""]",,,,,,,implemented-product-formula,True,True,0.0028460498941515417,,,,,,,,,,,,,,,,,,,1.0,none,0.0,system register,1.0,36.0,5107845.0,0.0,-1.0,546539415.0,7607429.0,analytical-model,0.00031622776601683794,,,,,,,,,,,,0.1.0,3.11.9,2.5.0,b58b31db18364511c43757e27fffc7abce8df2c1,True,ok,,
1.0,heisenberg_chain:N036,-2.5,empirical,671.0,,,2.0,a8fa234e-a646-4911-8402-a67c302db4ae,2026-08-12T00:11:58.358108+00:00,c1ad72de628f71283ac69037e9bbe97c3e773952f5abde5eac91397ca322d1a6,resource-grid,heisenberg_chain,Heisenberg-36,"{""coupling"":1.0,""field_z"":0.3}",36,36.0,proportional,1.0,0.0031622776601683794,115.7999999999999,141,trotter-p4-empirical,trotter,Trotter p=4 [empirical],empirical-operator-norm,empirical,4.0,,,,,,671.0,,,,,,,,,,,,,,,,,,,,,,,,,,,,,,commuting,3.0,0.0028323548547868724,9.4956618452,empirical-operator-norm,Repository empirical operator-norm calibration study v1 (2026-08-10),reviewed calibration opnorm-v1-heisenberg-open-trotter-p4; artifact docs/calibration_data/empirical_1d_v1_accepted.json,"{""prefactor"":9.4956618452}",False,implemented-product-formula,False,,"[""the resolved ordered Hamiltonian groups match the implemented formula"",""the fixed formal-order powers in time and segments apply"",""the reviewed affine size calibration extrapolates as flagged""]",,,,,,,implemented-product-formula,False,False,0.0028460498941515417,,,,,,,,,,,,,,,,,,,1.0,none,0.0,system register,1.0,36.0,768295.0,0.0,-1.0,76061205.0,1144270.0,analytical-model,0.00031622776601683794,opnorm-v1-heisenberg-open-trotter-p4,heisenberg_chain,affine-aN-plus-b,9.4956618452,4.0,12.0,4.0,12.0,True,True,formula,0.1.0,3.11.9,2.5.0,b58b31db18364511c43757e27fffc7abce8df2c1,True,ok,,
1.0,heisenberg_chain:N036,-2.5,commutator,2428.0,,,2.0,a8fa234e-a646-4911-8402-a67c302db4ae,2026-08-12T00:11:58.358108+00:00,c1ad72de628f71283ac69037e9bbe97c3e773952f5abde5eac91397ca322d1a6,resource-grid,heisenberg_chain,Heisenberg-36,"{""coupling"":1.0,""field_z"":0.3}",36,36.0,proportional,1.0,0.0031622776601683794,115.7999999999999,141,trotter-p6,trotter,Trotter p=6,analytical,analytical,6.0,,,,,,2428.0,,,,,,,,,,,,,,,,,,,,,,,,,,,,,,commuting,3.0,0.002839358497519682,7423262.513876497,schubert-mendl-commutator,"Schubert and Mendl, arXiv:2306.10603",Theorem 1,"{""prefactor"":7423262.513876497}",True,implemented-product-formula,True,,"[""the resolved ordered Hamiltonian groups match the implemented formula""]",,,,,,,implemented-product-formula,True,True,0.0028460498941515417,,,,,,,,,,,,,,,,,,,1.0,none,0.0,system register,1.0,36.0,13900300.0,0.0,-1.0,1556833600.0,20702575.0,analytical-model,0.00031622776601683794,,,,,,,,,,,,0.1.0,3.11.9,2.5.0,b58b31db18364511c43757e27fffc7abce8df2c1,True,ok,,
1.0,heisenberg_chain:N036,-2.5,empirical,216.0,,,2.0,a8fa234e-a646-4911-8402-a67c302db4ae,2026-08-12T00:11:58.358108+00:00,c1ad72de628f71283ac69037e9bbe97c3e773952f5abde5eac91397ca322d1a6,resource-grid,heisenberg_chain,Heisenberg-36,"{""coupling"":1.0,""field_z"":0.3}",36,36.0,proportional,1.0,0.0031622776601683794,115.7999999999999,141,trotter-p6-empirical,trotter,Trotter p=6 [empirical],empirical-operator-norm,empirical,6.0,,,,,,216.0,,,,,,,,,,,,,,,,,,,,,,,,,,,,,,commuting,3.0,0.0001064120947530859,0.13791007479999998,empirical-operator-norm,Repository empirical operator-norm calibration study v1 (2026-08-10),reviewed calibration opnorm-v1-heisenberg-open-trotter-p6; artifact docs/calibration_data/empirical_1d_v1_accepted.json,"{""prefactor"":0.13791007479999998}",False,implemented-product-formula,False,,"[""the resolved ordered Hamiltonian groups match the implemented formula"",""the fixed formal-order powers in time and segments apply"",""the reviewed affine size calibration extrapolates as flagged""]",,,,,,,implemented-product-formula,False,False,0.0028460498941515417,,,,,,,,,,,,,,,,,,,1.0,none,0.0,system register,1.0,36.0,1236600.0,0.0,-1.0,124896600.0,1841745.0,analytical-model,0.00031622776601683794,opnorm-v1-heisenberg-open-trotter-p6,heisenberg_chain,affine-aN-plus-b,0.13791007479999998,4.0,12.0,4.0,12.0,True,True,asymptotic-domain,0.1.0,3.11.9,2.5.0,b58b31db18364511c43757e27fffc7abce8df2c1,True,ok,,
1.0,heisenberg_chain:N036,-2.5,jacobi-anger,,,,2.0,a8fa234e-a646-4911-8402-a67c302db4ae,2026-08-12T00:11:58.358108+00:00,c1ad72de628f71283ac69037e9bbe97c3e773952f5abde5eac91397ca322d1a6,resource-grid,heisenberg_chain,Heisenberg-36,"{""coupling"":1.0,""field_z"":0.3}",36,36.0,proportional,1.0,0.0031622776601683794,115.7999999999999,141,qsvt,qsvt,QSVT,jacobi-anger-rigorous,analytical,,,,,,,,,,,,,,,,,,,,,,,,,,,,,,,,,,,34023.0,5671.0,,,0.0004104616791912007,,jacobi-anger-polynomial-oaa,"Martyn et al., arXiv:2105.02859, Eqs. (76)--(77)",Jacobi--Anger tails plus exact cubic OAA identity,"{""oaa-unitarity-defect-distortion"":0.00020526242180709132,""scaled-polynomial-error"":0.0002051992573841094}",True,ideal-qsvt-oaa-good-block,True,,"[""the cosine and sine polynomials are implemented exactly"",""the unamplified good block is exactly Q/2""]",,,,,,,implemented-qsvt-floating-phase-circuit,False,False,0.0028460498941515417,,,,,,,,,,,,,,,,,,,2.0,one robust OAA round,1.0,"component, quadrature, and index registers all-zero",,54.0,17419788.0,38990484.0,-1.0,2124397980.0,259596246.0,analytical-model,0.00031622776601683794,,,,,,,,,,,,0.1.0,3.11.9,2.5.0,b58b31db18364511c43757e27fffc7abce8df2c1,True,ok,,
1.0,heisenberg_chain:N036,-2.5,empirical,,8.0,36.0,2.0,a8fa234e-a646-4911-8402-a67c302db4ae,2026-08-12T00:11:58.358108+00:00,c1ad72de628f71283ac69037e9bbe97c3e773952f5abde5eac91397ca322d1a6,resource-grid,heisenberg_chain,Heisenberg-36,"{""coupling"":1.0,""field_z"":0.3}",36,36.0,proportional,1.0,0.0031622776601683794,115.7999999999999,141,mpf-j-mizuta2026-theorem6-empirical-operator-norm,multiproduct,MPF J=Mizuta Theorem 6 (resolved per point) [empirical operator norm],empirical-operator-norm,empirical,,8.0,16.0,mizuta2026-theorem6,6.300000000000004,0.0028460498941515417,36.0,,,,[],,,,,,,,,,,,,,,[],,,,,,,empirical-operator-norm,[],6588.0,,,,3.7043639999999936e-06,1.0289900000000001e-07,empirical-operator-norm,Repository empirical operator-norm calibration study v1 (2026-08-10),reviewed calibration opnorm-v1-heisenberg-open-mpf-new-m8; fixed formal powers,"{""empirical_coefficient"":1.0289900000000001e-07}",False,ideal-mpf,False,ordered individual Pauli terms,"[""the fixed formal-order powers in time and segments apply"",""the empirical estimate concerns the repeated ideal MPF operator"",""the reviewed affine size calibration extrapolates as flagged""]",,0.0,0.0,False,False,{},repeated-shared-ancilla-good-block,False,False,0.0028460498941515417,new,"[1,2,3,4,5,6,11,29]","[-3.280633240950701e-11,1.38314223008236e-06,-0.00042434045620952707,0.013663236344294543,-0.0975962105352182,0.17214651362521294,-0.39147182230350597,1.3036812402160025]",1.9789847466554802,0.021015253344519813,61.0,registered-exact,True,8.0,4.0,2.0,5.0,10.0,6.0,6.0,3.0,2.0,3.0,2.0,one robust OAA round per segment,36.0,branch register all-zero,,43.0,3705696.0,3816.0,-1.0,392819040.0,6486137.0,analytical-model,0.00031622776601683794,opnorm-v1-heisenberg-open-mpf-new-m8,heisenberg_chain,affine-aN-plus-b,1.0289900000000001e-07,4.0,8.0,4.0,12.0,True,True,asymptotic-domain,0.1.0,3.11.9,2.5.0,b58b31db18364511c43757e27fffc7abce8df2c1,True,ok,,
1.0,heisenberg_chain:N036,-2.5,commutator,,8.0,36415.0,2.0,a8fa234e-a646-4911-8402-a67c302db4ae,2026-08-12T00:11:58.358108+00:00,c1ad72de628f71283ac69037e9bbe97c3e773952f5abde5eac91397ca322d1a6,resource-grid,heisenberg_chain,Heisenberg-36,"{""coupling"":1.0,""field_z"":0.3}",36,36.0,proportional,1.0,0.0031622776601683794,115.7999999999999,141,mpf-j-mizuta2026-theorem6-mizuta2026-commutator-ideal-rigorous,multiproduct,MPF J=Mizuta Theorem 6 (resolved per point) [Mizuta 2026 refined commutator],mizuta2026-commutator-ideal-rigorous,analytical,,8.0,16.0,mizuta2026-theorem6,6.300000000000004,0.0028460498941515417,36415.0,36415.0,,24903.0,"[""error""]",172.93668842635742,16.0,,,7.790909014290063e-08,3.2056311585416812e-25,1.5933661052982198e-36,3.2056311585257473e-25,3.2056311585416812e-25,7.790909014290065e-08,0.0028451196307035867,1.5434979032695905e-05,False,0.0014456157468659917,"[1.0000000000000002,1.0000000000000002,1.0000000000000002,1.0000000000000002,1.0000000000000002,1.0000000000000002,1.0000000000000002,1.0000000000000002,1.0000000000000002,1.0000000000000002,1.0000000000000002,1.0000000000000002,1.0000000000000002,1.0000000000000002,1.0000000000000002,1.0000000000000002,1.0000000000000002,1.0000000000000002,1.0000000000000002,1.0000000000000002,1.0000000000000002,1.0000000000000002,1.0000000000000002,1.0000000000000002,1.0000000000000002,1.0000000000000002,1.0000000000000002,1.0000000000000002,1.0000000000000002,1.0000000000000002,1.0000000000000002,1.0000000000000002,1.0000000000000002,1.0000000000000002,1.0000000000000002,1.0000000000000002,1.0000000000000002,1.0000000000000002,1.0000000000000002,1.0000000000000002,1.0000000000000002,1.0000000000000002,1.0000000000000002,1.0000000000000002,1.0000000000000002,1.0000000000000002,1.0000000000000002,1.0000000000000002,1.0000000000000002,1.0000000000000002,1.0000000000000002,1.0000000000000002,1.0000000000000002,1.0000000000000002,1.0000000000000002,1.0000000000000002,1.0000000000000002,1.0000000000000002,1.0000000000000002,1.0000000000000002,1.0000000000000002,1.0000000000000002,1.0000000000000002,1.0000000000000002,1.0000000000000002,1.0000000000000002,1.0000000000000002,1.0000000000000002,1.0000000000000002,1.0000000000000002,1.0000000000000002,1.0000000000000002,1.0000000000000002,1.0000000000000002,1.0000000000000002,1.0000000000000002,1.0000000000000002,1.0000000000000002,1.0000000000000002,1.0000000000000002,1.0000000000000002,1.0000000000000002,1.0000000000000002,1.0000000000000002,1.0000000000000002,1.0000000000000002,1.0000000000000002,1.0000000000000002,1.0000000000000002,1.0000000000000002,1.0000000000000002,1.0000000000000002,1.0000000000000002,1.0000000000000002,1.0000000000000002,1.0000000000000002,1.0000000000000002,1.0000000000000002,1.0000000000000002,1.0000000000000002,1.0000000000000002,1.0000000000000002,1.0000000000000002,1.0000000000000002,1.0000000000000002,1.0000000000000002,1.0000000000000002,1.0000000000000002,1.0000000000000002,1.0000000000000002,1.0000000000000002,1.0000000000000002,1.0000000000000002,1.0000000000000002,1.0000000000000002,1.0000000000000002,1.0000000000000002,1.0000000000000002,1.0000000000000002,1.0000000000000002,1.0000000000000002,1.0000000000000002,1.0000000000000002,1.0000000000000002,1.0000000000000002,1.0000000000000002,1.0000000000000002,1.0000000000000002,1.0000000000000002,1.0000000000000002,1.0000000000000002,1.0000000000000002,1.0000000000000002,1.0000000000000002,1.0000000000000002,1.0000000000000002,1.0000000000000002,1.0000000000000002,1.0000000000000002,1.0000000000000002,1.0000000000000002]",6.300000000000007,4.0,True,exact commutator transition cap reached; locality bound used,not-used,commutator,mizuta2026-commutator-ideal-rigorous,[],6663945.0,,,,0.0028451196307035867,9.466969160902498e+43,mizuta2026-commutator-ideal-rigorous,"Mizuta, Quantum 10, 1974 (2026), arXiv:2507.06557v4","Theorem 4, Eqs. (47)--(49), with direct Lemmas 9--10 BCH remainder","{""error_predicate_satisfied"":1.0,""extensiveness_g"":6.300000000000004,""joint_predicate_satisfied"":1.0,""legacy_first_condition_passed"":0.0,""legacy_first_time_limit"":1.5434979032695905e-05,""local_commutator_error"":7.790909014290063e-08,""local_step_error"":7.790909014290065e-08,""local_truncated_bch_error"":3.2056311585416812e-25,""locality_k"":2.0,""mu_upper"":172.93668842635742,""refined_lemma10_remainder"":3.2056311585257473e-25,""refined_lemma9_remainder"":1.5933661052982198e-36,""refined_tail_fallback"":0.0,""repeated_global_error"":0.0028451196307035867,""schedule_weighted_extensiveness"":6.300000000000007,""second_time_limit"":0.0014456157468659917,""time_2_predicate_satisfied"":1.0,""total_branchwise_bch_remainder"":3.2056311585416812e-25,""truncation_order_p0"":16.0}",True,ideal-mpf,True,ordered individual Pauli terms,"[""individual Pauli summands define the ordered H_gamma decomposition"",""the actual Strang factors define schedule-weighted g_alpha extensiveness"",""Lemma 9 and Lemma 10 positive majorants directly certify the BCH remainder"",""the scalar-flow/Cauchy refined tail certificate is used"",""Theorem 4 second time hypothesis is satisfied"",""the repeated ideal MPF is composed with the Eq. (15) telescoping argument""]","exact Pauli recurrence would require 286794 transitions at order 5, above cap 250000; remaining orders use Mizuta 2026 Eq. (8)",16.0,4.0,True,True,"{""2"":984.0000000000011,""3"":16022.400000000034,""4"":245702.40000000078,""5"":2195110843.2691236,""6"":276583966251.9093,""7"":41819495697289.1,""8"":7376959041001784.0,""9"":1.487194942665952e+18,""10"":3.3729581299663746e+20,""11"":8.499854487515272e+22,""12"":2.356159663939246e+25,""13"":7.125026823752314e+27,""14"":2.3341587874612483e+30,""15"":8.234912202163285e+32,""16"":3.1127968124177332e+35}",repeated-shared-ancilla-good-block,True,False,0.0028460498941515417,new,"[1,2,3,4,5,6,11,29]","[-3.280633240950701e-11,1.38314223008236e-06,-0.00042434045620952707,0.013663236344294543,-0.0975962105352182,0.17214651362521294,-0.39147182230350597,1.3036812402160025]",1.9789847466554802,0.021015253344519813,61.0,registered-exact,True,8.0,4.0,2.0,5.0,10.0,6.0,6.0,3.0,2.0,3.0,2.0,one robust OAA round per segment,36415.0,branch register all-zero,,43.0,3748414440.0,3859990.0,-1.0,509799803800.0,6560906821.0,analytical-model,0.00031622776601683794,,,,,,,,,,,,0.1.0,3.11.9,2.5.0,b58b31db18364511c43757e27fffc7abce8df2c1,True,ok,,
1.0,heisenberg_chain:N036,-2.6,commutator,92301.0,,,2.0,a8fa234e-a646-4911-8402-a67c302db4ae,2026-08-12T00:11:58.358108+00:00,c1ad72de628f71283ac69037e9bbe97c3e773952f5abde5eac91397ca322d1a6,resource-grid,heisenberg_chain,Heisenberg-36,"{""coupling"":1.0,""field_z"":0.3}",36,36.0,proportional,1.0,0.0025118864315095794,115.7999999999999,141,trotter-p2,trotter,Trotter p=2,analytical,analytical,2.0,,,,,,92301.0,,,,,,,,,,,,,,,,,,,,,,,,,,,,,,individual,141.0,0.0022606554631595895,412.80000000000024,childs-commutator,"Childs, Su, Tran, Wiebe, and Zhu, arXiv:1912.08854",Propositions 9--10,"{""prefactor"":412.80000000000024}",True,implemented-product-formula,True,,"[""the resolved ordered Hamiltonian groups match the implemented formula""]",,,,,,,implemented-product-formula,True,True,0.0022606977883586218,,,,,,,,,,,,,,,,,,,1.0,none,0.0,system register,1.0,36.0,25936581.0,0.0,-1.0,2982706815.0,38628951.0,analytical-model,0.00025118864315095795,,,,,,,,,,,,0.1.0,3.11.9,2.5.0,b58b31db18364511c43757e27fffc7abce8df2c1,True,ok,,
1.0,heisenberg_chain:N036,-2.6,empirical,28188.0,,,2.0,a8fa234e-a646-4911-8402-a67c302db4ae,2026-08-12T00:11:58.358108+00:00,c1ad72de628f71283ac69037e9bbe97c3e773952f5abde5eac91397ca322d1a6,resource-grid,heisenberg_chain,Heisenberg-36,"{""coupling"":1.0,""field_z"":0.3}",36,36.0,proportional,1.0,0.0025118864315095794,115.7999999999999,141,trotter-p2-empirical,trotter,Trotter p=2 [empirical],empirical-operator-norm,empirical,2.0,,,,,,28188.0,,,,,,,,,,,,,,,,,,,,,,,,,,,,,,individual,141.0,0.002260624517438089,38.4990006881,empirical-operator-norm,Repository empirical operator-norm calibration study v1 (2026-08-10),reviewed calibration opnorm-v1-heisenberg-open-trotter-p2; artifact docs/calibration_data/empirical_1d_v1_accepted.json,"{""prefactor"":38.4990006881}",False,implemented-product-formula,False,,"[""the resolved ordered Hamiltonian groups match the implemented formula"",""the fixed formal-order powers in time and segments apply"",""the reviewed affine size calibration extrapolates as flagged""]",,,,,,,implemented-product-formula,False,False,0.0022606977883586218,,,,,,,,,,,,,,,,,,,1.0,none,0.0,system register,1.0,36.0,7920828.0,0.0,-1.0,871291080.0,11796978.0,analytical-model,0.00025118864315095795,opnorm-v1-heisenberg-open-trotter-p2,heisenberg_chain,affine-aN-plus-b,38.4990006881,4.0,12.0,4.0,12.0,True,True,formula,0.1.0,3.11.9,2.5.0,b58b31db18364511c43757e27fffc7abce8df2c1,True,ok,,
1.0,heisenberg_chain:N036,-2.6,commutator,4725.0,,,2.0,a8fa234e-a646-4911-8402-a67c302db4ae,2026-08-12T00:11:58.358108+00:00,c1ad72de628f71283ac69037e9bbe97c3e773952f5abde5eac91397ca322d1a6,resource-grid,heisenberg_chain,Heisenberg-36,"{""coupling"":1.0,""field_z"":0.3}",36,36.0,proportional,1.0,0.0025118864315095794,115.7999999999999,141,trotter-p4,trotter,Trotter p=4,analytical,analytical,4.0,,,,,,4725.0,,,,,,,,,,,,,,,,,,,,,,,,,,,,,,commuting,3.0,0.002260165700024427,18630.95116112817,schubert-mendl-commutator,"Schubert and Mendl, arXiv:2306.10603",Theorem 1,"{""prefactor"":18630.95116112817}",True,implemented-product-formula,True,,"[""the resolved ordered Hamiltonian groups match the implemented formula""]",,,,,,,implemented-product-formula,True,True,0.0022606977883586218,,,,,,,,,,,,,,,,,,,1.0,none,0.0,system register,1.0,36.0,5410125.0,0.0,-1.0,589703625.0,8057633.0,analytical-model,0.00025118864315095795,,,,,,,,,,,,0.1.0,3.11.9,2.5.0,b58b31db18364511c43757e27fffc7abce8df2c1,True,ok,,
1.0,heisenberg_chain:N036,-2.6,empirical,710.0,,,2.0,a8fa234e-a646-4911-8402-a67c302db4ae,2026-08-12T00:11:58.358108+00:00,c1ad72de628f71283ac69037e9bbe97c3e773952f5abde5eac91397ca322d1a6,resource-grid,heisenberg_chain,Heisenberg-36,"{""coupling"":1.0,""field_z"":0.3}",36,36.0,proportional,1.0,0.0025118864315095794,115.7999999999999,141,trotter-p4-empirical,trotter,Trotter p=4 [empirical],empirical-operator-norm,empirical,4.0,,,,,,710.0,,,,,,,,,,,,,,,,,,,,,,,,,,,,,,commuting,3.0,0.0022594583977673384,9.4956618452,empirical-operator-norm,Repository empirical operator-norm calibration study v1 (2026-08-10),reviewed calibration opnorm-v1-heisenberg-open-trotter-p4; artifact docs/calibration_data/empirical_1d_v1_accepted.json,"{""prefactor"":9.4956618452}",False,implemented-product-formula,False,,"[""the resolved ordered Hamiltonian groups match the implemented formula"",""the fixed formal-order powers in time and segments apply"",""the reviewed affine size calibration extrapolates as flagged""]",,,,,,,implemented-product-formula,False,False,0.0022606977883586218,,,,,,,,,,,,,,,,,,,1.0,none,0.0,system register,1.0,36.0,812950.0,0.0,-1.0,81295000.0,1210777.0,analytical-model,0.00025118864315095795,opnorm-v1-heisenberg-open-trotter-p4,heisenberg_chain,affine-aN-plus-b,9.4956618452,4.0,12.0,4.0,12.0,True,True,formula,0.1.0,3.11.9,2.5.0,b58b31db18364511c43757e27fffc7abce8df2c1,True,ok,,
1.0,heisenberg_chain:N036,-2.6,commutator,2522.0,,,2.0,a8fa234e-a646-4911-8402-a67c302db4ae,2026-08-12T00:11:58.358108+00:00,c1ad72de628f71283ac69037e9bbe97c3e773952f5abde5eac91397ca322d1a6,resource-grid,heisenberg_chain,Heisenberg-36,"{""coupling"":1.0,""field_z"":0.3}",36,36.0,proportional,1.0,0.0025118864315095794,115.7999999999999,141,trotter-p6,trotter,Trotter p=6,analytical,analytical,6.0,,,,,,2522.0,,,,,,,,,,,,,,,,,,,,,,,,,,,,,,commuting,3.0,0.002260694256903741,7423262.513876497,schubert-mendl-commutator,"Schubert and Mendl, arXiv:2306.10603",Theorem 1,"{""prefactor"":7423262.513876497}",True,implemented-product-formula,True,,"[""the resolved ordered Hamiltonian groups match the implemented formula""]",,,,,,,implemented-product-formula,True,True,0.0022606977883586218,,,,,,,,,,,,,,,,,,,1.0,none,0.0,system register,1.0,36.0,14438450.0,0.0,-1.0,1631544850.0,21504075.0,analytical-model,0.00025118864315095795,,,,,,,,,,,,0.1.0,3.11.9,2.5.0,b58b31db18364511c43757e27fffc7abce8df2c1,True,ok,,
1.0,heisenberg_chain:N036,-2.6,empirical,216.0,,,2.0,a8fa234e-a646-4911-8402-a67c302db4ae,2026-08-12T00:11:58.358108+00:00,c1ad72de628f71283ac69037e9bbe97c3e773952f5abde5eac91397ca322d1a6,resource-grid,heisenberg_chain,Heisenberg-36,"{""coupling"":1.0,""field_z"":0.3}",36,36.0,proportional,1.0,0.0025118864315095794,115.7999999999999,141,trotter-p6-empirical,trotter,Trotter p=6 [empirical],empirical-operator-norm,empirical,6.0,,,,,,216.0,,,,,,,,,,,,,,,,,,,,,,,,,,,,,,commuting,3.0,0.0001064120947530859,0.13791007479999998,empirical-operator-norm,Repository empirical operator-norm calibration study v1 (2026-08-10),reviewed calibration opnorm-v1-heisenberg-open-trotter-p6; artifact docs/calibration_data/empirical_1d_v1_accepted.json,"{""prefactor"":0.13791007479999998}",False,implemented-product-formula,False,,"[""the resolved ordered Hamiltonian groups match the implemented formula"",""the fixed formal-order powers in time and segments apply"",""the reviewed affine size calibration extrapolates as flagged""]",,,,,,,implemented-product-formula,False,False,0.0022606977883586218,,,,,,,,,,,,,,,,,,,1.0,none,0.0,system register,1.0,36.0,1236600.0,0.0,-1.0,126133200.0,1841745.0,analytical-model,0.00025118864315095795,opnorm-v1-heisenberg-open-trotter-p6,heisenberg_chain,affine-aN-plus-b,0.13791007479999998,4.0,12.0,4.0,12.0,True,True,asymptotic-domain,0.1.0,3.11.9,2.5.0,b58b31db18364511c43757e27fffc7abce8df2c1,True,ok,,
1.0,heisenberg_chain:N036,-2.6,jacobi-anger,,,,2.0,a8fa234e-a646-4911-8402-a67c302db4ae,2026-08-12T00:11:58.358108+00:00,c1ad72de628f71283ac69037e9bbe97c3e773952f5abde5eac91397ca322d1a6,resource-grid,heisenberg_chain,Heisenberg-36,"{""coupling"":1.0,""field_z"":0.3}",36,36.0,proportional,1.0,0.0025118864315095794,115.7999999999999,141,qsvt,qsvt,QSVT,jacobi-anger-rigorous,analytical,,,,,,,,,,,,,,,,,,,,,,,,,,,,,,,,,,,34023.0,5671.0,,,0.00034540718556192444,,jacobi-anger-polynomial-oaa,"Martyn et al., arXiv:2105.02859, Eqs. (76)--(77)",Jacobi--Anger tails plus exact cubic OAA identity,"{""oaa-unitarity-defect-distortion"":0.00017272595817296866,""scaled-polynomial-error"":0.00017268122738895578}",True,ideal-qsvt-oaa-good-block,True,,"[""the cosine and sine polynomials are implemented exactly"",""the unamplified good block is exactly Q/2""]",,,,,,,implemented-qsvt-floating-phase-circuit,False,False,0.0022606977883586218,,,,,,,,,,,,,,,,,,,2.0,one robust OAA round,1.0,"component, quadrature, and index registers all-zero",,54.0,17419788.0,38990484.0,-1.0,2141817768.0,259596246.0,analytical-model,0.00025118864315095795,,,,,,,,,,,,0.1.0,3.11.9,2.5.0,b58b31db18364511c43757e27fffc7abce8df2c1,True,ok,,
1.0,heisenberg_chain:N036,-2.6,empirical,,8.0,36.0,2.0,a8fa234e-a646-4911-8402-a67c302db4ae,2026-08-12T00:11:58.358108+00:00,c1ad72de628f71283ac69037e9bbe97c3e773952f5abde5eac91397ca322d1a6,resource-grid,heisenberg_chain,Heisenberg-36,"{""coupling"":1.0,""field_z"":0.3}",36,36.0,proportional,1.0,0.0025118864315095794,115.7999999999999,141,mpf-j-mizuta2026-theorem6-empirical-operator-norm,multiproduct,MPF J=Mizuta Theorem 6 (resolved per point) [empirical operator norm],empirical-operator-norm,empirical,,8.0,16.0,mizuta2026-theorem6,6.300000000000004,0.0022606977883586218,36.0,,,,[],,,,,,,,,,,,,,,[],,,,,,,empirical-operator-norm,[],6588.0,,,,3.7043639999999936e-06,1.0289900000000001e-07,empirical-operator-norm,Repository empirical operator-norm calibration study v1 (2026-08-10),reviewed calibration opnorm-v1-heisenberg-open-mpf-new-m8; fixed formal powers,"{""empirical_coefficient"":1.0289900000000001e-07}",False,ideal-mpf,False,ordered individual Pauli terms,"[""the fixed formal-order powers in time and segments apply"",""the empirical estimate concerns the repeated ideal MPF operator"",""the reviewed affine size calibration extrapolates as flagged""]",,0.0,0.0,False,False,{},repeated-shared-ancilla-good-block,False,False,0.0022606977883586218,new,"[1,2,3,4,5,6,11,29]","[-3.280633240950701e-11,1.38314223008236e-06,-0.00042434045620952707,0.013663236344294543,-0.0975962105352182,0.17214651362521294,-0.39147182230350597,1.3036812402160025]",1.9789847466554802,0.021015253344519813,61.0,registered-exact,True,8.0,4.0,2.0,5.0,10.0,6.0,6.0,3.0,2.0,3.0,2.0,one robust OAA round per segment,36.0,branch register all-zero,,43.0,3705696.0,3816.0,-1.0,396524736.0,6486137.0,analytical-model,0.00025118864315095795,opnorm-v1-heisenberg-open-mpf-new-m8,heisenberg_chain,affine-aN-plus-b,1.0289900000000001e-07,4.0,8.0,4.0,12.0,True,True,asymptotic-domain,0.1.0,3.11.9,2.5.0,b58b31db18364511c43757e27fffc7abce8df2c1,True,ok,,
1.0,heisenberg_chain:N036,-2.6,commutator,,8.0,36941.0,2.0,a8fa234e-a646-4911-8402-a67c302db4ae,2026-08-12T00:11:58.358108+00:00,c1ad72de628f71283ac69037e9bbe97c3e773952f5abde5eac91397ca322d1a6,resource-grid,heisenberg_chain,Heisenberg-36,"{""coupling"":1.0,""field_z"":0.3}",36,36.0,proportional,1.0,0.0025118864315095794,115.7999999999999,141,mpf-j-mizuta2026-theorem6-mizuta2026-commutator-ideal-rigorous,multiproduct,MPF J=Mizuta Theorem 6 (resolved per point) [Mizuta 2026 refined commutator],mizuta2026-commutator-ideal-rigorous,analytical,,8.0,16.0,mizuta2026-theorem6,6.300000000000004,0.0022606977883586218,36941.0,36941.0,,24903.0,"[""error""]",172.93668842635742,16.0,,,6.105292346008427e-08,2.508172145143752e-25,1.2482840896168201e-36,2.508172145131269e-25,2.508172145143752e-25,6.105292346008428e-08,0.0022604482786651235,1.5434979032695905e-05,False,0.0014456157468659917,"[1.0000000000000002,1.0000000000000002,1.0000000000000002,1.0000000000000002,1.0000000000000002,1.0000000000000002,1.0000000000000002,1.0000000000000002,1.0000000000000002,1.0000000000000002,1.0000000000000002,1.0000000000000002,1.0000000000000002,1.0000000000000002,1.0000000000000002,1.0000000000000002,1.0000000000000002,1.0000000000000002,1.0000000000000002,1.0000000000000002,1.0000000000000002,1.0000000000000002,1.0000000000000002,1.0000000000000002,1.0000000000000002,1.0000000000000002,1.0000000000000002,1.0000000000000002,1.0000000000000002,1.0000000000000002,1.0000000000000002,1.0000000000000002,1.0000000000000002,1.0000000000000002,1.0000000000000002,1.0000000000000002,1.0000000000000002,1.0000000000000002,1.0000000000000002,1.0000000000000002,1.0000000000000002,1.0000000000000002,1.0000000000000002,1.0000000000000002,1.0000000000000002,1.0000000000000002,1.0000000000000002,1.0000000000000002,1.0000000000000002,1.0000000000000002,1.0000000000000002,1.0000000000000002,1.0000000000000002,1.0000000000000002,1.0000000000000002,1.0000000000000002,1.0000000000000002,1.0000000000000002,1.0000000000000002,1.0000000000000002,1.0000000000000002,1.0000000000000002,1.0000000000000002,1.0000000000000002,1.0000000000000002,1.0000000000000002,1.0000000000000002,1.0000000000000002,1.0000000000000002,1.0000000000000002,1.0000000000000002,1.0000000000000002,1.0000000000000002,1.0000000000000002,1.0000000000000002,1.0000000000000002,1.0000000000000002,1.0000000000000002,1.0000000000000002,1.0000000000000002,1.0000000000000002,1.0000000000000002,1.0000000000000002,1.0000000000000002,1.0000000000000002,1.0000000000000002,1.0000000000000002,1.0000000000000002,1.0000000000000002,1.0000000000000002,1.0000000000000002,1.0000000000000002,1.0000000000000002,1.0000000000000002,1.0000000000000002,1.0000000000000002,1.0000000000000002,1.0000000000000002,1.0000000000000002,1.0000000000000002,1.0000000000000002,1.0000000000000002,1.0000000000000002,1.0000000000000002,1.0000000000000002,1.0000000000000002,1.0000000000000002,1.0000000000000002,1.0000000000000002,1.0000000000000002,1.0000000000000002,1.0000000000000002,1.0000000000000002,1.0000000000000002,1.0000000000000002,1.0000000000000002,1.0000000000000002,1.0000000000000002,1.0000000000000002,1.0000000000000002,1.0000000000000002,1.0000000000000002,1.0000000000000002,1.0000000000000002,1.0000000000000002,1.0000000000000002,1.0000000000000002,1.0000000000000002,1.0000000000000002,1.0000000000000002,1.0000000000000002,1.0000000000000002,1.0000000000000002,1.0000000000000002,1.0000000000000002,1.0000000000000002,1.0000000000000002,1.0000000000000002,1.0000000000000002,1.0000000000000002,1.0000000000000002]",6.300000000000007,4.0,True,exact commutator transition cap reached; locality bound used,not-used,commutator,mizuta2026-commutator-ideal-rigorous,[],6760203.0,,,,0.0022604482786651235,9.466969160902498e+43,mizuta2026-commutator-ideal-rigorous,"Mizuta, Quantum 10, 1974 (2026), arXiv:2507.06557v4","Theorem 4, Eqs. (47)--(49), with direct Lemmas 9--10 BCH remainder","{""error_predicate_satisfied"":1.0,""extensiveness_g"":6.300000000000004,""joint_predicate_satisfied"":1.0,""legacy_first_condition_passed"":0.0,""legacy_first_time_limit"":1.5434979032695905e-05,""local_commutator_error"":6.105292346008427e-08,""local_step_error"":6.105292346008428e-08,""local_truncated_bch_error"":2.508172145143752e-25,""locality_k"":2.0,""mu_upper"":172.93668842635742,""refined_lemma10_remainder"":2.508172145131269e-25,""refined_lemma9_remainder"":1.2482840896168201e-36,""refined_tail_fallback"":0.0,""repeated_global_error"":0.0022604482786651235,""schedule_weighted_extensiveness"":6.300000000000007,""second_time_limit"":0.0014456157468659917,""time_2_predicate_satisfied"":1.0,""total_branchwise_bch_remainder"":2.508172145143752e-25,""truncation_order_p0"":16.0}",True,ideal-mpf,True,ordered individual Pauli terms,"[""individual Pauli summands define the ordered H_gamma decomposition"",""the actual Strang factors define schedule-weighted g_alpha extensiveness"",""Lemma 9 and Lemma 10 positive majorants directly certify the BCH remainder"",""the scalar-flow/Cauchy refined tail certificate is used"",""Theorem 4 second time hypothesis is satisfied"",""the repeated ideal MPF is composed with the Eq. (15) telescoping argument""]","exact Pauli recurrence would require 286794 transitions at order 5, above cap 250000; remaining orders use Mizuta 2026 Eq. (8)",16.0,4.0,True,True,"{""2"":984.0000000000011,""3"":16022.400000000034,""4"":245702.40000000078,""5"":2195110843.2691236,""6"":276583966251.9093,""7"":41819495697289.1,""8"":7376959041001784.0,""9"":1.487194942665952e+18,""10"":3.3729581299663746e+20,""11"":8.499854487515272e+22,""12"":2.356159663939246e+25,""13"":7.125026823752314e+27,""14"":2.3341587874612483e+30,""15"":8.234912202163285e+32,""16"":3.1127968124177332e+35}",repeated-shared-ancilla-good-block,True,False,0.0022606977883586218,new,"[1,2,3,4,5,6,11,29]","[-3.280633240950701e-11,1.38314223008236e-06,-0.00042434045620952707,0.013663236344294543,-0.0975962105352182,0.17214651362521294,-0.39147182230350597,1.3036812402160025]",1.9789847466554802,0.021015253344519813,61.0,registered-exact,True,8.0,4.0,2.0,5.0,10.0,6.0,6.0,3.0,2.0,3.0,2.0,one robust OAA round per segment,36941.0,branch register all-zero,,43.0,3802558776.0,3915746.0,-1.0,520966215296.0,6655676476.0,analytical-model,0.00025118864315095795,,,,,,,,,,,,0.1.0,3.11.9,2.5.0,b58b31db18364511c43757e27fffc7abce8df2c1,True,ok,,
1.0,heisenberg_chain:N036,-2.7,commutator,103563.0,,,2.0,a8fa234e-a646-4911-8402-a67c302db4ae,2026-08-12T00:11:58.358108+00:00,c1ad72de628f71283ac69037e9bbe97c3e773952f5abde5eac91397ca322d1a6,resource-grid,heisenberg_chain,Heisenberg-36,"{""coupling"":1.0,""field_z"":0.3}",36,36.0,proportional,1.0,0.001995262314968879,115.7999999999999,141,trotter-p2,trotter,Trotter p=2,analytical,analytical,2.0,,,,,,103563.0,,,,,,,,,,,,,,,,,,,,,,,,,,,,,,individual,141.0,0.001795717213901086,412.80000000000024,childs-commutator,"Childs, Su, Tran, Wiebe, and Zhu, arXiv:1912.08854",Propositions 9--10,"{""prefactor"":412.80000000000024}",True,implemented-product-formula,True,,"[""the resolved ordered Hamiltonian groups match the implemented formula""]",,,,,,,implemented-product-formula,True,True,0.001795736083471991,,,,,,,,,,,,,,,,,,,1.0,none,0.0,system register,1.0,36.0,29101203.0,0.0,-1.0,3404840751.0,43342218.0,analytical-model,0.0001995262314968879,,,,,,,,,,,,0.1.0,3.11.9,2.5.0,b58b31db18364511c43757e27fffc7abce8df2c1,True,ok,,
1.0,heisenberg_chain:N036,-2.7,empirical,31627.0,,,2.0,a8fa234e-a646-4911-8402-a67c302db4ae,2026-08-12T00:11:58.358108+00:00,c1ad72de628f71283ac69037e9bbe97c3e773952f5abde5eac91397ca322d1a6,resource-grid,heisenberg_chain,Heisenberg-36,"{""coupling"":1.0,""field_z"":0.3}",36,36.0,proportional,1.0,0.001995262314968879,115.7999999999999,141,trotter-p2-empirical,trotter,Trotter p=2 [empirical],empirical-operator-norm,empirical,2.0,,,,,,31627.0,,,,,,,,,,,,,,,,,,,,,,,,,,,,,,individual,141.0,0.0017957296846290683,38.4990006881,empirical-operator-norm,Repository empirical operator-norm calibration study v1 (2026-08-10),reviewed calibration opnorm-v1-heisenberg-open-trotter-p2; artifact docs/calibration_data/empirical_1d_v1_accepted.json,"{""prefactor"":38.4990006881}",False,implemented-product-formula,False,,"[""the resolved ordered Hamiltonian groups match the implemented formula"",""the fixed formal-order powers in time and segments apply"",""the reviewed affine size calibration extrapolates as flagged""]",,,,,,,implemented-product-formula,False,False,0.001795736083471991,,,,,,,,,,,,,,,,,,,1.0,none,0.0,system register,1.0,36.0,8887187.0,0.0,-1.0,995364944.0,13236236.0,analytical-model,0.0001995262314968879,opnorm-v1-heisenberg-open-trotter-p2,heisenberg_chain,affine-aN-plus-b,38.4990006881,4.0,12.0,4.0,12.0,True,True,formula,0.1.0,3.11.9,2.5.0,b58b31db18364511c43757e27fffc7abce8df2c1,True,ok,,
1.0,heisenberg_chain:N036,-2.7,commutator,5005.0,,,2.0,a8fa234e-a646-4911-8402-a67c302db4ae,2026-08-12T00:11:58.358108+00:00,c1ad72de628f71283ac69037e9bbe97c3e773952f5abde5eac91397ca322d1a6,resource-grid,heisenberg_chain,Heisenberg-36,"{""coupling"":1.0,""field_z"":0.3}",36,36.0,proportional,1.0,0.001995262314968879,115.7999999999999,141,trotter-p4,trotter,Trotter p=4,analytical,analytical,4.0,,,,,,5005.0,,,,,,,,,,,,,,,,,,,,,,,,,,,,,,commuting,3.0,0.0017952759126409503,18630.95116112817,schubert-mendl-commutator,"Schubert and Mendl, arXiv:2306.10603",Theorem 1,"{""prefactor"":18630.95116112817}",True,implemented-product-formula,True,,"[""the resolved ordered Hamiltonian groups match the implemented formula""]",,,,,,,implemented-product-formula,True,True,0.001795736083471991,,,,,,,,,,,,,,,,,,,1.0,none,0.0,system register,1.0,36.0,5730725.0,0.0,-1.0,630379750.0,8535123.0,analytical-model,0.0001995262314968879,,,,,,,,,,,,0.1.0,3.11.9,2.5.0,b58b31db18364511c43757e27fffc7abce8df2c1,True,ok,,
1.0,heisenberg_chain:N036,-2.7,empirical,752.0,,,2.0,a8fa234e-a646-4911-8402-a67c302db4ae,2026-08-12T00:11:58.358108+00:00,c1ad72de628f71283ac69037e9bbe97c3e773952f5abde5eac91397ca322d1a6,resource-grid,heisenberg_chain,Heisenberg-36,"{""coupling"":1.0,""field_z"":0.3}",36,36.0,proportional,1.0,0.001995262314968879,115.7999999999999,141,trotter-p4-empirical,trotter,Trotter p=4 [empirical],empirical-operator-norm,empirical,4.0,,,,,,752.0,,,,,,,,,,,,,,,,,,,,,,,,,,,,,,commuting,3.0,0.001795421335870925,9.4956618452,empirical-operator-norm,Repository empirical operator-norm calibration study v1 (2026-08-10),reviewed calibration opnorm-v1-heisenberg-open-trotter-p4; artifact docs/calibration_data/empirical_1d_v1_accepted.json,"{""prefactor"":9.4956618452}",False,implemented-product-formula,False,,"[""the resolved ordered Hamiltonian groups match the implemented formula"",""the fixed formal-order powers in time and segments apply"",""the reviewed affine size calibration extrapolates as flagged""]",,,,,,,implemented-product-formula,False,False,0.001795736083471991,,,,,,,,,,,,,,,,,,,1.0,none,0.0,system register,1.0,36.0,861040.0,0.0,-1.0,87826080.0,1282400.0,analytical-model,0.0001995262314968879,opnorm-v1-heisenberg-open-trotter-p4,heisenberg_chain,affine-aN-plus-b,9.4956618452,4.0,12.0,4.0,12.0,True,True,formula,0.1.0,3.11.9,2.5.0,b58b31db18364511c43757e27fffc7abce8df2c1,True,ok,,
1.0,heisenberg_chain:N036,-2.7,commutator,2621.0,,,2.0,a8fa234e-a646-4911-8402-a67c302db4ae,2026-08-12T00:11:58.358108+00:00,c1ad72de628f71283ac69037e9bbe97c3e773952f5abde5eac91397ca322d1a6,resource-grid,heisenberg_chain,Heisenberg-36,"{""coupling"":1.0,""field_z"":0.3}",36,36.0,proportional,1.0,0.001995262314968879,115.7999999999999,141,trotter-p6,trotter,Trotter p=6,analytical,analytical,6.0,,,,,,2621.0,,,,,,,,,,,,,,,,,,,,,,,,,,,,,,commuting,3.0,0.001794362559185098,7423262.513876497,schubert-mendl-commutator,"Schubert and Mendl, arXiv:2306.10603",Theorem 1,"{""prefactor"":7423262.513876497}",True,implemented-product-formula,True,,"[""the resolved ordered Hamiltonian groups match the implemented formula""]",,,,,,,implemented-product-formula,True,True,0.001795736083471991,,,,,,,,,,,,,,,,,,,1.0,none,0.0,system register,1.0,36.0,15005225.0,0.0,-1.0,1710595650.0,22348208.0,analytical-model,0.0001995262314968879,,,,,,,,,,,,0.1.0,3.11.9,2.5.0,b58b31db18364511c43757e27fffc7abce8df2c1,True,ok,,
1.0,heisenberg_chain:N036,-2.7,empirical,216.0,,,2.0,a8fa234e-a646-4911-8402-a67c302db4ae,2026-08-12T00:11:58.358108+00:00,c1ad72de628f71283ac69037e9bbe97c3e773952f5abde5eac91397ca322d1a6,resource-grid,heisenberg_chain,Heisenberg-36,"{""coupling"":1.0,""field_z"":0.3}",36,36.0,proportional,1.0,0.001995262314968879,115.7999999999999,141,trotter-p6-empirical,trotter,Trotter p=6 [empirical],empirical-operator-norm,empirical,6.0,,,,,,216.0,,,,,,,,,,,,,,,,,,,,,,,,,,,,,,commuting,3.0,0.0001064120947530859,0.13791007479999998,empirical-operator-norm,Repository empirical operator-norm calibration study v1 (2026-08-10),reviewed calibration opnorm-v1-heisenberg-open-trotter-p6; artifact docs/calibration_data/empirical_1d_v1_accepted.json,"{""prefactor"":0.13791007479999998}",False,implemented-product-formula,False,,"[""the resolved ordered Hamiltonian groups match the implemented formula"",""the fixed formal-order powers in time and segments apply"",""the reviewed affine size calibration extrapolates as flagged""]",,,,,,,implemented-product-formula,False,False,0.001795736083471991,,,,,,,,,,,,,,,,,,,1.0,none,0.0,system register,1.0,36.0,1236600.0,0.0,-1.0,127369800.0,1841745.0,analytical-model,0.0001995262314968879,opnorm-v1-heisenberg-open-trotter-p6,heisenberg_chain,affine-aN-plus-b,0.13791007479999998,4.0,12.0,4.0,12.0,True,True,asymptotic-domain,0.1.0,3.11.9,2.5.0,b58b31db18364511c43757e27fffc7abce8df2c1,True,ok,,
1.0,heisenberg_chain:N036,-2.7,jacobi-anger,,,,2.0,a8fa234e-a646-4911-8402-a67c302db4ae,2026-08-12T00:11:58.358108+00:00,c1ad72de628f71283ac69037e9bbe97c3e773952f5abde5eac91397ca322d1a6,resource-grid,heisenberg_chain,Heisenberg-36,"{""coupling"":1.0,""field_z"":0.3}",36,36.0,proportional,1.0,0.001995262314968879,115.7999999999999,141,qsvt,qsvt,QSVT,jacobi-anger-rigorous,analytical,,,,,,,,,,,,,,,,,,,,,,,,,,,,,,,,,,,34023.0,5671.0,,,0.00029373482556519794,,jacobi-anger-polynomial-oaa,"Martyn et al., arXiv:2105.02859, Eqs. (76)--(77)",Jacobi--Anger tails plus exact cubic OAA identity,"{""oaa-unitarity-defect-distortion"":0.0001468835875389036,""scaled-polynomial-error"":0.00014685123802629435}",True,ideal-qsvt-oaa-good-block,True,,"[""the cosine and sine polynomials are implemented exactly"",""the unamplified good block is exactly Q/2""]",,,,,,,implemented-qsvt-floating-phase-circuit,False,False,0.001795736083471991,,,,,,,,,,,,,,,,,,,2.0,one robust OAA round,1.0,"component, quadrature, and index registers all-zero",,54.0,17419788.0,38990484.0,-1.0,2159237556.0,259596246.0,analytical-model,0.0001995262314968879,,,,,,,,,,,,0.1.0,3.11.9,2.5.0,b58b31db18364511c43757e27fffc7abce8df2c1,True,ok,,
1.0,heisenberg_chain:N036,-2.7,empirical,,8.0,36.0,2.0,a8fa234e-a646-4911-8402-a67c302db4ae,2026-08-12T00:11:58.358108+00:00,c1ad72de628f71283ac69037e9bbe97c3e773952f5abde5eac91397ca322d1a6,resource-grid,heisenberg_chain,Heisenberg-36,"{""coupling"":1.0,""field_z"":0.3}",36,36.0,proportional,1.0,0.001995262314968879,115.7999999999999,141,mpf-j-mizuta2026-theorem6-empirical-operator-norm,multiproduct,MPF J=Mizuta Theorem 6 (resolved per point) [empirical operator norm],empirical-operator-norm,empirical,,8.0,16.0,mizuta2026-theorem6,6.300000000000004,0.001795736083471991,36.0,,,,[],,,,,,,,,,,,,,,[],,,,,,,empirical-operator-norm,[],6588.0,,,,3.7043639999999936e-06,1.0289900000000001e-07,empirical-operator-norm,Repository empirical operator-norm calibration study v1 (2026-08-10),reviewed calibration opnorm-v1-heisenberg-open-mpf-new-m8; fixed formal powers,"{""empirical_coefficient"":1.0289900000000001e-07}",False,ideal-mpf,False,ordered individual Pauli terms,"[""the fixed formal-order powers in time and segments apply"",""the empirical estimate concerns the repeated ideal MPF operator"",""the reviewed affine size calibration extrapolates as flagged""]",,0.0,0.0,False,False,{},repeated-shared-ancilla-good-block,False,False,0.001795736083471991,new,"[1,2,3,4,5,6,11,29]","[-3.280633240950701e-11,1.38314223008236e-06,-0.00042434045620952707,0.013663236344294543,-0.0975962105352182,0.17214651362521294,-0.39147182230350597,1.3036812402160025]",1.9789847466554802,0.021015253344519813,61.0,registered-exact,True,8.0,4.0,2.0,5.0,10.0,6.0,6.0,3.0,2.0,3.0,2.0,one robust OAA round per segment,36.0,branch register all-zero,,43.0,3705696.0,3816.0,-1.0,400230432.0,6486137.0,analytical-model,0.0001995262314968879,opnorm-v1-heisenberg-open-mpf-new-m8,heisenberg_chain,affine-aN-plus-b,1.0289900000000001e-07,4.0,8.0,4.0,12.0,True,True,asymptotic-domain,0.1.0,3.11.9,2.5.0,b58b31db18364511c43757e27fffc7abce8df2c1,True,ok,,
1.0,heisenberg_chain:N036,-2.7,commutator,,8.0,37476.0,2.0,a8fa234e-a646-4911-8402-a67c302db4ae,2026-08-12T00:11:58.358108+00:00,c1ad72de628f71283ac69037e9bbe97c3e773952f5abde5eac91397ca322d1a6,resource-grid,heisenberg_chain,Heisenberg-36,"{""coupling"":1.0,""field_z"":0.3}",36,36.0,proportional,1.0,0.001995262314968879,115.7999999999999,141,mpf-j-mizuta2026-theorem6-mizuta2026-commutator-ideal-rigorous,multiproduct,MPF J=Mizuta Theorem 6 (resolved per point) [Mizuta 2026 refined commutator],mizuta2026-commutator-ideal-rigorous,analytical,,8.0,16.0,mizuta2026-theorem6,6.300000000000004,0.001795736083471991,37476.0,37476.0,,24903.0,"[""error""]",172.93668842635742,16.0,,,4.781328256574286e-08,1.9612535575695731e-25,9.773193833485445e-37,1.9612535575597998e-25,1.9612535575695731e-25,4.7813282565742864e-08,0.001795064098312576,1.5434979032695905e-05,False,0.0014456157468659917,"[1.0000000000000002,1.0000000000000002,1.0000000000000002,1.0000000000000002,1.0000000000000002,1.0000000000000002,1.0000000000000002,1.0000000000000002,1.0000000000000002,1.0000000000000002,1.0000000000000002,1.0000000000000002,1.0000000000000002,1.0000000000000002,1.0000000000000002,1.0000000000000002,1.0000000000000002,1.0000000000000002,1.0000000000000002,1.0000000000000002,1.0000000000000002,1.0000000000000002,1.0000000000000002,1.0000000000000002,1.0000000000000002,1.0000000000000002,1.0000000000000002,1.0000000000000002,1.0000000000000002,1.0000000000000002,1.0000000000000002,1.0000000000000002,1.0000000000000002,1.0000000000000002,1.0000000000000002,1.0000000000000002,1.0000000000000002,1.0000000000000002,1.0000000000000002,1.0000000000000002,1.0000000000000002,1.0000000000000002,1.0000000000000002,1.0000000000000002,1.0000000000000002,1.0000000000000002,1.0000000000000002,1.0000000000000002,1.0000000000000002,1.0000000000000002,1.0000000000000002,1.0000000000000002,1.0000000000000002,1.0000000000000002,1.0000000000000002,1.0000000000000002,1.0000000000000002,1.0000000000000002,1.0000000000000002,1.0000000000000002,1.0000000000000002,1.0000000000000002,1.0000000000000002,1.0000000000000002,1.0000000000000002,1.0000000000000002,1.0000000000000002,1.0000000000000002,1.0000000000000002,1.0000000000000002,1.0000000000000002,1.0000000000000002,1.0000000000000002,1.0000000000000002,1.0000000000000002,1.0000000000000002,1.0000000000000002,1.0000000000000002,1.0000000000000002,1.0000000000000002,1.0000000000000002,1.0000000000000002,1.0000000000000002,1.0000000000000002,1.0000000000000002,1.0000000000000002,1.0000000000000002,1.0000000000000002,1.0000000000000002,1.0000000000000002,1.0000000000000002,1.0000000000000002,1.0000000000000002,1.0000000000000002,1.0000000000000002,1.0000000000000002,1.0000000000000002,1.0000000000000002,1.0000000000000002,1.0000000000000002,1.0000000000000002,1.0000000000000002,1.0000000000000002,1.0000000000000002,1.0000000000000002,1.0000000000000002,1.0000000000000002,1.0000000000000002,1.0000000000000002,1.0000000000000002,1.0000000000000002,1.0000000000000002,1.0000000000000002,1.0000000000000002,1.0000000000000002,1.0000000000000002,1.0000000000000002,1.0000000000000002,1.0000000000000002,1.0000000000000002,1.0000000000000002,1.0000000000000002,1.0000000000000002,1.0000000000000002,1.0000000000000002,1.0000000000000002,1.0000000000000002,1.0000000000000002,1.0000000000000002,1.0000000000000002,1.0000000000000002,1.0000000000000002,1.0000000000000002,1.0000000000000002,1.0000000000000002,1.0000000000000002,1.0000000000000002,1.0000000000000002,1.0000000000000002,1.0000000000000002,1.0000000000000002]",6.300000000000007,4.0,True,exact commutator transition cap reached; locality bound used,not-used,commutator,mizuta2026-commutator-ideal-rigorous,[],6858108.0,,,,0.001795064098312576,9.466969160902498e+43,mizuta2026-commutator-ideal-rigorous,"Mizuta, Quantum 10, 1974 (2026), arXiv:2507.06557v4","Theorem 4, Eqs. (47)--(49), with direct Lemmas 9--10 BCH remainder","{""error_predicate_satisfied"":1.0,""extensiveness_g"":6.300000000000004,""joint_predicate_satisfied"":1.0,""legacy_first_condition_passed"":0.0,""legacy_first_time_limit"":1.5434979032695905e-05,""local_commutator_error"":4.781328256574286e-08,""local_step_error"":4.7813282565742864e-08,""local_truncated_bch_error"":1.9612535575695731e-25,""locality_k"":2.0,""mu_upper"":172.93668842635742,""refined_lemma10_remainder"":1.9612535575597998e-25,""refined_lemma9_remainder"":9.773193833485445e-37,""refined_tail_fallback"":0.0,""repeated_global_error"":0.001795064098312576,""schedule_weighted_extensiveness"":6.300000000000007,""second_time_limit"":0.0014456157468659917,""time_2_predicate_satisfied"":1.0,""total_branchwise_bch_remainder"":1.9612535575695731e-25,""truncation_order_p0"":16.0}",True,ideal-mpf,True,ordered individual Pauli terms,"[""individual Pauli summands define the ordered H_gamma decomposition"",""the actual Strang factors define schedule-weighted g_alpha extensiveness"",""Lemma 9 and Lemma 10 positive majorants directly certify the BCH remainder"",""the scalar-flow/Cauchy refined tail certificate is used"",""Theorem 4 second time hypothesis is satisfied"",""the repeated ideal MPF is composed with the Eq. (15) telescoping argument""]","exact Pauli recurrence would require 286794 transitions at order 5, above cap 250000; remaining orders use Mizuta 2026 Eq. (8)",16.0,4.0,True,True,"{""2"":984.0000000000011,""3"":16022.400000000034,""4"":245702.40000000078,""5"":2195110843.2691236,""6"":276583966251.9093,""7"":41819495697289.1,""8"":7376959041001784.0,""9"":1.487194942665952e+18,""10"":3.3729581299663746e+20,""11"":8.499854487515272e+22,""12"":2.356159663939246e+25,""13"":7.125026823752314e+27,""14"":2.3341587874612483e+30,""15"":8.234912202163285e+32,""16"":3.1127968124177332e+35}",repeated-shared-ancilla-good-block,True,False,0.001795736083471991,new,"[1,2,3,4,5,6,11,29]","[-3.280633240950701e-11,1.38314223008236e-06,-0.00042434045620952707,0.013663236344294543,-0.0975962105352182,0.17214651362521294,-0.39147182230350597,1.3036812402160025]",1.9789847466554802,0.021015253344519813,61.0,registered-exact,True,8.0,4.0,2.0,5.0,10.0,6.0,6.0,3.0,2.0,3.0,2.0,one robust OAA round per segment,37476.0,branch register all-zero,,43.0,3857629536.0,3972456.0,-1.0,532368765792.0,6752067665.0,analytical-model,0.0001995262314968879,,,,,,,,,,,,0.1.0,3.11.9,2.5.0,b58b31db18364511c43757e27fffc7abce8df2c1,True,ok,,
1.0,heisenberg_chain:N036,-2.8,commutator,116199.0,,,2.0,a8fa234e-a646-4911-8402-a67c302db4ae,2026-08-12T00:11:58.358108+00:00,c1ad72de628f71283ac69037e9bbe97c3e773952f5abde5eac91397ca322d1a6,resource-grid,heisenberg_chain,Heisenberg-36,"{""coupling"":1.0,""field_z"":0.3}",36,36.0,proportional,1.0,0.001584893192461114,115.7999999999999,141,trotter-p2,trotter,Trotter p=2,analytical,analytical,2.0,,,,,,116199.0,,,,,,,,,,,,,,,,,,,,,,,,,,,,,,individual,141.0,0.0014264035459337486,412.80000000000024,childs-commutator,"Childs, Su, Tran, Wiebe, and Zhu, arXiv:1912.08854",Propositions 9--10,"{""prefactor"":412.80000000000024}",True,implemented-product-formula,True,,"[""the resolved ordered Hamiltonian groups match the implemented formula""]",,,,,,,implemented-product-formula,True,True,0.0014264038732150026,,,,,,,,,,,,,,,,,,,1.0,none,0.0,system register,1.0,36.0,32651919.0,0.0,-1.0,3852926442.0,48630518.0,analytical-model,0.00015848931924611142,,,,,,,,,,,,0.1.0,3.11.9,2.5.0,b58b31db18364511c43757e27fffc7abce8df2c1,True,ok,,
1.0,heisenberg_chain:N036,-2.8,empirical,35487.0,,,2.0,a8fa234e-a646-4911-8402-a67c302db4ae,2026-08-12T00:11:58.358108+00:00,c1ad72de628f71283ac69037e9bbe97c3e773952f5abde5eac91397ca322d1a6,resource-grid,heisenberg_chain,Heisenberg-36,"{""coupling"":1.0,""field_z"":0.3}",36,36.0,proportional,1.0,0.001584893192461114,115.7999999999999,141,trotter-p2-empirical,trotter,Trotter p=2 [empirical],empirical-operator-norm,empirical,2.0,,,,,,35487.0,,,,,,,,,,,,,,,,,,,,,,,,,,,,,,individual,141.0,0.0014263246440798382,38.4990006881,empirical-operator-norm,Repository empirical operator-norm calibration study v1 (2026-08-10),reviewed calibration opnorm-v1-heisenberg-open-trotter-p2; artifact docs/calibration_data/empirical_1d_v1_accepted.json,"{""prefactor"":38.4990006881}",False,implemented-product-formula,False,,"[""the resolved ordered Hamiltonian groups match the implemented formula"",""the fixed formal-order powers in time and segments apply"",""the reviewed affine size calibration extrapolates as flagged""]",,,,,,,implemented-product-formula,False,False,0.0014264038732150026,,,,,,,,,,,,,,,,,,,1.0,none,0.0,system register,1.0,36.0,9971847.0,0.0,-1.0,1126818711.0,14851688.0,analytical-model,0.00015848931924611142,opnorm-v1-heisenberg-open-trotter-p2,heisenberg_chain,affine-aN-plus-b,38.4990006881,4.0,12.0,4.0,12.0,True,True,formula,0.1.0,3.11.9,2.5.0,b58b31db18364511c43757e27fffc7abce8df2c1,True,ok,,
1.0,heisenberg_chain:N036,-2.8,commutator,5302.0,,,2.0,a8fa234e-a646-4911-8402-a67c302db4ae,2026-08-12T00:11:58.358108+00:00,c1ad72de628f71283ac69037e9bbe97c3e773952f5abde5eac91397ca322d1a6,resource-grid,heisenberg_chain,Heisenberg-36,"{""coupling"":1.0,""field_z"":0.3}",36,36.0,proportional,1.0,0.001584893192461114,115.7999999999999,141,trotter-p4,trotter,Trotter p=4,analytical,analytical,4.0,,,,,,5302.0,,,,,,,,,,,,,,,,,,,,,,,,,,,,,,commuting,3.0,0.0014255702961835039,18630.95116112817,schubert-mendl-commutator,"Schubert and Mendl, arXiv:2306.10603",Theorem 1,"{""prefactor"":18630.95116112817}",True,implemented-product-formula,True,,"[""the resolved ordered Hamiltonian groups match the implemented formula""]",,,,,,,implemented-product-formula,True,True,0.0014264038732150026,,,,,,,,,,,,,,,,,,,1.0,none,0.0,system register,1.0,36.0,6070790.0,0.0,-1.0,673857690.0,9041603.0,analytical-model,0.00015848931924611142,,,,,,,,,,,,0.1.0,3.11.9,2.5.0,b58b31db18364511c43757e27fffc7abce8df2c1,True,ok,,
1.0,heisenberg_chain:N036,-2.8,empirical,797.0,,,2.0,a8fa234e-a646-4911-8402-a67c302db4ae,2026-08-12T00:11:58.358108+00:00,c1ad72de628f71283ac69037e9bbe97c3e773952f5abde5eac91397ca322d1a6,resource-grid,heisenberg_chain,Heisenberg-36,"{""coupling"":1.0,""field_z"":0.3}",36,36.0,proportional,1.0,0.001584893192461114,115.7999999999999,141,trotter-p4-empirical,trotter,Trotter p=4 [empirical],empirical-operator-norm,empirical,4.0,,,,,,797.0,,,,,,,,,,,,,,,,,,,,,,,,,,,,,,commuting,3.0,0.0014229985534238013,9.4956618452,empirical-operator-norm,Repository empirical operator-norm calibration study v1 (2026-08-10),reviewed calibration opnorm-v1-heisenberg-open-trotter-p4; artifact docs/calibration_data/empirical_1d_v1_accepted.json,"{""prefactor"":9.4956618452}",False,implemented-product-formula,False,,"[""the resolved ordered Hamiltonian groups match the implemented formula"",""the fixed formal-order powers in time and segments apply"",""the reviewed affine size calibration extrapolates as flagged""]",,,,,,,implemented-product-formula,False,False,0.0014264038732150026,,,,,,,,,,,,,,,,,,,1.0,none,0.0,system register,1.0,36.0,912565.0,0.0,-1.0,93994195.0,1359140.0,analytical-model,0.00015848931924611142,opnorm-v1-heisenberg-open-trotter-p4,heisenberg_chain,affine-aN-plus-b,9.4956618452,4.0,12.0,4.0,12.0,True,True,formula,0.1.0,3.11.9,2.5.0,b58b31db18364511c43757e27fffc7abce8df2c1,True,ok,,
1.0,heisenberg_chain:N036,-2.8,commutator,2724.0,,,2.0,a8fa234e-a646-4911-8402-a67c302db4ae,2026-08-12T00:11:58.358108+00:00,c1ad72de628f71283ac69037e9bbe97c3e773952f5abde5eac91397ca322d1a6,resource-grid,heisenberg_chain,Heisenberg-36,"{""coupling"":1.0,""field_z"":0.3}",36,36.0,proportional,1.0,0.001584893192461114,115.7999999999999,141,trotter-p6,trotter,Trotter p=6,analytical,analytical,6.0,,,,,,2724.0,,,,,,,,,,,,,,,,,,,,,,,,,,,,,,commuting,3.0,0.001423867918695752,7423262.513876497,schubert-mendl-commutator,"Schubert and Mendl, arXiv:2306.10603",Theorem 1,"{""prefactor"":7423262.513876497}",True,implemented-product-formula,True,,"[""the resolved ordered Hamiltonian groups match the implemented formula""]",,,,,,,implemented-product-formula,True,True,0.0014264038732150026,,,,,,,,,,,,,,,,,,,1.0,none,0.0,system register,1.0,36.0,15594900.0,0.0,-1.0,1793413500.0,23226447.0,analytical-model,0.00015848931924611142,,,,,,,,,,,,0.1.0,3.11.9,2.5.0,b58b31db18364511c43757e27fffc7abce8df2c1,True,ok,,
1.0,heisenberg_chain:N036,-2.8,empirical,216.0,,,2.0,a8fa234e-a646-4911-8402-a67c302db4ae,2026-08-12T00:11:58.358108+00:00,c1ad72de628f71283ac69037e9bbe97c3e773952f5abde5eac91397ca322d1a6,resource-grid,heisenberg_chain,Heisenberg-36,"{""coupling"":1.0,""field_z"":0.3}",36,36.0,proportional,1.0,0.001584893192461114,115.7999999999999,141,trotter-p6-empirical,trotter,Trotter p=6 [empirical],empirical-operator-norm,empirical,6.0,,,,,,216.0,,,,,,,,,,,,,,,,,,,,,,,,,,,,,,commuting,3.0,0.0001064120947530859,0.13791007479999998,empirical-operator-norm,Repository empirical operator-norm calibration study v1 (2026-08-10),reviewed calibration opnorm-v1-heisenberg-open-trotter-p6; artifact docs/calibration_data/empirical_1d_v1_accepted.json,"{""prefactor"":0.13791007479999998}",False,implemented-product-formula,False,,"[""the resolved ordered Hamiltonian groups match the implemented formula"",""the fixed formal-order powers in time and segments apply"",""the reviewed affine size calibration extrapolates as flagged""]",,,,,,,implemented-product-formula,False,False,0.0014264038732150026,,,,,,,,,,,,,,,,,,,1.0,none,0.0,system register,1.0,36.0,1236600.0,0.0,-1.0,128606400.0,1841745.0,analytical-model,0.00015848931924611142,opnorm-v1-heisenberg-open-trotter-p6,heisenberg_chain,affine-aN-plus-b,0.13791007479999998,4.0,12.0,4.0,12.0,True,True,asymptotic-domain,0.1.0,3.11.9,2.5.0,b58b31db18364511c43757e27fffc7abce8df2c1,True,ok,,
1.0,heisenberg_chain:N036,-2.8,jacobi-anger,,,,2.0,a8fa234e-a646-4911-8402-a67c302db4ae,2026-08-12T00:11:58.358108+00:00,c1ad72de628f71283ac69037e9bbe97c3e773952f5abde5eac91397ca322d1a6,resource-grid,heisenberg_chain,Heisenberg-36,"{""coupling"":1.0,""field_z"":0.3}",36,36.0,proportional,1.0,0.001584893192461114,115.7999999999999,141,qsvt,qsvt,QSVT,jacobi-anger-rigorous,analytical,,,,,,,,,,,,,,,,,,,,,,,,,,,,,,,,,,,34023.0,5671.0,,,0.0002526914376778061,,jacobi-anger-polynomial-oaa,"Martyn et al., arXiv:2105.02859, Eqs. (76)--(77)",Jacobi--Anger tails plus exact cubic OAA identity,"{""oaa-unitarity-defect-distortion"":0.00012635768950492707,""scaled-polynomial-error"":0.00012633374817287902}",True,ideal-qsvt-oaa-good-block,True,,"[""the cosine and sine polynomials are implemented exactly"",""the unamplified good block is exactly Q/2""]",,,,,,,implemented-qsvt-floating-phase-circuit,False,False,0.0014264038732150026,,,,,,,,,,,,,,,,,,,2.0,one robust OAA round,1.0,"component, quadrature, and index registers all-zero",,54.0,17419788.0,38990484.0,-1.0,2176657344.0,259596246.0,analytical-model,0.00015848931924611142,,,,,,,,,,,,0.1.0,3.11.9,2.5.0,b58b31db18364511c43757e27fffc7abce8df2c1,True,ok,,
1.0,heisenberg_chain:N036,-2.8,empirical,,8.0,36.0,2.0,a8fa234e-a646-4911-8402-a67c302db4ae,2026-08-12T00:11:58.358108+00:00,c1ad72de628f71283ac69037e9bbe97c3e773952f5abde5eac91397ca322d1a6,resource-grid,heisenberg_chain,Heisenberg-36,"{""coupling"":1.0,""field_z"":0.3}",36,36.0,proportional,1.0,0.001584893192461114,115.7999999999999,141,mpf-j-mizuta2026-theorem6-empirical-operator-norm,multiproduct,MPF J=Mizuta Theorem 6 (resolved per point) [empirical operator norm],empirical-operator-norm,empirical,,8.0,16.0,mizuta2026-theorem6,6.300000000000004,0.0014264038732150026,36.0,,,,[],,,,,,,,,,,,,,,[],,,,,,,empirical-operator-norm,[],6588.0,,,,3.7043639999999936e-06,1.0289900000000001e-07,empirical-operator-norm,Repository empirical operator-norm calibration study v1 (2026-08-10),reviewed calibration opnorm-v1-heisenberg-open-mpf-new-m8; fixed formal powers,"{""empirical_coefficient"":1.0289900000000001e-07}",False,ideal-mpf,False,ordered individual Pauli terms,"[""the fixed formal-order powers in time and segments apply"",""the empirical estimate concerns the repeated ideal MPF operator"",""the reviewed affine size calibration extrapolates as flagged""]",,0.0,0.0,False,False,{},repeated-shared-ancilla-good-block,False,False,0.0014264038732150026,new,"[1,2,3,4,5,6,11,29]","[-3.280633240950701e-11,1.38314223008236e-06,-0.00042434045620952707,0.013663236344294543,-0.0975962105352182,0.17214651362521294,-0.39147182230350597,1.3036812402160025]",1.9789847466554802,0.021015253344519813,61.0,registered-exact,True,8.0,4.0,2.0,5.0,10.0,6.0,6.0,3.0,2.0,3.0,2.0,one robust OAA round per segment,36.0,branch register all-zero,,43.0,3705696.0,3816.0,-1.0,403936128.0,6486137.0,analytical-model,0.00015848931924611142,opnorm-v1-heisenberg-open-mpf-new-m8,heisenberg_chain,affine-aN-plus-b,1.0289900000000001e-07,4.0,8.0,4.0,12.0,True,True,asymptotic-domain,0.1.0,3.11.9,2.5.0,b58b31db18364511c43757e27fffc7abce8df2c1,True,ok,,
1.0,heisenberg_chain:N036,-2.8,commutator,,8.0,38018.0,2.0,a8fa234e-a646-4911-8402-a67c302db4ae,2026-08-12T00:11:58.358108+00:00,c1ad72de628f71283ac69037e9bbe97c3e773952f5abde5eac91397ca322d1a6,resource-grid,heisenberg_chain,Heisenberg-36,"{""coupling"":1.0,""field_z"":0.3}",36,36.0,proportional,1.0,0.001584893192461114,115.7999999999999,141,mpf-j-mizuta2026-theorem6-mizuta2026-commutator-ideal-rigorous,multiproduct,MPF J=Mizuta Theorem 6 (resolved per point) [Mizuta 2026 refined commutator],mizuta2026-commutator-ideal-rigorous,analytical,,8.0,16.0,mizuta2026-theorem6,6.300000000000004,0.0014264038732150026,38018.0,38018.0,,24903.0,"[""error""]",172.93668842635742,16.0,,,3.7457254994680733e-08,1.5341462790294366e-25,7.65432294941145e-37,1.534146279021782e-25,1.5341462790294366e-25,3.745725499468074e-08,0.0014260792297224908,1.5434979032695905e-05,False,0.0014456157468659917,"[1.0000000000000002,1.0000000000000002,1.0000000000000002,1.0000000000000002,1.0000000000000002,1.0000000000000002,1.0000000000000002,1.0000000000000002,1.0000000000000002,1.0000000000000002,1.0000000000000002,1.0000000000000002,1.0000000000000002,1.0000000000000002,1.0000000000000002,1.0000000000000002,1.0000000000000002,1.0000000000000002,1.0000000000000002,1.0000000000000002,1.0000000000000002,1.0000000000000002,1.0000000000000002,1.0000000000000002,1.0000000000000002,1.0000000000000002,1.0000000000000002,1.0000000000000002,1.0000000000000002,1.0000000000000002,1.0000000000000002,1.0000000000000002,1.0000000000000002,1.0000000000000002,1.0000000000000002,1.0000000000000002,1.0000000000000002,1.0000000000000002,1.0000000000000002,1.0000000000000002,1.0000000000000002,1.0000000000000002,1.0000000000000002,1.0000000000000002,1.0000000000000002,1.0000000000000002,1.0000000000000002,1.0000000000000002,1.0000000000000002,1.0000000000000002,1.0000000000000002,1.0000000000000002,1.0000000000000002,1.0000000000000002,1.0000000000000002,1.0000000000000002,1.0000000000000002,1.0000000000000002,1.0000000000000002,1.0000000000000002,1.0000000000000002,1.0000000000000002,1.0000000000000002,1.0000000000000002,1.0000000000000002,1.0000000000000002,1.0000000000000002,1.0000000000000002,1.0000000000000002,1.0000000000000002,1.0000000000000002,1.0000000000000002,1.0000000000000002,1.0000000000000002,1.0000000000000002,1.0000000000000002,1.0000000000000002,1.0000000000000002,1.0000000000000002,1.0000000000000002,1.0000000000000002,1.0000000000000002,1.0000000000000002,1.0000000000000002,1.0000000000000002,1.0000000000000002,1.0000000000000002,1.0000000000000002,1.0000000000000002,1.0000000000000002,1.0000000000000002,1.0000000000000002,1.0000000000000002,1.0000000000000002,1.0000000000000002,1.0000000000000002,1.0000000000000002,1.0000000000000002,1.0000000000000002,1.0000000000000002,1.0000000000000002,1.0000000000000002,1.0000000000000002,1.0000000000000002,1.0000000000000002,1.0000000000000002,1.0000000000000002,1.0000000000000002,1.0000000000000002,1.0000000000000002,1.0000000000000002,1.0000000000000002,1.0000000000000002,1.0000000000000002,1.0000000000000002,1.0000000000000002,1.0000000000000002,1.0000000000000002,1.0000000000000002,1.0000000000000002,1.0000000000000002,1.0000000000000002,1.0000000000000002,1.0000000000000002,1.0000000000000002,1.0000000000000002,1.0000000000000002,1.0000000000000002,1.0000000000000002,1.0000000000000002,1.0000000000000002,1.0000000000000002,1.0000000000000002,1.0000000000000002,1.0000000000000002,1.0000000000000002,1.0000000000000002,1.0000000000000002,1.0000000000000002,1.0000000000000002,1.0000000000000002]",6.300000000000007,4.0,True,exact commutator transition cap reached; locality bound used,not-used,commutator,mizuta2026-commutator-ideal-rigorous,[],6957294.0,,,,0.0014260792297224908,9.466969160902498e+43,mizuta2026-commutator-ideal-rigorous,"Mizuta, Quantum 10, 1974 (2026), arXiv:2507.06557v4","Theorem 4, Eqs. (47)--(49), with direct Lemmas 9--10 BCH remainder","{""error_predicate_satisfied"":1.0,""extensiveness_g"":6.300000000000004,""joint_predicate_satisfied"":1.0,""legacy_first_condition_passed"":0.0,""legacy_first_time_limit"":1.5434979032695905e-05,""local_commutator_error"":3.7457254994680733e-08,""local_step_error"":3.745725499468074e-08,""local_truncated_bch_error"":1.5341462790294366e-25,""locality_k"":2.0,""mu_upper"":172.93668842635742,""refined_lemma10_remainder"":1.534146279021782e-25,""refined_lemma9_remainder"":7.65432294941145e-37,""refined_tail_fallback"":0.0,""repeated_global_error"":0.0014260792297224908,""schedule_weighted_extensiveness"":6.300000000000007,""second_time_limit"":0.0014456157468659917,""time_2_predicate_satisfied"":1.0,""total_branchwise_bch_remainder"":1.5341462790294366e-25,""truncation_order_p0"":16.0}",True,ideal-mpf,True,ordered individual Pauli terms,"[""individual Pauli summands define the ordered H_gamma decomposition"",""the actual Strang factors define schedule-weighted g_alpha extensiveness"",""Lemma 9 and Lemma 10 positive majorants directly certify the BCH remainder"",""the scalar-flow/Cauchy refined tail certificate is used"",""Theorem 4 second time hypothesis is satisfied"",""the repeated ideal MPF is composed with the Eq. (15) telescoping argument""]","exact Pauli recurrence would require 286794 transitions at order 5, above cap 250000; remaining orders use Mizuta 2026 Eq. (8)",16.0,4.0,True,True,"{""2"":984.0000000000011,""3"":16022.400000000034,""4"":245702.40000000078,""5"":2195110843.2691236,""6"":276583966251.9093,""7"":41819495697289.1,""8"":7376959041001784.0,""9"":1.487194942665952e+18,""10"":3.3729581299663746e+20,""11"":8.499854487515272e+22,""12"":2.356159663939246e+25,""13"":7.125026823752314e+27,""14"":2.3341587874612483e+30,""15"":8.234912202163285e+32,""16"":3.1127968124177332e+35}",repeated-shared-ancilla-good-block,True,False,0.0014264038732150026,new,"[1,2,3,4,5,6,11,29]","[-3.280633240950701e-11,1.38314223008236e-06,-0.00042434045620952707,0.013663236344294543,-0.0975962105352182,0.17214651362521294,-0.39147182230350597,1.3036812402160025]",1.9789847466554802,0.021015253344519813,61.0,registered-exact,True,8.0,4.0,2.0,5.0,10.0,6.0,6.0,3.0,2.0,3.0,2.0,one robust OAA round per segment,38018.0,branch register all-zero,,43.0,3913420848.0,4029908.0,-1.0,543981617504.0,6849720047.0,analytical-model,0.00015848931924611142,,,,,,,,,,,,0.1.0,3.11.9,2.5.0,b58b31db18364511c43757e27fffc7abce8df2c1,True,ok,,
1.0,heisenberg_chain:N036,-2.9,commutator,130378.0,,,2.0,a8fa234e-a646-4911-8402-a67c302db4ae,2026-08-12T00:11:58.358108+00:00,c1ad72de628f71283ac69037e9bbe97c3e773952f5abde5eac91397ca322d1a6,resource-grid,heisenberg_chain,Heisenberg-36,"{""coupling"":1.0,""field_z"":0.3}",36,36.0,proportional,1.0,0.0012589254117941675,115.7999999999999,141,trotter-p2,trotter,Trotter p=2,analytical,analytical,2.0,,,,,,130378.0,,,,,,,,,,,,,,,,,,,,,,,,,,,,,,individual,141.0,0.0011330225710603056,412.80000000000024,childs-commutator,"Childs, Su, Tran, Wiebe, and Zhu, arXiv:1912.08854",Propositions 9--10,"{""prefactor"":412.80000000000024}",True,implemented-product-formula,True,,"[""the resolved ordered Hamiltonian groups match the implemented formula""]",,,,,,,implemented-product-formula,True,True,0.0011330328706147508,,,,,,,,,,,,,,,,,,,1.0,none,0.0,system register,1.0,36.0,36636218.0,0.0,-1.0,4396346160.0,54564580.0,analytical-model,0.00012589254117941674,,,,,,,,,,,,0.1.0,3.11.9,2.5.0,b58b31db18364511c43757e27fffc7abce8df2c1,True,ok,,
1.0,heisenberg_chain:N036,-2.9,empirical,39816.0,,,2.0,a8fa234e-a646-4911-8402-a67c302db4ae,2026-08-12T00:11:58.358108+00:00,c1ad72de628f71283ac69037e9bbe97c3e773952f5abde5eac91397ca322d1a6,resource-grid,heisenberg_chain,Heisenberg-36,"{""coupling"":1.0,""field_z"":0.3}",36,36.0,proportional,1.0,0.0012589254117941675,115.7999999999999,141,trotter-p2-empirical,trotter,Trotter p=2 [empirical],empirical-operator-norm,empirical,2.0,,,,,,39816.0,,,,,,,,,,,,,,,,,,,,,,,,,,,,,,individual,141.0,0.001133030768201393,38.4990006881,empirical-operator-norm,Repository empirical operator-norm calibration study v1 (2026-08-10),reviewed calibration opnorm-v1-heisenberg-open-trotter-p2; artifact docs/calibration_data/empirical_1d_v1_accepted.json,"{""prefactor"":38.4990006881}",False,implemented-product-formula,False,,"[""the resolved ordered Hamiltonian groups match the implemented formula"",""the fixed formal-order powers in time and segments apply"",""the reviewed affine size calibration extrapolates as flagged""]",,,,,,,implemented-product-formula,False,False,0.0011330328706147508,,,,,,,,,,,,,,,,,,,1.0,none,0.0,system register,1.0,36.0,11188296.0,0.0,-1.0,1286654040.0,16663420.0,analytical-model,0.00012589254117941674,opnorm-v1-heisenberg-open-trotter-p2,heisenberg_chain,affine-aN-plus-b,38.4990006881,4.0,12.0,4.0,12.0,True,True,formula,0.1.0,3.11.9,2.5.0,b58b31db18364511c43757e27fffc7abce8df2c1,True,ok,,
1.0,heisenberg_chain:N036,-2.9,commutator,5616.0,,,2.0,a8fa234e-a646-4911-8402-a67c302db4ae,2026-08-12T00:11:58.358108+00:00,c1ad72de628f71283ac69037e9bbe97c3e773952f5abde5eac91397ca322d1a6,resource-grid,heisenberg_chain,Heisenberg-36,"{""coupling"":1.0,""field_z"":0.3}",36,36.0,proportional,1.0,0.0012589254117941675,115.7999999999999,141,trotter-p4,trotter,Trotter p=4,analytical,analytical,4.0,,,,,,5616.0,,,,,,,,,,,,,,,,,,,,,,,,,,,,,,commuting,3.0,0.0011325024096286223,18630.95116112817,schubert-mendl-commutator,"Schubert and Mendl, arXiv:2306.10603",Theorem 1,"{""prefactor"":18630.95116112817}",True,implemented-product-formula,True,,"[""the resolved ordered Hamiltonian groups match the implemented formula""]",,,,,,,implemented-product-formula,True,True,0.0011330328706147508,,,,,,,,,,,,,,,,,,,1.0,none,0.0,system register,1.0,36.0,6430320.0,0.0,-1.0,720195840.0,9577073.0,analytical-model,0.00012589254117941674,,,,,,,,,,,,0.1.0,3.11.9,2.5.0,b58b31db18364511c43757e27fffc7abce8df2c1,True,ok,,
1.0,heisenberg_chain:N036,-2.9,empirical,844.0,,,2.0,a8fa234e-a646-4911-8402-a67c302db4ae,2026-08-12T00:11:58.358108+00:00,c1ad72de628f71283ac69037e9bbe97c3e773952f5abde5eac91397ca322d1a6,resource-grid,heisenberg_chain,Heisenberg-36,"{""coupling"":1.0,""field_z"":0.3}",36,36.0,proportional,1.0,0.0012589254117941675,115.7999999999999,141,trotter-p4-empirical,trotter,Trotter p=4 [empirical],empirical-operator-norm,empirical,4.0,,,,,,844.0,,,,,,,,,,,,,,,,,,,,,,,,,,,,,,commuting,3.0,0.0011315349109624396,9.4956618452,empirical-operator-norm,Repository empirical operator-norm calibration study v1 (2026-08-10),reviewed calibration opnorm-v1-heisenberg-open-trotter-p4; artifact docs/calibration_data/empirical_1d_v1_accepted.json,"{""prefactor"":9.4956618452}",False,implemented-product-formula,False,,"[""the resolved ordered Hamiltonian groups match the implemented formula"",""the fixed formal-order powers in time and segments apply"",""the reviewed affine size calibration extrapolates as flagged""]",,,,,,,implemented-product-formula,False,False,0.0011330328706147508,,,,,,,,,,,,,,,,,,,1.0,none,0.0,system register,1.0,36.0,966380.0,0.0,-1.0,100503520.0,1439290.0,analytical-model,0.00012589254117941674,opnorm-v1-heisenberg-open-trotter-p4,heisenberg_chain,affine-aN-plus-b,9.4956618452,4.0,12.0,4.0,12.0,True,True,formula,0.1.0,3.11.9,2.5.0,b58b31db18364511c43757e27fffc7abce8df2c1,True,ok,,
1.0,heisenberg_chain:N036,-2.9,commutator,2830.0,,,2.0,a8fa234e-a646-4911-8402-a67c302db4ae,2026-08-12T00:11:58.358108+00:00,c1ad72de628f71283ac69037e9bbe97c3e773952f5abde5eac91397ca322d1a6,resource-grid,heisenberg_chain,Heisenberg-36,"{""coupling"":1.0,""field_z"":0.3}",36,36.0,proportional,1.0,0.0012589254117941675,115.7999999999999,141,trotter-p6,trotter,Trotter p=6,analytical,analytical,6.0,,,,,,2830.0,,,,,,,,,,,,,,,,,,,,,,,,,,,,,,commuting,3.0,0.0011323839658958406,7423262.513876497,schubert-mendl-commutator,"Schubert and Mendl, arXiv:2306.10603",Theorem 1,"{""prefactor"":7423262.513876497}",True,implemented-product-formula,True,,"[""the resolved ordered Hamiltonian groups match the implemented formula""]",,,,,,,implemented-product-formula,True,True,0.0011330328706147508,,,,,,,,,,,,,,,,,,,1.0,none,0.0,system register,1.0,36.0,16201750.0,0.0,-1.0,1879403000.0,24130266.0,analytical-model,0.00012589254117941674,,,,,,,,,,,,0.1.0,3.11.9,2.5.0,b58b31db18364511c43757e27fffc7abce8df2c1,True,ok,,
1.0,heisenberg_chain:N036,-2.9,empirical,216.0,,,2.0,a8fa234e-a646-4911-8402-a67c302db4ae,2026-08-12T00:11:58.358108+00:00,c1ad72de628f71283ac69037e9bbe97c3e773952f5abde5eac91397ca322d1a6,resource-grid,heisenberg_chain,Heisenberg-36,"{""coupling"":1.0,""field_z"":0.3}",36,36.0,proportional,1.0,0.0012589254117941675,115.7999999999999,141,trotter-p6-empirical,trotter,Trotter p=6 [empirical],empirical-operator-norm,empirical,6.0,,,,,,216.0,,,,,,,,,,,,,,,,,,,,,,,,,,,,,,commuting,3.0,0.0001064120947530859,0.13791007479999998,empirical-operator-norm,Repository empirical operator-norm calibration study v1 (2026-08-10),reviewed calibration opnorm-v1-heisenberg-open-trotter-p6; artifact docs/calibration_data/empirical_1d_v1_accepted.json,"{""prefactor"":0.13791007479999998}",False,implemented-product-formula,False,,"[""the resolved ordered Hamiltonian groups match the implemented formula"",""the fixed formal-order powers in time and segments apply"",""the reviewed affine size calibration extrapolates as flagged""]",,,,,,,implemented-product-formula,False,False,0.0011330328706147508,,,,,,,,,,,,,,,,,,,1.0,none,0.0,system register,1.0,36.0,1236600.0,0.0,-1.0,129843000.0,1841745.0,analytical-model,0.00012589254117941674,opnorm-v1-heisenberg-open-trotter-p6,heisenberg_chain,affine-aN-plus-b,0.13791007479999998,4.0,12.0,4.0,12.0,True,True,asymptotic-domain,0.1.0,3.11.9,2.5.0,b58b31db18364511c43757e27fffc7abce8df2c1,True,ok,,
1.0,heisenberg_chain:N036,-2.9,jacobi-anger,,,,2.0,a8fa234e-a646-4911-8402-a67c302db4ae,2026-08-12T00:11:58.358108+00:00,c1ad72de628f71283ac69037e9bbe97c3e773952f5abde5eac91397ca322d1a6,resource-grid,heisenberg_chain,Heisenberg-36,"{""coupling"":1.0,""field_z"":0.3}",36,36.0,proportional,1.0,0.0012589254117941675,115.7999999999999,141,qsvt,qsvt,QSVT,jacobi-anger-rigorous,analytical,,,,,,,,,,,,,,,,,,,,,,,,,,,,,,,,,,,34023.0,5671.0,,,0.0002200904159431167,,jacobi-anger-polynomial-oaa,"Martyn et al., arXiv:2105.02859, Eqs. (76)--(77)",Jacobi--Anger tails plus exact cubic OAA identity,"{""oaa-unitarity-defect-distortion"":0.0001100542892665168,""scaled-polynomial-error"":0.00011003612667659989}",True,ideal-qsvt-oaa-good-block,True,,"[""the cosine and sine polynomials are implemented exactly"",""the unamplified good block is exactly Q/2""]",,,,,,,implemented-qsvt-floating-phase-circuit,False,False,0.0011330328706147508,,,,,,,,,,,,,,,,,,,2.0,one robust OAA round,1.0,"component, quadrature, and index registers all-zero",,54.0,17419788.0,38990484.0,-1.0,2194077132.0,259596246.0,analytical-model,0.00012589254117941674,,,,,,,,,,,,0.1.0,3.11.9,2.5.0,b58b31db18364511c43757e27fffc7abce8df2c1,True,ok,,
1.0,heisenberg_chain:N036,-2.9,empirical,,8.0,36.0,2.0,a8fa234e-a646-4911-8402-a67c302db4ae,2026-08-12T00:11:58.358108+00:00,c1ad72de628f71283ac69037e9bbe97c3e773952f5abde5eac91397ca322d1a6,resource-grid,heisenberg_chain,Heisenberg-36,"{""coupling"":1.0,""field_z"":0.3}",36,36.0,proportional,1.0,0.0012589254117941675,115.7999999999999,141,mpf-j-mizuta2026-theorem6-empirical-operator-norm,multiproduct,MPF J=Mizuta Theorem 6 (resolved per point) [empirical operator norm],empirical-operator-norm,empirical,,8.0,16.0,mizuta2026-theorem6,6.300000000000004,0.0011330328706147508,36.0,,,,[],,,,,,,,,,,,,,,[],,,,,,,empirical-operator-norm,[],6588.0,,,,3.7043639999999936e-06,1.0289900000000001e-07,empirical-operator-norm,Repository empirical operator-norm calibration study v1 (2026-08-10),reviewed calibration opnorm-v1-heisenberg-open-mpf-new-m8; fixed formal powers,"{""empirical_coefficient"":1.0289900000000001e-07}",False,ideal-mpf,False,ordered individual Pauli terms,"[""the fixed formal-order powers in time and segments apply"",""the empirical estimate concerns the repeated ideal MPF operator"",""the reviewed affine size calibration extrapolates as flagged""]",,0.0,0.0,False,False,{},repeated-shared-ancilla-good-block,False,False,0.0011330328706147508,new,"[1,2,3,4,5,6,11,29]","[-3.280633240950701e-11,1.38314223008236e-06,-0.00042434045620952707,0.013663236344294543,-0.0975962105352182,0.17214651362521294,-0.39147182230350597,1.3036812402160025]",1.9789847466554802,0.021015253344519813,61.0,registered-exact,True,8.0,4.0,2.0,5.0,10.0,6.0,6.0,3.0,2.0,3.0,2.0,one robust OAA round per segment,36.0,branch register all-zero,,43.0,3705696.0,3816.0,-1.0,407641824.0,6486137.0,analytical-model,0.00012589254117941674,opnorm-v1-heisenberg-open-mpf-new-m8,heisenberg_chain,affine-aN-plus-b,1.0289900000000001e-07,4.0,8.0,4.0,12.0,True,True,asymptotic-domain,0.1.0,3.11.9,2.5.0,b58b31db18364511c43757e27fffc7abce8df2c1,True,ok,,
1.0,heisenberg_chain:N036,-2.9,commutator,,8.0,38568.0,2.0,a8fa234e-a646-4911-8402-a67c302db4ae,2026-08-12T00:11:58.358108+00:00,c1ad72de628f71283ac69037e9bbe97c3e773952f5abde5eac91397ca322d1a6,resource-grid,heisenberg_chain,Heisenberg-36,"{""coupling"":1.0,""field_z"":0.3}",36,36.0,proportional,1.0,0.0012589254117941675,115.7999999999999,141,mpf-j-mizuta2026-theorem6-mizuta2026-commutator-ideal-rigorous,multiproduct,MPF J=Mizuta Theorem 6 (resolved per point) [Mizuta 2026 refined commutator],mizuta2026-commutator-ideal-rigorous,analytical,,8.0,16.0,mizuta2026-theorem6,6.300000000000004,0.0011330328706147508,38568.0,38568.0,,24903.0,"[""error""]",172.93668842635742,16.0,,,2.9342185702555667e-08,1.1999937250610966e-25,5.994429500758062e-37,1.199993725055102e-25,1.1999937250610966e-25,2.934218570255567e-08,0.0011329507855103174,1.5434979032695905e-05,False,0.0014456157468659917,"[1.0000000000000002,1.0000000000000002,1.0000000000000002,1.0000000000000002,1.0000000000000002,1.0000000000000002,1.0000000000000002,1.0000000000000002,1.0000000000000002,1.0000000000000002,1.0000000000000002,1.0000000000000002,1.0000000000000002,1.0000000000000002,1.0000000000000002,1.0000000000000002,1.0000000000000002,1.0000000000000002,1.0000000000000002,1.0000000000000002,1.0000000000000002,1.0000000000000002,1.0000000000000002,1.0000000000000002,1.0000000000000002,1.0000000000000002,1.0000000000000002,1.0000000000000002,1.0000000000000002,1.0000000000000002,1.0000000000000002,1.0000000000000002,1.0000000000000002,1.0000000000000002,1.0000000000000002,1.0000000000000002,1.0000000000000002,1.0000000000000002,1.0000000000000002,1.0000000000000002,1.0000000000000002,1.0000000000000002,1.0000000000000002,1.0000000000000002,1.0000000000000002,1.0000000000000002,1.0000000000000002,1.0000000000000002,1.0000000000000002,1.0000000000000002,1.0000000000000002,1.0000000000000002,1.0000000000000002,1.0000000000000002,1.0000000000000002,1.0000000000000002,1.0000000000000002,1.0000000000000002,1.0000000000000002,1.0000000000000002,1.0000000000000002,1.0000000000000002,1.0000000000000002,1.0000000000000002,1.0000000000000002,1.0000000000000002,1.0000000000000002,1.0000000000000002,1.0000000000000002,1.0000000000000002,1.0000000000000002,1.0000000000000002,1.0000000000000002,1.0000000000000002,1.0000000000000002,1.0000000000000002,1.0000000000000002,1.0000000000000002,1.0000000000000002,1.0000000000000002,1.0000000000000002,1.0000000000000002,1.0000000000000002,1.0000000000000002,1.0000000000000002,1.0000000000000002,1.0000000000000002,1.0000000000000002,1.0000000000000002,1.0000000000000002,1.0000000000000002,1.0000000000000002,1.0000000000000002,1.0000000000000002,1.0000000000000002,1.0000000000000002,1.0000000000000002,1.0000000000000002,1.0000000000000002,1.0000000000000002,1.0000000000000002,1.0000000000000002,1.0000000000000002,1.0000000000000002,1.0000000000000002,1.0000000000000002,1.0000000000000002,1.0000000000000002,1.0000000000000002,1.0000000000000002,1.0000000000000002,1.0000000000000002,1.0000000000000002,1.0000000000000002,1.0000000000000002,1.0000000000000002,1.0000000000000002,1.0000000000000002,1.0000000000000002,1.0000000000000002,1.0000000000000002,1.0000000000000002,1.0000000000000002,1.0000000000000002,1.0000000000000002,1.0000000000000002,1.0000000000000002,1.0000000000000002,1.0000000000000002,1.0000000000000002,1.0000000000000002,1.0000000000000002,1.0000000000000002,1.0000000000000002,1.0000000000000002,1.0000000000000002,1.0000000000000002,1.0000000000000002,1.0000000000000002,1.0000000000000002,1.0000000000000002]",6.300000000000007,4.0,True,exact commutator transition cap reached; locality bound used,not-used,commutator,mizuta2026-commutator-ideal-rigorous,[],7057944.0,,,,0.0011329507855103174,9.466969160902498e+43,mizuta2026-commutator-ideal-rigorous,"Mizuta, Quantum 10, 1974 (2026), arXiv:2507.06557v4","Theorem 4, Eqs. (47)--(49), with direct Lemmas 9--10 BCH remainder","{""error_predicate_satisfied"":1.0,""extensiveness_g"":6.300000000000004,""joint_predicate_satisfied"":1.0,""legacy_first_condition_passed"":0.0,""legacy_first_time_limit"":1.5434979032695905e-05,""local_commutator_error"":2.9342185702555667e-08,""local_step_error"":2.934218570255567e-08,""local_truncated_bch_error"":1.1999937250610966e-25,""locality_k"":2.0,""mu_upper"":172.93668842635742,""refined_lemma10_remainder"":1.199993725055102e-25,""refined_lemma9_remainder"":5.994429500758062e-37,""refined_tail_fallback"":0.0,""repeated_global_error"":0.0011329507855103174,""schedule_weighted_extensiveness"":6.300000000000007,""second_time_limit"":0.0014456157468659917,""time_2_predicate_satisfied"":1.0,""total_branchwise_bch_remainder"":1.1999937250610966e-25,""truncation_order_p0"":16.0}",True,ideal-mpf,True,ordered individual Pauli terms,"[""individual Pauli summands define the ordered H_gamma decomposition"",""the actual Strang factors define schedule-weighted g_alpha extensiveness"",""Lemma 9 and Lemma 10 positive majorants directly certify the BCH remainder"",""the scalar-flow/Cauchy refined tail certificate is used"",""Theorem 4 second time hypothesis is satisfied"",""the repeated ideal MPF is composed with the Eq. (15) telescoping argument""]","exact Pauli recurrence would require 286794 transitions at order 5, above cap 250000; remaining orders use Mizuta 2026 Eq. (8)",16.0,4.0,True,True,"{""2"":984.0000000000011,""3"":16022.400000000034,""4"":245702.40000000078,""5"":2195110843.2691236,""6"":276583966251.9093,""7"":41819495697289.1,""8"":7376959041001784.0,""9"":1.487194942665952e+18,""10"":3.3729581299663746e+20,""11"":8.499854487515272e+22,""12"":2.356159663939246e+25,""13"":7.125026823752314e+27,""14"":2.3341587874612483e+30,""15"":8.234912202163285e+32,""16"":3.1127968124177332e+35}",repeated-shared-ancilla-good-block,True,False,0.0011330328706147508,new,"[1,2,3,4,5,6,11,29]","[-3.280633240950701e-11,1.38314223008236e-06,-0.00042434045620952707,0.013663236344294543,-0.0975962105352182,0.17214651362521294,-0.39147182230350597,1.3036812402160025]",1.9789847466554802,0.021015253344519813,61.0,registered-exact,True,8.0,4.0,2.0,5.0,10.0,6.0,6.0,3.0,2.0,3.0,2.0,one robust OAA round per segment,38568.0,branch register all-zero,,43.0,3970035648.0,4088208.0,-1.0,559791379200.0,6948813793.0,analytical-model,0.00012589254117941674,,,,,,,,,,,,0.1.0,3.11.9,2.5.0,b58b31db18364511c43757e27fffc7abce8df2c1,True,ok,,
1.0,heisenberg_chain:N036,-3.0,commutator,146286.0,,,2.0,a8fa234e-a646-4911-8402-a67c302db4ae,2026-08-12T00:11:58.358108+00:00,c1ad72de628f71283ac69037e9bbe97c3e773952f5abde5eac91397ca322d1a6,resource-grid,heisenberg_chain,Heisenberg-36,"{""coupling"":1.0,""field_z"":0.3}",36,36.0,proportional,1.0,0.001,115.7999999999999,141,trotter-p2,trotter,Trotter p=2,analytical,analytical,2.0,,,,,,146286.0,,,,,,,,,,,,,,,,,,,,,,,,,,,,,,individual,141.0,0.0008999982421909339,412.80000000000024,childs-commutator,"Childs, Su, Tran, Wiebe, and Zhu, arXiv:1912.08854",Propositions 9--10,"{""prefactor"":412.80000000000024}",True,implemented-product-formula,True,,"[""the resolved ordered Hamiltonian groups match the implemented formula""]",,,,,,,implemented-product-formula,True,True,0.0009000000000000001,,,,,,,,,,,,,,,,,,,1.0,none,0.0,system register,1.0,36.0,41106366.0,0.0,-1.0,5014976652.0,61222248.0,analytical-model,0.0001,,,,,,,,,,,,0.1.0,3.11.9,2.5.0,b58b31db18364511c43757e27fffc7abce8df2c1,True,ok,,
1.0,heisenberg_chain:N036,-3.0,empirical,44675.0,,,2.0,a8fa234e-a646-4911-8402-a67c302db4ae,2026-08-12T00:11:58.358108+00:00,c1ad72de628f71283ac69037e9bbe97c3e773952f5abde5eac91397ca322d1a6,resource-grid,heisenberg_chain,Heisenberg-36,"{""coupling"":1.0,""field_z"":0.3}",36,36.0,proportional,1.0,0.001,115.7999999999999,141,trotter-p2-empirical,trotter,Trotter p=2 [empirical],empirical-operator-norm,empirical,2.0,,,,,,44675.0,,,,,,,,,,,,,,,,,,,,,,,,,,,,,,individual,141.0,0.0008999695937946365,38.4990006881,empirical-operator-norm,Repository empirical operator-norm calibration study v1 (2026-08-10),reviewed calibration opnorm-v1-heisenberg-open-trotter-p2; artifact docs/calibration_data/empirical_1d_v1_accepted.json,"{""prefactor"":38.4990006881}",False,implemented-product-formula,False,,"[""the resolved ordered Hamiltonian groups match the implemented formula"",""the fixed formal-order powers in time and segments apply"",""the reviewed affine size calibration extrapolates as flagged""]",,,,,,,implemented-product-formula,False,False,0.0009000000000000001,,,,,,,,,,,,,,,,,,,1.0,none,0.0,system register,1.0,36.0,12553675.0,0.0,-1.0,1456226300.0,18696963.0,analytical-model,0.0001,opnorm-v1-heisenberg-open-trotter-p2,heisenberg_chain,affine-aN-plus-b,38.4990006881,4.0,12.0,4.0,12.0,True,True,formula,0.1.0,3.11.9,2.5.0,b58b31db18364511c43757e27fffc7abce8df2c1,True,ok,,
1.0,heisenberg_chain:N036,-3.0,commutator,5949.0,,,2.0,a8fa234e-a646-4911-8402-a67c302db4ae,2026-08-12T00:11:58.358108+00:00,c1ad72de628f71283ac69037e9bbe97c3e773952f5abde5eac91397ca322d1a6,resource-grid,heisenberg_chain,Heisenberg-36,"{""coupling"":1.0,""field_z"":0.3}",36,36.0,proportional,1.0,0.001,115.7999999999999,141,trotter-p4,trotter,Trotter p=4,analytical,analytical,4.0,,,,,,5949.0,,,,,,,,,,,,,,,,,,,,,,,,,,,,,,commuting,3.0,0.000899438877222355,18630.95116112817,schubert-mendl-commutator,"Schubert and Mendl, arXiv:2306.10603",Theorem 1,"{""prefactor"":18630.95116112817}",True,implemented-product-formula,True,,"[""the resolved ordered Hamiltonian groups match the implemented formula""]",,,,,,,implemented-product-formula,True,True,0.0009000000000000001,,,,,,,,,,,,,,,,,,,1.0,none,0.0,system register,1.0,36.0,6811605.0,0.0,-1.0,776522970.0,10144944.0,analytical-model,0.0001,,,,,,,,,,,,0.1.0,3.11.9,2.5.0,b58b31db18364511c43757e27fffc7abce8df2c1,True,ok,,
1.0,heisenberg_chain:N036,-3.0,empirical,894.0,,,2.0,a8fa234e-a646-4911-8402-a67c302db4ae,2026-08-12T00:11:58.358108+00:00,c1ad72de628f71283ac69037e9bbe97c3e773952f5abde5eac91397ca322d1a6,resource-grid,heisenberg_chain,Heisenberg-36,"{""coupling"":1.0,""field_z"":0.3}",36,36.0,proportional,1.0,0.001,115.7999999999999,141,trotter-p4-empirical,trotter,Trotter p=4 [empirical],empirical-operator-norm,empirical,4.0,,,,,,894.0,,,,,,,,,,,,,,,,,,,,,,,,,,,,,,commuting,3.0,0.0008988509235650406,9.4956618452,empirical-operator-norm,Repository empirical operator-norm calibration study v1 (2026-08-10),reviewed calibration opnorm-v1-heisenberg-open-trotter-p4; artifact docs/calibration_data/empirical_1d_v1_accepted.json,"{""prefactor"":9.4956618452}",False,implemented-product-formula,False,,"[""the resolved ordered Hamiltonian groups match the implemented formula"",""the fixed formal-order powers in time and segments apply"",""the reviewed affine size calibration extrapolates as flagged""]",,,,,,,implemented-product-formula,False,False,0.0009000000000000001,,,,,,,,,,,,,,,,,,,1.0,none,0.0,system register,1.0,36.0,1023630.0,0.0,-1.0,107481150.0,1524556.0,analytical-model,0.0001,opnorm-v1-heisenberg-open-trotter-p4,heisenberg_chain,affine-aN-plus-b,9.4956618452,4.0,12.0,4.0,12.0,True,True,formula,0.1.0,3.11.9,2.5.0,b58b31db18364511c43757e27fffc7abce8df2c1,True,ok,,
1.0,heisenberg_chain:N036,-3.0,commutator,2941.0,,,2.0,a8fa234e-a646-4911-8402-a67c302db4ae,2026-08-12T00:11:58.358108+00:00,c1ad72de628f71283ac69037e9bbe97c3e773952f5abde5eac91397ca322d1a6,resource-grid,heisenberg_chain,Heisenberg-36,"{""coupling"":1.0,""field_z"":0.3}",36,36.0,proportional,1.0,0.001,115.7999999999999,141,trotter-p6,trotter,Trotter p=6,analytical,analytical,6.0,,,,,,2941.0,,,,,,,,,,,,,,,,,,,,,,,,,,,,,,commuting,3.0,0.0008989637456486421,7423262.513876497,schubert-mendl-commutator,"Schubert and Mendl, arXiv:2306.10603",Theorem 1,"{""prefactor"":7423262.513876497}",True,implemented-product-formula,True,,"[""the resolved ordered Hamiltonian groups match the implemented formula""]",,,,,,,implemented-product-formula,True,True,0.0009000000000000001,,,,,,,,,,,,,,,,,,,1.0,none,0.0,system register,1.0,36.0,16837225.0,0.0,-1.0,1986792550.0,25076719.0,analytical-model,0.0001,,,,,,,,,,,,0.1.0,3.11.9,2.5.0,b58b31db18364511c43757e27fffc7abce8df2c1,True,ok,,
1.0,heisenberg_chain:N036,-3.0,empirical,216.0,,,2.0,a8fa234e-a646-4911-8402-a67c302db4ae,2026-08-12T00:11:58.358108+00:00,c1ad72de628f71283ac69037e9bbe97c3e773952f5abde5eac91397ca322d1a6,resource-grid,heisenberg_chain,Heisenberg-36,"{""coupling"":1.0,""field_z"":0.3}",36,36.0,proportional,1.0,0.001,115.7999999999999,141,trotter-p6-empirical,trotter,Trotter p=6 [empirical],empirical-operator-norm,empirical,6.0,,,,,,216.0,,,,,,,,,,,,,,,,,,,,,,,,,,,,,,commuting,3.0,0.0001064120947530859,0.13791007479999998,empirical-operator-norm,Repository empirical operator-norm calibration study v1 (2026-08-10),reviewed calibration opnorm-v1-heisenberg-open-trotter-p6; artifact docs/calibration_data/empirical_1d_v1_accepted.json,"{""prefactor"":0.13791007479999998}",False,implemented-product-formula,False,,"[""the resolved ordered Hamiltonian groups match the implemented formula"",""the fixed formal-order powers in time and segments apply"",""the reviewed affine size calibration extrapolates as flagged""]",,,,,,,implemented-product-formula,False,False,0.0009000000000000001,,,,,,,,,,,,,,,,,,,1.0,none,0.0,system register,1.0,36.0,1236600.0,0.0,-1.0,131079600.0,1841745.0,analytical-model,0.0001,opnorm-v1-heisenberg-open-trotter-p6,heisenberg_chain,affine-aN-plus-b,0.13791007479999998,4.0,12.0,4.0,12.0,True,True,asymptotic-domain,0.1.0,3.11.9,2.5.0,b58b31db18364511c43757e27fffc7abce8df2c1,True,ok,,
1.0,heisenberg_chain:N036,-3.0,jacobi-anger,,,,2.0,a8fa234e-a646-4911-8402-a67c302db4ae,2026-08-12T00:11:58.358108+00:00,c1ad72de628f71283ac69037e9bbe97c3e773952f5abde5eac91397ca322d1a6,resource-grid,heisenberg_chain,Heisenberg-36,"{""coupling"":1.0,""field_z"":0.3}",36,36.0,proportional,1.0,0.001,115.7999999999999,141,qsvt,qsvt,QSVT,jacobi-anger-rigorous,analytical,,,,,,,,,,,,,,,,,,,,,,,,,,,,,,,,,,,34023.0,5671.0,,,0.00019419507182206813,,jacobi-anger-polynomial-oaa,"Martyn et al., arXiv:2105.02859, Eqs. (76)--(77)",Jacobi--Anger tails plus exact cubic OAA identity,"{""oaa-unitarity-defect-distortion"":9.710460605874792e-05,""scaled-polynomial-error"":9.709046576332021e-05}",True,ideal-qsvt-oaa-good-block,True,,"[""the cosine and sine polynomials are implemented exactly"",""the unamplified good block is exactly Q/2""]",,,,,,,implemented-qsvt-floating-phase-circuit,False,False,0.0009000000000000001,,,,,,,,,,,,,,,,,,,2.0,one robust OAA round,1.0,"component, quadrature, and index registers all-zero",,54.0,17419788.0,38990484.0,-1.0,2211496920.0,259596246.0,analytical-model,0.0001,,,,,,,,,,,,0.1.0,3.11.9,2.5.0,b58b31db18364511c43757e27fffc7abce8df2c1,True,ok,,
1.0,heisenberg_chain:N036,-3.0,empirical,,9.0,,2.0,a8fa234e-a646-4911-8402-a67c302db4ae,2026-08-12T00:11:58.358108+00:00,c1ad72de628f71283ac69037e9bbe97c3e773952f5abde5eac91397ca322d1a6,resource-grid,heisenberg_chain,Heisenberg-36,"{""coupling"":1.0,""field_z"":0.3}",36,36.0,proportional,1.0,0.001,115.7999999999999,141,mpf-j-mizuta2026-theorem6-empirical-operator-norm,multiproduct,MPF J=Mizuta Theorem 6 (resolved per point) [empirical operator norm],empirical-operator-norm,,,9.0,18.0,mizuta2026-theorem6,6.300000000000004,0.0009000000000000001,,,,,,,,,,,,,,,,,,,,,,,,,,,,,,,,,,,,,,,,,,,,,,,,,,,,,0.0009000000000000001,,,,,,,,,,,,,,,,,,,,,,,,,,,,,,,,,,,,,,,,,,,0.1.0,3.11.9,2.5.0,b58b31db18364511c43757e27fffc7abce8df2c1,True,missing_empirical,UnsupportedEmpiricalCalibrationError,"no reviewed empirical operator-norm calibration for method=multiproduct, formal_order=18, model=heisenberg_chain, parameters={'coupling': 1.0, 'field_z': 0.3}, boundary=open, partition=None, schedule='new', formula='ordered-individual-pauli-strang-mpf-v1'"
1.0,heisenberg_chain:N036,-3.0,commutator,,9.0,38051.0,2.0,a8fa234e-a646-4911-8402-a67c302db4ae,2026-08-12T00:11:58.358108+00:00,c1ad72de628f71283ac69037e9bbe97c3e773952f5abde5eac91397ca322d1a6,resource-grid,heisenberg_chain,Heisenberg-36,"{""coupling"":1.0,""field_z"":0.3}",36,36.0,proportional,1.0,0.001,115.7999999999999,141,mpf-j-mizuta2026-theorem6-mizuta2026-commutator-ideal-rigorous,multiproduct,MPF J=Mizuta Theorem 6 (resolved per point) [Mizuta 2026 refined commutator],mizuta2026-commutator-ideal-rigorous,analytical,,9.0,18.0,mizuta2026-theorem6,6.300000000000004,0.0009000000000000001,38051.0,38051.0,,27374.0,"[""error""]",190.09121336795624,18.0,,,2.3622819200652104e-08,1.4399814118976941e-28,3.146983821103711e-42,1.4399814118976625e-28,1.4399814118976941e-28,2.3622819200652107e-08,0.0008996802060621255,1.3719981362396362e-05,False,0.001315158105262232,"[1.0000000000000002,1.0000000000000002,1.0000000000000002,1.0000000000000002,1.0000000000000002,1.0000000000000002,1.0000000000000002,1.0000000000000002,1.0000000000000002,1.0000000000000002,1.0000000000000002,1.0000000000000002,1.0000000000000002,1.0000000000000002,1.0000000000000002,1.0000000000000002,1.0000000000000002,1.0000000000000002,1.0000000000000002,1.0000000000000002,1.0000000000000002,1.0000000000000002,1.0000000000000002,1.0000000000000002,1.0000000000000002,1.0000000000000002,1.0000000000000002,1.0000000000000002,1.0000000000000002,1.0000000000000002,1.0000000000000002,1.0000000000000002,1.0000000000000002,1.0000000000000002,1.0000000000000002,1.0000000000000002,1.0000000000000002,1.0000000000000002,1.0000000000000002,1.0000000000000002,1.0000000000000002,1.0000000000000002,1.0000000000000002,1.0000000000000002,1.0000000000000002,1.0000000000000002,1.0000000000000002,1.0000000000000002,1.0000000000000002,1.0000000000000002,1.0000000000000002,1.0000000000000002,1.0000000000000002,1.0000000000000002,1.0000000000000002,1.0000000000000002,1.0000000000000002,1.0000000000000002,1.0000000000000002,1.0000000000000002,1.0000000000000002,1.0000000000000002,1.0000000000000002,1.0000000000000002,1.0000000000000002,1.0000000000000002,1.0000000000000002,1.0000000000000002,1.0000000000000002,1.0000000000000002,1.0000000000000002,1.0000000000000002,1.0000000000000002,1.0000000000000002,1.0000000000000002,1.0000000000000002,1.0000000000000002,1.0000000000000002,1.0000000000000002,1.0000000000000002,1.0000000000000002,1.0000000000000002,1.0000000000000002,1.0000000000000002,1.0000000000000002,1.0000000000000002,1.0000000000000002,1.0000000000000002,1.0000000000000002,1.0000000000000002,1.0000000000000002,1.0000000000000002,1.0000000000000002,1.0000000000000002,1.0000000000000002,1.0000000000000002,1.0000000000000002,1.0000000000000002,1.0000000000000002,1.0000000000000002,1.0000000000000002,1.0000000000000002,1.0000000000000002,1.0000000000000002,1.0000000000000002,1.0000000000000002,1.0000000000000002,1.0000000000000002,1.0000000000000002,1.0000000000000002,1.0000000000000002,1.0000000000000002,1.0000000000000002,1.0000000000000002,1.0000000000000002,1.0000000000000002,1.0000000000000002,1.0000000000000002,1.0000000000000002,1.0000000000000002,1.0000000000000002,1.0000000000000002,1.0000000000000002,1.0000000000000002,1.0000000000000002,1.0000000000000002,1.0000000000000002,1.0000000000000002,1.0000000000000002,1.0000000000000002,1.0000000000000002,1.0000000000000002,1.0000000000000002,1.0000000000000002,1.0000000000000002,1.0000000000000002,1.0000000000000002,1.0000000000000002,1.0000000000000002,1.0000000000000002,1.0000000000000002]",6.300000000000007,4.0,True,exact commutator transition cap reached; locality bound used,not-used,commutator,mizuta2026-commutator-ideal-rigorous,[],9132240.0,,,,0.0008996802060621255,6.769235627709709e+49,mizuta2026-commutator-ideal-rigorous,"Mizuta, Quantum 10, 1974 (2026), arXiv:2507.06557v4","Theorem 4, Eqs. (47)--(49), with direct Lemmas 9--10 BCH remainder","{""error_predicate_satisfied"":1.0,""extensiveness_g"":6.300000000000004,""joint_predicate_satisfied"":1.0,""legacy_first_condition_passed"":0.0,""legacy_first_time_limit"":1.3719981362396362e-05,""local_commutator_error"":2.3622819200652104e-08,""local_step_error"":2.3622819200652107e-08,""local_truncated_bch_error"":1.4399814118976941e-28,""locality_k"":2.0,""mu_upper"":190.09121336795624,""refined_lemma10_remainder"":1.4399814118976625e-28,""refined_lemma9_remainder"":3.146983821103711e-42,""refined_tail_fallback"":0.0,""repeated_global_error"":0.0008996802060621255,""schedule_weighted_extensiveness"":6.300000000000007,""second_time_limit"":0.001315158105262232,""time_2_predicate_satisfied"":1.0,""total_branchwise_bch_remainder"":1.4399814118976941e-28,""truncation_order_p0"":18.0}",True,ideal-mpf,True,ordered individual Pauli terms,"[""individual Pauli summands define the ordered H_gamma decomposition"",""the actual Strang factors define schedule-weighted g_alpha extensiveness"",""Lemma 9 and Lemma 10 positive majorants directly certify the BCH remainder"",""the scalar-flow/Cauchy refined tail certificate is used"",""Theorem 4 second time hypothesis is satisfied"",""the repeated ideal MPF is composed with the Eq. (15) telescoping argument""]","exact Pauli recurrence would require 286794 transitions at order 5, above cap 250000; remaining orders use Mizuta 2026 Eq. (8)",18.0,4.0,True,True,"{""2"":984.0000000000011,""3"":16022.400000000034,""4"":245702.40000000078,""5"":2195110843.2691236,""6"":276583966251.9093,""7"":41819495697289.1,""8"":7376959041001784.0,""9"":1.487194942665952e+18,""10"":3.3729581299663746e+20,""11"":8.499854487515272e+22,""12"":2.356159663939246e+25,""13"":7.125026823752314e+27,""14"":2.3341587874612483e+30,""15"":8.234912202163285e+32,""16"":3.1127968124177332e+35,""17"":1.255079674766826e+38,""18"":5.376761326701115e+40}",repeated-shared-ancilla-good-block,True,False,0.0009000000000000001,new,"[1,2,3,4,5,6,8,14,37]","[1.967691252631999e-13,-3.445506091008736e-08,2.544222523112307e-05,-0.0016199636587070087,0.021324279661958864,-0.07100801545469856,0.14994672471728007,-0.4079534241993221,1.3092849911631212]",1.9611628755355768,0.03883712446442322,80.0,registered-exact,True,9.0,4.0,2.0,5.0,11.0,5.0,6.0,3.0,2.0,3.0,2.0,one robust OAA round per segment,38051.0,branch register all-zero,,43.0,5135743470.0,4375865.0,-1.0,734428819670.0,8984356813.0,analytical-model,0.0001,,,,,,,,,,,,0.1.0,3.11.9,2.5.0,b58b31db18364511c43757e27fffc7abce8df2c1,True,ok,,
1.0,heisenberg_chain:N036,-3.1,commutator,164136.0,,,2.0,a8fa234e-a646-4911-8402-a67c302db4ae,2026-08-12T00:11:58.358108+00:00,c1ad72de628f71283ac69037e9bbe97c3e773952f5abde5eac91397ca322d1a6,resource-grid,heisenberg_chain,Heisenberg-36,"{""coupling"":1.0,""field_z"":0.3}",36,36.0,proportional,1.0,0.0007943282347242813,115.7999999999999,141,trotter-p2,trotter,Trotter p=2,analytical,analytical,2.0,,,,,,164136.0,,,,,,,,,,,,,,,,,,,,,,,,,,,,,,individual,141.0,0.0007148904574605782,412.80000000000024,childs-commutator,"Childs, Su, Tran, Wiebe, and Zhu, arXiv:1912.08854",Propositions 9--10,"{""prefactor"":412.80000000000024}",True,implemented-product-formula,True,,"[""the resolved ordered Hamiltonian groups match the implemented formula""]",,,,,,,implemented-product-formula,True,True,0.0007148954112518532,,,,,,,,,,,,,,,,,,,1.0,none,0.0,system register,1.0,36.0,46122216.0,0.0,-1.0,5673032568.0,68692663.0,analytical-model,7.943282347242814e-05,,,,,,,,,,,,0.1.0,3.11.9,2.5.0,b58b31db18364511c43757e27fffc7abce8df2c1,True,ok,,
1.0,heisenberg_chain:N036,-3.1,empirical,50126.0,,,2.0,a8fa234e-a646-4911-8402-a67c302db4ae,2026-08-12T00:11:58.358108+00:00,c1ad72de628f71283ac69037e9bbe97c3e773952f5abde5eac91397ca322d1a6,resource-grid,heisenberg_chain,Heisenberg-36,"{""coupling"":1.0,""field_z"":0.3}",36,36.0,proportional,1.0,0.0007943282347242813,115.7999999999999,141,trotter-p2-empirical,trotter,Trotter p=2 [empirical],empirical-operator-norm,empirical,2.0,,,,,,50126.0,,,,,,,,,,,,,,,,,,,,,,,,,,,,,,individual,141.0,0.0007148762344698288,38.4990006881,empirical-operator-norm,Repository empirical operator-norm calibration study v1 (2026-08-10),reviewed calibration opnorm-v1-heisenberg-open-trotter-p2; artifact docs/calibration_data/empirical_1d_v1_accepted.json,"{""prefactor"":38.4990006881}",False,implemented-product-formula,False,,"[""the resolved ordered Hamiltonian groups match the implemented formula"",""the fixed formal-order powers in time and segments apply"",""the reviewed affine size calibration extrapolates as flagged""]",,,,,,,implemented-product-formula,False,False,0.0007148954112518532,,,,,,,,,,,,,,,,,,,1.0,none,0.0,system register,1.0,36.0,14085406.0,0.0,-1.0,1662077908.0,20978265.0,analytical-model,7.943282347242814e-05,opnorm-v1-heisenberg-open-trotter-p2,heisenberg_chain,affine-aN-plus-b,38.4990006881,4.0,12.0,4.0,12.0,True,True,formula,0.1.0,3.11.9,2.5.0,b58b31db18364511c43757e27fffc7abce8df2c1,True,ok,,
1.0,heisenberg_chain:N036,-3.1,commutator,6301.0,,,2.0,a8fa234e-a646-4911-8402-a67c302db4ae,2026-08-12T00:11:58.358108+00:00,c1ad72de628f71283ac69037e9bbe97c3e773952f5abde5eac91397ca322d1a6,resource-grid,heisenberg_chain,Heisenberg-36,"{""coupling"":1.0,""field_z"":0.3}",36,36.0,proportional,1.0,0.0007943282347242813,115.7999999999999,141,trotter-p4,trotter,Trotter p=4,analytical,analytical,4.0,,,,,,6301.0,,,,,,,,,,,,,,,,,,,,,,,,,,,,,,commuting,3.0,0.0007146766825001017,18630.95116112817,schubert-mendl-commutator,"Schubert and Mendl, arXiv:2306.10603",Theorem 1,"{""prefactor"":18630.95116112817}",True,implemented-product-formula,True,,"[""the resolved ordered Hamiltonian groups match the implemented formula""]",,,,,,,implemented-product-formula,True,True,0.0007148954112518532,,,,,,,,,,,,,,,,,,,1.0,none,0.0,system register,1.0,36.0,7214645.0,0.0,-1.0,829684175.0,10745216.0,analytical-model,7.943282347242814e-05,,,,,,,,,,,,0.1.0,3.11.9,2.5.0,b58b31db18364511c43757e27fffc7abce8df2c1,True,ok,,
1.0,heisenberg_chain:N036,-3.1,empirical,947.0,,,2.0,a8fa234e-a646-4911-8402-a67c302db4ae,2026-08-12T00:11:58.358108+00:00,c1ad72de628f71283ac69037e9bbe97c3e773952f5abde5eac91397ca322d1a6,resource-grid,heisenberg_chain,Heisenberg-36,"{""coupling"":1.0,""field_z"":0.3}",36,36.0,proportional,1.0,0.0007943282347242813,115.7999999999999,141,trotter-p4-empirical,trotter,Trotter p=4 [empirical],empirical-operator-norm,empirical,4.0,,,,,,947.0,,,,,,,,,,,,,,,,,,,,,,,,,,,,,,commuting,3.0,0.0007139007334823073,9.4956618452,empirical-operator-norm,Repository empirical operator-norm calibration study v1 (2026-08-10),reviewed calibration opnorm-v1-heisenberg-open-trotter-p4; artifact docs/calibration_data/empirical_1d_v1_accepted.json,"{""prefactor"":9.4956618452}",False,implemented-product-formula,False,,"[""the resolved ordered Hamiltonian groups match the implemented formula"",""the fixed formal-order powers in time and segments apply"",""the reviewed affine size calibration extrapolates as flagged""]",,,,,,,implemented-product-formula,False,False,0.0007148954112518532,,,,,,,,,,,,,,,,,,,1.0,none,0.0,system register,1.0,36.0,1084315.0,0.0,-1.0,116021705.0,1614938.0,analytical-model,7.943282347242814e-05,opnorm-v1-heisenberg-open-trotter-p4,heisenberg_chain,affine-aN-plus-b,9.4956618452,4.0,12.0,4.0,12.0,True,True,formula,0.1.0,3.11.9,2.5.0,b58b31db18364511c43757e27fffc7abce8df2c1,True,ok,,
1.0,heisenberg_chain:N036,-3.1,commutator,3056.0,,,2.0,a8fa234e-a646-4911-8402-a67c302db4ae,2026-08-12T00:11:58.358108+00:00,c1ad72de628f71283ac69037e9bbe97c3e773952f5abde5eac91397ca322d1a6,resource-grid,heisenberg_chain,Heisenberg-36,"{""coupling"":1.0,""field_z"":0.3}",36,36.0,proportional,1.0,0.0007943282347242813,115.7999999999999,141,trotter-p6,trotter,Trotter p=6,analytical,analytical,6.0,,,,,,3056.0,,,,,,,,,,,,,,,,,,,,,,,,,,,,,,commuting,3.0,0.0007141545788120052,7423262.513876497,schubert-mendl-commutator,"Schubert and Mendl, arXiv:2306.10603",Theorem 1,"{""prefactor"":7423262.513876497}",True,implemented-product-formula,True,,"[""the resolved ordered Hamiltonian groups match the implemented formula""]",,,,,,,implemented-product-formula,True,True,0.0007148954112518532,,,,,,,,,,,,,,,,,,,1.0,none,0.0,system register,1.0,36.0,17495600.0,0.0,-1.0,2081976400.0,26057277.0,analytical-model,7.943282347242814e-05,,,,,,,,,,,,0.1.0,3.11.9,2.5.0,b58b31db18364511c43757e27fffc7abce8df2c1,True,ok,,
1.0,heisenberg_chain:N036,-3.1,empirical,216.0,,,2.0,a8fa234e-a646-4911-8402-a67c302db4ae,2026-08-12T00:11:58.358108+00:00,c1ad72de628f71283ac69037e9bbe97c3e773952f5abde5eac91397ca322d1a6,resource-grid,heisenberg_chain,Heisenberg-36,"{""coupling"":1.0,""field_z"":0.3}",36,36.0,proportional,1.0,0.0007943282347242813,115.7999999999999,141,trotter-p6-empirical,trotter,Trotter p=6 [empirical],empirical-operator-norm,empirical,6.0,,,,,,216.0,,,,,,,,,,,,,,,,,,,,,,,,,,,,,,commuting,3.0,0.0001064120947530859,0.13791007479999998,empirical-operator-norm,Repository empirical operator-norm calibration study v1 (2026-08-10),reviewed calibration opnorm-v1-heisenberg-open-trotter-p6; artifact docs/calibration_data/empirical_1d_v1_accepted.json,"{""prefactor"":0.13791007479999998}",False,implemented-product-formula,False,,"[""the resolved ordered Hamiltonian groups match the implemented formula"",""the fixed formal-order powers in time and segments apply"",""the reviewed affine size calibration extrapolates as flagged""]",,,,,,,implemented-product-formula,False,False,0.0007148954112518532,,,,,,,,,,,,,,,,,,,1.0,none,0.0,system register,1.0,36.0,1236600.0,0.0,-1.0,132316200.0,1841745.0,analytical-model,7.943282347242814e-05,opnorm-v1-heisenberg-open-trotter-p6,heisenberg_chain,affine-aN-plus-b,0.13791007479999998,4.0,12.0,4.0,12.0,True,True,asymptotic-domain,0.1.0,3.11.9,2.5.0,b58b31db18364511c43757e27fffc7abce8df2c1,True,ok,,
1.0,heisenberg_chain:N036,-3.1,jacobi-anger,,,,2.0,a8fa234e-a646-4911-8402-a67c302db4ae,2026-08-12T00:11:58.358108+00:00,c1ad72de628f71283ac69037e9bbe97c3e773952f5abde5eac91397ca322d1a6,resource-grid,heisenberg_chain,Heisenberg-36,"{""coupling"":1.0,""field_z"":0.3}",36,36.0,proportional,1.0,0.0007943282347242813,115.7999999999999,141,qsvt,qsvt,QSVT,jacobi-anger-rigorous,analytical,,,,,,,,,,,,,,,,,,,,,,,,,,,,,,,,,,,34023.0,5671.0,,,0.00017362602716949687,,jacobi-anger-polynomial-oaa,"Martyn et al., arXiv:2105.02859, Eqs. (76)--(77)",Jacobi--Anger tails plus exact cubic OAA identity,"{""oaa-unitarity-defect-distortion"":8.68186653868278e-05,""scaled-polynomial-error"":8.680736178266907e-05}",True,ideal-qsvt-oaa-good-block,True,,"[""the cosine and sine polynomials are implemented exactly"",""the unamplified good block is exactly Q/2""]",,,,,,,implemented-qsvt-floating-phase-circuit,False,False,0.0007148954112518532,,,,,,,,,,,,,,,,,,,2.0,one robust OAA round,1.0,"component, quadrature, and index registers all-zero",,54.0,17419788.0,38990484.0,-1.0,2228916708.0,259596246.0,analytical-model,7.943282347242814e-05,,,,,,,,,,,,0.1.0,3.11.9,2.5.0,b58b31db18364511c43757e27fffc7abce8df2c1,True,ok,,
1.0,heisenberg_chain:N036,-3.1,empirical,,9.0,,2.0,a8fa234e-a646-4911-8402-a67c302db4ae,2026-08-12T00:11:58.358108+00:00,c1ad72de628f71283ac69037e9bbe97c3e773952f5abde5eac91397ca322d1a6,resource-grid,heisenberg_chain,Heisenberg-36,"{""coupling"":1.0,""field_z"":0.3}",36,36.0,proportional,1.0,0.0007943282347242813,115.7999999999999,141,mpf-j-mizuta2026-theorem6-empirical-operator-norm,multiproduct,MPF J=Mizuta Theorem 6 (resolved per point) [empirical operator norm],empirical-operator-norm,,,9.0,18.0,mizuta2026-theorem6,6.300000000000004,0.0007148954112518532,,,,,,,,,,,,,,,,,,,,,,,,,,,,,,,,,,,,,,,,,,,,,,,,,,,,,0.0007148954112518532,,,,,,,,,,,,,,,,,,,,,,,,,,,,,,,,,,,,,,,,,,,0.1.0,3.11.9,2.5.0,b58b31db18364511c43757e27fffc7abce8df2c1,True,missing_empirical,UnsupportedEmpiricalCalibrationError,"no reviewed empirical operator-norm calibration for method=multiproduct, formal_order=18, model=heisenberg_chain, parameters={'coupling': 1.0, 'field_z': 0.3}, boundary=open, partition=None, schedule='new', formula='ordered-individual-pauli-strang-mpf-v1'"
1.0,heisenberg_chain:N036,-3.1,commutator,,9.0,38540.0,2.0,a8fa234e-a646-4911-8402-a67c302db4ae,2026-08-12T00:11:58.358108+00:00,c1ad72de628f71283ac69037e9bbe97c3e773952f5abde5eac91397ca322d1a6,resource-grid,heisenberg_chain,Heisenberg-36,"{""coupling"":1.0,""field_z"":0.3}",36,36.0,proportional,1.0,0.0007943282347242813,115.7999999999999,141,mpf-j-mizuta2026-theorem6-mizuta2026-commutator-ideal-rigorous,multiproduct,MPF J=Mizuta Theorem 6 (resolved per point) [Mizuta 2026 refined commutator],mizuta2026-commutator-ideal-rigorous,analytical,,9.0,18.0,mizuta2026-theorem6,6.300000000000004,0.0007148954112518532,38540.0,38540.0,,27374.0,"[""error""]",190.09121336795624,18.0,,,1.853380759034626e-08,1.1281369168866051e-28,2.4684669695391125e-42,1.1281369168865802e-28,1.1281369168866051e-28,1.8533807590346264e-08,0.0007148033279544647,1.3719981362396362e-05,False,0.001315158105262232,"[1.0000000000000002,1.0000000000000002,1.0000000000000002,1.0000000000000002,1.0000000000000002,1.0000000000000002,1.0000000000000002,1.0000000000000002,1.0000000000000002,1.0000000000000002,1.0000000000000002,1.0000000000000002,1.0000000000000002,1.0000000000000002,1.0000000000000002,1.0000000000000002,1.0000000000000002,1.0000000000000002,1.0000000000000002,1.0000000000000002,1.0000000000000002,1.0000000000000002,1.0000000000000002,1.0000000000000002,1.0000000000000002,1.0000000000000002,1.0000000000000002,1.0000000000000002,1.0000000000000002,1.0000000000000002,1.0000000000000002,1.0000000000000002,1.0000000000000002,1.0000000000000002,1.0000000000000002,1.0000000000000002,1.0000000000000002,1.0000000000000002,1.0000000000000002,1.0000000000000002,1.0000000000000002,1.0000000000000002,1.0000000000000002,1.0000000000000002,1.0000000000000002,1.0000000000000002,1.0000000000000002,1.0000000000000002,1.0000000000000002,1.0000000000000002,1.0000000000000002,1.0000000000000002,1.0000000000000002,1.0000000000000002,1.0000000000000002,1.0000000000000002,1.0000000000000002,1.0000000000000002,1.0000000000000002,1.0000000000000002,1.0000000000000002,1.0000000000000002,1.0000000000000002,1.0000000000000002,1.0000000000000002,1.0000000000000002,1.0000000000000002,1.0000000000000002,1.0000000000000002,1.0000000000000002,1.0000000000000002,1.0000000000000002,1.0000000000000002,1.0000000000000002,1.0000000000000002,1.0000000000000002,1.0000000000000002,1.0000000000000002,1.0000000000000002,1.0000000000000002,1.0000000000000002,1.0000000000000002,1.0000000000000002,1.0000000000000002,1.0000000000000002,1.0000000000000002,1.0000000000000002,1.0000000000000002,1.0000000000000002,1.0000000000000002,1.0000000000000002,1.0000000000000002,1.0000000000000002,1.0000000000000002,1.0000000000000002,1.0000000000000002,1.0000000000000002,1.0000000000000002,1.0000000000000002,1.0000000000000002,1.0000000000000002,1.0000000000000002,1.0000000000000002,1.0000000000000002,1.0000000000000002,1.0000000000000002,1.0000000000000002,1.0000000000000002,1.0000000000000002,1.0000000000000002,1.0000000000000002,1.0000000000000002,1.0000000000000002,1.0000000000000002,1.0000000000000002,1.0000000000000002,1.0000000000000002,1.0000000000000002,1.0000000000000002,1.0000000000000002,1.0000000000000002,1.0000000000000002,1.0000000000000002,1.0000000000000002,1.0000000000000002,1.0000000000000002,1.0000000000000002,1.0000000000000002,1.0000000000000002,1.0000000000000002,1.0000000000000002,1.0000000000000002,1.0000000000000002,1.0000000000000002,1.0000000000000002,1.0000000000000002,1.0000000000000002,1.0000000000000002,1.0000000000000002,1.0000000000000002,1.0000000000000002]",6.300000000000007,4.0,True,exact commutator transition cap reached; locality bound used,not-used,commutator,mizuta2026-commutator-ideal-rigorous,[],9249600.0,,,,0.0007148033279544647,6.769235627709709e+49,mizuta2026-commutator-ideal-rigorous,"Mizuta, Quantum 10, 1974 (2026), arXiv:2507.06557v4","Theorem 4, Eqs. (47)--(49), with direct Lemmas 9--10 BCH remainder","{""error_predicate_satisfied"":1.0,""extensiveness_g"":6.300000000000004,""joint_predicate_satisfied"":1.0,""legacy_first_condition_passed"":0.0,""legacy_first_time_limit"":1.3719981362396362e-05,""local_commutator_error"":1.853380759034626e-08,""local_step_error"":1.8533807590346264e-08,""local_truncated_bch_error"":1.1281369168866051e-28,""locality_k"":2.0,""mu_upper"":190.09121336795624,""refined_lemma10_remainder"":1.1281369168865802e-28,""refined_lemma9_remainder"":2.4684669695391125e-42,""refined_tail_fallback"":0.0,""repeated_global_error"":0.0007148033279544647,""schedule_weighted_extensiveness"":6.300000000000007,""second_time_limit"":0.001315158105262232,""time_2_predicate_satisfied"":1.0,""total_branchwise_bch_remainder"":1.1281369168866051e-28,""truncation_order_p0"":18.0}",True,ideal-mpf,True,ordered individual Pauli terms,"[""individual Pauli summands define the ordered H_gamma decomposition"",""the actual Strang factors define schedule-weighted g_alpha extensiveness"",""Lemma 9 and Lemma 10 positive majorants directly certify the BCH remainder"",""the scalar-flow/Cauchy refined tail certificate is used"",""Theorem 4 second time hypothesis is satisfied"",""the repeated ideal MPF is composed with the Eq. (15) telescoping argument""]","exact Pauli recurrence would require 286794 transitions at order 5, above cap 250000; remaining orders use Mizuta 2026 Eq. (8)",18.0,4.0,True,True,"{""2"":984.0000000000011,""3"":16022.400000000034,""4"":245702.40000000078,""5"":2195110843.2691236,""6"":276583966251.9093,""7"":41819495697289.1,""8"":7376959041001784.0,""9"":1.487194942665952e+18,""10"":3.3729581299663746e+20,""11"":8.499854487515272e+22,""12"":2.356159663939246e+25,""13"":7.125026823752314e+27,""14"":2.3341587874612483e+30,""15"":8.234912202163285e+32,""16"":3.1127968124177332e+35,""17"":1.255079674766826e+38,""18"":5.376761326701115e+40}",repeated-shared-ancilla-good-block,True,False,0.0007148954112518532,new,"[1,2,3,4,5,6,8,14,37]","[1.967691252631999e-13,-3.445506091008736e-08,2.544222523112307e-05,-0.0016199636587070087,0.021324279661958864,-0.07100801545469856,0.14994672471728007,-0.4079534241993221,1.3092849911631212]",1.9611628755355768,0.03883712446442322,80.0,registered-exact,True,9.0,4.0,2.0,5.0,11.0,5.0,6.0,3.0,2.0,3.0,2.0,one robust OAA round per segment,38540.0,branch register all-zero,,43.0,5201743800.0,4432100.0,-1.0,749068835600.0,9099816340.0,analytical-model,7.943282347242814e-05,,,,,,,,,,,,0.1.0,3.11.9,2.5.0,b58b31db18364511c43757e27fffc7abce8df2c1,True,ok,,
1.0,heisenberg_chain:N036,-3.2,commutator,184163.0,,,2.0,a8fa234e-a646-4911-8402-a67c302db4ae,2026-08-12T00:11:58.358108+00:00,c1ad72de628f71283ac69037e9bbe97c3e773952f5abde5eac91397ca322d1a6,resource-grid,heisenberg_chain,Heisenberg-36,"{""coupling"":1.0,""field_z"":0.3}",36,36.0,proportional,1.0,0.000630957344480193,115.7999999999999,141,trotter-p2,trotter,Trotter p=2,analytical,analytical,2.0,,,,,,184163.0,,,,,,,,,,,,,,,,,,,,,,,,,,,,,,individual,141.0,0.000567861504843489,412.80000000000024,childs-commutator,"Childs, Su, Tran, Wiebe, and Zhu, arXiv:1912.08854",Propositions 9--10,"{""prefactor"":412.80000000000024}",True,implemented-product-formula,True,,"[""the resolved ordered Hamiltonian groups match the implemented formula""]",,,,,,,implemented-product-formula,True,True,0.0005678616100321737,,,,,,,,,,,,,,,,,,,1.0,none,0.0,system register,1.0,36.0,51749803.0,0.0,-1.0,6468725375.0,77074175.0,analytical-model,6.30957344480193e-05,,,,,,,,,,,,0.1.0,3.11.9,2.5.0,b58b31db18364511c43757e27fffc7abce8df2c1,True,ok,,
1.0,heisenberg_chain:N036,-3.2,empirical,56242.0,,,2.0,a8fa234e-a646-4911-8402-a67c302db4ae,2026-08-12T00:11:58.358108+00:00,c1ad72de628f71283ac69037e9bbe97c3e773952f5abde5eac91397ca322d1a6,resource-grid,heisenberg_chain,Heisenberg-36,"{""coupling"":1.0,""field_z"":0.3}",36,36.0,proportional,1.0,0.000630957344480193,115.7999999999999,141,trotter-p2-empirical,trotter,Trotter p=2 [empirical],empirical-operator-norm,empirical,2.0,,,,,,56242.0,,,,,,,,,,,,,,,,,,,,,,,,,,,,,,individual,141.0,0.0005678523755138853,38.4990006881,empirical-operator-norm,Repository empirical operator-norm calibration study v1 (2026-08-10),reviewed calibration opnorm-v1-heisenberg-open-trotter-p2; artifact docs/calibration_data/empirical_1d_v1_accepted.json,"{""prefactor"":38.4990006881}",False,implemented-product-formula,False,,"[""the resolved ordered Hamiltonian groups match the implemented formula"",""the fixed formal-order powers in time and segments apply"",""the reviewed affine size calibration extrapolates as flagged""]",,,,,,,implemented-product-formula,False,False,0.0005678616100321737,,,,,,,,,,,,,,,,,,,1.0,none,0.0,system register,1.0,36.0,15804002.0,0.0,-1.0,1880676238.0,23537876.0,analytical-model,6.30957344480193e-05,opnorm-v1-heisenberg-open-trotter-p2,heisenberg_chain,affine-aN-plus-b,38.4990006881,4.0,12.0,4.0,12.0,True,True,formula,0.1.0,3.11.9,2.5.0,b58b31db18364511c43757e27fffc7abce8df2c1,True,ok,,
1.0,heisenberg_chain:N036,-3.2,commutator,6674.0,,,2.0,a8fa234e-a646-4911-8402-a67c302db4ae,2026-08-12T00:11:58.358108+00:00,c1ad72de628f71283ac69037e9bbe97c3e773952f5abde5eac91397ca322d1a6,resource-grid,heisenberg_chain,Heisenberg-36,"{""coupling"":1.0,""field_z"":0.3}",36,36.0,proportional,1.0,0.000630957344480193,115.7999999999999,141,trotter-p4,trotter,Trotter p=4,analytical,analytical,4.0,,,,,,6674.0,,,,,,,,,,,,,,,,,,,,,,,,,,,,,,commuting,3.0,0.0005678095882928673,18630.95116112817,schubert-mendl-commutator,"Schubert and Mendl, arXiv:2306.10603",Theorem 1,"{""prefactor"":18630.95116112817}",True,implemented-product-formula,True,,"[""the resolved ordered Hamiltonian groups match the implemented formula""]",,,,,,,implemented-product-formula,True,True,0.0005678616100321737,,,,,,,,,,,,,,,,,,,1.0,none,0.0,system register,1.0,36.0,7641730.0,0.0,-1.0,886440680.0,11381300.0,analytical-model,6.30957344480193e-05,,,,,,,,,,,,0.1.0,3.11.9,2.5.0,b58b31db18364511c43757e27fffc7abce8df2c1,True,ok,,
1.0,heisenberg_chain:N036,-3.2,empirical,1003.0,,,2.0,a8fa234e-a646-4911-8402-a67c302db4ae,2026-08-12T00:11:58.358108+00:00,c1ad72de628f71283ac69037e9bbe97c3e773952f5abde5eac91397ca322d1a6,resource-grid,heisenberg_chain,Heisenberg-36,"{""coupling"":1.0,""field_z"":0.3}",36,36.0,proportional,1.0,0.000630957344480193,115.7999999999999,141,trotter-p4-empirical,trotter,Trotter p=4 [empirical],empirical-operator-norm,empirical,4.0,,,,,,1003.0,,,,,,,,,,,,,,,,,,,,,,,,,,,,,,commuting,3.0,0.0005673277305865088,9.4956618452,empirical-operator-norm,Repository empirical operator-norm calibration study v1 (2026-08-10),reviewed calibration opnorm-v1-heisenberg-open-trotter-p4; artifact docs/calibration_data/empirical_1d_v1_accepted.json,"{""prefactor"":9.4956618452}",False,implemented-product-formula,False,,"[""the resolved ordered Hamiltonian groups match the implemented formula"",""the fixed formal-order powers in time and segments apply"",""the reviewed affine size calibration extrapolates as flagged""]",,,,,,,implemented-product-formula,False,False,0.0005678616100321737,,,,,,,,,,,,,,,,,,,1.0,none,0.0,system register,1.0,36.0,1148435.0,0.0,-1.0,124030980.0,1710436.0,analytical-model,6.30957344480193e-05,opnorm-v1-heisenberg-open-trotter-p4,heisenberg_chain,affine-aN-plus-b,9.4956618452,4.0,12.0,4.0,12.0,True,True,formula,0.1.0,3.11.9,2.5.0,b58b31db18364511c43757e27fffc7abce8df2c1,True,ok,,
1.0,heisenberg_chain:N036,-3.2,commutator,3176.0,,,2.0,a8fa234e-a646-4911-8402-a67c302db4ae,2026-08-12T00:11:58.358108+00:00,c1ad72de628f71283ac69037e9bbe97c3e773952f5abde5eac91397ca322d1a6,resource-grid,heisenberg_chain,Heisenberg-36,"{""coupling"":1.0,""field_z"":0.3}",36,36.0,proportional,1.0,0.000630957344480193,115.7999999999999,141,trotter-p6,trotter,Trotter p=6,analytical,analytical,6.0,,,,,,3176.0,,,,,,,,,,,,,,,,,,,,,,,,,,,,,,commuting,3.0,0.0005667993739940442,7423262.513876497,schubert-mendl-commutator,"Schubert and Mendl, arXiv:2306.10603",Theorem 1,"{""prefactor"":7423262.513876497}",True,implemented-product-formula,True,,"[""the resolved ordered Hamiltonian groups match the implemented formula""]",,,,,,,implemented-product-formula,True,True,0.0005678616100321737,,,,,,,,,,,,,,,,,,,1.0,none,0.0,system register,1.0,36.0,18182600.0,0.0,-1.0,2181912000.0,27080469.0,analytical-model,6.30957344480193e-05,,,,,,,,,,,,0.1.0,3.11.9,2.5.0,b58b31db18364511c43757e27fffc7abce8df2c1,True,ok,,
1.0,heisenberg_chain:N036,-3.2,empirical,216.0,,,2.0,a8fa234e-a646-4911-8402-a67c302db4ae,2026-08-12T00:11:58.358108+00:00,c1ad72de628f71283ac69037e9bbe97c3e773952f5abde5eac91397ca322d1a6,resource-grid,heisenberg_chain,Heisenberg-36,"{""coupling"":1.0,""field_z"":0.3}",36,36.0,proportional,1.0,0.000630957344480193,115.7999999999999,141,trotter-p6-empirical,trotter,Trotter p=6 [empirical],empirical-operator-norm,empirical,6.0,,,,,,216.0,,,,,,,,,,,,,,,,,,,,,,,,,,,,,,commuting,3.0,0.0001064120947530859,0.13791007479999998,empirical-operator-norm,Repository empirical operator-norm calibration study v1 (2026-08-10),reviewed calibration opnorm-v1-heisenberg-open-trotter-p6; artifact docs/calibration_data/empirical_1d_v1_accepted.json,"{""prefactor"":0.13791007479999998}",False,implemented-product-formula,False,,"[""the resolved ordered Hamiltonian groups match the implemented formula"",""the fixed formal-order powers in time and segments apply"",""the reviewed affine size calibration extrapolates as flagged""]",,,,,,,implemented-product-formula,False,False,0.0005678616100321737,,,,,,,,,,,,,,,,,,,1.0,none,0.0,system register,1.0,36.0,1236600.0,0.0,-1.0,133552800.0,1841745.0,analytical-model,6.30957344480193e-05,opnorm-v1-heisenberg-open-trotter-p6,heisenberg_chain,affine-aN-plus-b,0.13791007479999998,4.0,12.0,4.0,12.0,True,True,asymptotic-domain,0.1.0,3.11.9,2.5.0,b58b31db18364511c43757e27fffc7abce8df2c1,True,ok,,
1.0,heisenberg_chain:N036,-3.2,jacobi-anger,,,,2.0,a8fa234e-a646-4911-8402-a67c302db4ae,2026-08-12T00:11:58.358108+00:00,c1ad72de628f71283ac69037e9bbe97c3e773952f5abde5eac91397ca322d1a6,resource-grid,heisenberg_chain,Heisenberg-36,"{""coupling"":1.0,""field_z"":0.3}",36,36.0,proportional,1.0,0.000630957344480193,115.7999999999999,141,qsvt,qsvt,QSVT,jacobi-anger-rigorous,analytical,,,,,,,,,,,,,,,,,,,,,,,,,,,,,,,,,,,34035.0,5673.0,,,7.580918695282383e-05,,jacobi-anger-polynomial-oaa,"Martyn et al., arXiv:2105.02859, Eqs. (76)--(77)",Jacobi--Anger tails plus exact cubic OAA identity,"{""oaa-unitarity-defect-distortion"":3.790567099741703e-05,""scaled-polynomial-error"":3.79035159554068e-05}",True,ideal-qsvt-oaa-good-block,True,,"[""the cosine and sine polynomials are implemented exactly"",""the unamplified good block is exactly Q/2""]",,,,,,,implemented-qsvt-floating-phase-circuit,False,False,0.0005678616100321737,,,,,,,,,,,,,,,,,,,2.0,one robust OAA round,1.0,"component, quadrature, and index registers all-zero",,54.0,17425932.0,39004236.0,-1.0,2247128784.0,259687806.0,analytical-model,6.30957344480193e-05,,,,,,,,,,,,0.1.0,3.11.9,2.5.0,b58b31db18364511c43757e27fffc7abce8df2c1,True,ok,,
1.0,heisenberg_chain:N036,-3.2,empirical,,9.0,,2.0,a8fa234e-a646-4911-8402-a67c302db4ae,2026-08-12T00:11:58.358108+00:00,c1ad72de628f71283ac69037e9bbe97c3e773952f5abde5eac91397ca322d1a6,resource-grid,heisenberg_chain,Heisenberg-36,"{""coupling"":1.0,""field_z"":0.3}",36,36.0,proportional,1.0,0.000630957344480193,115.7999999999999,141,mpf-j-mizuta2026-theorem6-empirical-operator-norm,multiproduct,MPF J=Mizuta Theorem 6 (resolved per point) [empirical operator norm],empirical-operator-norm,,,9.0,18.0,mizuta2026-theorem6,6.300000000000004,0.0005678616100321737,,,,,,,,,,,,,,,,,,,,,,,,,,,,,,,,,,,,,,,,,,,,,,,,,,,,,0.0005678616100321737,,,,,,,,,,,,,,,,,,,,,,,,,,,,,,,,,,,,,,,,,,,0.1.0,3.11.9,2.5.0,b58b31db18364511c43757e27fffc7abce8df2c1,True,missing_empirical,UnsupportedEmpiricalCalibrationError,"no reviewed empirical operator-norm calibration for method=multiproduct, formal_order=18, model=heisenberg_chain, parameters={'coupling': 1.0, 'field_z': 0.3}, boundary=open, partition=None, schedule='new', formula='ordered-individual-pauli-strang-mpf-v1'"
1.0,heisenberg_chain:N036,-3.2,commutator,,9.0,39036.0,2.0,a8fa234e-a646-4911-8402-a67c302db4ae,2026-08-12T00:11:58.358108+00:00,c1ad72de628f71283ac69037e9bbe97c3e773952f5abde5eac91397ca322d1a6,resource-grid,heisenberg_chain,Heisenberg-36,"{""coupling"":1.0,""field_z"":0.3}",36,36.0,proportional,1.0,0.000630957344480193,115.7999999999999,141,mpf-j-mizuta2026-theorem6-mizuta2026-commutator-ideal-rigorous,multiproduct,MPF J=Mizuta Theorem 6 (resolved per point) [Mizuta 2026 refined commutator],mizuta2026-commutator-ideal-rigorous,analytical,,9.0,18.0,mizuta2026-theorem6,6.300000000000004,0.0005678616100321737,39036.0,39036.0,,27374.0,"[""error""]",190.09121336795624,18.0,,,1.4536045337963088e-08,8.83534166324996e-29,1.9355749189048558e-42,8.835341663249765e-29,8.83534166324996e-29,1.453604533796309e-08,0.0005677511246687368,1.3719981362396362e-05,False,0.001315158105262232,"[1.0000000000000002,1.0000000000000002,1.0000000000000002,1.0000000000000002,1.0000000000000002,1.0000000000000002,1.0000000000000002,1.0000000000000002,1.0000000000000002,1.0000000000000002,1.0000000000000002,1.0000000000000002,1.0000000000000002,1.0000000000000002,1.0000000000000002,1.0000000000000002,1.0000000000000002,1.0000000000000002,1.0000000000000002,1.0000000000000002,1.0000000000000002,1.0000000000000002,1.0000000000000002,1.0000000000000002,1.0000000000000002,1.0000000000000002,1.0000000000000002,1.0000000000000002,1.0000000000000002,1.0000000000000002,1.0000000000000002,1.0000000000000002,1.0000000000000002,1.0000000000000002,1.0000000000000002,1.0000000000000002,1.0000000000000002,1.0000000000000002,1.0000000000000002,1.0000000000000002,1.0000000000000002,1.0000000000000002,1.0000000000000002,1.0000000000000002,1.0000000000000002,1.0000000000000002,1.0000000000000002,1.0000000000000002,1.0000000000000002,1.0000000000000002,1.0000000000000002,1.0000000000000002,1.0000000000000002,1.0000000000000002,1.0000000000000002,1.0000000000000002,1.0000000000000002,1.0000000000000002,1.0000000000000002,1.0000000000000002,1.0000000000000002,1.0000000000000002,1.0000000000000002,1.0000000000000002,1.0000000000000002,1.0000000000000002,1.0000000000000002,1.0000000000000002,1.0000000000000002,1.0000000000000002,1.0000000000000002,1.0000000000000002,1.0000000000000002,1.0000000000000002,1.0000000000000002,1.0000000000000002,1.0000000000000002,1.0000000000000002,1.0000000000000002,1.0000000000000002,1.0000000000000002,1.0000000000000002,1.0000000000000002,1.0000000000000002,1.0000000000000002,1.0000000000000002,1.0000000000000002,1.0000000000000002,1.0000000000000002,1.0000000000000002,1.0000000000000002,1.0000000000000002,1.0000000000000002,1.0000000000000002,1.0000000000000002,1.0000000000000002,1.0000000000000002,1.0000000000000002,1.0000000000000002,1.0000000000000002,1.0000000000000002,1.0000000000000002,1.0000000000000002,1.0000000000000002,1.0000000000000002,1.0000000000000002,1.0000000000000002,1.0000000000000002,1.0000000000000002,1.0000000000000002,1.0000000000000002,1.0000000000000002,1.0000000000000002,1.0000000000000002,1.0000000000000002,1.0000000000000002,1.0000000000000002,1.0000000000000002,1.0000000000000002,1.0000000000000002,1.0000000000000002,1.0000000000000002,1.0000000000000002,1.0000000000000002,1.0000000000000002,1.0000000000000002,1.0000000000000002,1.0000000000000002,1.0000000000000002,1.0000000000000002,1.0000000000000002,1.0000000000000002,1.0000000000000002,1.0000000000000002,1.0000000000000002,1.0000000000000002,1.0000000000000002,1.0000000000000002,1.0000000000000002,1.0000000000000002,1.0000000000000002]",6.300000000000007,4.0,True,exact commutator transition cap reached; locality bound used,not-used,commutator,mizuta2026-commutator-ideal-rigorous,[],9368640.0,,,,0.0005677511246687368,6.769235627709709e+49,mizuta2026-commutator-ideal-rigorous,"Mizuta, Quantum 10, 1974 (2026), arXiv:2507.06557v4","Theorem 4, Eqs. (47)--(49), with direct Lemmas 9--10 BCH remainder","{""error_predicate_satisfied"":1.0,""extensiveness_g"":6.300000000000004,""joint_predicate_satisfied"":1.0,""legacy_first_condition_passed"":0.0,""legacy_first_time_limit"":1.3719981362396362e-05,""local_commutator_error"":1.4536045337963088e-08,""local_step_error"":1.453604533796309e-08,""local_truncated_bch_error"":8.83534166324996e-29,""locality_k"":2.0,""mu_upper"":190.09121336795624,""refined_lemma10_remainder"":8.835341663249765e-29,""refined_lemma9_remainder"":1.9355749189048558e-42,""refined_tail_fallback"":0.0,""repeated_global_error"":0.0005677511246687368,""schedule_weighted_extensiveness"":6.300000000000007,""second_time_limit"":0.001315158105262232,""time_2_predicate_satisfied"":1.0,""total_branchwise_bch_remainder"":8.83534166324996e-29,""truncation_order_p0"":18.0}",True,ideal-mpf,True,ordered individual Pauli terms,"[""individual Pauli summands define the ordered H_gamma decomposition"",""the actual Strang factors define schedule-weighted g_alpha extensiveness"",""Lemma 9 and Lemma 10 positive majorants directly certify the BCH remainder"",""the scalar-flow/Cauchy refined tail certificate is used"",""Theorem 4 second time hypothesis is satisfied"",""the repeated ideal MPF is composed with the Eq. (15) telescoping argument""]","exact Pauli recurrence would require 286794 transitions at order 5, above cap 250000; remaining orders use Mizuta 2026 Eq. (8)",18.0,4.0,True,True,"{""2"":984.0000000000011,""3"":16022.400000000034,""4"":245702.40000000078,""5"":2195110843.2691236,""6"":276583966251.9093,""7"":41819495697289.1,""8"":7376959041001784.0,""9"":1.487194942665952e+18,""10"":3.3729581299663746e+20,""11"":8.499854487515272e+22,""12"":2.356159663939246e+25,""13"":7.125026823752314e+27,""14"":2.3341587874612483e+30,""15"":8.234912202163285e+32,""16"":3.1127968124177332e+35,""17"":1.255079674766826e+38,""18"":5.376761326701115e+40}",repeated-shared-ancilla-good-block,True,False,0.0005678616100321737,new,"[1,2,3,4,5,6,8,14,37]","[1.967691252631999e-13,-3.445506091008736e-08,2.544222523112307e-05,-0.0016199636587070087,0.021324279661958864,-0.07100801545469856,0.14994672471728007,-0.4079534241993221,1.3092849911631212]",1.9611628755355768,0.03883712446442322,80.0,registered-exact,True,9.0,4.0,2.0,5.0,11.0,5.0,6.0,3.0,2.0,3.0,2.0,one robust OAA round per segment,39036.0,branch register all-zero,,43.0,5268688920.0,4489140.0,-1.0,763977849960.0,9216928663.0,analytical-model,6.30957344480193e-05,,,,,,,,,,,,0.1.0,3.11.9,2.5.0,b58b31db18364511c43757e27fffc7abce8df2c1,True,ok,,
1.0,heisenberg_chain:N036,-3.3,commutator,206635.0,,,2.0,a8fa234e-a646-4911-8402-a67c302db4ae,2026-08-12T00:11:58.358108+00:00,c1ad72de628f71283ac69037e9bbe97c3e773952f5abde5eac91397ca322d1a6,resource-grid,heisenberg_chain,Heisenberg-36,"{""coupling"":1.0,""field_z"":0.3}",36,36.0,proportional,1.0,0.0005011872336272725,115.7999999999999,141,trotter-p2,trotter,Trotter p=2,analytical,analytical,2.0,,,,,,206635.0,,,,,,,,,,,,,,,,,,,,,,,,,,,,,,individual,141.0,0.0004510653033867709,412.80000000000024,childs-commutator,"Childs, Su, Tran, Wiebe, and Zhu, arXiv:1912.08854",Propositions 9--10,"{""prefactor"":412.80000000000024}",True,implemented-product-formula,True,,"[""the resolved ordered Hamiltonian groups match the implemented formula""]",,,,,,,implemented-product-formula,True,True,0.0004510685102645453,,,,,,,,,,,,,,,,,,,1.0,none,0.0,system register,1.0,36.0,58064435.0,0.0,-1.0,7316118810.0,86478946.0,analytical-model,5.011872336272726e-05,,,,,,,,,,,,0.1.0,3.11.9,2.5.0,b58b31db18364511c43757e27fffc7abce8df2c1,True,ok,,
1.0,heisenberg_chain:N036,-3.3,empirical,63105.0,,,2.0,a8fa234e-a646-4911-8402-a67c302db4ae,2026-08-12T00:11:58.358108+00:00,c1ad72de628f71283ac69037e9bbe97c3e773952f5abde5eac91397ca322d1a6,resource-grid,heisenberg_chain,Heisenberg-36,"{""coupling"":1.0,""field_z"":0.3}",36,36.0,proportional,1.0,0.0005011872336272725,115.7999999999999,141,trotter-p2-empirical,trotter,Trotter p=2 [empirical],empirical-operator-norm,empirical,2.0,,,,,,63105.0,,,,,,,,,,,,,,,,,,,,,,,,,,,,,,individual,141.0,0.0004510549122535824,38.4990006881,empirical-operator-norm,Repository empirical operator-norm calibration study v1 (2026-08-10),reviewed calibration opnorm-v1-heisenberg-open-trotter-p2; artifact docs/calibration_data/empirical_1d_v1_accepted.json,"{""prefactor"":38.4990006881}",False,implemented-product-formula,False,,"[""the resolved ordered Hamiltonian groups match the implemented formula"",""the fixed formal-order powers in time and segments apply"",""the reviewed affine size calibration extrapolates as flagged""]",,,,,,,implemented-product-formula,False,False,0.0004510685102645453,,,,,,,,,,,,,,,,,,,1.0,none,0.0,system register,1.0,36.0,17732505.0,0.0,-1.0,2145633105.0,26410114.0,analytical-model,5.011872336272726e-05,opnorm-v1-heisenberg-open-trotter-p2,heisenberg_chain,affine-aN-plus-b,38.4990006881,4.0,12.0,4.0,12.0,True,True,formula,0.1.0,3.11.9,2.5.0,b58b31db18364511c43757e27fffc7abce8df2c1,True,ok,,
1.0,heisenberg_chain:N036,-3.3,commutator,7070.0,,,2.0,a8fa234e-a646-4911-8402-a67c302db4ae,2026-08-12T00:11:58.358108+00:00,c1ad72de628f71283ac69037e9bbe97c3e773952f5abde5eac91397ca322d1a6,resource-grid,heisenberg_chain,Heisenberg-36,"{""coupling"":1.0,""field_z"":0.3}",36,36.0,proportional,1.0,0.0005011872336272725,115.7999999999999,141,trotter-p4,trotter,Trotter p=4,analytical,analytical,4.0,,,,,,7070.0,,,,,,,,,,,,,,,,,,,,,,,,,,,,,,commuting,3.0,0.00045088924476340664,18630.95116112817,schubert-mendl-commutator,"Schubert and Mendl, arXiv:2306.10603",Theorem 1,"{""prefactor"":18630.95116112817}",True,implemented-product-formula,True,,"[""the resolved ordered Hamiltonian groups match the implemented formula""]",,,,,,,implemented-product-formula,True,True,0.0004510685102645453,,,,,,,,,,,,,,,,,,,1.0,none,0.0,system register,1.0,36.0,8095150.0,0.0,-1.0,947132550.0,12056607.0,analytical-model,5.011872336272726e-05,,,,,,,,,,,,0.1.0,3.11.9,2.5.0,b58b31db18364511c43757e27fffc7abce8df2c1,True,ok,,
1.0,heisenberg_chain:N036,-3.3,empirical,1063.0,,,2.0,a8fa234e-a646-4911-8402-a67c302db4ae,2026-08-12T00:11:58.358108+00:00,c1ad72de628f71283ac69037e9bbe97c3e773952f5abde5eac91397ca322d1a6,resource-grid,heisenberg_chain,Heisenberg-36,"{""coupling"":1.0,""field_z"":0.3}",36,36.0,proportional,1.0,0.0005011872336272725,115.7999999999999,141,trotter-p4-empirical,trotter,Trotter p=4 [empirical],empirical-operator-norm,empirical,4.0,,,,,,1063.0,,,,,,,,,,,,,,,,,,,,,,,,,,,,,,commuting,3.0,0.00044968115326008453,9.4956618452,empirical-operator-norm,Repository empirical operator-norm calibration study v1 (2026-08-10),reviewed calibration opnorm-v1-heisenberg-open-trotter-p4; artifact docs/calibration_data/empirical_1d_v1_accepted.json,"{""prefactor"":9.4956618452}",False,implemented-product-formula,False,,"[""the resolved ordered Hamiltonian groups match the implemented formula"",""the fixed formal-order powers in time and segments apply"",""the reviewed affine size calibration extrapolates as flagged""]",,,,,,,implemented-product-formula,False,False,0.0004510685102645453,,,,,,,,,,,,,,,,,,,1.0,none,0.0,system register,1.0,36.0,1217135.0,0.0,-1.0,132667715.0,1812755.0,analytical-model,5.011872336272726e-05,opnorm-v1-heisenberg-open-trotter-p4,heisenberg_chain,affine-aN-plus-b,9.4956618452,4.0,12.0,4.0,12.0,True,True,formula,0.1.0,3.11.9,2.5.0,b58b31db18364511c43757e27fffc7abce8df2c1,True,ok,,
1.0,heisenberg_chain:N036,-3.3,commutator,3300.0,,,2.0,a8fa234e-a646-4911-8402-a67c302db4ae,2026-08-12T00:11:58.358108+00:00,c1ad72de628f71283ac69037e9bbe97c3e773952f5abde5eac91397ca322d1a6,resource-grid,heisenberg_chain,Heisenberg-36,"{""coupling"":1.0,""field_z"":0.3}",36,36.0,proportional,1.0,0.0005011872336272725,115.7999999999999,141,trotter-p6,trotter,Trotter p=6,analytical,analytical,6.0,,,,,,3300.0,,,,,,,,,,,,,,,,,,,,,,,,,,,,,,commuting,3.0,0.00045043142821074746,7423262.513876497,schubert-mendl-commutator,"Schubert and Mendl, arXiv:2306.10603",Theorem 1,"{""prefactor"":7423262.513876497}",True,implemented-product-formula,True,,"[""the resolved ordered Hamiltonian groups match the implemented formula""]",,,,,,,implemented-product-formula,True,True,0.0004510685102645453,,,,,,,,,,,,,,,,,,,1.0,none,0.0,system register,1.0,36.0,18892500.0,0.0,-1.0,2285992500.0,28137766.0,analytical-model,5.011872336272726e-05,,,,,,,,,,,,0.1.0,3.11.9,2.5.0,b58b31db18364511c43757e27fffc7abce8df2c1,True,ok,,
1.0,heisenberg_chain:N036,-3.3,empirical,216.0,,,2.0,a8fa234e-a646-4911-8402-a67c302db4ae,2026-08-12T00:11:58.358108+00:00,c1ad72de628f71283ac69037e9bbe97c3e773952f5abde5eac91397ca322d1a6,resource-grid,heisenberg_chain,Heisenberg-36,"{""coupling"":1.0,""field_z"":0.3}",36,36.0,proportional,1.0,0.0005011872336272725,115.7999999999999,141,trotter-p6-empirical,trotter,Trotter p=6 [empirical],empirical-operator-norm,empirical,6.0,,,,,,216.0,,,,,,,,,,,,,,,,,,,,,,,,,,,,,,commuting,3.0,0.0001064120947530859,0.13791007479999998,empirical-operator-norm,Repository empirical operator-norm calibration study v1 (2026-08-10),reviewed calibration opnorm-v1-heisenberg-open-trotter-p6; artifact docs/calibration_data/empirical_1d_v1_accepted.json,"{""prefactor"":0.13791007479999998}",False,implemented-product-formula,False,,"[""the resolved ordered Hamiltonian groups match the implemented formula"",""the fixed formal-order powers in time and segments apply"",""the reviewed affine size calibration extrapolates as flagged""]",,,,,,,implemented-product-formula,False,False,0.0004510685102645453,,,,,,,,,,,,,,,,,,,1.0,none,0.0,system register,1.0,36.0,1236600.0,0.0,-1.0,134789400.0,1841745.0,analytical-model,5.011872336272726e-05,opnorm-v1-heisenberg-open-trotter-p6,heisenberg_chain,affine-aN-plus-b,0.13791007479999998,4.0,12.0,4.0,12.0,True,True,asymptotic-domain,0.1.0,3.11.9,2.5.0,b58b31db18364511c43757e27fffc7abce8df2c1,True,ok,,
1.0,heisenberg_chain:N036,-3.3,jacobi-anger,,,,2.0,a8fa234e-a646-4911-8402-a67c302db4ae,2026-08-12T00:11:58.358108+00:00,c1ad72de628f71283ac69037e9bbe97c3e773952f5abde5eac91397ca322d1a6,resource-grid,heisenberg_chain,Heisenberg-36,"{""coupling"":1.0,""field_z"":0.3}",36,36.0,proportional,1.0,0.0005011872336272725,115.7999999999999,141,qsvt,qsvt,QSVT,jacobi-anger-rigorous,analytical,,,,,,,,,,,,,,,,,,,,,,,,,,,,,,,,,,,34035.0,5673.0,,,6.283158367917813e-05,,jacobi-anger-polynomial-oaa,"Martyn et al., arXiv:2105.02859, Eqs. (76)--(77)",Jacobi--Anger tails plus exact cubic OAA identity,"{""oaa-unitarity-defect-distortion"":3.141653202644275e-05,""scaled-polynomial-error"":3.141505165273538e-05}",True,ideal-qsvt-oaa-good-block,True,,"[""the cosine and sine polynomials are implemented exactly"",""the unamplified good block is exactly Q/2""]",,,,,,,implemented-qsvt-floating-phase-circuit,False,False,0.0004510685102645453,,,,,,,,,,,,,,,,,,,2.0,one robust OAA round,1.0,"component, quadrature, and index registers all-zero",,54.0,17425932.0,39004236.0,-1.0,2264554716.0,259687806.0,analytical-model,5.011872336272726e-05,,,,,,,,,,,,0.1.0,3.11.9,2.5.0,b58b31db18364511c43757e27fffc7abce8df2c1,True,ok,,
1.0,heisenberg_chain:N036,-3.3,empirical,,9.0,,2.0,a8fa234e-a646-4911-8402-a67c302db4ae,2026-08-12T00:11:58.358108+00:00,c1ad72de628f71283ac69037e9bbe97c3e773952f5abde5eac91397ca322d1a6,resource-grid,heisenberg_chain,Heisenberg-36,"{""coupling"":1.0,""field_z"":0.3}",36,36.0,proportional,1.0,0.0005011872336272725,115.7999999999999,141,mpf-j-mizuta2026-theorem6-empirical-operator-norm,multiproduct,MPF J=Mizuta Theorem 6 (resolved per point) [empirical operator norm],empirical-operator-norm,,,9.0,18.0,mizuta2026-theorem6,6.300000000000004,0.0004510685102645453,,,,,,,,,,,,,,,,,,,,,,,,,,,,,,,,,,,,,,,,,,,,,,,,,,,,,0.0004510685102645453,,,,,,,,,,,,,,,,,,,,,,,,,,,,,,,,,,,,,,,,,,,0.1.0,3.11.9,2.5.0,b58b31db18364511c43757e27fffc7abce8df2c1,True,missing_empirical,UnsupportedEmpiricalCalibrationError,"no reviewed empirical operator-norm calibration for method=multiproduct, formal_order=18, model=heisenberg_chain, parameters={'coupling': 1.0, 'field_z': 0.3}, boundary=open, partition=None, schedule='new', formula='ordered-individual-pauli-strang-mpf-v1'"
1.0,heisenberg_chain:N036,-3.3,commutator,,9.0,39538.0,2.0,a8fa234e-a646-4911-8402-a67c302db4ae,2026-08-12T00:11:58.358108+00:00,c1ad72de628f71283ac69037e9bbe97c3e773952f5abde5eac91397ca322d1a6,resource-grid,heisenberg_chain,Heisenberg-36,"{""coupling"":1.0,""field_z"":0.3}",36,36.0,proportional,1.0,0.0005011872336272725,115.7999999999999,141,mpf-j-mizuta2026-theorem6-mizuta2026-commutator-ideal-rigorous,multiproduct,MPF J=Mizuta Theorem 6 (resolved per point) [Mizuta 2026 refined commutator],mizuta2026-commutator-ideal-rigorous,analytical,,9.0,18.0,mizuta2026-theorem6,6.300000000000004,0.0004510685102645453,39538.0,39538.0,,27374.0,"[""error""]",190.09121336795624,18.0,,,1.1402705339226094e-08,6.921082882693083e-29,1.5180078837505634e-42,6.92108288269293e-29,6.921082882693083e-29,1.1402705339226096e-08,0.0004510434612363165,1.3719981362396362e-05,False,0.001315158105262232,"[1.0000000000000002,1.0000000000000002,1.0000000000000002,1.0000000000000002,1.0000000000000002,1.0000000000000002,1.0000000000000002,1.0000000000000002,1.0000000000000002,1.0000000000000002,1.0000000000000002,1.0000000000000002,1.0000000000000002,1.0000000000000002,1.0000000000000002,1.0000000000000002,1.0000000000000002,1.0000000000000002,1.0000000000000002,1.0000000000000002,1.0000000000000002,1.0000000000000002,1.0000000000000002,1.0000000000000002,1.0000000000000002,1.0000000000000002,1.0000000000000002,1.0000000000000002,1.0000000000000002,1.0000000000000002,1.0000000000000002,1.0000000000000002,1.0000000000000002,1.0000000000000002,1.0000000000000002,1.0000000000000002,1.0000000000000002,1.0000000000000002,1.0000000000000002,1.0000000000000002,1.0000000000000002,1.0000000000000002,1.0000000000000002,1.0000000000000002,1.0000000000000002,1.0000000000000002,1.0000000000000002,1.0000000000000002,1.0000000000000002,1.0000000000000002,1.0000000000000002,1.0000000000000002,1.0000000000000002,1.0000000000000002,1.0000000000000002,1.0000000000000002,1.0000000000000002,1.0000000000000002,1.0000000000000002,1.0000000000000002,1.0000000000000002,1.0000000000000002,1.0000000000000002,1.0000000000000002,1.0000000000000002,1.0000000000000002,1.0000000000000002,1.0000000000000002,1.0000000000000002,1.0000000000000002,1.0000000000000002,1.0000000000000002,1.0000000000000002,1.0000000000000002,1.0000000000000002,1.0000000000000002,1.0000000000000002,1.0000000000000002,1.0000000000000002,1.0000000000000002,1.0000000000000002,1.0000000000000002,1.0000000000000002,1.0000000000000002,1.0000000000000002,1.0000000000000002,1.0000000000000002,1.0000000000000002,1.0000000000000002,1.0000000000000002,1.0000000000000002,1.0000000000000002,1.0000000000000002,1.0000000000000002,1.0000000000000002,1.0000000000000002,1.0000000000000002,1.0000000000000002,1.0000000000000002,1.0000000000000002,1.0000000000000002,1.0000000000000002,1.0000000000000002,1.0000000000000002,1.0000000000000002,1.0000000000000002,1.0000000000000002,1.0000000000000002,1.0000000000000002,1.0000000000000002,1.0000000000000002,1.0000000000000002,1.0000000000000002,1.0000000000000002,1.0000000000000002,1.0000000000000002,1.0000000000000002,1.0000000000000002,1.0000000000000002,1.0000000000000002,1.0000000000000002,1.0000000000000002,1.0000000000000002,1.0000000000000002,1.0000000000000002,1.0000000000000002,1.0000000000000002,1.0000000000000002,1.0000000000000002,1.0000000000000002,1.0000000000000002,1.0000000000000002,1.0000000000000002,1.0000000000000002,1.0000000000000002,1.0000000000000002,1.0000000000000002,1.0000000000000002,1.0000000000000002,1.0000000000000002,1.0000000000000002]",6.300000000000007,4.0,True,exact commutator transition cap reached; locality bound used,not-used,commutator,mizuta2026-commutator-ideal-rigorous,[],9489120.0,,,,0.0004510434612363165,6.769235627709709e+49,mizuta2026-commutator-ideal-rigorous,"Mizuta, Quantum 10, 1974 (2026), arXiv:2507.06557v4","Theorem 4, Eqs. (47)--(49), with direct Lemmas 9--10 BCH remainder","{""error_predicate_satisfied"":1.0,""extensiveness_g"":6.300000000000004,""joint_predicate_satisfied"":1.0,""legacy_first_condition_passed"":0.0,""legacy_first_time_limit"":1.3719981362396362e-05,""local_commutator_error"":1.1402705339226094e-08,""local_step_error"":1.1402705339226096e-08,""local_truncated_bch_error"":6.921082882693083e-29,""locality_k"":2.0,""mu_upper"":190.09121336795624,""refined_lemma10_remainder"":6.92108288269293e-29,""refined_lemma9_remainder"":1.5180078837505634e-42,""refined_tail_fallback"":0.0,""repeated_global_error"":0.0004510434612363165,""schedule_weighted_extensiveness"":6.300000000000007,""second_time_limit"":0.001315158105262232,""time_2_predicate_satisfied"":1.0,""total_branchwise_bch_remainder"":6.921082882693083e-29,""truncation_order_p0"":18.0}",True,ideal-mpf,True,ordered individual Pauli terms,"[""individual Pauli summands define the ordered H_gamma decomposition"",""the actual Strang factors define schedule-weighted g_alpha extensiveness"",""Lemma 9 and Lemma 10 positive majorants directly certify the BCH remainder"",""the scalar-flow/Cauchy refined tail certificate is used"",""Theorem 4 second time hypothesis is satisfied"",""the repeated ideal MPF is composed with the Eq. (15) telescoping argument""]","exact Pauli recurrence would require 286794 transitions at order 5, above cap 250000; remaining orders use Mizuta 2026 Eq. (8)",18.0,4.0,True,True,"{""2"":984.0000000000011,""3"":16022.400000000034,""4"":245702.40000000078,""5"":2195110843.2691236,""6"":276583966251.9093,""7"":41819495697289.1,""8"":7376959041001784.0,""9"":1.487194942665952e+18,""10"":3.3729581299663746e+20,""11"":8.499854487515272e+22,""12"":2.356159663939246e+25,""13"":7.125026823752314e+27,""14"":2.3341587874612483e+30,""15"":8.234912202163285e+32,""16"":3.1127968124177332e+35,""17"":1.255079674766826e+38,""18"":5.376761326701115e+40}",repeated-shared-ancilla-good-block,True,False,0.0004510685102645453,new,"[1,2,3,4,5,6,8,14,37]","[1.967691252631999e-13,-3.445506091008736e-08,2.544222523112307e-05,-0.0016199636587070087,0.021324279661958864,-0.07100801545469856,0.14994672471728007,-0.4079534241993221,1.3092849911631212]",1.9611628755355768,0.03883712446442322,80.0,registered-exact,True,9.0,4.0,2.0,5.0,11.0,5.0,6.0,3.0,2.0,3.0,2.0,one robust OAA round per segment,39538.0,branch register all-zero,,43.0,5336443860.0,4546870.0,-1.0,779138991040.0,9335457667.0,analytical-model,5.011872336272726e-05,,,,,,,,,,,,0.1.0,3.11.9,2.5.0,b58b31db18364511c43757e27fffc7abce8df2c1,True,ok,,
1.0,heisenberg_chain:N036,-3.4,commutator,231848.0,,,2.0,a8fa234e-a646-4911-8402-a67c302db4ae,2026-08-12T00:11:58.358108+00:00,c1ad72de628f71283ac69037e9bbe97c3e773952f5abde5eac91397ca322d1a6,resource-grid,heisenberg_chain,Heisenberg-36,"{""coupling"":1.0,""field_z"":0.3}",36,36.0,proportional,1.0,0.00039810717055349735,115.7999999999999,141,trotter-p2,trotter,Trotter p=2,analytical,analytical,2.0,,,,,,231848.0,,,,,,,,,,,,,,,,,,,,,,,,,,,,,,individual,141.0,0.0003582947818134869,412.80000000000024,childs-commutator,"Childs, Su, Tran, Wiebe, and Zhu, arXiv:1912.08854",Propositions 9--10,"{""prefactor"":412.80000000000024}",True,implemented-product-formula,True,,"[""the resolved ordered Hamiltonian groups match the implemented formula""]",,,,,,,implemented-product-formula,True,True,0.00035829645349814764,,,,,,,,,,,,,,,,,,,1.0,none,0.0,system register,1.0,36.0,65149288.0,0.0,-1.0,8339108864.0,97030855.0,analytical-model,3.9810717055349735e-05,,,,,,,,,,,,0.1.0,3.11.9,2.5.0,b58b31db18364511c43757e27fffc7abce8df2c1,True,ok,,
1.0,heisenberg_chain:N036,-3.4,empirical,70804.0,,,2.0,a8fa234e-a646-4911-8402-a67c302db4ae,2026-08-12T00:11:58.358108+00:00,c1ad72de628f71283ac69037e9bbe97c3e773952f5abde5eac91397ca322d1a6,resource-grid,heisenberg_chain,Heisenberg-36,"{""coupling"":1.0,""field_z"":0.3}",36,36.0,proportional,1.0,0.00039810717055349735,115.7999999999999,141,trotter-p2-empirical,trotter,Trotter p=2 [empirical],empirical-operator-norm,empirical,2.0,,,,,,70804.0,,,,,,,,,,,,,,,,,,,,,,,,,,,,,,individual,141.0,0.0003582955152956126,38.4990006881,empirical-operator-norm,Repository empirical operator-norm calibration study v1 (2026-08-10),reviewed calibration opnorm-v1-heisenberg-open-trotter-p2; artifact docs/calibration_data/empirical_1d_v1_accepted.json,"{""prefactor"":38.4990006881}",False,implemented-product-formula,False,,"[""the resolved ordered Hamiltonian groups match the implemented formula"",""the fixed formal-order powers in time and segments apply"",""the reviewed affine size calibration extrapolates as flagged""]",,,,,,,implemented-product-formula,False,False,0.00035829645349814764,,,,,,,,,,,,,,,,,,,1.0,none,0.0,system register,1.0,36.0,19895924.0,0.0,-1.0,2427302728.0,29632228.0,analytical-model,3.9810717055349735e-05,opnorm-v1-heisenberg-open-trotter-p2,heisenberg_chain,affine-aN-plus-b,38.4990006881,4.0,12.0,4.0,12.0,True,True,formula,0.1.0,3.11.9,2.5.0,b58b31db18364511c43757e27fffc7abce8df2c1,True,ok,,
1.0,heisenberg_chain:N036,-3.4,commutator,7489.0,,,2.0,a8fa234e-a646-4911-8402-a67c302db4ae,2026-08-12T00:11:58.358108+00:00,c1ad72de628f71283ac69037e9bbe97c3e773952f5abde5eac91397ca322d1a6,resource-grid,heisenberg_chain,Heisenberg-36,"{""coupling"":1.0,""field_z"":0.3}",36,36.0,proportional,1.0,0.00039810717055349735,115.7999999999999,141,trotter-p4,trotter,Trotter p=4,analytical,analytical,4.0,,,,,,7489.0,,,,,,,,,,,,,,,,,,,,,,,,,,,,,,commuting,3.0,0.00035813948838979166,18630.95116112817,schubert-mendl-commutator,"Schubert and Mendl, arXiv:2306.10603",Theorem 1,"{""prefactor"":18630.95116112817}",True,implemented-product-formula,True,,"[""the resolved ordered Hamiltonian groups match the implemented formula""]",,,,,,,implemented-product-formula,True,True,0.00035829645349814764,,,,,,,,,,,,,,,,,,,1.0,none,0.0,system register,1.0,36.0,8574905.0,0.0,-1.0,1020413695.0,12771136.0,analytical-model,3.9810717055349735e-05,,,,,,,,,,,,0.1.0,3.11.9,2.5.0,b58b31db18364511c43757e27fffc7abce8df2c1,True,ok,,
1.0,heisenberg_chain:N036,-3.4,empirical,1126.0,,,2.0,a8fa234e-a646-4911-8402-a67c302db4ae,2026-08-12T00:11:58.358108+00:00,c1ad72de628f71283ac69037e9bbe97c3e773952f5abde5eac91397ca322d1a6,resource-grid,heisenberg_chain,Heisenberg-36,"{""coupling"":1.0,""field_z"":0.3}",36,36.0,proportional,1.0,0.00039810717055349735,115.7999999999999,141,trotter-p4-empirical,trotter,Trotter p=4 [empirical],empirical-operator-norm,empirical,4.0,,,,,,1126.0,,,,,,,,,,,,,,,,,,,,,,,,,,,,,,commuting,3.0,0.000357177573145286,9.4956618452,empirical-operator-norm,Repository empirical operator-norm calibration study v1 (2026-08-10),reviewed calibration opnorm-v1-heisenberg-open-trotter-p4; artifact docs/calibration_data/empirical_1d_v1_accepted.json,"{""prefactor"":9.4956618452}",False,implemented-product-formula,False,,"[""the resolved ordered Hamiltonian groups match the implemented formula"",""the fixed formal-order powers in time and segments apply"",""the reviewed affine size calibration extrapolates as flagged""]",,,,,,,implemented-product-formula,False,False,0.00035829645349814764,,,,,,,,,,,,,,,,,,,1.0,none,0.0,system register,1.0,36.0,1289270.0,0.0,-1.0,141819700.0,1920190.0,analytical-model,3.9810717055349735e-05,opnorm-v1-heisenberg-open-trotter-p4,heisenberg_chain,affine-aN-plus-b,9.4956618452,4.0,12.0,4.0,12.0,True,True,formula,0.1.0,3.11.9,2.5.0,b58b31db18364511c43757e27fffc7abce8df2c1,True,ok,,
1.0,heisenberg_chain:N036,-3.4,commutator,3429.0,,,2.0,a8fa234e-a646-4911-8402-a67c302db4ae,2026-08-12T00:11:58.358108+00:00,c1ad72de628f71283ac69037e9bbe97c3e773952f5abde5eac91397ca322d1a6,resource-grid,heisenberg_chain,Heisenberg-36,"{""coupling"":1.0,""field_z"":0.3}",36,36.0,proportional,1.0,0.00039810717055349735,115.7999999999999,141,trotter-p6,trotter,Trotter p=6,analytical,analytical,6.0,,,,,,3429.0,,,,,,,,,,,,,,,,,,,,,,,,,,,,,,commuting,3.0,0.00035785526708956604,7423262.513876497,schubert-mendl-commutator,"Schubert and Mendl, arXiv:2306.10603",Theorem 1,"{""prefactor"":7423262.513876497}",True,implemented-product-formula,True,,"[""the resolved ordered Hamiltonian groups match the implemented formula""]",,,,,,,implemented-product-formula,True,True,0.00035829645349814764,,,,,,,,,,,,,,,,,,,1.0,none,0.0,system register,1.0,36.0,19631025.0,0.0,-1.0,2394985050.0,29237697.0,analytical-model,3.9810717055349735e-05,,,,,,,,,,,,0.1.0,3.11.9,2.5.0,b58b31db18364511c43757e27fffc7abce8df2c1,True,ok,,
1.0,heisenberg_chain:N036,-3.4,empirical,216.0,,,2.0,a8fa234e-a646-4911-8402-a67c302db4ae,2026-08-12T00:11:58.358108+00:00,c1ad72de628f71283ac69037e9bbe97c3e773952f5abde5eac91397ca322d1a6,resource-grid,heisenberg_chain,Heisenberg-36,"{""coupling"":1.0,""field_z"":0.3}",36,36.0,proportional,1.0,0.00039810717055349735,115.7999999999999,141,trotter-p6-empirical,trotter,Trotter p=6 [empirical],empirical-operator-norm,empirical,6.0,,,,,,216.0,,,,,,,,,,,,,,,,,,,,,,,,,,,,,,commuting,3.0,0.0001064120947530859,0.13791007479999998,empirical-operator-norm,Repository empirical operator-norm calibration study v1 (2026-08-10),reviewed calibration opnorm-v1-heisenberg-open-trotter-p6; artifact docs/calibration_data/empirical_1d_v1_accepted.json,"{""prefactor"":0.13791007479999998}",False,implemented-product-formula,False,,"[""the resolved ordered Hamiltonian groups match the implemented formula"",""the fixed formal-order powers in time and segments apply"",""the reviewed affine size calibration extrapolates as flagged""]",,,,,,,implemented-product-formula,False,False,0.00035829645349814764,,,,,,,,,,,,,,,,,,,1.0,none,0.0,system register,1.0,36.0,1236600.0,0.0,-1.0,136026000.0,1841745.0,analytical-model,3.9810717055349735e-05,opnorm-v1-heisenberg-open-trotter-p6,heisenberg_chain,affine-aN-plus-b,0.13791007479999998,4.0,12.0,4.0,12.0,True,True,asymptotic-domain,0.1.0,3.11.9,2.5.0,b58b31db18364511c43757e27fffc7abce8df2c1,True,ok,,
1.0,heisenberg_chain:N036,-3.4,jacobi-anger,,,,2.0,a8fa234e-a646-4911-8402-a67c302db4ae,2026-08-12T00:11:58.358108+00:00,c1ad72de628f71283ac69037e9bbe97c3e773952f5abde5eac91397ca322d1a6,resource-grid,heisenberg_chain,Heisenberg-36,"{""coupling"":1.0,""field_z"":0.3}",36,36.0,proportional,1.0,0.00039810717055349735,115.7999999999999,141,qsvt,qsvt,QSVT,jacobi-anger-rigorous,analytical,,,,,,,,,,,,,,,,,,,,,,,,,,,,,,,,,,,34035.0,5673.0,,,5.2523196989830005e-05,,jacobi-anger-polynomial-oaa,"Martyn et al., arXiv:2105.02859, Eqs. (76)--(77)",Jacobi--Anger tails plus exact cubic OAA identity,"{""oaa-unitarity-defect-distortion"":2.62621157327343e-05,""scaled-polynomial-error"":2.6261081257095706e-05}",True,ideal-qsvt-oaa-good-block,True,,"[""the cosine and sine polynomials are implemented exactly"",""the unamplified good block is exactly Q/2""]",,,,,,,implemented-qsvt-floating-phase-circuit,False,False,0.00035829645349814764,,,,,,,,,,,,,,,,,,,2.0,one robust OAA round,1.0,"component, quadrature, and index registers all-zero",,54.0,17425932.0,39004236.0,-1.0,2281980648.0,259687806.0,analytical-model,3.9810717055349735e-05,,,,,,,,,,,,0.1.0,3.11.9,2.5.0,b58b31db18364511c43757e27fffc7abce8df2c1,True,ok,,
1.0,heisenberg_chain:N036,-3.4,empirical,,9.0,,2.0,a8fa234e-a646-4911-8402-a67c302db4ae,2026-08-12T00:11:58.358108+00:00,c1ad72de628f71283ac69037e9bbe97c3e773952f5abde5eac91397ca322d1a6,resource-grid,heisenberg_chain,Heisenberg-36,"{""coupling"":1.0,""field_z"":0.3}",36,36.0,proportional,1.0,0.00039810717055349735,115.7999999999999,141,mpf-j-mizuta2026-theorem6-empirical-operator-norm,multiproduct,MPF J=Mizuta Theorem 6 (resolved per point) [empirical operator norm],empirical-operator-norm,,,9.0,18.0,mizuta2026-theorem6,6.300000000000004,0.00035829645349814764,,,,,,,,,,,,,,,,,,,,,,,,,,,,,,,,,,,,,,,,,,,,,,,,,,,,,0.00035829645349814764,,,,,,,,,,,,,,,,,,,,,,,,,,,,,,,,,,,,,,,,,,,0.1.0,3.11.9,2.5.0,b58b31db18364511c43757e27fffc7abce8df2c1,True,missing_empirical,UnsupportedEmpiricalCalibrationError,"no reviewed empirical operator-norm calibration for method=multiproduct, formal_order=18, model=heisenberg_chain, parameters={'coupling': 1.0, 'field_z': 0.3}, boundary=open, partition=None, schedule='new', formula='ordered-individual-pauli-strang-mpf-v1'"
1.0,heisenberg_chain:N036,-3.4,commutator,,9.0,40047.0,2.0,a8fa234e-a646-4911-8402-a67c302db4ae,2026-08-12T00:11:58.358108+00:00,c1ad72de628f71283ac69037e9bbe97c3e773952f5abde5eac91397ca322d1a6,resource-grid,heisenberg_chain,Heisenberg-36,"{""coupling"":1.0,""field_z"":0.3}",36,36.0,proportional,1.0,0.00039810717055349735,115.7999999999999,141,mpf-j-mizuta2026-theorem6-mizuta2026-commutator-ideal-rigorous,multiproduct,MPF J=Mizuta Theorem 6 (resolved per point) [Mizuta 2026 refined commutator],mizuta2026-commutator-ideal-rigorous,analytical,,9.0,18.0,mizuta2026-theorem6,6.300000000000004,0.00035829645349814764,40047.0,40047.0,,27374.0,"[""error""]",190.09121336795624,18.0,,,8.942467661858636e-09,5.420264798895229e-29,1.190219548671746e-42,5.420264798895109e-29,5.420264798895229e-29,8.942467661858638e-09,0.0003582472714371665,1.3719981362396362e-05,False,0.001315158105262232,"[1.0000000000000002,1.0000000000000002,1.0000000000000002,1.0000000000000002,1.0000000000000002,1.0000000000000002,1.0000000000000002,1.0000000000000002,1.0000000000000002,1.0000000000000002,1.0000000000000002,1.0000000000000002,1.0000000000000002,1.0000000000000002,1.0000000000000002,1.0000000000000002,1.0000000000000002,1.0000000000000002,1.0000000000000002,1.0000000000000002,1.0000000000000002,1.0000000000000002,1.0000000000000002,1.0000000000000002,1.0000000000000002,1.0000000000000002,1.0000000000000002,1.0000000000000002,1.0000000000000002,1.0000000000000002,1.0000000000000002,1.0000000000000002,1.0000000000000002,1.0000000000000002,1.0000000000000002,1.0000000000000002,1.0000000000000002,1.0000000000000002,1.0000000000000002,1.0000000000000002,1.0000000000000002,1.0000000000000002,1.0000000000000002,1.0000000000000002,1.0000000000000002,1.0000000000000002,1.0000000000000002,1.0000000000000002,1.0000000000000002,1.0000000000000002,1.0000000000000002,1.0000000000000002,1.0000000000000002,1.0000000000000002,1.0000000000000002,1.0000000000000002,1.0000000000000002,1.0000000000000002,1.0000000000000002,1.0000000000000002,1.0000000000000002,1.0000000000000002,1.0000000000000002,1.0000000000000002,1.0000000000000002,1.0000000000000002,1.0000000000000002,1.0000000000000002,1.0000000000000002,1.0000000000000002,1.0000000000000002,1.0000000000000002,1.0000000000000002,1.0000000000000002,1.0000000000000002,1.0000000000000002,1.0000000000000002,1.0000000000000002,1.0000000000000002,1.0000000000000002,1.0000000000000002,1.0000000000000002,1.0000000000000002,1.0000000000000002,1.0000000000000002,1.0000000000000002,1.0000000000000002,1.0000000000000002,1.0000000000000002,1.0000000000000002,1.0000000000000002,1.0000000000000002,1.0000000000000002,1.0000000000000002,1.0000000000000002,1.0000000000000002,1.0000000000000002,1.0000000000000002,1.0000000000000002,1.0000000000000002,1.0000000000000002,1.0000000000000002,1.0000000000000002,1.0000000000000002,1.0000000000000002,1.0000000000000002,1.0000000000000002,1.0000000000000002,1.0000000000000002,1.0000000000000002,1.0000000000000002,1.0000000000000002,1.0000000000000002,1.0000000000000002,1.0000000000000002,1.0000000000000002,1.0000000000000002,1.0000000000000002,1.0000000000000002,1.0000000000000002,1.0000000000000002,1.0000000000000002,1.0000000000000002,1.0000000000000002,1.0000000000000002,1.0000000000000002,1.0000000000000002,1.0000000000000002,1.0000000000000002,1.0000000000000002,1.0000000000000002,1.0000000000000002,1.0000000000000002,1.0000000000000002,1.0000000000000002,1.0000000000000002,1.0000000000000002,1.0000000000000002,1.0000000000000002,1.0000000000000002,1.0000000000000002]",6.300000000000007,4.0,True,exact commutator transition cap reached; locality bound used,not-used,commutator,mizuta2026-commutator-ideal-rigorous,[],9611280.0,,,,0.0003582472714371665,6.769235627709709e+49,mizuta2026-commutator-ideal-rigorous,"Mizuta, Quantum 10, 1974 (2026), arXiv:2507.06557v4","Theorem 4, Eqs. (47)--(49), with direct Lemmas 9--10 BCH remainder","{""error_predicate_satisfied"":1.0,""extensiveness_g"":6.300000000000004,""joint_predicate_satisfied"":1.0,""legacy_first_condition_passed"":0.0,""legacy_first_time_limit"":1.3719981362396362e-05,""local_commutator_error"":8.942467661858636e-09,""local_step_error"":8.942467661858638e-09,""local_truncated_bch_error"":5.420264798895229e-29,""locality_k"":2.0,""mu_upper"":190.09121336795624,""refined_lemma10_remainder"":5.420264798895109e-29,""refined_lemma9_remainder"":1.190219548671746e-42,""refined_tail_fallback"":0.0,""repeated_global_error"":0.0003582472714371665,""schedule_weighted_extensiveness"":6.300000000000007,""second_time_limit"":0.001315158105262232,""time_2_predicate_satisfied"":1.0,""total_branchwise_bch_remainder"":5.420264798895229e-29,""truncation_order_p0"":18.0}",True,ideal-mpf,True,ordered individual Pauli terms,"[""individual Pauli summands define the ordered H_gamma decomposition"",""the actual Strang factors define schedule-weighted g_alpha extensiveness"",""Lemma 9 and Lemma 10 positive majorants directly certify the BCH remainder"",""the scalar-flow/Cauchy refined tail certificate is used"",""Theorem 4 second time hypothesis is satisfied"",""the repeated ideal MPF is composed with the Eq. (15) telescoping argument""]","exact Pauli recurrence would require 286794 transitions at order 5, above cap 250000; remaining orders use Mizuta 2026 Eq. (8)",18.0,4.0,True,True,"{""2"":984.0000000000011,""3"":16022.400000000034,""4"":245702.40000000078,""5"":2195110843.2691236,""6"":276583966251.9093,""7"":41819495697289.1,""8"":7376959041001784.0,""9"":1.487194942665952e+18,""10"":3.3729581299663746e+20,""11"":8.499854487515272e+22,""12"":2.356159663939246e+25,""13"":7.125026823752314e+27,""14"":2.3341587874612483e+30,""15"":8.234912202163285e+32,""16"":3.1127968124177332e+35,""17"":1.255079674766826e+38,""18"":5.376761326701115e+40}",repeated-shared-ancilla-good-block,True,False,0.00035829645349814764,new,"[1,2,3,4,5,6,8,14,37]","[1.967691252631999e-13,-3.445506091008736e-08,2.544222523112307e-05,-0.0016199636587070087,0.021324279661958864,-0.07100801545469856,0.14994672471728007,-0.4079534241993221,1.3092849911631212]",1.9611628755355768,0.03883712446442322,80.0,registered-exact,True,9.0,4.0,2.0,5.0,11.0,5.0,6.0,3.0,2.0,3.0,2.0,one robust OAA round per segment,40047.0,branch register all-zero,,43.0,5405143590.0,4605405.0,-1.0,794574529350.0,9455639465.0,analytical-model,3.9810717055349735e-05,,,,,,,,,,,,0.1.0,3.11.9,2.5.0,b58b31db18364511c43757e27fffc7abce8df2c1,True,ok,,
1.0,heisenberg_chain:N036,-3.5,commutator,260138.0,,,2.0,a8fa234e-a646-4911-8402-a67c302db4ae,2026-08-12T00:11:58.358108+00:00,c1ad72de628f71283ac69037e9bbe97c3e773952f5abde5eac91397ca322d1a6,resource-grid,heisenberg_chain,Heisenberg-36,"{""coupling"":1.0,""field_z"":0.3}",36,36.0,proportional,1.0,0.00031622776601683794,115.7999999999999,141,trotter-p2,trotter,Trotter p=2,analytical,analytical,2.0,,,,,,260138.0,,,,,,,,,,,,,,,,,,,,,,,,,,,,,,individual,141.0,0.0002846030808127193,412.80000000000024,childs-commutator,"Childs, Su, Tran, Wiebe, and Zhu, arXiv:1912.08854",Propositions 9--10,"{""prefactor"":412.80000000000024}",True,implemented-product-formula,True,,"[""the resolved ordered Hamiltonian groups match the implemented formula""]",,,,,,,implemented-product-formula,True,True,0.0002846049894151542,,,,,,,,,,,,,,,,,,,1.0,none,0.0,system register,1.0,36.0,73098778.0,0.0,-1.0,9429742362.0,108870521.0,analytical-model,3.1622776601683795e-05,,,,,,,,,,,,0.1.0,3.11.9,2.5.0,b58b31db18364511c43757e27fffc7abce8df2c1,True,ok,,
1.0,heisenberg_chain:N036,-3.5,empirical,79444.0,,,2.0,a8fa234e-a646-4911-8402-a67c302db4ae,2026-08-12T00:11:58.358108+00:00,c1ad72de628f71283ac69037e9bbe97c3e773952f5abde5eac91397ca322d1a6,resource-grid,heisenberg_chain,Heisenberg-36,"{""coupling"":1.0,""field_z"":0.3}",36,36.0,proportional,1.0,0.00031622776601683794,115.7999999999999,141,trotter-p2-empirical,trotter,Trotter p=2 [empirical],empirical-operator-norm,empirical,2.0,,,,,,79444.0,,,,,,,,,,,,,,,,,,,,,,,,,,,,,,individual,141.0,0.0002845999068342449,38.4990006881,empirical-operator-norm,Repository empirical operator-norm calibration study v1 (2026-08-10),reviewed calibration opnorm-v1-heisenberg-open-trotter-p2; artifact docs/calibration_data/empirical_1d_v1_accepted.json,"{""prefactor"":38.4990006881}",False,implemented-product-formula,False,,"[""the resolved ordered Hamiltonian groups match the implemented formula"",""the fixed formal-order powers in time and segments apply"",""the reviewed affine size calibration extrapolates as flagged""]",,,,,,,implemented-product-formula,False,False,0.0002846049894151542,,,,,,,,,,,,,,,,,,,1.0,none,0.0,system register,1.0,36.0,22323764.0,0.0,-1.0,2768146736.0,33248160.0,analytical-model,3.1622776601683795e-05,opnorm-v1-heisenberg-open-trotter-p2,heisenberg_chain,affine-aN-plus-b,38.4990006881,4.0,12.0,4.0,12.0,True,True,formula,0.1.0,3.11.9,2.5.0,b58b31db18364511c43757e27fffc7abce8df2c1,True,ok,,
1.0,heisenberg_chain:N036,-3.5,commutator,7932.0,,,2.0,a8fa234e-a646-4911-8402-a67c302db4ae,2026-08-12T00:11:58.358108+00:00,c1ad72de628f71283ac69037e9bbe97c3e773952f5abde5eac91397ca322d1a6,resource-grid,heisenberg_chain,Heisenberg-36,"{""coupling"":1.0,""field_z"":0.3}",36,36.0,proportional,1.0,0.00031622776601683794,115.7999999999999,141,trotter-p4,trotter,Trotter p=4,analytical,analytical,4.0,,,,,,7932.0,,,,,,,,,,,,,,,,,,,,,,,,,,,,,,commuting,3.0,0.0002845880822461358,18630.95116112817,schubert-mendl-commutator,"Schubert and Mendl, arXiv:2306.10603",Theorem 1,"{""prefactor"":18630.95116112817}",True,implemented-product-formula,True,,"[""the resolved ordered Hamiltonian groups match the implemented formula""]",,,,,,,implemented-product-formula,True,True,0.0002846049894151542,,,,,,,,,,,,,,,,,,,1.0,none,0.0,system register,1.0,36.0,9082140.0,0.0,-1.0,1089856800.0,13526592.0,analytical-model,3.1622776601683795e-05,,,,,,,,,,,,0.1.0,3.11.9,2.5.0,b58b31db18364511c43757e27fffc7abce8df2c1,True,ok,,
1.0,heisenberg_chain:N036,-3.5,empirical,1192.0,,,2.0,a8fa234e-a646-4911-8402-a67c302db4ae,2026-08-12T00:11:58.358108+00:00,c1ad72de628f71283ac69037e9bbe97c3e773952f5abde5eac91397ca322d1a6,resource-grid,heisenberg_chain,Heisenberg-36,"{""coupling"":1.0,""field_z"":0.3}",36,36.0,proportional,1.0,0.00031622776601683794,115.7999999999999,141,trotter-p4-empirical,trotter,Trotter p=4 [empirical],empirical-operator-norm,empirical,4.0,,,,,,1192.0,,,,,,,,,,,,,,,,,,,,,,,,,,,,,,commuting,3.0,0.0002844020500342503,9.4956618452,empirical-operator-norm,Repository empirical operator-norm calibration study v1 (2026-08-10),reviewed calibration opnorm-v1-heisenberg-open-trotter-p4; artifact docs/calibration_data/empirical_1d_v1_accepted.json,"{""prefactor"":9.4956618452}",False,implemented-product-formula,False,,"[""the resolved ordered Hamiltonian groups match the implemented formula"",""the fixed formal-order powers in time and segments apply"",""the reviewed affine size calibration extrapolates as flagged""]",,,,,,,implemented-product-formula,False,False,0.0002846049894151542,,,,,,,,,,,,,,,,,,,1.0,none,0.0,system register,1.0,36.0,1364840.0,0.0,-1.0,152862080.0,2032741.0,analytical-model,3.1622776601683795e-05,opnorm-v1-heisenberg-open-trotter-p4,heisenberg_chain,affine-aN-plus-b,9.4956618452,4.0,12.0,4.0,12.0,True,True,formula,0.1.0,3.11.9,2.5.0,b58b31db18364511c43757e27fffc7abce8df2c1,True,ok,,
1.0,heisenberg_chain:N036,-3.5,commutator,3563.0,,,2.0,a8fa234e-a646-4911-8402-a67c302db4ae,2026-08-12T00:11:58.358108+00:00,c1ad72de628f71283ac69037e9bbe97c3e773952f5abde5eac91397ca322d1a6,resource-grid,heisenberg_chain,Heisenberg-36,"{""coupling"":1.0,""field_z"":0.3}",36,36.0,proportional,1.0,0.00031622776601683794,115.7999999999999,141,trotter-p6,trotter,Trotter p=6,analytical,analytical,6.0,,,,,,3563.0,,,,,,,,,,,,,,,,,,,,,,,,,,,,,,commuting,3.0,0.00028432653361225134,7423262.513876497,schubert-mendl-commutator,"Schubert and Mendl, arXiv:2306.10603",Theorem 1,"{""prefactor"":7423262.513876497}",True,implemented-product-formula,True,,"[""the resolved ordered Hamiltonian groups match the implemented formula""]",,,,,,,implemented-product-formula,True,True,0.0002846049894151542,,,,,,,,,,,,,,,,,,,1.0,none,0.0,system register,1.0,36.0,20398175.0,0.0,-1.0,2508975525.0,30380261.0,analytical-model,3.1622776601683795e-05,,,,,,,,,,,,0.1.0,3.11.9,2.5.0,b58b31db18364511c43757e27fffc7abce8df2c1,True,ok,,
1.0,heisenberg_chain:N036,-3.5,empirical,216.0,,,2.0,a8fa234e-a646-4911-8402-a67c302db4ae,2026-08-12T00:11:58.358108+00:00,c1ad72de628f71283ac69037e9bbe97c3e773952f5abde5eac91397ca322d1a6,resource-grid,heisenberg_chain,Heisenberg-36,"{""coupling"":1.0,""field_z"":0.3}",36,36.0,proportional,1.0,0.00031622776601683794,115.7999999999999,141,trotter-p6-empirical,trotter,Trotter p=6 [empirical],empirical-operator-norm,empirical,6.0,,,,,,216.0,,,,,,,,,,,,,,,,,,,,,,,,,,,,,,commuting,3.0,0.0001064120947530859,0.13791007479999998,empirical-operator-norm,Repository empirical operator-norm calibration study v1 (2026-08-10),reviewed calibration opnorm-v1-heisenberg-open-trotter-p6; artifact docs/calibration_data/empirical_1d_v1_accepted.json,"{""prefactor"":0.13791007479999998}",False,implemented-product-formula,False,,"[""the resolved ordered Hamiltonian groups match the implemented formula"",""the fixed formal-order powers in time and segments apply"",""the reviewed affine size calibration extrapolates as flagged""]",,,,,,,implemented-product-formula,False,False,0.0002846049894151542,,,,,,,,,,,,,,,,,,,1.0,none,0.0,system register,1.0,36.0,1236600.0,0.0,-1.0,137262600.0,1841745.0,analytical-model,3.1622776601683795e-05,opnorm-v1-heisenberg-open-trotter-p6,heisenberg_chain,affine-aN-plus-b,0.13791007479999998,4.0,12.0,4.0,12.0,True,True,asymptotic-domain,0.1.0,3.11.9,2.5.0,b58b31db18364511c43757e27fffc7abce8df2c1,True,ok,,
1.0,heisenberg_chain:N036,-3.5,jacobi-anger,,,,2.0,a8fa234e-a646-4911-8402-a67c302db4ae,2026-08-12T00:11:58.358108+00:00,c1ad72de628f71283ac69037e9bbe97c3e773952f5abde5eac91397ca322d1a6,resource-grid,heisenberg_chain,Heisenberg-36,"{""coupling"":1.0,""field_z"":0.3}",36,36.0,proportional,1.0,0.00031622776601683794,115.7999999999999,141,qsvt,qsvt,QSVT,jacobi-anger-rigorous,analytical,,,,,,,,,,,,,,,,,,,,,,,,,,,,,,,,,,,34035.0,5673.0,,,4.433501118024815e-05,,jacobi-anger-polynomial-oaa,"Martyn et al., arXiv:2105.02859, Eqs. (76)--(77)",Jacobi--Anger tails plus exact cubic OAA identity,"{""oaa-unitarity-defect-distortion"":2.2167874129320983e-05,""scaled-polynomial-error"":2.2167137050927166e-05}",True,ideal-qsvt-oaa-good-block,True,,"[""the cosine and sine polynomials are implemented exactly"",""the unamplified good block is exactly Q/2""]",,,,,,,implemented-qsvt-floating-phase-circuit,False,False,0.0002846049894151542,,,,,,,,,,,,,,,,,,,2.0,one robust OAA round,1.0,"component, quadrature, and index registers all-zero",,54.0,17425932.0,39004236.0,-1.0,2299406580.0,259687806.0,analytical-model,3.1622776601683795e-05,,,,,,,,,,,,0.1.0,3.11.9,2.5.0,b58b31db18364511c43757e27fffc7abce8df2c1,True,ok,,
1.0,heisenberg_chain:N036,-3.5,empirical,,9.0,,2.0,a8fa234e-a646-4911-8402-a67c302db4ae,2026-08-12T00:11:58.358108+00:00,c1ad72de628f71283ac69037e9bbe97c3e773952f5abde5eac91397ca322d1a6,resource-grid,heisenberg_chain,Heisenberg-36,"{""coupling"":1.0,""field_z"":0.3}",36,36.0,proportional,1.0,0.00031622776601683794,115.7999999999999,141,mpf-j-mizuta2026-theorem6-empirical-operator-norm,multiproduct,MPF J=Mizuta Theorem 6 (resolved per point) [empirical operator norm],empirical-operator-norm,,,9.0,18.0,mizuta2026-theorem6,6.300000000000004,0.0002846049894151542,,,,,,,,,,,,,,,,,,,,,,,,,,,,,,,,,,,,,,,,,,,,,,,,,,,,,0.0002846049894151542,,,,,,,,,,,,,,,,,,,,,,,,,,,,,,,,,,,,,,,,,,,0.1.0,3.11.9,2.5.0,b58b31db18364511c43757e27fffc7abce8df2c1,True,missing_empirical,UnsupportedEmpiricalCalibrationError,"no reviewed empirical operator-norm calibration for method=multiproduct, formal_order=18, model=heisenberg_chain, parameters={'coupling': 1.0, 'field_z': 0.3}, boundary=open, partition=None, schedule='new', formula='ordered-individual-pauli-strang-mpf-v1'"
1.0,heisenberg_chain:N036,-3.5,commutator,,9.0,40563.0,2.0,a8fa234e-a646-4911-8402-a67c302db4ae,2026-08-12T00:11:58.358108+00:00,c1ad72de628f71283ac69037e9bbe97c3e773952f5abde5eac91397ca322d1a6,resource-grid,heisenberg_chain,Heisenberg-36,"{""coupling"":1.0,""field_z"":0.3}",36,36.0,proportional,1.0,0.00031622776601683794,115.7999999999999,141,mpf-j-mizuta2026-theorem6-mizuta2026-commutator-ideal-rigorous,multiproduct,MPF J=Mizuta Theorem 6 (resolved per point) [Mizuta 2026 refined commutator],mizuta2026-commutator-ideal-rigorous,analytical,,9.0,18.0,mizuta2026-theorem6,6.300000000000004,0.0002846049894151542,40563.0,40563.0,,27374.0,"[""error""]",190.09121336795624,18.0,,,7.011579513468603e-09,4.2440832020769353e-29,9.330186237135312e-43,4.2440832020768417e-29,4.2440832020769353e-29,7.011579513468604e-09,0.00028449159875997395,1.3719981362396362e-05,False,0.001315158105262232,"[1.0000000000000002,1.0000000000000002,1.0000000000000002,1.0000000000000002,1.0000000000000002,1.0000000000000002,1.0000000000000002,1.0000000000000002,1.0000000000000002,1.0000000000000002,1.0000000000000002,1.0000000000000002,1.0000000000000002,1.0000000000000002,1.0000000000000002,1.0000000000000002,1.0000000000000002,1.0000000000000002,1.0000000000000002,1.0000000000000002,1.0000000000000002,1.0000000000000002,1.0000000000000002,1.0000000000000002,1.0000000000000002,1.0000000000000002,1.0000000000000002,1.0000000000000002,1.0000000000000002,1.0000000000000002,1.0000000000000002,1.0000000000000002,1.0000000000000002,1.0000000000000002,1.0000000000000002,1.0000000000000002,1.0000000000000002,1.0000000000000002,1.0000000000000002,1.0000000000000002,1.0000000000000002,1.0000000000000002,1.0000000000000002,1.0000000000000002,1.0000000000000002,1.0000000000000002,1.0000000000000002,1.0000000000000002,1.0000000000000002,1.0000000000000002,1.0000000000000002,1.0000000000000002,1.0000000000000002,1.0000000000000002,1.0000000000000002,1.0000000000000002,1.0000000000000002,1.0000000000000002,1.0000000000000002,1.0000000000000002,1.0000000000000002,1.0000000000000002,1.0000000000000002,1.0000000000000002,1.0000000000000002,1.0000000000000002,1.0000000000000002,1.0000000000000002,1.0000000000000002,1.0000000000000002,1.0000000000000002,1.0000000000000002,1.0000000000000002,1.0000000000000002,1.0000000000000002,1.0000000000000002,1.0000000000000002,1.0000000000000002,1.0000000000000002,1.0000000000000002,1.0000000000000002,1.0000000000000002,1.0000000000000002,1.0000000000000002,1.0000000000000002,1.0000000000000002,1.0000000000000002,1.0000000000000002,1.0000000000000002,1.0000000000000002,1.0000000000000002,1.0000000000000002,1.0000000000000002,1.0000000000000002,1.0000000000000002,1.0000000000000002,1.0000000000000002,1.0000000000000002,1.0000000000000002,1.0000000000000002,1.0000000000000002,1.0000000000000002,1.0000000000000002,1.0000000000000002,1.0000000000000002,1.0000000000000002,1.0000000000000002,1.0000000000000002,1.0000000000000002,1.0000000000000002,1.0000000000000002,1.0000000000000002,1.0000000000000002,1.0000000000000002,1.0000000000000002,1.0000000000000002,1.0000000000000002,1.0000000000000002,1.0000000000000002,1.0000000000000002,1.0000000000000002,1.0000000000000002,1.0000000000000002,1.0000000000000002,1.0000000000000002,1.0000000000000002,1.0000000000000002,1.0000000000000002,1.0000000000000002,1.0000000000000002,1.0000000000000002,1.0000000000000002,1.0000000000000002,1.0000000000000002,1.0000000000000002,1.0000000000000002,1.0000000000000002,1.0000000000000002,1.0000000000000002,1.0000000000000002,1.0000000000000002]",6.300000000000007,4.0,True,exact commutator transition cap reached; locality bound used,not-used,commutator,mizuta2026-commutator-ideal-rigorous,[],9735120.0,,,,0.00028449159875997395,6.769235627709709e+49,mizuta2026-commutator-ideal-rigorous,"Mizuta, Quantum 10, 1974 (2026), arXiv:2507.06557v4","Theorem 4, Eqs. (47)--(49), with direct Lemmas 9--10 BCH remainder","{""error_predicate_satisfied"":1.0,""extensiveness_g"":6.300000000000004,""joint_predicate_satisfied"":1.0,""legacy_first_condition_passed"":0.0,""legacy_first_time_limit"":1.3719981362396362e-05,""local_commutator_error"":7.011579513468603e-09,""local_step_error"":7.011579513468604e-09,""local_truncated_bch_error"":4.2440832020769353e-29,""locality_k"":2.0,""mu_upper"":190.09121336795624,""refined_lemma10_remainder"":4.2440832020768417e-29,""refined_lemma9_remainder"":9.330186237135312e-43,""refined_tail_fallback"":0.0,""repeated_global_error"":0.00028449159875997395,""schedule_weighted_extensiveness"":6.300000000000007,""second_time_limit"":0.001315158105262232,""time_2_predicate_satisfied"":1.0,""total_branchwise_bch_remainder"":4.2440832020769353e-29,""truncation_order_p0"":18.0}",True,ideal-mpf,True,ordered individual Pauli terms,"[""individual Pauli summands define the ordered H_gamma decomposition"",""the actual Strang factors define schedule-weighted g_alpha extensiveness"",""Lemma 9 and Lemma 10 positive majorants directly certify the BCH remainder"",""the scalar-flow/Cauchy refined tail certificate is used"",""Theorem 4 second time hypothesis is satisfied"",""the repeated ideal MPF is composed with the Eq. (15) telescoping argument""]","exact Pauli recurrence would require 286794 transitions at order 5, above cap 250000; remaining orders use Mizuta 2026 Eq. (8)",18.0,4.0,True,True,"{""2"":984.0000000000011,""3"":16022.400000000034,""4"":245702.40000000078,""5"":2195110843.2691236,""6"":276583966251.9093,""7"":41819495697289.1,""8"":7376959041001784.0,""9"":1.487194942665952e+18,""10"":3.3729581299663746e+20,""11"":8.499854487515272e+22,""12"":2.356159663939246e+25,""13"":7.125026823752314e+27,""14"":2.3341587874612483e+30,""15"":8.234912202163285e+32,""16"":3.1127968124177332e+35,""17"":1.255079674766826e+38,""18"":5.376761326701115e+40}",repeated-shared-ancilla-good-block,True,False,0.0002846049894151542,new,"[1,2,3,4,5,6,8,14,37]","[1.967691252631999e-13,-3.445506091008736e-08,2.544222523112307e-05,-0.0016199636587070087,0.021324279661958864,-0.07100801545469856,0.14994672471728007,-0.4079534241993221,1.3092849911631212]",1.9611628755355768,0.03883712446442322,80.0,registered-exact,True,9.0,4.0,2.0,5.0,11.0,5.0,6.0,3.0,2.0,3.0,2.0,one robust OAA round per segment,40563.0,branch register all-zero,,43.0,5474788110.0,4664745.0,-1.0,810287299260.0,9577474059.0,analytical-model,3.1622776601683795e-05,,,,,,,,,,,,0.1.0,3.11.9,2.5.0,b58b31db18364511c43757e27fffc7abce8df2c1,True,ok,,
1.0,heisenberg_chain:N036,-3.6,commutator,291879.0,,,2.0,a8fa234e-a646-4911-8402-a67c302db4ae,2026-08-12T00:11:58.358108+00:00,c1ad72de628f71283ac69037e9bbe97c3e773952f5abde5eac91397ca322d1a6,resource-grid,heisenberg_chain,Heisenberg-36,"{""coupling"":1.0,""field_z"":0.3}",36,36.0,proportional,1.0,0.00025118864315095795,115.7999999999999,141,trotter-p2,trotter,Trotter p=2,analytical,analytical,2.0,,,,,,291879.0,,,,,,,,,,,,,,,,,,,,,,,,,,,,,,individual,141.0,0.00022606924900933729,412.80000000000024,childs-commutator,"Childs, Su, Tran, Wiebe, and Zhu, arXiv:1912.08854",Propositions 9--10,"{""prefactor"":412.80000000000024}",True,implemented-product-formula,True,,"[""the resolved ordered Hamiltonian groups match the implemented formula""]",,,,,,,implemented-product-formula,True,True,0.00022606977883586217,,,,,,,,,,,,,,,,,,,1.0,none,0.0,system register,1.0,36.0,82017999.0,0.0,-1.0,10744357869.0,122154467.0,analytical-model,2.5118864315095798e-05,,,,,,,,,,,,0.1.0,3.11.9,2.5.0,b58b31db18364511c43757e27fffc7abce8df2c1,True,ok,,
1.0,heisenberg_chain:N036,-3.6,empirical,89137.0,,,2.0,a8fa234e-a646-4911-8402-a67c302db4ae,2026-08-12T00:11:58.358108+00:00,c1ad72de628f71283ac69037e9bbe97c3e773952f5abde5eac91397ca322d1a6,resource-grid,heisenberg_chain,Heisenberg-36,"{""coupling"":1.0,""field_z"":0.3}",36,36.0,proportional,1.0,0.00025118864315095795,115.7999999999999,141,trotter-p2-empirical,trotter,Trotter p=2 [empirical],empirical-operator-norm,empirical,2.0,,,,,,89137.0,,,,,,,,,,,,,,,,,,,,,,,,,,,,,,individual,141.0,0.00022606895788520828,38.4990006881,empirical-operator-norm,Repository empirical operator-norm calibration study v1 (2026-08-10),reviewed calibration opnorm-v1-heisenberg-open-trotter-p2; artifact docs/calibration_data/empirical_1d_v1_accepted.json,"{""prefactor"":38.4990006881}",False,implemented-product-formula,False,,"[""the resolved ordered Hamiltonian groups match the implemented formula"",""the fixed formal-order powers in time and segments apply"",""the reviewed affine size calibration extrapolates as flagged""]",,,,,,,implemented-product-formula,False,False,0.00022606977883586217,,,,,,,,,,,,,,,,,,,1.0,none,0.0,system register,1.0,36.0,25047497.0,0.0,-1.0,3130937125.0,37304783.0,analytical-model,2.5118864315095798e-05,opnorm-v1-heisenberg-open-trotter-p2,heisenberg_chain,affine-aN-plus-b,38.4990006881,4.0,12.0,4.0,12.0,True,True,formula,0.1.0,3.11.9,2.5.0,b58b31db18364511c43757e27fffc7abce8df2c1,True,ok,,
1.0,heisenberg_chain:N036,-3.6,commutator,8402.0,,,2.0,a8fa234e-a646-4911-8402-a67c302db4ae,2026-08-12T00:11:58.358108+00:00,c1ad72de628f71283ac69037e9bbe97c3e773952f5abde5eac91397ca322d1a6,resource-grid,heisenberg_chain,Heisenberg-36,"{""coupling"":1.0,""field_z"":0.3}",36,36.0,proportional,1.0,0.00025118864315095795,115.7999999999999,141,trotter-p4,trotter,Trotter p=4,analytical,analytical,4.0,,,,,,8402.0,,,,,,,,,,,,,,,,,,,,,,,,,,,,,,commuting,3.0,0.0002260564079814833,18630.95116112817,schubert-mendl-commutator,"Schubert and Mendl, arXiv:2306.10603",Theorem 1,"{""prefactor"":18630.95116112817}",True,implemented-product-formula,True,,"[""the resolved ordered Hamiltonian groups match the implemented formula""]",,,,,,,implemented-product-formula,True,True,0.00022606977883586217,,,,,,,,,,,,,,,,,,,1.0,none,0.0,system register,1.0,36.0,9620290.0,0.0,-1.0,1164055090.0,14328092.0,analytical-model,2.5118864315095798e-05,,,,,,,,,,,,0.1.0,3.11.9,2.5.0,b58b31db18364511c43757e27fffc7abce8df2c1,True,ok,,
1.0,heisenberg_chain:N036,-3.6,empirical,1263.0,,,2.0,a8fa234e-a646-4911-8402-a67c302db4ae,2026-08-12T00:11:58.358108+00:00,c1ad72de628f71283ac69037e9bbe97c3e773952f5abde5eac91397ca322d1a6,resource-grid,heisenberg_chain,Heisenberg-36,"{""coupling"":1.0,""field_z"":0.3}",36,36.0,proportional,1.0,0.00025118864315095795,115.7999999999999,141,trotter-p4-empirical,trotter,Trotter p=4 [empirical],empirical-operator-norm,empirical,4.0,,,,,,1263.0,,,,,,,,,,,,,,,,,,,,,,,,,,,,,,commuting,3.0,0.00022564428684161597,9.4956618452,empirical-operator-norm,Repository empirical operator-norm calibration study v1 (2026-08-10),reviewed calibration opnorm-v1-heisenberg-open-trotter-p4; artifact docs/calibration_data/empirical_1d_v1_accepted.json,"{""prefactor"":9.4956618452}",False,implemented-product-formula,False,,"[""the resolved ordered Hamiltonian groups match the implemented formula"",""the fixed formal-order powers in time and segments apply"",""the reviewed affine size calibration extrapolates as flagged""]",,,,,,,implemented-product-formula,False,False,0.00022606977883586217,,,,,,,,,,,,,,,,,,,1.0,none,0.0,system register,1.0,36.0,1446135.0,0.0,-1.0,163413255.0,2153819.0,analytical-model,2.5118864315095798e-05,opnorm-v1-heisenberg-open-trotter-p4,heisenberg_chain,affine-aN-plus-b,9.4956618452,4.0,12.0,4.0,12.0,True,True,formula,0.1.0,3.11.9,2.5.0,b58b31db18364511c43757e27fffc7abce8df2c1,True,ok,,
1.0,heisenberg_chain:N036,-3.6,commutator,3702.0,,,2.0,a8fa234e-a646-4911-8402-a67c302db4ae,2026-08-12T00:11:58.358108+00:00,c1ad72de628f71283ac69037e9bbe97c3e773952f5abde5eac91397ca322d1a6,resource-grid,heisenberg_chain,Heisenberg-36,"{""coupling"":1.0,""field_z"":0.3}",36,36.0,proportional,1.0,0.00025118864315095795,115.7999999999999,141,trotter-p6,trotter,Trotter p=6,analytical,analytical,6.0,,,,,,3702.0,,,,,,,,,,,,,,,,,,,,,,,,,,,,,,commuting,3.0,0.00022599240189215275,7423262.513876497,schubert-mendl-commutator,"Schubert and Mendl, arXiv:2306.10603",Theorem 1,"{""prefactor"":7423262.513876497}",True,implemented-product-formula,True,,"[""the resolved ordered Hamiltonian groups match the implemented formula""]",,,,,,,implemented-product-formula,True,True,0.00022606977883586217,,,,,,,,,,,,,,,,,,,1.0,none,0.0,system register,1.0,36.0,21193950.0,0.0,-1.0,2649243750.0,31565458.0,analytical-model,2.5118864315095798e-05,,,,,,,,,,,,0.1.0,3.11.9,2.5.0,b58b31db18364511c43757e27fffc7abce8df2c1,True,ok,,
1.0,heisenberg_chain:N036,-3.6,empirical,216.0,,,2.0,a8fa234e-a646-4911-8402-a67c302db4ae,2026-08-12T00:11:58.358108+00:00,c1ad72de628f71283ac69037e9bbe97c3e773952f5abde5eac91397ca322d1a6,resource-grid,heisenberg_chain,Heisenberg-36,"{""coupling"":1.0,""field_z"":0.3}",36,36.0,proportional,1.0,0.00025118864315095795,115.7999999999999,141,trotter-p6-empirical,trotter,Trotter p=6 [empirical],empirical-operator-norm,empirical,6.0,,,,,,216.0,,,,,,,,,,,,,,,,,,,,,,,,,,,,,,commuting,3.0,0.0001064120947530859,0.13791007479999998,empirical-operator-norm,Repository empirical operator-norm calibration study v1 (2026-08-10),reviewed calibration opnorm-v1-heisenberg-open-trotter-p6; artifact docs/calibration_data/empirical_1d_v1_accepted.json,"{""prefactor"":0.13791007479999998}",False,implemented-product-formula,False,,"[""the resolved ordered Hamiltonian groups match the implemented formula"",""the fixed formal-order powers in time and segments apply"",""the reviewed affine size calibration extrapolates as flagged""]",,,,,,,implemented-product-formula,False,False,0.00022606977883586217,,,,,,,,,,,,,,,,,,,1.0,none,0.0,system register,1.0,36.0,1236600.0,0.0,-1.0,138499200.0,1841745.0,analytical-model,2.5118864315095798e-05,opnorm-v1-heisenberg-open-trotter-p6,heisenberg_chain,affine-aN-plus-b,0.13791007479999998,4.0,12.0,4.0,12.0,True,True,asymptotic-domain,0.1.0,3.11.9,2.5.0,b58b31db18364511c43757e27fffc7abce8df2c1,True,ok,,
1.0,heisenberg_chain:N036,-3.6,jacobi-anger,,,,2.0,a8fa234e-a646-4911-8402-a67c302db4ae,2026-08-12T00:11:58.358108+00:00,c1ad72de628f71283ac69037e9bbe97c3e773952f5abde5eac91397ca322d1a6,resource-grid,heisenberg_chain,Heisenberg-36,"{""coupling"":1.0,""field_z"":0.3}",36,36.0,proportional,1.0,0.00025118864315095795,115.7999999999999,141,qsvt,qsvt,QSVT,jacobi-anger-rigorous,analytical,,,,,,,,,,,,,,,,,,,,,,,,,,,,,,,,,,,34035.0,5673.0,,,3.783093983366294e-05,,jacobi-anger-polynomial-oaa,"Martyn et al., arXiv:2105.02859, Eqs. (76)--(77)",Jacobi--Anger tails plus exact cubic OAA identity,"{""oaa-unitarity-defect-distortion"":1.8915738257161374e-05,""scaled-polynomial-error"":1.891520157650157e-05}",True,ideal-qsvt-oaa-good-block,True,,"[""the cosine and sine polynomials are implemented exactly"",""the unamplified good block is exactly Q/2""]",,,,,,,implemented-qsvt-floating-phase-circuit,False,False,0.00022606977883586217,,,,,,,,,,,,,,,,,,,2.0,one robust OAA round,1.0,"component, quadrature, and index registers all-zero",,54.0,17425932.0,39004236.0,-1.0,2316832512.0,259687806.0,analytical-model,2.5118864315095798e-05,,,,,,,,,,,,0.1.0,3.11.9,2.5.0,b58b31db18364511c43757e27fffc7abce8df2c1,True,ok,,
1.0,heisenberg_chain:N036,-3.6,empirical,,9.0,,2.0,a8fa234e-a646-4911-8402-a67c302db4ae,2026-08-12T00:11:58.358108+00:00,c1ad72de628f71283ac69037e9bbe97c3e773952f5abde5eac91397ca322d1a6,resource-grid,heisenberg_chain,Heisenberg-36,"{""coupling"":1.0,""field_z"":0.3}",36,36.0,proportional,1.0,0.00025118864315095795,115.7999999999999,141,mpf-j-mizuta2026-theorem6-empirical-operator-norm,multiproduct,MPF J=Mizuta Theorem 6 (resolved per point) [empirical operator norm],empirical-operator-norm,,,9.0,18.0,mizuta2026-theorem6,6.300000000000004,0.00022606977883586217,,,,,,,,,,,,,,,,,,,,,,,,,,,,,,,,,,,,,,,,,,,,,,,,,,,,,0.00022606977883586217,,,,,,,,,,,,,,,,,,,,,,,,,,,,,,,,,,,,,,,,,,,0.1.0,3.11.9,2.5.0,b58b31db18364511c43757e27fffc7abce8df2c1,True,missing_empirical,UnsupportedEmpiricalCalibrationError,"no reviewed empirical operator-norm calibration for method=multiproduct, formal_order=18, model=heisenberg_chain, parameters={'coupling': 1.0, 'field_z': 0.3}, boundary=open, partition=None, schedule='new', formula='ordered-individual-pauli-strang-mpf-v1'"
1.0,heisenberg_chain:N036,-3.6,commutator,,9.0,41085.0,2.0,a8fa234e-a646-4911-8402-a67c302db4ae,2026-08-12T00:11:58.358108+00:00,c1ad72de628f71283ac69037e9bbe97c3e773952f5abde5eac91397ca322d1a6,resource-grid,heisenberg_chain,Heisenberg-36,"{""coupling"":1.0,""field_z"":0.3}",36,36.0,proportional,1.0,0.00025118864315095795,115.7999999999999,141,mpf-j-mizuta2026-theorem6-mizuta2026-commutator-ideal-rigorous,multiproduct,MPF J=Mizuta Theorem 6 (resolved per point) [Mizuta 2026 refined commutator],mizuta2026-commutator-ideal-rigorous,analytical,,9.0,18.0,mizuta2026-theorem6,6.300000000000004,0.00022606977883586217,41085.0,41085.0,,27374.0,"[""error""]",190.09121336795624,18.0,,,5.4992645335627045e-09,3.3241956285339535e-29,7.316193179115775e-43,3.3241956285338795e-29,3.3241956285339535e-29,5.499264533562705e-09,0.0002259883355417452,1.3719981362396362e-05,False,0.001315158105262232,"[1.0000000000000002,1.0000000000000002,1.0000000000000002,1.0000000000000002,1.0000000000000002,1.0000000000000002,1.0000000000000002,1.0000000000000002,1.0000000000000002,1.0000000000000002,1.0000000000000002,1.0000000000000002,1.0000000000000002,1.0000000000000002,1.0000000000000002,1.0000000000000002,1.0000000000000002,1.0000000000000002,1.0000000000000002,1.0000000000000002,1.0000000000000002,1.0000000000000002,1.0000000000000002,1.0000000000000002,1.0000000000000002,1.0000000000000002,1.0000000000000002,1.0000000000000002,1.0000000000000002,1.0000000000000002,1.0000000000000002,1.0000000000000002,1.0000000000000002,1.0000000000000002,1.0000000000000002,1.0000000000000002,1.0000000000000002,1.0000000000000002,1.0000000000000002,1.0000000000000002,1.0000000000000002,1.0000000000000002,1.0000000000000002,1.0000000000000002,1.0000000000000002,1.0000000000000002,1.0000000000000002,1.0000000000000002,1.0000000000000002,1.0000000000000002,1.0000000000000002,1.0000000000000002,1.0000000000000002,1.0000000000000002,1.0000000000000002,1.0000000000000002,1.0000000000000002,1.0000000000000002,1.0000000000000002,1.0000000000000002,1.0000000000000002,1.0000000000000002,1.0000000000000002,1.0000000000000002,1.0000000000000002,1.0000000000000002,1.0000000000000002,1.0000000000000002,1.0000000000000002,1.0000000000000002,1.0000000000000002,1.0000000000000002,1.0000000000000002,1.0000000000000002,1.0000000000000002,1.0000000000000002,1.0000000000000002,1.0000000000000002,1.0000000000000002,1.0000000000000002,1.0000000000000002,1.0000000000000002,1.0000000000000002,1.0000000000000002,1.0000000000000002,1.0000000000000002,1.0000000000000002,1.0000000000000002,1.0000000000000002,1.0000000000000002,1.0000000000000002,1.0000000000000002,1.0000000000000002,1.0000000000000002,1.0000000000000002,1.0000000000000002,1.0000000000000002,1.0000000000000002,1.0000000000000002,1.0000000000000002,1.0000000000000002,1.0000000000000002,1.0000000000000002,1.0000000000000002,1.0000000000000002,1.0000000000000002,1.0000000000000002,1.0000000000000002,1.0000000000000002,1.0000000000000002,1.0000000000000002,1.0000000000000002,1.0000000000000002,1.0000000000000002,1.0000000000000002,1.0000000000000002,1.0000000000000002,1.0000000000000002,1.0000000000000002,1.0000000000000002,1.0000000000000002,1.0000000000000002,1.0000000000000002,1.0000000000000002,1.0000000000000002,1.0000000000000002,1.0000000000000002,1.0000000000000002,1.0000000000000002,1.0000000000000002,1.0000000000000002,1.0000000000000002,1.0000000000000002,1.0000000000000002,1.0000000000000002,1.0000000000000002,1.0000000000000002,1.0000000000000002,1.0000000000000002,1.0000000000000002,1.0000000000000002]",6.300000000000007,4.0,True,exact commutator transition cap reached; locality bound used,not-used,commutator,mizuta2026-commutator-ideal-rigorous,[],9860400.0,,,,0.0002259883355417452,6.769235627709709e+49,mizuta2026-commutator-ideal-rigorous,"Mizuta, Quantum 10, 1974 (2026), arXiv:2507.06557v4","Theorem 4, Eqs. (47)--(49), with direct Lemmas 9--10 BCH remainder","{""error_predicate_satisfied"":1.0,""extensiveness_g"":6.300000000000004,""joint_predicate_satisfied"":1.0,""legacy_first_condition_passed"":0.0,""legacy_first_time_limit"":1.3719981362396362e-05,""local_commutator_error"":5.4992645335627045e-09,""local_step_error"":5.499264533562705e-09,""local_truncated_bch_error"":3.3241956285339535e-29,""locality_k"":2.0,""mu_upper"":190.09121336795624,""refined_lemma10_remainder"":3.3241956285338795e-29,""refined_lemma9_remainder"":7.316193179115775e-43,""refined_tail_fallback"":0.0,""repeated_global_error"":0.0002259883355417452,""schedule_weighted_extensiveness"":6.300000000000007,""second_time_limit"":0.001315158105262232,""time_2_predicate_satisfied"":1.0,""total_branchwise_bch_remainder"":3.3241956285339535e-29,""truncation_order_p0"":18.0}",True,ideal-mpf,True,ordered individual Pauli terms,"[""individual Pauli summands define the ordered H_gamma decomposition"",""the actual Strang factors define schedule-weighted g_alpha extensiveness"",""Lemma 9 and Lemma 10 positive majorants directly certify the BCH remainder"",""the scalar-flow/Cauchy refined tail certificate is used"",""Theorem 4 second time hypothesis is satisfied"",""the repeated ideal MPF is composed with the Eq. (15) telescoping argument""]","exact Pauli recurrence would require 286794 transitions at order 5, above cap 250000; remaining orders use Mizuta 2026 Eq. (8)",18.0,4.0,True,True,"{""2"":984.0000000000011,""3"":16022.400000000034,""4"":245702.40000000078,""5"":2195110843.2691236,""6"":276583966251.9093,""7"":41819495697289.1,""8"":7376959041001784.0,""9"":1.487194942665952e+18,""10"":3.3729581299663746e+20,""11"":8.499854487515272e+22,""12"":2.356159663939246e+25,""13"":7.125026823752314e+27,""14"":2.3341587874612483e+30,""15"":8.234912202163285e+32,""16"":3.1127968124177332e+35,""17"":1.255079674766826e+38,""18"":5.376761326701115e+40}",repeated-shared-ancilla-good-block,True,False,0.00022606977883586217,new,"[1,2,3,4,5,6,8,14,37]","[1.967691252631999e-13,-3.445506091008736e-08,2.544222523112307e-05,-0.0016199636587070087,0.021324279661958864,-0.07100801545469856,0.14994672471728007,-0.4079534241993221,1.3092849911631212]",1.9611628755355768,0.03883712446442322,80.0,registered-exact,True,9.0,4.0,2.0,5.0,11.0,5.0,6.0,3.0,2.0,3.0,2.0,one robust OAA round per segment,41085.0,branch register all-zero,,43.0,5545242450.0,4724775.0,-1.0,826260024150.0,9700725333.0,analytical-model,2.5118864315095798e-05,,,,,,,,,,,,0.1.0,3.11.9,2.5.0,b58b31db18364511c43757e27fffc7abce8df2c1,True,ok,,
1.0,heisenberg_chain:N036,-3.7,commutator,327494.0,,,2.0,a8fa234e-a646-4911-8402-a67c302db4ae,2026-08-12T00:11:58.358108+00:00,c1ad72de628f71283ac69037e9bbe97c3e773952f5abde5eac91397ca322d1a6,resource-grid,heisenberg_chain,Heisenberg-36,"{""coupling"":1.0,""field_z"":0.3}",36,36.0,proportional,1.0,0.00019952623149688788,115.7999999999999,141,trotter-p2,trotter,Trotter p=2,analytical,analytical,2.0,,,,,,327494.0,,,,,,,,,,,,,,,,,,,,,,,,,,,,,,individual,141.0,0.00017957277561488083,412.80000000000024,childs-commutator,"Childs, Su, Tran, Wiebe, and Zhu, arXiv:1912.08854",Propositions 9--10,"{""prefactor"":412.80000000000024}",True,implemented-product-formula,True,,"[""the resolved ordered Hamiltonian groups match the implemented formula""]",,,,,,,implemented-product-formula,True,True,0.0001795736083471991,,,,,,,,,,,,,,,,,,,1.0,none,0.0,system register,1.0,36.0,92025814.0,0.0,-1.0,12147407448.0,137059723.0,analytical-model,1.995262314968879e-05,,,,,,,,,,,,0.1.0,3.11.9,2.5.0,b58b31db18364511c43757e27fffc7abce8df2c1,True,ok,,
1.0,heisenberg_chain:N036,-3.7,empirical,100014.0,,,2.0,a8fa234e-a646-4911-8402-a67c302db4ae,2026-08-12T00:11:58.358108+00:00,c1ad72de628f71283ac69037e9bbe97c3e773952f5abde5eac91397ca322d1a6,resource-grid,heisenberg_chain,Heisenberg-36,"{""coupling"":1.0,""field_z"":0.3}",36,36.0,proportional,1.0,0.00019952623149688788,115.7999999999999,141,trotter-p2-empirical,trotter,Trotter p=2 [empirical],empirical-operator-norm,empirical,2.0,,,,,,100014.0,,,,,,,,,,,,,,,,,,,,,,,,,,,,,,individual,141.0,0.00017957065430760846,38.4990006881,empirical-operator-norm,Repository empirical operator-norm calibration study v1 (2026-08-10),reviewed calibration opnorm-v1-heisenberg-open-trotter-p2; artifact docs/calibration_data/empirical_1d_v1_accepted.json,"{""prefactor"":38.4990006881}",False,implemented-product-formula,False,,"[""the resolved ordered Hamiltonian groups match the implemented formula"",""the fixed formal-order powers in time and segments apply"",""the reviewed affine size calibration extrapolates as flagged""]",,,,,,,implemented-product-formula,False,False,0.0001795736083471991,,,,,,,,,,,,,,,,,,,1.0,none,0.0,system register,1.0,36.0,28103934.0,0.0,-1.0,3569199618.0,41856923.0,analytical-model,1.995262314968879e-05,opnorm-v1-heisenberg-open-trotter-p2,heisenberg_chain,affine-aN-plus-b,38.4990006881,4.0,12.0,4.0,12.0,True,True,formula,0.1.0,3.11.9,2.5.0,b58b31db18364511c43757e27fffc7abce8df2c1,True,ok,,
1.0,heisenberg_chain:N036,-3.7,commutator,8900.0,,,2.0,a8fa234e-a646-4911-8402-a67c302db4ae,2026-08-12T00:11:58.358108+00:00,c1ad72de628f71283ac69037e9bbe97c3e773952f5abde5eac91397ca322d1a6,resource-grid,heisenberg_chain,Heisenberg-36,"{""coupling"":1.0,""field_z"":0.3}",36,36.0,proportional,1.0,0.00019952623149688788,115.7999999999999,141,trotter-p4,trotter,Trotter p=4,analytical,analytical,4.0,,,,,,8900.0,,,,,,,,,,,,,,,,,,,,,,,,,,,,,,commuting,3.0,0.00017955086621088026,18630.95116112817,schubert-mendl-commutator,"Schubert and Mendl, arXiv:2306.10603",Theorem 1,"{""prefactor"":18630.95116112817}",True,implemented-product-formula,True,,"[""the resolved ordered Hamiltonian groups match the implemented formula""]",,,,,,,implemented-product-formula,True,True,0.0001795736083471991,,,,,,,,,,,,,,,,,,,1.0,none,0.0,system register,1.0,36.0,10190500.0,0.0,-1.0,1243241000.0,15177341.0,analytical-model,1.995262314968879e-05,,,,,,,,,,,,0.1.0,3.11.9,2.5.0,b58b31db18364511c43757e27fffc7abce8df2c1,True,ok,,
1.0,heisenberg_chain:N036,-3.7,empirical,1338.0,,,2.0,a8fa234e-a646-4911-8402-a67c302db4ae,2026-08-12T00:11:58.358108+00:00,c1ad72de628f71283ac69037e9bbe97c3e773952f5abde5eac91397ca322d1a6,resource-grid,heisenberg_chain,Heisenberg-36,"{""coupling"":1.0,""field_z"":0.3}",36,36.0,proportional,1.0,0.00019952623149688788,115.7999999999999,141,trotter-p4-empirical,trotter,Trotter p=4 [empirical],empirical-operator-norm,empirical,4.0,,,,,,1338.0,,,,,,,,,,,,,,,,,,,,,,,,,,,,,,commuting,3.0,0.00017914854713138497,9.4956618452,empirical-operator-norm,Repository empirical operator-norm calibration study v1 (2026-08-10),reviewed calibration opnorm-v1-heisenberg-open-trotter-p4; artifact docs/calibration_data/empirical_1d_v1_accepted.json,"{""prefactor"":9.4956618452}",False,implemented-product-formula,False,,"[""the resolved ordered Hamiltonian groups match the implemented formula"",""the fixed formal-order powers in time and segments apply"",""the reviewed affine size calibration extrapolates as flagged""]",,,,,,,implemented-product-formula,False,False,0.0001795736083471991,,,,,,,,,,,,,,,,,,,1.0,none,0.0,system register,1.0,36.0,1532010.0,0.0,-1.0,174649140.0,2281718.0,analytical-model,1.995262314968879e-05,opnorm-v1-heisenberg-open-trotter-p4,heisenberg_chain,affine-aN-plus-b,9.4956618452,4.0,12.0,4.0,12.0,True,True,formula,0.1.0,3.11.9,2.5.0,b58b31db18364511c43757e27fffc7abce8df2c1,True,ok,,
1.0,heisenberg_chain:N036,-3.7,commutator,3847.0,,,2.0,a8fa234e-a646-4911-8402-a67c302db4ae,2026-08-12T00:11:58.358108+00:00,c1ad72de628f71283ac69037e9bbe97c3e773952f5abde5eac91397ca322d1a6,resource-grid,heisenberg_chain,Heisenberg-36,"{""coupling"":1.0,""field_z"":0.3}",36,36.0,proportional,1.0,0.00019952623149688788,115.7999999999999,141,trotter-p6,trotter,Trotter p=6,analytical,analytical,6.0,,,,,,3847.0,,,,,,,,,,,,,,,,,,,,,,,,,,,,,,commuting,3.0,0.0001794647699626512,7423262.513876497,schubert-mendl-commutator,"Schubert and Mendl, arXiv:2306.10603",Theorem 1,"{""prefactor"":7423262.513876497}",True,implemented-product-formula,True,,"[""the resolved ordered Hamiltonian groups match the implemented formula""]",,,,,,,implemented-product-formula,True,True,0.0001795736083471991,,,,,,,,,,,,,,,,,,,1.0,none,0.0,system register,1.0,36.0,22024075.0,0.0,-1.0,2775033450.0,32801814.0,analytical-model,1.995262314968879e-05,,,,,,,,,,,,0.1.0,3.11.9,2.5.0,b58b31db18364511c43757e27fffc7abce8df2c1,True,ok,,
1.0,heisenberg_chain:N036,-3.7,empirical,216.0,,,2.0,a8fa234e-a646-4911-8402-a67c302db4ae,2026-08-12T00:11:58.358108+00:00,c1ad72de628f71283ac69037e9bbe97c3e773952f5abde5eac91397ca322d1a6,resource-grid,heisenberg_chain,Heisenberg-36,"{""coupling"":1.0,""field_z"":0.3}",36,36.0,proportional,1.0,0.00019952623149688788,115.7999999999999,141,trotter-p6-empirical,trotter,Trotter p=6 [empirical],empirical-operator-norm,empirical,6.0,,,,,,216.0,,,,,,,,,,,,,,,,,,,,,,,,,,,,,,commuting,3.0,0.0001064120947530859,0.13791007479999998,empirical-operator-norm,Repository empirical operator-norm calibration study v1 (2026-08-10),reviewed calibration opnorm-v1-heisenberg-open-trotter-p6; artifact docs/calibration_data/empirical_1d_v1_accepted.json,"{""prefactor"":0.13791007479999998}",False,implemented-product-formula,False,,"[""the resolved ordered Hamiltonian groups match the implemented formula"",""the fixed formal-order powers in time and segments apply"",""the reviewed affine size calibration extrapolates as flagged""]",,,,,,,implemented-product-formula,False,False,0.0001795736083471991,,,,,,,,,,,,,,,,,,,1.0,none,0.0,system register,1.0,36.0,1236600.0,0.0,-1.0,139735800.0,1841745.0,analytical-model,1.995262314968879e-05,opnorm-v1-heisenberg-open-trotter-p6,heisenberg_chain,affine-aN-plus-b,0.13791007479999998,4.0,12.0,4.0,12.0,True,True,asymptotic-domain,0.1.0,3.11.9,2.5.0,b58b31db18364511c43757e27fffc7abce8df2c1,True,ok,,
1.0,heisenberg_chain:N036,-3.7,jacobi-anger,,,,2.0,a8fa234e-a646-4911-8402-a67c302db4ae,2026-08-12T00:11:58.358108+00:00,c1ad72de628f71283ac69037e9bbe97c3e773952f5abde5eac91397ca322d1a6,resource-grid,heisenberg_chain,Heisenberg-36,"{""coupling"":1.0,""field_z"":0.3}",36,36.0,proportional,1.0,0.00019952623149688788,115.7999999999999,141,qsvt,qsvt,QSVT,jacobi-anger-rigorous,analytical,,,,,,,,,,,,,,,,,,,,,,,,,,,,,,,,,,,34035.0,5673.0,,,3.2664594931829296e-05,,jacobi-anger-polynomial-oaa,"Martyn et al., arXiv:2105.02859, Eqs. (76)--(77)",Jacobi--Anger tails plus exact cubic OAA identity,"{""oaa-unitarity-defect-distortion"":1.6332497520058143e-05,""scaled-polynomial-error"":1.6332097411771153e-05}",True,ideal-qsvt-oaa-good-block,True,,"[""the cosine and sine polynomials are implemented exactly"",""the unamplified good block is exactly Q/2""]",,,,,,,implemented-qsvt-floating-phase-circuit,False,False,0.0001795736083471991,,,,,,,,,,,,,,,,,,,2.0,one robust OAA round,1.0,"component, quadrature, and index registers all-zero",,54.0,17425932.0,39004236.0,-1.0,2334258444.0,259687806.0,analytical-model,1.995262314968879e-05,,,,,,,,,,,,0.1.0,3.11.9,2.5.0,b58b31db18364511c43757e27fffc7abce8df2c1,True,ok,,
1.0,heisenberg_chain:N036,-3.7,empirical,,9.0,,2.0,a8fa234e-a646-4911-8402-a67c302db4ae,2026-08-12T00:11:58.358108+00:00,c1ad72de628f71283ac69037e9bbe97c3e773952f5abde5eac91397ca322d1a6,resource-grid,heisenberg_chain,Heisenberg-36,"{""coupling"":1.0,""field_z"":0.3}",36,36.0,proportional,1.0,0.00019952623149688788,115.7999999999999,141,mpf-j-mizuta2026-theorem6-empirical-operator-norm,multiproduct,MPF J=Mizuta Theorem 6 (resolved per point) [empirical operator norm],empirical-operator-norm,,,9.0,18.0,mizuta2026-theorem6,6.300000000000004,0.0001795736083471991,,,,,,,,,,,,,,,,,,,,,,,,,,,,,,,,,,,,,,,,,,,,,,,,,,,,,0.0001795736083471991,,,,,,,,,,,,,,,,,,,,,,,,,,,,,,,,,,,,,,,,,,,0.1.0,3.11.9,2.5.0,b58b31db18364511c43757e27fffc7abce8df2c1,True,missing_empirical,UnsupportedEmpiricalCalibrationError,"no reviewed empirical operator-norm calibration for method=multiproduct, formal_order=18, model=heisenberg_chain, parameters={'coupling': 1.0, 'field_z': 0.3}, boundary=open, partition=None, schedule='new', formula='ordered-individual-pauli-strang-mpf-v1'"
1.0,heisenberg_chain:N036,-3.7,commutator,,9.0,41614.0,2.0,a8fa234e-a646-4911-8402-a67c302db4ae,2026-08-12T00:11:58.358108+00:00,c1ad72de628f71283ac69037e9bbe97c3e773952f5abde5eac91397ca322d1a6,resource-grid,heisenberg_chain,Heisenberg-36,"{""coupling"":1.0,""field_z"":0.3}",36,36.0,proportional,1.0,0.00019952623149688788,115.7999999999999,141,mpf-j-mizuta2026-theorem6-mizuta2026-commutator-ideal-rigorous,multiproduct,MPF J=Mizuta Theorem 6 (resolved per point) [Mizuta 2026 refined commutator],mizuta2026-commutator-ideal-rigorous,analytical,,9.0,18.0,mizuta2026-theorem6,6.300000000000004,0.0001795736083471991,41614.0,41614.0,,27374.0,"[""error""]",190.09121336795624,18.0,,,4.312581864591483e-09,2.603401309888037e-29,5.736211827509729e-43,2.603401309887979e-29,2.603401309888037e-29,4.3125818645914836e-09,0.00017949599107808657,1.3719981362396362e-05,False,0.001315158105262232,"[1.0000000000000002,1.0000000000000002,1.0000000000000002,1.0000000000000002,1.0000000000000002,1.0000000000000002,1.0000000000000002,1.0000000000000002,1.0000000000000002,1.0000000000000002,1.0000000000000002,1.0000000000000002,1.0000000000000002,1.0000000000000002,1.0000000000000002,1.0000000000000002,1.0000000000000002,1.0000000000000002,1.0000000000000002,1.0000000000000002,1.0000000000000002,1.0000000000000002,1.0000000000000002,1.0000000000000002,1.0000000000000002,1.0000000000000002,1.0000000000000002,1.0000000000000002,1.0000000000000002,1.0000000000000002,1.0000000000000002,1.0000000000000002,1.0000000000000002,1.0000000000000002,1.0000000000000002,1.0000000000000002,1.0000000000000002,1.0000000000000002,1.0000000000000002,1.0000000000000002,1.0000000000000002,1.0000000000000002,1.0000000000000002,1.0000000000000002,1.0000000000000002,1.0000000000000002,1.0000000000000002,1.0000000000000002,1.0000000000000002,1.0000000000000002,1.0000000000000002,1.0000000000000002,1.0000000000000002,1.0000000000000002,1.0000000000000002,1.0000000000000002,1.0000000000000002,1.0000000000000002,1.0000000000000002,1.0000000000000002,1.0000000000000002,1.0000000000000002,1.0000000000000002,1.0000000000000002,1.0000000000000002,1.0000000000000002,1.0000000000000002,1.0000000000000002,1.0000000000000002,1.0000000000000002,1.0000000000000002,1.0000000000000002,1.0000000000000002,1.0000000000000002,1.0000000000000002,1.0000000000000002,1.0000000000000002,1.0000000000000002,1.0000000000000002,1.0000000000000002,1.0000000000000002,1.0000000000000002,1.0000000000000002,1.0000000000000002,1.0000000000000002,1.0000000000000002,1.0000000000000002,1.0000000000000002,1.0000000000000002,1.0000000000000002,1.0000000000000002,1.0000000000000002,1.0000000000000002,1.0000000000000002,1.0000000000000002,1.0000000000000002,1.0000000000000002,1.0000000000000002,1.0000000000000002,1.0000000000000002,1.0000000000000002,1.0000000000000002,1.0000000000000002,1.0000000000000002,1.0000000000000002,1.0000000000000002,1.0000000000000002,1.0000000000000002,1.0000000000000002,1.0000000000000002,1.0000000000000002,1.0000000000000002,1.0000000000000002,1.0000000000000002,1.0000000000000002,1.0000000000000002,1.0000000000000002,1.0000000000000002,1.0000000000000002,1.0000000000000002,1.0000000000000002,1.0000000000000002,1.0000000000000002,1.0000000000000002,1.0000000000000002,1.0000000000000002,1.0000000000000002,1.0000000000000002,1.0000000000000002,1.0000000000000002,1.0000000000000002,1.0000000000000002,1.0000000000000002,1.0000000000000002,1.0000000000000002,1.0000000000000002,1.0000000000000002,1.0000000000000002,1.0000000000000002,1.0000000000000002,1.0000000000000002]",6.300000000000007,4.0,True,exact commutator transition cap reached; locality bound used,not-used,commutator,mizuta2026-commutator-ideal-rigorous,[],9987360.0,,,,0.00017949599107808657,6.769235627709709e+49,mizuta2026-commutator-ideal-rigorous,"Mizuta, Quantum 10, 1974 (2026), arXiv:2507.06557v4","Theorem 4, Eqs. (47)--(49), with direct Lemmas 9--10 BCH remainder","{""error_predicate_satisfied"":1.0,""extensiveness_g"":6.300000000000004,""joint_predicate_satisfied"":1.0,""legacy_first_condition_passed"":0.0,""legacy_first_time_limit"":1.3719981362396362e-05,""local_commutator_error"":4.312581864591483e-09,""local_step_error"":4.3125818645914836e-09,""local_truncated_bch_error"":2.603401309888037e-29,""locality_k"":2.0,""mu_upper"":190.09121336795624,""refined_lemma10_remainder"":2.603401309887979e-29,""refined_lemma9_remainder"":5.736211827509729e-43,""refined_tail_fallback"":0.0,""repeated_global_error"":0.00017949599107808657,""schedule_weighted_extensiveness"":6.300000000000007,""second_time_limit"":0.001315158105262232,""time_2_predicate_satisfied"":1.0,""total_branchwise_bch_remainder"":2.603401309888037e-29,""truncation_order_p0"":18.0}",True,ideal-mpf,True,ordered individual Pauli terms,"[""individual Pauli summands define the ordered H_gamma decomposition"",""the actual Strang factors define schedule-weighted g_alpha extensiveness"",""Lemma 9 and Lemma 10 positive majorants directly certify the BCH remainder"",""the scalar-flow/Cauchy refined tail certificate is used"",""Theorem 4 second time hypothesis is satisfied"",""the repeated ideal MPF is composed with the Eq. (15) telescoping argument""]","exact Pauli recurrence would require 286794 transitions at order 5, above cap 250000; remaining orders use Mizuta 2026 Eq. (8)",18.0,4.0,True,True,"{""2"":984.0000000000011,""3"":16022.400000000034,""4"":245702.40000000078,""5"":2195110843.2691236,""6"":276583966251.9093,""7"":41819495697289.1,""8"":7376959041001784.0,""9"":1.487194942665952e+18,""10"":3.3729581299663746e+20,""11"":8.499854487515272e+22,""12"":2.356159663939246e+25,""13"":7.125026823752314e+27,""14"":2.3341587874612483e+30,""15"":8.234912202163285e+32,""16"":3.1127968124177332e+35,""17"":1.255079674766826e+38,""18"":5.376761326701115e+40}",repeated-shared-ancilla-good-block,True,False,0.0001795736083471991,new,"[1,2,3,4,5,6,8,14,37]","[1.967691252631999e-13,-3.445506091008736e-08,2.544222523112307e-05,-0.0016199636587070087,0.021324279661958864,-0.07100801545469856,0.14994672471728007,-0.4079534241993221,1.3092849911631212]",1.9611628755355768,0.03883712446442322,80.0,registered-exact,True,9.0,4.0,2.0,5.0,11.0,5.0,6.0,3.0,2.0,3.0,2.0,one robust OAA round per segment,41614.0,branch register all-zero,,43.0,5616641580.0,4785610.0,-1.0,842515379440.0,9825629403.0,analytical-model,1.995262314968879e-05,,,,,,,,,,,,0.1.0,3.11.9,2.5.0,b58b31db18364511c43757e27fffc7abce8df2c1,True,ok,,
1.0,heisenberg_chain:N036,-3.8,commutator,367454.0,,,2.0,a8fa234e-a646-4911-8402-a67c302db4ae,2026-08-12T00:11:58.358108+00:00,c1ad72de628f71283ac69037e9bbe97c3e773952f5abde5eac91397ca322d1a6,resource-grid,heisenberg_chain,Heisenberg-36,"{""coupling"":1.0,""field_z"":0.3}",36,36.0,proportional,1.0,0.00015848931924611142,115.7999999999999,141,trotter-p2,trotter,Trotter p=2,analytical,analytical,2.0,,,,,,367454.0,,,,,,,,,,,,,,,,,,,,,,,,,,,,,,individual,141.0,0.00014263996783182,412.80000000000024,childs-commutator,"Childs, Su, Tran, Wiebe, and Zhu, arXiv:1912.08854",Propositions 9--10,"{""prefactor"":412.80000000000024}",True,implemented-product-formula,True,,"[""the resolved ordered Hamiltonian groups match the implemented formula""]",,,,,,,implemented-product-formula,True,True,0.0001426403873215003,,,,,,,,,,,,,,,,,,,1.0,none,0.0,system register,1.0,36.0,103254574.0,0.0,-1.0,13836112916.0,153783409.0,analytical-model,1.584893192461114e-05,,,,,,,,,,,,0.1.0,3.11.9,2.5.0,b58b31db18364511c43757e27fffc7abce8df2c1,True,ok,,
1.0,heisenberg_chain:N036,-3.8,empirical,112217.0,,,2.0,a8fa234e-a646-4911-8402-a67c302db4ae,2026-08-12T00:11:58.358108+00:00,c1ad72de628f71283ac69037e9bbe97c3e773952f5abde5eac91397ca322d1a6,resource-grid,heisenberg_chain,Heisenberg-36,"{""coupling"":1.0,""field_z"":0.3}",36,36.0,proportional,1.0,0.00015848931924611142,115.7999999999999,141,trotter-p2-empirical,trotter,Trotter p=2 [empirical],empirical-operator-norm,empirical,2.0,,,,,,112217.0,,,,,,,,,,,,,,,,,,,,,,,,,,,,,,individual,141.0,0.0001426394484252194,38.4990006881,empirical-operator-norm,Repository empirical operator-norm calibration study v1 (2026-08-10),reviewed calibration opnorm-v1-heisenberg-open-trotter-p2; artifact docs/calibration_data/empirical_1d_v1_accepted.json,"{""prefactor"":38.4990006881}",False,implemented-product-formula,False,,"[""the resolved ordered Hamiltonian groups match the implemented formula"",""the fixed formal-order powers in time and segments apply"",""the reviewed affine size calibration extrapolates as flagged""]",,,,,,,implemented-product-formula,False,False,0.0001426403873215003,,,,,,,,,,,,,,,,,,,1.0,none,0.0,system register,1.0,36.0,31532977.0,0.0,-1.0,4036221056.0,46964009.0,analytical-model,1.584893192461114e-05,opnorm-v1-heisenberg-open-trotter-p2,heisenberg_chain,affine-aN-plus-b,38.4990006881,4.0,12.0,4.0,12.0,True,True,formula,0.1.0,3.11.9,2.5.0,b58b31db18364511c43757e27fffc7abce8df2c1,True,ok,,
1.0,heisenberg_chain:N036,-3.8,commutator,9428.0,,,2.0,a8fa234e-a646-4911-8402-a67c302db4ae,2026-08-12T00:11:58.358108+00:00,c1ad72de628f71283ac69037e9bbe97c3e773952f5abde5eac91397ca322d1a6,resource-grid,heisenberg_chain,Heisenberg-36,"{""coupling"":1.0,""field_z"":0.3}",36,36.0,proportional,1.0,0.00015848931924611142,115.7999999999999,141,trotter-p4,trotter,Trotter p=4,analytical,analytical,4.0,,,,,,9428.0,,,,,,,,,,,,,,,,,,,,,,,,,,,,,,commuting,3.0,0.00014258348840086665,18630.95116112817,schubert-mendl-commutator,"Schubert and Mendl, arXiv:2306.10603",Theorem 1,"{""prefactor"":18630.95116112817}",True,implemented-product-formula,True,,"[""the resolved ordered Hamiltonian groups match the implemented formula""]",,,,,,,implemented-product-formula,True,True,0.0001426403873215003,,,,,,,,,,,,,,,,,,,1.0,none,0.0,system register,1.0,36.0,10795060.0,0.0,-1.0,1338587440.0,16077749.0,analytical-model,1.584893192461114e-05,,,,,,,,,,,,0.1.0,3.11.9,2.5.0,b58b31db18364511c43757e27fffc7abce8df2c1,True,ok,,
1.0,heisenberg_chain:N036,-3.8,empirical,1417.0,,,2.0,a8fa234e-a646-4911-8402-a67c302db4ae,2026-08-12T00:11:58.358108+00:00,c1ad72de628f71283ac69037e9bbe97c3e773952f5abde5eac91397ca322d1a6,resource-grid,heisenberg_chain,Heisenberg-36,"{""coupling"":1.0,""field_z"":0.3}",36,36.0,proportional,1.0,0.00015848931924611142,115.7999999999999,141,trotter-p4-empirical,trotter,Trotter p=4 [empirical],empirical-operator-norm,empirical,4.0,,,,,,1417.0,,,,,,,,,,,,,,,,,,,,,,,,,,,,,,commuting,3.0,0.00014241585554794375,9.4956618452,empirical-operator-norm,Repository empirical operator-norm calibration study v1 (2026-08-10),reviewed calibration opnorm-v1-heisenberg-open-trotter-p4; artifact docs/calibration_data/empirical_1d_v1_accepted.json,"{""prefactor"":9.4956618452}",False,implemented-product-formula,False,,"[""the resolved ordered Hamiltonian groups match the implemented formula"",""the fixed formal-order powers in time and segments apply"",""the reviewed affine size calibration extrapolates as flagged""]",,,,,,,implemented-product-formula,False,False,0.0001426403873215003,,,,,,,,,,,,,,,,,,,1.0,none,0.0,system register,1.0,36.0,1622465.0,0.0,-1.0,186583475.0,2416438.0,analytical-model,1.584893192461114e-05,opnorm-v1-heisenberg-open-trotter-p4,heisenberg_chain,affine-aN-plus-b,9.4956618452,4.0,12.0,4.0,12.0,True,True,formula,0.1.0,3.11.9,2.5.0,b58b31db18364511c43757e27fffc7abce8df2c1,True,ok,,
1.0,heisenberg_chain:N036,-3.8,commutator,3998.0,,,2.0,a8fa234e-a646-4911-8402-a67c302db4ae,2026-08-12T00:11:58.358108+00:00,c1ad72de628f71283ac69037e9bbe97c3e773952f5abde5eac91397ca322d1a6,resource-grid,heisenberg_chain,Heisenberg-36,"{""coupling"":1.0,""field_z"":0.3}",36,36.0,proportional,1.0,0.00015848931924611142,115.7999999999999,141,trotter-p6,trotter,Trotter p=6,analytical,analytical,6.0,,,,,,3998.0,,,,,,,,,,,,,,,,,,,,,,,,,,,,,,commuting,3.0,0.00014244774734991646,7423262.513876497,schubert-mendl-commutator,"Schubert and Mendl, arXiv:2306.10603",Theorem 1,"{""prefactor"":7423262.513876497}",True,implemented-product-formula,True,,"[""the resolved ordered Hamiltonian groups match the implemented formula""]",,,,,,,implemented-product-formula,True,True,0.0001426403873215003,,,,,,,,,,,,,,,,,,,1.0,none,0.0,system register,1.0,36.0,22888550.0,0.0,-1.0,2906845850.0,34089330.0,analytical-model,1.584893192461114e-05,,,,,,,,,,,,0.1.0,3.11.9,2.5.0,b58b31db18364511c43757e27fffc7abce8df2c1,True,ok,,
1.0,heisenberg_chain:N036,-3.8,empirical,216.0,,,2.0,a8fa234e-a646-4911-8402-a67c302db4ae,2026-08-12T00:11:58.358108+00:00,c1ad72de628f71283ac69037e9bbe97c3e773952f5abde5eac91397ca322d1a6,resource-grid,heisenberg_chain,Heisenberg-36,"{""coupling"":1.0,""field_z"":0.3}",36,36.0,proportional,1.0,0.00015848931924611142,115.7999999999999,141,trotter-p6-empirical,trotter,Trotter p=6 [empirical],empirical-operator-norm,empirical,6.0,,,,,,216.0,,,,,,,,,,,,,,,,,,,,,,,,,,,,,,commuting,3.0,0.0001064120947530859,0.13791007479999998,empirical-operator-norm,Repository empirical operator-norm calibration study v1 (2026-08-10),reviewed calibration opnorm-v1-heisenberg-open-trotter-p6; artifact docs/calibration_data/empirical_1d_v1_accepted.json,"{""prefactor"":0.13791007479999998}",False,implemented-product-formula,False,,"[""the resolved ordered Hamiltonian groups match the implemented formula"",""the fixed formal-order powers in time and segments apply"",""the reviewed affine size calibration extrapolates as flagged""]",,,,,,,implemented-product-formula,False,False,0.0001426403873215003,,,,,,,,,,,,,,,,,,,1.0,none,0.0,system register,1.0,36.0,1236600.0,0.0,-1.0,140972400.0,1841745.0,analytical-model,1.584893192461114e-05,opnorm-v1-heisenberg-open-trotter-p6,heisenberg_chain,affine-aN-plus-b,0.13791007479999998,4.0,12.0,4.0,12.0,True,True,asymptotic-domain,0.1.0,3.11.9,2.5.0,b58b31db18364511c43757e27fffc7abce8df2c1,True,ok,,
1.0,heisenberg_chain:N036,-3.8,jacobi-anger,,,,2.0,a8fa234e-a646-4911-8402-a67c302db4ae,2026-08-12T00:11:58.358108+00:00,c1ad72de628f71283ac69037e9bbe97c3e773952f5abde5eac91397ca322d1a6,resource-grid,heisenberg_chain,Heisenberg-36,"{""coupling"":1.0,""field_z"":0.3}",36,36.0,proportional,1.0,0.00015848931924611142,115.7999999999999,141,qsvt,qsvt,QSVT,jacobi-anger-rigorous,analytical,,,,,,,,,,,,,,,,,,,,,,,,,,,,,,,,,,,34035.0,5673.0,,,2.856083557133229e-05,,jacobi-anger-polynomial-oaa,"Martyn et al., arXiv:2105.02859, Eqs. (76)--(77)",Jacobi--Anger tails plus exact cubic OAA identity,"{""oaa-unitarity-defect-distortion"":1.4280570730867108e-05,""scaled-polynomial-error"":1.4280264840465182e-05}",True,ideal-qsvt-oaa-good-block,True,,"[""the cosine and sine polynomials are implemented exactly"",""the unamplified good block is exactly Q/2""]",,,,,,,implemented-qsvt-floating-phase-circuit,False,False,0.0001426403873215003,,,,,,,,,,,,,,,,,,,2.0,one robust OAA round,1.0,"component, quadrature, and index registers all-zero",,54.0,17425932.0,39004236.0,-1.0,2351684376.0,259687806.0,analytical-model,1.584893192461114e-05,,,,,,,,,,,,0.1.0,3.11.9,2.5.0,b58b31db18364511c43757e27fffc7abce8df2c1,True,ok,,
1.0,heisenberg_chain:N036,-3.8,empirical,,9.0,,2.0,a8fa234e-a646-4911-8402-a67c302db4ae,2026-08-12T00:11:58.358108+00:00,c1ad72de628f71283ac69037e9bbe97c3e773952f5abde5eac91397ca322d1a6,resource-grid,heisenberg_chain,Heisenberg-36,"{""coupling"":1.0,""field_z"":0.3}",36,36.0,proportional,1.0,0.00015848931924611142,115.7999999999999,141,mpf-j-mizuta2026-theorem6-empirical-operator-norm,multiproduct,MPF J=Mizuta Theorem 6 (resolved per point) [empirical operator norm],empirical-operator-norm,,,9.0,18.0,mizuta2026-theorem6,6.300000000000004,0.0001426403873215003,,,,,,,,,,,,,,,,,,,,,,,,,,,,,,,,,,,,,,,,,,,,,,,,,,,,,0.0001426403873215003,,,,,,,,,,,,,,,,,,,,,,,,,,,,,,,,,,,,,,,,,,,0.1.0,3.11.9,2.5.0,b58b31db18364511c43757e27fffc7abce8df2c1,True,missing_empirical,UnsupportedEmpiricalCalibrationError,"no reviewed empirical operator-norm calibration for method=multiproduct, formal_order=18, model=heisenberg_chain, parameters={'coupling': 1.0, 'field_z': 0.3}, boundary=open, partition=None, schedule='new', formula='ordered-individual-pauli-strang-mpf-v1'"
1.0,heisenberg_chain:N036,-3.8,commutator,,9.0,42149.0,2.0,a8fa234e-a646-4911-8402-a67c302db4ae,2026-08-12T00:11:58.358108+00:00,c1ad72de628f71283ac69037e9bbe97c3e773952f5abde5eac91397ca322d1a6,resource-grid,heisenberg_chain,Heisenberg-36,"{""coupling"":1.0,""field_z"":0.3}",36,36.0,proportional,1.0,0.00015848931924611142,115.7999999999999,141,mpf-j-mizuta2026-theorem6-mizuta2026-commutator-ideal-rigorous,multiproduct,MPF J=Mizuta Theorem 6 (resolved per point) [Mizuta 2026 refined commutator],mizuta2026-commutator-ideal-rigorous,analytical,,9.0,18.0,mizuta2026-theorem6,6.300000000000004,0.0001426403873215003,42149.0,42149.0,,27374.0,"[""error""]",190.09121336795624,18.0,,,3.383209686534641e-09,2.0396863734603743e-29,4.4990970534423266e-43,2.039686373460329e-29,2.0396863734603743e-29,3.3832096865346414e-09,0.00014261924049283663,1.3719981362396362e-05,False,0.001315158105262232,"[1.0000000000000002,1.0000000000000002,1.0000000000000002,1.0000000000000002,1.0000000000000002,1.0000000000000002,1.0000000000000002,1.0000000000000002,1.0000000000000002,1.0000000000000002,1.0000000000000002,1.0000000000000002,1.0000000000000002,1.0000000000000002,1.0000000000000002,1.0000000000000002,1.0000000000000002,1.0000000000000002,1.0000000000000002,1.0000000000000002,1.0000000000000002,1.0000000000000002,1.0000000000000002,1.0000000000000002,1.0000000000000002,1.0000000000000002,1.0000000000000002,1.0000000000000002,1.0000000000000002,1.0000000000000002,1.0000000000000002,1.0000000000000002,1.0000000000000002,1.0000000000000002,1.0000000000000002,1.0000000000000002,1.0000000000000002,1.0000000000000002,1.0000000000000002,1.0000000000000002,1.0000000000000002,1.0000000000000002,1.0000000000000002,1.0000000000000002,1.0000000000000002,1.0000000000000002,1.0000000000000002,1.0000000000000002,1.0000000000000002,1.0000000000000002,1.0000000000000002,1.0000000000000002,1.0000000000000002,1.0000000000000002,1.0000000000000002,1.0000000000000002,1.0000000000000002,1.0000000000000002,1.0000000000000002,1.0000000000000002,1.0000000000000002,1.0000000000000002,1.0000000000000002,1.0000000000000002,1.0000000000000002,1.0000000000000002,1.0000000000000002,1.0000000000000002,1.0000000000000002,1.0000000000000002,1.0000000000000002,1.0000000000000002,1.0000000000000002,1.0000000000000002,1.0000000000000002,1.0000000000000002,1.0000000000000002,1.0000000000000002,1.0000000000000002,1.0000000000000002,1.0000000000000002,1.0000000000000002,1.0000000000000002,1.0000000000000002,1.0000000000000002,1.0000000000000002,1.0000000000000002,1.0000000000000002,1.0000000000000002,1.0000000000000002,1.0000000000000002,1.0000000000000002,1.0000000000000002,1.0000000000000002,1.0000000000000002,1.0000000000000002,1.0000000000000002,1.0000000000000002,1.0000000000000002,1.0000000000000002,1.0000000000000002,1.0000000000000002,1.0000000000000002,1.0000000000000002,1.0000000000000002,1.0000000000000002,1.0000000000000002,1.0000000000000002,1.0000000000000002,1.0000000000000002,1.0000000000000002,1.0000000000000002,1.0000000000000002,1.0000000000000002,1.0000000000000002,1.0000000000000002,1.0000000000000002,1.0000000000000002,1.0000000000000002,1.0000000000000002,1.0000000000000002,1.0000000000000002,1.0000000000000002,1.0000000000000002,1.0000000000000002,1.0000000000000002,1.0000000000000002,1.0000000000000002,1.0000000000000002,1.0000000000000002,1.0000000000000002,1.0000000000000002,1.0000000000000002,1.0000000000000002,1.0000000000000002,1.0000000000000002,1.0000000000000002,1.0000000000000002,1.0000000000000002,1.0000000000000002,1.0000000000000002]",6.300000000000007,4.0,True,exact commutator transition cap reached; locality bound used,not-used,commutator,mizuta2026-commutator-ideal-rigorous,[],10115760.0,,,,0.00014261924049283663,6.769235627709709e+49,mizuta2026-commutator-ideal-rigorous,"Mizuta, Quantum 10, 1974 (2026), arXiv:2507.06557v4","Theorem 4, Eqs. (47)--(49), with direct Lemmas 9--10 BCH remainder","{""error_predicate_satisfied"":1.0,""extensiveness_g"":6.300000000000004,""joint_predicate_satisfied"":1.0,""legacy_first_condition_passed"":0.0,""legacy_first_time_limit"":1.3719981362396362e-05,""local_commutator_error"":3.383209686534641e-09,""local_step_error"":3.3832096865346414e-09,""local_truncated_bch_error"":2.0396863734603743e-29,""locality_k"":2.0,""mu_upper"":190.09121336795624,""refined_lemma10_remainder"":2.039686373460329e-29,""refined_lemma9_remainder"":4.4990970534423266e-43,""refined_tail_fallback"":0.0,""repeated_global_error"":0.00014261924049283663,""schedule_weighted_extensiveness"":6.300000000000007,""second_time_limit"":0.001315158105262232,""time_2_predicate_satisfied"":1.0,""total_branchwise_bch_remainder"":2.0396863734603743e-29,""truncation_order_p0"":18.0}",True,ideal-mpf,True,ordered individual Pauli terms,"[""individual Pauli summands define the ordered H_gamma decomposition"",""the actual Strang factors define schedule-weighted g_alpha extensiveness"",""Lemma 9 and Lemma 10 positive majorants directly certify the BCH remainder"",""the scalar-flow/Cauchy refined tail certificate is used"",""Theorem 4 second time hypothesis is satisfied"",""the repeated ideal MPF is composed with the Eq. (15) telescoping argument""]","exact Pauli recurrence would require 286794 transitions at order 5, above cap 250000; remaining orders use Mizuta 2026 Eq. (8)",18.0,4.0,True,True,"{""2"":984.0000000000011,""3"":16022.400000000034,""4"":245702.40000000078,""5"":2195110843.2691236,""6"":276583966251.9093,""7"":41819495697289.1,""8"":7376959041001784.0,""9"":1.487194942665952e+18,""10"":3.3729581299663746e+20,""11"":8.499854487515272e+22,""12"":2.356159663939246e+25,""13"":7.125026823752314e+27,""14"":2.3341587874612483e+30,""15"":8.234912202163285e+32,""16"":3.1127968124177332e+35,""17"":1.255079674766826e+38,""18"":5.376761326701115e+40}",repeated-shared-ancilla-good-block,True,False,0.0001426403873215003,new,"[1,2,3,4,5,6,8,14,37]","[1.967691252631999e-13,-3.445506091008736e-08,2.544222523112307e-05,-0.0016199636587070087,0.021324279661958864,-0.07100801545469856,0.14994672471728007,-0.4079534241993221,1.3092849911631212]",1.9611628755355768,0.03883712446442322,80.0,registered-exact,True,9.0,4.0,2.0,5.0,11.0,5.0,6.0,3.0,2.0,3.0,2.0,one robust OAA round per segment,42149.0,branch register all-zero,,43.0,5688850530.0,4847135.0,-1.0,859035818570.0,9951950154.0,analytical-model,1.584893192461114e-05,,,,,,,,,,,,0.1.0,3.11.9,2.5.0,b58b31db18364511c43757e27fffc7abce8df2c1,True,ok,,
1.0,heisenberg_chain:N036,-3.9,commutator,412290.0,,,2.0,a8fa234e-a646-4911-8402-a67c302db4ae,2026-08-12T00:11:58.358108+00:00,c1ad72de628f71283ac69037e9bbe97c3e773952f5abde5eac91397ca322d1a6,resource-grid,heisenberg_chain,Heisenberg-36,"{""coupling"":1.0,""field_z"":0.3}",36,36.0,proportional,1.0,0.00012589254117941674,115.7999999999999,141,trotter-p2,trotter,Trotter p=2,analytical,analytical,2.0,,,,,,412290.0,,,,,,,,,,,,,,,,,,,,,,,,,,,,,,individual,141.0,0.0001133030467948892,412.80000000000024,childs-commutator,"Childs, Su, Tran, Wiebe, and Zhu, arXiv:1912.08854",Propositions 9--10,"{""prefactor"":412.80000000000024}",True,implemented-product-formula,True,,"[""the resolved ordered Hamiltonian groups match the implemented formula""]",,,,,,,implemented-product-formula,True,True,0.00011330328706147508,,,,,,,,,,,,,,,,,,,1.0,none,0.0,system register,1.0,36.0,115853490.0,0.0,-1.0,15640221150.0,172547752.0,analytical-model,1.2589254117941675e-05,,,,,,,,,,,,0.1.0,3.11.9,2.5.0,b58b31db18364511c43757e27fffc7abce8df2c1,True,ok,,
1.0,heisenberg_chain:N036,-3.9,empirical,125910.0,,,2.0,a8fa234e-a646-4911-8402-a67c302db4ae,2026-08-12T00:11:58.358108+00:00,c1ad72de628f71283ac69037e9bbe97c3e773952f5abde5eac91397ca322d1a6,resource-grid,heisenberg_chain,Heisenberg-36,"{""coupling"":1.0,""field_z"":0.3}",36,36.0,proportional,1.0,0.00012589254117941674,115.7999999999999,141,trotter-p2-empirical,trotter,Trotter p=2 [empirical],empirical-operator-norm,empirical,2.0,,,,,,125910.0,,,,,,,,,,,,,,,,,,,,,,,,,,,,,,individual,141.0,0.00011330172218563947,38.4990006881,empirical-operator-norm,Repository empirical operator-norm calibration study v1 (2026-08-10),reviewed calibration opnorm-v1-heisenberg-open-trotter-p2; artifact docs/calibration_data/empirical_1d_v1_accepted.json,"{""prefactor"":38.4990006881}",False,implemented-product-formula,False,,"[""the resolved ordered Hamiltonian groups match the implemented formula"",""the fixed formal-order powers in time and segments apply"",""the reviewed affine size calibration extrapolates as flagged""]",,,,,,,implemented-product-formula,False,False,0.00011330328706147508,,,,,,,,,,,,,,,,,,,1.0,none,0.0,system register,1.0,36.0,35380710.0,0.0,-1.0,4599492300.0,52694675.0,analytical-model,1.2589254117941675e-05,opnorm-v1-heisenberg-open-trotter-p2,heisenberg_chain,affine-aN-plus-b,38.4990006881,4.0,12.0,4.0,12.0,True,True,formula,0.1.0,3.11.9,2.5.0,b58b31db18364511c43757e27fffc7abce8df2c1,True,ok,,
1.0,heisenberg_chain:N036,-3.9,commutator,9986.0,,,2.0,a8fa234e-a646-4911-8402-a67c302db4ae,2026-08-12T00:11:58.358108+00:00,c1ad72de628f71283ac69037e9bbe97c3e773952f5abde5eac91397ca322d1a6,resource-grid,heisenberg_chain,Heisenberg-36,"{""coupling"":1.0,""field_z"":0.3}",36,36.0,proportional,1.0,0.00012589254117941674,115.7999999999999,141,trotter-p4,trotter,Trotter p=4,analytical,analytical,4.0,,,,,,9986.0,,,,,,,,,,,,,,,,,,,,,,,,,,,,,,commuting,3.0,0.00011328731514460812,18630.95116112817,schubert-mendl-commutator,"Schubert and Mendl, arXiv:2306.10603",Theorem 1,"{""prefactor"":18630.95116112817}",True,implemented-product-formula,True,,"[""the resolved ordered Hamiltonian groups match the implemented formula""]",,,,,,,implemented-product-formula,True,True,0.00011330328706147508,,,,,,,,,,,,,,,,,,,1.0,none,0.0,system register,1.0,36.0,11433970.0,0.0,-1.0,1429246250.0,17029318.0,analytical-model,1.2589254117941675e-05,,,,,,,,,,,,0.1.0,3.11.9,2.5.0,b58b31db18364511c43757e27fffc7abce8df2c1,True,ok,,
1.0,heisenberg_chain:N036,-3.9,empirical,1501.0,,,2.0,a8fa234e-a646-4911-8402-a67c302db4ae,2026-08-12T00:11:58.358108+00:00,c1ad72de628f71283ac69037e9bbe97c3e773952f5abde5eac91397ca322d1a6,resource-grid,heisenberg_chain,Heisenberg-36,"{""coupling"":1.0,""field_z"":0.3}",36,36.0,proportional,1.0,0.00012589254117941674,115.7999999999999,141,trotter-p4-empirical,trotter,Trotter p=4 [empirical],empirical-operator-norm,empirical,4.0,,,,,,1501.0,,,,,,,,,,,,,,,,,,,,,,,,,,,,,,commuting,3.0,0.00011311363921501652,9.4956618452,empirical-operator-norm,Repository empirical operator-norm calibration study v1 (2026-08-10),reviewed calibration opnorm-v1-heisenberg-open-trotter-p4; artifact docs/calibration_data/empirical_1d_v1_accepted.json,"{""prefactor"":9.4956618452}",False,implemented-product-formula,False,,"[""the resolved ordered Hamiltonian groups match the implemented formula"",""the fixed formal-order powers in time and segments apply"",""the reviewed affine size calibration extrapolates as flagged""]",,,,,,,implemented-product-formula,False,False,0.00011330328706147508,,,,,,,,,,,,,,,,,,,1.0,none,0.0,system register,1.0,36.0,1718645.0,0.0,-1.0,201081465.0,2559685.0,analytical-model,1.2589254117941675e-05,opnorm-v1-heisenberg-open-trotter-p4,heisenberg_chain,affine-aN-plus-b,9.4956618452,4.0,12.0,4.0,12.0,True,True,formula,0.1.0,3.11.9,2.5.0,b58b31db18364511c43757e27fffc7abce8df2c1,True,ok,,
1.0,heisenberg_chain:N036,-3.9,commutator,4154.0,,,2.0,a8fa234e-a646-4911-8402-a67c302db4ae,2026-08-12T00:11:58.358108+00:00,c1ad72de628f71283ac69037e9bbe97c3e773952f5abde5eac91397ca322d1a6,resource-grid,heisenberg_chain,Heisenberg-36,"{""coupling"":1.0,""field_z"":0.3}",36,36.0,proportional,1.0,0.00012589254117941674,115.7999999999999,141,trotter-p6,trotter,Trotter p=6,analytical,analytical,6.0,,,,,,4154.0,,,,,,,,,,,,,,,,,,,,,,,,,,,,,,commuting,3.0,0.00011321745057886403,7423262.513876497,schubert-mendl-commutator,"Schubert and Mendl, arXiv:2306.10603",Theorem 1,"{""prefactor"":7423262.513876497}",True,implemented-product-formula,True,,"[""the resolved ordered Hamiltonian groups match the implemented formula""]",,,,,,,implemented-product-formula,True,True,0.00011330328706147508,,,,,,,,,,,,,,,,,,,1.0,none,0.0,system register,1.0,36.0,23781650.0,0.0,-1.0,3044051200.0,35419479.0,analytical-model,1.2589254117941675e-05,,,,,,,,,,,,0.1.0,3.11.9,2.5.0,b58b31db18364511c43757e27fffc7abce8df2c1,True,ok,,
1.0,heisenberg_chain:N036,-3.9,empirical,216.0,,,2.0,a8fa234e-a646-4911-8402-a67c302db4ae,2026-08-12T00:11:58.358108+00:00,c1ad72de628f71283ac69037e9bbe97c3e773952f5abde5eac91397ca322d1a6,resource-grid,heisenberg_chain,Heisenberg-36,"{""coupling"":1.0,""field_z"":0.3}",36,36.0,proportional,1.0,0.00012589254117941674,115.7999999999999,141,trotter-p6-empirical,trotter,Trotter p=6 [empirical],empirical-operator-norm,empirical,6.0,,,,,,216.0,,,,,,,,,,,,,,,,,,,,,,,,,,,,,,commuting,3.0,0.0001064120947530859,0.13791007479999998,empirical-operator-norm,Repository empirical operator-norm calibration study v1 (2026-08-10),reviewed calibration opnorm-v1-heisenberg-open-trotter-p6; artifact docs/calibration_data/empirical_1d_v1_accepted.json,"{""prefactor"":0.13791007479999998}",False,implemented-product-formula,False,,"[""the resolved ordered Hamiltonian groups match the implemented formula"",""the fixed formal-order powers in time and segments apply"",""the reviewed affine size calibration extrapolates as flagged""]",,,,,,,implemented-product-formula,False,False,0.00011330328706147508,,,,,,,,,,,,,,,,,,,1.0,none,0.0,system register,1.0,36.0,1236600.0,0.0,-1.0,142209000.0,1841745.0,analytical-model,1.2589254117941675e-05,opnorm-v1-heisenberg-open-trotter-p6,heisenberg_chain,affine-aN-plus-b,0.13791007479999998,4.0,12.0,4.0,12.0,True,True,asymptotic-domain,0.1.0,3.11.9,2.5.0,b58b31db18364511c43757e27fffc7abce8df2c1,True,ok,,
1.0,heisenberg_chain:N036,-3.9,jacobi-anger,,,,2.0,a8fa234e-a646-4911-8402-a67c302db4ae,2026-08-12T00:11:58.358108+00:00,c1ad72de628f71283ac69037e9bbe97c3e773952f5abde5eac91397ca322d1a6,resource-grid,heisenberg_chain,Heisenberg-36,"{""coupling"":1.0,""field_z"":0.3}",36,36.0,proportional,1.0,0.00012589254117941674,115.7999999999999,141,qsvt,qsvt,QSVT,jacobi-anger-rigorous,analytical,,,,,,,,,,,,,,,,,,,,,,,,,,,,,,,,,,,34035.0,5673.0,,,2.5301112643482684e-05,,jacobi-anger-polynomial-oaa,"Martyn et al., arXiv:2105.02859, Eqs. (76)--(77)",Jacobi--Anger tails plus exact cubic OAA identity,"{""oaa-unitarity-defect-distortion"":1.2650676347401326e-05,""scaled-polynomial-error"":1.2650436296081358e-05}",True,ideal-qsvt-oaa-good-block,True,,"[""the cosine and sine polynomials are implemented exactly"",""the unamplified good block is exactly Q/2""]",,,,,,,implemented-qsvt-floating-phase-circuit,False,False,0.00011330328706147508,,,,,,,,,,,,,,,,,,,2.0,one robust OAA round,1.0,"component, quadrature, and index registers all-zero",,54.0,17425932.0,39004236.0,-1.0,2369110308.0,259687806.0,analytical-model,1.2589254117941675e-05,,,,,,,,,,,,0.1.0,3.11.9,2.5.0,b58b31db18364511c43757e27fffc7abce8df2c1,True,ok,,
1.0,heisenberg_chain:N036,-3.9,empirical,,10.0,,2.0,a8fa234e-a646-4911-8402-a67c302db4ae,2026-08-12T00:11:58.358108+00:00,c1ad72de628f71283ac69037e9bbe97c3e773952f5abde5eac91397ca322d1a6,resource-grid,heisenberg_chain,Heisenberg-36,"{""coupling"":1.0,""field_z"":0.3}",36,36.0,proportional,1.0,0.00012589254117941674,115.7999999999999,141,mpf-j-mizuta2026-theorem6-empirical-operator-norm,multiproduct,MPF J=Mizuta Theorem 6 (resolved per point) [empirical operator norm],empirical-operator-norm,,,10.0,20.0,mizuta2026-theorem6,6.300000000000004,0.00011330328706147508,,,,,,,,,,,,,,,,,,,,,,,,,,,,,,,,,,,,,,,,,,,,,,,,,,,,,0.00011330328706147508,,,,,,,,,,,,,,,,,,,,,,,,,,,,,,,,,,,,,,,,,,,0.1.0,3.11.9,2.5.0,b58b31db18364511c43757e27fffc7abce8df2c1,True,missing_empirical,UnsupportedEmpiricalCalibrationError,"no reviewed empirical operator-norm calibration for method=multiproduct, formal_order=20, model=heisenberg_chain, parameters={'coupling': 1.0, 'field_z': 0.3}, boundary=open, partition=None, schedule='new', formula='ordered-individual-pauli-strang-mpf-v1'"
1.0,heisenberg_chain:N036,-3.9,commutator,,10.0,41779.0,2.0,a8fa234e-a646-4911-8402-a67c302db4ae,2026-08-12T00:11:58.358108+00:00,c1ad72de628f71283ac69037e9bbe97c3e773952f5abde5eac91397ca322d1a6,resource-grid,heisenberg_chain,Heisenberg-36,"{""coupling"":1.0,""field_z"":0.3}",36,36.0,proportional,1.0,0.00012589254117941674,115.7999999999999,141,mpf-j-mizuta2026-theorem6-mizuta2026-commutator-ideal-rigorous,multiproduct,MPF J=Mizuta Theorem 6 (resolved per point) [Mizuta 2026 refined commutator],mizuta2026-commutator-ideal-rigorous,analytical,,10.0,20.0,mizuta2026-theorem6,6.300000000000004,0.00011330328706147508,41779.0,41779.0,,29885.0,"[""error""]",207.5297994846062,20.0,,,2.7105594369868492e-09,2.0999454554881782e-32,1.5976633081003244e-48,2.0999454554881777e-32,2.0999454554881782e-32,2.7105594369868496e-09,0.00011325728744537034,1.2347983226156727e-05,False,0.0012046462754788335,"[1.0000000000000002,1.0000000000000002,1.0000000000000002,1.0000000000000002,1.0000000000000002,1.0000000000000002,1.0000000000000002,1.0000000000000002,1.0000000000000002,1.0000000000000002,1.0000000000000002,1.0000000000000002,1.0000000000000002,1.0000000000000002,1.0000000000000002,1.0000000000000002,1.0000000000000002,1.0000000000000002,1.0000000000000002,1.0000000000000002,1.0000000000000002,1.0000000000000002,1.0000000000000002,1.0000000000000002,1.0000000000000002,1.0000000000000002,1.0000000000000002,1.0000000000000002,1.0000000000000002,1.0000000000000002,1.0000000000000002,1.0000000000000002,1.0000000000000002,1.0000000000000002,1.0000000000000002,1.0000000000000002,1.0000000000000002,1.0000000000000002,1.0000000000000002,1.0000000000000002,1.0000000000000002,1.0000000000000002,1.0000000000000002,1.0000000000000002,1.0000000000000002,1.0000000000000002,1.0000000000000002,1.0000000000000002,1.0000000000000002,1.0000000000000002,1.0000000000000002,1.0000000000000002,1.0000000000000002,1.0000000000000002,1.0000000000000002,1.0000000000000002,1.0000000000000002,1.0000000000000002,1.0000000000000002,1.0000000000000002,1.0000000000000002,1.0000000000000002,1.0000000000000002,1.0000000000000002,1.0000000000000002,1.0000000000000002,1.0000000000000002,1.0000000000000002,1.0000000000000002,1.0000000000000002,1.0000000000000002,1.0000000000000002,1.0000000000000002,1.0000000000000002,1.0000000000000002,1.0000000000000002,1.0000000000000002,1.0000000000000002,1.0000000000000002,1.0000000000000002,1.0000000000000002,1.0000000000000002,1.0000000000000002,1.0000000000000002,1.0000000000000002,1.0000000000000002,1.0000000000000002,1.0000000000000002,1.0000000000000002,1.0000000000000002,1.0000000000000002,1.0000000000000002,1.0000000000000002,1.0000000000000002,1.0000000000000002,1.0000000000000002,1.0000000000000002,1.0000000000000002,1.0000000000000002,1.0000000000000002,1.0000000000000002,1.0000000000000002,1.0000000000000002,1.0000000000000002,1.0000000000000002,1.0000000000000002,1.0000000000000002,1.0000000000000002,1.0000000000000002,1.0000000000000002,1.0000000000000002,1.0000000000000002,1.0000000000000002,1.0000000000000002,1.0000000000000002,1.0000000000000002,1.0000000000000002,1.0000000000000002,1.0000000000000002,1.0000000000000002,1.0000000000000002,1.0000000000000002,1.0000000000000002,1.0000000000000002,1.0000000000000002,1.0000000000000002,1.0000000000000002,1.0000000000000002,1.0000000000000002,1.0000000000000002,1.0000000000000002,1.0000000000000002,1.0000000000000002,1.0000000000000002,1.0000000000000002,1.0000000000000002,1.0000000000000002,1.0000000000000002,1.0000000000000002,1.0000000000000002,1.0000000000000002]",6.300000000000007,4.0,True,exact commutator transition cap reached; locality bound used,not-used,commutator,mizuta2026-commutator-ideal-rigorous,[],12784374.0,,,,0.00011325728744537034,6.177678089324069e+55,mizuta2026-commutator-ideal-rigorous,"Mizuta, Quantum 10, 1974 (2026), arXiv:2507.06557v4","Theorem 4, Eqs. (47)--(49), with direct Lemmas 9--10 BCH remainder","{""error_predicate_satisfied"":1.0,""extensiveness_g"":6.300000000000004,""joint_predicate_satisfied"":1.0,""legacy_first_condition_passed"":0.0,""legacy_first_time_limit"":1.2347983226156727e-05,""local_commutator_error"":2.7105594369868492e-09,""local_step_error"":2.7105594369868496e-09,""local_truncated_bch_error"":2.0999454554881782e-32,""locality_k"":2.0,""mu_upper"":207.5297994846062,""refined_lemma10_remainder"":2.0999454554881777e-32,""refined_lemma9_remainder"":1.5976633081003244e-48,""refined_tail_fallback"":0.0,""repeated_global_error"":0.00011325728744537034,""schedule_weighted_extensiveness"":6.300000000000007,""second_time_limit"":0.0012046462754788335,""time_2_predicate_satisfied"":1.0,""total_branchwise_bch_remainder"":2.0999454554881782e-32,""truncation_order_p0"":20.0}",True,ideal-mpf,True,ordered individual Pauli terms,"[""individual Pauli summands define the ordered H_gamma decomposition"",""the actual Strang factors define schedule-weighted g_alpha extensiveness"",""Lemma 9 and Lemma 10 positive majorants directly certify the BCH remainder"",""the scalar-flow/Cauchy refined tail certificate is used"",""Theorem 4 second time hypothesis is satisfied"",""the repeated ideal MPF is composed with the Eq. (15) telescoping argument""]","exact Pauli recurrence would require 286794 transitions at order 5, above cap 250000; remaining orders use Mizuta 2026 Eq. (8)",20.0,4.0,True,True,"{""2"":984.0000000000011,""3"":16022.400000000034,""4"":245702.40000000078,""5"":2195110843.2691236,""6"":276583966251.9093,""7"":41819495697289.1,""8"":7376959041001784.0,""9"":1.487194942665952e+18,""10"":3.3729581299663746e+20,""11"":8.499854487515272e+22,""12"":2.356159663939246e+25,""13"":7.125026823752314e+27,""14"":2.3341587874612483e+30,""15"":8.234912202163285e+32,""16"":3.1127968124177332e+35,""17"":1.255079674766826e+38,""18"":5.376761326701115e+40,""19"":2.438898937791627e+43,""20"":1.1677448114146288e+46}",repeated-shared-ancilla-good-block,True,False,0.00011330328706147508,new,"[1,2,3,4,5,6,7,10,18,46]","[-1.018659142049789e-15,7.422846929019768e-10,-1.3257582359573536e-06,0.00016899488366474386,-0.004245967231050632,0.03062942826404365,-0.06314501886386865,0.12451536167559175,-0.4127707622244733,1.3248492885120446]",1.960326148155259,0.03967385184474104,102.0,registered-exact,True,10.0,5.0,2.0,6.0,12.0,4.0,6.0,3.0,2.0,3.0,2.0,one robust OAA round per segment,41779.0,branch register all-zero,,43.0,7188578298.0,5431270.0,-1.0,1099874204674.0,12572147347.0,analytical-model,1.2589254117941675e-05,,,,,,,,,,,,0.1.0,3.11.9,2.5.0,b58b31db18364511c43757e27fffc7abce8df2c1,True,ok,,
1.0,heisenberg_chain:N036,-4.0,commutator,462597.0,,,2.0,a8fa234e-a646-4911-8402-a67c302db4ae,2026-08-12T00:11:58.358108+00:00,c1ad72de628f71283ac69037e9bbe97c3e773952f5abde5eac91397ca322d1a6,resource-grid,heisenberg_chain,Heisenberg-36,"{""coupling"":1.0,""field_z"":0.3}",36,36.0,proportional,1.0,0.0001,115.7999999999999,141,trotter-p2,trotter,Trotter p=2,analytical,analytical,2.0,,,,,,462597.0,,,,,,,,,,,,,,,,,,,,,,,,,,,,,,individual,141.0,8.999980468413881e-05,412.80000000000024,childs-commutator,"Childs, Su, Tran, Wiebe, and Zhu, arXiv:1912.08854",Propositions 9--10,"{""prefactor"":412.80000000000024}",True,implemented-product-formula,True,,"[""the resolved ordered Hamiltonian groups match the implemented formula""]",,,,,,,implemented-product-formula,True,True,9e-05,,,,,,,,,,,,,,,,,,,1.0,none,0.0,system register,1.0,36.0,129989757.0,0.0,-1.0,17808596709.0,193601766.0,analytical-model,1e-05,,,,,,,,,,,,0.1.0,3.11.9,2.5.0,b58b31db18364511c43757e27fffc7abce8df2c1,True,ok,,
1.0,heisenberg_chain:N036,-4.0,empirical,141273.0,,,2.0,a8fa234e-a646-4911-8402-a67c302db4ae,2026-08-12T00:11:58.358108+00:00,c1ad72de628f71283ac69037e9bbe97c3e773952f5abde5eac91397ca322d1a6,resource-grid,heisenberg_chain,Heisenberg-36,"{""coupling"":1.0,""field_z"":0.3}",36,36.0,proportional,1.0,0.0001,115.7999999999999,141,trotter-p2-empirical,trotter,Trotter p=2 [empirical],empirical-operator-norm,empirical,2.0,,,,,,141273.0,,,,,,,,,,,,,,,,,,,,,,,,,,,,,,individual,141.0,8.999919473608238e-05,38.4990006881,empirical-operator-norm,Repository empirical operator-norm calibration study v1 (2026-08-10),reviewed calibration opnorm-v1-heisenberg-open-trotter-p2; artifact docs/calibration_data/empirical_1d_v1_accepted.json,"{""prefactor"":38.4990006881}",False,implemented-product-formula,False,,"[""the resolved ordered Hamiltonian groups match the implemented formula"",""the fixed formal-order powers in time and segments apply"",""the reviewed affine size calibration extrapolates as flagged""]",,,,,,,implemented-product-formula,False,False,9e-05,,,,,,,,,,,,,,,,,,,1.0,none,0.0,system register,1.0,36.0,39697713.0,0.0,-1.0,5200400403.0,59124254.0,analytical-model,1e-05,opnorm-v1-heisenberg-open-trotter-p2,heisenberg_chain,affine-aN-plus-b,38.4990006881,4.0,12.0,4.0,12.0,True,True,formula,0.1.0,3.11.9,2.5.0,b58b31db18364511c43757e27fffc7abce8df2c1,True,ok,,
1.0,heisenberg_chain:N036,-4.0,commutator,10578.0,,,2.0,a8fa234e-a646-4911-8402-a67c302db4ae,2026-08-12T00:11:58.358108+00:00,c1ad72de628f71283ac69037e9bbe97c3e773952f5abde5eac91397ca322d1a6,resource-grid,heisenberg_chain,Heisenberg-36,"{""coupling"":1.0,""field_z"":0.3}",36,36.0,proportional,1.0,0.0001,115.7999999999999,141,trotter-p4,trotter,Trotter p=4,analytical,analytical,4.0,,,,,,10578.0,,,,,,,,,,,,,,,,,,,,,,,,,,,,,,commuting,3.0,8.997736704089983e-05,18630.95116112817,schubert-mendl-commutator,"Schubert and Mendl, arXiv:2306.10603",Theorem 1,"{""prefactor"":18630.95116112817}",True,implemented-product-formula,True,,"[""the resolved ordered Hamiltonian groups match the implemented formula""]",,,,,,,implemented-product-formula,True,True,9e-05,,,,,,,,,,,,,,,,,,,1.0,none,0.0,system register,1.0,36.0,12111810.0,0.0,-1.0,1526088060.0,18038866.0,analytical-model,1e-05,,,,,,,,,,,,0.1.0,3.11.9,2.5.0,b58b31db18364511c43757e27fffc7abce8df2c1,True,ok,,
1.0,heisenberg_chain:N036,-4.0,empirical,1590.0,,,2.0,a8fa234e-a646-4911-8402-a67c302db4ae,2026-08-12T00:11:58.358108+00:00,c1ad72de628f71283ac69037e9bbe97c3e773952f5abde5eac91397ca322d1a6,resource-grid,heisenberg_chain,Heisenberg-36,"{""coupling"":1.0,""field_z"":0.3}",36,36.0,proportional,1.0,0.0001,115.7999999999999,141,trotter-p4-empirical,trotter,Trotter p=4 [empirical],empirical-operator-norm,empirical,4.0,,,,,,1590.0,,,,,,,,,,,,,,,,,,,,,,,,,,,,,,commuting,3.0,8.983576013673198e-05,9.4956618452,empirical-operator-norm,Repository empirical operator-norm calibration study v1 (2026-08-10),reviewed calibration opnorm-v1-heisenberg-open-trotter-p4; artifact docs/calibration_data/empirical_1d_v1_accepted.json,"{""prefactor"":9.4956618452}",False,implemented-product-formula,False,,"[""the resolved ordered Hamiltonian groups match the implemented formula"",""the fixed formal-order powers in time and segments apply"",""the reviewed affine size calibration extrapolates as flagged""]",,,,,,,implemented-product-formula,False,False,9e-05,,,,,,,,,,,,,,,,,,,1.0,none,0.0,system register,1.0,36.0,1820550.0,0.0,-1.0,214824900.0,2711458.0,analytical-model,1e-05,opnorm-v1-heisenberg-open-trotter-p4,heisenberg_chain,affine-aN-plus-b,9.4956618452,4.0,12.0,4.0,12.0,True,True,formula,0.1.0,3.11.9,2.5.0,b58b31db18364511c43757e27fffc7abce8df2c1,True,ok,,
1.0,heisenberg_chain:N036,-4.0,commutator,4316.0,,,2.0,a8fa234e-a646-4911-8402-a67c302db4ae,2026-08-12T00:11:58.358108+00:00,c1ad72de628f71283ac69037e9bbe97c3e773952f5abde5eac91397ca322d1a6,resource-grid,heisenberg_chain,Heisenberg-36,"{""coupling"":1.0,""field_z"":0.3}",36,36.0,proportional,1.0,0.0001,115.7999999999999,141,trotter-p6,trotter,Trotter p=6,analytical,analytical,6.0,,,,,,4316.0,,,,,,,,,,,,,,,,,,,,,,,,,,,,,,commuting,3.0,8.999610389101618e-05,7423262.513876497,schubert-mendl-commutator,"Schubert and Mendl, arXiv:2306.10603",Theorem 1,"{""prefactor"":7423262.513876497}",True,implemented-product-formula,True,,"[""the resolved ordered Hamiltonian groups match the implemented formula""]",,,,,,,implemented-product-formula,True,True,9e-05,,,,,,,,,,,,,,,,,,,1.0,none,0.0,system register,1.0,36.0,24709100.0,0.0,-1.0,3187473900.0,36800788.0,analytical-model,1e-05,,,,,,,,,,,,0.1.0,3.11.9,2.5.0,b58b31db18364511c43757e27fffc7abce8df2c1,True,ok,,
1.0,heisenberg_chain:N036,-4.0,empirical,223.0,,,2.0,a8fa234e-a646-4911-8402-a67c302db4ae,2026-08-12T00:11:58.358108+00:00,c1ad72de628f71283ac69037e9bbe97c3e773952f5abde5eac91397ca322d1a6,resource-grid,heisenberg_chain,Heisenberg-36,"{""coupling"":1.0,""field_z"":0.3}",36,36.0,proportional,1.0,0.0001,115.7999999999999,141,trotter-p6-empirical,trotter,Trotter p=6 [empirical],empirical-operator-norm,empirical,6.0,,,,,,223.0,,,,,,,,,,,,,,,,,,,,,,,,,,,,,,commuting,3.0,8.787884111357018e-05,0.13791007479999998,empirical-operator-norm,Repository empirical operator-norm calibration study v1 (2026-08-10),reviewed calibration opnorm-v1-heisenberg-open-trotter-p6; artifact docs/calibration_data/empirical_1d_v1_accepted.json,"{""prefactor"":0.13791007479999998}",False,implemented-product-formula,False,,"[""the resolved ordered Hamiltonian groups match the implemented formula"",""the fixed formal-order powers in time and segments apply"",""the reviewed affine size calibration extrapolates as flagged""]",,,,,,,implemented-product-formula,False,False,9e-05,,,,,,,,,,,,,,,,,,,1.0,none,0.0,system register,1.0,36.0,1276675.0,0.0,-1.0,148094300.0,1901431.0,analytical-model,1e-05,opnorm-v1-heisenberg-open-trotter-p6,heisenberg_chain,affine-aN-plus-b,0.13791007479999998,4.0,12.0,4.0,12.0,True,True,formula,0.1.0,3.11.9,2.5.0,b58b31db18364511c43757e27fffc7abce8df2c1,True,ok,,
1.0,heisenberg_chain:N036,-4.0,jacobi-anger,,,,2.0,a8fa234e-a646-4911-8402-a67c302db4ae,2026-08-12T00:11:58.358108+00:00,c1ad72de628f71283ac69037e9bbe97c3e773952f5abde5eac91397ca322d1a6,resource-grid,heisenberg_chain,Heisenberg-36,"{""coupling"":1.0,""field_z"":0.3}",36,36.0,proportional,1.0,0.0001,115.7999999999999,141,qsvt,qsvt,QSVT,jacobi-anger-rigorous,analytical,,,,,,,,,,,,,,,,,,,,,,,,,,,,,,,,,,,34035.0,5673.0,,,2.271182836390955e-05,,jacobi-anger-polynomial-oaa,"Martyn et al., arXiv:2105.02859, Eqs. (76)--(77)",Jacobi--Anger tails plus exact cubic OAA identity,"{""oaa-unitarity-defect-distortion"":1.1356010898263607e-05,""scaled-polynomial-error"":1.1355817465645943e-05}",True,ideal-qsvt-oaa-good-block,True,,"[""the cosine and sine polynomials are implemented exactly"",""the unamplified good block is exactly Q/2""]",,,,,,,implemented-qsvt-floating-phase-circuit,False,False,9e-05,,,,,,,,,,,,,,,,,,,2.0,one robust OAA round,1.0,"component, quadrature, and index registers all-zero",,54.0,17425932.0,39004236.0,-1.0,2386536240.0,259687806.0,analytical-model,1e-05,,,,,,,,,,,,0.1.0,3.11.9,2.5.0,b58b31db18364511c43757e27fffc7abce8df2c1,True,ok,,
1.0,heisenberg_chain:N036,-4.0,empirical,,10.0,,2.0,a8fa234e-a646-4911-8402-a67c302db4ae,2026-08-12T00:11:58.358108+00:00,c1ad72de628f71283ac69037e9bbe97c3e773952f5abde5eac91397ca322d1a6,resource-grid,heisenberg_chain,Heisenberg-36,"{""coupling"":1.0,""field_z"":0.3}",36,36.0,proportional,1.0,0.0001,115.7999999999999,141,mpf-j-mizuta2026-theorem6-empirical-operator-norm,multiproduct,MPF J=Mizuta Theorem 6 (resolved per point) [empirical operator norm],empirical-operator-norm,,,10.0,20.0,mizuta2026-theorem6,6.300000000000004,9e-05,,,,,,,,,,,,,,,,,,,,,,,,,,,,,,,,,,,,,,,,,,,,,,,,,,,,,9e-05,,,,,,,,,,,,,,,,,,,,,,,,,,,,,,,,,,,,,,,,,,,0.1.0,3.11.9,2.5.0,b58b31db18364511c43757e27fffc7abce8df2c1,True,missing_empirical,UnsupportedEmpiricalCalibrationError,"no reviewed empirical operator-norm calibration for method=multiproduct, formal_order=20, model=heisenberg_chain, parameters={'coupling': 1.0, 'field_z': 0.3}, boundary=open, partition=None, schedule='new', formula='ordered-individual-pauli-strang-mpf-v1'"
1.0,heisenberg_chain:N036,-4.0,commutator,,10.0,42262.0,2.0,a8fa234e-a646-4911-8402-a67c302db4ae,2026-08-12T00:11:58.358108+00:00,c1ad72de628f71283ac69037e9bbe97c3e773952f5abde5eac91397ca322d1a6,resource-grid,heisenberg_chain,Heisenberg-36,"{""coupling"":1.0,""field_z"":0.3}",36,36.0,proportional,1.0,0.0001,115.7999999999999,141,mpf-j-mizuta2026-theorem6-mizuta2026-commutator-ideal-rigorous,multiproduct,MPF J=Mizuta Theorem 6 (resolved per point) [Mizuta 2026 refined commutator],mizuta2026-commutator-ideal-rigorous,analytical,,10.0,20.0,mizuta2026-theorem6,6.300000000000004,9e-05,42262.0,42262.0,,29885.0,"[""error""]",207.5297994846062,20.0,,,2.129250857372008e-09,1.6474989081227722e-32,1.2547975283086323e-48,1.647498908122772e-32,1.6474989081227722e-32,2.1292508573720083e-09,8.999449745910907e-05,1.2347983226156727e-05,False,0.0012046462754788335,"[1.0000000000000002,1.0000000000000002,1.0000000000000002,1.0000000000000002,1.0000000000000002,1.0000000000000002,1.0000000000000002,1.0000000000000002,1.0000000000000002,1.0000000000000002,1.0000000000000002,1.0000000000000002,1.0000000000000002,1.0000000000000002,1.0000000000000002,1.0000000000000002,1.0000000000000002,1.0000000000000002,1.0000000000000002,1.0000000000000002,1.0000000000000002,1.0000000000000002,1.0000000000000002,1.0000000000000002,1.0000000000000002,1.0000000000000002,1.0000000000000002,1.0000000000000002,1.0000000000000002,1.0000000000000002,1.0000000000000002,1.0000000000000002,1.0000000000000002,1.0000000000000002,1.0000000000000002,1.0000000000000002,1.0000000000000002,1.0000000000000002,1.0000000000000002,1.0000000000000002,1.0000000000000002,1.0000000000000002,1.0000000000000002,1.0000000000000002,1.0000000000000002,1.0000000000000002,1.0000000000000002,1.0000000000000002,1.0000000000000002,1.0000000000000002,1.0000000000000002,1.0000000000000002,1.0000000000000002,1.0000000000000002,1.0000000000000002,1.0000000000000002,1.0000000000000002,1.0000000000000002,1.0000000000000002,1.0000000000000002,1.0000000000000002,1.0000000000000002,1.0000000000000002,1.0000000000000002,1.0000000000000002,1.0000000000000002,1.0000000000000002,1.0000000000000002,1.0000000000000002,1.0000000000000002,1.0000000000000002,1.0000000000000002,1.0000000000000002,1.0000000000000002,1.0000000000000002,1.0000000000000002,1.0000000000000002,1.0000000000000002,1.0000000000000002,1.0000000000000002,1.0000000000000002,1.0000000000000002,1.0000000000000002,1.0000000000000002,1.0000000000000002,1.0000000000000002,1.0000000000000002,1.0000000000000002,1.0000000000000002,1.0000000000000002,1.0000000000000002,1.0000000000000002,1.0000000000000002,1.0000000000000002,1.0000000000000002,1.0000000000000002,1.0000000000000002,1.0000000000000002,1.0000000000000002,1.0000000000000002,1.0000000000000002,1.0000000000000002,1.0000000000000002,1.0000000000000002,1.0000000000000002,1.0000000000000002,1.0000000000000002,1.0000000000000002,1.0000000000000002,1.0000000000000002,1.0000000000000002,1.0000000000000002,1.0000000000000002,1.0000000000000002,1.0000000000000002,1.0000000000000002,1.0000000000000002,1.0000000000000002,1.0000000000000002,1.0000000000000002,1.0000000000000002,1.0000000000000002,1.0000000000000002,1.0000000000000002,1.0000000000000002,1.0000000000000002,1.0000000000000002,1.0000000000000002,1.0000000000000002,1.0000000000000002,1.0000000000000002,1.0000000000000002,1.0000000000000002,1.0000000000000002,1.0000000000000002,1.0000000000000002,1.0000000000000002,1.0000000000000002,1.0000000000000002,1.0000000000000002,1.0000000000000002]",6.300000000000007,4.0,True,exact commutator transition cap reached; locality bound used,not-used,commutator,mizuta2026-commutator-ideal-rigorous,[],12932172.0,,,,8.999449745910907e-05,6.177678089324069e+55,mizuta2026-commutator-ideal-rigorous,"Mizuta, Quantum 10, 1974 (2026), arXiv:2507.06557v4","Theorem 4, Eqs. (47)--(49), with direct Lemmas 9--10 BCH remainder","{""error_predicate_satisfied"":1.0,""extensiveness_g"":6.300000000000004,""joint_predicate_satisfied"":1.0,""legacy_first_condition_passed"":0.0,""legacy_first_time_limit"":1.2347983226156727e-05,""local_commutator_error"":2.129250857372008e-09,""local_step_error"":2.1292508573720083e-09,""local_truncated_bch_error"":1.6474989081227722e-32,""locality_k"":2.0,""mu_upper"":207.5297994846062,""refined_lemma10_remainder"":1.647498908122772e-32,""refined_lemma9_remainder"":1.2547975283086323e-48,""refined_tail_fallback"":0.0,""repeated_global_error"":8.999449745910907e-05,""schedule_weighted_extensiveness"":6.300000000000007,""second_time_limit"":0.0012046462754788335,""time_2_predicate_satisfied"":1.0,""total_branchwise_bch_remainder"":1.6474989081227722e-32,""truncation_order_p0"":20.0}",True,ideal-mpf,True,ordered individual Pauli terms,"[""individual Pauli summands define the ordered H_gamma decomposition"",""the actual Strang factors define schedule-weighted g_alpha extensiveness"",""Lemma 9 and Lemma 10 positive majorants directly certify the BCH remainder"",""the scalar-flow/Cauchy refined tail certificate is used"",""Theorem 4 second time hypothesis is satisfied"",""the repeated ideal MPF is composed with the Eq. (15) telescoping argument""]","exact Pauli recurrence would require 286794 transitions at order 5, above cap 250000; remaining orders use Mizuta 2026 Eq. (8)",20.0,4.0,True,True,"{""2"":984.0000000000011,""3"":16022.400000000034,""4"":245702.40000000078,""5"":2195110843.2691236,""6"":276583966251.9093,""7"":41819495697289.1,""8"":7376959041001784.0,""9"":1.487194942665952e+18,""10"":3.3729581299663746e+20,""11"":8.499854487515272e+22,""12"":2.356159663939246e+25,""13"":7.125026823752314e+27,""14"":2.3341587874612483e+30,""15"":8.234912202163285e+32,""16"":3.1127968124177332e+35,""17"":1.255079674766826e+38,""18"":5.376761326701115e+40,""19"":2.438898937791627e+43,""20"":1.1677448114146288e+46}",repeated-shared-ancilla-good-block,True,False,9e-05,new,"[1,2,3,4,5,6,7,10,18,46]","[-1.018659142049789e-15,7.422846929019768e-10,-1.3257582359573536e-06,0.00016899488366474386,-0.004245967231050632,0.03062942826404365,-0.06314501886386865,0.12451536167559175,-0.4127707622244733,1.3248492885120446]",1.960326148155259,0.03967385184474104,102.0,registered-exact,True,10.0,5.0,2.0,6.0,12.0,4.0,6.0,3.0,2.0,3.0,2.0,one robust OAA round per segment,42262.0,branch register all-zero,,43.0,7271684244.0,5494060.0,-1.0,1119861349816.0,12717491831.0,analytical-model,1e-05,,,,,,,,,,,,0.1.0,3.11.9,2.5.0,b58b31db18364511c43757e27fffc7abce8df2c1,True,ok,,
