grid_schema_version,shard_id,log10_target_error,estimator_variant,trotter_reps,mpf_branch_count,mpf_segments,schema_version,run_id,generated_at_utc,config_digest,sweep,hamiltonian_model,hamiltonian_name,model_parameters_json,system_qubits,evolution_time,time_scaling_mode,time_scaling_coefficient,target_error,hamiltonian_alpha,hamiltonian_term_count,method_id,method_family,method_label,error_policy,estimate_category,trotter_order,mpf_term_count,mpf_formal_order,mpf_branch_count_policy,mpf_branch_count_policy_extensiveness_g,mpf_branch_count_policy_target_error,segment_count,mpf_r_error,mpf_r_time_1,mpf_r_time_2,mpf_active_constraints_json,mpf_mu_upper,mpf_truncation_order_p0,mpf_auxiliary_error,mpf_auxiliary_allocation_fraction,mpf_local_commutator_error,mpf_local_truncated_bch_error,mpf_refined_lemma9_remainder,mpf_refined_lemma10_remainder,mpf_total_branchwise_bch_remainder,mpf_local_step_error,mpf_repeated_global_error,mpf_legacy_first_time_limit,mpf_legacy_first_condition_passed,mpf_second_time_limit,mpf_schedule_weights_json,mpf_schedule_weighted_extensiveness,mpf_exact_commutator_cutoff,mpf_locality_fallback,mpf_locality_fallback_reason,mpf_refined_tail_fallback_status,mpf_local_error_dominance,mpf_bound_policy,mpf_bound_candidates_json,query_count,qsvt_degree,trotter_partition,trotter_group_count,bound_value,bound_prefactor,bound_method,bound_reference,bound_theorem_or_equations,bound_components_json,bound_rigorous,bound_scope,bound_target_satisfied,hamiltonian_decomposition,bound_assumptions_json,bound_fallback_reason,max_nested_commutator_order,max_exact_nested_commutator_order,locality_compatible,commutator_cap_fallback,commutator_bounds_json,circuit_bound_scope,circuit_bound_rigorous,circuit_target_satisfied,algorithm_error_budget,mpf_schedule,mpf_exponents_json,mpf_coefficients_json,mpf_coefficient_l1_norm,mpf_padding_weight,mpf_exponent_sum,mpf_exponent_sum_source,mpf_explicit_schedule_available,mpf_physical_branch_count,mpf_negative_coefficient_count,mpf_padding_branch_count,mpf_sign_branch_count,mpf_active_branch_count,mpf_unused_branch_state_count,mpf_prepare_calls_per_segment,mpf_select_calls_per_segment,mpf_good_reflections_per_segment,mpf_base_lcu_uses_per_segment,lcu_normalization,amplitude_amplification,amplitude_amplification_rounds,good_subspace,nominal_success_probability,total_qubits,rotation_count,toffoli_count,depth,t_count,cnot_count,counting_mode,rotation_synthesis_error,empirical_calibration_id,empirical_calibration_model,empirical_coefficient_model,empirical_coefficient_value,empirical_calibration_size_min,empirical_calibration_size_max,empirical_calibration_time_min,empirical_calibration_time_max,empirical_size_extrapolated,empirical_time_extrapolated,empirical_active_constraint,package_version,python_version,qiskit_version,git_commit,git_dirty,status,error_type,error_message
1.0,heisenberg_chain:N057,-1.0,commutator,37126.0,,,2.0,a8fa234e-a646-4911-8402-a67c302db4ae,2026-08-12T00:11:58.358108+00:00,c1ad72de628f71283ac69037e9bbe97c3e773952f5abde5eac91397ca322d1a6,resource-grid,heisenberg_chain,Heisenberg-57,"{""coupling"":1.0,""field_z"":0.3}",57,57.0,proportional,1.0,0.1,185.10000000000065,225,trotter-p2,trotter,Trotter p=2,analytical,analytical,2.0,,,,,,37126.0,,,,,,,,,,,,,,,,,,,,,,,,,,,,,,individual,225.0,0.08999933998862254,669.839999999999,childs-commutator,"Childs, Su, Tran, Wiebe, and Zhu, arXiv:1912.08854",Propositions 9--10,"{""prefactor"":669.839999999999}",True,implemented-product-formula,True,,"[""the resolved ordered Hamiltonian groups match the implemented formula""]",,,,,,,implemented-product-formula,True,True,0.09000000000000001,,,,,,,,,,,,,,,,,,,1.0,none,0.0,system register,1.0,57.0,16669574.0,0.0,-1.0,1616948678.0,24893231.0,analytical-model,0.010000000000000002,,,,,,,,,,,,0.1.0,3.11.9,2.5.0,b58b31db18364511c43757e27fffc7abce8df2c1,True,ok,,
1.0,heisenberg_chain:N057,-1.0,empirical,11296.0,,,2.0,a8fa234e-a646-4911-8402-a67c302db4ae,2026-08-12T00:11:58.358108+00:00,c1ad72de628f71283ac69037e9bbe97c3e773952f5abde5eac91397ca322d1a6,resource-grid,heisenberg_chain,Heisenberg-57,"{""coupling"":1.0,""field_z"":0.3}",57,57.0,proportional,1.0,0.1,185.10000000000065,225,trotter-p2-empirical,trotter,Trotter p=2 [empirical],empirical-operator-norm,empirical,2.0,,,,,,11296.0,,,,,,,,,,,,,,,,,,,,,,,,,,,,,,individual,225.0,0.0899998319915821,62.0106807611,empirical-operator-norm,Repository empirical operator-norm calibration study v1 (2026-08-10),reviewed calibration opnorm-v1-heisenberg-open-trotter-p2; artifact docs/calibration_data/empirical_1d_v1_accepted.json,"{""prefactor"":62.0106807611}",False,implemented-product-formula,False,,"[""the resolved ordered Hamiltonian groups match the implemented formula"",""the fixed formal-order powers in time and segments apply"",""the reviewed affine size calibration extrapolates as flagged""]",,,,,,,implemented-product-formula,False,False,0.09000000000000001,,,,,,,,,,,,,,,,,,,1.0,none,0.0,system register,1.0,57.0,5071904.0,0.0,-1.0,466615168.0,7574044.0,analytical-model,0.010000000000000002,opnorm-v1-heisenberg-open-trotter-p2,heisenberg_chain,affine-aN-plus-b,62.0106807611,4.0,12.0,4.0,12.0,True,True,formula,0.1.0,3.11.9,2.5.0,b58b31db18364511c43757e27fffc7abce8df2c1,True,ok,,
1.0,heisenberg_chain:N057,-1.0,commutator,4004.0,,,2.0,a8fa234e-a646-4911-8402-a67c302db4ae,2026-08-12T00:11:58.358108+00:00,c1ad72de628f71283ac69037e9bbe97c3e773952f5abde5eac91397ca322d1a6,resource-grid,heisenberg_chain,Heisenberg-57,"{""coupling"":1.0,""field_z"":0.3}",57,57.0,proportional,1.0,0.1,185.10000000000065,225,trotter-p4,trotter,Trotter p=4,analytical,analytical,4.0,,,,,,4004.0,,,,,,,,,,,,,,,,,,,,,,,,,,,,,,commuting,3.0,0.08994901762114664,38423.63263718384,schubert-mendl-commutator,"Schubert and Mendl, arXiv:2306.10603",Theorem 1,"{""prefactor"":38423.63263718384}",True,implemented-product-formula,True,,"[""the resolved ordered Hamiltonian groups match the implemented formula""]",,,,,,,implemented-product-formula,True,True,0.09000000000000001,,,,,,,,,,,,,,,,,,,1.0,none,0.0,system register,1.0,57.0,7907900.0,0.0,-1.0,743342600.0,11809131.0,analytical-model,0.010000000000000002,,,,,,,,,,,,0.1.0,3.11.9,2.5.0,b58b31db18364511c43757e27fffc7abce8df2c1,True,ok,,
1.0,heisenberg_chain:N057,-1.0,empirical,568.0,,,2.0,a8fa234e-a646-4911-8402-a67c302db4ae,2026-08-12T00:11:58.358108+00:00,c1ad72de628f71283ac69037e9bbe97c3e773952f5abde5eac91397ca322d1a6,resource-grid,heisenberg_chain,Heisenberg-57,"{""coupling"":1.0,""field_z"":0.3}",57,57.0,proportional,1.0,0.1,185.10000000000065,225,trotter-p4-empirical,trotter,Trotter p=4 [empirical],empirical-operator-norm,empirical,4.0,,,,,,568.0,,,,,,,,,,,,,,,,,,,,,,,,,,,,,,commuting,3.0,0.08972461984079513,15.521392859299997,empirical-operator-norm,Repository empirical operator-norm calibration study v1 (2026-08-10),reviewed calibration opnorm-v1-heisenberg-open-trotter-p4; artifact docs/calibration_data/empirical_1d_v1_accepted.json,"{""prefactor"":15.521392859299997}",False,implemented-product-formula,False,,"[""the resolved ordered Hamiltonian groups match the implemented formula"",""the fixed formal-order powers in time and segments apply"",""the reviewed affine size calibration extrapolates as flagged""]",,,,,,,implemented-product-formula,False,False,0.09000000000000001,,,,,,,,,,,,,,,,,,,1.0,none,0.0,system register,1.0,57.0,1121800.0,0.0,-1.0,95353000.0,1675222.0,analytical-model,0.010000000000000002,opnorm-v1-heisenberg-open-trotter-p4,heisenberg_chain,affine-aN-plus-b,15.521392859299997,4.0,12.0,4.0,12.0,True,True,formula,0.1.0,3.11.9,2.5.0,b58b31db18364511c43757e27fffc7abce8df2c1,True,ok,,
1.0,heisenberg_chain:N057,-1.0,commutator,2607.0,,,2.0,a8fa234e-a646-4911-8402-a67c302db4ae,2026-08-12T00:11:58.358108+00:00,c1ad72de628f71283ac69037e9bbe97c3e773952f5abde5eac91397ca322d1a6,resource-grid,heisenberg_chain,Heisenberg-57,"{""coupling"":1.0,""field_z"":0.3}",57,57.0,proportional,1.0,0.1,185.10000000000065,225,trotter-p6,trotter,Trotter p=6,analytical,analytical,6.0,,,,,,2607.0,,,,,,,,,,,,,,,,,,,,,,,,,,,,,,commuting,3.0,0.08987151142302272,14432588.951672671,schubert-mendl-commutator,"Schubert and Mendl, arXiv:2306.10603",Theorem 1,"{""prefactor"":14432588.951672671}",True,implemented-product-formula,True,,"[""the resolved ordered Hamiltonian groups match the implemented formula""]",,,,,,,implemented-product-formula,True,True,0.09000000000000001,,,,,,,,,,,,,,,,,,,1.0,none,0.0,system register,1.0,57.0,25744125.0,0.0,-1.0,2548668375.0,38444560.0,analytical-model,0.010000000000000002,,,,,,,,,,,,0.1.0,3.11.9,2.5.0,b58b31db18364511c43757e27fffc7abce8df2c1,True,ok,,
1.0,heisenberg_chain:N057,-1.0,empirical,342.0,,,2.0,a8fa234e-a646-4911-8402-a67c302db4ae,2026-08-12T00:11:58.358108+00:00,c1ad72de628f71283ac69037e9bbe97c3e773952f5abde5eac91397ca322d1a6,resource-grid,heisenberg_chain,Heisenberg-57,"{""coupling"":1.0,""field_z"":0.3}",57,57.0,proportional,1.0,0.1,185.10000000000065,225,trotter-p6-empirical,trotter,Trotter p=6 [empirical],empirical-operator-norm,empirical,6.0,,,,,,342.0,,,,,,,,,,,,,,,,,,,,,,,,,,,,,,commuting,3.0,0.00027534962853652305,0.225380917,empirical-operator-norm,Repository empirical operator-norm calibration study v1 (2026-08-10),reviewed calibration opnorm-v1-heisenberg-open-trotter-p6; artifact docs/calibration_data/empirical_1d_v1_accepted.json,"{""prefactor"":0.225380917}",False,implemented-product-formula,False,,"[""the resolved ordered Hamiltonian groups match the implemented formula"",""the fixed formal-order powers in time and segments apply"",""the reviewed affine size calibration extrapolates as flagged""]",,,,,,,implemented-product-formula,False,False,0.09000000000000001,,,,,,,,,,,,,,,,,,,1.0,none,0.0,system register,1.0,57.0,3377250.0,0.0,-1.0,303952500.0,5043360.0,analytical-model,0.010000000000000002,opnorm-v1-heisenberg-open-trotter-p6,heisenberg_chain,affine-aN-plus-b,0.225380917,4.0,12.0,4.0,12.0,True,True,asymptotic-domain,0.1.0,3.11.9,2.5.0,b58b31db18364511c43757e27fffc7abce8df2c1,True,ok,,
1.0,heisenberg_chain:N057,-1.0,jacobi-anger,,,,2.0,a8fa234e-a646-4911-8402-a67c302db4ae,2026-08-12T00:11:58.358108+00:00,c1ad72de628f71283ac69037e9bbe97c3e773952f5abde5eac91397ca322d1a6,resource-grid,heisenberg_chain,Heisenberg-57,"{""coupling"":1.0,""field_z"":0.3}",57,57.0,proportional,1.0,0.1,185.10000000000065,225,qsvt,qsvt,QSVT,jacobi-anger-rigorous,analytical,,,,,,,,,,,,,,,,,,,,,,,,,,,,,,,,,,,86043.0,14341.0,,,0.012988070674200825,,jacobi-anger-polynomial-oaa,"Martyn et al., arXiv:2105.02859, Eqs. (76)--(77)",Jacobi--Anger tails plus exact cubic OAA identity,"{""oaa-unitarity-defect-distortion"":0.006525427137519197,""scaled-polynomial-error"":0.006462643536681628}",True,ideal-qsvt-oaa-good-block,True,,"[""the cosine and sine polynomials are implemented exactly"",""the unamplified good block is exactly Q/2""]",,,,,,,implemented-qsvt-floating-phase-circuit,False,False,0.09000000000000001,,,,,,,,,,,,,,,,,,,2.0,one robust OAA round,1.0,"component, quadrature, and index registers all-zero",,75.0,44054028.0,156426300.0,-1.0,5119216056.0,1016082543.0,analytical-model,0.010000000000000002,,,,,,,,,,,,0.1.0,3.11.9,2.5.0,b58b31db18364511c43757e27fffc7abce8df2c1,True,ok,,
1.0,heisenberg_chain:N057,-1.0,empirical,,7.0,72.0,2.0,a8fa234e-a646-4911-8402-a67c302db4ae,2026-08-12T00:11:58.358108+00:00,c1ad72de628f71283ac69037e9bbe97c3e773952f5abde5eac91397ca322d1a6,resource-grid,heisenberg_chain,Heisenberg-57,"{""coupling"":1.0,""field_z"":0.3}",57,57.0,proportional,1.0,0.1,185.10000000000065,225,mpf-j-mizuta2026-theorem6-empirical-operator-norm,multiproduct,MPF J=Mizuta Theorem 6 (resolved per point) [empirical operator norm],empirical-operator-norm,empirical,,7.0,14.0,mizuta2026-theorem6,6.300000000000004,0.09000000000000001,72.0,,,,[],,,,,,,,,,,,,,,[],,,,,,,empirical-operator-norm,[],9936.0,,,,1.679515711352015e-05,7.757400000000001e-06,empirical-operator-norm,Repository empirical operator-norm calibration study v1 (2026-08-10),reviewed calibration opnorm-v1-heisenberg-open-mpf-new-m7; fixed formal powers,"{""empirical_coefficient"":7.757400000000001e-06}",False,ideal-mpf,False,ordered individual Pauli terms,"[""the fixed formal-order powers in time and segments apply"",""the empirical estimate concerns the repeated ideal MPF operator"",""the reviewed affine size calibration extrapolates as flagged""]",,0.0,0.0,False,False,{},repeated-shared-ancilla-good-block,False,False,0.09000000000000001,new,"[1,2,3,4,5,9,22]","[2.9953607852158573e-09,-2.9318124556219793e-05,0.003468573778195489,-0.04863485570038276,0.1308718708891307,-0.4341006887393225,1.3484244149015747]",1.965529725128523,0.034470274871476914,46.0,registered-exact,True,7.0,3.0,2.0,4.0,9.0,7.0,6.0,3.0,2.0,3.0,2.0,one robust OAA round per segment,72.0,branch register all-zero,,64.0,8929008.0,6552.0,-1.0,848281968.0,15631051.0,analytical-model,0.010000000000000002,opnorm-v1-heisenberg-open-mpf-new-m7,heisenberg_chain,affine-aN-plus-b,7.757400000000001e-06,4.0,8.0,4.0,12.0,True,True,asymptotic-domain,0.1.0,3.11.9,2.5.0,b58b31db18364511c43757e27fffc7abce8df2c1,True,ok,,
1.0,heisenberg_chain:N057,-1.0,commutator,,7.0,51123.0,2.0,a8fa234e-a646-4911-8402-a67c302db4ae,2026-08-12T00:11:58.358108+00:00,c1ad72de628f71283ac69037e9bbe97c3e773952f5abde5eac91397ca322d1a6,resource-grid,heisenberg_chain,Heisenberg-57,"{""coupling"":1.0,""field_z"":0.3}",57,57.0,proportional,1.0,0.1,185.10000000000065,225,mpf-j-mizuta2026-theorem6-mizuta2026-commutator-ideal-rigorous,multiproduct,MPF J=Mizuta Theorem 6 (resolved per point) [Mizuta 2026 refined commutator],mizuta2026-commutator-ideal-rigorous,analytical,,7.0,14.0,mizuta2026-theorem6,6.300000000000004,0.09000000000000001,51123.0,51123.0,,37112.0,"[""error""]",162.7687268486465,14.0,,,1.620127347771019e-06,2.0785297225219512e-21,1.77506475799942e-30,2.078529720746886e-21,2.0785297225219512e-21,1.6201273477710214e-06,0.08997783235844202,1.763997603736675e-05,False,0.0015359215792875684,"[1.0000000000000002,1.0000000000000002,1.0000000000000002,1.0000000000000002,1.0000000000000002,1.0000000000000002,1.0000000000000002,1.0000000000000002,1.0000000000000002,1.0000000000000002,1.0000000000000002,1.0000000000000002,1.0000000000000002,1.0000000000000002,1.0000000000000002,1.0000000000000002,1.0000000000000002,1.0000000000000002,1.0000000000000002,1.0000000000000002,1.0000000000000002,1.0000000000000002,1.0000000000000002,1.0000000000000002,1.0000000000000002,1.0000000000000002,1.0000000000000002,1.0000000000000002,1.0000000000000002,1.0000000000000002,1.0000000000000002,1.0000000000000002,1.0000000000000002,1.0000000000000002,1.0000000000000002,1.0000000000000002,1.0000000000000002,1.0000000000000002,1.0000000000000002,1.0000000000000002,1.0000000000000002,1.0000000000000002,1.0000000000000002,1.0000000000000002,1.0000000000000002,1.0000000000000002,1.0000000000000002,1.0000000000000002,1.0000000000000002,1.0000000000000002,1.0000000000000002,1.0000000000000002,1.0000000000000002,1.0000000000000002,1.0000000000000002,1.0000000000000002,1.0000000000000002,1.0000000000000002,1.0000000000000002,1.0000000000000002,1.0000000000000002,1.0000000000000002,1.0000000000000002,1.0000000000000002,1.0000000000000002,1.0000000000000002,1.0000000000000002,1.0000000000000002,1.0000000000000002,1.0000000000000002,1.0000000000000002,1.0000000000000002,1.0000000000000002,1.0000000000000002,1.0000000000000002,1.0000000000000002,1.0000000000000002,1.0000000000000002,1.0000000000000002,1.0000000000000002,1.0000000000000002,1.0000000000000002,1.0000000000000002,1.0000000000000002,1.0000000000000002,1.0000000000000002,1.0000000000000002,1.0000000000000002,1.0000000000000002,1.0000000000000002,1.0000000000000002,1.0000000000000002,1.0000000000000002,1.0000000000000002,1.0000000000000002,1.0000000000000002,1.0000000000000002,1.0000000000000002,1.0000000000000002,1.0000000000000002,1.0000000000000002,1.0000000000000002,1.0000000000000002,1.0000000000000002,1.0000000000000002,1.0000000000000002,1.0000000000000002,1.0000000000000002,1.0000000000000002,1.0000000000000002,1.0000000000000002,1.0000000000000002,1.0000000000000002,1.0000000000000002,1.0000000000000002,1.0000000000000002,1.0000000000000002,1.0000000000000002,1.0000000000000002,1.0000000000000002,1.0000000000000002,1.0000000000000002,1.0000000000000002,1.0000000000000002,1.0000000000000002,1.0000000000000002,1.0000000000000002,1.0000000000000002,1.0000000000000002,1.0000000000000002,1.0000000000000002,1.0000000000000002,1.0000000000000002,1.0000000000000002,1.0000000000000002,1.0000000000000002,1.0000000000000002,1.0000000000000002,1.0000000000000002,1.0000000000000002,1.0000000000000002,1.0000000000000002,1.0000000000000002,1.0000000000000002,1.0000000000000002,1.0000000000000002,1.0000000000000002,1.0000000000000002,1.0000000000000002,1.0000000000000002,1.0000000000000002,1.0000000000000002,1.0000000000000002,1.0000000000000002,1.0000000000000002,1.0000000000000002,1.0000000000000002,1.0000000000000002,1.0000000000000002,1.0000000000000002,1.0000000000000002,1.0000000000000002,1.0000000000000002,1.0000000000000002,1.0000000000000002,1.0000000000000002,1.0000000000000002,1.0000000000000002,1.0000000000000002,1.0000000000000002,1.0000000000000002,1.0000000000000002,1.0000000000000002,1.0000000000000002,1.0000000000000002,1.0000000000000002,1.0000000000000002,1.0000000000000002,1.0000000000000002,1.0000000000000002,1.0000000000000002,1.0000000000000002,1.0000000000000002,1.0000000000000002,1.0000000000000002,1.0000000000000002,1.0000000000000002,1.0000000000000002,1.0000000000000002,1.0000000000000002,1.0000000000000002,1.0000000000000002,1.0000000000000002,1.0000000000000002,1.0000000000000002,1.0000000000000002,1.0000000000000002,1.0000000000000002,1.0000000000000002,1.0000000000000002,1.0000000000000002,1.0000000000000002,1.0000000000000002,1.0000000000000002,1.0000000000000002,1.0000000000000002,1.0000000000000002,1.0000000000000002,1.0000000000000002,1.0000000000000002,1.0000000000000002,1.0000000000000002,1.0000000000000002,1.0000000000000002,1.0000000000000002,1.0000000000000002,1.0000000000000002,1.0000000000000002,1.0000000000000002,1.0000000000000002,1.0000000000000002,1.0000000000000002,1.0000000000000002,1.0000000000000002,1.0000000000000002]",6.300000000000007,3.0,True,exact commutator transition cap reached; locality bound used,not-used,commutator,mizuta2026-commutator-ideal-rigorous,[],7054974.0,,,,0.08997783235844202,3.16716934626503e+38,mizuta2026-commutator-ideal-rigorous,"Mizuta, Quantum 10, 1974 (2026), arXiv:2507.06557v4","Theorem 4, Eqs. (47)--(49), with direct Lemmas 9--10 BCH remainder","{""error_predicate_satisfied"":1.0,""extensiveness_g"":6.300000000000004,""joint_predicate_satisfied"":1.0,""legacy_first_condition_passed"":0.0,""legacy_first_time_limit"":1.763997603736675e-05,""local_commutator_error"":1.620127347771019e-06,""local_step_error"":1.6201273477710214e-06,""local_truncated_bch_error"":2.0785297225219512e-21,""locality_k"":2.0,""mu_upper"":162.7687268486465,""refined_lemma10_remainder"":2.078529720746886e-21,""refined_lemma9_remainder"":1.77506475799942e-30,""refined_tail_fallback"":0.0,""repeated_global_error"":0.08997783235844202,""schedule_weighted_extensiveness"":6.300000000000007,""second_time_limit"":0.0015359215792875684,""time_2_predicate_satisfied"":1.0,""total_branchwise_bch_remainder"":2.0785297225219512e-21,""truncation_order_p0"":14.0}",True,ideal-mpf,True,ordered individual Pauli terms,"[""individual Pauli summands define the ordered H_gamma decomposition"",""the actual Strang factors define schedule-weighted g_alpha extensiveness"",""Lemma 9 and Lemma 10 positive majorants directly certify the BCH remainder"",""the scalar-flow/Cauchy refined tail certificate is used"",""Theorem 4 second time hypothesis is satisfied"",""the repeated ideal MPF is composed with the Eq. (15) telescoping argument""]","exact Pauli recurrence would require 307800 transitions at order 4, above cap 250000; remaining orders use Mizuta 2026 Eq. (8)",14.0,3.0,True,True,"{""2"":1588.800000000002,""3"":26021.760000000057,""4"":34480081.03680006,""5"":3475592168.5094457,""6"":437924613232.18976,""7"":66214201520707.76,""8"":1.1680185148252828e+16,""9"":2.354725325887758e+18,""10"":5.3405170391134274e+20,""11"":1.345810293856585e+23,""12"":3.7305861345704733e+25,""13"":1.1281292470941247e+28,""14"":3.6957514134803366e+30}",repeated-shared-ancilla-good-block,True,False,0.09000000000000001,new,"[1,2,3,4,5,9,22]","[2.9953607852158573e-09,-2.9318124556219793e-05,0.003468573778195489,-0.04863485570038276,0.1308718708891307,-0.4341006887393225,1.3484244149015747]",1.965529725128523,0.034470274871476914,46.0,registered-exact,True,7.0,3.0,2.0,4.0,9.0,7.0,6.0,3.0,2.0,3.0,2.0,one robust OAA round per segment,51123.0,branch register all-zero,,64.0,6339967722.0,4652193.0,-1.0,779834638578.0,11098696965.0,analytical-model,0.010000000000000002,,,,,,,,,,,,0.1.0,3.11.9,2.5.0,b58b31db18364511c43757e27fffc7abce8df2c1,True,ok,,
1.0,heisenberg_chain:N057,-1.1,commutator,41656.0,,,2.0,a8fa234e-a646-4911-8402-a67c302db4ae,2026-08-12T00:11:58.358108+00:00,c1ad72de628f71283ac69037e9bbe97c3e773952f5abde5eac91397ca322d1a6,resource-grid,heisenberg_chain,Heisenberg-57,"{""coupling"":1.0,""field_z"":0.3}",57,57.0,proportional,1.0,0.07943282347242814,185.10000000000065,225,trotter-p2,trotter,Trotter p=2,analytical,analytical,2.0,,,,,,41656.0,,,,,,,,,,,,,,,,,,,,,,,,,,,,,,individual,225.0,0.07148921296504095,669.839999999999,childs-commutator,"Childs, Su, Tran, Wiebe, and Zhu, arXiv:1912.08854",Propositions 9--10,"{""prefactor"":669.839999999999}",True,implemented-product-formula,True,,"[""the resolved ordered Hamiltonian groups match the implemented formula""]",,,,,,,implemented-product-formula,True,True,0.07148954112518532,,,,,,,,,,,,,,,,,,,1.0,none,0.0,system register,1.0,57.0,18703544.0,0.0,-1.0,1851650856.0,27930626.0,analytical-model,0.007943282347242814,,,,,,,,,,,,0.1.0,3.11.9,2.5.0,b58b31db18364511c43757e27fffc7abce8df2c1,True,ok,,
1.0,heisenberg_chain:N057,-1.1,empirical,12675.0,,,2.0,a8fa234e-a646-4911-8402-a67c302db4ae,2026-08-12T00:11:58.358108+00:00,c1ad72de628f71283ac69037e9bbe97c3e773952f5abde5eac91397ca322d1a6,resource-grid,heisenberg_chain,Heisenberg-57,"{""coupling"":1.0,""field_z"":0.3}",57,57.0,proportional,1.0,0.07943282347242814,185.10000000000065,225,trotter-p2-empirical,trotter,Trotter p=2 [empirical],empirical-operator-norm,empirical,2.0,,,,,,12675.0,,,,,,,,,,,,,,,,,,,,,,,,,,,,,,individual,225.0,0.07148174240516249,62.0106807611,empirical-operator-norm,Repository empirical operator-norm calibration study v1 (2026-08-10),reviewed calibration opnorm-v1-heisenberg-open-trotter-p2; artifact docs/calibration_data/empirical_1d_v1_accepted.json,"{""prefactor"":62.0106807611}",False,implemented-product-formula,False,,"[""the resolved ordered Hamiltonian groups match the implemented formula"",""the fixed formal-order powers in time and segments apply"",""the reviewed affine size calibration extrapolates as flagged""]",,,,,,,implemented-product-formula,False,False,0.07148954112518532,,,,,,,,,,,,,,,,,,,1.0,none,0.0,system register,1.0,57.0,5691075.0,0.0,-1.0,534961050.0,8498672.0,analytical-model,0.007943282347242814,opnorm-v1-heisenberg-open-trotter-p2,heisenberg_chain,affine-aN-plus-b,62.0106807611,4.0,12.0,4.0,12.0,True,True,formula,0.1.0,3.11.9,2.5.0,b58b31db18364511c43757e27fffc7abce8df2c1,True,ok,,
1.0,heisenberg_chain:N057,-1.1,commutator,4241.0,,,2.0,a8fa234e-a646-4911-8402-a67c302db4ae,2026-08-12T00:11:58.358108+00:00,c1ad72de628f71283ac69037e9bbe97c3e773952f5abde5eac91397ca322d1a6,resource-grid,heisenberg_chain,Heisenberg-57,"{""coupling"":1.0,""field_z"":0.3}",57,57.0,proportional,1.0,0.07943282347242814,185.10000000000065,225,trotter-p4,trotter,Trotter p=4,analytical,analytical,4.0,,,,,,4241.0,,,,,,,,,,,,,,,,,,,,,,,,,,,,,,commuting,3.0,0.07146602220192658,38423.63263718384,schubert-mendl-commutator,"Schubert and Mendl, arXiv:2306.10603",Theorem 1,"{""prefactor"":38423.63263718384}",True,implemented-product-formula,True,,"[""the resolved ordered Hamiltonian groups match the implemented formula""]",,,,,,,implemented-product-formula,True,True,0.07148954112518532,,,,,,,,,,,,,,,,,,,1.0,none,0.0,system register,1.0,57.0,8375975.0,0.0,-1.0,795717625.0,12508123.0,analytical-model,0.007943282347242814,,,,,,,,,,,,0.1.0,3.11.9,2.5.0,b58b31db18364511c43757e27fffc7abce8df2c1,True,ok,,
1.0,heisenberg_chain:N057,-1.1,empirical,602.0,,,2.0,a8fa234e-a646-4911-8402-a67c302db4ae,2026-08-12T00:11:58.358108+00:00,c1ad72de628f71283ac69037e9bbe97c3e773952f5abde5eac91397ca322d1a6,resource-grid,heisenberg_chain,Heisenberg-57,"{""coupling"":1.0,""field_z"":0.3}",57,57.0,proportional,1.0,0.07943282347242814,185.10000000000065,225,trotter-p4-empirical,trotter,Trotter p=4 [empirical],empirical-operator-norm,empirical,4.0,,,,,,602.0,,,,,,,,,,,,,,,,,,,,,,,,,,,,,,commuting,3.0,0.0711080885775996,15.521392859299997,empirical-operator-norm,Repository empirical operator-norm calibration study v1 (2026-08-10),reviewed calibration opnorm-v1-heisenberg-open-trotter-p4; artifact docs/calibration_data/empirical_1d_v1_accepted.json,"{""prefactor"":15.521392859299997}",False,implemented-product-formula,False,,"[""the resolved ordered Hamiltonian groups match the implemented formula"",""the fixed formal-order powers in time and segments apply"",""the reviewed affine size calibration extrapolates as flagged""]",,,,,,,implemented-product-formula,False,False,0.07148954112518532,,,,,,,,,,,,,,,,,,,1.0,none,0.0,system register,1.0,57.0,1188950.0,0.0,-1.0,103438650.0,1775499.0,analytical-model,0.007943282347242814,opnorm-v1-heisenberg-open-trotter-p4,heisenberg_chain,affine-aN-plus-b,15.521392859299997,4.0,12.0,4.0,12.0,True,True,formula,0.1.0,3.11.9,2.5.0,b58b31db18364511c43757e27fffc7abce8df2c1,True,ok,,
1.0,heisenberg_chain:N057,-1.1,commutator,2709.0,,,2.0,a8fa234e-a646-4911-8402-a67c302db4ae,2026-08-12T00:11:58.358108+00:00,c1ad72de628f71283ac69037e9bbe97c3e773952f5abde5eac91397ca322d1a6,resource-grid,heisenberg_chain,Heisenberg-57,"{""coupling"":1.0,""field_z"":0.3}",57,57.0,proportional,1.0,0.07943282347242814,185.10000000000065,225,trotter-p6,trotter,Trotter p=6,analytical,analytical,6.0,,,,,,2709.0,,,,,,,,,,,,,,,,,,,,,,,,,,,,,,commuting,3.0,0.07138618980225306,14432588.951672671,schubert-mendl-commutator,"Schubert and Mendl, arXiv:2306.10603",Theorem 1,"{""prefactor"":14432588.951672671}",True,implemented-product-formula,True,,"[""the resolved ordered Hamiltonian groups match the implemented formula""]",,,,,,,implemented-product-formula,True,True,0.07148954112518532,,,,,,,,,,,,,,,,,,,1.0,none,0.0,system register,1.0,57.0,26751375.0,0.0,-1.0,2675137500.0,39948720.0,analytical-model,0.007943282347242814,,,,,,,,,,,,0.1.0,3.11.9,2.5.0,b58b31db18364511c43757e27fffc7abce8df2c1,True,ok,,
1.0,heisenberg_chain:N057,-1.1,empirical,342.0,,,2.0,a8fa234e-a646-4911-8402-a67c302db4ae,2026-08-12T00:11:58.358108+00:00,c1ad72de628f71283ac69037e9bbe97c3e773952f5abde5eac91397ca322d1a6,resource-grid,heisenberg_chain,Heisenberg-57,"{""coupling"":1.0,""field_z"":0.3}",57,57.0,proportional,1.0,0.07943282347242814,185.10000000000065,225,trotter-p6-empirical,trotter,Trotter p=6 [empirical],empirical-operator-norm,empirical,6.0,,,,,,342.0,,,,,,,,,,,,,,,,,,,,,,,,,,,,,,commuting,3.0,0.00027534962853652305,0.225380917,empirical-operator-norm,Repository empirical operator-norm calibration study v1 (2026-08-10),reviewed calibration opnorm-v1-heisenberg-open-trotter-p6; artifact docs/calibration_data/empirical_1d_v1_accepted.json,"{""prefactor"":0.225380917}",False,implemented-product-formula,False,,"[""the resolved ordered Hamiltonian groups match the implemented formula"",""the fixed formal-order powers in time and segments apply"",""the reviewed affine size calibration extrapolates as flagged""]",,,,,,,implemented-product-formula,False,False,0.07148954112518532,,,,,,,,,,,,,,,,,,,1.0,none,0.0,system register,1.0,57.0,3377250.0,0.0,-1.0,307329750.0,5043360.0,analytical-model,0.007943282347242814,opnorm-v1-heisenberg-open-trotter-p6,heisenberg_chain,affine-aN-plus-b,0.225380917,4.0,12.0,4.0,12.0,True,True,asymptotic-domain,0.1.0,3.11.9,2.5.0,b58b31db18364511c43757e27fffc7abce8df2c1,True,ok,,
1.0,heisenberg_chain:N057,-1.1,jacobi-anger,,,,2.0,a8fa234e-a646-4911-8402-a67c302db4ae,2026-08-12T00:11:58.358108+00:00,c1ad72de628f71283ac69037e9bbe97c3e773952f5abde5eac91397ca322d1a6,resource-grid,heisenberg_chain,Heisenberg-57,"{""coupling"":1.0,""field_z"":0.3}",57,57.0,proportional,1.0,0.07943282347242814,185.10000000000065,225,qsvt,qsvt,QSVT,jacobi-anger-rigorous,analytical,,,,,,,,,,,,,,,,,,,,,,,,,,,,,,,,,,,86043.0,14341.0,,,0.010915994913939988,,jacobi-anger-polynomial-oaa,"Martyn et al., arXiv:2105.02859, Eqs. (76)--(77)",Jacobi--Anger tails plus exact cubic OAA identity,"{""oaa-unitarity-defect-distortion"":0.005480198522842233,""scaled-polynomial-error"":0.0054357963910977546}",True,ideal-qsvt-oaa-good-block,True,,"[""the cosine and sine polynomials are implemented exactly"",""the unamplified good block is exactly Q/2""]",,,,,,,implemented-qsvt-floating-phase-circuit,False,False,0.07148954112518532,,,,,,,,,,,,,,,,,,,2.0,one robust OAA round,1.0,"component, quadrature, and index registers all-zero",,75.0,44054028.0,156426300.0,-1.0,5163270084.0,1016082543.0,analytical-model,0.007943282347242814,,,,,,,,,,,,0.1.0,3.11.9,2.5.0,b58b31db18364511c43757e27fffc7abce8df2c1,True,ok,,
1.0,heisenberg_chain:N057,-1.1,empirical,,7.0,72.0,2.0,a8fa234e-a646-4911-8402-a67c302db4ae,2026-08-12T00:11:58.358108+00:00,c1ad72de628f71283ac69037e9bbe97c3e773952f5abde5eac91397ca322d1a6,resource-grid,heisenberg_chain,Heisenberg-57,"{""coupling"":1.0,""field_z"":0.3}",57,57.0,proportional,1.0,0.07943282347242814,185.10000000000065,225,mpf-j-mizuta2026-theorem6-empirical-operator-norm,multiproduct,MPF J=Mizuta Theorem 6 (resolved per point) [empirical operator norm],empirical-operator-norm,empirical,,7.0,14.0,mizuta2026-theorem6,6.300000000000004,0.07148954112518532,72.0,,,,[],,,,,,,,,,,,,,,[],,,,,,,empirical-operator-norm,[],9936.0,,,,1.679515711352015e-05,7.757400000000001e-06,empirical-operator-norm,Repository empirical operator-norm calibration study v1 (2026-08-10),reviewed calibration opnorm-v1-heisenberg-open-mpf-new-m7; fixed formal powers,"{""empirical_coefficient"":7.757400000000001e-06}",False,ideal-mpf,False,ordered individual Pauli terms,"[""the fixed formal-order powers in time and segments apply"",""the empirical estimate concerns the repeated ideal MPF operator"",""the reviewed affine size calibration extrapolates as flagged""]",,0.0,0.0,False,False,{},repeated-shared-ancilla-good-block,False,False,0.07148954112518532,new,"[1,2,3,4,5,9,22]","[2.9953607852158573e-09,-2.9318124556219793e-05,0.003468573778195489,-0.04863485570038276,0.1308718708891307,-0.4341006887393225,1.3484244149015747]",1.965529725128523,0.034470274871476914,46.0,registered-exact,True,7.0,3.0,2.0,4.0,9.0,7.0,6.0,3.0,2.0,3.0,2.0,one robust OAA round per segment,72.0,branch register all-zero,,64.0,8929008.0,6552.0,-1.0,857210976.0,15631051.0,analytical-model,0.007943282347242814,opnorm-v1-heisenberg-open-mpf-new-m7,heisenberg_chain,affine-aN-plus-b,7.757400000000001e-06,4.0,8.0,4.0,12.0,True,True,asymptotic-domain,0.1.0,3.11.9,2.5.0,b58b31db18364511c43757e27fffc7abce8df2c1,True,ok,,
1.0,heisenberg_chain:N057,-1.1,commutator,,7.0,51911.0,2.0,a8fa234e-a646-4911-8402-a67c302db4ae,2026-08-12T00:11:58.358108+00:00,c1ad72de628f71283ac69037e9bbe97c3e773952f5abde5eac91397ca322d1a6,resource-grid,heisenberg_chain,Heisenberg-57,"{""coupling"":1.0,""field_z"":0.3}",57,57.0,proportional,1.0,0.07943282347242814,185.10000000000065,225,mpf-j-mizuta2026-theorem6-mizuta2026-commutator-ideal-rigorous,multiproduct,MPF J=Mizuta Theorem 6 (resolved per point) [Mizuta 2026 refined commutator],mizuta2026-commutator-ideal-rigorous,analytical,,7.0,14.0,mizuta2026-theorem6,6.300000000000004,0.07148954112518532,51911.0,51911.0,,37112.0,"[""error""]",162.7687268486465,14.0,,,1.2879624278363334e-06,1.6495177714926184e-21,1.4106410809368972e-30,1.6495177700819772e-21,1.6495177714926184e-21,1.2879624278363353e-06,0.07148232788197002,1.763997603736675e-05,False,0.0015359215792875684,"[1.0000000000000002,1.0000000000000002,1.0000000000000002,1.0000000000000002,1.0000000000000002,1.0000000000000002,1.0000000000000002,1.0000000000000002,1.0000000000000002,1.0000000000000002,1.0000000000000002,1.0000000000000002,1.0000000000000002,1.0000000000000002,1.0000000000000002,1.0000000000000002,1.0000000000000002,1.0000000000000002,1.0000000000000002,1.0000000000000002,1.0000000000000002,1.0000000000000002,1.0000000000000002,1.0000000000000002,1.0000000000000002,1.0000000000000002,1.0000000000000002,1.0000000000000002,1.0000000000000002,1.0000000000000002,1.0000000000000002,1.0000000000000002,1.0000000000000002,1.0000000000000002,1.0000000000000002,1.0000000000000002,1.0000000000000002,1.0000000000000002,1.0000000000000002,1.0000000000000002,1.0000000000000002,1.0000000000000002,1.0000000000000002,1.0000000000000002,1.0000000000000002,1.0000000000000002,1.0000000000000002,1.0000000000000002,1.0000000000000002,1.0000000000000002,1.0000000000000002,1.0000000000000002,1.0000000000000002,1.0000000000000002,1.0000000000000002,1.0000000000000002,1.0000000000000002,1.0000000000000002,1.0000000000000002,1.0000000000000002,1.0000000000000002,1.0000000000000002,1.0000000000000002,1.0000000000000002,1.0000000000000002,1.0000000000000002,1.0000000000000002,1.0000000000000002,1.0000000000000002,1.0000000000000002,1.0000000000000002,1.0000000000000002,1.0000000000000002,1.0000000000000002,1.0000000000000002,1.0000000000000002,1.0000000000000002,1.0000000000000002,1.0000000000000002,1.0000000000000002,1.0000000000000002,1.0000000000000002,1.0000000000000002,1.0000000000000002,1.0000000000000002,1.0000000000000002,1.0000000000000002,1.0000000000000002,1.0000000000000002,1.0000000000000002,1.0000000000000002,1.0000000000000002,1.0000000000000002,1.0000000000000002,1.0000000000000002,1.0000000000000002,1.0000000000000002,1.0000000000000002,1.0000000000000002,1.0000000000000002,1.0000000000000002,1.0000000000000002,1.0000000000000002,1.0000000000000002,1.0000000000000002,1.0000000000000002,1.0000000000000002,1.0000000000000002,1.0000000000000002,1.0000000000000002,1.0000000000000002,1.0000000000000002,1.0000000000000002,1.0000000000000002,1.0000000000000002,1.0000000000000002,1.0000000000000002,1.0000000000000002,1.0000000000000002,1.0000000000000002,1.0000000000000002,1.0000000000000002,1.0000000000000002,1.0000000000000002,1.0000000000000002,1.0000000000000002,1.0000000000000002,1.0000000000000002,1.0000000000000002,1.0000000000000002,1.0000000000000002,1.0000000000000002,1.0000000000000002,1.0000000000000002,1.0000000000000002,1.0000000000000002,1.0000000000000002,1.0000000000000002,1.0000000000000002,1.0000000000000002,1.0000000000000002,1.0000000000000002,1.0000000000000002,1.0000000000000002,1.0000000000000002,1.0000000000000002,1.0000000000000002,1.0000000000000002,1.0000000000000002,1.0000000000000002,1.0000000000000002,1.0000000000000002,1.0000000000000002,1.0000000000000002,1.0000000000000002,1.0000000000000002,1.0000000000000002,1.0000000000000002,1.0000000000000002,1.0000000000000002,1.0000000000000002,1.0000000000000002,1.0000000000000002,1.0000000000000002,1.0000000000000002,1.0000000000000002,1.0000000000000002,1.0000000000000002,1.0000000000000002,1.0000000000000002,1.0000000000000002,1.0000000000000002,1.0000000000000002,1.0000000000000002,1.0000000000000002,1.0000000000000002,1.0000000000000002,1.0000000000000002,1.0000000000000002,1.0000000000000002,1.0000000000000002,1.0000000000000002,1.0000000000000002,1.0000000000000002,1.0000000000000002,1.0000000000000002,1.0000000000000002,1.0000000000000002,1.0000000000000002,1.0000000000000002,1.0000000000000002,1.0000000000000002,1.0000000000000002,1.0000000000000002,1.0000000000000002,1.0000000000000002,1.0000000000000002,1.0000000000000002,1.0000000000000002,1.0000000000000002,1.0000000000000002,1.0000000000000002,1.0000000000000002,1.0000000000000002,1.0000000000000002,1.0000000000000002,1.0000000000000002,1.0000000000000002,1.0000000000000002,1.0000000000000002,1.0000000000000002,1.0000000000000002,1.0000000000000002,1.0000000000000002,1.0000000000000002,1.0000000000000002,1.0000000000000002,1.0000000000000002,1.0000000000000002,1.0000000000000002,1.0000000000000002,1.0000000000000002,1.0000000000000002,1.0000000000000002,1.0000000000000002]",6.300000000000007,3.0,True,exact commutator transition cap reached; locality bound used,not-used,commutator,mizuta2026-commutator-ideal-rigorous,[],7163718.0,,,,0.07148232788197002,3.16716934626503e+38,mizuta2026-commutator-ideal-rigorous,"Mizuta, Quantum 10, 1974 (2026), arXiv:2507.06557v4","Theorem 4, Eqs. (47)--(49), with direct Lemmas 9--10 BCH remainder","{""error_predicate_satisfied"":1.0,""extensiveness_g"":6.300000000000004,""joint_predicate_satisfied"":1.0,""legacy_first_condition_passed"":0.0,""legacy_first_time_limit"":1.763997603736675e-05,""local_commutator_error"":1.2879624278363334e-06,""local_step_error"":1.2879624278363353e-06,""local_truncated_bch_error"":1.6495177714926184e-21,""locality_k"":2.0,""mu_upper"":162.7687268486465,""refined_lemma10_remainder"":1.6495177700819772e-21,""refined_lemma9_remainder"":1.4106410809368972e-30,""refined_tail_fallback"":0.0,""repeated_global_error"":0.07148232788197002,""schedule_weighted_extensiveness"":6.300000000000007,""second_time_limit"":0.0015359215792875684,""time_2_predicate_satisfied"":1.0,""total_branchwise_bch_remainder"":1.6495177714926184e-21,""truncation_order_p0"":14.0}",True,ideal-mpf,True,ordered individual Pauli terms,"[""individual Pauli summands define the ordered H_gamma decomposition"",""the actual Strang factors define schedule-weighted g_alpha extensiveness"",""Lemma 9 and Lemma 10 positive majorants directly certify the BCH remainder"",""the scalar-flow/Cauchy refined tail certificate is used"",""Theorem 4 second time hypothesis is satisfied"",""the repeated ideal MPF is composed with the Eq. (15) telescoping argument""]","exact Pauli recurrence would require 307800 transitions at order 4, above cap 250000; remaining orders use Mizuta 2026 Eq. (8)",14.0,3.0,True,True,"{""2"":1588.800000000002,""3"":26021.760000000057,""4"":34480081.03680006,""5"":3475592168.5094457,""6"":437924613232.18976,""7"":66214201520707.76,""8"":1.1680185148252828e+16,""9"":2.354725325887758e+18,""10"":5.3405170391134274e+20,""11"":1.345810293856585e+23,""12"":3.7305861345704733e+25,""13"":1.1281292470941247e+28,""14"":3.6957514134803366e+30}",repeated-shared-ancilla-good-block,True,False,0.07148954112518532,new,"[1,2,3,4,5,9,22]","[2.9953607852158573e-09,-2.9318124556219793e-05,0.003468573778195489,-0.04863485570038276,0.1308718708891307,-0.4341006887393225,1.3484244149015747]",1.965529725128523,0.034470274871476914,46.0,registered-exact,True,7.0,3.0,2.0,4.0,9.0,7.0,6.0,3.0,2.0,3.0,2.0,one robust OAA round per segment,51911.0,branch register all-zero,,64.0,6437690754.0,4723901.0,-1.0,798292549100.0,11269770126.0,analytical-model,0.007943282347242814,,,,,,,,,,,,0.1.0,3.11.9,2.5.0,b58b31db18364511c43757e27fffc7abce8df2c1,True,ok,,
1.0,heisenberg_chain:N057,-1.2,commutator,46739.0,,,2.0,a8fa234e-a646-4911-8402-a67c302db4ae,2026-08-12T00:11:58.358108+00:00,c1ad72de628f71283ac69037e9bbe97c3e773952f5abde5eac91397ca322d1a6,resource-grid,heisenberg_chain,Heisenberg-57,"{""coupling"":1.0,""field_z"":0.3}",57,57.0,proportional,1.0,0.06309573444801933,185.10000000000065,225,trotter-p2,trotter,Trotter p=2,analytical,analytical,2.0,,,,,,46739.0,,,,,,,,,,,,,,,,,,,,,,,,,,,,,,individual,225.0,0.05678541613404253,669.839999999999,childs-commutator,"Childs, Su, Tran, Wiebe, and Zhu, arXiv:1912.08854",Propositions 9--10,"{""prefactor"":669.839999999999}",True,implemented-product-formula,True,,"[""the resolved ordered Hamiltonian groups match the implemented formula""]",,,,,,,implemented-product-formula,True,True,0.0567861610032174,,,,,,,,,,,,,,,,,,,1.0,none,0.0,system register,1.0,57.0,20985811.0,0.0,-1.0,2098581100.0,31338812.0,analytical-model,0.006309573444801934,,,,,,,,,,,,0.1.0,3.11.9,2.5.0,b58b31db18364511c43757e27fffc7abce8df2c1,True,ok,,
1.0,heisenberg_chain:N057,-1.2,empirical,14221.0,,,2.0,a8fa234e-a646-4911-8402-a67c302db4ae,2026-08-12T00:11:58.358108+00:00,c1ad72de628f71283ac69037e9bbe97c3e773952f5abde5eac91397ca322d1a6,resource-grid,heisenberg_chain,Heisenberg-57,"{""coupling"":1.0,""field_z"":0.3}",57,57.0,proportional,1.0,0.06309573444801933,185.10000000000065,225,trotter-p2-empirical,trotter,Trotter p=2 [empirical],empirical-operator-norm,empirical,2.0,,,,,,14221.0,,,,,,,,,,,,,,,,,,,,,,,,,,,,,,individual,225.0,0.05678462907848914,62.0106807611,empirical-operator-norm,Repository empirical operator-norm calibration study v1 (2026-08-10),reviewed calibration opnorm-v1-heisenberg-open-trotter-p2; artifact docs/calibration_data/empirical_1d_v1_accepted.json,"{""prefactor"":62.0106807611}",False,implemented-product-formula,False,,"[""the resolved ordered Hamiltonian groups match the implemented formula"",""the fixed formal-order powers in time and segments apply"",""the reviewed affine size calibration extrapolates as flagged""]",,,,,,,implemented-product-formula,False,False,0.0567861610032174,,,,,,,,,,,,,,,,,,,1.0,none,0.0,system register,1.0,57.0,6385229.0,0.0,-1.0,606596755.0,9535276.0,analytical-model,0.006309573444801934,opnorm-v1-heisenberg-open-trotter-p2,heisenberg_chain,affine-aN-plus-b,62.0106807611,4.0,12.0,4.0,12.0,True,True,formula,0.1.0,3.11.9,2.5.0,b58b31db18364511c43757e27fffc7abce8df2c1,True,ok,,
1.0,heisenberg_chain:N057,-1.2,commutator,4492.0,,,2.0,a8fa234e-a646-4911-8402-a67c302db4ae,2026-08-12T00:11:58.358108+00:00,c1ad72de628f71283ac69037e9bbe97c3e773952f5abde5eac91397ca322d1a6,resource-grid,heisenberg_chain,Heisenberg-57,"{""coupling"":1.0,""field_z"":0.3}",57,57.0,proportional,1.0,0.06309573444801933,185.10000000000065,225,trotter-p4,trotter,Trotter p=4,analytical,analytical,4.0,,,,,,4492.0,,,,,,,,,,,,,,,,,,,,,,,,,,,,,,commuting,3.0,0.056782395383595224,38423.63263718384,schubert-mendl-commutator,"Schubert and Mendl, arXiv:2306.10603",Theorem 1,"{""prefactor"":38423.63263718384}",True,implemented-product-formula,True,,"[""the resolved ordered Hamiltonian groups match the implemented formula""]",,,,,,,implemented-product-formula,True,True,0.0567861610032174,,,,,,,,,,,,,,,,,,,1.0,none,0.0,system register,1.0,57.0,8871700.0,0.0,-1.0,860554900.0,13248406.0,analytical-model,0.006309573444801934,,,,,,,,,,,,0.1.0,3.11.9,2.5.0,b58b31db18364511c43757e27fffc7abce8df2c1,True,ok,,
1.0,heisenberg_chain:N057,-1.2,empirical,637.0,,,2.0,a8fa234e-a646-4911-8402-a67c302db4ae,2026-08-12T00:11:58.358108+00:00,c1ad72de628f71283ac69037e9bbe97c3e773952f5abde5eac91397ca322d1a6,resource-grid,heisenberg_chain,Heisenberg-57,"{""coupling"":1.0,""field_z"":0.3}",57,57.0,proportional,1.0,0.06309573444801933,185.10000000000065,225,trotter-p4-empirical,trotter,Trotter p=4 [empirical],empirical-operator-norm,empirical,4.0,,,,,,637.0,,,,,,,,,,,,,,,,,,,,,,,,,,,,,,commuting,3.0,0.056721439030712334,15.521392859299997,empirical-operator-norm,Repository empirical operator-norm calibration study v1 (2026-08-10),reviewed calibration opnorm-v1-heisenberg-open-trotter-p4; artifact docs/calibration_data/empirical_1d_v1_accepted.json,"{""prefactor"":15.521392859299997}",False,implemented-product-formula,False,,"[""the resolved ordered Hamiltonian groups match the implemented formula"",""the fixed formal-order powers in time and segments apply"",""the reviewed affine size calibration extrapolates as flagged""]",,,,,,,implemented-product-formula,False,False,0.0567861610032174,,,,,,,,,,,,,,,,,,,1.0,none,0.0,system register,1.0,57.0,1258075.0,0.0,-1.0,110710600.0,1878726.0,analytical-model,0.006309573444801934,opnorm-v1-heisenberg-open-trotter-p4,heisenberg_chain,affine-aN-plus-b,15.521392859299997,4.0,12.0,4.0,12.0,True,True,formula,0.1.0,3.11.9,2.5.0,b58b31db18364511c43757e27fffc7abce8df2c1,True,ok,,
1.0,heisenberg_chain:N057,-1.2,commutator,2815.0,,,2.0,a8fa234e-a646-4911-8402-a67c302db4ae,2026-08-12T00:11:58.358108+00:00,c1ad72de628f71283ac69037e9bbe97c3e773952f5abde5eac91397ca322d1a6,resource-grid,heisenberg_chain,Heisenberg-57,"{""coupling"":1.0,""field_z"":0.3}",57,57.0,proportional,1.0,0.06309573444801933,185.10000000000065,225,trotter-p6,trotter,Trotter p=6,analytical,analytical,6.0,,,,,,2815.0,,,,,,,,,,,,,,,,,,,,,,,,,,,,,,commuting,3.0,0.056701929467776455,14432588.951672671,schubert-mendl-commutator,"Schubert and Mendl, arXiv:2306.10603",Theorem 1,"{""prefactor"":14432588.951672671}",True,implemented-product-formula,True,,"[""the resolved ordered Hamiltonian groups match the implemented formula""]",,,,,,,implemented-product-formula,True,True,0.0567861610032174,,,,,,,,,,,,,,,,,,,1.0,none,0.0,system register,1.0,57.0,27798125.0,0.0,-1.0,2835408750.0,41511867.0,analytical-model,0.006309573444801934,,,,,,,,,,,,0.1.0,3.11.9,2.5.0,b58b31db18364511c43757e27fffc7abce8df2c1,True,ok,,
1.0,heisenberg_chain:N057,-1.2,empirical,342.0,,,2.0,a8fa234e-a646-4911-8402-a67c302db4ae,2026-08-12T00:11:58.358108+00:00,c1ad72de628f71283ac69037e9bbe97c3e773952f5abde5eac91397ca322d1a6,resource-grid,heisenberg_chain,Heisenberg-57,"{""coupling"":1.0,""field_z"":0.3}",57,57.0,proportional,1.0,0.06309573444801933,185.10000000000065,225,trotter-p6-empirical,trotter,Trotter p=6 [empirical],empirical-operator-norm,empirical,6.0,,,,,,342.0,,,,,,,,,,,,,,,,,,,,,,,,,,,,,,commuting,3.0,0.00027534962853652305,0.225380917,empirical-operator-norm,Repository empirical operator-norm calibration study v1 (2026-08-10),reviewed calibration opnorm-v1-heisenberg-open-trotter-p6; artifact docs/calibration_data/empirical_1d_v1_accepted.json,"{""prefactor"":0.225380917}",False,implemented-product-formula,False,,"[""the resolved ordered Hamiltonian groups match the implemented formula"",""the fixed formal-order powers in time and segments apply"",""the reviewed affine size calibration extrapolates as flagged""]",,,,,,,implemented-product-formula,False,False,0.0567861610032174,,,,,,,,,,,,,,,,,,,1.0,none,0.0,system register,1.0,57.0,3377250.0,0.0,-1.0,310707000.0,5043360.0,analytical-model,0.006309573444801934,opnorm-v1-heisenberg-open-trotter-p6,heisenberg_chain,affine-aN-plus-b,0.225380917,4.0,12.0,4.0,12.0,True,True,asymptotic-domain,0.1.0,3.11.9,2.5.0,b58b31db18364511c43757e27fffc7abce8df2c1,True,ok,,
1.0,heisenberg_chain:N057,-1.2,jacobi-anger,,,,2.0,a8fa234e-a646-4911-8402-a67c302db4ae,2026-08-12T00:11:58.358108+00:00,c1ad72de628f71283ac69037e9bbe97c3e773952f5abde5eac91397ca322d1a6,resource-grid,heisenberg_chain,Heisenberg-57,"{""coupling"":1.0,""field_z"":0.3}",57,57.0,proportional,1.0,0.06309573444801933,185.10000000000065,225,qsvt,qsvt,QSVT,jacobi-anger-rigorous,analytical,,,,,,,,,,,,,,,,,,,,,,,,,,,,,,,,,,,86043.0,14341.0,,,0.009272353309362026,,jacobi-anger-polynomial-oaa,"Martyn et al., arXiv:2105.02859, Eqs. (76)--(77)",Jacobi--Anger tails plus exact cubic OAA identity,"{""oaa-unitarity-defect-distortion"":0.004652210598747471,""scaled-polynomial-error"":0.004620142710614555}",True,ideal-qsvt-oaa-good-block,True,,"[""the cosine and sine polynomials are implemented exactly"",""the unamplified good block is exactly Q/2""]",,,,,,,implemented-qsvt-floating-phase-circuit,False,False,0.0567861610032174,,,,,,,,,,,,,,,,,,,2.0,one robust OAA round,1.0,"component, quadrature, and index registers all-zero",,75.0,44054028.0,156426300.0,-1.0,5207324112.0,1016082543.0,analytical-model,0.006309573444801934,,,,,,,,,,,,0.1.0,3.11.9,2.5.0,b58b31db18364511c43757e27fffc7abce8df2c1,True,ok,,
1.0,heisenberg_chain:N057,-1.2,empirical,,7.0,72.0,2.0,a8fa234e-a646-4911-8402-a67c302db4ae,2026-08-12T00:11:58.358108+00:00,c1ad72de628f71283ac69037e9bbe97c3e773952f5abde5eac91397ca322d1a6,resource-grid,heisenberg_chain,Heisenberg-57,"{""coupling"":1.0,""field_z"":0.3}",57,57.0,proportional,1.0,0.06309573444801933,185.10000000000065,225,mpf-j-mizuta2026-theorem6-empirical-operator-norm,multiproduct,MPF J=Mizuta Theorem 6 (resolved per point) [empirical operator norm],empirical-operator-norm,empirical,,7.0,14.0,mizuta2026-theorem6,6.300000000000004,0.0567861610032174,72.0,,,,[],,,,,,,,,,,,,,,[],,,,,,,empirical-operator-norm,[],9936.0,,,,1.679515711352015e-05,7.757400000000001e-06,empirical-operator-norm,Repository empirical operator-norm calibration study v1 (2026-08-10),reviewed calibration opnorm-v1-heisenberg-open-mpf-new-m7; fixed formal powers,"{""empirical_coefficient"":7.757400000000001e-06}",False,ideal-mpf,False,ordered individual Pauli terms,"[""the fixed formal-order powers in time and segments apply"",""the empirical estimate concerns the repeated ideal MPF operator"",""the reviewed affine size calibration extrapolates as flagged""]",,0.0,0.0,False,False,{},repeated-shared-ancilla-good-block,False,False,0.0567861610032174,new,"[1,2,3,4,5,9,22]","[2.9953607852158573e-09,-2.9318124556219793e-05,0.003468573778195489,-0.04863485570038276,0.1308718708891307,-0.4341006887393225,1.3484244149015747]",1.965529725128523,0.034470274871476914,46.0,registered-exact,True,7.0,3.0,2.0,4.0,9.0,7.0,6.0,3.0,2.0,3.0,2.0,one robust OAA round per segment,72.0,branch register all-zero,,64.0,8929008.0,6552.0,-1.0,866139984.0,15631051.0,analytical-model,0.006309573444801934,opnorm-v1-heisenberg-open-mpf-new-m7,heisenberg_chain,affine-aN-plus-b,7.757400000000001e-06,4.0,8.0,4.0,12.0,True,True,asymptotic-domain,0.1.0,3.11.9,2.5.0,b58b31db18364511c43757e27fffc7abce8df2c1,True,ok,,
1.0,heisenberg_chain:N057,-1.2,commutator,,7.0,52723.0,2.0,a8fa234e-a646-4911-8402-a67c302db4ae,2026-08-12T00:11:58.358108+00:00,c1ad72de628f71283ac69037e9bbe97c3e773952f5abde5eac91397ca322d1a6,resource-grid,heisenberg_chain,Heisenberg-57,"{""coupling"":1.0,""field_z"":0.3}",57,57.0,proportional,1.0,0.06309573444801933,185.10000000000065,225,mpf-j-mizuta2026-theorem6-mizuta2026-commutator-ideal-rigorous,multiproduct,MPF J=Mizuta Theorem 6 (resolved per point) [Mizuta 2026 refined commutator],mizuta2026-commutator-ideal-rigorous,analytical,,7.0,14.0,mizuta2026-theorem6,6.300000000000004,0.0567861610032174,52723.0,52723.0,,37112.0,"[""error""]",162.7687268486465,14.0,,,1.0204515936128716e-06,1.304652252017305e-21,1.1172599194862037e-30,1.3046522509000448e-21,1.304652252017305e-21,1.020451593612873e-06,0.05677506782373115,1.763997603736675e-05,False,0.0015359215792875684,"[1.0000000000000002,1.0000000000000002,1.0000000000000002,1.0000000000000002,1.0000000000000002,1.0000000000000002,1.0000000000000002,1.0000000000000002,1.0000000000000002,1.0000000000000002,1.0000000000000002,1.0000000000000002,1.0000000000000002,1.0000000000000002,1.0000000000000002,1.0000000000000002,1.0000000000000002,1.0000000000000002,1.0000000000000002,1.0000000000000002,1.0000000000000002,1.0000000000000002,1.0000000000000002,1.0000000000000002,1.0000000000000002,1.0000000000000002,1.0000000000000002,1.0000000000000002,1.0000000000000002,1.0000000000000002,1.0000000000000002,1.0000000000000002,1.0000000000000002,1.0000000000000002,1.0000000000000002,1.0000000000000002,1.0000000000000002,1.0000000000000002,1.0000000000000002,1.0000000000000002,1.0000000000000002,1.0000000000000002,1.0000000000000002,1.0000000000000002,1.0000000000000002,1.0000000000000002,1.0000000000000002,1.0000000000000002,1.0000000000000002,1.0000000000000002,1.0000000000000002,1.0000000000000002,1.0000000000000002,1.0000000000000002,1.0000000000000002,1.0000000000000002,1.0000000000000002,1.0000000000000002,1.0000000000000002,1.0000000000000002,1.0000000000000002,1.0000000000000002,1.0000000000000002,1.0000000000000002,1.0000000000000002,1.0000000000000002,1.0000000000000002,1.0000000000000002,1.0000000000000002,1.0000000000000002,1.0000000000000002,1.0000000000000002,1.0000000000000002,1.0000000000000002,1.0000000000000002,1.0000000000000002,1.0000000000000002,1.0000000000000002,1.0000000000000002,1.0000000000000002,1.0000000000000002,1.0000000000000002,1.0000000000000002,1.0000000000000002,1.0000000000000002,1.0000000000000002,1.0000000000000002,1.0000000000000002,1.0000000000000002,1.0000000000000002,1.0000000000000002,1.0000000000000002,1.0000000000000002,1.0000000000000002,1.0000000000000002,1.0000000000000002,1.0000000000000002,1.0000000000000002,1.0000000000000002,1.0000000000000002,1.0000000000000002,1.0000000000000002,1.0000000000000002,1.0000000000000002,1.0000000000000002,1.0000000000000002,1.0000000000000002,1.0000000000000002,1.0000000000000002,1.0000000000000002,1.0000000000000002,1.0000000000000002,1.0000000000000002,1.0000000000000002,1.0000000000000002,1.0000000000000002,1.0000000000000002,1.0000000000000002,1.0000000000000002,1.0000000000000002,1.0000000000000002,1.0000000000000002,1.0000000000000002,1.0000000000000002,1.0000000000000002,1.0000000000000002,1.0000000000000002,1.0000000000000002,1.0000000000000002,1.0000000000000002,1.0000000000000002,1.0000000000000002,1.0000000000000002,1.0000000000000002,1.0000000000000002,1.0000000000000002,1.0000000000000002,1.0000000000000002,1.0000000000000002,1.0000000000000002,1.0000000000000002,1.0000000000000002,1.0000000000000002,1.0000000000000002,1.0000000000000002,1.0000000000000002,1.0000000000000002,1.0000000000000002,1.0000000000000002,1.0000000000000002,1.0000000000000002,1.0000000000000002,1.0000000000000002,1.0000000000000002,1.0000000000000002,1.0000000000000002,1.0000000000000002,1.0000000000000002,1.0000000000000002,1.0000000000000002,1.0000000000000002,1.0000000000000002,1.0000000000000002,1.0000000000000002,1.0000000000000002,1.0000000000000002,1.0000000000000002,1.0000000000000002,1.0000000000000002,1.0000000000000002,1.0000000000000002,1.0000000000000002,1.0000000000000002,1.0000000000000002,1.0000000000000002,1.0000000000000002,1.0000000000000002,1.0000000000000002,1.0000000000000002,1.0000000000000002,1.0000000000000002,1.0000000000000002,1.0000000000000002,1.0000000000000002,1.0000000000000002,1.0000000000000002,1.0000000000000002,1.0000000000000002,1.0000000000000002,1.0000000000000002,1.0000000000000002,1.0000000000000002,1.0000000000000002,1.0000000000000002,1.0000000000000002,1.0000000000000002,1.0000000000000002,1.0000000000000002,1.0000000000000002,1.0000000000000002,1.0000000000000002,1.0000000000000002,1.0000000000000002,1.0000000000000002,1.0000000000000002,1.0000000000000002,1.0000000000000002,1.0000000000000002,1.0000000000000002,1.0000000000000002,1.0000000000000002,1.0000000000000002,1.0000000000000002,1.0000000000000002,1.0000000000000002,1.0000000000000002,1.0000000000000002,1.0000000000000002,1.0000000000000002,1.0000000000000002,1.0000000000000002,1.0000000000000002,1.0000000000000002,1.0000000000000002,1.0000000000000002]",6.300000000000007,3.0,True,exact commutator transition cap reached; locality bound used,not-used,commutator,mizuta2026-commutator-ideal-rigorous,[],7275774.0,,,,0.05677506782373115,3.16716934626503e+38,mizuta2026-commutator-ideal-rigorous,"Mizuta, Quantum 10, 1974 (2026), arXiv:2507.06557v4","Theorem 4, Eqs. (47)--(49), with direct Lemmas 9--10 BCH remainder","{""error_predicate_satisfied"":1.0,""extensiveness_g"":6.300000000000004,""joint_predicate_satisfied"":1.0,""legacy_first_condition_passed"":0.0,""legacy_first_time_limit"":1.763997603736675e-05,""local_commutator_error"":1.0204515936128716e-06,""local_step_error"":1.020451593612873e-06,""local_truncated_bch_error"":1.304652252017305e-21,""locality_k"":2.0,""mu_upper"":162.7687268486465,""refined_lemma10_remainder"":1.3046522509000448e-21,""refined_lemma9_remainder"":1.1172599194862037e-30,""refined_tail_fallback"":0.0,""repeated_global_error"":0.05677506782373115,""schedule_weighted_extensiveness"":6.300000000000007,""second_time_limit"":0.0015359215792875684,""time_2_predicate_satisfied"":1.0,""total_branchwise_bch_remainder"":1.304652252017305e-21,""truncation_order_p0"":14.0}",True,ideal-mpf,True,ordered individual Pauli terms,"[""individual Pauli summands define the ordered H_gamma decomposition"",""the actual Strang factors define schedule-weighted g_alpha extensiveness"",""Lemma 9 and Lemma 10 positive majorants directly certify the BCH remainder"",""the scalar-flow/Cauchy refined tail certificate is used"",""Theorem 4 second time hypothesis is satisfied"",""the repeated ideal MPF is composed with the Eq. (15) telescoping argument""]","exact Pauli recurrence would require 307800 transitions at order 4, above cap 250000; remaining orders use Mizuta 2026 Eq. (8)",14.0,3.0,True,True,"{""2"":1588.800000000002,""3"":26021.760000000057,""4"":34480081.03680006,""5"":3475592168.5094457,""6"":437924613232.18976,""7"":66214201520707.76,""8"":1.1680185148252828e+16,""9"":2.354725325887758e+18,""10"":5.3405170391134274e+20,""11"":1.345810293856585e+23,""12"":3.7305861345704733e+25,""13"":1.1281292470941247e+28,""14"":3.6957514134803366e+30}",repeated-shared-ancilla-good-block,True,False,0.0567861610032174,new,"[1,2,3,4,5,9,22]","[2.9953607852158573e-09,-2.9318124556219793e-05,0.003468573778195489,-0.04863485570038276,0.1308718708891307,-0.4341006887393225,1.3484244149015747]",1.965529725128523,0.034470274871476914,46.0,registered-exact,True,7.0,3.0,2.0,4.0,9.0,7.0,6.0,3.0,2.0,3.0,2.0,one robust OAA round per segment,52723.0,branch register all-zero,,64.0,6538390122.0,4797793.0,-1.0,823856346544.0,11446053637.0,analytical-model,0.006309573444801934,,,,,,,,,,,,0.1.0,3.11.9,2.5.0,b58b31db18364511c43757e27fffc7abce8df2c1,True,ok,,
1.0,heisenberg_chain:N057,-1.3,commutator,52442.0,,,2.0,a8fa234e-a646-4911-8402-a67c302db4ae,2026-08-12T00:11:58.358108+00:00,c1ad72de628f71283ac69037e9bbe97c3e773952f5abde5eac91397ca322d1a6,resource-grid,heisenberg_chain,Heisenberg-57,"{""coupling"":1.0,""field_z"":0.3}",57,57.0,proportional,1.0,0.05011872336272722,185.10000000000065,225,trotter-p2,trotter,Trotter p=2,analytical,analytical,2.0,,,,,,52442.0,,,,,,,,,,,,,,,,,,,,,,,,,,,,,,individual,225.0,0.04510629468191833,669.839999999999,childs-commutator,"Childs, Su, Tran, Wiebe, and Zhu, arXiv:1912.08854",Propositions 9--10,"{""prefactor"":669.839999999999}",True,implemented-product-formula,True,,"[""the resolved ordered Hamiltonian groups match the implemented formula""]",,,,,,,implemented-product-formula,True,True,0.0451068510264545,,,,,,,,,,,,,,,,,,,1.0,none,0.0,system register,1.0,57.0,23546458.0,0.0,-1.0,2401738716.0,35162711.0,analytical-model,0.005011872336272722,,,,,,,,,,,,0.1.0,3.11.9,2.5.0,b58b31db18364511c43757e27fffc7abce8df2c1,True,ok,,
1.0,heisenberg_chain:N057,-1.3,empirical,15957.0,,,2.0,a8fa234e-a646-4911-8402-a67c302db4ae,2026-08-12T00:11:58.358108+00:00,c1ad72de628f71283ac69037e9bbe97c3e773952f5abde5eac91397ca322d1a6,resource-grid,heisenberg_chain,Heisenberg-57,"{""coupling"":1.0,""field_z"":0.3}",57,57.0,proportional,1.0,0.05011872336272722,185.10000000000065,225,trotter-p2-empirical,trotter,Trotter p=2 [empirical],empirical-operator-norm,empirical,2.0,,,,,,15957.0,,,,,,,,,,,,,,,,,,,,,,,,,,,,,,individual,225.0,0.04510124972500489,62.0106807611,empirical-operator-norm,Repository empirical operator-norm calibration study v1 (2026-08-10),reviewed calibration opnorm-v1-heisenberg-open-trotter-p2; artifact docs/calibration_data/empirical_1d_v1_accepted.json,"{""prefactor"":62.0106807611}",False,implemented-product-formula,False,,"[""the resolved ordered Hamiltonian groups match the implemented formula"",""the fixed formal-order powers in time and segments apply"",""the reviewed affine size calibration extrapolates as flagged""]",,,,,,,implemented-product-formula,False,False,0.0451068510264545,,,,,,,,,,,,,,,,,,,1.0,none,0.0,system register,1.0,57.0,7164693.0,0.0,-1.0,694975221.0,10699275.0,analytical-model,0.005011872336272722,opnorm-v1-heisenberg-open-trotter-p2,heisenberg_chain,affine-aN-plus-b,62.0106807611,4.0,12.0,4.0,12.0,True,True,formula,0.1.0,3.11.9,2.5.0,b58b31db18364511c43757e27fffc7abce8df2c1,True,ok,,
1.0,heisenberg_chain:N057,-1.3,commutator,4759.0,,,2.0,a8fa234e-a646-4911-8402-a67c302db4ae,2026-08-12T00:11:58.358108+00:00,c1ad72de628f71283ac69037e9bbe97c3e773952f5abde5eac91397ca322d1a6,resource-grid,heisenberg_chain,Heisenberg-57,"{""coupling"":1.0,""field_z"":0.3}",57,57.0,proportional,1.0,0.05011872336272722,185.10000000000065,225,trotter-p4,trotter,Trotter p=4,analytical,analytical,4.0,,,,,,4759.0,,,,,,,,,,,,,,,,,,,,,,,,,,,,,,commuting,3.0,0.04507231663510594,38423.63263718384,schubert-mendl-commutator,"Schubert and Mendl, arXiv:2306.10603",Theorem 1,"{""prefactor"":38423.63263718384}",True,implemented-product-formula,True,,"[""the resolved ordered Hamiltonian groups match the implemented formula""]",,,,,,,implemented-product-formula,True,True,0.0451068510264545,,,,,,,,,,,,,,,,,,,1.0,none,0.0,system register,1.0,57.0,9399025.0,0.0,-1.0,921104450.0,14035878.0,analytical-model,0.005011872336272722,,,,,,,,,,,,0.1.0,3.11.9,2.5.0,b58b31db18364511c43757e27fffc7abce8df2c1,True,ok,,
1.0,heisenberg_chain:N057,-1.3,empirical,675.0,,,2.0,a8fa234e-a646-4911-8402-a67c302db4ae,2026-08-12T00:11:58.358108+00:00,c1ad72de628f71283ac69037e9bbe97c3e773952f5abde5eac91397ca322d1a6,resource-grid,heisenberg_chain,Heisenberg-57,"{""coupling"":1.0,""field_z"":0.3}",57,57.0,proportional,1.0,0.05011872336272722,185.10000000000065,225,trotter-p4-empirical,trotter,Trotter p=4 [empirical],empirical-operator-norm,empirical,4.0,,,,,,675.0,,,,,,,,,,,,,,,,,,,,,,,,,,,,,,commuting,3.0,0.044987294770942286,15.521392859299997,empirical-operator-norm,Repository empirical operator-norm calibration study v1 (2026-08-10),reviewed calibration opnorm-v1-heisenberg-open-trotter-p4; artifact docs/calibration_data/empirical_1d_v1_accepted.json,"{""prefactor"":15.521392859299997}",False,implemented-product-formula,False,,"[""the resolved ordered Hamiltonian groups match the implemented formula"",""the fixed formal-order powers in time and segments apply"",""the reviewed affine size calibration extrapolates as flagged""]",,,,,,,implemented-product-formula,False,False,0.0451068510264545,,,,,,,,,,,,,,,,,,,1.0,none,0.0,system register,1.0,57.0,1333125.0,0.0,-1.0,118648125.0,1990800.0,analytical-model,0.005011872336272722,opnorm-v1-heisenberg-open-trotter-p4,heisenberg_chain,affine-aN-plus-b,15.521392859299997,4.0,12.0,4.0,12.0,True,True,formula,0.1.0,3.11.9,2.5.0,b58b31db18364511c43757e27fffc7abce8df2c1,True,ok,,
1.0,heisenberg_chain:N057,-1.3,commutator,2925.0,,,2.0,a8fa234e-a646-4911-8402-a67c302db4ae,2026-08-12T00:11:58.358108+00:00,c1ad72de628f71283ac69037e9bbe97c3e773952f5abde5eac91397ca322d1a6,resource-grid,heisenberg_chain,Heisenberg-57,"{""coupling"":1.0,""field_z"":0.3}",57,57.0,proportional,1.0,0.05011872336272722,185.10000000000065,225,trotter-p6,trotter,Trotter p=6,analytical,analytical,6.0,,,,,,2925.0,,,,,,,,,,,,,,,,,,,,,,,,,,,,,,commuting,3.0,0.045051889479935096,14432588.951672671,schubert-mendl-commutator,"Schubert and Mendl, arXiv:2306.10603",Theorem 1,"{""prefactor"":14432588.951672671}",True,implemented-product-formula,True,,"[""the resolved ordered Hamiltonian groups match the implemented formula""]",,,,,,,implemented-product-formula,True,True,0.0451068510264545,,,,,,,,,,,,,,,,,,,1.0,none,0.0,system register,1.0,57.0,28884375.0,0.0,-1.0,2975090625.0,43134000.0,analytical-model,0.005011872336272722,,,,,,,,,,,,0.1.0,3.11.9,2.5.0,b58b31db18364511c43757e27fffc7abce8df2c1,True,ok,,
1.0,heisenberg_chain:N057,-1.3,empirical,342.0,,,2.0,a8fa234e-a646-4911-8402-a67c302db4ae,2026-08-12T00:11:58.358108+00:00,c1ad72de628f71283ac69037e9bbe97c3e773952f5abde5eac91397ca322d1a6,resource-grid,heisenberg_chain,Heisenberg-57,"{""coupling"":1.0,""field_z"":0.3}",57,57.0,proportional,1.0,0.05011872336272722,185.10000000000065,225,trotter-p6-empirical,trotter,Trotter p=6 [empirical],empirical-operator-norm,empirical,6.0,,,,,,342.0,,,,,,,,,,,,,,,,,,,,,,,,,,,,,,commuting,3.0,0.00027534962853652305,0.225380917,empirical-operator-norm,Repository empirical operator-norm calibration study v1 (2026-08-10),reviewed calibration opnorm-v1-heisenberg-open-trotter-p6; artifact docs/calibration_data/empirical_1d_v1_accepted.json,"{""prefactor"":0.225380917}",False,implemented-product-formula,False,,"[""the resolved ordered Hamiltonian groups match the implemented formula"",""the fixed formal-order powers in time and segments apply"",""the reviewed affine size calibration extrapolates as flagged""]",,,,,,,implemented-product-formula,False,False,0.0451068510264545,,,,,,,,,,,,,,,,,,,1.0,none,0.0,system register,1.0,57.0,3377250.0,0.0,-1.0,314084250.0,5043360.0,analytical-model,0.005011872336272722,opnorm-v1-heisenberg-open-trotter-p6,heisenberg_chain,affine-aN-plus-b,0.225380917,4.0,12.0,4.0,12.0,True,True,asymptotic-domain,0.1.0,3.11.9,2.5.0,b58b31db18364511c43757e27fffc7abce8df2c1,True,ok,,
1.0,heisenberg_chain:N057,-1.3,jacobi-anger,,,,2.0,a8fa234e-a646-4911-8402-a67c302db4ae,2026-08-12T00:11:58.358108+00:00,c1ad72de628f71283ac69037e9bbe97c3e773952f5abde5eac91397ca322d1a6,resource-grid,heisenberg_chain,Heisenberg-57,"{""coupling"":1.0,""field_z"":0.3}",57,57.0,proportional,1.0,0.05011872336272722,185.10000000000065,225,qsvt,qsvt,QSVT,jacobi-anger-rigorous,analytical,,,,,,,,,,,,,,,,,,,,,,,,,,,,,,,,,,,86043.0,14341.0,,,0.007968191370393136,,jacobi-anger-polynomial-oaa,"Martyn et al., arXiv:2105.02859, Eqs. (76)--(77)",Jacobi--Anger tails plus exact cubic OAA identity,"{""oaa-unitarity-defect-distortion"":0.0039959454079432815,""scaled-polynomial-error"":0.003972245962449854}",True,ideal-qsvt-oaa-good-block,True,,"[""the cosine and sine polynomials are implemented exactly"",""the unamplified good block is exactly Q/2""]",,,,,,,implemented-qsvt-floating-phase-circuit,False,False,0.0451068510264545,,,,,,,,,,,,,,,,,,,2.0,one robust OAA round,1.0,"component, quadrature, and index registers all-zero",,75.0,44054028.0,156426300.0,-1.0,5251378140.0,1016082543.0,analytical-model,0.005011872336272722,,,,,,,,,,,,0.1.0,3.11.9,2.5.0,b58b31db18364511c43757e27fffc7abce8df2c1,True,ok,,
1.0,heisenberg_chain:N057,-1.3,empirical,,7.0,72.0,2.0,a8fa234e-a646-4911-8402-a67c302db4ae,2026-08-12T00:11:58.358108+00:00,c1ad72de628f71283ac69037e9bbe97c3e773952f5abde5eac91397ca322d1a6,resource-grid,heisenberg_chain,Heisenberg-57,"{""coupling"":1.0,""field_z"":0.3}",57,57.0,proportional,1.0,0.05011872336272722,185.10000000000065,225,mpf-j-mizuta2026-theorem6-empirical-operator-norm,multiproduct,MPF J=Mizuta Theorem 6 (resolved per point) [empirical operator norm],empirical-operator-norm,empirical,,7.0,14.0,mizuta2026-theorem6,6.300000000000004,0.0451068510264545,72.0,,,,[],,,,,,,,,,,,,,,[],,,,,,,empirical-operator-norm,[],9936.0,,,,1.679515711352015e-05,7.757400000000001e-06,empirical-operator-norm,Repository empirical operator-norm calibration study v1 (2026-08-10),reviewed calibration opnorm-v1-heisenberg-open-mpf-new-m7; fixed formal powers,"{""empirical_coefficient"":7.757400000000001e-06}",False,ideal-mpf,False,ordered individual Pauli terms,"[""the fixed formal-order powers in time and segments apply"",""the empirical estimate concerns the repeated ideal MPF operator"",""the reviewed affine size calibration extrapolates as flagged""]",,0.0,0.0,False,False,{},repeated-shared-ancilla-good-block,False,False,0.0451068510264545,new,"[1,2,3,4,5,9,22]","[2.9953607852158573e-09,-2.9318124556219793e-05,0.003468573778195489,-0.04863485570038276,0.1308718708891307,-0.4341006887393225,1.3484244149015747]",1.965529725128523,0.034470274871476914,46.0,registered-exact,True,7.0,3.0,2.0,4.0,9.0,7.0,6.0,3.0,2.0,3.0,2.0,one robust OAA round per segment,72.0,branch register all-zero,,64.0,8929008.0,6552.0,-1.0,875068992.0,15631051.0,analytical-model,0.005011872336272722,opnorm-v1-heisenberg-open-mpf-new-m7,heisenberg_chain,affine-aN-plus-b,7.757400000000001e-06,4.0,8.0,4.0,12.0,True,True,asymptotic-domain,0.1.0,3.11.9,2.5.0,b58b31db18364511c43757e27fffc7abce8df2c1,True,ok,,
1.0,heisenberg_chain:N057,-1.3,commutator,,7.0,53556.0,2.0,a8fa234e-a646-4911-8402-a67c302db4ae,2026-08-12T00:11:58.358108+00:00,c1ad72de628f71283ac69037e9bbe97c3e773952f5abde5eac91397ca322d1a6,resource-grid,heisenberg_chain,Heisenberg-57,"{""coupling"":1.0,""field_z"":0.3}",57,57.0,proportional,1.0,0.05011872336272722,185.10000000000065,225,mpf-j-mizuta2026-theorem6-mizuta2026-commutator-ideal-rigorous,multiproduct,MPF J=Mizuta Theorem 6 (resolved per point) [Mizuta 2026 refined commutator],mizuta2026-commutator-ideal-rigorous,analytical,,7.0,14.0,mizuta2026-theorem6,6.300000000000004,0.0451068510264545,53556.0,53556.0,,37112.0,"[""error""]",162.7687268486465,14.0,,,8.06625834042234e-07,1.0295050816487055e-21,8.828427206706852e-31,1.0295050807658626e-21,1.0295050816487055e-21,8.066258340422351e-07,0.04510672262484208,1.763997603736675e-05,False,0.0015359215792875684,"[1.0000000000000002,1.0000000000000002,1.0000000000000002,1.0000000000000002,1.0000000000000002,1.0000000000000002,1.0000000000000002,1.0000000000000002,1.0000000000000002,1.0000000000000002,1.0000000000000002,1.0000000000000002,1.0000000000000002,1.0000000000000002,1.0000000000000002,1.0000000000000002,1.0000000000000002,1.0000000000000002,1.0000000000000002,1.0000000000000002,1.0000000000000002,1.0000000000000002,1.0000000000000002,1.0000000000000002,1.0000000000000002,1.0000000000000002,1.0000000000000002,1.0000000000000002,1.0000000000000002,1.0000000000000002,1.0000000000000002,1.0000000000000002,1.0000000000000002,1.0000000000000002,1.0000000000000002,1.0000000000000002,1.0000000000000002,1.0000000000000002,1.0000000000000002,1.0000000000000002,1.0000000000000002,1.0000000000000002,1.0000000000000002,1.0000000000000002,1.0000000000000002,1.0000000000000002,1.0000000000000002,1.0000000000000002,1.0000000000000002,1.0000000000000002,1.0000000000000002,1.0000000000000002,1.0000000000000002,1.0000000000000002,1.0000000000000002,1.0000000000000002,1.0000000000000002,1.0000000000000002,1.0000000000000002,1.0000000000000002,1.0000000000000002,1.0000000000000002,1.0000000000000002,1.0000000000000002,1.0000000000000002,1.0000000000000002,1.0000000000000002,1.0000000000000002,1.0000000000000002,1.0000000000000002,1.0000000000000002,1.0000000000000002,1.0000000000000002,1.0000000000000002,1.0000000000000002,1.0000000000000002,1.0000000000000002,1.0000000000000002,1.0000000000000002,1.0000000000000002,1.0000000000000002,1.0000000000000002,1.0000000000000002,1.0000000000000002,1.0000000000000002,1.0000000000000002,1.0000000000000002,1.0000000000000002,1.0000000000000002,1.0000000000000002,1.0000000000000002,1.0000000000000002,1.0000000000000002,1.0000000000000002,1.0000000000000002,1.0000000000000002,1.0000000000000002,1.0000000000000002,1.0000000000000002,1.0000000000000002,1.0000000000000002,1.0000000000000002,1.0000000000000002,1.0000000000000002,1.0000000000000002,1.0000000000000002,1.0000000000000002,1.0000000000000002,1.0000000000000002,1.0000000000000002,1.0000000000000002,1.0000000000000002,1.0000000000000002,1.0000000000000002,1.0000000000000002,1.0000000000000002,1.0000000000000002,1.0000000000000002,1.0000000000000002,1.0000000000000002,1.0000000000000002,1.0000000000000002,1.0000000000000002,1.0000000000000002,1.0000000000000002,1.0000000000000002,1.0000000000000002,1.0000000000000002,1.0000000000000002,1.0000000000000002,1.0000000000000002,1.0000000000000002,1.0000000000000002,1.0000000000000002,1.0000000000000002,1.0000000000000002,1.0000000000000002,1.0000000000000002,1.0000000000000002,1.0000000000000002,1.0000000000000002,1.0000000000000002,1.0000000000000002,1.0000000000000002,1.0000000000000002,1.0000000000000002,1.0000000000000002,1.0000000000000002,1.0000000000000002,1.0000000000000002,1.0000000000000002,1.0000000000000002,1.0000000000000002,1.0000000000000002,1.0000000000000002,1.0000000000000002,1.0000000000000002,1.0000000000000002,1.0000000000000002,1.0000000000000002,1.0000000000000002,1.0000000000000002,1.0000000000000002,1.0000000000000002,1.0000000000000002,1.0000000000000002,1.0000000000000002,1.0000000000000002,1.0000000000000002,1.0000000000000002,1.0000000000000002,1.0000000000000002,1.0000000000000002,1.0000000000000002,1.0000000000000002,1.0000000000000002,1.0000000000000002,1.0000000000000002,1.0000000000000002,1.0000000000000002,1.0000000000000002,1.0000000000000002,1.0000000000000002,1.0000000000000002,1.0000000000000002,1.0000000000000002,1.0000000000000002,1.0000000000000002,1.0000000000000002,1.0000000000000002,1.0000000000000002,1.0000000000000002,1.0000000000000002,1.0000000000000002,1.0000000000000002,1.0000000000000002,1.0000000000000002,1.0000000000000002,1.0000000000000002,1.0000000000000002,1.0000000000000002,1.0000000000000002,1.0000000000000002,1.0000000000000002,1.0000000000000002,1.0000000000000002,1.0000000000000002,1.0000000000000002,1.0000000000000002,1.0000000000000002,1.0000000000000002,1.0000000000000002,1.0000000000000002,1.0000000000000002,1.0000000000000002,1.0000000000000002,1.0000000000000002,1.0000000000000002,1.0000000000000002,1.0000000000000002,1.0000000000000002,1.0000000000000002,1.0000000000000002,1.0000000000000002,1.0000000000000002]",6.300000000000007,3.0,True,exact commutator transition cap reached; locality bound used,not-used,commutator,mizuta2026-commutator-ideal-rigorous,[],7390728.0,,,,0.04510672262484208,3.16716934626503e+38,mizuta2026-commutator-ideal-rigorous,"Mizuta, Quantum 10, 1974 (2026), arXiv:2507.06557v4","Theorem 4, Eqs. (47)--(49), with direct Lemmas 9--10 BCH remainder","{""error_predicate_satisfied"":1.0,""extensiveness_g"":6.300000000000004,""joint_predicate_satisfied"":1.0,""legacy_first_condition_passed"":0.0,""legacy_first_time_limit"":1.763997603736675e-05,""local_commutator_error"":8.06625834042234e-07,""local_step_error"":8.066258340422351e-07,""local_truncated_bch_error"":1.0295050816487055e-21,""locality_k"":2.0,""mu_upper"":162.7687268486465,""refined_lemma10_remainder"":1.0295050807658626e-21,""refined_lemma9_remainder"":8.828427206706852e-31,""refined_tail_fallback"":0.0,""repeated_global_error"":0.04510672262484208,""schedule_weighted_extensiveness"":6.300000000000007,""second_time_limit"":0.0015359215792875684,""time_2_predicate_satisfied"":1.0,""total_branchwise_bch_remainder"":1.0295050816487055e-21,""truncation_order_p0"":14.0}",True,ideal-mpf,True,ordered individual Pauli terms,"[""individual Pauli summands define the ordered H_gamma decomposition"",""the actual Strang factors define schedule-weighted g_alpha extensiveness"",""Lemma 9 and Lemma 10 positive majorants directly certify the BCH remainder"",""the scalar-flow/Cauchy refined tail certificate is used"",""Theorem 4 second time hypothesis is satisfied"",""the repeated ideal MPF is composed with the Eq. (15) telescoping argument""]","exact Pauli recurrence would require 307800 transitions at order 4, above cap 250000; remaining orders use Mizuta 2026 Eq. (8)",14.0,3.0,True,True,"{""2"":1588.800000000002,""3"":26021.760000000057,""4"":34480081.03680006,""5"":3475592168.5094457,""6"":437924613232.18976,""7"":66214201520707.76,""8"":1.1680185148252828e+16,""9"":2.354725325887758e+18,""10"":5.3405170391134274e+20,""11"":1.345810293856585e+23,""12"":3.7305861345704733e+25,""13"":1.1281292470941247e+28,""14"":3.6957514134803366e+30}",repeated-shared-ancilla-good-block,True,False,0.0451068510264545,new,"[1,2,3,4,5,9,22]","[2.9953607852158573e-09,-2.9318124556219793e-05,0.003468573778195489,-0.04863485570038276,0.1308718708891307,-0.4341006887393225,1.3484244149015747]",1.965529725128523,0.034470274871476914,46.0,registered-exact,True,7.0,3.0,2.0,4.0,9.0,7.0,6.0,3.0,2.0,3.0,2.0,one robust OAA round per segment,53556.0,branch register all-zero,,64.0,6641693784.0,4873596.0,-1.0,843514604952.0,11626896204.0,analytical-model,0.005011872336272722,,,,,,,,,,,,0.1.0,3.11.9,2.5.0,b58b31db18364511c43757e27fffc7abce8df2c1,True,ok,,
1.0,heisenberg_chain:N057,-1.4,commutator,58841.0,,,2.0,a8fa234e-a646-4911-8402-a67c302db4ae,2026-08-12T00:11:58.358108+00:00,c1ad72de628f71283ac69037e9bbe97c3e773952f5abde5eac91397ca322d1a6,resource-grid,heisenberg_chain,Heisenberg-57,"{""coupling"":1.0,""field_z"":0.3}",57,57.0,proportional,1.0,0.039810717055349734,185.10000000000065,225,trotter-p2,trotter,Trotter p=2,analytical,analytical,2.0,,,,,,58841.0,,,,,,,,,,,,,,,,,,,,,,,,,,,,,,individual,225.0,0.035829071636681184,669.839999999999,childs-commutator,"Childs, Su, Tran, Wiebe, and Zhu, arXiv:1912.08854",Propositions 9--10,"{""prefactor"":669.839999999999}",True,implemented-product-formula,True,,"[""the resolved ordered Hamiltonian groups match the implemented formula""]",,,,,,,implemented-product-formula,True,True,0.03582964534981476,,,,,,,,,,,,,,,,,,,1.0,none,0.0,system register,1.0,57.0,26419609.0,0.0,-1.0,2721219727.0,39453283.0,analytical-model,0.003981071705534973,,,,,,,,,,,,0.1.0,3.11.9,2.5.0,b58b31db18364511c43757e27fffc7abce8df2c1,True,ok,,
1.0,heisenberg_chain:N057,-1.4,empirical,17903.0,,,2.0,a8fa234e-a646-4911-8402-a67c302db4ae,2026-08-12T00:11:58.358108+00:00,c1ad72de628f71283ac69037e9bbe97c3e773952f5abde5eac91397ca322d1a6,resource-grid,heisenberg_chain,Heisenberg-57,"{""coupling"":1.0,""field_z"":0.3}",57,57.0,proportional,1.0,0.039810717055349734,185.10000000000065,225,trotter-p2-empirical,trotter,Trotter p=2 [empirical],empirical-operator-norm,empirical,2.0,,,,,,17903.0,,,,,,,,,,,,,,,,,,,,,,,,,,,,,,individual,225.0,0.035829392350386804,62.0106807611,empirical-operator-norm,Repository empirical operator-norm calibration study v1 (2026-08-10),reviewed calibration opnorm-v1-heisenberg-open-trotter-p2; artifact docs/calibration_data/empirical_1d_v1_accepted.json,"{""prefactor"":62.0106807611}",False,implemented-product-formula,False,,"[""the resolved ordered Hamiltonian groups match the implemented formula"",""the fixed formal-order powers in time and segments apply"",""the reviewed affine size calibration extrapolates as flagged""]",,,,,,,implemented-product-formula,False,False,0.03582964534981476,,,,,,,,,,,,,,,,,,,1.0,none,0.0,system register,1.0,57.0,8038447.0,0.0,-1.0,787767806.0,12004081.0,analytical-model,0.003981071705534973,opnorm-v1-heisenberg-open-trotter-p2,heisenberg_chain,affine-aN-plus-b,62.0106807611,4.0,12.0,4.0,12.0,True,True,formula,0.1.0,3.11.9,2.5.0,b58b31db18364511c43757e27fffc7abce8df2c1,True,ok,,
1.0,heisenberg_chain:N057,-1.4,commutator,5041.0,,,2.0,a8fa234e-a646-4911-8402-a67c302db4ae,2026-08-12T00:11:58.358108+00:00,c1ad72de628f71283ac69037e9bbe97c3e773952f5abde5eac91397ca322d1a6,resource-grid,heisenberg_chain,Heisenberg-57,"{""coupling"":1.0,""field_z"":0.3}",57,57.0,proportional,1.0,0.039810717055349734,185.10000000000065,225,trotter-p4,trotter,Trotter p=4,analytical,analytical,4.0,,,,,,5041.0,,,,,,,,,,,,,,,,,,,,,,,,,,,,,,commuting,3.0,0.03580188638578389,38423.63263718384,schubert-mendl-commutator,"Schubert and Mendl, arXiv:2306.10603",Theorem 1,"{""prefactor"":38423.63263718384}",True,implemented-product-formula,True,,"[""the resolved ordered Hamiltonian groups match the implemented formula""]",,,,,,,implemented-product-formula,True,True,0.03582964534981476,,,,,,,,,,,,,,,,,,,1.0,none,0.0,system register,1.0,57.0,9955975.0,0.0,-1.0,985641525.0,14867590.0,analytical-model,0.003981071705534973,,,,,,,,,,,,0.1.0,3.11.9,2.5.0,b58b31db18364511c43757e27fffc7abce8df2c1,True,ok,,
1.0,heisenberg_chain:N057,-1.4,empirical,715.0,,,2.0,a8fa234e-a646-4911-8402-a67c302db4ae,2026-08-12T00:11:58.358108+00:00,c1ad72de628f71283ac69037e9bbe97c3e773952f5abde5eac91397ca322d1a6,resource-grid,heisenberg_chain,Heisenberg-57,"{""coupling"":1.0,""field_z"":0.3}",57,57.0,proportional,1.0,0.039810717055349734,185.10000000000065,225,trotter-p4-empirical,trotter,Trotter p=4 [empirical],empirical-operator-norm,empirical,4.0,,,,,,715.0,,,,,,,,,,,,,,,,,,,,,,,,,,,,,,commuting,3.0,0.03573393166539876,15.521392859299997,empirical-operator-norm,Repository empirical operator-norm calibration study v1 (2026-08-10),reviewed calibration opnorm-v1-heisenberg-open-trotter-p4; artifact docs/calibration_data/empirical_1d_v1_accepted.json,"{""prefactor"":15.521392859299997}",False,implemented-product-formula,False,,"[""the resolved ordered Hamiltonian groups match the implemented formula"",""the fixed formal-order powers in time and segments apply"",""the reviewed affine size calibration extrapolates as flagged""]",,,,,,,implemented-product-formula,False,False,0.03582964534981476,,,,,,,,,,,,,,,,,,,1.0,none,0.0,system register,1.0,57.0,1412125.0,0.0,-1.0,128503375.0,2108774.0,analytical-model,0.003981071705534973,opnorm-v1-heisenberg-open-trotter-p4,heisenberg_chain,affine-aN-plus-b,15.521392859299997,4.0,12.0,4.0,12.0,True,True,formula,0.1.0,3.11.9,2.5.0,b58b31db18364511c43757e27fffc7abce8df2c1,True,ok,,
1.0,heisenberg_chain:N057,-1.4,commutator,3039.0,,,2.0,a8fa234e-a646-4911-8402-a67c302db4ae,2026-08-12T00:11:58.358108+00:00,c1ad72de628f71283ac69037e9bbe97c3e773952f5abde5eac91397ca322d1a6,resource-grid,heisenberg_chain,Heisenberg-57,"{""coupling"":1.0,""field_z"":0.3}",57,57.0,proportional,1.0,0.039810717055349734,185.10000000000065,225,trotter-p6,trotter,Trotter p=6,analytical,analytical,6.0,,,,,,3039.0,,,,,,,,,,,,,,,,,,,,,,,,,,,,,,commuting,3.0,0.03581657322434099,14432588.951672671,schubert-mendl-commutator,"Schubert and Mendl, arXiv:2306.10603",Theorem 1,"{""prefactor"":14432588.951672671}",True,implemented-product-formula,True,,"[""the resolved ordered Hamiltonian groups match the implemented formula""]",,,,,,,implemented-product-formula,True,True,0.03582964534981476,,,,,,,,,,,,,,,,,,,1.0,none,0.0,system register,1.0,57.0,30010125.0,0.0,-1.0,3121053000.0,44815120.0,analytical-model,0.003981071705534973,,,,,,,,,,,,0.1.0,3.11.9,2.5.0,b58b31db18364511c43757e27fffc7abce8df2c1,True,ok,,
1.0,heisenberg_chain:N057,-1.4,empirical,342.0,,,2.0,a8fa234e-a646-4911-8402-a67c302db4ae,2026-08-12T00:11:58.358108+00:00,c1ad72de628f71283ac69037e9bbe97c3e773952f5abde5eac91397ca322d1a6,resource-grid,heisenberg_chain,Heisenberg-57,"{""coupling"":1.0,""field_z"":0.3}",57,57.0,proportional,1.0,0.039810717055349734,185.10000000000065,225,trotter-p6-empirical,trotter,Trotter p=6 [empirical],empirical-operator-norm,empirical,6.0,,,,,,342.0,,,,,,,,,,,,,,,,,,,,,,,,,,,,,,commuting,3.0,0.00027534962853652305,0.225380917,empirical-operator-norm,Repository empirical operator-norm calibration study v1 (2026-08-10),reviewed calibration opnorm-v1-heisenberg-open-trotter-p6; artifact docs/calibration_data/empirical_1d_v1_accepted.json,"{""prefactor"":0.225380917}",False,implemented-product-formula,False,,"[""the resolved ordered Hamiltonian groups match the implemented formula"",""the fixed formal-order powers in time and segments apply"",""the reviewed affine size calibration extrapolates as flagged""]",,,,,,,implemented-product-formula,False,False,0.03582964534981476,,,,,,,,,,,,,,,,,,,1.0,none,0.0,system register,1.0,57.0,3377250.0,0.0,-1.0,317461500.0,5043360.0,analytical-model,0.003981071705534973,opnorm-v1-heisenberg-open-trotter-p6,heisenberg_chain,affine-aN-plus-b,0.225380917,4.0,12.0,4.0,12.0,True,True,asymptotic-domain,0.1.0,3.11.9,2.5.0,b58b31db18364511c43757e27fffc7abce8df2c1,True,ok,,
1.0,heisenberg_chain:N057,-1.4,jacobi-anger,,,,2.0,a8fa234e-a646-4911-8402-a67c302db4ae,2026-08-12T00:11:58.358108+00:00,c1ad72de628f71283ac69037e9bbe97c3e773952f5abde5eac91397ca322d1a6,resource-grid,heisenberg_chain,Heisenberg-57,"{""coupling"":1.0,""field_z"":0.3}",57,57.0,proportional,1.0,0.039810717055349734,185.10000000000065,225,qsvt,qsvt,QSVT,jacobi-anger-rigorous,analytical,,,,,,,,,,,,,,,,,,,,,,,,,,,,,,,,,,,86043.0,14341.0,,,0.00693315976293802,,jacobi-anger-polynomial-oaa,"Martyn et al., arXiv:2105.02859, Eqs. (76)--(77)",Jacobi--Anger tails plus exact cubic OAA identity,"{""oaa-unitarity-defect-distortion"":0.003475556480741296,""scaled-polynomial-error"":0.0034576032821967244}",True,ideal-qsvt-oaa-good-block,True,,"[""the cosine and sine polynomials are implemented exactly"",""the unamplified good block is exactly Q/2""]",,,,,,,implemented-qsvt-floating-phase-circuit,False,False,0.03582964534981476,,,,,,,,,,,,,,,,,,,2.0,one robust OAA round,1.0,"component, quadrature, and index registers all-zero",,75.0,44054028.0,156426300.0,-1.0,5295432168.0,1016082543.0,analytical-model,0.003981071705534973,,,,,,,,,,,,0.1.0,3.11.9,2.5.0,b58b31db18364511c43757e27fffc7abce8df2c1,True,ok,,
1.0,heisenberg_chain:N057,-1.4,empirical,,7.0,72.0,2.0,a8fa234e-a646-4911-8402-a67c302db4ae,2026-08-12T00:11:58.358108+00:00,c1ad72de628f71283ac69037e9bbe97c3e773952f5abde5eac91397ca322d1a6,resource-grid,heisenberg_chain,Heisenberg-57,"{""coupling"":1.0,""field_z"":0.3}",57,57.0,proportional,1.0,0.039810717055349734,185.10000000000065,225,mpf-j-mizuta2026-theorem6-empirical-operator-norm,multiproduct,MPF J=Mizuta Theorem 6 (resolved per point) [empirical operator norm],empirical-operator-norm,empirical,,7.0,14.0,mizuta2026-theorem6,6.300000000000004,0.03582964534981476,72.0,,,,[],,,,,,,,,,,,,,,[],,,,,,,empirical-operator-norm,[],9936.0,,,,1.679515711352015e-05,7.757400000000001e-06,empirical-operator-norm,Repository empirical operator-norm calibration study v1 (2026-08-10),reviewed calibration opnorm-v1-heisenberg-open-mpf-new-m7; fixed formal powers,"{""empirical_coefficient"":7.757400000000001e-06}",False,ideal-mpf,False,ordered individual Pauli terms,"[""the fixed formal-order powers in time and segments apply"",""the empirical estimate concerns the repeated ideal MPF operator"",""the reviewed affine size calibration extrapolates as flagged""]",,0.0,0.0,False,False,{},repeated-shared-ancilla-good-block,False,False,0.03582964534981476,new,"[1,2,3,4,5,9,22]","[2.9953607852158573e-09,-2.9318124556219793e-05,0.003468573778195489,-0.04863485570038276,0.1308718708891307,-0.4341006887393225,1.3484244149015747]",1.965529725128523,0.034470274871476914,46.0,registered-exact,True,7.0,3.0,2.0,4.0,9.0,7.0,6.0,3.0,2.0,3.0,2.0,one robust OAA round per segment,72.0,branch register all-zero,,64.0,8929008.0,6552.0,-1.0,883998000.0,15631051.0,analytical-model,0.003981071705534973,opnorm-v1-heisenberg-open-mpf-new-m7,heisenberg_chain,affine-aN-plus-b,7.757400000000001e-06,4.0,8.0,4.0,12.0,True,True,asymptotic-domain,0.1.0,3.11.9,2.5.0,b58b31db18364511c43757e27fffc7abce8df2c1,True,ok,,
1.0,heisenberg_chain:N057,-1.4,commutator,,7.0,54411.0,2.0,a8fa234e-a646-4911-8402-a67c302db4ae,2026-08-12T00:11:58.358108+00:00,c1ad72de628f71283ac69037e9bbe97c3e773952f5abde5eac91397ca322d1a6,resource-grid,heisenberg_chain,Heisenberg-57,"{""coupling"":1.0,""field_z"":0.3}",57,57.0,proportional,1.0,0.039810717055349734,185.10000000000065,225,mpf-j-mizuta2026-theorem6-mizuta2026-commutator-ideal-rigorous,multiproduct,MPF J=Mizuta Theorem 6 (resolved per point) [Mizuta 2026 refined commutator],mizuta2026-commutator-ideal-rigorous,analytical,,7.0,14.0,mizuta2026-theorem6,6.300000000000004,0.03582964534981476,54411.0,54411.0,,37112.0,"[""error""]",162.7687268486465,14.0,,,6.360532919612091e-07,8.1041808324116e-22,6.95913091332012e-31,8.104180825452469e-22,8.1041808324116e-22,6.3605329196121e-07,0.03582697356182704,1.763997603736675e-05,False,0.0015359215792875684,"[1.0000000000000002,1.0000000000000002,1.0000000000000002,1.0000000000000002,1.0000000000000002,1.0000000000000002,1.0000000000000002,1.0000000000000002,1.0000000000000002,1.0000000000000002,1.0000000000000002,1.0000000000000002,1.0000000000000002,1.0000000000000002,1.0000000000000002,1.0000000000000002,1.0000000000000002,1.0000000000000002,1.0000000000000002,1.0000000000000002,1.0000000000000002,1.0000000000000002,1.0000000000000002,1.0000000000000002,1.0000000000000002,1.0000000000000002,1.0000000000000002,1.0000000000000002,1.0000000000000002,1.0000000000000002,1.0000000000000002,1.0000000000000002,1.0000000000000002,1.0000000000000002,1.0000000000000002,1.0000000000000002,1.0000000000000002,1.0000000000000002,1.0000000000000002,1.0000000000000002,1.0000000000000002,1.0000000000000002,1.0000000000000002,1.0000000000000002,1.0000000000000002,1.0000000000000002,1.0000000000000002,1.0000000000000002,1.0000000000000002,1.0000000000000002,1.0000000000000002,1.0000000000000002,1.0000000000000002,1.0000000000000002,1.0000000000000002,1.0000000000000002,1.0000000000000002,1.0000000000000002,1.0000000000000002,1.0000000000000002,1.0000000000000002,1.0000000000000002,1.0000000000000002,1.0000000000000002,1.0000000000000002,1.0000000000000002,1.0000000000000002,1.0000000000000002,1.0000000000000002,1.0000000000000002,1.0000000000000002,1.0000000000000002,1.0000000000000002,1.0000000000000002,1.0000000000000002,1.0000000000000002,1.0000000000000002,1.0000000000000002,1.0000000000000002,1.0000000000000002,1.0000000000000002,1.0000000000000002,1.0000000000000002,1.0000000000000002,1.0000000000000002,1.0000000000000002,1.0000000000000002,1.0000000000000002,1.0000000000000002,1.0000000000000002,1.0000000000000002,1.0000000000000002,1.0000000000000002,1.0000000000000002,1.0000000000000002,1.0000000000000002,1.0000000000000002,1.0000000000000002,1.0000000000000002,1.0000000000000002,1.0000000000000002,1.0000000000000002,1.0000000000000002,1.0000000000000002,1.0000000000000002,1.0000000000000002,1.0000000000000002,1.0000000000000002,1.0000000000000002,1.0000000000000002,1.0000000000000002,1.0000000000000002,1.0000000000000002,1.0000000000000002,1.0000000000000002,1.0000000000000002,1.0000000000000002,1.0000000000000002,1.0000000000000002,1.0000000000000002,1.0000000000000002,1.0000000000000002,1.0000000000000002,1.0000000000000002,1.0000000000000002,1.0000000000000002,1.0000000000000002,1.0000000000000002,1.0000000000000002,1.0000000000000002,1.0000000000000002,1.0000000000000002,1.0000000000000002,1.0000000000000002,1.0000000000000002,1.0000000000000002,1.0000000000000002,1.0000000000000002,1.0000000000000002,1.0000000000000002,1.0000000000000002,1.0000000000000002,1.0000000000000002,1.0000000000000002,1.0000000000000002,1.0000000000000002,1.0000000000000002,1.0000000000000002,1.0000000000000002,1.0000000000000002,1.0000000000000002,1.0000000000000002,1.0000000000000002,1.0000000000000002,1.0000000000000002,1.0000000000000002,1.0000000000000002,1.0000000000000002,1.0000000000000002,1.0000000000000002,1.0000000000000002,1.0000000000000002,1.0000000000000002,1.0000000000000002,1.0000000000000002,1.0000000000000002,1.0000000000000002,1.0000000000000002,1.0000000000000002,1.0000000000000002,1.0000000000000002,1.0000000000000002,1.0000000000000002,1.0000000000000002,1.0000000000000002,1.0000000000000002,1.0000000000000002,1.0000000000000002,1.0000000000000002,1.0000000000000002,1.0000000000000002,1.0000000000000002,1.0000000000000002,1.0000000000000002,1.0000000000000002,1.0000000000000002,1.0000000000000002,1.0000000000000002,1.0000000000000002,1.0000000000000002,1.0000000000000002,1.0000000000000002,1.0000000000000002,1.0000000000000002,1.0000000000000002,1.0000000000000002,1.0000000000000002,1.0000000000000002,1.0000000000000002,1.0000000000000002,1.0000000000000002,1.0000000000000002,1.0000000000000002,1.0000000000000002,1.0000000000000002,1.0000000000000002,1.0000000000000002,1.0000000000000002,1.0000000000000002,1.0000000000000002,1.0000000000000002,1.0000000000000002,1.0000000000000002,1.0000000000000002,1.0000000000000002,1.0000000000000002,1.0000000000000002,1.0000000000000002,1.0000000000000002,1.0000000000000002,1.0000000000000002,1.0000000000000002,1.0000000000000002,1.0000000000000002,1.0000000000000002]",6.300000000000007,3.0,True,exact commutator transition cap reached; locality bound used,not-used,commutator,mizuta2026-commutator-ideal-rigorous,[],7508718.0,,,,0.03582697356182704,3.16716934626503e+38,mizuta2026-commutator-ideal-rigorous,"Mizuta, Quantum 10, 1974 (2026), arXiv:2507.06557v4","Theorem 4, Eqs. (47)--(49), with direct Lemmas 9--10 BCH remainder","{""error_predicate_satisfied"":1.0,""extensiveness_g"":6.300000000000004,""joint_predicate_satisfied"":1.0,""legacy_first_condition_passed"":0.0,""legacy_first_time_limit"":1.763997603736675e-05,""local_commutator_error"":6.360532919612091e-07,""local_step_error"":6.3605329196121e-07,""local_truncated_bch_error"":8.1041808324116e-22,""locality_k"":2.0,""mu_upper"":162.7687268486465,""refined_lemma10_remainder"":8.104180825452469e-22,""refined_lemma9_remainder"":6.95913091332012e-31,""refined_tail_fallback"":0.0,""repeated_global_error"":0.03582697356182704,""schedule_weighted_extensiveness"":6.300000000000007,""second_time_limit"":0.0015359215792875684,""time_2_predicate_satisfied"":1.0,""total_branchwise_bch_remainder"":8.1041808324116e-22,""truncation_order_p0"":14.0}",True,ideal-mpf,True,ordered individual Pauli terms,"[""individual Pauli summands define the ordered H_gamma decomposition"",""the actual Strang factors define schedule-weighted g_alpha extensiveness"",""Lemma 9 and Lemma 10 positive majorants directly certify the BCH remainder"",""the scalar-flow/Cauchy refined tail certificate is used"",""Theorem 4 second time hypothesis is satisfied"",""the repeated ideal MPF is composed with the Eq. (15) telescoping argument""]","exact Pauli recurrence would require 307800 transitions at order 4, above cap 250000; remaining orders use Mizuta 2026 Eq. (8)",14.0,3.0,True,True,"{""2"":1588.800000000002,""3"":26021.760000000057,""4"":34480081.03680006,""5"":3475592168.5094457,""6"":437924613232.18976,""7"":66214201520707.76,""8"":1.1680185148252828e+16,""9"":2.354725325887758e+18,""10"":5.3405170391134274e+20,""11"":1.345810293856585e+23,""12"":3.7305861345704733e+25,""13"":1.1281292470941247e+28,""14"":3.6957514134803366e+30}",repeated-shared-ancilla-good-block,True,False,0.03582964534981476,new,"[1,2,3,4,5,9,22]","[2.9953607852158573e-09,-2.9318124556219793e-05,0.003468573778195489,-0.04863485570038276,0.1308718708891307,-0.4341006887393225,1.3484244149015747]",1.965529725128523,0.034470274871476914,46.0,registered-exact,True,7.0,3.0,2.0,4.0,9.0,7.0,6.0,3.0,2.0,3.0,2.0,one robust OAA round per segment,54411.0,branch register all-zero,,64.0,6747725754.0,4951401.0,-1.0,863728702116.0,11812514926.0,analytical-model,0.003981071705534973,,,,,,,,,,,,0.1.0,3.11.9,2.5.0,b58b31db18364511c43757e27fffc7abce8df2c1,True,ok,,
1.0,heisenberg_chain:N057,-1.5,commutator,66021.0,,,2.0,a8fa234e-a646-4911-8402-a67c302db4ae,2026-08-12T00:11:58.358108+00:00,c1ad72de628f71283ac69037e9bbe97c3e773952f5abde5eac91397ca322d1a6,resource-grid,heisenberg_chain,Heisenberg-57,"{""coupling"":1.0,""field_z"":0.3}",57,57.0,proportional,1.0,0.03162277660168379,185.10000000000065,225,trotter-p2,trotter,Trotter p=2,analytical,analytical,2.0,,,,,,66021.0,,,,,,,,,,,,,,,,,,,,,,,,,,,,,,individual,225.0,0.028459774121986522,669.839999999999,childs-commutator,"Childs, Su, Tran, Wiebe, and Zhu, arXiv:1912.08854",Propositions 9--10,"{""prefactor"":669.839999999999}",True,implemented-product-formula,True,,"[""the resolved ordered Hamiltonian groups match the implemented formula""]",,,,,,,implemented-product-formula,True,True,0.02846049894151541,,,,,,,,,,,,,,,,,,,1.0,none,0.0,system register,1.0,57.0,29643429.0,0.0,-1.0,3112560045.0,44267521.0,analytical-model,0.0031622776601683794,,,,,,,,,,,,0.1.0,3.11.9,2.5.0,b58b31db18364511c43757e27fffc7abce8df2c1,True,ok,,
1.0,heisenberg_chain:N057,-1.5,empirical,20088.0,,,2.0,a8fa234e-a646-4911-8402-a67c302db4ae,2026-08-12T00:11:58.358108+00:00,c1ad72de628f71283ac69037e9bbe97c3e773952f5abde5eac91397ca322d1a6,resource-grid,heisenberg_chain,Heisenberg-57,"{""coupling"":1.0,""field_z"":0.3}",57,57.0,proportional,1.0,0.03162277660168379,185.10000000000065,225,trotter-p2-empirical,trotter,Trotter p=2 [empirical],empirical-operator-norm,empirical,2.0,,,,,,20088.0,,,,,,,,,,,,,,,,,,,,,,,,,,,,,,individual,225.0,0.028458870977135047,62.0106807611,empirical-operator-norm,Repository empirical operator-norm calibration study v1 (2026-08-10),reviewed calibration opnorm-v1-heisenberg-open-trotter-p2; artifact docs/calibration_data/empirical_1d_v1_accepted.json,"{""prefactor"":62.0106807611}",False,implemented-product-formula,False,,"[""the resolved ordered Hamiltonian groups match the implemented formula"",""the fixed formal-order powers in time and segments apply"",""the reviewed affine size calibration extrapolates as flagged""]",,,,,,,implemented-product-formula,False,False,0.02846049894151541,,,,,,,,,,,,,,,,,,,1.0,none,0.0,system register,1.0,57.0,9019512.0,0.0,-1.0,901951200.0,13469138.0,analytical-model,0.0031622776601683794,opnorm-v1-heisenberg-open-trotter-p2,heisenberg_chain,affine-aN-plus-b,62.0106807611,4.0,12.0,4.0,12.0,True,True,formula,0.1.0,3.11.9,2.5.0,b58b31db18364511c43757e27fffc7abce8df2c1,True,ok,,
1.0,heisenberg_chain:N057,-1.5,commutator,5339.0,,,2.0,a8fa234e-a646-4911-8402-a67c302db4ae,2026-08-12T00:11:58.358108+00:00,c1ad72de628f71283ac69037e9bbe97c3e773952f5abde5eac91397ca322d1a6,resource-grid,heisenberg_chain,Heisenberg-57,"{""coupling"":1.0,""field_z"":0.3}",57,57.0,proportional,1.0,0.03162277660168379,185.10000000000065,225,trotter-p4,trotter,Trotter p=4,analytical,analytical,4.0,,,,,,5339.0,,,,,,,,,,,,,,,,,,,,,,,,,,,,,,commuting,3.0,0.028453324466228516,38423.63263718384,schubert-mendl-commutator,"Schubert and Mendl, arXiv:2306.10603",Theorem 1,"{""prefactor"":38423.63263718384}",True,implemented-product-formula,True,,"[""the resolved ordered Hamiltonian groups match the implemented formula""]",,,,,,,implemented-product-formula,True,True,0.02846049894151541,,,,,,,,,,,,,,,,,,,1.0,none,0.0,system register,1.0,57.0,10544525.0,0.0,-1.0,1054452500.0,15746491.0,analytical-model,0.0031622776601683794,,,,,,,,,,,,0.1.0,3.11.9,2.5.0,b58b31db18364511c43757e27fffc7abce8df2c1,True,ok,,
1.0,heisenberg_chain:N057,-1.5,empirical,757.0,,,2.0,a8fa234e-a646-4911-8402-a67c302db4ae,2026-08-12T00:11:58.358108+00:00,c1ad72de628f71283ac69037e9bbe97c3e773952f5abde5eac91397ca322d1a6,resource-grid,heisenberg_chain,Heisenberg-57,"{""coupling"":1.0,""field_z"":0.3}",57,57.0,proportional,1.0,0.03162277660168379,185.10000000000065,225,trotter-p4-empirical,trotter,Trotter p=4 [empirical],empirical-operator-norm,empirical,4.0,,,,,,757.0,,,,,,,,,,,,,,,,,,,,,,,,,,,,,,commuting,3.0,0.028439466933801102,15.521392859299997,empirical-operator-norm,Repository empirical operator-norm calibration study v1 (2026-08-10),reviewed calibration opnorm-v1-heisenberg-open-trotter-p4; artifact docs/calibration_data/empirical_1d_v1_accepted.json,"{""prefactor"":15.521392859299997}",False,implemented-product-formula,False,,"[""the resolved ordered Hamiltonian groups match the implemented formula"",""the fixed formal-order powers in time and segments apply"",""the reviewed affine size calibration extrapolates as flagged""]",,,,,,,implemented-product-formula,False,False,0.02846049894151541,,,,,,,,,,,,,,,,,,,1.0,none,0.0,system register,1.0,57.0,1495075.0,0.0,-1.0,137546900.0,2232646.0,analytical-model,0.0031622776601683794,opnorm-v1-heisenberg-open-trotter-p4,heisenberg_chain,affine-aN-plus-b,15.521392859299997,4.0,12.0,4.0,12.0,True,True,formula,0.1.0,3.11.9,2.5.0,b58b31db18364511c43757e27fffc7abce8df2c1,True,ok,,
1.0,heisenberg_chain:N057,-1.5,commutator,3158.0,,,2.0,a8fa234e-a646-4911-8402-a67c302db4ae,2026-08-12T00:11:58.358108+00:00,c1ad72de628f71283ac69037e9bbe97c3e773952f5abde5eac91397ca322d1a6,resource-grid,heisenberg_chain,Heisenberg-57,"{""coupling"":1.0,""field_z"":0.3}",57,57.0,proportional,1.0,0.03162277660168379,185.10000000000065,225,trotter-p6,trotter,Trotter p=6,analytical,analytical,6.0,,,,,,3158.0,,,,,,,,,,,,,,,,,,,,,,,,,,,,,,commuting,3.0,0.028444314936462448,14432588.951672671,schubert-mendl-commutator,"Schubert and Mendl, arXiv:2306.10603",Theorem 1,"{""prefactor"":14432588.951672671}",True,implemented-product-formula,True,,"[""the resolved ordered Hamiltonian groups match the implemented formula""]",,,,,,,implemented-product-formula,True,True,0.02846049894151541,,,,,,,,,,,,,,,,,,,1.0,none,0.0,system register,1.0,57.0,31185250.0,0.0,-1.0,3274451250.0,46569974.0,analytical-model,0.0031622776601683794,,,,,,,,,,,,0.1.0,3.11.9,2.5.0,b58b31db18364511c43757e27fffc7abce8df2c1,True,ok,,
1.0,heisenberg_chain:N057,-1.5,empirical,342.0,,,2.0,a8fa234e-a646-4911-8402-a67c302db4ae,2026-08-12T00:11:58.358108+00:00,c1ad72de628f71283ac69037e9bbe97c3e773952f5abde5eac91397ca322d1a6,resource-grid,heisenberg_chain,Heisenberg-57,"{""coupling"":1.0,""field_z"":0.3}",57,57.0,proportional,1.0,0.03162277660168379,185.10000000000065,225,trotter-p6-empirical,trotter,Trotter p=6 [empirical],empirical-operator-norm,empirical,6.0,,,,,,342.0,,,,,,,,,,,,,,,,,,,,,,,,,,,,,,commuting,3.0,0.00027534962853652305,0.225380917,empirical-operator-norm,Repository empirical operator-norm calibration study v1 (2026-08-10),reviewed calibration opnorm-v1-heisenberg-open-trotter-p6; artifact docs/calibration_data/empirical_1d_v1_accepted.json,"{""prefactor"":0.225380917}",False,implemented-product-formula,False,,"[""the resolved ordered Hamiltonian groups match the implemented formula"",""the fixed formal-order powers in time and segments apply"",""the reviewed affine size calibration extrapolates as flagged""]",,,,,,,implemented-product-formula,False,False,0.02846049894151541,,,,,,,,,,,,,,,,,,,1.0,none,0.0,system register,1.0,57.0,3377250.0,0.0,-1.0,320838750.0,5043360.0,analytical-model,0.0031622776601683794,opnorm-v1-heisenberg-open-trotter-p6,heisenberg_chain,affine-aN-plus-b,0.225380917,4.0,12.0,4.0,12.0,True,True,asymptotic-domain,0.1.0,3.11.9,2.5.0,b58b31db18364511c43757e27fffc7abce8df2c1,True,ok,,
1.0,heisenberg_chain:N057,-1.5,jacobi-anger,,,,2.0,a8fa234e-a646-4911-8402-a67c302db4ae,2026-08-12T00:11:58.358108+00:00,c1ad72de628f71283ac69037e9bbe97c3e773952f5abde5eac91397ca322d1a6,resource-grid,heisenberg_chain,Heisenberg-57,"{""coupling"":1.0,""field_z"":0.3}",57,57.0,proportional,1.0,0.03162277660168379,185.10000000000065,225,qsvt,qsvt,QSVT,jacobi-anger-rigorous,analytical,,,,,,,,,,,,,,,,,,,,,,,,,,,,,,,,,,,86043.0,14341.0,,,0.006111573156617664,,jacobi-anger-polynomial-oaa,"Martyn et al., arXiv:2105.02859, Eqs. (76)--(77)",Jacobi--Anger tails plus exact cubic OAA identity,"{""oaa-unitarity-defect-distortion"":0.0030627650861403434,""scaled-polynomial-error"":0.0030488080704773202}",True,ideal-qsvt-oaa-good-block,True,,"[""the cosine and sine polynomials are implemented exactly"",""the unamplified good block is exactly Q/2""]",,,,,,,implemented-qsvt-floating-phase-circuit,False,False,0.02846049894151541,,,,,,,,,,,,,,,,,,,2.0,one robust OAA round,1.0,"component, quadrature, and index registers all-zero",,75.0,44054028.0,156426300.0,-1.0,5339486196.0,1016082543.0,analytical-model,0.0031622776601683794,,,,,,,,,,,,0.1.0,3.11.9,2.5.0,b58b31db18364511c43757e27fffc7abce8df2c1,True,ok,,
1.0,heisenberg_chain:N057,-1.5,empirical,,7.0,72.0,2.0,a8fa234e-a646-4911-8402-a67c302db4ae,2026-08-12T00:11:58.358108+00:00,c1ad72de628f71283ac69037e9bbe97c3e773952f5abde5eac91397ca322d1a6,resource-grid,heisenberg_chain,Heisenberg-57,"{""coupling"":1.0,""field_z"":0.3}",57,57.0,proportional,1.0,0.03162277660168379,185.10000000000065,225,mpf-j-mizuta2026-theorem6-empirical-operator-norm,multiproduct,MPF J=Mizuta Theorem 6 (resolved per point) [empirical operator norm],empirical-operator-norm,empirical,,7.0,14.0,mizuta2026-theorem6,6.300000000000004,0.02846049894151541,72.0,,,,[],,,,,,,,,,,,,,,[],,,,,,,empirical-operator-norm,[],9936.0,,,,1.679515711352015e-05,7.757400000000001e-06,empirical-operator-norm,Repository empirical operator-norm calibration study v1 (2026-08-10),reviewed calibration opnorm-v1-heisenberg-open-mpf-new-m7; fixed formal powers,"{""empirical_coefficient"":7.757400000000001e-06}",False,ideal-mpf,False,ordered individual Pauli terms,"[""the fixed formal-order powers in time and segments apply"",""the empirical estimate concerns the repeated ideal MPF operator"",""the reviewed affine size calibration extrapolates as flagged""]",,0.0,0.0,False,False,{},repeated-shared-ancilla-good-block,False,False,0.02846049894151541,new,"[1,2,3,4,5,9,22]","[2.9953607852158573e-09,-2.9318124556219793e-05,0.003468573778195489,-0.04863485570038276,0.1308718708891307,-0.4341006887393225,1.3484244149015747]",1.965529725128523,0.034470274871476914,46.0,registered-exact,True,7.0,3.0,2.0,4.0,9.0,7.0,6.0,3.0,2.0,3.0,2.0,one robust OAA round per segment,72.0,branch register all-zero,,64.0,8929008.0,6552.0,-1.0,892927008.0,15631051.0,analytical-model,0.0031622776601683794,opnorm-v1-heisenberg-open-mpf-new-m7,heisenberg_chain,affine-aN-plus-b,7.757400000000001e-06,4.0,8.0,4.0,12.0,True,True,asymptotic-domain,0.1.0,3.11.9,2.5.0,b58b31db18364511c43757e27fffc7abce8df2c1,True,ok,,
1.0,heisenberg_chain:N057,-1.5,commutator,,7.0,55286.0,2.0,a8fa234e-a646-4911-8402-a67c302db4ae,2026-08-12T00:11:58.358108+00:00,c1ad72de628f71283ac69037e9bbe97c3e773952f5abde5eac91397ca322d1a6,resource-grid,heisenberg_chain,Heisenberg-57,"{""coupling"":1.0,""field_z"":0.3}",57,57.0,proportional,1.0,0.03162277660168379,185.10000000000065,225,mpf-j-mizuta2026-theorem6-mizuta2026-commutator-ideal-rigorous,multiproduct,MPF J=Mizuta Theorem 6 (resolved per point) [Mizuta 2026 refined commutator],mizuta2026-commutator-ideal-rigorous,analytical,,7.0,14.0,mizuta2026-theorem6,6.300000000000004,0.02846049894151541,55286.0,55286.0,,37112.0,"[""error""]",162.7687268486465,14.0,,,5.006873042315374e-07,6.368673897451771e-22,5.476205392983094e-31,6.368673891975565e-22,6.368673897451771e-22,5.006873042315382e-07,0.028457925169073063,1.763997603736675e-05,False,0.0015359215792875684,"[1.0000000000000002,1.0000000000000002,1.0000000000000002,1.0000000000000002,1.0000000000000002,1.0000000000000002,1.0000000000000002,1.0000000000000002,1.0000000000000002,1.0000000000000002,1.0000000000000002,1.0000000000000002,1.0000000000000002,1.0000000000000002,1.0000000000000002,1.0000000000000002,1.0000000000000002,1.0000000000000002,1.0000000000000002,1.0000000000000002,1.0000000000000002,1.0000000000000002,1.0000000000000002,1.0000000000000002,1.0000000000000002,1.0000000000000002,1.0000000000000002,1.0000000000000002,1.0000000000000002,1.0000000000000002,1.0000000000000002,1.0000000000000002,1.0000000000000002,1.0000000000000002,1.0000000000000002,1.0000000000000002,1.0000000000000002,1.0000000000000002,1.0000000000000002,1.0000000000000002,1.0000000000000002,1.0000000000000002,1.0000000000000002,1.0000000000000002,1.0000000000000002,1.0000000000000002,1.0000000000000002,1.0000000000000002,1.0000000000000002,1.0000000000000002,1.0000000000000002,1.0000000000000002,1.0000000000000002,1.0000000000000002,1.0000000000000002,1.0000000000000002,1.0000000000000002,1.0000000000000002,1.0000000000000002,1.0000000000000002,1.0000000000000002,1.0000000000000002,1.0000000000000002,1.0000000000000002,1.0000000000000002,1.0000000000000002,1.0000000000000002,1.0000000000000002,1.0000000000000002,1.0000000000000002,1.0000000000000002,1.0000000000000002,1.0000000000000002,1.0000000000000002,1.0000000000000002,1.0000000000000002,1.0000000000000002,1.0000000000000002,1.0000000000000002,1.0000000000000002,1.0000000000000002,1.0000000000000002,1.0000000000000002,1.0000000000000002,1.0000000000000002,1.0000000000000002,1.0000000000000002,1.0000000000000002,1.0000000000000002,1.0000000000000002,1.0000000000000002,1.0000000000000002,1.0000000000000002,1.0000000000000002,1.0000000000000002,1.0000000000000002,1.0000000000000002,1.0000000000000002,1.0000000000000002,1.0000000000000002,1.0000000000000002,1.0000000000000002,1.0000000000000002,1.0000000000000002,1.0000000000000002,1.0000000000000002,1.0000000000000002,1.0000000000000002,1.0000000000000002,1.0000000000000002,1.0000000000000002,1.0000000000000002,1.0000000000000002,1.0000000000000002,1.0000000000000002,1.0000000000000002,1.0000000000000002,1.0000000000000002,1.0000000000000002,1.0000000000000002,1.0000000000000002,1.0000000000000002,1.0000000000000002,1.0000000000000002,1.0000000000000002,1.0000000000000002,1.0000000000000002,1.0000000000000002,1.0000000000000002,1.0000000000000002,1.0000000000000002,1.0000000000000002,1.0000000000000002,1.0000000000000002,1.0000000000000002,1.0000000000000002,1.0000000000000002,1.0000000000000002,1.0000000000000002,1.0000000000000002,1.0000000000000002,1.0000000000000002,1.0000000000000002,1.0000000000000002,1.0000000000000002,1.0000000000000002,1.0000000000000002,1.0000000000000002,1.0000000000000002,1.0000000000000002,1.0000000000000002,1.0000000000000002,1.0000000000000002,1.0000000000000002,1.0000000000000002,1.0000000000000002,1.0000000000000002,1.0000000000000002,1.0000000000000002,1.0000000000000002,1.0000000000000002,1.0000000000000002,1.0000000000000002,1.0000000000000002,1.0000000000000002,1.0000000000000002,1.0000000000000002,1.0000000000000002,1.0000000000000002,1.0000000000000002,1.0000000000000002,1.0000000000000002,1.0000000000000002,1.0000000000000002,1.0000000000000002,1.0000000000000002,1.0000000000000002,1.0000000000000002,1.0000000000000002,1.0000000000000002,1.0000000000000002,1.0000000000000002,1.0000000000000002,1.0000000000000002,1.0000000000000002,1.0000000000000002,1.0000000000000002,1.0000000000000002,1.0000000000000002,1.0000000000000002,1.0000000000000002,1.0000000000000002,1.0000000000000002,1.0000000000000002,1.0000000000000002,1.0000000000000002,1.0000000000000002,1.0000000000000002,1.0000000000000002,1.0000000000000002,1.0000000000000002,1.0000000000000002,1.0000000000000002,1.0000000000000002,1.0000000000000002,1.0000000000000002,1.0000000000000002,1.0000000000000002,1.0000000000000002,1.0000000000000002,1.0000000000000002,1.0000000000000002,1.0000000000000002,1.0000000000000002,1.0000000000000002,1.0000000000000002,1.0000000000000002,1.0000000000000002,1.0000000000000002,1.0000000000000002,1.0000000000000002,1.0000000000000002,1.0000000000000002,1.0000000000000002,1.0000000000000002]",6.300000000000007,3.0,True,exact commutator transition cap reached; locality bound used,not-used,commutator,mizuta2026-commutator-ideal-rigorous,[],7629468.0,,,,0.028457925169073063,3.16716934626503e+38,mizuta2026-commutator-ideal-rigorous,"Mizuta, Quantum 10, 1974 (2026), arXiv:2507.06557v4","Theorem 4, Eqs. (47)--(49), with direct Lemmas 9--10 BCH remainder","{""error_predicate_satisfied"":1.0,""extensiveness_g"":6.300000000000004,""joint_predicate_satisfied"":1.0,""legacy_first_condition_passed"":0.0,""legacy_first_time_limit"":1.763997603736675e-05,""local_commutator_error"":5.006873042315374e-07,""local_step_error"":5.006873042315382e-07,""local_truncated_bch_error"":6.368673897451771e-22,""locality_k"":2.0,""mu_upper"":162.7687268486465,""refined_lemma10_remainder"":6.368673891975565e-22,""refined_lemma9_remainder"":5.476205392983094e-31,""refined_tail_fallback"":0.0,""repeated_global_error"":0.028457925169073063,""schedule_weighted_extensiveness"":6.300000000000007,""second_time_limit"":0.0015359215792875684,""time_2_predicate_satisfied"":1.0,""total_branchwise_bch_remainder"":6.368673897451771e-22,""truncation_order_p0"":14.0}",True,ideal-mpf,True,ordered individual Pauli terms,"[""individual Pauli summands define the ordered H_gamma decomposition"",""the actual Strang factors define schedule-weighted g_alpha extensiveness"",""Lemma 9 and Lemma 10 positive majorants directly certify the BCH remainder"",""the scalar-flow/Cauchy refined tail certificate is used"",""Theorem 4 second time hypothesis is satisfied"",""the repeated ideal MPF is composed with the Eq. (15) telescoping argument""]","exact Pauli recurrence would require 307800 transitions at order 4, above cap 250000; remaining orders use Mizuta 2026 Eq. (8)",14.0,3.0,True,True,"{""2"":1588.800000000002,""3"":26021.760000000057,""4"":34480081.03680006,""5"":3475592168.5094457,""6"":437924613232.18976,""7"":66214201520707.76,""8"":1.1680185148252828e+16,""9"":2.354725325887758e+18,""10"":5.3405170391134274e+20,""11"":1.345810293856585e+23,""12"":3.7305861345704733e+25,""13"":1.1281292470941247e+28,""14"":3.6957514134803366e+30}",repeated-shared-ancilla-good-block,True,False,0.02846049894151541,new,"[1,2,3,4,5,9,22]","[2.9953607852158573e-09,-2.9318124556219793e-05,0.003468573778195489,-0.04863485570038276,0.1308718708891307,-0.4341006887393225,1.3484244149015747]",1.965529725128523,0.034470274871476914,46.0,registered-exact,True,7.0,3.0,2.0,4.0,9.0,7.0,6.0,3.0,2.0,3.0,2.0,one robust OAA round per segment,55286.0,branch register all-zero,,64.0,6856238004.0,5031026.0,-1.0,884474826620.0,12002475606.0,analytical-model,0.0031622776601683794,,,,,,,,,,,,0.1.0,3.11.9,2.5.0,b58b31db18364511c43757e27fffc7abce8df2c1,True,ok,,
1.0,heisenberg_chain:N057,-1.6,commutator,74076.0,,,2.0,a8fa234e-a646-4911-8402-a67c302db4ae,2026-08-12T00:11:58.358108+00:00,c1ad72de628f71283ac69037e9bbe97c3e773952f5abde5eac91397ca322d1a6,resource-grid,heisenberg_chain,Heisenberg-57,"{""coupling"":1.0,""field_z"":0.3}",57,57.0,proportional,1.0,0.025118864315095794,185.10000000000065,225,trotter-p2,trotter,Trotter p=2,analytical,analytical,2.0,,,,,,74076.0,,,,,,,,,,,,,,,,,,,,,,,,,,,,,,individual,225.0,0.022606878446658492,669.839999999999,childs-commutator,"Childs, Su, Tran, Wiebe, and Zhu, arXiv:1912.08854",Propositions 9--10,"{""prefactor"":669.839999999999}",True,implemented-product-formula,True,,"[""the resolved ordered Hamiltonian groups match the implemented formula""]",,,,,,,implemented-product-formula,True,True,0.022606977883586215,,,,,,,,,,,,,,,,,,,1.0,none,0.0,system register,1.0,57.0,33260124.0,0.0,-1.0,3525573144.0,49668452.0,analytical-model,0.0025118864315095794,,,,,,,,,,,,0.1.0,3.11.9,2.5.0,b58b31db18364511c43757e27fffc7abce8df2c1,True,ok,,
1.0,heisenberg_chain:N057,-1.6,empirical,22539.0,,,2.0,a8fa234e-a646-4911-8402-a67c302db4ae,2026-08-12T00:11:58.358108+00:00,c1ad72de628f71283ac69037e9bbe97c3e773952f5abde5eac91397ca322d1a6,resource-grid,heisenberg_chain,Heisenberg-57,"{""coupling"":1.0,""field_z"":0.3}",57,57.0,proportional,1.0,0.025118864315095794,185.10000000000065,225,trotter-p2-empirical,trotter,Trotter p=2 [empirical],empirical-operator-norm,empirical,2.0,,,,,,22539.0,,,,,,,,,,,,,,,,,,,,,,,,,,,,,,individual,225.0,0.02260589879748883,62.0106807611,empirical-operator-norm,Repository empirical operator-norm calibration study v1 (2026-08-10),reviewed calibration opnorm-v1-heisenberg-open-trotter-p2; artifact docs/calibration_data/empirical_1d_v1_accepted.json,"{""prefactor"":62.0106807611}",False,implemented-product-formula,False,,"[""the resolved ordered Hamiltonian groups match the implemented formula"",""the fixed formal-order powers in time and segments apply"",""the reviewed affine size calibration extrapolates as flagged""]",,,,,,,implemented-product-formula,False,False,0.022606977883586215,,,,,,,,,,,,,,,,,,,1.0,none,0.0,system register,1.0,57.0,10120011.0,0.0,-1.0,1022121111.0,15112550.0,analytical-model,0.0025118864315095794,opnorm-v1-heisenberg-open-trotter-p2,heisenberg_chain,affine-aN-plus-b,62.0106807611,4.0,12.0,4.0,12.0,True,True,formula,0.1.0,3.11.9,2.5.0,b58b31db18364511c43757e27fffc7abce8df2c1,True,ok,,
1.0,heisenberg_chain:N057,-1.6,commutator,5655.0,,,2.0,a8fa234e-a646-4911-8402-a67c302db4ae,2026-08-12T00:11:58.358108+00:00,c1ad72de628f71283ac69037e9bbe97c3e773952f5abde5eac91397ca322d1a6,resource-grid,heisenberg_chain,Heisenberg-57,"{""coupling"":1.0,""field_z"":0.3}",57,57.0,proportional,1.0,0.025118864315095794,185.10000000000065,225,trotter-p4,trotter,Trotter p=4,analytical,analytical,4.0,,,,,,5655.0,,,,,,,,,,,,,,,,,,,,,,,,,,,,,,commuting,3.0,0.022606965041799994,38423.63263718384,schubert-mendl-commutator,"Schubert and Mendl, arXiv:2306.10603",Theorem 1,"{""prefactor"":38423.63263718384}",True,implemented-product-formula,True,,"[""the resolved ordered Hamiltonian groups match the implemented formula""]",,,,,,,implemented-product-formula,True,True,0.022606977883586215,,,,,,,,,,,,,,,,,,,1.0,none,0.0,system register,1.0,57.0,11168625.0,0.0,-1.0,1139199750.0,16678480.0,analytical-model,0.0025118864315095794,,,,,,,,,,,,0.1.0,3.11.9,2.5.0,b58b31db18364511c43757e27fffc7abce8df2c1,True,ok,,
1.0,heisenberg_chain:N057,-1.6,empirical,802.0,,,2.0,a8fa234e-a646-4911-8402-a67c302db4ae,2026-08-12T00:11:58.358108+00:00,c1ad72de628f71283ac69037e9bbe97c3e773952f5abde5eac91397ca322d1a6,resource-grid,heisenberg_chain,Heisenberg-57,"{""coupling"":1.0,""field_z"":0.3}",57,57.0,proportional,1.0,0.025118864315095794,185.10000000000065,225,trotter-p4-empirical,trotter,Trotter p=4 [empirical],empirical-operator-norm,empirical,4.0,,,,,,802.0,,,,,,,,,,,,,,,,,,,,,,,,,,,,,,commuting,3.0,0.022573946769948745,15.521392859299997,empirical-operator-norm,Repository empirical operator-norm calibration study v1 (2026-08-10),reviewed calibration opnorm-v1-heisenberg-open-trotter-p4; artifact docs/calibration_data/empirical_1d_v1_accepted.json,"{""prefactor"":15.521392859299997}",False,implemented-product-formula,False,,"[""the resolved ordered Hamiltonian groups match the implemented formula"",""the fixed formal-order powers in time and segments apply"",""the reviewed affine size calibration extrapolates as flagged""]",,,,,,,implemented-product-formula,False,False,0.022606977883586215,,,,,,,,,,,,,,,,,,,1.0,none,0.0,system register,1.0,57.0,1583950.0,0.0,-1.0,147307350.0,2365366.0,analytical-model,0.0025118864315095794,opnorm-v1-heisenberg-open-trotter-p4,heisenberg_chain,affine-aN-plus-b,15.521392859299997,4.0,12.0,4.0,12.0,True,True,formula,0.1.0,3.11.9,2.5.0,b58b31db18364511c43757e27fffc7abce8df2c1,True,ok,,
1.0,heisenberg_chain:N057,-1.6,commutator,3282.0,,,2.0,a8fa234e-a646-4911-8402-a67c302db4ae,2026-08-12T00:11:58.358108+00:00,c1ad72de628f71283ac69037e9bbe97c3e773952f5abde5eac91397ca322d1a6,resource-grid,heisenberg_chain,Heisenberg-57,"{""coupling"":1.0,""field_z"":0.3}",57,57.0,proportional,1.0,0.025118864315095794,185.10000000000065,225,trotter-p6,trotter,Trotter p=6,analytical,analytical,6.0,,,,,,3282.0,,,,,,,,,,,,,,,,,,,,,,,,,,,,,,commuting,3.0,0.0225754685220829,14432588.951672671,schubert-mendl-commutator,"Schubert and Mendl, arXiv:2306.10603",Theorem 1,"{""prefactor"":14432588.951672671}",True,implemented-product-formula,True,,"[""the resolved ordered Hamiltonian groups match the implemented formula""]",,,,,,,implemented-product-formula,True,True,0.022606977883586215,,,,,,,,,,,,,,,,,,,1.0,none,0.0,system register,1.0,57.0,32409750.0,0.0,-1.0,3435433500.0,48398560.0,analytical-model,0.0025118864315095794,,,,,,,,,,,,0.1.0,3.11.9,2.5.0,b58b31db18364511c43757e27fffc7abce8df2c1,True,ok,,
1.0,heisenberg_chain:N057,-1.6,empirical,342.0,,,2.0,a8fa234e-a646-4911-8402-a67c302db4ae,2026-08-12T00:11:58.358108+00:00,c1ad72de628f71283ac69037e9bbe97c3e773952f5abde5eac91397ca322d1a6,resource-grid,heisenberg_chain,Heisenberg-57,"{""coupling"":1.0,""field_z"":0.3}",57,57.0,proportional,1.0,0.025118864315095794,185.10000000000065,225,trotter-p6-empirical,trotter,Trotter p=6 [empirical],empirical-operator-norm,empirical,6.0,,,,,,342.0,,,,,,,,,,,,,,,,,,,,,,,,,,,,,,commuting,3.0,0.00027534962853652305,0.225380917,empirical-operator-norm,Repository empirical operator-norm calibration study v1 (2026-08-10),reviewed calibration opnorm-v1-heisenberg-open-trotter-p6; artifact docs/calibration_data/empirical_1d_v1_accepted.json,"{""prefactor"":0.225380917}",False,implemented-product-formula,False,,"[""the resolved ordered Hamiltonian groups match the implemented formula"",""the fixed formal-order powers in time and segments apply"",""the reviewed affine size calibration extrapolates as flagged""]",,,,,,,implemented-product-formula,False,False,0.022606977883586215,,,,,,,,,,,,,,,,,,,1.0,none,0.0,system register,1.0,57.0,3377250.0,0.0,-1.0,324216000.0,5043360.0,analytical-model,0.0025118864315095794,opnorm-v1-heisenberg-open-trotter-p6,heisenberg_chain,affine-aN-plus-b,0.225380917,4.0,12.0,4.0,12.0,True,True,asymptotic-domain,0.1.0,3.11.9,2.5.0,b58b31db18364511c43757e27fffc7abce8df2c1,True,ok,,
1.0,heisenberg_chain:N057,-1.6,jacobi-anger,,,,2.0,a8fa234e-a646-4911-8402-a67c302db4ae,2026-08-12T00:11:58.358108+00:00,c1ad72de628f71283ac69037e9bbe97c3e773952f5abde5eac91397ca322d1a6,resource-grid,heisenberg_chain,Heisenberg-57,"{""coupling"":1.0,""field_z"":0.3}",57,57.0,proportional,1.0,0.025118864315095794,185.10000000000065,225,qsvt,qsvt,QSVT,jacobi-anger-rigorous,analytical,,,,,,,,,,,,,,,,,,,,,,,,,,,,,,,,,,,86043.0,14341.0,,,0.005459322093973824,,jacobi-anger-polynomial-oaa,"Martyn et al., arXiv:2105.02859, Eqs. (76)--(77)",Jacobi--Anger tails plus exact cubic OAA identity,"{""oaa-unitarity-defect-distortion"":0.002735231602385155,""scaled-polynomial-error"":0.0027240904915886693}",True,ideal-qsvt-oaa-good-block,True,,"[""the cosine and sine polynomials are implemented exactly"",""the unamplified good block is exactly Q/2""]",,,,,,,implemented-qsvt-floating-phase-circuit,False,False,0.022606977883586215,,,,,,,,,,,,,,,,,,,2.0,one robust OAA round,1.0,"component, quadrature, and index registers all-zero",,75.0,44054028.0,156426300.0,-1.0,5383540224.0,1016082543.0,analytical-model,0.0025118864315095794,,,,,,,,,,,,0.1.0,3.11.9,2.5.0,b58b31db18364511c43757e27fffc7abce8df2c1,True,ok,,
1.0,heisenberg_chain:N057,-1.6,empirical,,7.0,72.0,2.0,a8fa234e-a646-4911-8402-a67c302db4ae,2026-08-12T00:11:58.358108+00:00,c1ad72de628f71283ac69037e9bbe97c3e773952f5abde5eac91397ca322d1a6,resource-grid,heisenberg_chain,Heisenberg-57,"{""coupling"":1.0,""field_z"":0.3}",57,57.0,proportional,1.0,0.025118864315095794,185.10000000000065,225,mpf-j-mizuta2026-theorem6-empirical-operator-norm,multiproduct,MPF J=Mizuta Theorem 6 (resolved per point) [empirical operator norm],empirical-operator-norm,empirical,,7.0,14.0,mizuta2026-theorem6,6.300000000000004,0.022606977883586215,72.0,,,,[],,,,,,,,,,,,,,,[],,,,,,,empirical-operator-norm,[],9936.0,,,,1.679515711352015e-05,7.757400000000001e-06,empirical-operator-norm,Repository empirical operator-norm calibration study v1 (2026-08-10),reviewed calibration opnorm-v1-heisenberg-open-mpf-new-m7; fixed formal powers,"{""empirical_coefficient"":7.757400000000001e-06}",False,ideal-mpf,False,ordered individual Pauli terms,"[""the fixed formal-order powers in time and segments apply"",""the empirical estimate concerns the repeated ideal MPF operator"",""the reviewed affine size calibration extrapolates as flagged""]",,0.0,0.0,False,False,{},repeated-shared-ancilla-good-block,False,False,0.022606977883586215,new,"[1,2,3,4,5,9,22]","[2.9953607852158573e-09,-2.9318124556219793e-05,0.003468573778195489,-0.04863485570038276,0.1308718708891307,-0.4341006887393225,1.3484244149015747]",1.965529725128523,0.034470274871476914,46.0,registered-exact,True,7.0,3.0,2.0,4.0,9.0,7.0,6.0,3.0,2.0,3.0,2.0,one robust OAA round per segment,72.0,branch register all-zero,,64.0,8929008.0,6552.0,-1.0,901856016.0,15631051.0,analytical-model,0.0025118864315095794,opnorm-v1-heisenberg-open-mpf-new-m7,heisenberg_chain,affine-aN-plus-b,7.757400000000001e-06,4.0,8.0,4.0,12.0,True,True,asymptotic-domain,0.1.0,3.11.9,2.5.0,b58b31db18364511c43757e27fffc7abce8df2c1,True,ok,,
1.0,heisenberg_chain:N057,-1.6,commutator,,7.0,56181.0,2.0,a8fa234e-a646-4911-8402-a67c302db4ae,2026-08-12T00:11:58.358108+00:00,c1ad72de628f71283ac69037e9bbe97c3e773952f5abde5eac91397ca322d1a6,resource-grid,heisenberg_chain,Heisenberg-57,"{""coupling"":1.0,""field_z"":0.3}",57,57.0,proportional,1.0,0.025118864315095794,185.10000000000065,225,mpf-j-mizuta2026-theorem6-mizuta2026-commutator-ideal-rigorous,multiproduct,MPF J=Mizuta Theorem 6 (resolved per point) [Mizuta 2026 refined commutator],mizuta2026-commutator-ideal-rigorous,analytical,,7.0,14.0,mizuta2026-theorem6,6.300000000000004,0.022606977883586215,56181.0,56181.0,,37112.0,"[""error""]",162.7687268486465,14.0,,,3.9350671010493273e-07,4.997000603381896e-22,4.302475389166703e-31,4.997000599079419e-22,4.997000603381896e-22,3.9350671010493326e-07,0.022601780020906195,1.763997603736675e-05,False,0.0015359215792875684,"[1.0000000000000002,1.0000000000000002,1.0000000000000002,1.0000000000000002,1.0000000000000002,1.0000000000000002,1.0000000000000002,1.0000000000000002,1.0000000000000002,1.0000000000000002,1.0000000000000002,1.0000000000000002,1.0000000000000002,1.0000000000000002,1.0000000000000002,1.0000000000000002,1.0000000000000002,1.0000000000000002,1.0000000000000002,1.0000000000000002,1.0000000000000002,1.0000000000000002,1.0000000000000002,1.0000000000000002,1.0000000000000002,1.0000000000000002,1.0000000000000002,1.0000000000000002,1.0000000000000002,1.0000000000000002,1.0000000000000002,1.0000000000000002,1.0000000000000002,1.0000000000000002,1.0000000000000002,1.0000000000000002,1.0000000000000002,1.0000000000000002,1.0000000000000002,1.0000000000000002,1.0000000000000002,1.0000000000000002,1.0000000000000002,1.0000000000000002,1.0000000000000002,1.0000000000000002,1.0000000000000002,1.0000000000000002,1.0000000000000002,1.0000000000000002,1.0000000000000002,1.0000000000000002,1.0000000000000002,1.0000000000000002,1.0000000000000002,1.0000000000000002,1.0000000000000002,1.0000000000000002,1.0000000000000002,1.0000000000000002,1.0000000000000002,1.0000000000000002,1.0000000000000002,1.0000000000000002,1.0000000000000002,1.0000000000000002,1.0000000000000002,1.0000000000000002,1.0000000000000002,1.0000000000000002,1.0000000000000002,1.0000000000000002,1.0000000000000002,1.0000000000000002,1.0000000000000002,1.0000000000000002,1.0000000000000002,1.0000000000000002,1.0000000000000002,1.0000000000000002,1.0000000000000002,1.0000000000000002,1.0000000000000002,1.0000000000000002,1.0000000000000002,1.0000000000000002,1.0000000000000002,1.0000000000000002,1.0000000000000002,1.0000000000000002,1.0000000000000002,1.0000000000000002,1.0000000000000002,1.0000000000000002,1.0000000000000002,1.0000000000000002,1.0000000000000002,1.0000000000000002,1.0000000000000002,1.0000000000000002,1.0000000000000002,1.0000000000000002,1.0000000000000002,1.0000000000000002,1.0000000000000002,1.0000000000000002,1.0000000000000002,1.0000000000000002,1.0000000000000002,1.0000000000000002,1.0000000000000002,1.0000000000000002,1.0000000000000002,1.0000000000000002,1.0000000000000002,1.0000000000000002,1.0000000000000002,1.0000000000000002,1.0000000000000002,1.0000000000000002,1.0000000000000002,1.0000000000000002,1.0000000000000002,1.0000000000000002,1.0000000000000002,1.0000000000000002,1.0000000000000002,1.0000000000000002,1.0000000000000002,1.0000000000000002,1.0000000000000002,1.0000000000000002,1.0000000000000002,1.0000000000000002,1.0000000000000002,1.0000000000000002,1.0000000000000002,1.0000000000000002,1.0000000000000002,1.0000000000000002,1.0000000000000002,1.0000000000000002,1.0000000000000002,1.0000000000000002,1.0000000000000002,1.0000000000000002,1.0000000000000002,1.0000000000000002,1.0000000000000002,1.0000000000000002,1.0000000000000002,1.0000000000000002,1.0000000000000002,1.0000000000000002,1.0000000000000002,1.0000000000000002,1.0000000000000002,1.0000000000000002,1.0000000000000002,1.0000000000000002,1.0000000000000002,1.0000000000000002,1.0000000000000002,1.0000000000000002,1.0000000000000002,1.0000000000000002,1.0000000000000002,1.0000000000000002,1.0000000000000002,1.0000000000000002,1.0000000000000002,1.0000000000000002,1.0000000000000002,1.0000000000000002,1.0000000000000002,1.0000000000000002,1.0000000000000002,1.0000000000000002,1.0000000000000002,1.0000000000000002,1.0000000000000002,1.0000000000000002,1.0000000000000002,1.0000000000000002,1.0000000000000002,1.0000000000000002,1.0000000000000002,1.0000000000000002,1.0000000000000002,1.0000000000000002,1.0000000000000002,1.0000000000000002,1.0000000000000002,1.0000000000000002,1.0000000000000002,1.0000000000000002,1.0000000000000002,1.0000000000000002,1.0000000000000002,1.0000000000000002,1.0000000000000002,1.0000000000000002,1.0000000000000002,1.0000000000000002,1.0000000000000002,1.0000000000000002,1.0000000000000002,1.0000000000000002,1.0000000000000002,1.0000000000000002,1.0000000000000002,1.0000000000000002,1.0000000000000002,1.0000000000000002,1.0000000000000002,1.0000000000000002,1.0000000000000002,1.0000000000000002,1.0000000000000002,1.0000000000000002,1.0000000000000002,1.0000000000000002,1.0000000000000002,1.0000000000000002,1.0000000000000002]",6.300000000000007,3.0,True,exact commutator transition cap reached; locality bound used,not-used,commutator,mizuta2026-commutator-ideal-rigorous,[],7752978.0,,,,0.022601780020906195,3.16716934626503e+38,mizuta2026-commutator-ideal-rigorous,"Mizuta, Quantum 10, 1974 (2026), arXiv:2507.06557v4","Theorem 4, Eqs. (47)--(49), with direct Lemmas 9--10 BCH remainder","{""error_predicate_satisfied"":1.0,""extensiveness_g"":6.300000000000004,""joint_predicate_satisfied"":1.0,""legacy_first_condition_passed"":0.0,""legacy_first_time_limit"":1.763997603736675e-05,""local_commutator_error"":3.9350671010493273e-07,""local_step_error"":3.9350671010493326e-07,""local_truncated_bch_error"":4.997000603381896e-22,""locality_k"":2.0,""mu_upper"":162.7687268486465,""refined_lemma10_remainder"":4.997000599079419e-22,""refined_lemma9_remainder"":4.302475389166703e-31,""refined_tail_fallback"":0.0,""repeated_global_error"":0.022601780020906195,""schedule_weighted_extensiveness"":6.300000000000007,""second_time_limit"":0.0015359215792875684,""time_2_predicate_satisfied"":1.0,""total_branchwise_bch_remainder"":4.997000603381896e-22,""truncation_order_p0"":14.0}",True,ideal-mpf,True,ordered individual Pauli terms,"[""individual Pauli summands define the ordered H_gamma decomposition"",""the actual Strang factors define schedule-weighted g_alpha extensiveness"",""Lemma 9 and Lemma 10 positive majorants directly certify the BCH remainder"",""the scalar-flow/Cauchy refined tail certificate is used"",""Theorem 4 second time hypothesis is satisfied"",""the repeated ideal MPF is composed with the Eq. (15) telescoping argument""]","exact Pauli recurrence would require 307800 transitions at order 4, above cap 250000; remaining orders use Mizuta 2026 Eq. (8)",14.0,3.0,True,True,"{""2"":1588.800000000002,""3"":26021.760000000057,""4"":34480081.03680006,""5"":3475592168.5094457,""6"":437924613232.18976,""7"":66214201520707.76,""8"":1.1680185148252828e+16,""9"":2.354725325887758e+18,""10"":5.3405170391134274e+20,""11"":1.345810293856585e+23,""12"":3.7305861345704733e+25,""13"":1.1281292470941247e+28,""14"":3.6957514134803366e+30}",repeated-shared-ancilla-good-block,True,False,0.022606977883586215,new,"[1,2,3,4,5,9,22]","[2.9953607852158573e-09,-2.9318124556219793e-05,0.003468573778195489,-0.04863485570038276,0.1308718708891307,-0.4341006887393225,1.3484244149015747]",1.965529725128523,0.034470274871476914,46.0,registered-exact,True,7.0,3.0,2.0,4.0,9.0,7.0,6.0,3.0,2.0,3.0,2.0,one robust OAA round per segment,56181.0,branch register all-zero,,64.0,6967230534.0,5112471.0,-1.0,905760419304.0,12196778244.0,analytical-model,0.0025118864315095794,,,,,,,,,,,,0.1.0,3.11.9,2.5.0,b58b31db18364511c43757e27fffc7abce8df2c1,True,ok,,
1.0,heisenberg_chain:N057,-1.7,commutator,83115.0,,,2.0,a8fa234e-a646-4911-8402-a67c302db4ae,2026-08-12T00:11:58.358108+00:00,c1ad72de628f71283ac69037e9bbe97c3e773952f5abde5eac91397ca322d1a6,resource-grid,heisenberg_chain,Heisenberg-57,"{""coupling"":1.0,""field_z"":0.3}",57,57.0,proportional,1.0,0.0199526231496888,185.10000000000065,225,trotter-p2,trotter,Trotter p=2,analytical,analytical,2.0,,,,,,83115.0,,,,,,,,,,,,,,,,,,,,,,,,,,,,,,individual,225.0,0.01795712586793314,669.839999999999,childs-commutator,"Childs, Su, Tran, Wiebe, and Zhu, arXiv:1912.08854",Propositions 9--10,"{""prefactor"":669.839999999999}",True,implemented-product-formula,True,,"[""the resolved ordered Hamiltonian groups match the implemented formula""]",,,,,,,implemented-product-formula,True,True,0.01795736083471992,,,,,,,,,,,,,,,,,,,1.0,none,0.0,system register,1.0,57.0,37318635.0,0.0,-1.0,4030412580.0,55729162.0,analytical-model,0.00199526231496888,,,,,,,,,,,,0.1.0,3.11.9,2.5.0,b58b31db18364511c43757e27fffc7abce8df2c1,True,ok,,
1.0,heisenberg_chain:N057,-1.7,empirical,25289.0,,,2.0,a8fa234e-a646-4911-8402-a67c302db4ae,2026-08-12T00:11:58.358108+00:00,c1ad72de628f71283ac69037e9bbe97c3e773952f5abde5eac91397ca322d1a6,resource-grid,heisenberg_chain,Heisenberg-57,"{""coupling"":1.0,""field_z"":0.3}",57,57.0,proportional,1.0,0.0199526231496888,185.10000000000065,225,trotter-p2-empirical,trotter,Trotter p=2 [empirical],empirical-operator-norm,empirical,2.0,,,,,,25289.0,,,,,,,,,,,,,,,,,,,,,,,,,,,,,,individual,225.0,0.01795675070203301,62.0106807611,empirical-operator-norm,Repository empirical operator-norm calibration study v1 (2026-08-10),reviewed calibration opnorm-v1-heisenberg-open-trotter-p2; artifact docs/calibration_data/empirical_1d_v1_accepted.json,"{""prefactor"":62.0106807611}",False,implemented-product-formula,False,,"[""the resolved ordered Hamiltonian groups match the implemented formula"",""the fixed formal-order powers in time and segments apply"",""the reviewed affine size calibration extrapolates as flagged""]",,,,,,,implemented-product-formula,False,False,0.01795736083471992,,,,,,,,,,,,,,,,,,,1.0,none,0.0,system register,1.0,57.0,11354761.0,0.0,-1.0,1169540383.0,16956444.0,analytical-model,0.00199526231496888,opnorm-v1-heisenberg-open-trotter-p2,heisenberg_chain,affine-aN-plus-b,62.0106807611,4.0,12.0,4.0,12.0,True,True,formula,0.1.0,3.11.9,2.5.0,b58b31db18364511c43757e27fffc7abce8df2c1,True,ok,,
1.0,heisenberg_chain:N057,-1.7,commutator,5991.0,,,2.0,a8fa234e-a646-4911-8402-a67c302db4ae,2026-08-12T00:11:58.358108+00:00,c1ad72de628f71283ac69037e9bbe97c3e773952f5abde5eac91397ca322d1a6,resource-grid,heisenberg_chain,Heisenberg-57,"{""coupling"":1.0,""field_z"":0.3}",57,57.0,proportional,1.0,0.0199526231496888,185.10000000000065,225,trotter-p4,trotter,Trotter p=4,analytical,analytical,4.0,,,,,,5991.0,,,,,,,,,,,,,,,,,,,,,,,,,,,,,,commuting,3.0,0.01794632058083507,38423.63263718384,schubert-mendl-commutator,"Schubert and Mendl, arXiv:2306.10603",Theorem 1,"{""prefactor"":38423.63263718384}",True,implemented-product-formula,True,,"[""the resolved ordered Hamiltonian groups match the implemented formula""]",,,,,,,implemented-product-formula,True,True,0.01795736083471992,,,,,,,,,,,,,,,,,,,1.0,none,0.0,system register,1.0,57.0,11832225.0,0.0,-1.0,1218719175.0,17669456.0,analytical-model,0.00199526231496888,,,,,,,,,,,,0.1.0,3.11.9,2.5.0,b58b31db18364511c43757e27fffc7abce8df2c1,True,ok,,
1.0,heisenberg_chain:N057,-1.7,empirical,850.0,,,2.0,a8fa234e-a646-4911-8402-a67c302db4ae,2026-08-12T00:11:58.358108+00:00,c1ad72de628f71283ac69037e9bbe97c3e773952f5abde5eac91397ca322d1a6,resource-grid,heisenberg_chain,Heisenberg-57,"{""coupling"":1.0,""field_z"":0.3}",57,57.0,proportional,1.0,0.0199526231496888,185.10000000000065,225,trotter-p4-empirical,trotter,Trotter p=4 [empirical],empirical-operator-norm,empirical,4.0,,,,,,850.0,,,,,,,,,,,,,,,,,,,,,,,,,,,,,,commuting,3.0,0.01789077965449133,15.521392859299997,empirical-operator-norm,Repository empirical operator-norm calibration study v1 (2026-08-10),reviewed calibration opnorm-v1-heisenberg-open-trotter-p4; artifact docs/calibration_data/empirical_1d_v1_accepted.json,"{""prefactor"":15.521392859299997}",False,implemented-product-formula,False,,"[""the resolved ordered Hamiltonian groups match the implemented formula"",""the fixed formal-order powers in time and segments apply"",""the reviewed affine size calibration extrapolates as flagged""]",,,,,,,implemented-product-formula,False,False,0.01795736083471992,,,,,,,,,,,,,,,,,,,1.0,none,0.0,system register,1.0,57.0,1678750.0,0.0,-1.0,157802500.0,2506934.0,analytical-model,0.00199526231496888,opnorm-v1-heisenberg-open-trotter-p4,heisenberg_chain,affine-aN-plus-b,15.521392859299997,4.0,12.0,4.0,12.0,True,True,formula,0.1.0,3.11.9,2.5.0,b58b31db18364511c43757e27fffc7abce8df2c1,True,ok,,
1.0,heisenberg_chain:N057,-1.7,commutator,3410.0,,,2.0,a8fa234e-a646-4911-8402-a67c302db4ae,2026-08-12T00:11:58.358108+00:00,c1ad72de628f71283ac69037e9bbe97c3e773952f5abde5eac91397ca322d1a6,resource-grid,heisenberg_chain,Heisenberg-57,"{""coupling"":1.0,""field_z"":0.3}",57,57.0,proportional,1.0,0.0199526231496888,185.10000000000065,225,trotter-p6,trotter,Trotter p=6,analytical,analytical,6.0,,,,,,3410.0,,,,,,,,,,,,,,,,,,,,,,,,,,,,,,commuting,3.0,0.01794493785202473,14432588.951672671,schubert-mendl-commutator,"Schubert and Mendl, arXiv:2306.10603",Theorem 1,"{""prefactor"":14432588.951672671}",True,implemented-product-formula,True,,"[""the resolved ordered Hamiltonian groups match the implemented formula""]",,,,,,,implemented-product-formula,True,True,0.01795736083471992,,,,,,,,,,,,,,,,,,,1.0,none,0.0,system register,1.0,57.0,33673750.0,0.0,-1.0,3636765000.0,50286134.0,analytical-model,0.00199526231496888,,,,,,,,,,,,0.1.0,3.11.9,2.5.0,b58b31db18364511c43757e27fffc7abce8df2c1,True,ok,,
1.0,heisenberg_chain:N057,-1.7,empirical,342.0,,,2.0,a8fa234e-a646-4911-8402-a67c302db4ae,2026-08-12T00:11:58.358108+00:00,c1ad72de628f71283ac69037e9bbe97c3e773952f5abde5eac91397ca322d1a6,resource-grid,heisenberg_chain,Heisenberg-57,"{""coupling"":1.0,""field_z"":0.3}",57,57.0,proportional,1.0,0.0199526231496888,185.10000000000065,225,trotter-p6-empirical,trotter,Trotter p=6 [empirical],empirical-operator-norm,empirical,6.0,,,,,,342.0,,,,,,,,,,,,,,,,,,,,,,,,,,,,,,commuting,3.0,0.00027534962853652305,0.225380917,empirical-operator-norm,Repository empirical operator-norm calibration study v1 (2026-08-10),reviewed calibration opnorm-v1-heisenberg-open-trotter-p6; artifact docs/calibration_data/empirical_1d_v1_accepted.json,"{""prefactor"":0.225380917}",False,implemented-product-formula,False,,"[""the resolved ordered Hamiltonian groups match the implemented formula"",""the fixed formal-order powers in time and segments apply"",""the reviewed affine size calibration extrapolates as flagged""]",,,,,,,implemented-product-formula,False,False,0.01795736083471992,,,,,,,,,,,,,,,,,,,1.0,none,0.0,system register,1.0,57.0,3377250.0,0.0,-1.0,327593250.0,5043360.0,analytical-model,0.00199526231496888,opnorm-v1-heisenberg-open-trotter-p6,heisenberg_chain,affine-aN-plus-b,0.225380917,4.0,12.0,4.0,12.0,True,True,asymptotic-domain,0.1.0,3.11.9,2.5.0,b58b31db18364511c43757e27fffc7abce8df2c1,True,ok,,
1.0,heisenberg_chain:N057,-1.7,jacobi-anger,,,,2.0,a8fa234e-a646-4911-8402-a67c302db4ae,2026-08-12T00:11:58.358108+00:00,c1ad72de628f71283ac69037e9bbe97c3e773952f5abde5eac91397ca322d1a6,resource-grid,heisenberg_chain,Heisenberg-57,"{""coupling"":1.0,""field_z"":0.3}",57,57.0,proportional,1.0,0.0199526231496888,185.10000000000065,225,qsvt,qsvt,QSVT,jacobi-anger-rigorous,analytical,,,,,,,,,,,,,,,,,,,,,,,,,,,,,,,,,,,86055.0,14343.0,,,0.0023946817288671035,,jacobi-anger-polynomial-oaa,"Martyn et al., arXiv:2105.02859, Eqs. (76)--(77)",Jacobi--Anger tails plus exact cubic OAA identity,"{""oaa-unitarity-defect-distortion"":0.0011984145837265034,""scaled-polynomial-error"":0.0011962671451406}",True,ideal-qsvt-oaa-good-block,True,,"[""the cosine and sine polynomials are implemented exactly"",""the unamplified good block is exactly Q/2""]",,,,,,,implemented-qsvt-floating-phase-circuit,False,False,0.01795736083471992,,,,,,,,,,,,,,,,,,,2.0,one robust OAA round,1.0,"component, quadrature, and index registers all-zero",,75.0,44060172.0,156448116.0,-1.0,5428351212.0,1016224251.0,analytical-model,0.00199526231496888,,,,,,,,,,,,0.1.0,3.11.9,2.5.0,b58b31db18364511c43757e27fffc7abce8df2c1,True,ok,,
1.0,heisenberg_chain:N057,-1.7,empirical,,7.0,72.0,2.0,a8fa234e-a646-4911-8402-a67c302db4ae,2026-08-12T00:11:58.358108+00:00,c1ad72de628f71283ac69037e9bbe97c3e773952f5abde5eac91397ca322d1a6,resource-grid,heisenberg_chain,Heisenberg-57,"{""coupling"":1.0,""field_z"":0.3}",57,57.0,proportional,1.0,0.0199526231496888,185.10000000000065,225,mpf-j-mizuta2026-theorem6-empirical-operator-norm,multiproduct,MPF J=Mizuta Theorem 6 (resolved per point) [empirical operator norm],empirical-operator-norm,empirical,,7.0,14.0,mizuta2026-theorem6,6.300000000000004,0.01795736083471992,72.0,,,,[],,,,,,,,,,,,,,,[],,,,,,,empirical-operator-norm,[],9936.0,,,,1.679515711352015e-05,7.757400000000001e-06,empirical-operator-norm,Repository empirical operator-norm calibration study v1 (2026-08-10),reviewed calibration opnorm-v1-heisenberg-open-mpf-new-m7; fixed formal powers,"{""empirical_coefficient"":7.757400000000001e-06}",False,ideal-mpf,False,ordered individual Pauli terms,"[""the fixed formal-order powers in time and segments apply"",""the empirical estimate concerns the repeated ideal MPF operator"",""the reviewed affine size calibration extrapolates as flagged""]",,0.0,0.0,False,False,{},repeated-shared-ancilla-good-block,False,False,0.01795736083471992,new,"[1,2,3,4,5,9,22]","[2.9953607852158573e-09,-2.9318124556219793e-05,0.003468573778195489,-0.04863485570038276,0.1308718708891307,-0.4341006887393225,1.3484244149015747]",1.965529725128523,0.034470274871476914,46.0,registered-exact,True,7.0,3.0,2.0,4.0,9.0,7.0,6.0,3.0,2.0,3.0,2.0,one robust OAA round per segment,72.0,branch register all-zero,,64.0,8929008.0,6552.0,-1.0,910785024.0,15631051.0,analytical-model,0.00199526231496888,opnorm-v1-heisenberg-open-mpf-new-m7,heisenberg_chain,affine-aN-plus-b,7.757400000000001e-06,4.0,8.0,4.0,12.0,True,True,asymptotic-domain,0.1.0,3.11.9,2.5.0,b58b31db18364511c43757e27fffc7abce8df2c1,True,ok,,
1.0,heisenberg_chain:N057,-1.7,commutator,,7.0,57094.0,2.0,a8fa234e-a646-4911-8402-a67c302db4ae,2026-08-12T00:11:58.358108+00:00,c1ad72de628f71283ac69037e9bbe97c3e773952f5abde5eac91397ca322d1a6,resource-grid,heisenberg_chain,Heisenberg-57,"{""coupling"":1.0,""field_z"":0.3}",57,57.0,proportional,1.0,0.0199526231496888,185.10000000000065,225,mpf-j-mizuta2026-theorem6-mizuta2026-commutator-ideal-rigorous,multiproduct,MPF J=Mizuta Theorem 6 (resolved per point) [Mizuta 2026 refined commutator],mizuta2026-commutator-ideal-rigorous,analytical,,7.0,14.0,mizuta2026-theorem6,6.300000000000004,0.01795736083471992,57094.0,57094.0,,37112.0,"[""error""]",162.7687268486465,14.0,,,3.0898476046471696e-07,3.917230277263866e-22,3.377211585830362e-31,3.9172302738866537e-22,3.917230277263866e-22,3.089847604647174e-07,0.017955142683070982,1.763997603736675e-05,False,0.0015359215792875684,"[1.0000000000000002,1.0000000000000002,1.0000000000000002,1.0000000000000002,1.0000000000000002,1.0000000000000002,1.0000000000000002,1.0000000000000002,1.0000000000000002,1.0000000000000002,1.0000000000000002,1.0000000000000002,1.0000000000000002,1.0000000000000002,1.0000000000000002,1.0000000000000002,1.0000000000000002,1.0000000000000002,1.0000000000000002,1.0000000000000002,1.0000000000000002,1.0000000000000002,1.0000000000000002,1.0000000000000002,1.0000000000000002,1.0000000000000002,1.0000000000000002,1.0000000000000002,1.0000000000000002,1.0000000000000002,1.0000000000000002,1.0000000000000002,1.0000000000000002,1.0000000000000002,1.0000000000000002,1.0000000000000002,1.0000000000000002,1.0000000000000002,1.0000000000000002,1.0000000000000002,1.0000000000000002,1.0000000000000002,1.0000000000000002,1.0000000000000002,1.0000000000000002,1.0000000000000002,1.0000000000000002,1.0000000000000002,1.0000000000000002,1.0000000000000002,1.0000000000000002,1.0000000000000002,1.0000000000000002,1.0000000000000002,1.0000000000000002,1.0000000000000002,1.0000000000000002,1.0000000000000002,1.0000000000000002,1.0000000000000002,1.0000000000000002,1.0000000000000002,1.0000000000000002,1.0000000000000002,1.0000000000000002,1.0000000000000002,1.0000000000000002,1.0000000000000002,1.0000000000000002,1.0000000000000002,1.0000000000000002,1.0000000000000002,1.0000000000000002,1.0000000000000002,1.0000000000000002,1.0000000000000002,1.0000000000000002,1.0000000000000002,1.0000000000000002,1.0000000000000002,1.0000000000000002,1.0000000000000002,1.0000000000000002,1.0000000000000002,1.0000000000000002,1.0000000000000002,1.0000000000000002,1.0000000000000002,1.0000000000000002,1.0000000000000002,1.0000000000000002,1.0000000000000002,1.0000000000000002,1.0000000000000002,1.0000000000000002,1.0000000000000002,1.0000000000000002,1.0000000000000002,1.0000000000000002,1.0000000000000002,1.0000000000000002,1.0000000000000002,1.0000000000000002,1.0000000000000002,1.0000000000000002,1.0000000000000002,1.0000000000000002,1.0000000000000002,1.0000000000000002,1.0000000000000002,1.0000000000000002,1.0000000000000002,1.0000000000000002,1.0000000000000002,1.0000000000000002,1.0000000000000002,1.0000000000000002,1.0000000000000002,1.0000000000000002,1.0000000000000002,1.0000000000000002,1.0000000000000002,1.0000000000000002,1.0000000000000002,1.0000000000000002,1.0000000000000002,1.0000000000000002,1.0000000000000002,1.0000000000000002,1.0000000000000002,1.0000000000000002,1.0000000000000002,1.0000000000000002,1.0000000000000002,1.0000000000000002,1.0000000000000002,1.0000000000000002,1.0000000000000002,1.0000000000000002,1.0000000000000002,1.0000000000000002,1.0000000000000002,1.0000000000000002,1.0000000000000002,1.0000000000000002,1.0000000000000002,1.0000000000000002,1.0000000000000002,1.0000000000000002,1.0000000000000002,1.0000000000000002,1.0000000000000002,1.0000000000000002,1.0000000000000002,1.0000000000000002,1.0000000000000002,1.0000000000000002,1.0000000000000002,1.0000000000000002,1.0000000000000002,1.0000000000000002,1.0000000000000002,1.0000000000000002,1.0000000000000002,1.0000000000000002,1.0000000000000002,1.0000000000000002,1.0000000000000002,1.0000000000000002,1.0000000000000002,1.0000000000000002,1.0000000000000002,1.0000000000000002,1.0000000000000002,1.0000000000000002,1.0000000000000002,1.0000000000000002,1.0000000000000002,1.0000000000000002,1.0000000000000002,1.0000000000000002,1.0000000000000002,1.0000000000000002,1.0000000000000002,1.0000000000000002,1.0000000000000002,1.0000000000000002,1.0000000000000002,1.0000000000000002,1.0000000000000002,1.0000000000000002,1.0000000000000002,1.0000000000000002,1.0000000000000002,1.0000000000000002,1.0000000000000002,1.0000000000000002,1.0000000000000002,1.0000000000000002,1.0000000000000002,1.0000000000000002,1.0000000000000002,1.0000000000000002,1.0000000000000002,1.0000000000000002,1.0000000000000002,1.0000000000000002,1.0000000000000002,1.0000000000000002,1.0000000000000002,1.0000000000000002,1.0000000000000002,1.0000000000000002,1.0000000000000002,1.0000000000000002,1.0000000000000002,1.0000000000000002,1.0000000000000002,1.0000000000000002,1.0000000000000002,1.0000000000000002,1.0000000000000002,1.0000000000000002,1.0000000000000002,1.0000000000000002]",6.300000000000007,3.0,True,exact commutator transition cap reached; locality bound used,not-used,commutator,mizuta2026-commutator-ideal-rigorous,[],7878972.0,,,,0.017955142683070982,3.16716934626503e+38,mizuta2026-commutator-ideal-rigorous,"Mizuta, Quantum 10, 1974 (2026), arXiv:2507.06557v4","Theorem 4, Eqs. (47)--(49), with direct Lemmas 9--10 BCH remainder","{""error_predicate_satisfied"":1.0,""extensiveness_g"":6.300000000000004,""joint_predicate_satisfied"":1.0,""legacy_first_condition_passed"":0.0,""legacy_first_time_limit"":1.763997603736675e-05,""local_commutator_error"":3.0898476046471696e-07,""local_step_error"":3.089847604647174e-07,""local_truncated_bch_error"":3.917230277263866e-22,""locality_k"":2.0,""mu_upper"":162.7687268486465,""refined_lemma10_remainder"":3.9172302738866537e-22,""refined_lemma9_remainder"":3.377211585830362e-31,""refined_tail_fallback"":0.0,""repeated_global_error"":0.017955142683070982,""schedule_weighted_extensiveness"":6.300000000000007,""second_time_limit"":0.0015359215792875684,""time_2_predicate_satisfied"":1.0,""total_branchwise_bch_remainder"":3.917230277263866e-22,""truncation_order_p0"":14.0}",True,ideal-mpf,True,ordered individual Pauli terms,"[""individual Pauli summands define the ordered H_gamma decomposition"",""the actual Strang factors define schedule-weighted g_alpha extensiveness"",""Lemma 9 and Lemma 10 positive majorants directly certify the BCH remainder"",""the scalar-flow/Cauchy refined tail certificate is used"",""Theorem 4 second time hypothesis is satisfied"",""the repeated ideal MPF is composed with the Eq. (15) telescoping argument""]","exact Pauli recurrence would require 307800 transitions at order 4, above cap 250000; remaining orders use Mizuta 2026 Eq. (8)",14.0,3.0,True,True,"{""2"":1588.800000000002,""3"":26021.760000000057,""4"":34480081.03680006,""5"":3475592168.5094457,""6"":437924613232.18976,""7"":66214201520707.76,""8"":1.1680185148252828e+16,""9"":2.354725325887758e+18,""10"":5.3405170391134274e+20,""11"":1.345810293856585e+23,""12"":3.7305861345704733e+25,""13"":1.1281292470941247e+28,""14"":3.6957514134803366e+30}",repeated-shared-ancilla-good-block,True,False,0.01795736083471992,new,"[1,2,3,4,5,9,22]","[2.9953607852158573e-09,-2.9318124556219793e-05,0.003468573778195489,-0.04863485570038276,0.1308718708891307,-0.4341006887393225,1.3484244149015747]",1.965529725128523,0.034470274871476914,46.0,registered-exact,True,7.0,3.0,2.0,4.0,9.0,7.0,6.0,3.0,2.0,3.0,2.0,one robust OAA round per segment,57094.0,branch register all-zero,,64.0,7080455316.0,5195554.0,-1.0,927560428612.0,12394988645.0,analytical-model,0.00199526231496888,,,,,,,,,,,,0.1.0,3.11.9,2.5.0,b58b31db18364511c43757e27fffc7abce8df2c1,True,ok,,
1.0,heisenberg_chain:N057,-1.8,commutator,93256.0,,,2.0,a8fa234e-a646-4911-8402-a67c302db4ae,2026-08-12T00:11:58.358108+00:00,c1ad72de628f71283ac69037e9bbe97c3e773952f5abde5eac91397ca322d1a6,resource-grid,heisenberg_chain,Heisenberg-57,"{""coupling"":1.0,""field_z"":0.3}",57,57.0,proportional,1.0,0.015848931924611134,185.10000000000065,225,trotter-p2,trotter,Trotter p=2,analytical,analytical,2.0,,,,,,93256.0,,,,,,,,,,,,,,,,,,,,,,,,,,,,,,individual,225.0,0.014264024571498328,669.839999999999,childs-commutator,"Childs, Su, Tran, Wiebe, and Zhu, arXiv:1912.08854",Propositions 9--10,"{""prefactor"":669.839999999999}",True,implemented-product-formula,True,,"[""the resolved ordered Hamiltonian groups match the implemented formula""]",,,,,,,implemented-product-formula,True,True,0.014264038732150021,,,,,,,,,,,,,,,,,,,1.0,none,0.0,system register,1.0,57.0,41871944.0,0.0,-1.0,4564041896.0,62528770.0,analytical-model,0.0015848931924611134,,,,,,,,,,,,0.1.0,3.11.9,2.5.0,b58b31db18364511c43757e27fffc7abce8df2c1,True,ok,,
1.0,heisenberg_chain:N057,-1.8,empirical,28375.0,,,2.0,a8fa234e-a646-4911-8402-a67c302db4ae,2026-08-12T00:11:58.358108+00:00,c1ad72de628f71283ac69037e9bbe97c3e773952f5abde5eac91397ca322d1a6,resource-grid,heisenberg_chain,Heisenberg-57,"{""coupling"":1.0,""field_z"":0.3}",57,57.0,proportional,1.0,0.015848931924611134,185.10000000000065,225,trotter-p2-empirical,trotter,Trotter p=2 [empirical],empirical-operator-norm,empirical,2.0,,,,,,28375.0,,,,,,,,,,,,,,,,,,,,,,,,,,,,,,individual,225.0,0.01426327730288157,62.0106807611,empirical-operator-norm,Repository empirical operator-norm calibration study v1 (2026-08-10),reviewed calibration opnorm-v1-heisenberg-open-trotter-p2; artifact docs/calibration_data/empirical_1d_v1_accepted.json,"{""prefactor"":62.0106807611}",False,implemented-product-formula,False,,"[""the resolved ordered Hamiltonian groups match the implemented formula"",""the fixed formal-order powers in time and segments apply"",""the reviewed affine size calibration extrapolates as flagged""]",,,,,,,implemented-product-formula,False,False,0.014264038732150021,,,,,,,,,,,,,,,,,,,1.0,none,0.0,system register,1.0,57.0,12740375.0,0.0,-1.0,1324999000.0,19025627.0,analytical-model,0.0015848931924611134,opnorm-v1-heisenberg-open-trotter-p2,heisenberg_chain,affine-aN-plus-b,62.0106807611,4.0,12.0,4.0,12.0,True,True,formula,0.1.0,3.11.9,2.5.0,b58b31db18364511c43757e27fffc7abce8df2c1,True,ok,,
1.0,heisenberg_chain:N057,-1.8,commutator,6346.0,,,2.0,a8fa234e-a646-4911-8402-a67c302db4ae,2026-08-12T00:11:58.358108+00:00,c1ad72de628f71283ac69037e9bbe97c3e773952f5abde5eac91397ca322d1a6,resource-grid,heisenberg_chain,Heisenberg-57,"{""coupling"":1.0,""field_z"":0.3}",57,57.0,proportional,1.0,0.015848931924611134,185.10000000000065,225,trotter-p4,trotter,Trotter p=4,analytical,analytical,4.0,,,,,,6346.0,,,,,,,,,,,,,,,,,,,,,,,,,,,,,,commuting,3.0,0.014255170914941061,38423.63263718384,schubert-mendl-commutator,"Schubert and Mendl, arXiv:2306.10603",Theorem 1,"{""prefactor"":38423.63263718384}",True,implemented-product-formula,True,,"[""the resolved ordered Hamiltonian groups match the implemented formula""]",,,,,,,implemented-product-formula,True,True,0.014264038732150021,,,,,,,,,,,,,,,,,,,1.0,none,0.0,system register,1.0,57.0,12533350.0,0.0,-1.0,1303468400.0,18716470.0,analytical-model,0.0015848931924611134,,,,,,,,,,,,0.1.0,3.11.9,2.5.0,b58b31db18364511c43757e27fffc7abce8df2c1,True,ok,,
1.0,heisenberg_chain:N057,-1.8,empirical,900.0,,,2.0,a8fa234e-a646-4911-8402-a67c302db4ae,2026-08-12T00:11:58.358108+00:00,c1ad72de628f71283ac69037e9bbe97c3e773952f5abde5eac91397ca322d1a6,resource-grid,heisenberg_chain,Heisenberg-57,"{""coupling"":1.0,""field_z"":0.3}",57,57.0,proportional,1.0,0.015848931924611134,185.10000000000065,225,trotter-p4-empirical,trotter,Trotter p=4 [empirical],empirical-operator-norm,empirical,4.0,,,,,,900.0,,,,,,,,,,,,,,,,,,,,,,,,,,,,,,commuting,3.0,0.014234261236118467,15.521392859299997,empirical-operator-norm,Repository empirical operator-norm calibration study v1 (2026-08-10),reviewed calibration opnorm-v1-heisenberg-open-trotter-p4; artifact docs/calibration_data/empirical_1d_v1_accepted.json,"{""prefactor"":15.521392859299997}",False,implemented-product-formula,False,,"[""the resolved ordered Hamiltonian groups match the implemented formula"",""the fixed formal-order powers in time and segments apply"",""the reviewed affine size calibration extrapolates as flagged""]",,,,,,,implemented-product-formula,False,False,0.014264038732150021,,,,,,,,,,,,,,,,,,,1.0,none,0.0,system register,1.0,57.0,1777500.0,0.0,-1.0,170640000.0,2654400.0,analytical-model,0.0015848931924611134,opnorm-v1-heisenberg-open-trotter-p4,heisenberg_chain,affine-aN-plus-b,15.521392859299997,4.0,12.0,4.0,12.0,True,True,formula,0.1.0,3.11.9,2.5.0,b58b31db18364511c43757e27fffc7abce8df2c1,True,ok,,
1.0,heisenberg_chain:N057,-1.8,commutator,3543.0,,,2.0,a8fa234e-a646-4911-8402-a67c302db4ae,2026-08-12T00:11:58.358108+00:00,c1ad72de628f71283ac69037e9bbe97c3e773952f5abde5eac91397ca322d1a6,resource-grid,heisenberg_chain,Heisenberg-57,"{""coupling"":1.0,""field_z"":0.3}",57,57.0,proportional,1.0,0.015848931924611134,185.10000000000065,225,trotter-p6,trotter,Trotter p=6,analytical,analytical,6.0,,,,,,3543.0,,,,,,,,,,,,,,,,,,,,,,,,,,,,,,commuting,3.0,0.014263999618549824,14432588.951672671,schubert-mendl-commutator,"Schubert and Mendl, arXiv:2306.10603",Theorem 1,"{""prefactor"":14432588.951672671}",True,implemented-product-formula,True,,"[""the resolved ordered Hamiltonian groups match the implemented formula""]",,,,,,,implemented-product-formula,True,True,0.014264038732150021,,,,,,,,,,,,,,,,,,,1.0,none,0.0,system register,1.0,57.0,34987125.0,0.0,-1.0,3813596625.0,52247440.0,analytical-model,0.0015848931924611134,,,,,,,,,,,,0.1.0,3.11.9,2.5.0,b58b31db18364511c43757e27fffc7abce8df2c1,True,ok,,
1.0,heisenberg_chain:N057,-1.8,empirical,342.0,,,2.0,a8fa234e-a646-4911-8402-a67c302db4ae,2026-08-12T00:11:58.358108+00:00,c1ad72de628f71283ac69037e9bbe97c3e773952f5abde5eac91397ca322d1a6,resource-grid,heisenberg_chain,Heisenberg-57,"{""coupling"":1.0,""field_z"":0.3}",57,57.0,proportional,1.0,0.015848931924611134,185.10000000000065,225,trotter-p6-empirical,trotter,Trotter p=6 [empirical],empirical-operator-norm,empirical,6.0,,,,,,342.0,,,,,,,,,,,,,,,,,,,,,,,,,,,,,,commuting,3.0,0.00027534962853652305,0.225380917,empirical-operator-norm,Repository empirical operator-norm calibration study v1 (2026-08-10),reviewed calibration opnorm-v1-heisenberg-open-trotter-p6; artifact docs/calibration_data/empirical_1d_v1_accepted.json,"{""prefactor"":0.225380917}",False,implemented-product-formula,False,,"[""the resolved ordered Hamiltonian groups match the implemented formula"",""the fixed formal-order powers in time and segments apply"",""the reviewed affine size calibration extrapolates as flagged""]",,,,,,,implemented-product-formula,False,False,0.014264038732150021,,,,,,,,,,,,,,,,,,,1.0,none,0.0,system register,1.0,57.0,3377250.0,0.0,-1.0,330970500.0,5043360.0,analytical-model,0.0015848931924611134,opnorm-v1-heisenberg-open-trotter-p6,heisenberg_chain,affine-aN-plus-b,0.225380917,4.0,12.0,4.0,12.0,True,True,asymptotic-domain,0.1.0,3.11.9,2.5.0,b58b31db18364511c43757e27fffc7abce8df2c1,True,ok,,
1.0,heisenberg_chain:N057,-1.8,jacobi-anger,,,,2.0,a8fa234e-a646-4911-8402-a67c302db4ae,2026-08-12T00:11:58.358108+00:00,c1ad72de628f71283ac69037e9bbe97c3e773952f5abde5eac91397ca322d1a6,resource-grid,heisenberg_chain,Heisenberg-57,"{""coupling"":1.0,""field_z"":0.3}",57,57.0,proportional,1.0,0.015848931924611134,185.10000000000065,225,qsvt,qsvt,QSVT,jacobi-anger-rigorous,analytical,,,,,,,,,,,,,,,,,,,,,,,,,,,,,,,,,,,86055.0,14343.0,,,0.0019837207383909742,,jacobi-anger-polynomial-oaa,"Martyn et al., arXiv:2105.02859, Eqs. (76)--(77)",Jacobi--Anger tails plus exact cubic OAA identity,"{""oaa-unitarity-defect-distortion"":0.0009925973567651483,""scaled-polynomial-error"":0.000991123381625826}",True,ideal-qsvt-oaa-good-block,True,,"[""the cosine and sine polynomials are implemented exactly"",""the unamplified good block is exactly Q/2""]",,,,,,,implemented-qsvt-floating-phase-circuit,False,False,0.014264038732150021,,,,,,,,,,,,,,,,,,,2.0,one robust OAA round,1.0,"component, quadrature, and index registers all-zero",,75.0,44060172.0,156448116.0,-1.0,5472411384.0,1016224251.0,analytical-model,0.0015848931924611134,,,,,,,,,,,,0.1.0,3.11.9,2.5.0,b58b31db18364511c43757e27fffc7abce8df2c1,True,ok,,
1.0,heisenberg_chain:N057,-1.8,empirical,,8.0,57.0,2.0,a8fa234e-a646-4911-8402-a67c302db4ae,2026-08-12T00:11:58.358108+00:00,c1ad72de628f71283ac69037e9bbe97c3e773952f5abde5eac91397ca322d1a6,resource-grid,heisenberg_chain,Heisenberg-57,"{""coupling"":1.0,""field_z"":0.3}",57,57.0,proportional,1.0,0.015848931924611134,185.10000000000065,225,mpf-j-mizuta2026-theorem6-empirical-operator-norm,multiproduct,MPF J=Mizuta Theorem 6 (resolved per point) [empirical operator norm],empirical-operator-norm,empirical,,8.0,16.0,mizuta2026-theorem6,6.300000000000004,0.014264038732150021,57.0,,,,[],,,,,,,,,,,,,,,[],,,,,,,empirical-operator-norm,[],10431.0,,,,9.703902300000079e-06,1.702439e-07,empirical-operator-norm,Repository empirical operator-norm calibration study v1 (2026-08-10),reviewed calibration opnorm-v1-heisenberg-open-mpf-new-m8; fixed formal powers,"{""empirical_coefficient"":1.702439e-07}",False,ideal-mpf,False,ordered individual Pauli terms,"[""the fixed formal-order powers in time and segments apply"",""the empirical estimate concerns the repeated ideal MPF operator"",""the reviewed affine size calibration extrapolates as flagged""]",,0.0,0.0,False,False,{},repeated-shared-ancilla-good-block,False,False,0.014264038732150021,new,"[1,2,3,4,5,6,11,29]","[-3.280633240950701e-11,1.38314223008236e-06,-0.00042434045620952707,0.013663236344294543,-0.0975962105352182,0.17214651362521294,-0.39147182230350597,1.3036812402160025]",1.9789847466554802,0.021015253344519813,61.0,registered-exact,True,8.0,4.0,2.0,5.0,10.0,6.0,6.0,3.0,2.0,3.0,2.0,one robust OAA round per segment,57.0,branch register all-zero,,64.0,9372168.0,6042.0,-1.0,965357472.0,16403103.0,analytical-model,0.0015848931924611134,opnorm-v1-heisenberg-open-mpf-new-m8,heisenberg_chain,affine-aN-plus-b,1.702439e-07,4.0,8.0,4.0,12.0,True,True,asymptotic-domain,0.1.0,3.11.9,2.5.0,b58b31db18364511c43757e27fffc7abce8df2c1,True,ok,,
1.0,heisenberg_chain:N057,-1.8,commutator,,8.0,55674.0,2.0,a8fa234e-a646-4911-8402-a67c302db4ae,2026-08-12T00:11:58.358108+00:00,c1ad72de628f71283ac69037e9bbe97c3e773952f5abde5eac91397ca322d1a6,resource-grid,heisenberg_chain,Heisenberg-57,"{""coupling"":1.0,""field_z"":0.3}",57,57.0,proportional,1.0,0.015848931924611134,185.10000000000065,225,mpf-j-mizuta2026-theorem6-mizuta2026-commutator-ideal-rigorous,multiproduct,MPF J=Mizuta Theorem 6 (resolved per point) [Mizuta 2026 refined commutator],mizuta2026-commutator-ideal-rigorous,analytical,,8.0,16.0,mizuta2026-theorem6,6.300000000000004,0.014264038732150021,55674.0,55674.0,,40802.0,"[""error""]",178.9531742646304,16.0,,,2.5262762333025234e-07,9.23808165995396e-25,4.577134187659732e-36,9.238081659908187e-25,9.23808165995396e-25,2.526276233302524e-07,0.014264002680335874,1.5434979032695905e-05,False,0.0013970134982367384,"[1.0000000000000002,1.0000000000000002,1.0000000000000002,1.0000000000000002,1.0000000000000002,1.0000000000000002,1.0000000000000002,1.0000000000000002,1.0000000000000002,1.0000000000000002,1.0000000000000002,1.0000000000000002,1.0000000000000002,1.0000000000000002,1.0000000000000002,1.0000000000000002,1.0000000000000002,1.0000000000000002,1.0000000000000002,1.0000000000000002,1.0000000000000002,1.0000000000000002,1.0000000000000002,1.0000000000000002,1.0000000000000002,1.0000000000000002,1.0000000000000002,1.0000000000000002,1.0000000000000002,1.0000000000000002,1.0000000000000002,1.0000000000000002,1.0000000000000002,1.0000000000000002,1.0000000000000002,1.0000000000000002,1.0000000000000002,1.0000000000000002,1.0000000000000002,1.0000000000000002,1.0000000000000002,1.0000000000000002,1.0000000000000002,1.0000000000000002,1.0000000000000002,1.0000000000000002,1.0000000000000002,1.0000000000000002,1.0000000000000002,1.0000000000000002,1.0000000000000002,1.0000000000000002,1.0000000000000002,1.0000000000000002,1.0000000000000002,1.0000000000000002,1.0000000000000002,1.0000000000000002,1.0000000000000002,1.0000000000000002,1.0000000000000002,1.0000000000000002,1.0000000000000002,1.0000000000000002,1.0000000000000002,1.0000000000000002,1.0000000000000002,1.0000000000000002,1.0000000000000002,1.0000000000000002,1.0000000000000002,1.0000000000000002,1.0000000000000002,1.0000000000000002,1.0000000000000002,1.0000000000000002,1.0000000000000002,1.0000000000000002,1.0000000000000002,1.0000000000000002,1.0000000000000002,1.0000000000000002,1.0000000000000002,1.0000000000000002,1.0000000000000002,1.0000000000000002,1.0000000000000002,1.0000000000000002,1.0000000000000002,1.0000000000000002,1.0000000000000002,1.0000000000000002,1.0000000000000002,1.0000000000000002,1.0000000000000002,1.0000000000000002,1.0000000000000002,1.0000000000000002,1.0000000000000002,1.0000000000000002,1.0000000000000002,1.0000000000000002,1.0000000000000002,1.0000000000000002,1.0000000000000002,1.0000000000000002,1.0000000000000002,1.0000000000000002,1.0000000000000002,1.0000000000000002,1.0000000000000002,1.0000000000000002,1.0000000000000002,1.0000000000000002,1.0000000000000002,1.0000000000000002,1.0000000000000002,1.0000000000000002,1.0000000000000002,1.0000000000000002,1.0000000000000002,1.0000000000000002,1.0000000000000002,1.0000000000000002,1.0000000000000002,1.0000000000000002,1.0000000000000002,1.0000000000000002,1.0000000000000002,1.0000000000000002,1.0000000000000002,1.0000000000000002,1.0000000000000002,1.0000000000000002,1.0000000000000002,1.0000000000000002,1.0000000000000002,1.0000000000000002,1.0000000000000002,1.0000000000000002,1.0000000000000002,1.0000000000000002,1.0000000000000002,1.0000000000000002,1.0000000000000002,1.0000000000000002,1.0000000000000002,1.0000000000000002,1.0000000000000002,1.0000000000000002,1.0000000000000002,1.0000000000000002,1.0000000000000002,1.0000000000000002,1.0000000000000002,1.0000000000000002,1.0000000000000002,1.0000000000000002,1.0000000000000002,1.0000000000000002,1.0000000000000002,1.0000000000000002,1.0000000000000002,1.0000000000000002,1.0000000000000002,1.0000000000000002,1.0000000000000002,1.0000000000000002,1.0000000000000002,1.0000000000000002,1.0000000000000002,1.0000000000000002,1.0000000000000002,1.0000000000000002,1.0000000000000002,1.0000000000000002,1.0000000000000002,1.0000000000000002,1.0000000000000002,1.0000000000000002,1.0000000000000002,1.0000000000000002,1.0000000000000002,1.0000000000000002,1.0000000000000002,1.0000000000000002,1.0000000000000002,1.0000000000000002,1.0000000000000002,1.0000000000000002,1.0000000000000002,1.0000000000000002,1.0000000000000002,1.0000000000000002,1.0000000000000002,1.0000000000000002,1.0000000000000002,1.0000000000000002,1.0000000000000002,1.0000000000000002,1.0000000000000002,1.0000000000000002,1.0000000000000002,1.0000000000000002,1.0000000000000002,1.0000000000000002,1.0000000000000002,1.0000000000000002,1.0000000000000002,1.0000000000000002,1.0000000000000002,1.0000000000000002,1.0000000000000002,1.0000000000000002,1.0000000000000002,1.0000000000000002,1.0000000000000002,1.0000000000000002,1.0000000000000002,1.0000000000000002,1.0000000000000002,1.0000000000000002,1.0000000000000002,1.0000000000000002,1.0000000000000002]",6.300000000000007,3.0,True,exact commutator transition cap reached; locality bound used,not-used,commutator,mizuta2026-commutator-ideal-rigorous,[],10188342.0,,,,0.014264002680335874,1.6931659133494533e+44,mizuta2026-commutator-ideal-rigorous,"Mizuta, Quantum 10, 1974 (2026), arXiv:2507.06557v4","Theorem 4, Eqs. (47)--(49), with direct Lemmas 9--10 BCH remainder","{""error_predicate_satisfied"":1.0,""extensiveness_g"":6.300000000000004,""joint_predicate_satisfied"":1.0,""legacy_first_condition_passed"":0.0,""legacy_first_time_limit"":1.5434979032695905e-05,""local_commutator_error"":2.5262762333025234e-07,""local_step_error"":2.526276233302524e-07,""local_truncated_bch_error"":9.23808165995396e-25,""locality_k"":2.0,""mu_upper"":178.9531742646304,""refined_lemma10_remainder"":9.238081659908187e-25,""refined_lemma9_remainder"":4.577134187659732e-36,""refined_tail_fallback"":0.0,""repeated_global_error"":0.014264002680335874,""schedule_weighted_extensiveness"":6.300000000000007,""second_time_limit"":0.0013970134982367384,""time_2_predicate_satisfied"":1.0,""total_branchwise_bch_remainder"":9.23808165995396e-25,""truncation_order_p0"":16.0}",True,ideal-mpf,True,ordered individual Pauli terms,"[""individual Pauli summands define the ordered H_gamma decomposition"",""the actual Strang factors define schedule-weighted g_alpha extensiveness"",""Lemma 9 and Lemma 10 positive majorants directly certify the BCH remainder"",""the scalar-flow/Cauchy refined tail certificate is used"",""Theorem 4 second time hypothesis is satisfied"",""the repeated ideal MPF is composed with the Eq. (15) telescoping argument""]","exact Pauli recurrence would require 307800 transitions at order 4, above cap 250000; remaining orders use Mizuta 2026 Eq. (8)",16.0,3.0,True,True,"{""2"":1588.800000000002,""3"":26021.760000000057,""4"":34480081.03680006,""5"":3475592168.5094457,""6"":437924613232.18976,""7"":66214201520707.76,""8"":1.1680185148252828e+16,""9"":2.354725325887758e+18,""10"":5.3405170391134274e+20,""11"":1.345810293856585e+23,""12"":3.7305861345704733e+25,""13"":1.1281292470941247e+28,""14"":3.6957514134803366e+30,""15"":1.303861098675863e+33,""16"":4.9285949529947805e+35}",repeated-shared-ancilla-good-block,True,False,0.014264038732150021,new,"[1,2,3,4,5,6,11,29]","[-3.280633240950701e-11,1.38314223008236e-06,-0.00042434045620952707,0.013663236344294543,-0.0975962105352182,0.17214651362521294,-0.39147182230350597,1.3036812402160025]",1.9789847466554802,0.021015253344519813,61.0,registered-exact,True,8.0,4.0,2.0,5.0,10.0,6.0,6.0,3.0,2.0,3.0,2.0,one robust OAA round per segment,55674.0,branch register all-zero,,64.0,9154141776.0,5901444.0,-1.0,1217524461984.0,16021514088.0,analytical-model,0.0015848931924611134,,,,,,,,,,,,0.1.0,3.11.9,2.5.0,b58b31db18364511c43757e27fffc7abce8df2c1,True,ok,,
1.0,heisenberg_chain:N057,-1.9,commutator,104635.0,,,2.0,a8fa234e-a646-4911-8402-a67c302db4ae,2026-08-12T00:11:58.358108+00:00,c1ad72de628f71283ac69037e9bbe97c3e773952f5abde5eac91397ca322d1a6,resource-grid,heisenberg_chain,Heisenberg-57,"{""coupling"":1.0,""field_z"":0.3}",57,57.0,proportional,1.0,0.012589254117941675,185.10000000000065,225,trotter-p2,trotter,Trotter p=2,analytical,analytical,2.0,,,,,,104635.0,,,,,,,,,,,,,,,,,,,,,,,,,,,,,,individual,225.0,0.011330307273681723,669.839999999999,childs-commutator,"Childs, Su, Tran, Wiebe, and Zhu, arXiv:1912.08854",Propositions 9--10,"{""prefactor"":669.839999999999}",True,implemented-product-formula,True,,"[""the resolved ordered Hamiltonian groups match the implemented formula""]",,,,,,,implemented-product-formula,True,True,0.011330328706147507,,,,,,,,,,,,,,,,,,,1.0,none,0.0,system register,1.0,57.0,46981115.0,0.0,-1.0,5214903765.0,70158466.0,analytical-model,0.0012589254117941675,,,,,,,,,,,,0.1.0,3.11.9,2.5.0,b58b31db18364511c43757e27fffc7abce8df2c1,True,ok,,
1.0,heisenberg_chain:N057,-1.9,empirical,31837.0,,,2.0,a8fa234e-a646-4911-8402-a67c302db4ae,2026-08-12T00:11:58.358108+00:00,c1ad72de628f71283ac69037e9bbe97c3e773952f5abde5eac91397ca322d1a6,resource-grid,heisenberg_chain,Heisenberg-57,"{""coupling"":1.0,""field_z"":0.3}",57,57.0,proportional,1.0,0.012589254117941675,185.10000000000065,225,trotter-p2-empirical,trotter,Trotter p=2 [empirical],empirical-operator-norm,empirical,2.0,,,,,,31837.0,,,,,,,,,,,,,,,,,,,,,,,,,,,,,,individual,225.0,0.011329918641454762,62.0106807611,empirical-operator-norm,Repository empirical operator-norm calibration study v1 (2026-08-10),reviewed calibration opnorm-v1-heisenberg-open-trotter-p2; artifact docs/calibration_data/empirical_1d_v1_accepted.json,"{""prefactor"":62.0106807611}",False,implemented-product-formula,False,,"[""the resolved ordered Hamiltonian groups match the implemented formula"",""the fixed formal-order powers in time and segments apply"",""the reviewed affine size calibration extrapolates as flagged""]",,,,,,,implemented-product-formula,False,False,0.011330328706147507,,,,,,,,,,,,,,,,,,,1.0,none,0.0,system register,1.0,57.0,14294813.0,0.0,-1.0,1515250178.0,21346921.0,analytical-model,0.0012589254117941675,opnorm-v1-heisenberg-open-trotter-p2,heisenberg_chain,affine-aN-plus-b,62.0106807611,4.0,12.0,4.0,12.0,True,True,formula,0.1.0,3.11.9,2.5.0,b58b31db18364511c43757e27fffc7abce8df2c1,True,ok,,
1.0,heisenberg_chain:N057,-1.9,commutator,6721.0,,,2.0,a8fa234e-a646-4911-8402-a67c302db4ae,2026-08-12T00:11:58.358108+00:00,c1ad72de628f71283ac69037e9bbe97c3e773952f5abde5eac91397ca322d1a6,resource-grid,heisenberg_chain,Heisenberg-57,"{""coupling"":1.0,""field_z"":0.3}",57,57.0,proportional,1.0,0.012589254117941675,185.10000000000065,225,trotter-p4,trotter,Trotter p=4,analytical,analytical,4.0,,,,,,6721.0,,,,,,,,,,,,,,,,,,,,,,,,,,,,,,commuting,3.0,0.011330188054289514,38423.63263718384,schubert-mendl-commutator,"Schubert and Mendl, arXiv:2306.10603",Theorem 1,"{""prefactor"":38423.63263718384}",True,implemented-product-formula,True,,"[""the resolved ordered Hamiltonian groups match the implemented formula""]",,,,,,,implemented-product-formula,True,True,0.011330328706147507,,,,,,,,,,,,,,,,,,,1.0,none,0.0,system register,1.0,57.0,13273975.0,0.0,-1.0,1393767375.0,19822470.0,analytical-model,0.0012589254117941675,,,,,,,,,,,,0.1.0,3.11.9,2.5.0,b58b31db18364511c43757e27fffc7abce8df2c1,True,ok,,
1.0,heisenberg_chain:N057,-1.9,empirical,953.0,,,2.0,a8fa234e-a646-4911-8402-a67c302db4ae,2026-08-12T00:11:58.358108+00:00,c1ad72de628f71283ac69037e9bbe97c3e773952f5abde5eac91397ca322d1a6,resource-grid,heisenberg_chain,Heisenberg-57,"{""coupling"":1.0,""field_z"":0.3}",57,57.0,proportional,1.0,0.012589254117941675,185.10000000000065,225,trotter-p4-empirical,trotter,Trotter p=4 [empirical],empirical-operator-norm,empirical,4.0,,,,,,953.0,,,,,,,,,,,,,,,,,,,,,,,,,,,,,,commuting,3.0,0.011322266350246694,15.521392859299997,empirical-operator-norm,Repository empirical operator-norm calibration study v1 (2026-08-10),reviewed calibration opnorm-v1-heisenberg-open-trotter-p4; artifact docs/calibration_data/empirical_1d_v1_accepted.json,"{""prefactor"":15.521392859299997}",False,implemented-product-formula,False,,"[""the resolved ordered Hamiltonian groups match the implemented formula"",""the fixed formal-order powers in time and segments apply"",""the reviewed affine size calibration extrapolates as flagged""]",,,,,,,implemented-product-formula,False,False,0.011330328706147507,,,,,,,,,,,,,,,,,,,1.0,none,0.0,system register,1.0,57.0,1882175.0,0.0,-1.0,182570975.0,2810715.0,analytical-model,0.0012589254117941675,opnorm-v1-heisenberg-open-trotter-p4,heisenberg_chain,affine-aN-plus-b,15.521392859299997,4.0,12.0,4.0,12.0,True,True,formula,0.1.0,3.11.9,2.5.0,b58b31db18364511c43757e27fffc7abce8df2c1,True,ok,,
1.0,heisenberg_chain:N057,-1.9,commutator,3682.0,,,2.0,a8fa234e-a646-4911-8402-a67c302db4ae,2026-08-12T00:11:58.358108+00:00,c1ad72de628f71283ac69037e9bbe97c3e773952f5abde5eac91397ca322d1a6,resource-grid,heisenberg_chain,Heisenberg-57,"{""coupling"":1.0,""field_z"":0.3}",57,57.0,proportional,1.0,0.012589254117941675,185.10000000000065,225,trotter-p6,trotter,Trotter p=6,analytical,analytical,6.0,,,,,,3682.0,,,,,,,,,,,,,,,,,,,,,,,,,,,,,,commuting,3.0,0.01132310481660693,14432588.951672671,schubert-mendl-commutator,"Schubert and Mendl, arXiv:2306.10603",Theorem 1,"{""prefactor"":14432588.951672671}",True,implemented-product-formula,True,,"[""the resolved ordered Hamiltonian groups match the implemented formula""]",,,,,,,implemented-product-formula,True,True,0.011330328706147507,,,,,,,,,,,,,,,,,,,1.0,none,0.0,system register,1.0,57.0,36359750.0,0.0,-1.0,3999572500.0,54297227.0,analytical-model,0.0012589254117941675,,,,,,,,,,,,0.1.0,3.11.9,2.5.0,b58b31db18364511c43757e27fffc7abce8df2c1,True,ok,,
1.0,heisenberg_chain:N057,-1.9,empirical,342.0,,,2.0,a8fa234e-a646-4911-8402-a67c302db4ae,2026-08-12T00:11:58.358108+00:00,c1ad72de628f71283ac69037e9bbe97c3e773952f5abde5eac91397ca322d1a6,resource-grid,heisenberg_chain,Heisenberg-57,"{""coupling"":1.0,""field_z"":0.3}",57,57.0,proportional,1.0,0.012589254117941675,185.10000000000065,225,trotter-p6-empirical,trotter,Trotter p=6 [empirical],empirical-operator-norm,empirical,6.0,,,,,,342.0,,,,,,,,,,,,,,,,,,,,,,,,,,,,,,commuting,3.0,0.00027534962853652305,0.225380917,empirical-operator-norm,Repository empirical operator-norm calibration study v1 (2026-08-10),reviewed calibration opnorm-v1-heisenberg-open-trotter-p6; artifact docs/calibration_data/empirical_1d_v1_accepted.json,"{""prefactor"":0.225380917}",False,implemented-product-formula,False,,"[""the resolved ordered Hamiltonian groups match the implemented formula"",""the fixed formal-order powers in time and segments apply"",""the reviewed affine size calibration extrapolates as flagged""]",,,,,,,implemented-product-formula,False,False,0.011330328706147507,,,,,,,,,,,,,,,,,,,1.0,none,0.0,system register,1.0,57.0,3377250.0,0.0,-1.0,334347750.0,5043360.0,analytical-model,0.0012589254117941675,opnorm-v1-heisenberg-open-trotter-p6,heisenberg_chain,affine-aN-plus-b,0.225380917,4.0,12.0,4.0,12.0,True,True,asymptotic-domain,0.1.0,3.11.9,2.5.0,b58b31db18364511c43757e27fffc7abce8df2c1,True,ok,,
1.0,heisenberg_chain:N057,-1.9,jacobi-anger,,,,2.0,a8fa234e-a646-4911-8402-a67c302db4ae,2026-08-12T00:11:58.358108+00:00,c1ad72de628f71283ac69037e9bbe97c3e773952f5abde5eac91397ca322d1a6,resource-grid,heisenberg_chain,Heisenberg-57,"{""coupling"":1.0,""field_z"":0.3}",57,57.0,proportional,1.0,0.012589254117941675,185.10000000000065,225,qsvt,qsvt,QSVT,jacobi-anger-rigorous,analytical,,,,,,,,,,,,,,,,,,,,,,,,,,,,,,,,,,,86055.0,14343.0,,,0.0016573728832244622,,jacobi-anger-polynomial-oaa,"Martyn et al., arXiv:2105.02859, Eqs. (76)--(77)",Jacobi--Anger tails plus exact cubic OAA identity,"{""oaa-unitarity-defect-distortion"":0.0008292009851361128,""scaled-polynomial-error"":0.0008281718980883494}",True,ideal-qsvt-oaa-good-block,True,,"[""the cosine and sine polynomials are implemented exactly"",""the unamplified good block is exactly Q/2""]",,,,,,,implemented-qsvt-floating-phase-circuit,False,False,0.011330328706147507,,,,,,,,,,,,,,,,,,,2.0,one robust OAA round,1.0,"component, quadrature, and index registers all-zero",,75.0,44060172.0,156448116.0,-1.0,5516471556.0,1016224251.0,analytical-model,0.0012589254117941675,,,,,,,,,,,,0.1.0,3.11.9,2.5.0,b58b31db18364511c43757e27fffc7abce8df2c1,True,ok,,
1.0,heisenberg_chain:N057,-1.9,empirical,,8.0,57.0,2.0,a8fa234e-a646-4911-8402-a67c302db4ae,2026-08-12T00:11:58.358108+00:00,c1ad72de628f71283ac69037e9bbe97c3e773952f5abde5eac91397ca322d1a6,resource-grid,heisenberg_chain,Heisenberg-57,"{""coupling"":1.0,""field_z"":0.3}",57,57.0,proportional,1.0,0.012589254117941675,185.10000000000065,225,mpf-j-mizuta2026-theorem6-empirical-operator-norm,multiproduct,MPF J=Mizuta Theorem 6 (resolved per point) [empirical operator norm],empirical-operator-norm,empirical,,8.0,16.0,mizuta2026-theorem6,6.300000000000004,0.011330328706147507,57.0,,,,[],,,,,,,,,,,,,,,[],,,,,,,empirical-operator-norm,[],10431.0,,,,9.703902300000079e-06,1.702439e-07,empirical-operator-norm,Repository empirical operator-norm calibration study v1 (2026-08-10),reviewed calibration opnorm-v1-heisenberg-open-mpf-new-m8; fixed formal powers,"{""empirical_coefficient"":1.702439e-07}",False,ideal-mpf,False,ordered individual Pauli terms,"[""the fixed formal-order powers in time and segments apply"",""the empirical estimate concerns the repeated ideal MPF operator"",""the reviewed affine size calibration extrapolates as flagged""]",,0.0,0.0,False,False,{},repeated-shared-ancilla-good-block,False,False,0.011330328706147507,new,"[1,2,3,4,5,6,11,29]","[-3.280633240950701e-11,1.38314223008236e-06,-0.00042434045620952707,0.013663236344294543,-0.0975962105352182,0.17214651362521294,-0.39147182230350597,1.3036812402160025]",1.9789847466554802,0.021015253344519813,61.0,registered-exact,True,8.0,4.0,2.0,5.0,10.0,6.0,6.0,3.0,2.0,3.0,2.0,one robust OAA round per segment,57.0,branch register all-zero,,64.0,9372168.0,6042.0,-1.0,974729640.0,16403103.0,analytical-model,0.0012589254117941675,opnorm-v1-heisenberg-open-mpf-new-m8,heisenberg_chain,affine-aN-plus-b,1.702439e-07,4.0,8.0,4.0,12.0,True,True,asymptotic-domain,0.1.0,3.11.9,2.5.0,b58b31db18364511c43757e27fffc7abce8df2c1,True,ok,,
1.0,heisenberg_chain:N057,-1.9,commutator,,8.0,56471.0,2.0,a8fa234e-a646-4911-8402-a67c302db4ae,2026-08-12T00:11:58.358108+00:00,c1ad72de628f71283ac69037e9bbe97c3e773952f5abde5eac91397ca322d1a6,resource-grid,heisenberg_chain,Heisenberg-57,"{""coupling"":1.0,""field_z"":0.3}",57,57.0,proportional,1.0,0.012589254117941675,185.10000000000065,225,mpf-j-mizuta2026-theorem6-mizuta2026-commutator-ideal-rigorous,multiproduct,MPF J=Mizuta Theorem 6 (resolved per point) [Mizuta 2026 refined commutator],mizuta2026-commutator-ideal-rigorous,analytical,,8.0,16.0,mizuta2026-theorem6,6.300000000000004,0.011330328706147507,56471.0,56471.0,,40802.0,"[""error""]",178.9531742646304,16.0,,,1.983987495903309e-07,7.243441390283983e-25,3.5935853155674885e-36,7.243441390248046e-25,7.243441390283983e-25,1.9839874959033092e-07,0.011330003927709423,1.5434979032695905e-05,False,0.0013970134982367384,"[1.0000000000000002,1.0000000000000002,1.0000000000000002,1.0000000000000002,1.0000000000000002,1.0000000000000002,1.0000000000000002,1.0000000000000002,1.0000000000000002,1.0000000000000002,1.0000000000000002,1.0000000000000002,1.0000000000000002,1.0000000000000002,1.0000000000000002,1.0000000000000002,1.0000000000000002,1.0000000000000002,1.0000000000000002,1.0000000000000002,1.0000000000000002,1.0000000000000002,1.0000000000000002,1.0000000000000002,1.0000000000000002,1.0000000000000002,1.0000000000000002,1.0000000000000002,1.0000000000000002,1.0000000000000002,1.0000000000000002,1.0000000000000002,1.0000000000000002,1.0000000000000002,1.0000000000000002,1.0000000000000002,1.0000000000000002,1.0000000000000002,1.0000000000000002,1.0000000000000002,1.0000000000000002,1.0000000000000002,1.0000000000000002,1.0000000000000002,1.0000000000000002,1.0000000000000002,1.0000000000000002,1.0000000000000002,1.0000000000000002,1.0000000000000002,1.0000000000000002,1.0000000000000002,1.0000000000000002,1.0000000000000002,1.0000000000000002,1.0000000000000002,1.0000000000000002,1.0000000000000002,1.0000000000000002,1.0000000000000002,1.0000000000000002,1.0000000000000002,1.0000000000000002,1.0000000000000002,1.0000000000000002,1.0000000000000002,1.0000000000000002,1.0000000000000002,1.0000000000000002,1.0000000000000002,1.0000000000000002,1.0000000000000002,1.0000000000000002,1.0000000000000002,1.0000000000000002,1.0000000000000002,1.0000000000000002,1.0000000000000002,1.0000000000000002,1.0000000000000002,1.0000000000000002,1.0000000000000002,1.0000000000000002,1.0000000000000002,1.0000000000000002,1.0000000000000002,1.0000000000000002,1.0000000000000002,1.0000000000000002,1.0000000000000002,1.0000000000000002,1.0000000000000002,1.0000000000000002,1.0000000000000002,1.0000000000000002,1.0000000000000002,1.0000000000000002,1.0000000000000002,1.0000000000000002,1.0000000000000002,1.0000000000000002,1.0000000000000002,1.0000000000000002,1.0000000000000002,1.0000000000000002,1.0000000000000002,1.0000000000000002,1.0000000000000002,1.0000000000000002,1.0000000000000002,1.0000000000000002,1.0000000000000002,1.0000000000000002,1.0000000000000002,1.0000000000000002,1.0000000000000002,1.0000000000000002,1.0000000000000002,1.0000000000000002,1.0000000000000002,1.0000000000000002,1.0000000000000002,1.0000000000000002,1.0000000000000002,1.0000000000000002,1.0000000000000002,1.0000000000000002,1.0000000000000002,1.0000000000000002,1.0000000000000002,1.0000000000000002,1.0000000000000002,1.0000000000000002,1.0000000000000002,1.0000000000000002,1.0000000000000002,1.0000000000000002,1.0000000000000002,1.0000000000000002,1.0000000000000002,1.0000000000000002,1.0000000000000002,1.0000000000000002,1.0000000000000002,1.0000000000000002,1.0000000000000002,1.0000000000000002,1.0000000000000002,1.0000000000000002,1.0000000000000002,1.0000000000000002,1.0000000000000002,1.0000000000000002,1.0000000000000002,1.0000000000000002,1.0000000000000002,1.0000000000000002,1.0000000000000002,1.0000000000000002,1.0000000000000002,1.0000000000000002,1.0000000000000002,1.0000000000000002,1.0000000000000002,1.0000000000000002,1.0000000000000002,1.0000000000000002,1.0000000000000002,1.0000000000000002,1.0000000000000002,1.0000000000000002,1.0000000000000002,1.0000000000000002,1.0000000000000002,1.0000000000000002,1.0000000000000002,1.0000000000000002,1.0000000000000002,1.0000000000000002,1.0000000000000002,1.0000000000000002,1.0000000000000002,1.0000000000000002,1.0000000000000002,1.0000000000000002,1.0000000000000002,1.0000000000000002,1.0000000000000002,1.0000000000000002,1.0000000000000002,1.0000000000000002,1.0000000000000002,1.0000000000000002,1.0000000000000002,1.0000000000000002,1.0000000000000002,1.0000000000000002,1.0000000000000002,1.0000000000000002,1.0000000000000002,1.0000000000000002,1.0000000000000002,1.0000000000000002,1.0000000000000002,1.0000000000000002,1.0000000000000002,1.0000000000000002,1.0000000000000002,1.0000000000000002,1.0000000000000002,1.0000000000000002,1.0000000000000002,1.0000000000000002,1.0000000000000002,1.0000000000000002,1.0000000000000002,1.0000000000000002,1.0000000000000002,1.0000000000000002,1.0000000000000002,1.0000000000000002,1.0000000000000002,1.0000000000000002,1.0000000000000002,1.0000000000000002]",6.300000000000007,3.0,True,exact commutator transition cap reached; locality bound used,not-used,commutator,mizuta2026-commutator-ideal-rigorous,[],10334193.0,,,,0.011330003927709423,1.6931659133494533e+44,mizuta2026-commutator-ideal-rigorous,"Mizuta, Quantum 10, 1974 (2026), arXiv:2507.06557v4","Theorem 4, Eqs. (47)--(49), with direct Lemmas 9--10 BCH remainder","{""error_predicate_satisfied"":1.0,""extensiveness_g"":6.300000000000004,""joint_predicate_satisfied"":1.0,""legacy_first_condition_passed"":0.0,""legacy_first_time_limit"":1.5434979032695905e-05,""local_commutator_error"":1.983987495903309e-07,""local_step_error"":1.9839874959033092e-07,""local_truncated_bch_error"":7.243441390283983e-25,""locality_k"":2.0,""mu_upper"":178.9531742646304,""refined_lemma10_remainder"":7.243441390248046e-25,""refined_lemma9_remainder"":3.5935853155674885e-36,""refined_tail_fallback"":0.0,""repeated_global_error"":0.011330003927709423,""schedule_weighted_extensiveness"":6.300000000000007,""second_time_limit"":0.0013970134982367384,""time_2_predicate_satisfied"":1.0,""total_branchwise_bch_remainder"":7.243441390283983e-25,""truncation_order_p0"":16.0}",True,ideal-mpf,True,ordered individual Pauli terms,"[""individual Pauli summands define the ordered H_gamma decomposition"",""the actual Strang factors define schedule-weighted g_alpha extensiveness"",""Lemma 9 and Lemma 10 positive majorants directly certify the BCH remainder"",""the scalar-flow/Cauchy refined tail certificate is used"",""Theorem 4 second time hypothesis is satisfied"",""the repeated ideal MPF is composed with the Eq. (15) telescoping argument""]","exact Pauli recurrence would require 307800 transitions at order 4, above cap 250000; remaining orders use Mizuta 2026 Eq. (8)",16.0,3.0,True,True,"{""2"":1588.800000000002,""3"":26021.760000000057,""4"":34480081.03680006,""5"":3475592168.5094457,""6"":437924613232.18976,""7"":66214201520707.76,""8"":1.1680185148252828e+16,""9"":2.354725325887758e+18,""10"":5.3405170391134274e+20,""11"":1.345810293856585e+23,""12"":3.7305861345704733e+25,""13"":1.1281292470941247e+28,""14"":3.6957514134803366e+30,""15"":1.303861098675863e+33,""16"":4.9285949529947805e+35}",repeated-shared-ancilla-good-block,True,False,0.011330328706147507,new,"[1,2,3,4,5,6,11,29]","[-3.280633240950701e-11,1.38314223008236e-06,-0.00042434045620952707,0.013663236344294543,-0.0975962105352182,0.17214651362521294,-0.39147182230350597,1.3036812402160025]",1.9789847466554802,0.021015253344519813,61.0,registered-exact,True,8.0,4.0,2.0,5.0,10.0,6.0,6.0,3.0,2.0,3.0,2.0,one robust OAA round per segment,56471.0,branch register all-zero,,64.0,9285187704.0,5985926.0,-1.0,1244239096040.0,16250869743.0,analytical-model,0.0012589254117941675,,,,,,,,,,,,0.1.0,3.11.9,2.5.0,b58b31db18364511c43757e27fffc7abce8df2c1,True,ok,,
1.0,heisenberg_chain:N057,-2.0,commutator,117403.0,,,2.0,a8fa234e-a646-4911-8402-a67c302db4ae,2026-08-12T00:11:58.358108+00:00,c1ad72de628f71283ac69037e9bbe97c3e773952f5abde5eac91397ca322d1a6,resource-grid,heisenberg_chain,Heisenberg-57,"{""coupling"":1.0,""field_z"":0.3}",57,57.0,proportional,1.0,0.01,185.10000000000065,225,trotter-p2,trotter,Trotter p=2,analytical,analytical,2.0,,,,,,117403.0,,,,,,,,,,,,,,,,,,,,,,,,,,,,,,individual,225.0,0.008999891133248098,669.839999999999,childs-commutator,"Childs, Su, Tran, Wiebe, and Zhu, arXiv:1912.08854",Propositions 9--10,"{""prefactor"":669.839999999999}",True,implemented-product-formula,True,,"[""the resolved ordered Hamiltonian groups match the implemented formula""]",,,,,,,implemented-product-formula,True,True,0.009000000000000001,,,,,,,,,,,,,,,,,,,1.0,none,0.0,system register,1.0,57.0,52713947.0,0.0,-1.0,5956676011.0,78719495.0,analytical-model,0.001,,,,,,,,,,,,0.1.0,3.11.9,2.5.0,b58b31db18364511c43757e27fffc7abce8df2c1,True,ok,,
1.0,heisenberg_chain:N057,-2.0,empirical,35722.0,,,2.0,a8fa234e-a646-4911-8402-a67c302db4ae,2026-08-12T00:11:58.358108+00:00,c1ad72de628f71283ac69037e9bbe97c3e773952f5abde5eac91397ca322d1a6,resource-grid,heisenberg_chain,Heisenberg-57,"{""coupling"":1.0,""field_z"":0.3}",57,57.0,proportional,1.0,0.01,185.10000000000065,225,trotter-p2-empirical,trotter,Trotter p=2 [empirical],empirical-operator-norm,empirical,2.0,,,,,,35722.0,,,,,,,,,,,,,,,,,,,,,,,,,,,,,,individual,225.0,0.008999523883517796,62.0106807611,empirical-operator-norm,Repository empirical operator-norm calibration study v1 (2026-08-10),reviewed calibration opnorm-v1-heisenberg-open-trotter-p2; artifact docs/calibration_data/empirical_1d_v1_accepted.json,"{""prefactor"":62.0106807611}",False,implemented-product-formula,False,,"[""the resolved ordered Hamiltonian groups match the implemented formula"",""the fixed formal-order powers in time and segments apply"",""the reviewed affine size calibration extrapolates as flagged""]",,,,,,,implemented-product-formula,False,False,0.009000000000000001,,,,,,,,,,,,,,,,,,,1.0,none,0.0,system register,1.0,57.0,16039178.0,0.0,-1.0,1716192046.0,23951840.0,analytical-model,0.001,opnorm-v1-heisenberg-open-trotter-p2,heisenberg_chain,affine-aN-plus-b,62.0106807611,4.0,12.0,4.0,12.0,True,True,formula,0.1.0,3.11.9,2.5.0,b58b31db18364511c43757e27fffc7abce8df2c1,True,ok,,
1.0,heisenberg_chain:N057,-2.0,commutator,7120.0,,,2.0,a8fa234e-a646-4911-8402-a67c302db4ae,2026-08-12T00:11:58.358108+00:00,c1ad72de628f71283ac69037e9bbe97c3e773952f5abde5eac91397ca322d1a6,resource-grid,heisenberg_chain,Heisenberg-57,"{""coupling"":1.0,""field_z"":0.3}",57,57.0,proportional,1.0,0.01,185.10000000000065,225,trotter-p4,trotter,Trotter p=4,analytical,analytical,4.0,,,,,,7120.0,,,,,,,,,,,,,,,,,,,,,,,,,,,,,,commuting,3.0,0.008996067910773916,38423.63263718384,schubert-mendl-commutator,"Schubert and Mendl, arXiv:2306.10603",Theorem 1,"{""prefactor"":38423.63263718384}",True,implemented-product-formula,True,,"[""the resolved ordered Hamiltonian groups match the implemented formula""]",,,,,,,implemented-product-formula,True,True,0.009000000000000001,,,,,,,,,,,,,,,,,,,1.0,none,0.0,system register,1.0,57.0,14062000.0,0.0,-1.0,1504634000.0,20999254.0,analytical-model,0.001,,,,,,,,,,,,0.1.0,3.11.9,2.5.0,b58b31db18364511c43757e27fffc7abce8df2c1,True,ok,,
1.0,heisenberg_chain:N057,-2.0,empirical,1010.0,,,2.0,a8fa234e-a646-4911-8402-a67c302db4ae,2026-08-12T00:11:58.358108+00:00,c1ad72de628f71283ac69037e9bbe97c3e773952f5abde5eac91397ca322d1a6,resource-grid,heisenberg_chain,Heisenberg-57,"{""coupling"":1.0,""field_z"":0.3}",57,57.0,proportional,1.0,0.01,185.10000000000065,225,trotter-p4-empirical,trotter,Trotter p=4 [empirical],empirical-operator-norm,empirical,4.0,,,,,,1010.0,,,,,,,,,,,,,,,,,,,,,,,,,,,,,,commuting,3.0,0.008974690379116787,15.521392859299997,empirical-operator-norm,Repository empirical operator-norm calibration study v1 (2026-08-10),reviewed calibration opnorm-v1-heisenberg-open-trotter-p4; artifact docs/calibration_data/empirical_1d_v1_accepted.json,"{""prefactor"":15.521392859299997}",False,implemented-product-formula,False,,"[""the resolved ordered Hamiltonian groups match the implemented formula"",""the fixed formal-order powers in time and segments apply"",""the reviewed affine size calibration extrapolates as flagged""]",,,,,,,implemented-product-formula,False,False,0.009000000000000001,,,,,,,,,,,,,,,,,,,1.0,none,0.0,system register,1.0,57.0,1994750.0,0.0,-1.0,195485500.0,2978827.0,analytical-model,0.001,opnorm-v1-heisenberg-open-trotter-p4,heisenberg_chain,affine-aN-plus-b,15.521392859299997,4.0,12.0,4.0,12.0,True,True,formula,0.1.0,3.11.9,2.5.0,b58b31db18364511c43757e27fffc7abce8df2c1,True,ok,,
1.0,heisenberg_chain:N057,-2.0,commutator,3826.0,,,2.0,a8fa234e-a646-4911-8402-a67c302db4ae,2026-08-12T00:11:58.358108+00:00,c1ad72de628f71283ac69037e9bbe97c3e773952f5abde5eac91397ca322d1a6,resource-grid,heisenberg_chain,Heisenberg-57,"{""coupling"":1.0,""field_z"":0.3}",57,57.0,proportional,1.0,0.01,185.10000000000065,225,trotter-p6,trotter,Trotter p=6,analytical,analytical,6.0,,,,,,3826.0,,,,,,,,,,,,,,,,,,,,,,,,,,,,,,commuting,3.0,0.008994943472070006,14432588.951672671,schubert-mendl-commutator,"Schubert and Mendl, arXiv:2306.10603",Theorem 1,"{""prefactor"":14432588.951672671}",True,implemented-product-formula,True,,"[""the resolved ordered Hamiltonian groups match the implemented formula""]",,,,,,,implemented-product-formula,True,True,0.009000000000000001,,,,,,,,,,,,,,,,,,,1.0,none,0.0,system register,1.0,57.0,37781750.0,0.0,-1.0,4193774250.0,56420747.0,analytical-model,0.001,,,,,,,,,,,,0.1.0,3.11.9,2.5.0,b58b31db18364511c43757e27fffc7abce8df2c1,True,ok,,
1.0,heisenberg_chain:N057,-2.0,empirical,342.0,,,2.0,a8fa234e-a646-4911-8402-a67c302db4ae,2026-08-12T00:11:58.358108+00:00,c1ad72de628f71283ac69037e9bbe97c3e773952f5abde5eac91397ca322d1a6,resource-grid,heisenberg_chain,Heisenberg-57,"{""coupling"":1.0,""field_z"":0.3}",57,57.0,proportional,1.0,0.01,185.10000000000065,225,trotter-p6-empirical,trotter,Trotter p=6 [empirical],empirical-operator-norm,empirical,6.0,,,,,,342.0,,,,,,,,,,,,,,,,,,,,,,,,,,,,,,commuting,3.0,0.00027534962853652305,0.225380917,empirical-operator-norm,Repository empirical operator-norm calibration study v1 (2026-08-10),reviewed calibration opnorm-v1-heisenberg-open-trotter-p6; artifact docs/calibration_data/empirical_1d_v1_accepted.json,"{""prefactor"":0.225380917}",False,implemented-product-formula,False,,"[""the resolved ordered Hamiltonian groups match the implemented formula"",""the fixed formal-order powers in time and segments apply"",""the reviewed affine size calibration extrapolates as flagged""]",,,,,,,implemented-product-formula,False,False,0.009000000000000001,,,,,,,,,,,,,,,,,,,1.0,none,0.0,system register,1.0,57.0,3377250.0,0.0,-1.0,337725000.0,5043360.0,analytical-model,0.001,opnorm-v1-heisenberg-open-trotter-p6,heisenberg_chain,affine-aN-plus-b,0.225380917,4.0,12.0,4.0,12.0,True,True,asymptotic-domain,0.1.0,3.11.9,2.5.0,b58b31db18364511c43757e27fffc7abce8df2c1,True,ok,,
1.0,heisenberg_chain:N057,-2.0,jacobi-anger,,,,2.0,a8fa234e-a646-4911-8402-a67c302db4ae,2026-08-12T00:11:58.358108+00:00,c1ad72de628f71283ac69037e9bbe97c3e773952f5abde5eac91397ca322d1a6,resource-grid,heisenberg_chain,Heisenberg-57,"{""coupling"":1.0,""field_z"":0.3}",57,57.0,proportional,1.0,0.01,185.10000000000065,225,qsvt,qsvt,QSVT,jacobi-anger-rigorous,analytical,,,,,,,,,,,,,,,,,,,,,,,,,,,,,,,,,,,86055.0,14343.0,,,0.0013982023839822105,,jacobi-anger-polynomial-oaa,"Martyn et al., arXiv:2105.02859, Eqs. (76)--(77)",Jacobi--Anger tails plus exact cubic OAA identity,"{""oaa-unitarity-defect-distortion"":0.000699467450157843,""scaled-polynomial-error"":0.0006987349338243675}",True,ideal-qsvt-oaa-good-block,True,,"[""the cosine and sine polynomials are implemented exactly"",""the unamplified good block is exactly Q/2""]",,,,,,,implemented-qsvt-floating-phase-circuit,False,False,0.009000000000000001,,,,,,,,,,,,,,,,,,,2.0,one robust OAA round,1.0,"component, quadrature, and index registers all-zero",,75.0,44060172.0,156448116.0,-1.0,5560531728.0,1016224251.0,analytical-model,0.001,,,,,,,,,,,,0.1.0,3.11.9,2.5.0,b58b31db18364511c43757e27fffc7abce8df2c1,True,ok,,
1.0,heisenberg_chain:N057,-2.0,empirical,,8.0,57.0,2.0,a8fa234e-a646-4911-8402-a67c302db4ae,2026-08-12T00:11:58.358108+00:00,c1ad72de628f71283ac69037e9bbe97c3e773952f5abde5eac91397ca322d1a6,resource-grid,heisenberg_chain,Heisenberg-57,"{""coupling"":1.0,""field_z"":0.3}",57,57.0,proportional,1.0,0.01,185.10000000000065,225,mpf-j-mizuta2026-theorem6-empirical-operator-norm,multiproduct,MPF J=Mizuta Theorem 6 (resolved per point) [empirical operator norm],empirical-operator-norm,empirical,,8.0,16.0,mizuta2026-theorem6,6.300000000000004,0.009000000000000001,57.0,,,,[],,,,,,,,,,,,,,,[],,,,,,,empirical-operator-norm,[],10431.0,,,,9.703902300000079e-06,1.702439e-07,empirical-operator-norm,Repository empirical operator-norm calibration study v1 (2026-08-10),reviewed calibration opnorm-v1-heisenberg-open-mpf-new-m8; fixed formal powers,"{""empirical_coefficient"":1.702439e-07}",False,ideal-mpf,False,ordered individual Pauli terms,"[""the fixed formal-order powers in time and segments apply"",""the empirical estimate concerns the repeated ideal MPF operator"",""the reviewed affine size calibration extrapolates as flagged""]",,0.0,0.0,False,False,{},repeated-shared-ancilla-good-block,False,False,0.009000000000000001,new,"[1,2,3,4,5,6,11,29]","[-3.280633240950701e-11,1.38314223008236e-06,-0.00042434045620952707,0.013663236344294543,-0.0975962105352182,0.17214651362521294,-0.39147182230350597,1.3036812402160025]",1.9789847466554802,0.021015253344519813,61.0,registered-exact,True,8.0,4.0,2.0,5.0,10.0,6.0,6.0,3.0,2.0,3.0,2.0,one robust OAA round per segment,57.0,branch register all-zero,,64.0,9372168.0,6042.0,-1.0,984101808.0,16403103.0,analytical-model,0.001,opnorm-v1-heisenberg-open-mpf-new-m8,heisenberg_chain,affine-aN-plus-b,1.702439e-07,4.0,8.0,4.0,12.0,True,True,asymptotic-domain,0.1.0,3.11.9,2.5.0,b58b31db18364511c43757e27fffc7abce8df2c1,True,ok,,
1.0,heisenberg_chain:N057,-2.0,commutator,,8.0,57282.0,2.0,a8fa234e-a646-4911-8402-a67c302db4ae,2026-08-12T00:11:58.358108+00:00,c1ad72de628f71283ac69037e9bbe97c3e773952f5abde5eac91397ca322d1a6,resource-grid,heisenberg_chain,Heisenberg-57,"{""coupling"":1.0,""field_z"":0.3}",57,57.0,proportional,1.0,0.01,185.10000000000065,225,mpf-j-mizuta2026-theorem6-mizuta2026-commutator-ideal-rigorous,multiproduct,MPF J=Mizuta Theorem 6 (resolved per point) [Mizuta 2026 refined commutator],mizuta2026-commutator-ideal-rigorous,analytical,,8.0,16.0,mizuta2026-theorem6,6.300000000000004,0.009000000000000001,57282.0,57282.0,,40802.0,"[""error""]",178.9531742646304,16.0,,,1.556908619476553e-07,5.6752222419518965e-25,2.8192252838019377e-36,5.675222241923703e-25,5.6752222419518965e-25,1.5569086194765534e-07,0.00899817405364336,1.5434979032695905e-05,False,0.0013970134982367384,"[1.0000000000000002,1.0000000000000002,1.0000000000000002,1.0000000000000002,1.0000000000000002,1.0000000000000002,1.0000000000000002,1.0000000000000002,1.0000000000000002,1.0000000000000002,1.0000000000000002,1.0000000000000002,1.0000000000000002,1.0000000000000002,1.0000000000000002,1.0000000000000002,1.0000000000000002,1.0000000000000002,1.0000000000000002,1.0000000000000002,1.0000000000000002,1.0000000000000002,1.0000000000000002,1.0000000000000002,1.0000000000000002,1.0000000000000002,1.0000000000000002,1.0000000000000002,1.0000000000000002,1.0000000000000002,1.0000000000000002,1.0000000000000002,1.0000000000000002,1.0000000000000002,1.0000000000000002,1.0000000000000002,1.0000000000000002,1.0000000000000002,1.0000000000000002,1.0000000000000002,1.0000000000000002,1.0000000000000002,1.0000000000000002,1.0000000000000002,1.0000000000000002,1.0000000000000002,1.0000000000000002,1.0000000000000002,1.0000000000000002,1.0000000000000002,1.0000000000000002,1.0000000000000002,1.0000000000000002,1.0000000000000002,1.0000000000000002,1.0000000000000002,1.0000000000000002,1.0000000000000002,1.0000000000000002,1.0000000000000002,1.0000000000000002,1.0000000000000002,1.0000000000000002,1.0000000000000002,1.0000000000000002,1.0000000000000002,1.0000000000000002,1.0000000000000002,1.0000000000000002,1.0000000000000002,1.0000000000000002,1.0000000000000002,1.0000000000000002,1.0000000000000002,1.0000000000000002,1.0000000000000002,1.0000000000000002,1.0000000000000002,1.0000000000000002,1.0000000000000002,1.0000000000000002,1.0000000000000002,1.0000000000000002,1.0000000000000002,1.0000000000000002,1.0000000000000002,1.0000000000000002,1.0000000000000002,1.0000000000000002,1.0000000000000002,1.0000000000000002,1.0000000000000002,1.0000000000000002,1.0000000000000002,1.0000000000000002,1.0000000000000002,1.0000000000000002,1.0000000000000002,1.0000000000000002,1.0000000000000002,1.0000000000000002,1.0000000000000002,1.0000000000000002,1.0000000000000002,1.0000000000000002,1.0000000000000002,1.0000000000000002,1.0000000000000002,1.0000000000000002,1.0000000000000002,1.0000000000000002,1.0000000000000002,1.0000000000000002,1.0000000000000002,1.0000000000000002,1.0000000000000002,1.0000000000000002,1.0000000000000002,1.0000000000000002,1.0000000000000002,1.0000000000000002,1.0000000000000002,1.0000000000000002,1.0000000000000002,1.0000000000000002,1.0000000000000002,1.0000000000000002,1.0000000000000002,1.0000000000000002,1.0000000000000002,1.0000000000000002,1.0000000000000002,1.0000000000000002,1.0000000000000002,1.0000000000000002,1.0000000000000002,1.0000000000000002,1.0000000000000002,1.0000000000000002,1.0000000000000002,1.0000000000000002,1.0000000000000002,1.0000000000000002,1.0000000000000002,1.0000000000000002,1.0000000000000002,1.0000000000000002,1.0000000000000002,1.0000000000000002,1.0000000000000002,1.0000000000000002,1.0000000000000002,1.0000000000000002,1.0000000000000002,1.0000000000000002,1.0000000000000002,1.0000000000000002,1.0000000000000002,1.0000000000000002,1.0000000000000002,1.0000000000000002,1.0000000000000002,1.0000000000000002,1.0000000000000002,1.0000000000000002,1.0000000000000002,1.0000000000000002,1.0000000000000002,1.0000000000000002,1.0000000000000002,1.0000000000000002,1.0000000000000002,1.0000000000000002,1.0000000000000002,1.0000000000000002,1.0000000000000002,1.0000000000000002,1.0000000000000002,1.0000000000000002,1.0000000000000002,1.0000000000000002,1.0000000000000002,1.0000000000000002,1.0000000000000002,1.0000000000000002,1.0000000000000002,1.0000000000000002,1.0000000000000002,1.0000000000000002,1.0000000000000002,1.0000000000000002,1.0000000000000002,1.0000000000000002,1.0000000000000002,1.0000000000000002,1.0000000000000002,1.0000000000000002,1.0000000000000002,1.0000000000000002,1.0000000000000002,1.0000000000000002,1.0000000000000002,1.0000000000000002,1.0000000000000002,1.0000000000000002,1.0000000000000002,1.0000000000000002,1.0000000000000002,1.0000000000000002,1.0000000000000002,1.0000000000000002,1.0000000000000002,1.0000000000000002,1.0000000000000002,1.0000000000000002,1.0000000000000002,1.0000000000000002,1.0000000000000002,1.0000000000000002,1.0000000000000002,1.0000000000000002,1.0000000000000002,1.0000000000000002,1.0000000000000002,1.0000000000000002]",6.300000000000007,3.0,True,exact commutator transition cap reached; locality bound used,not-used,commutator,mizuta2026-commutator-ideal-rigorous,[],10482606.0,,,,0.00899817405364336,1.6931659133494533e+44,mizuta2026-commutator-ideal-rigorous,"Mizuta, Quantum 10, 1974 (2026), arXiv:2507.06557v4","Theorem 4, Eqs. (47)--(49), with direct Lemmas 9--10 BCH remainder","{""error_predicate_satisfied"":1.0,""extensiveness_g"":6.300000000000004,""joint_predicate_satisfied"":1.0,""legacy_first_condition_passed"":0.0,""legacy_first_time_limit"":1.5434979032695905e-05,""local_commutator_error"":1.556908619476553e-07,""local_step_error"":1.5569086194765534e-07,""local_truncated_bch_error"":5.6752222419518965e-25,""locality_k"":2.0,""mu_upper"":178.9531742646304,""refined_lemma10_remainder"":5.675222241923703e-25,""refined_lemma9_remainder"":2.8192252838019377e-36,""refined_tail_fallback"":0.0,""repeated_global_error"":0.00899817405364336,""schedule_weighted_extensiveness"":6.300000000000007,""second_time_limit"":0.0013970134982367384,""time_2_predicate_satisfied"":1.0,""total_branchwise_bch_remainder"":5.6752222419518965e-25,""truncation_order_p0"":16.0}",True,ideal-mpf,True,ordered individual Pauli terms,"[""individual Pauli summands define the ordered H_gamma decomposition"",""the actual Strang factors define schedule-weighted g_alpha extensiveness"",""Lemma 9 and Lemma 10 positive majorants directly certify the BCH remainder"",""the scalar-flow/Cauchy refined tail certificate is used"",""Theorem 4 second time hypothesis is satisfied"",""the repeated ideal MPF is composed with the Eq. (15) telescoping argument""]","exact Pauli recurrence would require 307800 transitions at order 4, above cap 250000; remaining orders use Mizuta 2026 Eq. (8)",16.0,3.0,True,True,"{""2"":1588.800000000002,""3"":26021.760000000057,""4"":34480081.03680006,""5"":3475592168.5094457,""6"":437924613232.18976,""7"":66214201520707.76,""8"":1.1680185148252828e+16,""9"":2.354725325887758e+18,""10"":5.3405170391134274e+20,""11"":1.345810293856585e+23,""12"":3.7305861345704733e+25,""13"":1.1281292470941247e+28,""14"":3.6957514134803366e+30,""15"":1.303861098675863e+33,""16"":4.9285949529947805e+35}",repeated-shared-ancilla-good-block,True,False,0.009000000000000001,new,"[1,2,3,4,5,6,11,29]","[-3.280633240950701e-11,1.38314223008236e-06,-0.00042434045620952707,0.013663236344294543,-0.0975962105352182,0.17214651362521294,-0.39147182230350597,1.3036812402160025]",1.9789847466554802,0.021015253344519813,61.0,registered-exact,True,8.0,4.0,2.0,5.0,10.0,6.0,6.0,3.0,2.0,3.0,2.0,one robust OAA round per segment,57282.0,branch register all-zero,,64.0,9418535568.0,6071892.0,-1.0,1271526589248.0,16484254230.0,analytical-model,0.001,,,,,,,,,,,,0.1.0,3.11.9,2.5.0,b58b31db18364511c43757e27fffc7abce8df2c1,True,ok,,
1.0,heisenberg_chain:N057,-2.1,commutator,131728.0,,,2.0,a8fa234e-a646-4911-8402-a67c302db4ae,2026-08-12T00:11:58.358108+00:00,c1ad72de628f71283ac69037e9bbe97c3e773952f5abde5eac91397ca322d1a6,resource-grid,heisenberg_chain,Heisenberg-57,"{""coupling"":1.0,""field_z"":0.3}",57,57.0,proportional,1.0,0.007943282347242814,185.10000000000065,225,trotter-p2,trotter,Trotter p=2,analytical,analytical,2.0,,,,,,131728.0,,,,,,,,,,,,,,,,,,,,,,,,,,,,,,individual,225.0,0.007148903735937559,669.839999999999,childs-commutator,"Childs, Su, Tran, Wiebe, and Zhu, arXiv:1912.08854",Propositions 9--10,"{""prefactor"":669.839999999999}",True,implemented-product-formula,True,,"[""the resolved ordered Hamiltonian groups match the implemented formula""]",,,,,,,implemented-product-formula,True,True,0.007148954112518533,,,,,,,,,,,,,,,,,,,1.0,none,0.0,system register,1.0,57.0,59145872.0,0.0,-1.0,6742629408.0,88324503.0,analytical-model,0.0007943282347242814,,,,,,,,,,,,0.1.0,3.11.9,2.5.0,b58b31db18364511c43757e27fffc7abce8df2c1,True,ok,,
1.0,heisenberg_chain:N057,-2.1,empirical,40080.0,,,2.0,a8fa234e-a646-4911-8402-a67c302db4ae,2026-08-12T00:11:58.358108+00:00,c1ad72de628f71283ac69037e9bbe97c3e773952f5abde5eac91397ca322d1a6,resource-grid,heisenberg_chain,Heisenberg-57,"{""coupling"":1.0,""field_z"":0.3}",57,57.0,proportional,1.0,0.007943282347242814,185.10000000000065,225,trotter-p2-empirical,trotter,Trotter p=2 [empirical],empirical-operator-norm,empirical,2.0,,,,,,40080.0,,,,,,,,,,,,,,,,,,,,,,,,,,,,,,individual,225.0,0.007148841041837477,62.0106807611,empirical-operator-norm,Repository empirical operator-norm calibration study v1 (2026-08-10),reviewed calibration opnorm-v1-heisenberg-open-trotter-p2; artifact docs/calibration_data/empirical_1d_v1_accepted.json,"{""prefactor"":62.0106807611}",False,implemented-product-formula,False,,"[""the resolved ordered Hamiltonian groups match the implemented formula"",""the fixed formal-order powers in time and segments apply"",""the reviewed affine size calibration extrapolates as flagged""]",,,,,,,implemented-product-formula,False,False,0.007148954112518533,,,,,,,,,,,,,,,,,,,1.0,none,0.0,system register,1.0,57.0,17995920.0,0.0,-1.0,1961555280.0,26873908.0,analytical-model,0.0007943282347242814,opnorm-v1-heisenberg-open-trotter-p2,heisenberg_chain,affine-aN-plus-b,62.0106807611,4.0,12.0,4.0,12.0,True,True,formula,0.1.0,3.11.9,2.5.0,b58b31db18364511c43757e27fffc7abce8df2c1,True,ok,,
1.0,heisenberg_chain:N057,-2.1,commutator,7542.0,,,2.0,a8fa234e-a646-4911-8402-a67c302db4ae,2026-08-12T00:11:58.358108+00:00,c1ad72de628f71283ac69037e9bbe97c3e773952f5abde5eac91397ca322d1a6,resource-grid,heisenberg_chain,Heisenberg-57,"{""coupling"":1.0,""field_z"":0.3}",57,57.0,proportional,1.0,0.007943282347242814,185.10000000000065,225,trotter-p4,trotter,Trotter p=4,analytical,analytical,4.0,,,,,,7542.0,,,,,,,,,,,,,,,,,,,,,,,,,,,,,,commuting,3.0,0.007145400688789724,38423.63263718384,schubert-mendl-commutator,"Schubert and Mendl, arXiv:2306.10603",Theorem 1,"{""prefactor"":38423.63263718384}",True,implemented-product-formula,True,,"[""the resolved ordered Hamiltonian groups match the implemented formula""]",,,,,,,implemented-product-formula,True,True,0.007148954112518533,,,,,,,,,,,,,,,,,,,1.0,none,0.0,system register,1.0,57.0,14895450.0,0.0,-1.0,1608708600.0,22243872.0,analytical-model,0.0007943282347242814,,,,,,,,,,,,0.1.0,3.11.9,2.5.0,b58b31db18364511c43757e27fffc7abce8df2c1,True,ok,,
1.0,heisenberg_chain:N057,-2.1,empirical,1070.0,,,2.0,a8fa234e-a646-4911-8402-a67c302db4ae,2026-08-12T00:11:58.358108+00:00,c1ad72de628f71283ac69037e9bbe97c3e773952f5abde5eac91397ca322d1a6,resource-grid,heisenberg_chain,Heisenberg-57,"{""coupling"":1.0,""field_z"":0.3}",57,57.0,proportional,1.0,0.007943282347242814,185.10000000000065,225,trotter-p4-empirical,trotter,Trotter p=4 [empirical],empirical-operator-norm,empirical,4.0,,,,,,1070.0,,,,,,,,,,,,,,,,,,,,,,,,,,,,,,commuting,3.0,0.00712475375708333,15.521392859299997,empirical-operator-norm,Repository empirical operator-norm calibration study v1 (2026-08-10),reviewed calibration opnorm-v1-heisenberg-open-trotter-p4; artifact docs/calibration_data/empirical_1d_v1_accepted.json,"{""prefactor"":15.521392859299997}",False,implemented-product-formula,False,,"[""the resolved ordered Hamiltonian groups match the implemented formula"",""the fixed formal-order powers in time and segments apply"",""the reviewed affine size calibration extrapolates as flagged""]",,,,,,,implemented-product-formula,False,False,0.007148954112518533,,,,,,,,,,,,,,,,,,,1.0,none,0.0,system register,1.0,57.0,2113250.0,0.0,-1.0,209211750.0,3155787.0,analytical-model,0.0007943282347242814,opnorm-v1-heisenberg-open-trotter-p4,heisenberg_chain,affine-aN-plus-b,15.521392859299997,4.0,12.0,4.0,12.0,True,True,formula,0.1.0,3.11.9,2.5.0,b58b31db18364511c43757e27fffc7abce8df2c1,True,ok,,
1.0,heisenberg_chain:N057,-2.1,commutator,3976.0,,,2.0,a8fa234e-a646-4911-8402-a67c302db4ae,2026-08-12T00:11:58.358108+00:00,c1ad72de628f71283ac69037e9bbe97c3e773952f5abde5eac91397ca322d1a6,resource-grid,heisenberg_chain,Heisenberg-57,"{""coupling"":1.0,""field_z"":0.3}",57,57.0,proportional,1.0,0.007943282347242814,185.10000000000065,225,trotter-p6,trotter,Trotter p=6,analytical,analytical,6.0,,,,,,3976.0,,,,,,,,,,,,,,,,,,,,,,,,,,,,,,commuting,3.0,0.0071415088414122615,14432588.951672671,schubert-mendl-commutator,"Schubert and Mendl, arXiv:2306.10603",Theorem 1,"{""prefactor"":14432588.951672671}",True,implemented-product-formula,True,,"[""the resolved ordered Hamiltonian groups match the implemented formula""]",,,,,,,implemented-product-formula,True,True,0.007148954112518533,,,,,,,,,,,,,,,,,,,1.0,none,0.0,system register,1.0,57.0,39263000.0,0.0,-1.0,4397456000.0,58632747.0,analytical-model,0.0007943282347242814,,,,,,,,,,,,0.1.0,3.11.9,2.5.0,b58b31db18364511c43757e27fffc7abce8df2c1,True,ok,,
1.0,heisenberg_chain:N057,-2.1,empirical,342.0,,,2.0,a8fa234e-a646-4911-8402-a67c302db4ae,2026-08-12T00:11:58.358108+00:00,c1ad72de628f71283ac69037e9bbe97c3e773952f5abde5eac91397ca322d1a6,resource-grid,heisenberg_chain,Heisenberg-57,"{""coupling"":1.0,""field_z"":0.3}",57,57.0,proportional,1.0,0.007943282347242814,185.10000000000065,225,trotter-p6-empirical,trotter,Trotter p=6 [empirical],empirical-operator-norm,empirical,6.0,,,,,,342.0,,,,,,,,,,,,,,,,,,,,,,,,,,,,,,commuting,3.0,0.00027534962853652305,0.225380917,empirical-operator-norm,Repository empirical operator-norm calibration study v1 (2026-08-10),reviewed calibration opnorm-v1-heisenberg-open-trotter-p6; artifact docs/calibration_data/empirical_1d_v1_accepted.json,"{""prefactor"":0.225380917}",False,implemented-product-formula,False,,"[""the resolved ordered Hamiltonian groups match the implemented formula"",""the fixed formal-order powers in time and segments apply"",""the reviewed affine size calibration extrapolates as flagged""]",,,,,,,implemented-product-formula,False,False,0.007148954112518533,,,,,,,,,,,,,,,,,,,1.0,none,0.0,system register,1.0,57.0,3377250.0,0.0,-1.0,341102250.0,5043360.0,analytical-model,0.0007943282347242814,opnorm-v1-heisenberg-open-trotter-p6,heisenberg_chain,affine-aN-plus-b,0.225380917,4.0,12.0,4.0,12.0,True,True,asymptotic-domain,0.1.0,3.11.9,2.5.0,b58b31db18364511c43757e27fffc7abce8df2c1,True,ok,,
1.0,heisenberg_chain:N057,-2.1,jacobi-anger,,,,2.0,a8fa234e-a646-4911-8402-a67c302db4ae,2026-08-12T00:11:58.358108+00:00,c1ad72de628f71283ac69037e9bbe97c3e773952f5abde5eac91397ca322d1a6,resource-grid,heisenberg_chain,Heisenberg-57,"{""coupling"":1.0,""field_z"":0.3}",57,57.0,proportional,1.0,0.007943282347242814,185.10000000000065,225,qsvt,qsvt,QSVT,jacobi-anger-rigorous,analytical,,,,,,,,,,,,,,,,,,,,,,,,,,,,,,,,,,,86055.0,14343.0,,,0.0011923717828695697,,jacobi-anger-polynomial-oaa,"Martyn et al., arXiv:2105.02859, Eqs. (76)--(77)",Jacobi--Anger tails plus exact cubic OAA identity,"{""oaa-unitarity-defect-distortion"":0.000596452284377038,""scaled-polynomial-error"":0.0005959194984925317}",True,ideal-qsvt-oaa-good-block,True,,"[""the cosine and sine polynomials are implemented exactly"",""the unamplified good block is exactly Q/2""]",,,,,,,implemented-qsvt-floating-phase-circuit,False,False,0.007148954112518533,,,,,,,,,,,,,,,,,,,2.0,one robust OAA round,1.0,"component, quadrature, and index registers all-zero",,75.0,44060172.0,156448116.0,-1.0,5604591900.0,1016224251.0,analytical-model,0.0007943282347242814,,,,,,,,,,,,0.1.0,3.11.9,2.5.0,b58b31db18364511c43757e27fffc7abce8df2c1,True,ok,,
1.0,heisenberg_chain:N057,-2.1,empirical,,8.0,57.0,2.0,a8fa234e-a646-4911-8402-a67c302db4ae,2026-08-12T00:11:58.358108+00:00,c1ad72de628f71283ac69037e9bbe97c3e773952f5abde5eac91397ca322d1a6,resource-grid,heisenberg_chain,Heisenberg-57,"{""coupling"":1.0,""field_z"":0.3}",57,57.0,proportional,1.0,0.007943282347242814,185.10000000000065,225,mpf-j-mizuta2026-theorem6-empirical-operator-norm,multiproduct,MPF J=Mizuta Theorem 6 (resolved per point) [empirical operator norm],empirical-operator-norm,empirical,,8.0,16.0,mizuta2026-theorem6,6.300000000000004,0.007148954112518533,57.0,,,,[],,,,,,,,,,,,,,,[],,,,,,,empirical-operator-norm,[],10431.0,,,,9.703902300000079e-06,1.702439e-07,empirical-operator-norm,Repository empirical operator-norm calibration study v1 (2026-08-10),reviewed calibration opnorm-v1-heisenberg-open-mpf-new-m8; fixed formal powers,"{""empirical_coefficient"":1.702439e-07}",False,ideal-mpf,False,ordered individual Pauli terms,"[""the fixed formal-order powers in time and segments apply"",""the empirical estimate concerns the repeated ideal MPF operator"",""the reviewed affine size calibration extrapolates as flagged""]",,0.0,0.0,False,False,{},repeated-shared-ancilla-good-block,False,False,0.007148954112518533,new,"[1,2,3,4,5,6,11,29]","[-3.280633240950701e-11,1.38314223008236e-06,-0.00042434045620952707,0.013663236344294543,-0.0975962105352182,0.17214651362521294,-0.39147182230350597,1.3036812402160025]",1.9789847466554802,0.021015253344519813,61.0,registered-exact,True,8.0,4.0,2.0,5.0,10.0,6.0,6.0,3.0,2.0,3.0,2.0,one robust OAA round per segment,57.0,branch register all-zero,,64.0,9372168.0,6042.0,-1.0,993473976.0,16403103.0,analytical-model,0.0007943282347242814,opnorm-v1-heisenberg-open-mpf-new-m8,heisenberg_chain,affine-aN-plus-b,1.702439e-07,4.0,8.0,4.0,12.0,True,True,asymptotic-domain,0.1.0,3.11.9,2.5.0,b58b31db18364511c43757e27fffc7abce8df2c1,True,ok,,
1.0,heisenberg_chain:N057,-2.1,commutator,,8.0,58105.0,2.0,a8fa234e-a646-4911-8402-a67c302db4ae,2026-08-12T00:11:58.358108+00:00,c1ad72de628f71283ac69037e9bbe97c3e773952f5abde5eac91397ca322d1a6,resource-grid,heisenberg_chain,Heisenberg-57,"{""coupling"":1.0,""field_z"":0.3}",57,57.0,proportional,1.0,0.007943282347242814,185.10000000000065,225,mpf-j-mizuta2026-theorem6-mizuta2026-commutator-ideal-rigorous,multiproduct,MPF J=Mizuta Theorem 6 (resolved per point) [Mizuta 2026 refined commutator],mizuta2026-commutator-ideal-rigorous,analytical,,8.0,16.0,mizuta2026-theorem6,6.300000000000004,0.007148954112518533,58105.0,58105.0,,40802.0,"[""error""]",178.9531742646304,16.0,,,1.2216378198041052e-07,4.446173216692262e-25,2.2115078469663163e-36,4.446173216670146e-25,4.446173216692262e-25,1.2216378198041055e-07,0.007148891168247836,1.5434979032695905e-05,False,0.0013970134982367384,"[1.0000000000000002,1.0000000000000002,1.0000000000000002,1.0000000000000002,1.0000000000000002,1.0000000000000002,1.0000000000000002,1.0000000000000002,1.0000000000000002,1.0000000000000002,1.0000000000000002,1.0000000000000002,1.0000000000000002,1.0000000000000002,1.0000000000000002,1.0000000000000002,1.0000000000000002,1.0000000000000002,1.0000000000000002,1.0000000000000002,1.0000000000000002,1.0000000000000002,1.0000000000000002,1.0000000000000002,1.0000000000000002,1.0000000000000002,1.0000000000000002,1.0000000000000002,1.0000000000000002,1.0000000000000002,1.0000000000000002,1.0000000000000002,1.0000000000000002,1.0000000000000002,1.0000000000000002,1.0000000000000002,1.0000000000000002,1.0000000000000002,1.0000000000000002,1.0000000000000002,1.0000000000000002,1.0000000000000002,1.0000000000000002,1.0000000000000002,1.0000000000000002,1.0000000000000002,1.0000000000000002,1.0000000000000002,1.0000000000000002,1.0000000000000002,1.0000000000000002,1.0000000000000002,1.0000000000000002,1.0000000000000002,1.0000000000000002,1.0000000000000002,1.0000000000000002,1.0000000000000002,1.0000000000000002,1.0000000000000002,1.0000000000000002,1.0000000000000002,1.0000000000000002,1.0000000000000002,1.0000000000000002,1.0000000000000002,1.0000000000000002,1.0000000000000002,1.0000000000000002,1.0000000000000002,1.0000000000000002,1.0000000000000002,1.0000000000000002,1.0000000000000002,1.0000000000000002,1.0000000000000002,1.0000000000000002,1.0000000000000002,1.0000000000000002,1.0000000000000002,1.0000000000000002,1.0000000000000002,1.0000000000000002,1.0000000000000002,1.0000000000000002,1.0000000000000002,1.0000000000000002,1.0000000000000002,1.0000000000000002,1.0000000000000002,1.0000000000000002,1.0000000000000002,1.0000000000000002,1.0000000000000002,1.0000000000000002,1.0000000000000002,1.0000000000000002,1.0000000000000002,1.0000000000000002,1.0000000000000002,1.0000000000000002,1.0000000000000002,1.0000000000000002,1.0000000000000002,1.0000000000000002,1.0000000000000002,1.0000000000000002,1.0000000000000002,1.0000000000000002,1.0000000000000002,1.0000000000000002,1.0000000000000002,1.0000000000000002,1.0000000000000002,1.0000000000000002,1.0000000000000002,1.0000000000000002,1.0000000000000002,1.0000000000000002,1.0000000000000002,1.0000000000000002,1.0000000000000002,1.0000000000000002,1.0000000000000002,1.0000000000000002,1.0000000000000002,1.0000000000000002,1.0000000000000002,1.0000000000000002,1.0000000000000002,1.0000000000000002,1.0000000000000002,1.0000000000000002,1.0000000000000002,1.0000000000000002,1.0000000000000002,1.0000000000000002,1.0000000000000002,1.0000000000000002,1.0000000000000002,1.0000000000000002,1.0000000000000002,1.0000000000000002,1.0000000000000002,1.0000000000000002,1.0000000000000002,1.0000000000000002,1.0000000000000002,1.0000000000000002,1.0000000000000002,1.0000000000000002,1.0000000000000002,1.0000000000000002,1.0000000000000002,1.0000000000000002,1.0000000000000002,1.0000000000000002,1.0000000000000002,1.0000000000000002,1.0000000000000002,1.0000000000000002,1.0000000000000002,1.0000000000000002,1.0000000000000002,1.0000000000000002,1.0000000000000002,1.0000000000000002,1.0000000000000002,1.0000000000000002,1.0000000000000002,1.0000000000000002,1.0000000000000002,1.0000000000000002,1.0000000000000002,1.0000000000000002,1.0000000000000002,1.0000000000000002,1.0000000000000002,1.0000000000000002,1.0000000000000002,1.0000000000000002,1.0000000000000002,1.0000000000000002,1.0000000000000002,1.0000000000000002,1.0000000000000002,1.0000000000000002,1.0000000000000002,1.0000000000000002,1.0000000000000002,1.0000000000000002,1.0000000000000002,1.0000000000000002,1.0000000000000002,1.0000000000000002,1.0000000000000002,1.0000000000000002,1.0000000000000002,1.0000000000000002,1.0000000000000002,1.0000000000000002,1.0000000000000002,1.0000000000000002,1.0000000000000002,1.0000000000000002,1.0000000000000002,1.0000000000000002,1.0000000000000002,1.0000000000000002,1.0000000000000002,1.0000000000000002,1.0000000000000002,1.0000000000000002,1.0000000000000002,1.0000000000000002,1.0000000000000002,1.0000000000000002,1.0000000000000002,1.0000000000000002,1.0000000000000002,1.0000000000000002,1.0000000000000002,1.0000000000000002,1.0000000000000002,1.0000000000000002]",6.300000000000007,3.0,True,exact commutator transition cap reached; locality bound used,not-used,commutator,mizuta2026-commutator-ideal-rigorous,[],10633215.0,,,,0.007148891168247836,1.6931659133494533e+44,mizuta2026-commutator-ideal-rigorous,"Mizuta, Quantum 10, 1974 (2026), arXiv:2507.06557v4","Theorem 4, Eqs. (47)--(49), with direct Lemmas 9--10 BCH remainder","{""error_predicate_satisfied"":1.0,""extensiveness_g"":6.300000000000004,""joint_predicate_satisfied"":1.0,""legacy_first_condition_passed"":0.0,""legacy_first_time_limit"":1.5434979032695905e-05,""local_commutator_error"":1.2216378198041052e-07,""local_step_error"":1.2216378198041055e-07,""local_truncated_bch_error"":4.446173216692262e-25,""locality_k"":2.0,""mu_upper"":178.9531742646304,""refined_lemma10_remainder"":4.446173216670146e-25,""refined_lemma9_remainder"":2.2115078469663163e-36,""refined_tail_fallback"":0.0,""repeated_global_error"":0.007148891168247836,""schedule_weighted_extensiveness"":6.300000000000007,""second_time_limit"":0.0013970134982367384,""time_2_predicate_satisfied"":1.0,""total_branchwise_bch_remainder"":4.446173216692262e-25,""truncation_order_p0"":16.0}",True,ideal-mpf,True,ordered individual Pauli terms,"[""individual Pauli summands define the ordered H_gamma decomposition"",""the actual Strang factors define schedule-weighted g_alpha extensiveness"",""Lemma 9 and Lemma 10 positive majorants directly certify the BCH remainder"",""the scalar-flow/Cauchy refined tail certificate is used"",""Theorem 4 second time hypothesis is satisfied"",""the repeated ideal MPF is composed with the Eq. (15) telescoping argument""]","exact Pauli recurrence would require 307800 transitions at order 4, above cap 250000; remaining orders use Mizuta 2026 Eq. (8)",16.0,3.0,True,True,"{""2"":1588.800000000002,""3"":26021.760000000057,""4"":34480081.03680006,""5"":3475592168.5094457,""6"":437924613232.18976,""7"":66214201520707.76,""8"":1.1680185148252828e+16,""9"":2.354725325887758e+18,""10"":5.3405170391134274e+20,""11"":1.345810293856585e+23,""12"":3.7305861345704733e+25,""13"":1.1281292470941247e+28,""14"":3.6957514134803366e+30,""15"":1.303861098675863e+33,""16"":4.9285949529947805e+35}",repeated-shared-ancilla-good-block,True,False,0.007148954112518533,new,"[1,2,3,4,5,6,11,29]","[-3.280633240950701e-11,1.38314223008236e-06,-0.00042434045620952707,0.013663236344294543,-0.0975962105352182,0.17214651362521294,-0.39147182230350597,1.3036812402160025]",1.9789847466554802,0.021015253344519813,61.0,registered-exact,True,8.0,4.0,2.0,5.0,10.0,6.0,6.0,3.0,2.0,3.0,2.0,one robust OAA round per segment,58105.0,branch register all-zero,,64.0,9553856520.0,6159130.0,-1.0,1299349123240.0,16721092001.0,analytical-model,0.0007943282347242814,,,,,,,,,,,,0.1.0,3.11.9,2.5.0,b58b31db18364511c43757e27fffc7abce8df2c1,True,ok,,
1.0,heisenberg_chain:N057,-2.2,commutator,147801.0,,,2.0,a8fa234e-a646-4911-8402-a67c302db4ae,2026-08-12T00:11:58.358108+00:00,c1ad72de628f71283ac69037e9bbe97c3e773952f5abde5eac91397ca322d1a6,resource-grid,heisenberg_chain,Heisenberg-57,"{""coupling"":1.0,""field_z"":0.3}",57,57.0,proportional,1.0,0.00630957344480193,185.10000000000065,225,trotter-p2,trotter,Trotter p=2,analytical,analytical,2.0,,,,,,147801.0,,,,,,,,,,,,,,,,,,,,,,,,,,,,,,individual,225.0,0.005678595060509546,669.839999999999,childs-commutator,"Childs, Su, Tran, Wiebe, and Zhu, arXiv:1912.08854",Propositions 9--10,"{""prefactor"":669.839999999999}",True,implemented-product-formula,True,,"[""the resolved ordered Hamiltonian groups match the implemented formula""]",,,,,,,implemented-product-formula,True,True,0.005678616100321737,,,,,,,,,,,,,,,,,,,1.0,none,0.0,system register,1.0,57.0,66362649.0,0.0,-1.0,7698067284.0,99101556.0,analytical-model,0.0006309573444801931,,,,,,,,,,,,0.1.0,3.11.9,2.5.0,b58b31db18364511c43757e27fffc7abce8df2c1,True,ok,,
1.0,heisenberg_chain:N057,-2.2,empirical,44971.0,,,2.0,a8fa234e-a646-4911-8402-a67c302db4ae,2026-08-12T00:11:58.358108+00:00,c1ad72de628f71283ac69037e9bbe97c3e773952f5abde5eac91397ca322d1a6,resource-grid,heisenberg_chain,Heisenberg-57,"{""coupling"":1.0,""field_z"":0.3}",57,57.0,proportional,1.0,0.00630957344480193,185.10000000000065,225,trotter-p2-empirical,trotter,Trotter p=2 [empirical],empirical-operator-norm,empirical,2.0,,,,,,44971.0,,,,,,,,,,,,,,,,,,,,,,,,,,,,,,individual,225.0,0.005678399926154721,62.0106807611,empirical-operator-norm,Repository empirical operator-norm calibration study v1 (2026-08-10),reviewed calibration opnorm-v1-heisenberg-open-trotter-p2; artifact docs/calibration_data/empirical_1d_v1_accepted.json,"{""prefactor"":62.0106807611}",False,implemented-product-formula,False,,"[""the resolved ordered Hamiltonian groups match the implemented formula"",""the fixed formal-order powers in time and segments apply"",""the reviewed affine size calibration extrapolates as flagged""]",,,,,,,implemented-product-formula,False,False,0.005678616100321737,,,,,,,,,,,,,,,,,,,1.0,none,0.0,system register,1.0,57.0,20191979.0,0.0,-1.0,2221117690.0,30153356.0,analytical-model,0.0006309573444801931,opnorm-v1-heisenberg-open-trotter-p2,heisenberg_chain,affine-aN-plus-b,62.0106807611,4.0,12.0,4.0,12.0,True,True,formula,0.1.0,3.11.9,2.5.0,b58b31db18364511c43757e27fffc7abce8df2c1,True,ok,,
1.0,heisenberg_chain:N057,-2.2,commutator,7988.0,,,2.0,a8fa234e-a646-4911-8402-a67c302db4ae,2026-08-12T00:11:58.358108+00:00,c1ad72de628f71283ac69037e9bbe97c3e773952f5abde5eac91397ca322d1a6,resource-grid,heisenberg_chain,Heisenberg-57,"{""coupling"":1.0,""field_z"":0.3}",57,57.0,proportional,1.0,0.00630957344480193,185.10000000000065,225,trotter-p4,trotter,Trotter p=4,analytical,analytical,4.0,,,,,,7988.0,,,,,,,,,,,,,,,,,,,,,,,,,,,,,,commuting,3.0,0.005678327996279846,38423.63263718384,schubert-mendl-commutator,"Schubert and Mendl, arXiv:2306.10603",Theorem 1,"{""prefactor"":38423.63263718384}",True,implemented-product-formula,True,,"[""the resolved ordered Hamiltonian groups match the implemented formula""]",,,,,,,implemented-product-formula,True,True,0.005678616100321737,,,,,,,,,,,,,,,,,,,1.0,none,0.0,system register,1.0,57.0,15776300.0,0.0,-1.0,1719616700.0,23559275.0,analytical-model,0.0006309573444801931,,,,,,,,,,,,0.1.0,3.11.9,2.5.0,b58b31db18364511c43757e27fffc7abce8df2c1,True,ok,,
1.0,heisenberg_chain:N057,-2.2,empirical,1133.0,,,2.0,a8fa234e-a646-4911-8402-a67c302db4ae,2026-08-12T00:11:58.358108+00:00,c1ad72de628f71283ac69037e9bbe97c3e773952f5abde5eac91397ca322d1a6,resource-grid,heisenberg_chain,Heisenberg-57,"{""coupling"":1.0,""field_z"":0.3}",57,57.0,proportional,1.0,0.00630957344480193,185.10000000000065,225,trotter-p4-empirical,trotter,Trotter p=4 [empirical],empirical-operator-norm,empirical,4.0,,,,,,1133.0,,,,,,,,,,,,,,,,,,,,,,,,,,,,,,commuting,3.0,0.005667419110958871,15.521392859299997,empirical-operator-norm,Repository empirical operator-norm calibration study v1 (2026-08-10),reviewed calibration opnorm-v1-heisenberg-open-trotter-p4; artifact docs/calibration_data/empirical_1d_v1_accepted.json,"{""prefactor"":15.521392859299997}",False,implemented-product-formula,False,,"[""the resolved ordered Hamiltonian groups match the implemented formula"",""the fixed formal-order powers in time and segments apply"",""the reviewed affine size calibration extrapolates as flagged""]",,,,,,,implemented-product-formula,False,False,0.005678616100321737,,,,,,,,,,,,,,,,,,,1.0,none,0.0,system register,1.0,57.0,2237675.0,0.0,-1.0,226005175.0,3341595.0,analytical-model,0.0006309573444801931,opnorm-v1-heisenberg-open-trotter-p4,heisenberg_chain,affine-aN-plus-b,15.521392859299997,4.0,12.0,4.0,12.0,True,True,formula,0.1.0,3.11.9,2.5.0,b58b31db18364511c43757e27fffc7abce8df2c1,True,ok,,
1.0,heisenberg_chain:N057,-2.2,commutator,4131.0,,,2.0,a8fa234e-a646-4911-8402-a67c302db4ae,2026-08-12T00:11:58.358108+00:00,c1ad72de628f71283ac69037e9bbe97c3e773952f5abde5eac91397ca322d1a6,resource-grid,heisenberg_chain,Heisenberg-57,"{""coupling"":1.0,""field_z"":0.3}",57,57.0,proportional,1.0,0.00630957344480193,185.10000000000065,225,trotter-p6,trotter,Trotter p=6,analytical,analytical,6.0,,,,,,4131.0,,,,,,,,,,,,,,,,,,,,,,,,,,,,,,commuting,3.0,0.0056772374990969165,14432588.951672671,schubert-mendl-commutator,"Schubert and Mendl, arXiv:2306.10603",Theorem 1,"{""prefactor"":14432588.951672671}",True,implemented-product-formula,True,,"[""the resolved ordered Hamiltonian groups match the implemented formula""]",,,,,,,implemented-product-formula,True,True,0.005678616100321737,,,,,,,,,,,,,,,,,,,1.0,none,0.0,system register,1.0,57.0,40793625.0,0.0,-1.0,4609679625.0,60918480.0,analytical-model,0.0006309573444801931,,,,,,,,,,,,0.1.0,3.11.9,2.5.0,b58b31db18364511c43757e27fffc7abce8df2c1,True,ok,,
1.0,heisenberg_chain:N057,-2.2,empirical,342.0,,,2.0,a8fa234e-a646-4911-8402-a67c302db4ae,2026-08-12T00:11:58.358108+00:00,c1ad72de628f71283ac69037e9bbe97c3e773952f5abde5eac91397ca322d1a6,resource-grid,heisenberg_chain,Heisenberg-57,"{""coupling"":1.0,""field_z"":0.3}",57,57.0,proportional,1.0,0.00630957344480193,185.10000000000065,225,trotter-p6-empirical,trotter,Trotter p=6 [empirical],empirical-operator-norm,empirical,6.0,,,,,,342.0,,,,,,,,,,,,,,,,,,,,,,,,,,,,,,commuting,3.0,0.00027534962853652305,0.225380917,empirical-operator-norm,Repository empirical operator-norm calibration study v1 (2026-08-10),reviewed calibration opnorm-v1-heisenberg-open-trotter-p6; artifact docs/calibration_data/empirical_1d_v1_accepted.json,"{""prefactor"":0.225380917}",False,implemented-product-formula,False,,"[""the resolved ordered Hamiltonian groups match the implemented formula"",""the fixed formal-order powers in time and segments apply"",""the reviewed affine size calibration extrapolates as flagged""]",,,,,,,implemented-product-formula,False,False,0.005678616100321737,,,,,,,,,,,,,,,,,,,1.0,none,0.0,system register,1.0,57.0,3377250.0,0.0,-1.0,344479500.0,5043360.0,analytical-model,0.0006309573444801931,opnorm-v1-heisenberg-open-trotter-p6,heisenberg_chain,affine-aN-plus-b,0.225380917,4.0,12.0,4.0,12.0,True,True,asymptotic-domain,0.1.0,3.11.9,2.5.0,b58b31db18364511c43757e27fffc7abce8df2c1,True,ok,,
1.0,heisenberg_chain:N057,-2.2,jacobi-anger,,,,2.0,a8fa234e-a646-4911-8402-a67c302db4ae,2026-08-12T00:11:58.358108+00:00,c1ad72de628f71283ac69037e9bbe97c3e773952f5abde5eac91397ca322d1a6,resource-grid,heisenberg_chain,Heisenberg-57,"{""coupling"":1.0,""field_z"":0.3}",57,57.0,proportional,1.0,0.00630957344480193,185.10000000000065,225,qsvt,qsvt,QSVT,jacobi-anger-rigorous,analytical,,,,,,,,,,,,,,,,,,,,,,,,,,,,,,,,,,,86055.0,14343.0,,,0.0010288973385328588,,jacobi-anger-polynomial-oaa,"Martyn et al., arXiv:2105.02859, Eqs. (76)--(77)",Jacobi--Anger tails plus exact cubic OAA identity,"{""oaa-unitarity-defect-distortion"":0.000514647043289853,""scaled-polynomial-error"":0.0005142502952430059}",True,ideal-qsvt-oaa-good-block,True,,"[""the cosine and sine polynomials are implemented exactly"",""the unamplified good block is exactly Q/2""]",,,,,,,implemented-qsvt-floating-phase-circuit,False,False,0.005678616100321737,,,,,,,,,,,,,,,,,,,2.0,one robust OAA round,1.0,"component, quadrature, and index registers all-zero",,75.0,44060172.0,156448116.0,-1.0,5648652072.0,1016224251.0,analytical-model,0.0006309573444801931,,,,,,,,,,,,0.1.0,3.11.9,2.5.0,b58b31db18364511c43757e27fffc7abce8df2c1,True,ok,,
1.0,heisenberg_chain:N057,-2.2,empirical,,8.0,57.0,2.0,a8fa234e-a646-4911-8402-a67c302db4ae,2026-08-12T00:11:58.358108+00:00,c1ad72de628f71283ac69037e9bbe97c3e773952f5abde5eac91397ca322d1a6,resource-grid,heisenberg_chain,Heisenberg-57,"{""coupling"":1.0,""field_z"":0.3}",57,57.0,proportional,1.0,0.00630957344480193,185.10000000000065,225,mpf-j-mizuta2026-theorem6-empirical-operator-norm,multiproduct,MPF J=Mizuta Theorem 6 (resolved per point) [empirical operator norm],empirical-operator-norm,empirical,,8.0,16.0,mizuta2026-theorem6,6.300000000000004,0.005678616100321737,57.0,,,,[],,,,,,,,,,,,,,,[],,,,,,,empirical-operator-norm,[],10431.0,,,,9.703902300000079e-06,1.702439e-07,empirical-operator-norm,Repository empirical operator-norm calibration study v1 (2026-08-10),reviewed calibration opnorm-v1-heisenberg-open-mpf-new-m8; fixed formal powers,"{""empirical_coefficient"":1.702439e-07}",False,ideal-mpf,False,ordered individual Pauli terms,"[""the fixed formal-order powers in time and segments apply"",""the empirical estimate concerns the repeated ideal MPF operator"",""the reviewed affine size calibration extrapolates as flagged""]",,0.0,0.0,False,False,{},repeated-shared-ancilla-good-block,False,False,0.005678616100321737,new,"[1,2,3,4,5,6,11,29]","[-3.280633240950701e-11,1.38314223008236e-06,-0.00042434045620952707,0.013663236344294543,-0.0975962105352182,0.17214651362521294,-0.39147182230350597,1.3036812402160025]",1.9789847466554802,0.021015253344519813,61.0,registered-exact,True,8.0,4.0,2.0,5.0,10.0,6.0,6.0,3.0,2.0,3.0,2.0,one robust OAA round per segment,57.0,branch register all-zero,,64.0,9372168.0,6042.0,-1.0,1002846144.0,16403103.0,analytical-model,0.0006309573444801931,opnorm-v1-heisenberg-open-mpf-new-m8,heisenberg_chain,affine-aN-plus-b,1.702439e-07,4.0,8.0,4.0,12.0,True,True,asymptotic-domain,0.1.0,3.11.9,2.5.0,b58b31db18364511c43757e27fffc7abce8df2c1,True,ok,,
1.0,heisenberg_chain:N057,-2.2,commutator,,8.0,58942.0,2.0,a8fa234e-a646-4911-8402-a67c302db4ae,2026-08-12T00:11:58.358108+00:00,c1ad72de628f71283ac69037e9bbe97c3e773952f5abde5eac91397ca322d1a6,resource-grid,heisenberg_chain,Heisenberg-57,"{""coupling"":1.0,""field_z"":0.3}",57,57.0,proportional,1.0,0.00630957344480193,185.10000000000065,225,mpf-j-mizuta2026-theorem6-mizuta2026-commutator-ideal-rigorous,multiproduct,MPF J=Mizuta Theorem 6 (resolved per point) [Mizuta 2026 refined commutator],mizuta2026-commutator-ideal-rigorous,analytical,,8.0,16.0,mizuta2026-theorem6,6.300000000000004,0.005678616100321737,58942.0,58942.0,,40802.0,"[""error""]",178.9531742646304,16.0,,,9.579642575592506e-08,3.4811778029419046e-25,1.7337086887451805e-36,3.481177802924567e-25,3.4811778029419046e-25,9.579642575592508e-08,0.005678404766214536,1.5434979032695905e-05,False,0.0013970134982367384,"[1.0000000000000002,1.0000000000000002,1.0000000000000002,1.0000000000000002,1.0000000000000002,1.0000000000000002,1.0000000000000002,1.0000000000000002,1.0000000000000002,1.0000000000000002,1.0000000000000002,1.0000000000000002,1.0000000000000002,1.0000000000000002,1.0000000000000002,1.0000000000000002,1.0000000000000002,1.0000000000000002,1.0000000000000002,1.0000000000000002,1.0000000000000002,1.0000000000000002,1.0000000000000002,1.0000000000000002,1.0000000000000002,1.0000000000000002,1.0000000000000002,1.0000000000000002,1.0000000000000002,1.0000000000000002,1.0000000000000002,1.0000000000000002,1.0000000000000002,1.0000000000000002,1.0000000000000002,1.0000000000000002,1.0000000000000002,1.0000000000000002,1.0000000000000002,1.0000000000000002,1.0000000000000002,1.0000000000000002,1.0000000000000002,1.0000000000000002,1.0000000000000002,1.0000000000000002,1.0000000000000002,1.0000000000000002,1.0000000000000002,1.0000000000000002,1.0000000000000002,1.0000000000000002,1.0000000000000002,1.0000000000000002,1.0000000000000002,1.0000000000000002,1.0000000000000002,1.0000000000000002,1.0000000000000002,1.0000000000000002,1.0000000000000002,1.0000000000000002,1.0000000000000002,1.0000000000000002,1.0000000000000002,1.0000000000000002,1.0000000000000002,1.0000000000000002,1.0000000000000002,1.0000000000000002,1.0000000000000002,1.0000000000000002,1.0000000000000002,1.0000000000000002,1.0000000000000002,1.0000000000000002,1.0000000000000002,1.0000000000000002,1.0000000000000002,1.0000000000000002,1.0000000000000002,1.0000000000000002,1.0000000000000002,1.0000000000000002,1.0000000000000002,1.0000000000000002,1.0000000000000002,1.0000000000000002,1.0000000000000002,1.0000000000000002,1.0000000000000002,1.0000000000000002,1.0000000000000002,1.0000000000000002,1.0000000000000002,1.0000000000000002,1.0000000000000002,1.0000000000000002,1.0000000000000002,1.0000000000000002,1.0000000000000002,1.0000000000000002,1.0000000000000002,1.0000000000000002,1.0000000000000002,1.0000000000000002,1.0000000000000002,1.0000000000000002,1.0000000000000002,1.0000000000000002,1.0000000000000002,1.0000000000000002,1.0000000000000002,1.0000000000000002,1.0000000000000002,1.0000000000000002,1.0000000000000002,1.0000000000000002,1.0000000000000002,1.0000000000000002,1.0000000000000002,1.0000000000000002,1.0000000000000002,1.0000000000000002,1.0000000000000002,1.0000000000000002,1.0000000000000002,1.0000000000000002,1.0000000000000002,1.0000000000000002,1.0000000000000002,1.0000000000000002,1.0000000000000002,1.0000000000000002,1.0000000000000002,1.0000000000000002,1.0000000000000002,1.0000000000000002,1.0000000000000002,1.0000000000000002,1.0000000000000002,1.0000000000000002,1.0000000000000002,1.0000000000000002,1.0000000000000002,1.0000000000000002,1.0000000000000002,1.0000000000000002,1.0000000000000002,1.0000000000000002,1.0000000000000002,1.0000000000000002,1.0000000000000002,1.0000000000000002,1.0000000000000002,1.0000000000000002,1.0000000000000002,1.0000000000000002,1.0000000000000002,1.0000000000000002,1.0000000000000002,1.0000000000000002,1.0000000000000002,1.0000000000000002,1.0000000000000002,1.0000000000000002,1.0000000000000002,1.0000000000000002,1.0000000000000002,1.0000000000000002,1.0000000000000002,1.0000000000000002,1.0000000000000002,1.0000000000000002,1.0000000000000002,1.0000000000000002,1.0000000000000002,1.0000000000000002,1.0000000000000002,1.0000000000000002,1.0000000000000002,1.0000000000000002,1.0000000000000002,1.0000000000000002,1.0000000000000002,1.0000000000000002,1.0000000000000002,1.0000000000000002,1.0000000000000002,1.0000000000000002,1.0000000000000002,1.0000000000000002,1.0000000000000002,1.0000000000000002,1.0000000000000002,1.0000000000000002,1.0000000000000002,1.0000000000000002,1.0000000000000002,1.0000000000000002,1.0000000000000002,1.0000000000000002,1.0000000000000002,1.0000000000000002,1.0000000000000002,1.0000000000000002,1.0000000000000002,1.0000000000000002,1.0000000000000002,1.0000000000000002,1.0000000000000002,1.0000000000000002,1.0000000000000002,1.0000000000000002,1.0000000000000002,1.0000000000000002,1.0000000000000002,1.0000000000000002,1.0000000000000002,1.0000000000000002,1.0000000000000002,1.0000000000000002,1.0000000000000002,1.0000000000000002,1.0000000000000002]",6.300000000000007,3.0,True,exact commutator transition cap reached; locality bound used,not-used,commutator,mizuta2026-commutator-ideal-rigorous,[],10786386.0,,,,0.005678404766214536,1.6931659133494533e+44,mizuta2026-commutator-ideal-rigorous,"Mizuta, Quantum 10, 1974 (2026), arXiv:2507.06557v4","Theorem 4, Eqs. (47)--(49), with direct Lemmas 9--10 BCH remainder","{""error_predicate_satisfied"":1.0,""extensiveness_g"":6.300000000000004,""joint_predicate_satisfied"":1.0,""legacy_first_condition_passed"":0.0,""legacy_first_time_limit"":1.5434979032695905e-05,""local_commutator_error"":9.579642575592506e-08,""local_step_error"":9.579642575592508e-08,""local_truncated_bch_error"":3.4811778029419046e-25,""locality_k"":2.0,""mu_upper"":178.9531742646304,""refined_lemma10_remainder"":3.481177802924567e-25,""refined_lemma9_remainder"":1.7337086887451805e-36,""refined_tail_fallback"":0.0,""repeated_global_error"":0.005678404766214536,""schedule_weighted_extensiveness"":6.300000000000007,""second_time_limit"":0.0013970134982367384,""time_2_predicate_satisfied"":1.0,""total_branchwise_bch_remainder"":3.4811778029419046e-25,""truncation_order_p0"":16.0}",True,ideal-mpf,True,ordered individual Pauli terms,"[""individual Pauli summands define the ordered H_gamma decomposition"",""the actual Strang factors define schedule-weighted g_alpha extensiveness"",""Lemma 9 and Lemma 10 positive majorants directly certify the BCH remainder"",""the scalar-flow/Cauchy refined tail certificate is used"",""Theorem 4 second time hypothesis is satisfied"",""the repeated ideal MPF is composed with the Eq. (15) telescoping argument""]","exact Pauli recurrence would require 307800 transitions at order 4, above cap 250000; remaining orders use Mizuta 2026 Eq. (8)",16.0,3.0,True,True,"{""2"":1588.800000000002,""3"":26021.760000000057,""4"":34480081.03680006,""5"":3475592168.5094457,""6"":437924613232.18976,""7"":66214201520707.76,""8"":1.1680185148252828e+16,""9"":2.354725325887758e+18,""10"":5.3405170391134274e+20,""11"":1.345810293856585e+23,""12"":3.7305861345704733e+25,""13"":1.1281292470941247e+28,""14"":3.6957514134803366e+30,""15"":1.303861098675863e+33,""16"":4.9285949529947805e+35}",repeated-shared-ancilla-good-block,True,False,0.005678616100321737,new,"[1,2,3,4,5,6,11,29]","[-3.280633240950701e-11,1.38314223008236e-06,-0.00042434045620952707,0.013663236344294543,-0.0975962105352182,0.17214651362521294,-0.39147182230350597,1.3036812402160025]",1.9789847466554802,0.021015253344519813,61.0,registered-exact,True,8.0,4.0,2.0,5.0,10.0,6.0,6.0,3.0,2.0,3.0,2.0,one robust OAA round per segment,58942.0,branch register all-zero,,64.0,9691479408.0,6247852.0,-1.0,1327757670304.0,16961958605.0,analytical-model,0.0006309573444801931,,,,,,,,,,,,0.1.0,3.11.9,2.5.0,b58b31db18364511c43757e27fffc7abce8df2c1,True,ok,,
1.0,heisenberg_chain:N057,-2.3,commutator,165836.0,,,2.0,a8fa234e-a646-4911-8402-a67c302db4ae,2026-08-12T00:11:58.358108+00:00,c1ad72de628f71283ac69037e9bbe97c3e773952f5abde5eac91397ca322d1a6,resource-grid,heisenberg_chain,Heisenberg-57,"{""coupling"":1.0,""field_z"":0.3}",57,57.0,proportional,1.0,0.005011872336272725,185.10000000000065,225,trotter-p2,trotter,Trotter p=2,analytical,analytical,2.0,,,,,,165836.0,,,,,,,,,,,,,,,,,,,,,,,,,,,,,,individual,225.0,0.0045106384469454,669.839999999999,childs-commutator,"Childs, Su, Tran, Wiebe, and Zhu, arXiv:1912.08854",Propositions 9--10,"{""prefactor"":669.839999999999}",True,implemented-product-formula,True,,"[""the resolved ordered Hamiltonian groups match the implemented formula""]",,,,,,,implemented-product-formula,True,True,0.004510685102645452,,,,,,,,,,,,,,,,,,,1.0,none,0.0,system register,1.0,57.0,74460364.0,0.0,-1.0,8711862588.0,111194144.0,analytical-model,0.0005011872336272725,,,,,,,,,,,,0.1.0,3.11.9,2.5.0,b58b31db18364511c43757e27fffc7abce8df2c1,True,ok,,
1.0,heisenberg_chain:N057,-2.3,empirical,50458.0,,,2.0,a8fa234e-a646-4911-8402-a67c302db4ae,2026-08-12T00:11:58.358108+00:00,c1ad72de628f71283ac69037e9bbe97c3e773952f5abde5eac91397ca322d1a6,resource-grid,heisenberg_chain,Heisenberg-57,"{""coupling"":1.0,""field_z"":0.3}",57,57.0,proportional,1.0,0.005011872336272725,185.10000000000065,225,trotter-p2-empirical,trotter,Trotter p=2 [empirical],empirical-operator-norm,empirical,2.0,,,,,,50458.0,,,,,,,,,,,,,,,,,,,,,,,,,,,,,,individual,225.0,0.00451056557778009,62.0106807611,empirical-operator-norm,Repository empirical operator-norm calibration study v1 (2026-08-10),reviewed calibration opnorm-v1-heisenberg-open-trotter-p2; artifact docs/calibration_data/empirical_1d_v1_accepted.json,"{""prefactor"":62.0106807611}",False,implemented-product-formula,False,,"[""the resolved ordered Hamiltonian groups match the implemented formula"",""the fixed formal-order powers in time and segments apply"",""the reviewed affine size calibration extrapolates as flagged""]",,,,,,,implemented-product-formula,False,False,0.004510685102645452,,,,,,,,,,,,,,,,,,,1.0,none,0.0,system register,1.0,57.0,22655642.0,0.0,-1.0,2537431904.0,33832426.0,analytical-model,0.0005011872336272725,opnorm-v1-heisenberg-open-trotter-p2,heisenberg_chain,affine-aN-plus-b,62.0106807611,4.0,12.0,4.0,12.0,True,True,formula,0.1.0,3.11.9,2.5.0,b58b31db18364511c43757e27fffc7abce8df2c1,True,ok,,
1.0,heisenberg_chain:N057,-2.3,commutator,8462.0,,,2.0,a8fa234e-a646-4911-8402-a67c302db4ae,2026-08-12T00:11:58.358108+00:00,c1ad72de628f71283ac69037e9bbe97c3e773952f5abde5eac91397ca322d1a6,resource-grid,heisenberg_chain,Heisenberg-57,"{""coupling"":1.0,""field_z"":0.3}",57,57.0,proportional,1.0,0.005011872336272725,185.10000000000065,225,trotter-p4,trotter,Trotter p=4,analytical,analytical,4.0,,,,,,8462.0,,,,,,,,,,,,,,,,,,,,,,,,,,,,,,commuting,3.0,0.00450900395047334,38423.63263718384,schubert-mendl-commutator,"Schubert and Mendl, arXiv:2306.10603",Theorem 1,"{""prefactor"":38423.63263718384}",True,implemented-product-formula,True,,"[""the resolved ordered Hamiltonian groups match the implemented formula""]",,,,,,,implemented-product-formula,True,True,0.004510685102645452,,,,,,,,,,,,,,,,,,,1.0,none,0.0,system register,1.0,57.0,16712450.0,0.0,-1.0,1838369500.0,24957259.0,analytical-model,0.0005011872336272725,,,,,,,,,,,,0.1.0,3.11.9,2.5.0,b58b31db18364511c43757e27fffc7abce8df2c1,True,ok,,
1.0,heisenberg_chain:N057,-2.3,empirical,1200.0,,,2.0,a8fa234e-a646-4911-8402-a67c302db4ae,2026-08-12T00:11:58.358108+00:00,c1ad72de628f71283ac69037e9bbe97c3e773952f5abde5eac91397ca322d1a6,resource-grid,heisenberg_chain,Heisenberg-57,"{""coupling"":1.0,""field_z"":0.3}",57,57.0,proportional,1.0,0.005011872336272725,185.10000000000065,225,trotter-p4-empirical,trotter,Trotter p=4 [empirical],empirical-operator-norm,empirical,4.0,,,,,,1200.0,,,,,,,,,,,,,,,,,,,,,,,,,,,,,,commuting,3.0,0.004503809219240611,15.521392859299997,empirical-operator-norm,Repository empirical operator-norm calibration study v1 (2026-08-10),reviewed calibration opnorm-v1-heisenberg-open-trotter-p4; artifact docs/calibration_data/empirical_1d_v1_accepted.json,"{""prefactor"":15.521392859299997}",False,implemented-product-formula,False,,"[""the resolved ordered Hamiltonian groups match the implemented formula"",""the fixed formal-order powers in time and segments apply"",""the reviewed affine size calibration extrapolates as flagged""]",,,,,,,implemented-product-formula,False,False,0.004510685102645452,,,,,,,,,,,,,,,,,,,1.0,none,0.0,system register,1.0,57.0,2370000.0,0.0,-1.0,241740000.0,3539200.0,analytical-model,0.0005011872336272725,opnorm-v1-heisenberg-open-trotter-p4,heisenberg_chain,affine-aN-plus-b,15.521392859299997,4.0,12.0,4.0,12.0,True,True,formula,0.1.0,3.11.9,2.5.0,b58b31db18364511c43757e27fffc7abce8df2c1,True,ok,,
1.0,heisenberg_chain:N057,-2.3,commutator,4293.0,,,2.0,a8fa234e-a646-4911-8402-a67c302db4ae,2026-08-12T00:11:58.358108+00:00,c1ad72de628f71283ac69037e9bbe97c3e773952f5abde5eac91397ca322d1a6,resource-grid,heisenberg_chain,Heisenberg-57,"{""coupling"":1.0,""field_z"":0.3}",57,57.0,proportional,1.0,0.005011872336272725,185.10000000000065,225,trotter-p6,trotter,Trotter p=6,analytical,analytical,6.0,,,,,,4293.0,,,,,,,,,,,,,,,,,,,,,,,,,,,,,,commuting,3.0,0.004507159234922915,14432588.951672671,schubert-mendl-commutator,"Schubert and Mendl, arXiv:2306.10603",Theorem 1,"{""prefactor"":14432588.951672671}",True,implemented-product-formula,True,,"[""the resolved ordered Hamiltonian groups match the implemented formula""]",,,,,,,implemented-product-formula,True,True,0.004510685102645452,,,,,,,,,,,,,,,,,,,1.0,none,0.0,system register,1.0,57.0,42393375.0,0.0,-1.0,4875238125.0,63307440.0,analytical-model,0.0005011872336272725,,,,,,,,,,,,0.1.0,3.11.9,2.5.0,b58b31db18364511c43757e27fffc7abce8df2c1,True,ok,,
1.0,heisenberg_chain:N057,-2.3,empirical,342.0,,,2.0,a8fa234e-a646-4911-8402-a67c302db4ae,2026-08-12T00:11:58.358108+00:00,c1ad72de628f71283ac69037e9bbe97c3e773952f5abde5eac91397ca322d1a6,resource-grid,heisenberg_chain,Heisenberg-57,"{""coupling"":1.0,""field_z"":0.3}",57,57.0,proportional,1.0,0.005011872336272725,185.10000000000065,225,trotter-p6-empirical,trotter,Trotter p=6 [empirical],empirical-operator-norm,empirical,6.0,,,,,,342.0,,,,,,,,,,,,,,,,,,,,,,,,,,,,,,commuting,3.0,0.00027534962853652305,0.225380917,empirical-operator-norm,Repository empirical operator-norm calibration study v1 (2026-08-10),reviewed calibration opnorm-v1-heisenberg-open-trotter-p6; artifact docs/calibration_data/empirical_1d_v1_accepted.json,"{""prefactor"":0.225380917}",False,implemented-product-formula,False,,"[""the resolved ordered Hamiltonian groups match the implemented formula"",""the fixed formal-order powers in time and segments apply"",""the reviewed affine size calibration extrapolates as flagged""]",,,,,,,implemented-product-formula,False,False,0.004510685102645452,,,,,,,,,,,,,,,,,,,1.0,none,0.0,system register,1.0,57.0,3377250.0,0.0,-1.0,347856750.0,5043360.0,analytical-model,0.0005011872336272725,opnorm-v1-heisenberg-open-trotter-p6,heisenberg_chain,affine-aN-plus-b,0.225380917,4.0,12.0,4.0,12.0,True,True,asymptotic-domain,0.1.0,3.11.9,2.5.0,b58b31db18364511c43757e27fffc7abce8df2c1,True,ok,,
1.0,heisenberg_chain:N057,-2.3,jacobi-anger,,,,2.0,a8fa234e-a646-4911-8402-a67c302db4ae,2026-08-12T00:11:58.358108+00:00,c1ad72de628f71283ac69037e9bbe97c3e773952f5abde5eac91397ca322d1a6,resource-grid,heisenberg_chain,Heisenberg-57,"{""coupling"":1.0,""field_z"":0.3}",57,57.0,proportional,1.0,0.005011872336272725,185.10000000000065,225,qsvt,qsvt,QSVT,jacobi-anger-rigorous,analytical,,,,,,,,,,,,,,,,,,,,,,,,,,,,,,,,,,,86055.0,14343.0,,,0.0008990592388334174,,jacobi-anger-polynomial-oaa,"Martyn et al., arXiv:2105.02859, Eqs. (76)--(77)",Jacobi--Anger tails plus exact cubic OAA identity,"{""oaa-unitarity-defect-distortion"":0.00044968109763898187,""scaled-polynomial-error"":0.0004493781411944355}",True,ideal-qsvt-oaa-good-block,True,,"[""the cosine and sine polynomials are implemented exactly"",""the unamplified good block is exactly Q/2""]",,,,,,,implemented-qsvt-floating-phase-circuit,False,False,0.004510685102645452,,,,,,,,,,,,,,,,,,,2.0,one robust OAA round,1.0,"component, quadrature, and index registers all-zero",,75.0,44060172.0,156448116.0,-1.0,5692712244.0,1016224251.0,analytical-model,0.0005011872336272725,,,,,,,,,,,,0.1.0,3.11.9,2.5.0,b58b31db18364511c43757e27fffc7abce8df2c1,True,ok,,
1.0,heisenberg_chain:N057,-2.3,empirical,,8.0,57.0,2.0,a8fa234e-a646-4911-8402-a67c302db4ae,2026-08-12T00:11:58.358108+00:00,c1ad72de628f71283ac69037e9bbe97c3e773952f5abde5eac91397ca322d1a6,resource-grid,heisenberg_chain,Heisenberg-57,"{""coupling"":1.0,""field_z"":0.3}",57,57.0,proportional,1.0,0.005011872336272725,185.10000000000065,225,mpf-j-mizuta2026-theorem6-empirical-operator-norm,multiproduct,MPF J=Mizuta Theorem 6 (resolved per point) [empirical operator norm],empirical-operator-norm,empirical,,8.0,16.0,mizuta2026-theorem6,6.300000000000004,0.004510685102645452,57.0,,,,[],,,,,,,,,,,,,,,[],,,,,,,empirical-operator-norm,[],10431.0,,,,9.703902300000079e-06,1.702439e-07,empirical-operator-norm,Repository empirical operator-norm calibration study v1 (2026-08-10),reviewed calibration opnorm-v1-heisenberg-open-mpf-new-m8; fixed formal powers,"{""empirical_coefficient"":1.702439e-07}",False,ideal-mpf,False,ordered individual Pauli terms,"[""the fixed formal-order powers in time and segments apply"",""the empirical estimate concerns the repeated ideal MPF operator"",""the reviewed affine size calibration extrapolates as flagged""]",,0.0,0.0,False,False,{},repeated-shared-ancilla-good-block,False,False,0.004510685102645452,new,"[1,2,3,4,5,6,11,29]","[-3.280633240950701e-11,1.38314223008236e-06,-0.00042434045620952707,0.013663236344294543,-0.0975962105352182,0.17214651362521294,-0.39147182230350597,1.3036812402160025]",1.9789847466554802,0.021015253344519813,61.0,registered-exact,True,8.0,4.0,2.0,5.0,10.0,6.0,6.0,3.0,2.0,3.0,2.0,one robust OAA round per segment,57.0,branch register all-zero,,64.0,9372168.0,6042.0,-1.0,1012218312.0,16403103.0,analytical-model,0.0005011872336272725,opnorm-v1-heisenberg-open-mpf-new-m8,heisenberg_chain,affine-aN-plus-b,1.702439e-07,4.0,8.0,4.0,12.0,True,True,asymptotic-domain,0.1.0,3.11.9,2.5.0,b58b31db18364511c43757e27fffc7abce8df2c1,True,ok,,
1.0,heisenberg_chain:N057,-2.3,commutator,,8.0,59792.0,2.0,a8fa234e-a646-4911-8402-a67c302db4ae,2026-08-12T00:11:58.358108+00:00,c1ad72de628f71283ac69037e9bbe97c3e773952f5abde5eac91397ca322d1a6,resource-grid,heisenberg_chain,Heisenberg-57,"{""coupling"":1.0,""field_z"":0.3}",57,57.0,proportional,1.0,0.005011872336272725,185.10000000000065,225,mpf-j-mizuta2026-theorem6-mizuta2026-commutator-ideal-rigorous,multiproduct,MPF J=Mizuta Theorem 6 (resolved per point) [Mizuta 2026 refined commutator],mizuta2026-commutator-ideal-rigorous,analytical,,8.0,16.0,mizuta2026-theorem6,6.300000000000004,0.004510685102645452,59792.0,59792.0,,40802.0,"[""error""]",178.9531742646304,16.0,,,7.509995807448068e-08,2.724954670060288e-25,1.358779315812356e-36,2.7249546700466994e-25,2.724954670060288e-25,7.509995807448069e-08,0.004510585175184639,1.5434979032695905e-05,False,0.0013970134982367384,"[1.0000000000000002,1.0000000000000002,1.0000000000000002,1.0000000000000002,1.0000000000000002,1.0000000000000002,1.0000000000000002,1.0000000000000002,1.0000000000000002,1.0000000000000002,1.0000000000000002,1.0000000000000002,1.0000000000000002,1.0000000000000002,1.0000000000000002,1.0000000000000002,1.0000000000000002,1.0000000000000002,1.0000000000000002,1.0000000000000002,1.0000000000000002,1.0000000000000002,1.0000000000000002,1.0000000000000002,1.0000000000000002,1.0000000000000002,1.0000000000000002,1.0000000000000002,1.0000000000000002,1.0000000000000002,1.0000000000000002,1.0000000000000002,1.0000000000000002,1.0000000000000002,1.0000000000000002,1.0000000000000002,1.0000000000000002,1.0000000000000002,1.0000000000000002,1.0000000000000002,1.0000000000000002,1.0000000000000002,1.0000000000000002,1.0000000000000002,1.0000000000000002,1.0000000000000002,1.0000000000000002,1.0000000000000002,1.0000000000000002,1.0000000000000002,1.0000000000000002,1.0000000000000002,1.0000000000000002,1.0000000000000002,1.0000000000000002,1.0000000000000002,1.0000000000000002,1.0000000000000002,1.0000000000000002,1.0000000000000002,1.0000000000000002,1.0000000000000002,1.0000000000000002,1.0000000000000002,1.0000000000000002,1.0000000000000002,1.0000000000000002,1.0000000000000002,1.0000000000000002,1.0000000000000002,1.0000000000000002,1.0000000000000002,1.0000000000000002,1.0000000000000002,1.0000000000000002,1.0000000000000002,1.0000000000000002,1.0000000000000002,1.0000000000000002,1.0000000000000002,1.0000000000000002,1.0000000000000002,1.0000000000000002,1.0000000000000002,1.0000000000000002,1.0000000000000002,1.0000000000000002,1.0000000000000002,1.0000000000000002,1.0000000000000002,1.0000000000000002,1.0000000000000002,1.0000000000000002,1.0000000000000002,1.0000000000000002,1.0000000000000002,1.0000000000000002,1.0000000000000002,1.0000000000000002,1.0000000000000002,1.0000000000000002,1.0000000000000002,1.0000000000000002,1.0000000000000002,1.0000000000000002,1.0000000000000002,1.0000000000000002,1.0000000000000002,1.0000000000000002,1.0000000000000002,1.0000000000000002,1.0000000000000002,1.0000000000000002,1.0000000000000002,1.0000000000000002,1.0000000000000002,1.0000000000000002,1.0000000000000002,1.0000000000000002,1.0000000000000002,1.0000000000000002,1.0000000000000002,1.0000000000000002,1.0000000000000002,1.0000000000000002,1.0000000000000002,1.0000000000000002,1.0000000000000002,1.0000000000000002,1.0000000000000002,1.0000000000000002,1.0000000000000002,1.0000000000000002,1.0000000000000002,1.0000000000000002,1.0000000000000002,1.0000000000000002,1.0000000000000002,1.0000000000000002,1.0000000000000002,1.0000000000000002,1.0000000000000002,1.0000000000000002,1.0000000000000002,1.0000000000000002,1.0000000000000002,1.0000000000000002,1.0000000000000002,1.0000000000000002,1.0000000000000002,1.0000000000000002,1.0000000000000002,1.0000000000000002,1.0000000000000002,1.0000000000000002,1.0000000000000002,1.0000000000000002,1.0000000000000002,1.0000000000000002,1.0000000000000002,1.0000000000000002,1.0000000000000002,1.0000000000000002,1.0000000000000002,1.0000000000000002,1.0000000000000002,1.0000000000000002,1.0000000000000002,1.0000000000000002,1.0000000000000002,1.0000000000000002,1.0000000000000002,1.0000000000000002,1.0000000000000002,1.0000000000000002,1.0000000000000002,1.0000000000000002,1.0000000000000002,1.0000000000000002,1.0000000000000002,1.0000000000000002,1.0000000000000002,1.0000000000000002,1.0000000000000002,1.0000000000000002,1.0000000000000002,1.0000000000000002,1.0000000000000002,1.0000000000000002,1.0000000000000002,1.0000000000000002,1.0000000000000002,1.0000000000000002,1.0000000000000002,1.0000000000000002,1.0000000000000002,1.0000000000000002,1.0000000000000002,1.0000000000000002,1.0000000000000002,1.0000000000000002,1.0000000000000002,1.0000000000000002,1.0000000000000002,1.0000000000000002,1.0000000000000002,1.0000000000000002,1.0000000000000002,1.0000000000000002,1.0000000000000002,1.0000000000000002,1.0000000000000002,1.0000000000000002,1.0000000000000002,1.0000000000000002,1.0000000000000002,1.0000000000000002,1.0000000000000002,1.0000000000000002,1.0000000000000002,1.0000000000000002,1.0000000000000002,1.0000000000000002,1.0000000000000002,1.0000000000000002]",6.300000000000007,3.0,True,exact commutator transition cap reached; locality bound used,not-used,commutator,mizuta2026-commutator-ideal-rigorous,[],10941936.0,,,,0.004510585175184639,1.6931659133494533e+44,mizuta2026-commutator-ideal-rigorous,"Mizuta, Quantum 10, 1974 (2026), arXiv:2507.06557v4","Theorem 4, Eqs. (47)--(49), with direct Lemmas 9--10 BCH remainder","{""error_predicate_satisfied"":1.0,""extensiveness_g"":6.300000000000004,""joint_predicate_satisfied"":1.0,""legacy_first_condition_passed"":0.0,""legacy_first_time_limit"":1.5434979032695905e-05,""local_commutator_error"":7.509995807448068e-08,""local_step_error"":7.509995807448069e-08,""local_truncated_bch_error"":2.724954670060288e-25,""locality_k"":2.0,""mu_upper"":178.9531742646304,""refined_lemma10_remainder"":2.7249546700466994e-25,""refined_lemma9_remainder"":1.358779315812356e-36,""refined_tail_fallback"":0.0,""repeated_global_error"":0.004510585175184639,""schedule_weighted_extensiveness"":6.300000000000007,""second_time_limit"":0.0013970134982367384,""time_2_predicate_satisfied"":1.0,""total_branchwise_bch_remainder"":2.724954670060288e-25,""truncation_order_p0"":16.0}",True,ideal-mpf,True,ordered individual Pauli terms,"[""individual Pauli summands define the ordered H_gamma decomposition"",""the actual Strang factors define schedule-weighted g_alpha extensiveness"",""Lemma 9 and Lemma 10 positive majorants directly certify the BCH remainder"",""the scalar-flow/Cauchy refined tail certificate is used"",""Theorem 4 second time hypothesis is satisfied"",""the repeated ideal MPF is composed with the Eq. (15) telescoping argument""]","exact Pauli recurrence would require 307800 transitions at order 4, above cap 250000; remaining orders use Mizuta 2026 Eq. (8)",16.0,3.0,True,True,"{""2"":1588.800000000002,""3"":26021.760000000057,""4"":34480081.03680006,""5"":3475592168.5094457,""6"":437924613232.18976,""7"":66214201520707.76,""8"":1.1680185148252828e+16,""9"":2.354725325887758e+18,""10"":5.3405170391134274e+20,""11"":1.345810293856585e+23,""12"":3.7305861345704733e+25,""13"":1.1281292470941247e+28,""14"":3.6957514134803366e+30,""15"":1.303861098675863e+33,""16"":4.9285949529947805e+35}",repeated-shared-ancilla-good-block,True,False,0.004510685102645452,new,"[1,2,3,4,5,6,11,29]","[-3.280633240950701e-11,1.38314223008236e-06,-0.00042434045620952707,0.013663236344294543,-0.0975962105352182,0.17214651362521294,-0.39147182230350597,1.3036812402160025]",1.9789847466554802,0.021015253344519813,61.0,registered-exact,True,8.0,4.0,2.0,5.0,10.0,6.0,6.0,3.0,2.0,3.0,2.0,one robust OAA round per segment,59792.0,branch register all-zero,,64.0,9831239808.0,6337952.0,-1.0,1356736445312.0,17206566267.0,analytical-model,0.0005011872336272725,,,,,,,,,,,,0.1.0,3.11.9,2.5.0,b58b31db18364511c43757e27fffc7abce8df2c1,True,ok,,
1.0,heisenberg_chain:N057,-2.4,commutator,186071.0,,,2.0,a8fa234e-a646-4911-8402-a67c302db4ae,2026-08-12T00:11:58.358108+00:00,c1ad72de628f71283ac69037e9bbe97c3e773952f5abde5eac91397ca322d1a6,resource-grid,heisenberg_chain,Heisenberg-57,"{""coupling"":1.0,""field_z"":0.3}",57,57.0,proportional,1.0,0.003981071705534973,185.10000000000065,225,trotter-p2,trotter,Trotter p=2,analytical,analytical,2.0,,,,,,186071.0,,,,,,,,,,,,,,,,,,,,,,,,,,,,,,individual,225.0,0.0035829294925625705,669.839999999999,childs-commutator,"Childs, Su, Tran, Wiebe, and Zhu, arXiv:1912.08854",Propositions 9--10,"{""prefactor"":669.839999999999}",True,implemented-product-formula,True,,"[""the resolved ordered Hamiltonian groups match the implemented formula""]",,,,,,,implemented-product-formula,True,True,0.0035829645349814763,,,,,,,,,,,,,,,,,,,1.0,none,0.0,system register,1.0,57.0,83545879.0,0.0,-1.0,9941959601.0,124761846.0,analytical-model,0.00039810717055349735,,,,,,,,,,,,0.1.0,3.11.9,2.5.0,b58b31db18364511c43757e27fffc7abce8df2c1,True,ok,,
1.0,heisenberg_chain:N057,-2.4,empirical,56615.0,,,2.0,a8fa234e-a646-4911-8402-a67c302db4ae,2026-08-12T00:11:58.358108+00:00,c1ad72de628f71283ac69037e9bbe97c3e773952f5abde5eac91397ca322d1a6,resource-grid,heisenberg_chain,Heisenberg-57,"{""coupling"":1.0,""field_z"":0.3}",57,57.0,proportional,1.0,0.003981071705534973,185.10000000000065,225,trotter-p2-empirical,trotter,Trotter p=2 [empirical],empirical-operator-norm,empirical,2.0,,,,,,56615.0,,,,,,,,,,,,,,,,,,,,,,,,,,,,,,individual,225.0,0.0035828451862690036,62.0106807611,empirical-operator-norm,Repository empirical operator-norm calibration study v1 (2026-08-10),reviewed calibration opnorm-v1-heisenberg-open-trotter-p2; artifact docs/calibration_data/empirical_1d_v1_accepted.json,"{""prefactor"":62.0106807611}",False,implemented-product-formula,False,,"[""the resolved ordered Hamiltonian groups match the implemented formula"",""the fixed formal-order powers in time and segments apply"",""the reviewed affine size calibration extrapolates as flagged""]",,,,,,,implemented-product-formula,False,False,0.0035829645349814763,,,,,,,,,,,,,,,,,,,1.0,none,0.0,system register,1.0,57.0,25420135.0,0.0,-1.0,2872475255.0,37960735.0,analytical-model,0.00039810717055349735,opnorm-v1-heisenberg-open-trotter-p2,heisenberg_chain,affine-aN-plus-b,62.0106807611,4.0,12.0,4.0,12.0,True,True,formula,0.1.0,3.11.9,2.5.0,b58b31db18364511c43757e27fffc7abce8df2c1,True,ok,,
1.0,heisenberg_chain:N057,-2.4,commutator,8963.0,,,2.0,a8fa234e-a646-4911-8402-a67c302db4ae,2026-08-12T00:11:58.358108+00:00,c1ad72de628f71283ac69037e9bbe97c3e773952f5abde5eac91397ca322d1a6,resource-grid,heisenberg_chain,Heisenberg-57,"{""coupling"":1.0,""field_z"":0.3}",57,57.0,proportional,1.0,0.003981071705534973,185.10000000000065,225,trotter-p4,trotter,Trotter p=4,analytical,analytical,4.0,,,,,,8963.0,,,,,,,,,,,,,,,,,,,,,,,,,,,,,,commuting,3.0,0.00358227658270524,38423.63263718384,schubert-mendl-commutator,"Schubert and Mendl, arXiv:2306.10603",Theorem 1,"{""prefactor"":38423.63263718384}",True,implemented-product-formula,True,,"[""the resolved ordered Hamiltonian groups match the implemented formula""]",,,,,,,implemented-product-formula,True,True,0.0035829645349814763,,,,,,,,,,,,,,,,,,,1.0,none,0.0,system register,1.0,57.0,17701925.0,0.0,-1.0,1982615600.0,26434875.0,analytical-model,0.00039810717055349735,,,,,,,,,,,,0.1.0,3.11.9,2.5.0,b58b31db18364511c43757e27fffc7abce8df2c1,True,ok,,
1.0,heisenberg_chain:N057,-2.4,empirical,1271.0,,,2.0,a8fa234e-a646-4911-8402-a67c302db4ae,2026-08-12T00:11:58.358108+00:00,c1ad72de628f71283ac69037e9bbe97c3e773952f5abde5eac91397ca322d1a6,resource-grid,heisenberg_chain,Heisenberg-57,"{""coupling"":1.0,""field_z"":0.3}",57,57.0,proportional,1.0,0.003981071705534973,185.10000000000065,225,trotter-p4-empirical,trotter,Trotter p=4 [empirical],empirical-operator-norm,empirical,4.0,,,,,,1271.0,,,,,,,,,,,,,,,,,,,,,,,,,,,,,,commuting,3.0,0.003578679187201102,15.521392859299997,empirical-operator-norm,Repository empirical operator-norm calibration study v1 (2026-08-10),reviewed calibration opnorm-v1-heisenberg-open-trotter-p4; artifact docs/calibration_data/empirical_1d_v1_accepted.json,"{""prefactor"":15.521392859299997}",False,implemented-product-formula,False,,"[""the resolved ordered Hamiltonian groups match the implemented formula"",""the fixed formal-order powers in time and segments apply"",""the reviewed affine size calibration extrapolates as flagged""]",,,,,,,implemented-product-formula,False,False,0.0035829645349814763,,,,,,,,,,,,,,,,,,,1.0,none,0.0,system register,1.0,57.0,2510225.0,0.0,-1.0,258553175.0,3748603.0,analytical-model,0.00039810717055349735,opnorm-v1-heisenberg-open-trotter-p4,heisenberg_chain,affine-aN-plus-b,15.521392859299997,4.0,12.0,4.0,12.0,True,True,formula,0.1.0,3.11.9,2.5.0,b58b31db18364511c43757e27fffc7abce8df2c1,True,ok,,
1.0,heisenberg_chain:N057,-2.4,commutator,4461.0,,,2.0,a8fa234e-a646-4911-8402-a67c302db4ae,2026-08-12T00:11:58.358108+00:00,c1ad72de628f71283ac69037e9bbe97c3e773952f5abde5eac91397ca322d1a6,resource-grid,heisenberg_chain,Heisenberg-57,"{""coupling"":1.0,""field_z"":0.3}",57,57.0,proportional,1.0,0.003981071705534973,185.10000000000065,225,trotter-p6,trotter,Trotter p=6,analytical,analytical,6.0,,,,,,4461.0,,,,,,,,,,,,,,,,,,,,,,,,,,,,,,commuting,3.0,0.0035799329537767686,14432588.951672671,schubert-mendl-commutator,"Schubert and Mendl, arXiv:2306.10603",Theorem 1,"{""prefactor"":14432588.951672671}",True,implemented-product-formula,True,,"[""the resolved ordered Hamiltonian groups match the implemented formula""]",,,,,,,implemented-product-formula,True,True,0.0035829645349814763,,,,,,,,,,,,,,,,,,,1.0,none,0.0,system register,1.0,57.0,44052375.0,0.0,-1.0,5110075500.0,65784880.0,analytical-model,0.00039810717055349735,,,,,,,,,,,,0.1.0,3.11.9,2.5.0,b58b31db18364511c43757e27fffc7abce8df2c1,True,ok,,
1.0,heisenberg_chain:N057,-2.4,empirical,342.0,,,2.0,a8fa234e-a646-4911-8402-a67c302db4ae,2026-08-12T00:11:58.358108+00:00,c1ad72de628f71283ac69037e9bbe97c3e773952f5abde5eac91397ca322d1a6,resource-grid,heisenberg_chain,Heisenberg-57,"{""coupling"":1.0,""field_z"":0.3}",57,57.0,proportional,1.0,0.003981071705534973,185.10000000000065,225,trotter-p6-empirical,trotter,Trotter p=6 [empirical],empirical-operator-norm,empirical,6.0,,,,,,342.0,,,,,,,,,,,,,,,,,,,,,,,,,,,,,,commuting,3.0,0.00027534962853652305,0.225380917,empirical-operator-norm,Repository empirical operator-norm calibration study v1 (2026-08-10),reviewed calibration opnorm-v1-heisenberg-open-trotter-p6; artifact docs/calibration_data/empirical_1d_v1_accepted.json,"{""prefactor"":0.225380917}",False,implemented-product-formula,False,,"[""the resolved ordered Hamiltonian groups match the implemented formula"",""the fixed formal-order powers in time and segments apply"",""the reviewed affine size calibration extrapolates as flagged""]",,,,,,,implemented-product-formula,False,False,0.0035829645349814763,,,,,,,,,,,,,,,,,,,1.0,none,0.0,system register,1.0,57.0,3377250.0,0.0,-1.0,351234000.0,5043360.0,analytical-model,0.00039810717055349735,opnorm-v1-heisenberg-open-trotter-p6,heisenberg_chain,affine-aN-plus-b,0.225380917,4.0,12.0,4.0,12.0,True,True,asymptotic-domain,0.1.0,3.11.9,2.5.0,b58b31db18364511c43757e27fffc7abce8df2c1,True,ok,,
1.0,heisenberg_chain:N057,-2.4,jacobi-anger,,,,2.0,a8fa234e-a646-4911-8402-a67c302db4ae,2026-08-12T00:11:58.358108+00:00,c1ad72de628f71283ac69037e9bbe97c3e773952f5abde5eac91397ca322d1a6,resource-grid,heisenberg_chain,Heisenberg-57,"{""coupling"":1.0,""field_z"":0.3}",57,57.0,proportional,1.0,0.003981071705534973,185.10000000000065,225,qsvt,qsvt,QSVT,jacobi-anger-rigorous,analytical,,,,,,,,,,,,,,,,,,,,,,,,,,,,,,,,,,,86055.0,14343.0,,,0.0007959341716322303,,jacobi-anger-polynomial-oaa,"Martyn et al., arXiv:2105.02859, Eqs. (76)--(77)",Jacobi--Anger tails plus exact cubic OAA identity,"{""oaa-unitarity-defect-distortion"":0.00039808581404603,""scaled-polynomial-error"":0.00039784835758620036}",True,ideal-qsvt-oaa-good-block,True,,"[""the cosine and sine polynomials are implemented exactly"",""the unamplified good block is exactly Q/2""]",,,,,,,implemented-qsvt-floating-phase-circuit,False,False,0.0035829645349814763,,,,,,,,,,,,,,,,,,,2.0,one robust OAA round,1.0,"component, quadrature, and index registers all-zero",,75.0,44060172.0,156448116.0,-1.0,5736772416.0,1016224251.0,analytical-model,0.00039810717055349735,,,,,,,,,,,,0.1.0,3.11.9,2.5.0,b58b31db18364511c43757e27fffc7abce8df2c1,True,ok,,
1.0,heisenberg_chain:N057,-2.4,empirical,,8.0,57.0,2.0,a8fa234e-a646-4911-8402-a67c302db4ae,2026-08-12T00:11:58.358108+00:00,c1ad72de628f71283ac69037e9bbe97c3e773952f5abde5eac91397ca322d1a6,resource-grid,heisenberg_chain,Heisenberg-57,"{""coupling"":1.0,""field_z"":0.3}",57,57.0,proportional,1.0,0.003981071705534973,185.10000000000065,225,mpf-j-mizuta2026-theorem6-empirical-operator-norm,multiproduct,MPF J=Mizuta Theorem 6 (resolved per point) [empirical operator norm],empirical-operator-norm,empirical,,8.0,16.0,mizuta2026-theorem6,6.300000000000004,0.0035829645349814763,57.0,,,,[],,,,,,,,,,,,,,,[],,,,,,,empirical-operator-norm,[],10431.0,,,,9.703902300000079e-06,1.702439e-07,empirical-operator-norm,Repository empirical operator-norm calibration study v1 (2026-08-10),reviewed calibration opnorm-v1-heisenberg-open-mpf-new-m8; fixed formal powers,"{""empirical_coefficient"":1.702439e-07}",False,ideal-mpf,False,ordered individual Pauli terms,"[""the fixed formal-order powers in time and segments apply"",""the empirical estimate concerns the repeated ideal MPF operator"",""the reviewed affine size calibration extrapolates as flagged""]",,0.0,0.0,False,False,{},repeated-shared-ancilla-good-block,False,False,0.0035829645349814763,new,"[1,2,3,4,5,6,11,29]","[-3.280633240950701e-11,1.38314223008236e-06,-0.00042434045620952707,0.013663236344294543,-0.0975962105352182,0.17214651362521294,-0.39147182230350597,1.3036812402160025]",1.9789847466554802,0.021015253344519813,61.0,registered-exact,True,8.0,4.0,2.0,5.0,10.0,6.0,6.0,3.0,2.0,3.0,2.0,one robust OAA round per segment,57.0,branch register all-zero,,64.0,9372168.0,6042.0,-1.0,1021590480.0,16403103.0,analytical-model,0.00039810717055349735,opnorm-v1-heisenberg-open-mpf-new-m8,heisenberg_chain,affine-aN-plus-b,1.702439e-07,4.0,8.0,4.0,12.0,True,True,asymptotic-domain,0.1.0,3.11.9,2.5.0,b58b31db18364511c43757e27fffc7abce8df2c1,True,ok,,
1.0,heisenberg_chain:N057,-2.4,commutator,,8.0,60656.0,2.0,a8fa234e-a646-4911-8402-a67c302db4ae,2026-08-12T00:11:58.358108+00:00,c1ad72de628f71283ac69037e9bbe97c3e773952f5abde5eac91397ca322d1a6,resource-grid,heisenberg_chain,Heisenberg-57,"{""coupling"":1.0,""field_z"":0.3}",57,57.0,proportional,1.0,0.003981071705534973,185.10000000000065,225,mpf-j-mizuta2026-theorem6-mizuta2026-commutator-ideal-rigorous,multiproduct,MPF J=Mizuta Theorem 6 (resolved per point) [Mizuta 2026 refined commutator],mizuta2026-commutator-ideal-rigorous,analytical,,8.0,16.0,mizuta2026-theorem6,6.300000000000004,0.0035829645349814763,60656.0,60656.0,,40802.0,"[""error""]",178.9531742646304,16.0,,,5.8846145702899425e-08,2.1320101600143774e-25,1.0644154039560267e-36,2.1320101600037327e-25,2.1320101600143774e-25,5.884614570289943e-08,0.0035821347824454104,1.5434979032695905e-05,False,0.0013970134982367384,"[1.0000000000000002,1.0000000000000002,1.0000000000000002,1.0000000000000002,1.0000000000000002,1.0000000000000002,1.0000000000000002,1.0000000000000002,1.0000000000000002,1.0000000000000002,1.0000000000000002,1.0000000000000002,1.0000000000000002,1.0000000000000002,1.0000000000000002,1.0000000000000002,1.0000000000000002,1.0000000000000002,1.0000000000000002,1.0000000000000002,1.0000000000000002,1.0000000000000002,1.0000000000000002,1.0000000000000002,1.0000000000000002,1.0000000000000002,1.0000000000000002,1.0000000000000002,1.0000000000000002,1.0000000000000002,1.0000000000000002,1.0000000000000002,1.0000000000000002,1.0000000000000002,1.0000000000000002,1.0000000000000002,1.0000000000000002,1.0000000000000002,1.0000000000000002,1.0000000000000002,1.0000000000000002,1.0000000000000002,1.0000000000000002,1.0000000000000002,1.0000000000000002,1.0000000000000002,1.0000000000000002,1.0000000000000002,1.0000000000000002,1.0000000000000002,1.0000000000000002,1.0000000000000002,1.0000000000000002,1.0000000000000002,1.0000000000000002,1.0000000000000002,1.0000000000000002,1.0000000000000002,1.0000000000000002,1.0000000000000002,1.0000000000000002,1.0000000000000002,1.0000000000000002,1.0000000000000002,1.0000000000000002,1.0000000000000002,1.0000000000000002,1.0000000000000002,1.0000000000000002,1.0000000000000002,1.0000000000000002,1.0000000000000002,1.0000000000000002,1.0000000000000002,1.0000000000000002,1.0000000000000002,1.0000000000000002,1.0000000000000002,1.0000000000000002,1.0000000000000002,1.0000000000000002,1.0000000000000002,1.0000000000000002,1.0000000000000002,1.0000000000000002,1.0000000000000002,1.0000000000000002,1.0000000000000002,1.0000000000000002,1.0000000000000002,1.0000000000000002,1.0000000000000002,1.0000000000000002,1.0000000000000002,1.0000000000000002,1.0000000000000002,1.0000000000000002,1.0000000000000002,1.0000000000000002,1.0000000000000002,1.0000000000000002,1.0000000000000002,1.0000000000000002,1.0000000000000002,1.0000000000000002,1.0000000000000002,1.0000000000000002,1.0000000000000002,1.0000000000000002,1.0000000000000002,1.0000000000000002,1.0000000000000002,1.0000000000000002,1.0000000000000002,1.0000000000000002,1.0000000000000002,1.0000000000000002,1.0000000000000002,1.0000000000000002,1.0000000000000002,1.0000000000000002,1.0000000000000002,1.0000000000000002,1.0000000000000002,1.0000000000000002,1.0000000000000002,1.0000000000000002,1.0000000000000002,1.0000000000000002,1.0000000000000002,1.0000000000000002,1.0000000000000002,1.0000000000000002,1.0000000000000002,1.0000000000000002,1.0000000000000002,1.0000000000000002,1.0000000000000002,1.0000000000000002,1.0000000000000002,1.0000000000000002,1.0000000000000002,1.0000000000000002,1.0000000000000002,1.0000000000000002,1.0000000000000002,1.0000000000000002,1.0000000000000002,1.0000000000000002,1.0000000000000002,1.0000000000000002,1.0000000000000002,1.0000000000000002,1.0000000000000002,1.0000000000000002,1.0000000000000002,1.0000000000000002,1.0000000000000002,1.0000000000000002,1.0000000000000002,1.0000000000000002,1.0000000000000002,1.0000000000000002,1.0000000000000002,1.0000000000000002,1.0000000000000002,1.0000000000000002,1.0000000000000002,1.0000000000000002,1.0000000000000002,1.0000000000000002,1.0000000000000002,1.0000000000000002,1.0000000000000002,1.0000000000000002,1.0000000000000002,1.0000000000000002,1.0000000000000002,1.0000000000000002,1.0000000000000002,1.0000000000000002,1.0000000000000002,1.0000000000000002,1.0000000000000002,1.0000000000000002,1.0000000000000002,1.0000000000000002,1.0000000000000002,1.0000000000000002,1.0000000000000002,1.0000000000000002,1.0000000000000002,1.0000000000000002,1.0000000000000002,1.0000000000000002,1.0000000000000002,1.0000000000000002,1.0000000000000002,1.0000000000000002,1.0000000000000002,1.0000000000000002,1.0000000000000002,1.0000000000000002,1.0000000000000002,1.0000000000000002,1.0000000000000002,1.0000000000000002,1.0000000000000002,1.0000000000000002,1.0000000000000002,1.0000000000000002,1.0000000000000002,1.0000000000000002,1.0000000000000002,1.0000000000000002,1.0000000000000002,1.0000000000000002,1.0000000000000002,1.0000000000000002,1.0000000000000002,1.0000000000000002,1.0000000000000002,1.0000000000000002,1.0000000000000002,1.0000000000000002]",6.300000000000007,3.0,True,exact commutator transition cap reached; locality bound used,not-used,commutator,mizuta2026-commutator-ideal-rigorous,[],11100048.0,,,,0.0035821347824454104,1.6931659133494533e+44,mizuta2026-commutator-ideal-rigorous,"Mizuta, Quantum 10, 1974 (2026), arXiv:2507.06557v4","Theorem 4, Eqs. (47)--(49), with direct Lemmas 9--10 BCH remainder","{""error_predicate_satisfied"":1.0,""extensiveness_g"":6.300000000000004,""joint_predicate_satisfied"":1.0,""legacy_first_condition_passed"":0.0,""legacy_first_time_limit"":1.5434979032695905e-05,""local_commutator_error"":5.8846145702899425e-08,""local_step_error"":5.884614570289943e-08,""local_truncated_bch_error"":2.1320101600143774e-25,""locality_k"":2.0,""mu_upper"":178.9531742646304,""refined_lemma10_remainder"":2.1320101600037327e-25,""refined_lemma9_remainder"":1.0644154039560267e-36,""refined_tail_fallback"":0.0,""repeated_global_error"":0.0035821347824454104,""schedule_weighted_extensiveness"":6.300000000000007,""second_time_limit"":0.0013970134982367384,""time_2_predicate_satisfied"":1.0,""total_branchwise_bch_remainder"":2.1320101600143774e-25,""truncation_order_p0"":16.0}",True,ideal-mpf,True,ordered individual Pauli terms,"[""individual Pauli summands define the ordered H_gamma decomposition"",""the actual Strang factors define schedule-weighted g_alpha extensiveness"",""Lemma 9 and Lemma 10 positive majorants directly certify the BCH remainder"",""the scalar-flow/Cauchy refined tail certificate is used"",""Theorem 4 second time hypothesis is satisfied"",""the repeated ideal MPF is composed with the Eq. (15) telescoping argument""]","exact Pauli recurrence would require 307800 transitions at order 4, above cap 250000; remaining orders use Mizuta 2026 Eq. (8)",16.0,3.0,True,True,"{""2"":1588.800000000002,""3"":26021.760000000057,""4"":34480081.03680006,""5"":3475592168.5094457,""6"":437924613232.18976,""7"":66214201520707.76,""8"":1.1680185148252828e+16,""9"":2.354725325887758e+18,""10"":5.3405170391134274e+20,""11"":1.345810293856585e+23,""12"":3.7305861345704733e+25,""13"":1.1281292470941247e+28,""14"":3.6957514134803366e+30,""15"":1.303861098675863e+33,""16"":4.9285949529947805e+35}",repeated-shared-ancilla-good-block,True,False,0.0035829645349814763,new,"[1,2,3,4,5,6,11,29]","[-3.280633240950701e-11,1.38314223008236e-06,-0.00042434045620952707,0.013663236344294543,-0.0975962105352182,0.17214651362521294,-0.39147182230350597,1.3036812402160025]",1.9789847466554802,0.021015253344519813,61.0,registered-exact,True,8.0,4.0,2.0,5.0,10.0,6.0,6.0,3.0,2.0,3.0,2.0,one robust OAA round per segment,60656.0,branch register all-zero,,64.0,9973302144.0,6429536.0,-1.0,1396288018304.0,17455202761.0,analytical-model,0.00039810717055349735,,,,,,,,,,,,0.1.0,3.11.9,2.5.0,b58b31db18364511c43757e27fffc7abce8df2c1,True,ok,,
1.0,heisenberg_chain:N057,-2.5,commutator,208775.0,,,2.0,a8fa234e-a646-4911-8402-a67c302db4ae,2026-08-12T00:11:58.358108+00:00,c1ad72de628f71283ac69037e9bbe97c3e773952f5abde5eac91397ca322d1a6,resource-grid,heisenberg_chain,Heisenberg-57,"{""coupling"":1.0,""field_z"":0.3}",57,57.0,proportional,1.0,0.0031622776601683794,185.10000000000065,225,trotter-p2,trotter,Trotter p=2,analytical,analytical,2.0,,,,,,208775.0,,,,,,,,,,,,,,,,,,,,,,,,,,,,,,individual,225.0,0.002846024671145856,669.839999999999,childs-commutator,"Childs, Su, Tran, Wiebe, and Zhu, arXiv:1912.08854",Propositions 9--10,"{""prefactor"":669.839999999999}",True,implemented-product-formula,True,,"[""the resolved ordered Hamiltonian groups match the implemented formula""]",,,,,,,implemented-product-formula,True,True,0.0028460498941515417,,,,,,,,,,,,,,,,,,,1.0,none,0.0,system register,1.0,57.0,93739975.0,0.0,-1.0,11248797000.0,139985030.0,analytical-model,0.00031622776601683794,,,,,,,,,,,,0.1.0,3.11.9,2.5.0,b58b31db18364511c43757e27fffc7abce8df2c1,True,ok,,
1.0,heisenberg_chain:N057,-2.5,empirical,63523.0,,,2.0,a8fa234e-a646-4911-8402-a67c302db4ae,2026-08-12T00:11:58.358108+00:00,c1ad72de628f71283ac69037e9bbe97c3e773952f5abde5eac91397ca322d1a6,resource-grid,heisenberg_chain,Heisenberg-57,"{""coupling"":1.0,""field_z"":0.3}",57,57.0,proportional,1.0,0.0031622776601683794,185.10000000000065,225,trotter-p2-empirical,trotter,Trotter p=2 [empirical],empirical-operator-norm,empirical,2.0,,,,,,63523.0,,,,,,,,,,,,,,,,,,,,,,,,,,,,,,individual,225.0,0.002845961793608401,62.0106807611,empirical-operator-norm,Repository empirical operator-norm calibration study v1 (2026-08-10),reviewed calibration opnorm-v1-heisenberg-open-trotter-p2; artifact docs/calibration_data/empirical_1d_v1_accepted.json,"{""prefactor"":62.0106807611}",False,implemented-product-formula,False,,"[""the resolved ordered Hamiltonian groups match the implemented formula"",""the fixed formal-order powers in time and segments apply"",""the reviewed affine size calibration extrapolates as flagged""]",,,,,,,implemented-product-formula,False,False,0.0028460498941515417,,,,,,,,,,,,,,,,,,,1.0,none,0.0,system register,1.0,57.0,28521827.0,0.0,-1.0,3280010105.0,42592595.0,analytical-model,0.00031622776601683794,opnorm-v1-heisenberg-open-trotter-p2,heisenberg_chain,affine-aN-plus-b,62.0106807611,4.0,12.0,4.0,12.0,True,True,formula,0.1.0,3.11.9,2.5.0,b58b31db18364511c43757e27fffc7abce8df2c1,True,ok,,
1.0,heisenberg_chain:N057,-2.5,commutator,9494.0,,,2.0,a8fa234e-a646-4911-8402-a67c302db4ae,2026-08-12T00:11:58.358108+00:00,c1ad72de628f71283ac69037e9bbe97c3e773952f5abde5eac91397ca322d1a6,resource-grid,heisenberg_chain,Heisenberg-57,"{""coupling"":1.0,""field_z"":0.3}",57,57.0,proportional,1.0,0.0031622776601683794,185.10000000000065,225,trotter-p4,trotter,Trotter p=4,analytical,analytical,4.0,,,,,,9494.0,,,,,,,,,,,,,,,,,,,,,,,,,,,,,,commuting,3.0,0.002845612698780573,38423.63263718384,schubert-mendl-commutator,"Schubert and Mendl, arXiv:2306.10603",Theorem 1,"{""prefactor"":38423.63263718384}",True,implemented-product-formula,True,,"[""the resolved ordered Hamiltonian groups match the implemented formula""]",,,,,,,implemented-product-formula,True,True,0.0028460498941515417,,,,,,,,,,,,,,,,,,,1.0,none,0.0,system register,1.0,57.0,18750650.0,0.0,-1.0,2118823450.0,28000971.0,analytical-model,0.00031622776601683794,,,,,,,,,,,,0.1.0,3.11.9,2.5.0,b58b31db18364511c43757e27fffc7abce8df2c1,True,ok,,
1.0,heisenberg_chain:N057,-2.5,empirical,1346.0,,,2.0,a8fa234e-a646-4911-8402-a67c302db4ae,2026-08-12T00:11:58.358108+00:00,c1ad72de628f71283ac69037e9bbe97c3e773952f5abde5eac91397ca322d1a6,resource-grid,heisenberg_chain,Heisenberg-57,"{""coupling"":1.0,""field_z"":0.3}",57,57.0,proportional,1.0,0.0031622776601683794,185.10000000000065,225,trotter-p4-empirical,trotter,Trotter p=4 [empirical],empirical-operator-norm,empirical,4.0,,,,,,1346.0,,,,,,,,,,,,,,,,,,,,,,,,,,,,,,commuting,3.0,0.002845278159502867,15.521392859299997,empirical-operator-norm,Repository empirical operator-norm calibration study v1 (2026-08-10),reviewed calibration opnorm-v1-heisenberg-open-trotter-p4; artifact docs/calibration_data/empirical_1d_v1_accepted.json,"{""prefactor"":15.521392859299997}",False,implemented-product-formula,False,,"[""the resolved ordered Hamiltonian groups match the implemented formula"",""the fixed formal-order powers in time and segments apply"",""the reviewed affine size calibration extrapolates as flagged""]",,,,,,,implemented-product-formula,False,False,0.0028460498941515417,,,,,,,,,,,,,,,,,,,1.0,none,0.0,system register,1.0,57.0,2658350.0,0.0,-1.0,276468400.0,3969803.0,analytical-model,0.00031622776601683794,opnorm-v1-heisenberg-open-trotter-p4,heisenberg_chain,affine-aN-plus-b,15.521392859299997,4.0,12.0,4.0,12.0,True,True,formula,0.1.0,3.11.9,2.5.0,b58b31db18364511c43757e27fffc7abce8df2c1,True,ok,,
1.0,heisenberg_chain:N057,-2.5,commutator,4635.0,,,2.0,a8fa234e-a646-4911-8402-a67c302db4ae,2026-08-12T00:11:58.358108+00:00,c1ad72de628f71283ac69037e9bbe97c3e773952f5abde5eac91397ca322d1a6,resource-grid,heisenberg_chain,Heisenberg-57,"{""coupling"":1.0,""field_z"":0.3}",57,57.0,proportional,1.0,0.0031622776601683794,185.10000000000065,225,trotter-p6,trotter,Trotter p=6,analytical,analytical,6.0,,,,,,4635.0,,,,,,,,,,,,,,,,,,,,,,,,,,,,,,commuting,3.0,0.0028455734602360373,14432588.951672671,schubert-mendl-commutator,"Schubert and Mendl, arXiv:2306.10603",Theorem 1,"{""prefactor"":14432588.951672671}",True,implemented-product-formula,True,,"[""the resolved ordered Hamiltonian groups match the implemented formula""]",,,,,,,implemented-product-formula,True,True,0.0028460498941515417,,,,,,,,,,,,,,,,,,,1.0,none,0.0,system register,1.0,57.0,45770625.0,0.0,-1.0,5355163125.0,68350800.0,analytical-model,0.00031622776601683794,,,,,,,,,,,,0.1.0,3.11.9,2.5.0,b58b31db18364511c43757e27fffc7abce8df2c1,True,ok,,
1.0,heisenberg_chain:N057,-2.5,empirical,342.0,,,2.0,a8fa234e-a646-4911-8402-a67c302db4ae,2026-08-12T00:11:58.358108+00:00,c1ad72de628f71283ac69037e9bbe97c3e773952f5abde5eac91397ca322d1a6,resource-grid,heisenberg_chain,Heisenberg-57,"{""coupling"":1.0,""field_z"":0.3}",57,57.0,proportional,1.0,0.0031622776601683794,185.10000000000065,225,trotter-p6-empirical,trotter,Trotter p=6 [empirical],empirical-operator-norm,empirical,6.0,,,,,,342.0,,,,,,,,,,,,,,,,,,,,,,,,,,,,,,commuting,3.0,0.00027534962853652305,0.225380917,empirical-operator-norm,Repository empirical operator-norm calibration study v1 (2026-08-10),reviewed calibration opnorm-v1-heisenberg-open-trotter-p6; artifact docs/calibration_data/empirical_1d_v1_accepted.json,"{""prefactor"":0.225380917}",False,implemented-product-formula,False,,"[""the resolved ordered Hamiltonian groups match the implemented formula"",""the fixed formal-order powers in time and segments apply"",""the reviewed affine size calibration extrapolates as flagged""]",,,,,,,implemented-product-formula,False,False,0.0028460498941515417,,,,,,,,,,,,,,,,,,,1.0,none,0.0,system register,1.0,57.0,3377250.0,0.0,-1.0,357988500.0,5043360.0,analytical-model,0.00031622776601683794,opnorm-v1-heisenberg-open-trotter-p6,heisenberg_chain,affine-aN-plus-b,0.225380917,4.0,12.0,4.0,12.0,True,True,asymptotic-domain,0.1.0,3.11.9,2.5.0,b58b31db18364511c43757e27fffc7abce8df2c1,True,ok,,
1.0,heisenberg_chain:N057,-2.5,jacobi-anger,,,,2.0,a8fa234e-a646-4911-8402-a67c302db4ae,2026-08-12T00:11:58.358108+00:00,c1ad72de628f71283ac69037e9bbe97c3e773952f5abde5eac91397ca322d1a6,resource-grid,heisenberg_chain,Heisenberg-57,"{""coupling"":1.0,""field_z"":0.3}",57,57.0,proportional,1.0,0.0031622776601683794,185.10000000000065,225,qsvt,qsvt,QSVT,jacobi-anger-rigorous,analytical,,,,,,,,,,,,,,,,,,,,,,,,,,,,,,,,,,,86055.0,14343.0,,,0.000714024698206288,,jacobi-anger-polynomial-oaa,"Martyn et al., arXiv:2105.02859, Eqs. (76)--(77)",Jacobi--Anger tails plus exact cubic OAA identity,"{""oaa-unitarity-defect-distortion"":0.0003571079026692182,""scaled-polynomial-error"":0.0003569167955370698}",True,ideal-qsvt-oaa-good-block,True,,"[""the cosine and sine polynomials are implemented exactly"",""the unamplified good block is exactly Q/2""]",,,,,,,implemented-qsvt-floating-phase-circuit,False,False,0.0028460498941515417,,,,,,,,,,,,,,,,,,,2.0,one robust OAA round,1.0,"component, quadrature, and index registers all-zero",,75.0,44060172.0,156448116.0,-1.0,5780832588.0,1016224251.0,analytical-model,0.00031622776601683794,,,,,,,,,,,,0.1.0,3.11.9,2.5.0,b58b31db18364511c43757e27fffc7abce8df2c1,True,ok,,
1.0,heisenberg_chain:N057,-2.5,empirical,,8.0,57.0,2.0,a8fa234e-a646-4911-8402-a67c302db4ae,2026-08-12T00:11:58.358108+00:00,c1ad72de628f71283ac69037e9bbe97c3e773952f5abde5eac91397ca322d1a6,resource-grid,heisenberg_chain,Heisenberg-57,"{""coupling"":1.0,""field_z"":0.3}",57,57.0,proportional,1.0,0.0031622776601683794,185.10000000000065,225,mpf-j-mizuta2026-theorem6-empirical-operator-norm,multiproduct,MPF J=Mizuta Theorem 6 (resolved per point) [empirical operator norm],empirical-operator-norm,empirical,,8.0,16.0,mizuta2026-theorem6,6.300000000000004,0.0028460498941515417,57.0,,,,[],,,,,,,,,,,,,,,[],,,,,,,empirical-operator-norm,[],10431.0,,,,9.703902300000079e-06,1.702439e-07,empirical-operator-norm,Repository empirical operator-norm calibration study v1 (2026-08-10),reviewed calibration opnorm-v1-heisenberg-open-mpf-new-m8; fixed formal powers,"{""empirical_coefficient"":1.702439e-07}",False,ideal-mpf,False,ordered individual Pauli terms,"[""the fixed formal-order powers in time and segments apply"",""the empirical estimate concerns the repeated ideal MPF operator"",""the reviewed affine size calibration extrapolates as flagged""]",,0.0,0.0,False,False,{},repeated-shared-ancilla-good-block,False,False,0.0028460498941515417,new,"[1,2,3,4,5,6,11,29]","[-3.280633240950701e-11,1.38314223008236e-06,-0.00042434045620952707,0.013663236344294543,-0.0975962105352182,0.17214651362521294,-0.39147182230350597,1.3036812402160025]",1.9789847466554802,0.021015253344519813,61.0,registered-exact,True,8.0,4.0,2.0,5.0,10.0,6.0,6.0,3.0,2.0,3.0,2.0,one robust OAA round per segment,57.0,branch register all-zero,,64.0,9372168.0,6042.0,-1.0,1030962648.0,16403103.0,analytical-model,0.00031622776601683794,opnorm-v1-heisenberg-open-mpf-new-m8,heisenberg_chain,affine-aN-plus-b,1.702439e-07,4.0,8.0,4.0,12.0,True,True,asymptotic-domain,0.1.0,3.11.9,2.5.0,b58b31db18364511c43757e27fffc7abce8df2c1,True,ok,,
1.0,heisenberg_chain:N057,-2.5,commutator,,8.0,61532.0,2.0,a8fa234e-a646-4911-8402-a67c302db4ae,2026-08-12T00:11:58.358108+00:00,c1ad72de628f71283ac69037e9bbe97c3e773952f5abde5eac91397ca322d1a6,resource-grid,heisenberg_chain,Heisenberg-57,"{""coupling"":1.0,""field_z"":0.3}",57,57.0,proportional,1.0,0.0031622776601683794,185.10000000000065,225,mpf-j-mizuta2026-theorem6-mizuta2026-commutator-ideal-rigorous,multiproduct,MPF J=Mizuta Theorem 6 (resolved per point) [Mizuta 2026 refined commutator],mizuta2026-commutator-ideal-rigorous,analytical,,8.0,16.0,mizuta2026-theorem6,6.300000000000004,0.0028460498941515417,61532.0,61532.0,,40802.0,"[""error""]",178.9531742646304,16.0,,,4.6116307870533085e-08,1.66835286214219e-25,8.33937130810159e-37,1.6683528621338504e-25,1.66835286214219e-25,4.611630787053309e-08,0.002845692096159656,1.5434979032695905e-05,False,0.0013970134982367384,"[1.0000000000000002,1.0000000000000002,1.0000000000000002,1.0000000000000002,1.0000000000000002,1.0000000000000002,1.0000000000000002,1.0000000000000002,1.0000000000000002,1.0000000000000002,1.0000000000000002,1.0000000000000002,1.0000000000000002,1.0000000000000002,1.0000000000000002,1.0000000000000002,1.0000000000000002,1.0000000000000002,1.0000000000000002,1.0000000000000002,1.0000000000000002,1.0000000000000002,1.0000000000000002,1.0000000000000002,1.0000000000000002,1.0000000000000002,1.0000000000000002,1.0000000000000002,1.0000000000000002,1.0000000000000002,1.0000000000000002,1.0000000000000002,1.0000000000000002,1.0000000000000002,1.0000000000000002,1.0000000000000002,1.0000000000000002,1.0000000000000002,1.0000000000000002,1.0000000000000002,1.0000000000000002,1.0000000000000002,1.0000000000000002,1.0000000000000002,1.0000000000000002,1.0000000000000002,1.0000000000000002,1.0000000000000002,1.0000000000000002,1.0000000000000002,1.0000000000000002,1.0000000000000002,1.0000000000000002,1.0000000000000002,1.0000000000000002,1.0000000000000002,1.0000000000000002,1.0000000000000002,1.0000000000000002,1.0000000000000002,1.0000000000000002,1.0000000000000002,1.0000000000000002,1.0000000000000002,1.0000000000000002,1.0000000000000002,1.0000000000000002,1.0000000000000002,1.0000000000000002,1.0000000000000002,1.0000000000000002,1.0000000000000002,1.0000000000000002,1.0000000000000002,1.0000000000000002,1.0000000000000002,1.0000000000000002,1.0000000000000002,1.0000000000000002,1.0000000000000002,1.0000000000000002,1.0000000000000002,1.0000000000000002,1.0000000000000002,1.0000000000000002,1.0000000000000002,1.0000000000000002,1.0000000000000002,1.0000000000000002,1.0000000000000002,1.0000000000000002,1.0000000000000002,1.0000000000000002,1.0000000000000002,1.0000000000000002,1.0000000000000002,1.0000000000000002,1.0000000000000002,1.0000000000000002,1.0000000000000002,1.0000000000000002,1.0000000000000002,1.0000000000000002,1.0000000000000002,1.0000000000000002,1.0000000000000002,1.0000000000000002,1.0000000000000002,1.0000000000000002,1.0000000000000002,1.0000000000000002,1.0000000000000002,1.0000000000000002,1.0000000000000002,1.0000000000000002,1.0000000000000002,1.0000000000000002,1.0000000000000002,1.0000000000000002,1.0000000000000002,1.0000000000000002,1.0000000000000002,1.0000000000000002,1.0000000000000002,1.0000000000000002,1.0000000000000002,1.0000000000000002,1.0000000000000002,1.0000000000000002,1.0000000000000002,1.0000000000000002,1.0000000000000002,1.0000000000000002,1.0000000000000002,1.0000000000000002,1.0000000000000002,1.0000000000000002,1.0000000000000002,1.0000000000000002,1.0000000000000002,1.0000000000000002,1.0000000000000002,1.0000000000000002,1.0000000000000002,1.0000000000000002,1.0000000000000002,1.0000000000000002,1.0000000000000002,1.0000000000000002,1.0000000000000002,1.0000000000000002,1.0000000000000002,1.0000000000000002,1.0000000000000002,1.0000000000000002,1.0000000000000002,1.0000000000000002,1.0000000000000002,1.0000000000000002,1.0000000000000002,1.0000000000000002,1.0000000000000002,1.0000000000000002,1.0000000000000002,1.0000000000000002,1.0000000000000002,1.0000000000000002,1.0000000000000002,1.0000000000000002,1.0000000000000002,1.0000000000000002,1.0000000000000002,1.0000000000000002,1.0000000000000002,1.0000000000000002,1.0000000000000002,1.0000000000000002,1.0000000000000002,1.0000000000000002,1.0000000000000002,1.0000000000000002,1.0000000000000002,1.0000000000000002,1.0000000000000002,1.0000000000000002,1.0000000000000002,1.0000000000000002,1.0000000000000002,1.0000000000000002,1.0000000000000002,1.0000000000000002,1.0000000000000002,1.0000000000000002,1.0000000000000002,1.0000000000000002,1.0000000000000002,1.0000000000000002,1.0000000000000002,1.0000000000000002,1.0000000000000002,1.0000000000000002,1.0000000000000002,1.0000000000000002,1.0000000000000002,1.0000000000000002,1.0000000000000002,1.0000000000000002,1.0000000000000002,1.0000000000000002,1.0000000000000002,1.0000000000000002,1.0000000000000002,1.0000000000000002,1.0000000000000002,1.0000000000000002,1.0000000000000002,1.0000000000000002,1.0000000000000002,1.0000000000000002,1.0000000000000002,1.0000000000000002,1.0000000000000002,1.0000000000000002,1.0000000000000002,1.0000000000000002]",6.300000000000007,3.0,True,exact commutator transition cap reached; locality bound used,not-used,commutator,mizuta2026-commutator-ideal-rigorous,[],11260356.0,,,,0.002845692096159656,1.6931659133494533e+44,mizuta2026-commutator-ideal-rigorous,"Mizuta, Quantum 10, 1974 (2026), arXiv:2507.06557v4","Theorem 4, Eqs. (47)--(49), with direct Lemmas 9--10 BCH remainder","{""error_predicate_satisfied"":1.0,""extensiveness_g"":6.300000000000004,""joint_predicate_satisfied"":1.0,""legacy_first_condition_passed"":0.0,""legacy_first_time_limit"":1.5434979032695905e-05,""local_commutator_error"":4.6116307870533085e-08,""local_step_error"":4.611630787053309e-08,""local_truncated_bch_error"":1.66835286214219e-25,""locality_k"":2.0,""mu_upper"":178.9531742646304,""refined_lemma10_remainder"":1.6683528621338504e-25,""refined_lemma9_remainder"":8.33937130810159e-37,""refined_tail_fallback"":0.0,""repeated_global_error"":0.002845692096159656,""schedule_weighted_extensiveness"":6.300000000000007,""second_time_limit"":0.0013970134982367384,""time_2_predicate_satisfied"":1.0,""total_branchwise_bch_remainder"":1.66835286214219e-25,""truncation_order_p0"":16.0}",True,ideal-mpf,True,ordered individual Pauli terms,"[""individual Pauli summands define the ordered H_gamma decomposition"",""the actual Strang factors define schedule-weighted g_alpha extensiveness"",""Lemma 9 and Lemma 10 positive majorants directly certify the BCH remainder"",""the scalar-flow/Cauchy refined tail certificate is used"",""Theorem 4 second time hypothesis is satisfied"",""the repeated ideal MPF is composed with the Eq. (15) telescoping argument""]","exact Pauli recurrence would require 307800 transitions at order 4, above cap 250000; remaining orders use Mizuta 2026 Eq. (8)",16.0,3.0,True,True,"{""2"":1588.800000000002,""3"":26021.760000000057,""4"":34480081.03680006,""5"":3475592168.5094457,""6"":437924613232.18976,""7"":66214201520707.76,""8"":1.1680185148252828e+16,""9"":2.354725325887758e+18,""10"":5.3405170391134274e+20,""11"":1.345810293856585e+23,""12"":3.7305861345704733e+25,""13"":1.1281292470941247e+28,""14"":3.6957514134803366e+30,""15"":1.303861098675863e+33,""16"":4.9285949529947805e+35}",repeated-shared-ancilla-good-block,True,False,0.0028460498941515417,new,"[1,2,3,4,5,6,11,29]","[-3.280633240950701e-11,1.38314223008236e-06,-0.00042434045620952707,0.013663236344294543,-0.0975962105352182,0.17214651362521294,-0.39147182230350597,1.3036812402160025]",1.9789847466554802,0.021015253344519813,61.0,registered-exact,True,8.0,4.0,2.0,5.0,10.0,6.0,6.0,3.0,2.0,3.0,2.0,one robust OAA round per segment,61532.0,branch register all-zero,,64.0,10117337568.0,6522392.0,-1.0,1426570686656.0,17707292540.0,analytical-model,0.00031622776601683794,,,,,,,,,,,,0.1.0,3.11.9,2.5.0,b58b31db18364511c43757e27fffc7abce8df2c1,True,ok,,
1.0,heisenberg_chain:N057,-2.6,commutator,234249.0,,,2.0,a8fa234e-a646-4911-8402-a67c302db4ae,2026-08-12T00:11:58.358108+00:00,c1ad72de628f71283ac69037e9bbe97c3e773952f5abde5eac91397ca322d1a6,resource-grid,heisenberg_chain,Heisenberg-57,"{""coupling"":1.0,""field_z"":0.3}",57,57.0,proportional,1.0,0.0025118864315095794,185.10000000000065,225,trotter-p2,trotter,Trotter p=2,analytical,analytical,2.0,,,,,,234249.0,,,,,,,,,,,,,,,,,,,,,,,,,,,,,,individual,225.0,0.0022606855276012493,669.839999999999,childs-commutator,"Childs, Su, Tran, Wiebe, and Zhu, arXiv:1912.08854",Propositions 9--10,"{""prefactor"":669.839999999999}",True,implemented-product-formula,True,,"[""the resolved ordered Hamiltonian groups match the implemented formula""]",,,,,,,implemented-product-formula,True,True,0.0022606977883586218,,,,,,,,,,,,,,,,,,,1.0,none,0.0,system register,1.0,57.0,105177801.0,0.0,-1.0,12831691722.0,157065517.0,analytical-model,0.00025118864315095795,,,,,,,,,,,,0.1.0,3.11.9,2.5.0,b58b31db18364511c43757e27fffc7abce8df2c1,True,ok,,
1.0,heisenberg_chain:N057,-2.6,empirical,71273.0,,,2.0,a8fa234e-a646-4911-8402-a67c302db4ae,2026-08-12T00:11:58.358108+00:00,c1ad72de628f71283ac69037e9bbe97c3e773952f5abde5eac91397ca322d1a6,resource-grid,heisenberg_chain,Heisenberg-57,"{""coupling"":1.0,""field_z"":0.3}",57,57.0,proportional,1.0,0.0025118864315095794,185.10000000000065,225,trotter-p2-empirical,trotter,Trotter p=2 [empirical],empirical-operator-norm,empirical,2.0,,,,,,71273.0,,,,,,,,,,,,,,,,,,,,,,,,,,,,,,individual,225.0,0.0022606898654850293,62.0106807611,empirical-operator-norm,Repository empirical operator-norm calibration study v1 (2026-08-10),reviewed calibration opnorm-v1-heisenberg-open-trotter-p2; artifact docs/calibration_data/empirical_1d_v1_accepted.json,"{""prefactor"":62.0106807611}",False,implemented-product-formula,False,,"[""the resolved ordered Hamiltonian groups match the implemented formula"",""the fixed formal-order powers in time and segments apply"",""the reviewed affine size calibration extrapolates as flagged""]",,,,,,,implemented-product-formula,False,False,0.0022606977883586218,,,,,,,,,,,,,,,,,,,1.0,none,0.0,system register,1.0,57.0,32001577.0,0.0,-1.0,3712182932.0,47789022.0,analytical-model,0.00025118864315095795,opnorm-v1-heisenberg-open-trotter-p2,heisenberg_chain,affine-aN-plus-b,62.0106807611,4.0,12.0,4.0,12.0,True,True,formula,0.1.0,3.11.9,2.5.0,b58b31db18364511c43757e27fffc7abce8df2c1,True,ok,,
1.0,heisenberg_chain:N057,-2.6,commutator,10057.0,,,2.0,a8fa234e-a646-4911-8402-a67c302db4ae,2026-08-12T00:11:58.358108+00:00,c1ad72de628f71283ac69037e9bbe97c3e773952f5abde5eac91397ca322d1a6,resource-grid,heisenberg_chain,Heisenberg-57,"{""coupling"":1.0,""field_z"":0.3}",57,57.0,proportional,1.0,0.0025118864315095794,185.10000000000065,225,trotter-p4,trotter,Trotter p=4,analytical,analytical,4.0,,,,,,10057.0,,,,,,,,,,,,,,,,,,,,,,,,,,,,,,commuting,3.0,0.0022599503565427204,38423.63263718384,schubert-mendl-commutator,"Schubert and Mendl, arXiv:2306.10603",Theorem 1,"{""prefactor"":38423.63263718384}",True,implemented-product-formula,True,,"[""the resolved ordered Hamiltonian groups match the implemented formula""]",,,,,,,implemented-product-formula,True,True,0.0022606977883586218,,,,,,,,,,,,,,,,,,,1.0,none,0.0,system register,1.0,57.0,19862575.0,0.0,-1.0,2264333550.0,29661446.0,analytical-model,0.00025118864315095795,,,,,,,,,,,,0.1.0,3.11.9,2.5.0,b58b31db18364511c43757e27fffc7abce8df2c1,True,ok,,
1.0,heisenberg_chain:N057,-2.6,empirical,1426.0,,,2.0,a8fa234e-a646-4911-8402-a67c302db4ae,2026-08-12T00:11:58.358108+00:00,c1ad72de628f71283ac69037e9bbe97c3e773952f5abde5eac91397ca322d1a6,resource-grid,heisenberg_chain,Heisenberg-57,"{""coupling"":1.0,""field_z"":0.3}",57,57.0,proportional,1.0,0.0025118864315095794,185.10000000000065,225,trotter-p4-empirical,trotter,Trotter p=4 [empirical],empirical-operator-norm,empirical,4.0,,,,,,1426.0,,,,,,,,,,,,,,,,,,,,,,,,,,,,,,commuting,3.0,0.002258535221497336,15.521392859299997,empirical-operator-norm,Repository empirical operator-norm calibration study v1 (2026-08-10),reviewed calibration opnorm-v1-heisenberg-open-trotter-p4; artifact docs/calibration_data/empirical_1d_v1_accepted.json,"{""prefactor"":15.521392859299997}",False,implemented-product-formula,False,,"[""the resolved ordered Hamiltonian groups match the implemented formula"",""the fixed formal-order powers in time and segments apply"",""the reviewed affine size calibration extrapolates as flagged""]",,,,,,,implemented-product-formula,False,False,0.0022606977883586218,,,,,,,,,,,,,,,,,,,1.0,none,0.0,system register,1.0,57.0,2816350.0,0.0,-1.0,298533100.0,4205750.0,analytical-model,0.00025118864315095795,opnorm-v1-heisenberg-open-trotter-p4,heisenberg_chain,affine-aN-plus-b,15.521392859299997,4.0,12.0,4.0,12.0,True,True,formula,0.1.0,3.11.9,2.5.0,b58b31db18364511c43757e27fffc7abce8df2c1,True,ok,,
1.0,heisenberg_chain:N057,-2.6,commutator,4817.0,,,2.0,a8fa234e-a646-4911-8402-a67c302db4ae,2026-08-12T00:11:58.358108+00:00,c1ad72de628f71283ac69037e9bbe97c3e773952f5abde5eac91397ca322d1a6,resource-grid,heisenberg_chain,Heisenberg-57,"{""coupling"":1.0,""field_z"":0.3}",57,57.0,proportional,1.0,0.0025118864315095794,185.10000000000065,225,trotter-p6,trotter,Trotter p=6,analytical,analytical,6.0,,,,,,4817.0,,,,,,,,,,,,,,,,,,,,,,,,,,,,,,commuting,3.0,0.0022584389470604663,14432588.951672671,schubert-mendl-commutator,"Schubert and Mendl, arXiv:2306.10603",Theorem 1,"{""prefactor"":14432588.951672671}",True,implemented-product-formula,True,,"[""the resolved ordered Hamiltonian groups match the implemented formula""]",,,,,,,implemented-product-formula,True,True,0.0022606977883586218,,,,,,,,,,,,,,,,,,,1.0,none,0.0,system register,1.0,57.0,47567875.0,0.0,-1.0,5613009250.0,71034694.0,analytical-model,0.00025118864315095795,,,,,,,,,,,,0.1.0,3.11.9,2.5.0,b58b31db18364511c43757e27fffc7abce8df2c1,True,ok,,
1.0,heisenberg_chain:N057,-2.6,empirical,342.0,,,2.0,a8fa234e-a646-4911-8402-a67c302db4ae,2026-08-12T00:11:58.358108+00:00,c1ad72de628f71283ac69037e9bbe97c3e773952f5abde5eac91397ca322d1a6,resource-grid,heisenberg_chain,Heisenberg-57,"{""coupling"":1.0,""field_z"":0.3}",57,57.0,proportional,1.0,0.0025118864315095794,185.10000000000065,225,trotter-p6-empirical,trotter,Trotter p=6 [empirical],empirical-operator-norm,empirical,6.0,,,,,,342.0,,,,,,,,,,,,,,,,,,,,,,,,,,,,,,commuting,3.0,0.00027534962853652305,0.225380917,empirical-operator-norm,Repository empirical operator-norm calibration study v1 (2026-08-10),reviewed calibration opnorm-v1-heisenberg-open-trotter-p6; artifact docs/calibration_data/empirical_1d_v1_accepted.json,"{""prefactor"":0.225380917}",False,implemented-product-formula,False,,"[""the resolved ordered Hamiltonian groups match the implemented formula"",""the fixed formal-order powers in time and segments apply"",""the reviewed affine size calibration extrapolates as flagged""]",,,,,,,implemented-product-formula,False,False,0.0022606977883586218,,,,,,,,,,,,,,,,,,,1.0,none,0.0,system register,1.0,57.0,3377250.0,0.0,-1.0,361365750.0,5043360.0,analytical-model,0.00025118864315095795,opnorm-v1-heisenberg-open-trotter-p6,heisenberg_chain,affine-aN-plus-b,0.225380917,4.0,12.0,4.0,12.0,True,True,asymptotic-domain,0.1.0,3.11.9,2.5.0,b58b31db18364511c43757e27fffc7abce8df2c1,True,ok,,
1.0,heisenberg_chain:N057,-2.6,jacobi-anger,,,,2.0,a8fa234e-a646-4911-8402-a67c302db4ae,2026-08-12T00:11:58.358108+00:00,c1ad72de628f71283ac69037e9bbe97c3e773952f5abde5eac91397ca322d1a6,resource-grid,heisenberg_chain,Heisenberg-57,"{""coupling"":1.0,""field_z"":0.3}",57,57.0,proportional,1.0,0.0025118864315095794,185.10000000000065,225,qsvt,qsvt,QSVT,jacobi-anger-rigorous,analytical,,,,,,,,,,,,,,,,,,,,,,,,,,,,,,,,,,,86067.0,14345.0,,,0.0003049912570109359,,jacobi-anger-polynomial-oaa,"Martyn et al., arXiv:2105.02859, Eqs. (76)--(77)",Jacobi--Anger tails plus exact cubic OAA identity,"{""oaa-unitarity-defect-distortion"":0.00015251306659064753,""scaled-polynomial-error"":0.0001524781904202884}",True,ideal-qsvt-oaa-good-block,True,,"[""the cosine and sine polynomials are implemented exactly"",""the unamplified good block is exactly Q/2""]",,,,,,,implemented-qsvt-floating-phase-circuit,False,False,0.0022606977883586218,,,,,,,,,,,,,,,,,,,2.0,one robust OAA round,1.0,"component, quadrature, and index registers all-zero",,75.0,44066316.0,156469932.0,-1.0,5825705016.0,1016365959.0,analytical-model,0.00025118864315095795,,,,,,,,,,,,0.1.0,3.11.9,2.5.0,b58b31db18364511c43757e27fffc7abce8df2c1,True,ok,,
1.0,heisenberg_chain:N057,-2.6,empirical,,9.0,,2.0,a8fa234e-a646-4911-8402-a67c302db4ae,2026-08-12T00:11:58.358108+00:00,c1ad72de628f71283ac69037e9bbe97c3e773952f5abde5eac91397ca322d1a6,resource-grid,heisenberg_chain,Heisenberg-57,"{""coupling"":1.0,""field_z"":0.3}",57,57.0,proportional,1.0,0.0025118864315095794,185.10000000000065,225,mpf-j-mizuta2026-theorem6-empirical-operator-norm,multiproduct,MPF J=Mizuta Theorem 6 (resolved per point) [empirical operator norm],empirical-operator-norm,,,9.0,18.0,mizuta2026-theorem6,6.300000000000004,0.0022606977883586218,,,,,,,,,,,,,,,,,,,,,,,,,,,,,,,,,,,,,,,,,,,,,,,,,,,,,0.0022606977883586218,,,,,,,,,,,,,,,,,,,,,,,,,,,,,,,,,,,,,,,,,,,0.1.0,3.11.9,2.5.0,b58b31db18364511c43757e27fffc7abce8df2c1,True,missing_empirical,UnsupportedEmpiricalCalibrationError,"no reviewed empirical operator-norm calibration for method=multiproduct, formal_order=18, model=heisenberg_chain, parameters={'coupling': 1.0, 'field_z': 0.3}, boundary=open, partition=None, schedule='new', formula='ordered-individual-pauli-strang-mpf-v1'"
1.0,heisenberg_chain:N057,-2.6,commutator,,9.0,60559.0,2.0,a8fa234e-a646-4911-8402-a67c302db4ae,2026-08-12T00:11:58.358108+00:00,c1ad72de628f71283ac69037e9bbe97c3e773952f5abde5eac91397ca322d1a6,resource-grid,heisenberg_chain,Heisenberg-57,"{""coupling"":1.0,""field_z"":0.3}",57,57.0,proportional,1.0,0.0025118864315095794,185.10000000000065,225,mpf-j-mizuta2026-theorem6-mizuta2026-commutator-ideal-rigorous,multiproduct,MPF J=Mizuta Theorem 6 (resolved per point) [Mizuta 2026 refined commutator],mizuta2026-commutator-ideal-rigorous,analytical,,9.0,18.0,mizuta2026-theorem6,6.300000000000004,0.0022606977883586218,60559.0,60559.0,,44622.0,"[""error""]",195.7078909377345,18.0,,,3.7243138023553103e-08,2.0659006703634037e-28,4.51711575915967e-42,2.065900670363358e-28,2.0659006703634037e-28,3.724313802355311e-08,0.0022604997136904054,1.3719981362396362e-05,False,0.0012774140010508766,"[1.0000000000000002,1.0000000000000002,1.0000000000000002,1.0000000000000002,1.0000000000000002,1.0000000000000002,1.0000000000000002,1.0000000000000002,1.0000000000000002,1.0000000000000002,1.0000000000000002,1.0000000000000002,1.0000000000000002,1.0000000000000002,1.0000000000000002,1.0000000000000002,1.0000000000000002,1.0000000000000002,1.0000000000000002,1.0000000000000002,1.0000000000000002,1.0000000000000002,1.0000000000000002,1.0000000000000002,1.0000000000000002,1.0000000000000002,1.0000000000000002,1.0000000000000002,1.0000000000000002,1.0000000000000002,1.0000000000000002,1.0000000000000002,1.0000000000000002,1.0000000000000002,1.0000000000000002,1.0000000000000002,1.0000000000000002,1.0000000000000002,1.0000000000000002,1.0000000000000002,1.0000000000000002,1.0000000000000002,1.0000000000000002,1.0000000000000002,1.0000000000000002,1.0000000000000002,1.0000000000000002,1.0000000000000002,1.0000000000000002,1.0000000000000002,1.0000000000000002,1.0000000000000002,1.0000000000000002,1.0000000000000002,1.0000000000000002,1.0000000000000002,1.0000000000000002,1.0000000000000002,1.0000000000000002,1.0000000000000002,1.0000000000000002,1.0000000000000002,1.0000000000000002,1.0000000000000002,1.0000000000000002,1.0000000000000002,1.0000000000000002,1.0000000000000002,1.0000000000000002,1.0000000000000002,1.0000000000000002,1.0000000000000002,1.0000000000000002,1.0000000000000002,1.0000000000000002,1.0000000000000002,1.0000000000000002,1.0000000000000002,1.0000000000000002,1.0000000000000002,1.0000000000000002,1.0000000000000002,1.0000000000000002,1.0000000000000002,1.0000000000000002,1.0000000000000002,1.0000000000000002,1.0000000000000002,1.0000000000000002,1.0000000000000002,1.0000000000000002,1.0000000000000002,1.0000000000000002,1.0000000000000002,1.0000000000000002,1.0000000000000002,1.0000000000000002,1.0000000000000002,1.0000000000000002,1.0000000000000002,1.0000000000000002,1.0000000000000002,1.0000000000000002,1.0000000000000002,1.0000000000000002,1.0000000000000002,1.0000000000000002,1.0000000000000002,1.0000000000000002,1.0000000000000002,1.0000000000000002,1.0000000000000002,1.0000000000000002,1.0000000000000002,1.0000000000000002,1.0000000000000002,1.0000000000000002,1.0000000000000002,1.0000000000000002,1.0000000000000002,1.0000000000000002,1.0000000000000002,1.0000000000000002,1.0000000000000002,1.0000000000000002,1.0000000000000002,1.0000000000000002,1.0000000000000002,1.0000000000000002,1.0000000000000002,1.0000000000000002,1.0000000000000002,1.0000000000000002,1.0000000000000002,1.0000000000000002,1.0000000000000002,1.0000000000000002,1.0000000000000002,1.0000000000000002,1.0000000000000002,1.0000000000000002,1.0000000000000002,1.0000000000000002,1.0000000000000002,1.0000000000000002,1.0000000000000002,1.0000000000000002,1.0000000000000002,1.0000000000000002,1.0000000000000002,1.0000000000000002,1.0000000000000002,1.0000000000000002,1.0000000000000002,1.0000000000000002,1.0000000000000002,1.0000000000000002,1.0000000000000002,1.0000000000000002,1.0000000000000002,1.0000000000000002,1.0000000000000002,1.0000000000000002,1.0000000000000002,1.0000000000000002,1.0000000000000002,1.0000000000000002,1.0000000000000002,1.0000000000000002,1.0000000000000002,1.0000000000000002,1.0000000000000002,1.0000000000000002,1.0000000000000002,1.0000000000000002,1.0000000000000002,1.0000000000000002,1.0000000000000002,1.0000000000000002,1.0000000000000002,1.0000000000000002,1.0000000000000002,1.0000000000000002,1.0000000000000002,1.0000000000000002,1.0000000000000002,1.0000000000000002,1.0000000000000002,1.0000000000000002,1.0000000000000002,1.0000000000000002,1.0000000000000002,1.0000000000000002,1.0000000000000002,1.0000000000000002,1.0000000000000002,1.0000000000000002,1.0000000000000002,1.0000000000000002,1.0000000000000002,1.0000000000000002,1.0000000000000002,1.0000000000000002,1.0000000000000002,1.0000000000000002,1.0000000000000002,1.0000000000000002,1.0000000000000002,1.0000000000000002,1.0000000000000002,1.0000000000000002,1.0000000000000002,1.0000000000000002,1.0000000000000002,1.0000000000000002,1.0000000000000002,1.0000000000000002,1.0000000000000002,1.0000000000000002,1.0000000000000002,1.0000000000000002,1.0000000000000002,1.0000000000000002,1.0000000000000002,1.0000000000000002]",6.300000000000007,3.0,True,exact commutator transition cap reached; locality bound used,not-used,commutator,mizuta2026-commutator-ideal-rigorous,[],14534160.0,,,,0.0022604997136904054,1.177115873142261e+50,mizuta2026-commutator-ideal-rigorous,"Mizuta, Quantum 10, 1974 (2026), arXiv:2507.06557v4","Theorem 4, Eqs. (47)--(49), with direct Lemmas 9--10 BCH remainder","{""error_predicate_satisfied"":1.0,""extensiveness_g"":6.300000000000004,""joint_predicate_satisfied"":1.0,""legacy_first_condition_passed"":0.0,""legacy_first_time_limit"":1.3719981362396362e-05,""local_commutator_error"":3.7243138023553103e-08,""local_step_error"":3.724313802355311e-08,""local_truncated_bch_error"":2.0659006703634037e-28,""locality_k"":2.0,""mu_upper"":195.7078909377345,""refined_lemma10_remainder"":2.065900670363358e-28,""refined_lemma9_remainder"":4.51711575915967e-42,""refined_tail_fallback"":0.0,""repeated_global_error"":0.0022604997136904054,""schedule_weighted_extensiveness"":6.300000000000007,""second_time_limit"":0.0012774140010508766,""time_2_predicate_satisfied"":1.0,""total_branchwise_bch_remainder"":2.0659006703634037e-28,""truncation_order_p0"":18.0}",True,ideal-mpf,True,ordered individual Pauli terms,"[""individual Pauli summands define the ordered H_gamma decomposition"",""the actual Strang factors define schedule-weighted g_alpha extensiveness"",""Lemma 9 and Lemma 10 positive majorants directly certify the BCH remainder"",""the scalar-flow/Cauchy refined tail certificate is used"",""Theorem 4 second time hypothesis is satisfied"",""the repeated ideal MPF is composed with the Eq. (15) telescoping argument""]","exact Pauli recurrence would require 307800 transitions at order 4, above cap 250000; remaining orders use Mizuta 2026 Eq. (8)",18.0,3.0,True,True,"{""2"":1588.800000000002,""3"":26021.760000000057,""4"":34480081.03680006,""5"":3475592168.5094457,""6"":437924613232.18976,""7"":66214201520707.76,""8"":1.1680185148252828e+16,""9"":2.354725325887758e+18,""10"":5.3405170391134274e+20,""11"":1.345810293856585e+23,""12"":3.7305861345704733e+25,""13"":1.1281292470941247e+28,""14"":3.6957514134803366e+30,""15"":1.303861098675863e+33,""16"":4.9285949529947805e+35,""17"":1.987209485047489e+38,""18"":8.513205433943494e+40}",repeated-shared-ancilla-good-block,True,False,0.0022606977883586218,new,"[1,2,3,4,5,6,8,14,37]","[1.967691252631999e-13,-3.445506091008736e-08,2.544222523112307e-05,-0.0016199636587070087,0.021324279661958864,-0.07100801545469856,0.14994672471728007,-0.4079534241993221,1.3092849911631212]",1.9611628755355768,0.03883712446442322,80.0,registered-exact,True,9.0,4.0,2.0,5.0,11.0,5.0,6.0,3.0,2.0,3.0,2.0,one robust OAA round per segment,60559.0,branch register all-zero,,64.0,13057125990.0,6964285.0,-1.0,1867196873710.0,22844829024.0,analytical-model,0.00025118864315095795,,,,,,,,,,,,0.1.0,3.11.9,2.5.0,b58b31db18364511c43757e27fffc7abce8df2c1,True,ok,,
1.0,heisenberg_chain:N057,-2.7,commutator,262831.0,,,2.0,a8fa234e-a646-4911-8402-a67c302db4ae,2026-08-12T00:11:58.358108+00:00,c1ad72de628f71283ac69037e9bbe97c3e773952f5abde5eac91397ca322d1a6,resource-grid,heisenberg_chain,Heisenberg-57,"{""coupling"":1.0,""field_z"":0.3}",57,57.0,proportional,1.0,0.001995262314968879,185.10000000000065,225,trotter-p2,trotter,Trotter p=2,analytical,analytical,2.0,,,,,,262831.0,,,,,,,,,,,,,,,,,,,,,,,,,,,,,,individual,225.0,0.0017957359218873543,669.839999999999,childs-commutator,"Childs, Su, Tran, Wiebe, and Zhu, arXiv:1912.08854",Propositions 9--10,"{""prefactor"":669.839999999999}",True,implemented-product-formula,True,,"[""the resolved ordered Hamiltonian groups match the implemented formula""]",,,,,,,implemented-product-formula,True,True,0.001795736083471991,,,,,,,,,,,,,,,,,,,1.0,none,0.0,system register,1.0,57.0,118011119.0,0.0,-1.0,14515367637.0,176229938.0,analytical-model,0.0001995262314968879,,,,,,,,,,,,0.1.0,3.11.9,2.5.0,b58b31db18364511c43757e27fffc7abce8df2c1,True,ok,,
1.0,heisenberg_chain:N057,-2.7,empirical,79970.0,,,2.0,a8fa234e-a646-4911-8402-a67c302db4ae,2026-08-12T00:11:58.358108+00:00,c1ad72de628f71283ac69037e9bbe97c3e773952f5abde5eac91397ca322d1a6,resource-grid,heisenberg_chain,Heisenberg-57,"{""coupling"":1.0,""field_z"":0.3}",57,57.0,proportional,1.0,0.001995262314968879,185.10000000000065,225,trotter-p2-empirical,trotter,Trotter p=2 [empirical],empirical-operator-norm,empirical,2.0,,,,,,79970.0,,,,,,,,,,,,,,,,,,,,,,,,,,,,,,individual,225.0,0.001795712782406947,62.0106807611,empirical-operator-norm,Repository empirical operator-norm calibration study v1 (2026-08-10),reviewed calibration opnorm-v1-heisenberg-open-trotter-p2; artifact docs/calibration_data/empirical_1d_v1_accepted.json,"{""prefactor"":62.0106807611}",False,implemented-product-formula,False,,"[""the resolved ordered Hamiltonian groups match the implemented formula"",""the fixed formal-order powers in time and segments apply"",""the reviewed affine size calibration extrapolates as flagged""]",,,,,,,implemented-product-formula,False,False,0.001795736083471991,,,,,,,,,,,,,,,,,,,1.0,none,0.0,system register,1.0,57.0,35906530.0,0.0,-1.0,4236970540.0,53620419.0,analytical-model,0.0001995262314968879,opnorm-v1-heisenberg-open-trotter-p2,heisenberg_chain,affine-aN-plus-b,62.0106807611,4.0,12.0,4.0,12.0,True,True,formula,0.1.0,3.11.9,2.5.0,b58b31db18364511c43757e27fffc7abce8df2c1,True,ok,,
1.0,heisenberg_chain:N057,-2.7,commutator,10653.0,,,2.0,a8fa234e-a646-4911-8402-a67c302db4ae,2026-08-12T00:11:58.358108+00:00,c1ad72de628f71283ac69037e9bbe97c3e773952f5abde5eac91397ca322d1a6,resource-grid,heisenberg_chain,Heisenberg-57,"{""coupling"":1.0,""field_z"":0.3}",57,57.0,proportional,1.0,0.001995262314968879,185.10000000000065,225,trotter-p4,trotter,Trotter p=4,analytical,analytical,4.0,,,,,,10653.0,,,,,,,,,,,,,,,,,,,,,,,,,,,,,,commuting,3.0,0.0017950848916935375,38423.63263718384,schubert-mendl-commutator,"Schubert and Mendl, arXiv:2306.10603",Theorem 1,"{""prefactor"":38423.63263718384}",True,implemented-product-formula,True,,"[""the resolved ordered Hamiltonian groups match the implemented formula""]",,,,,,,implemented-product-formula,True,True,0.001795736083471991,,,,,,,,,,,,,,,,,,,1.0,none,0.0,system register,1.0,57.0,21039675.0,0.0,-1.0,2440602300.0,31419248.0,analytical-model,0.0001995262314968879,,,,,,,,,,,,0.1.0,3.11.9,2.5.0,b58b31db18364511c43757e27fffc7abce8df2c1,True,ok,,
1.0,heisenberg_chain:N057,-2.7,empirical,1511.0,,,2.0,a8fa234e-a646-4911-8402-a67c302db4ae,2026-08-12T00:11:58.358108+00:00,c1ad72de628f71283ac69037e9bbe97c3e773952f5abde5eac91397ca322d1a6,resource-grid,heisenberg_chain,Heisenberg-57,"{""coupling"":1.0,""field_z"":0.3}",57,57.0,proportional,1.0,0.001995262314968879,185.10000000000065,225,trotter-p4-empirical,trotter,Trotter p=4 [empirical],empirical-operator-norm,empirical,4.0,,,,,,1511.0,,,,,,,,,,,,,,,,,,,,,,,,,,,,,,commuting,3.0,0.0017916249939438366,15.521392859299997,empirical-operator-norm,Repository empirical operator-norm calibration study v1 (2026-08-10),reviewed calibration opnorm-v1-heisenberg-open-trotter-p4; artifact docs/calibration_data/empirical_1d_v1_accepted.json,"{""prefactor"":15.521392859299997}",False,implemented-product-formula,False,,"[""the resolved ordered Hamiltonian groups match the implemented formula"",""the fixed formal-order powers in time and segments apply"",""the reviewed affine size calibration extrapolates as flagged""]",,,,,,,implemented-product-formula,False,False,0.001795736083471991,,,,,,,,,,,,,,,,,,,1.0,none,0.0,system register,1.0,57.0,2984225.0,0.0,-1.0,319312075.0,4456443.0,analytical-model,0.0001995262314968879,opnorm-v1-heisenberg-open-trotter-p4,heisenberg_chain,affine-aN-plus-b,15.521392859299997,4.0,12.0,4.0,12.0,True,True,formula,0.1.0,3.11.9,2.5.0,b58b31db18364511c43757e27fffc7abce8df2c1,True,ok,,
1.0,heisenberg_chain:N057,-2.7,commutator,5005.0,,,2.0,a8fa234e-a646-4911-8402-a67c302db4ae,2026-08-12T00:11:58.358108+00:00,c1ad72de628f71283ac69037e9bbe97c3e773952f5abde5eac91397ca322d1a6,resource-grid,heisenberg_chain,Heisenberg-57,"{""coupling"":1.0,""field_z"":0.3}",57,57.0,proportional,1.0,0.001995262314968879,185.10000000000065,225,trotter-p6,trotter,Trotter p=6,analytical,analytical,6.0,,,,,,5005.0,,,,,,,,,,,,,,,,,,,,,,,,,,,,,,commuting,3.0,0.0017949143995238748,14432588.951672671,schubert-mendl-commutator,"Schubert and Mendl, arXiv:2306.10603",Theorem 1,"{""prefactor"":14432588.951672671}",True,implemented-product-formula,True,,"[""the resolved ordered Hamiltonian groups match the implemented formula""]",,,,,,,implemented-product-formula,True,True,0.001795736083471991,,,,,,,,,,,,,,,,,,,1.0,none,0.0,system register,1.0,57.0,49424375.0,0.0,-1.0,5881500625.0,73807067.0,analytical-model,0.0001995262314968879,,,,,,,,,,,,0.1.0,3.11.9,2.5.0,b58b31db18364511c43757e27fffc7abce8df2c1,True,ok,,
1.0,heisenberg_chain:N057,-2.7,empirical,342.0,,,2.0,a8fa234e-a646-4911-8402-a67c302db4ae,2026-08-12T00:11:58.358108+00:00,c1ad72de628f71283ac69037e9bbe97c3e773952f5abde5eac91397ca322d1a6,resource-grid,heisenberg_chain,Heisenberg-57,"{""coupling"":1.0,""field_z"":0.3}",57,57.0,proportional,1.0,0.001995262314968879,185.10000000000065,225,trotter-p6-empirical,trotter,Trotter p=6 [empirical],empirical-operator-norm,empirical,6.0,,,,,,342.0,,,,,,,,,,,,,,,,,,,,,,,,,,,,,,commuting,3.0,0.00027534962853652305,0.225380917,empirical-operator-norm,Repository empirical operator-norm calibration study v1 (2026-08-10),reviewed calibration opnorm-v1-heisenberg-open-trotter-p6; artifact docs/calibration_data/empirical_1d_v1_accepted.json,"{""prefactor"":0.225380917}",False,implemented-product-formula,False,,"[""the resolved ordered Hamiltonian groups match the implemented formula"",""the fixed formal-order powers in time and segments apply"",""the reviewed affine size calibration extrapolates as flagged""]",,,,,,,implemented-product-formula,False,False,0.001795736083471991,,,,,,,,,,,,,,,,,,,1.0,none,0.0,system register,1.0,57.0,3377250.0,0.0,-1.0,364743000.0,5043360.0,analytical-model,0.0001995262314968879,opnorm-v1-heisenberg-open-trotter-p6,heisenberg_chain,affine-aN-plus-b,0.225380917,4.0,12.0,4.0,12.0,True,True,asymptotic-domain,0.1.0,3.11.9,2.5.0,b58b31db18364511c43757e27fffc7abce8df2c1,True,ok,,
1.0,heisenberg_chain:N057,-2.7,jacobi-anger,,,,2.0,a8fa234e-a646-4911-8402-a67c302db4ae,2026-08-12T00:11:58.358108+00:00,c1ad72de628f71283ac69037e9bbe97c3e773952f5abde5eac91397ca322d1a6,resource-grid,heisenberg_chain,Heisenberg-57,"{""coupling"":1.0,""field_z"":0.3}",57,57.0,proportional,1.0,0.001995262314968879,185.10000000000065,225,qsvt,qsvt,QSVT,jacobi-anger-rigorous,analytical,,,,,,,,,,,,,,,,,,,,,,,,,,,,,,,,,,,86067.0,14345.0,,,0.0002533194187141696,,jacobi-anger-polynomial-oaa,"Martyn et al., arXiv:2105.02859, Eqs. (76)--(77)",Jacobi--Anger tails plus exact cubic OAA identity,"{""oaa-unitarity-defect-distortion"":0.0001266717395909009,""scaled-polynomial-error"":0.0001266476791232687}",True,ideal-qsvt-oaa-good-block,True,,"[""the cosine and sine polynomials are implemented exactly"",""the unamplified good block is exactly Q/2""]",,,,,,,implemented-qsvt-floating-phase-circuit,False,False,0.001795736083471991,,,,,,,,,,,,,,,,,,,2.0,one robust OAA round,1.0,"component, quadrature, and index registers all-zero",,75.0,44066316.0,156469932.0,-1.0,5869771332.0,1016365959.0,analytical-model,0.0001995262314968879,,,,,,,,,,,,0.1.0,3.11.9,2.5.0,b58b31db18364511c43757e27fffc7abce8df2c1,True,ok,,
1.0,heisenberg_chain:N057,-2.7,empirical,,9.0,,2.0,a8fa234e-a646-4911-8402-a67c302db4ae,2026-08-12T00:11:58.358108+00:00,c1ad72de628f71283ac69037e9bbe97c3e773952f5abde5eac91397ca322d1a6,resource-grid,heisenberg_chain,Heisenberg-57,"{""coupling"":1.0,""field_z"":0.3}",57,57.0,proportional,1.0,0.001995262314968879,185.10000000000065,225,mpf-j-mizuta2026-theorem6-empirical-operator-norm,multiproduct,MPF J=Mizuta Theorem 6 (resolved per point) [empirical operator norm],empirical-operator-norm,,,9.0,18.0,mizuta2026-theorem6,6.300000000000004,0.001795736083471991,,,,,,,,,,,,,,,,,,,,,,,,,,,,,,,,,,,,,,,,,,,,,,,,,,,,,0.001795736083471991,,,,,,,,,,,,,,,,,,,,,,,,,,,,,,,,,,,,,,,,,,,0.1.0,3.11.9,2.5.0,b58b31db18364511c43757e27fffc7abce8df2c1,True,missing_empirical,UnsupportedEmpiricalCalibrationError,"no reviewed empirical operator-norm calibration for method=multiproduct, formal_order=18, model=heisenberg_chain, parameters={'coupling': 1.0, 'field_z': 0.3}, boundary=open, partition=None, schedule='new', formula='ordered-individual-pauli-strang-mpf-v1'"
1.0,heisenberg_chain:N057,-2.7,commutator,,9.0,61337.0,2.0,a8fa234e-a646-4911-8402-a67c302db4ae,2026-08-12T00:11:58.358108+00:00,c1ad72de628f71283ac69037e9bbe97c3e773952f5abde5eac91397ca322d1a6,resource-grid,heisenberg_chain,Heisenberg-57,"{""coupling"":1.0,""field_z"":0.3}",57,57.0,proportional,1.0,0.001995262314968879,185.10000000000065,225,mpf-j-mizuta2026-theorem6-mizuta2026-commutator-ideal-rigorous,multiproduct,MPF J=Mizuta Theorem 6 (resolved per point) [Mizuta 2026 refined commutator],mizuta2026-commutator-ideal-rigorous,analytical,,9.0,18.0,mizuta2026-theorem6,6.300000000000004,0.001795736083471991,61337.0,61337.0,,44622.0,"[""error""]",195.7078909377345,18.0,,,2.922223232768518e-08,1.6186476944943155e-28,3.543470235652009e-42,1.6186476944942799e-28,1.6186476944943155e-28,2.9222232327685184e-08,0.0017956196050541884,1.3719981362396362e-05,False,0.0012774140010508766,"[1.0000000000000002,1.0000000000000002,1.0000000000000002,1.0000000000000002,1.0000000000000002,1.0000000000000002,1.0000000000000002,1.0000000000000002,1.0000000000000002,1.0000000000000002,1.0000000000000002,1.0000000000000002,1.0000000000000002,1.0000000000000002,1.0000000000000002,1.0000000000000002,1.0000000000000002,1.0000000000000002,1.0000000000000002,1.0000000000000002,1.0000000000000002,1.0000000000000002,1.0000000000000002,1.0000000000000002,1.0000000000000002,1.0000000000000002,1.0000000000000002,1.0000000000000002,1.0000000000000002,1.0000000000000002,1.0000000000000002,1.0000000000000002,1.0000000000000002,1.0000000000000002,1.0000000000000002,1.0000000000000002,1.0000000000000002,1.0000000000000002,1.0000000000000002,1.0000000000000002,1.0000000000000002,1.0000000000000002,1.0000000000000002,1.0000000000000002,1.0000000000000002,1.0000000000000002,1.0000000000000002,1.0000000000000002,1.0000000000000002,1.0000000000000002,1.0000000000000002,1.0000000000000002,1.0000000000000002,1.0000000000000002,1.0000000000000002,1.0000000000000002,1.0000000000000002,1.0000000000000002,1.0000000000000002,1.0000000000000002,1.0000000000000002,1.0000000000000002,1.0000000000000002,1.0000000000000002,1.0000000000000002,1.0000000000000002,1.0000000000000002,1.0000000000000002,1.0000000000000002,1.0000000000000002,1.0000000000000002,1.0000000000000002,1.0000000000000002,1.0000000000000002,1.0000000000000002,1.0000000000000002,1.0000000000000002,1.0000000000000002,1.0000000000000002,1.0000000000000002,1.0000000000000002,1.0000000000000002,1.0000000000000002,1.0000000000000002,1.0000000000000002,1.0000000000000002,1.0000000000000002,1.0000000000000002,1.0000000000000002,1.0000000000000002,1.0000000000000002,1.0000000000000002,1.0000000000000002,1.0000000000000002,1.0000000000000002,1.0000000000000002,1.0000000000000002,1.0000000000000002,1.0000000000000002,1.0000000000000002,1.0000000000000002,1.0000000000000002,1.0000000000000002,1.0000000000000002,1.0000000000000002,1.0000000000000002,1.0000000000000002,1.0000000000000002,1.0000000000000002,1.0000000000000002,1.0000000000000002,1.0000000000000002,1.0000000000000002,1.0000000000000002,1.0000000000000002,1.0000000000000002,1.0000000000000002,1.0000000000000002,1.0000000000000002,1.0000000000000002,1.0000000000000002,1.0000000000000002,1.0000000000000002,1.0000000000000002,1.0000000000000002,1.0000000000000002,1.0000000000000002,1.0000000000000002,1.0000000000000002,1.0000000000000002,1.0000000000000002,1.0000000000000002,1.0000000000000002,1.0000000000000002,1.0000000000000002,1.0000000000000002,1.0000000000000002,1.0000000000000002,1.0000000000000002,1.0000000000000002,1.0000000000000002,1.0000000000000002,1.0000000000000002,1.0000000000000002,1.0000000000000002,1.0000000000000002,1.0000000000000002,1.0000000000000002,1.0000000000000002,1.0000000000000002,1.0000000000000002,1.0000000000000002,1.0000000000000002,1.0000000000000002,1.0000000000000002,1.0000000000000002,1.0000000000000002,1.0000000000000002,1.0000000000000002,1.0000000000000002,1.0000000000000002,1.0000000000000002,1.0000000000000002,1.0000000000000002,1.0000000000000002,1.0000000000000002,1.0000000000000002,1.0000000000000002,1.0000000000000002,1.0000000000000002,1.0000000000000002,1.0000000000000002,1.0000000000000002,1.0000000000000002,1.0000000000000002,1.0000000000000002,1.0000000000000002,1.0000000000000002,1.0000000000000002,1.0000000000000002,1.0000000000000002,1.0000000000000002,1.0000000000000002,1.0000000000000002,1.0000000000000002,1.0000000000000002,1.0000000000000002,1.0000000000000002,1.0000000000000002,1.0000000000000002,1.0000000000000002,1.0000000000000002,1.0000000000000002,1.0000000000000002,1.0000000000000002,1.0000000000000002,1.0000000000000002,1.0000000000000002,1.0000000000000002,1.0000000000000002,1.0000000000000002,1.0000000000000002,1.0000000000000002,1.0000000000000002,1.0000000000000002,1.0000000000000002,1.0000000000000002,1.0000000000000002,1.0000000000000002,1.0000000000000002,1.0000000000000002,1.0000000000000002,1.0000000000000002,1.0000000000000002,1.0000000000000002,1.0000000000000002,1.0000000000000002,1.0000000000000002,1.0000000000000002,1.0000000000000002,1.0000000000000002,1.0000000000000002,1.0000000000000002,1.0000000000000002,1.0000000000000002]",6.300000000000007,3.0,True,exact commutator transition cap reached; locality bound used,not-used,commutator,mizuta2026-commutator-ideal-rigorous,[],14720880.0,,,,0.0017956196050541884,1.177115873142261e+50,mizuta2026-commutator-ideal-rigorous,"Mizuta, Quantum 10, 1974 (2026), arXiv:2507.06557v4","Theorem 4, Eqs. (47)--(49), with direct Lemmas 9--10 BCH remainder","{""error_predicate_satisfied"":1.0,""extensiveness_g"":6.300000000000004,""joint_predicate_satisfied"":1.0,""legacy_first_condition_passed"":0.0,""legacy_first_time_limit"":1.3719981362396362e-05,""local_commutator_error"":2.922223232768518e-08,""local_step_error"":2.9222232327685184e-08,""local_truncated_bch_error"":1.6186476944943155e-28,""locality_k"":2.0,""mu_upper"":195.7078909377345,""refined_lemma10_remainder"":1.6186476944942799e-28,""refined_lemma9_remainder"":3.543470235652009e-42,""refined_tail_fallback"":0.0,""repeated_global_error"":0.0017956196050541884,""schedule_weighted_extensiveness"":6.300000000000007,""second_time_limit"":0.0012774140010508766,""time_2_predicate_satisfied"":1.0,""total_branchwise_bch_remainder"":1.6186476944943155e-28,""truncation_order_p0"":18.0}",True,ideal-mpf,True,ordered individual Pauli terms,"[""individual Pauli summands define the ordered H_gamma decomposition"",""the actual Strang factors define schedule-weighted g_alpha extensiveness"",""Lemma 9 and Lemma 10 positive majorants directly certify the BCH remainder"",""the scalar-flow/Cauchy refined tail certificate is used"",""Theorem 4 second time hypothesis is satisfied"",""the repeated ideal MPF is composed with the Eq. (15) telescoping argument""]","exact Pauli recurrence would require 307800 transitions at order 4, above cap 250000; remaining orders use Mizuta 2026 Eq. (8)",18.0,3.0,True,True,"{""2"":1588.800000000002,""3"":26021.760000000057,""4"":34480081.03680006,""5"":3475592168.5094457,""6"":437924613232.18976,""7"":66214201520707.76,""8"":1.1680185148252828e+16,""9"":2.354725325887758e+18,""10"":5.3405170391134274e+20,""11"":1.345810293856585e+23,""12"":3.7305861345704733e+25,""13"":1.1281292470941247e+28,""14"":3.6957514134803366e+30,""15"":1.303861098675863e+33,""16"":4.9285949529947805e+35,""17"":1.987209485047489e+38,""18"":8.513205433943494e+40}",repeated-shared-ancilla-good-block,True,False,0.001795736083471991,new,"[1,2,3,4,5,6,8,14,37]","[1.967691252631999e-13,-3.445506091008736e-08,2.544222523112307e-05,-0.0016199636587070087,0.021324279661958864,-0.07100801545469856,0.14994672471728007,-0.4079534241993221,1.3092849911631212]",1.9611628755355768,0.03883712446442322,80.0,registered-exact,True,9.0,4.0,2.0,5.0,11.0,5.0,6.0,3.0,2.0,3.0,2.0,one robust OAA round per segment,61337.0,branch register all-zero,,64.0,13224870570.0,7053755.0,-1.0,1904409577100.0,23138315987.0,analytical-model,0.0001995262314968879,,,,,,,,,,,,0.1.0,3.11.9,2.5.0,b58b31db18364511c43757e27fffc7abce8df2c1,True,ok,,
1.0,heisenberg_chain:N057,-2.8,commutator,294902.0,,,2.0,a8fa234e-a646-4911-8402-a67c302db4ae,2026-08-12T00:11:58.358108+00:00,c1ad72de628f71283ac69037e9bbe97c3e773952f5abde5eac91397ca322d1a6,resource-grid,heisenberg_chain,Heisenberg-57,"{""coupling"":1.0,""field_z"":0.3}",57,57.0,proportional,1.0,0.001584893192461114,185.10000000000065,225,trotter-p2,trotter,Trotter p=2,analytical,analytical,2.0,,,,,,294902.0,,,,,,,,,,,,,,,,,,,,,,,,,,,,,,individual,225.0,0.0014263963189434174,669.839999999999,childs-commutator,"Childs, Su, Tran, Wiebe, and Zhu, arXiv:1912.08854",Propositions 9--10,"{""prefactor"":669.839999999999}",True,implemented-product-formula,True,,"[""the resolved ordered Hamiltonian groups match the implemented formula""]",,,,,,,implemented-product-formula,True,True,0.0014264038732150026,,,,,,,,,,,,,,,,,,,1.0,none,0.0,system register,1.0,57.0,132410998.0,0.0,-1.0,16551374750.0,197733758.0,analytical-model,0.00015848931924611142,,,,,,,,,,,,0.1.0,3.11.9,2.5.0,b58b31db18364511c43757e27fffc7abce8df2c1,True,ok,,
1.0,heisenberg_chain:N057,-2.8,empirical,89728.0,,,2.0,a8fa234e-a646-4911-8402-a67c302db4ae,2026-08-12T00:11:58.358108+00:00,c1ad72de628f71283ac69037e9bbe97c3e773952f5abde5eac91397ca322d1a6,resource-grid,heisenberg_chain,Heisenberg-57,"{""coupling"":1.0,""field_z"":0.3}",57,57.0,proportional,1.0,0.001584893192461114,185.10000000000065,225,trotter-p2-empirical,trotter,Trotter p=2 [empirical],empirical-operator-norm,empirical,2.0,,,,,,89728.0,,,,,,,,,,,,,,,,,,,,,,,,,,,,,,individual,225.0,0.001426379507855988,62.0106807611,empirical-operator-norm,Repository empirical operator-norm calibration study v1 (2026-08-10),reviewed calibration opnorm-v1-heisenberg-open-trotter-p2; artifact docs/calibration_data/empirical_1d_v1_accepted.json,"{""prefactor"":62.0106807611}",False,implemented-product-formula,False,,"[""the resolved ordered Hamiltonian groups match the implemented formula"",""the fixed formal-order powers in time and segments apply"",""the reviewed affine size calibration extrapolates as flagged""]",,,,,,,implemented-product-formula,False,False,0.0014264038732150026,,,,,,,,,,,,,,,,,,,1.0,none,0.0,system register,1.0,57.0,40287872.0,0.0,-1.0,4794256768.0,60163223.0,analytical-model,0.00015848931924611142,opnorm-v1-heisenberg-open-trotter-p2,heisenberg_chain,affine-aN-plus-b,62.0106807611,4.0,12.0,4.0,12.0,True,True,formula,0.1.0,3.11.9,2.5.0,b58b31db18364511c43757e27fffc7abce8df2c1,True,ok,,
1.0,heisenberg_chain:N057,-2.8,commutator,11284.0,,,2.0,a8fa234e-a646-4911-8402-a67c302db4ae,2026-08-12T00:11:58.358108+00:00,c1ad72de628f71283ac69037e9bbe97c3e773952f5abde5eac91397ca322d1a6,resource-grid,heisenberg_chain,Heisenberg-57,"{""coupling"":1.0,""field_z"":0.3}",57,57.0,proportional,1.0,0.001584893192461114,185.10000000000065,225,trotter-p4,trotter,Trotter p=4,analytical,analytical,4.0,,,,,,11284.0,,,,,,,,,,,,,,,,,,,,,,,,,,,,,,commuting,3.0,0.0014260028380418072,38423.63263718384,schubert-mendl-commutator,"Schubert and Mendl, arXiv:2306.10603",Theorem 1,"{""prefactor"":38423.63263718384}",True,implemented-product-formula,True,,"[""the resolved ordered Hamiltonian groups match the implemented formula""]",,,,,,,implemented-product-formula,True,True,0.0014264038732150026,,,,,,,,,,,,,,,,,,,1.0,none,0.0,system register,1.0,57.0,22285900.0,0.0,-1.0,2607450300.0,33280278.0,analytical-model,0.00015848931924611142,,,,,,,,,,,,0.1.0,3.11.9,2.5.0,b58b31db18364511c43757e27fffc7abce8df2c1,True,ok,,
1.0,heisenberg_chain:N057,-2.8,empirical,1600.0,,,2.0,a8fa234e-a646-4911-8402-a67c302db4ae,2026-08-12T00:11:58.358108+00:00,c1ad72de628f71283ac69037e9bbe97c3e773952f5abde5eac91397ca322d1a6,resource-grid,heisenberg_chain,Heisenberg-57,"{""coupling"":1.0,""field_z"":0.3}",57,57.0,proportional,1.0,0.001584893192461114,185.10000000000065,225,trotter-p4-empirical,trotter,Trotter p=4 [empirical],empirical-operator-norm,empirical,4.0,,,,,,1600.0,,,,,,,,,,,,,,,,,,,,,,,,,,,,,,commuting,3.0,0.0014250333857753503,15.521392859299997,empirical-operator-norm,Repository empirical operator-norm calibration study v1 (2026-08-10),reviewed calibration opnorm-v1-heisenberg-open-trotter-p4; artifact docs/calibration_data/empirical_1d_v1_accepted.json,"{""prefactor"":15.521392859299997}",False,implemented-product-formula,False,,"[""the resolved ordered Hamiltonian groups match the implemented formula"",""the fixed formal-order powers in time and segments apply"",""the reviewed affine size calibration extrapolates as flagged""]",,,,,,,implemented-product-formula,False,False,0.0014264038732150026,,,,,,,,,,,,,,,,,,,1.0,none,0.0,system register,1.0,57.0,3160000.0,0.0,-1.0,341280000.0,4718934.0,analytical-model,0.00015848931924611142,opnorm-v1-heisenberg-open-trotter-p4,heisenberg_chain,affine-aN-plus-b,15.521392859299997,4.0,12.0,4.0,12.0,True,True,formula,0.1.0,3.11.9,2.5.0,b58b31db18364511c43757e27fffc7abce8df2c1,True,ok,,
1.0,heisenberg_chain:N057,-2.8,commutator,5201.0,,,2.0,a8fa234e-a646-4911-8402-a67c302db4ae,2026-08-12T00:11:58.358108+00:00,c1ad72de628f71283ac69037e9bbe97c3e773952f5abde5eac91397ca322d1a6,resource-grid,heisenberg_chain,Heisenberg-57,"{""coupling"":1.0,""field_z"":0.3}",57,57.0,proportional,1.0,0.001584893192461114,185.10000000000065,225,trotter-p6,trotter,Trotter p=6,analytical,analytical,6.0,,,,,,5201.0,,,,,,,,,,,,,,,,,,,,,,,,,,,,,,commuting,3.0,0.0014254339880525292,14432588.951672671,schubert-mendl-commutator,"Schubert and Mendl, arXiv:2306.10603",Theorem 1,"{""prefactor"":14432588.951672671}",True,implemented-product-formula,True,,"[""the resolved ordered Hamiltonian groups match the implemented formula""]",,,,,,,implemented-product-formula,True,True,0.0014264038732150026,,,,,,,,,,,,,,,,,,,1.0,none,0.0,system register,1.0,57.0,51359875.0,0.0,-1.0,6163185000.0,76697414.0,analytical-model,0.00015848931924611142,,,,,,,,,,,,0.1.0,3.11.9,2.5.0,b58b31db18364511c43757e27fffc7abce8df2c1,True,ok,,
1.0,heisenberg_chain:N057,-2.8,empirical,342.0,,,2.0,a8fa234e-a646-4911-8402-a67c302db4ae,2026-08-12T00:11:58.358108+00:00,c1ad72de628f71283ac69037e9bbe97c3e773952f5abde5eac91397ca322d1a6,resource-grid,heisenberg_chain,Heisenberg-57,"{""coupling"":1.0,""field_z"":0.3}",57,57.0,proportional,1.0,0.001584893192461114,185.10000000000065,225,trotter-p6-empirical,trotter,Trotter p=6 [empirical],empirical-operator-norm,empirical,6.0,,,,,,342.0,,,,,,,,,,,,,,,,,,,,,,,,,,,,,,commuting,3.0,0.00027534962853652305,0.225380917,empirical-operator-norm,Repository empirical operator-norm calibration study v1 (2026-08-10),reviewed calibration opnorm-v1-heisenberg-open-trotter-p6; artifact docs/calibration_data/empirical_1d_v1_accepted.json,"{""prefactor"":0.225380917}",False,implemented-product-formula,False,,"[""the resolved ordered Hamiltonian groups match the implemented formula"",""the fixed formal-order powers in time and segments apply"",""the reviewed affine size calibration extrapolates as flagged""]",,,,,,,implemented-product-formula,False,False,0.0014264038732150026,,,,,,,,,,,,,,,,,,,1.0,none,0.0,system register,1.0,57.0,3377250.0,0.0,-1.0,368120250.0,5043360.0,analytical-model,0.00015848931924611142,opnorm-v1-heisenberg-open-trotter-p6,heisenberg_chain,affine-aN-plus-b,0.225380917,4.0,12.0,4.0,12.0,True,True,asymptotic-domain,0.1.0,3.11.9,2.5.0,b58b31db18364511c43757e27fffc7abce8df2c1,True,ok,,
1.0,heisenberg_chain:N057,-2.8,jacobi-anger,,,,2.0,a8fa234e-a646-4911-8402-a67c302db4ae,2026-08-12T00:11:58.358108+00:00,c1ad72de628f71283ac69037e9bbe97c3e773952f5abde5eac91397ca322d1a6,resource-grid,heisenberg_chain,Heisenberg-57,"{""coupling"":1.0,""field_z"":0.3}",57,57.0,proportional,1.0,0.001584893192461114,185.10000000000065,225,qsvt,qsvt,QSVT,jacobi-anger-rigorous,analytical,,,,,,,,,,,,,,,,,,,,,,,,,,,,,,,,,,,86067.0,14345.0,,,0.0002122764452566211,,jacobi-anger-polynomial-oaa,"Martyn et al., arXiv:2105.02859, Eqs. (76)--(77)",Jacobi--Anger tails plus exact cubic OAA identity,"{""oaa-unitarity-defect-distortion"":0.00010614667057396515,""scaled-polynomial-error"":0.00010612977468265596}",True,ideal-qsvt-oaa-good-block,True,,"[""the cosine and sine polynomials are implemented exactly"",""the unamplified good block is exactly Q/2""]",,,,,,,implemented-qsvt-floating-phase-circuit,False,False,0.0014264038732150026,,,,,,,,,,,,,,,,,,,2.0,one robust OAA round,1.0,"component, quadrature, and index registers all-zero",,75.0,44066316.0,156469932.0,-1.0,5913837648.0,1016365959.0,analytical-model,0.00015848931924611142,,,,,,,,,,,,0.1.0,3.11.9,2.5.0,b58b31db18364511c43757e27fffc7abce8df2c1,True,ok,,
1.0,heisenberg_chain:N057,-2.8,empirical,,9.0,,2.0,a8fa234e-a646-4911-8402-a67c302db4ae,2026-08-12T00:11:58.358108+00:00,c1ad72de628f71283ac69037e9bbe97c3e773952f5abde5eac91397ca322d1a6,resource-grid,heisenberg_chain,Heisenberg-57,"{""coupling"":1.0,""field_z"":0.3}",57,57.0,proportional,1.0,0.001584893192461114,185.10000000000065,225,mpf-j-mizuta2026-theorem6-empirical-operator-norm,multiproduct,MPF J=Mizuta Theorem 6 (resolved per point) [empirical operator norm],empirical-operator-norm,,,9.0,18.0,mizuta2026-theorem6,6.300000000000004,0.0014264038732150026,,,,,,,,,,,,,,,,,,,,,,,,,,,,,,,,,,,,,,,,,,,,,,,,,,,,,0.0014264038732150026,,,,,,,,,,,,,,,,,,,,,,,,,,,,,,,,,,,,,,,,,,,0.1.0,3.11.9,2.5.0,b58b31db18364511c43757e27fffc7abce8df2c1,True,missing_empirical,UnsupportedEmpiricalCalibrationError,"no reviewed empirical operator-norm calibration for method=multiproduct, formal_order=18, model=heisenberg_chain, parameters={'coupling': 1.0, 'field_z': 0.3}, boundary=open, partition=None, schedule='new', formula='ordered-individual-pauli-strang-mpf-v1'"
1.0,heisenberg_chain:N057,-2.8,commutator,,9.0,62126.0,2.0,a8fa234e-a646-4911-8402-a67c302db4ae,2026-08-12T00:11:58.358108+00:00,c1ad72de628f71283ac69037e9bbe97c3e773952f5abde5eac91397ca322d1a6,resource-grid,heisenberg_chain,Heisenberg-57,"{""coupling"":1.0,""field_z"":0.3}",57,57.0,proportional,1.0,0.001584893192461114,185.10000000000065,225,mpf-j-mizuta2026-theorem6-mizuta2026-commutator-ideal-rigorous,multiproduct,MPF J=Mizuta Theorem 6 (resolved per point) [Mizuta 2026 refined commutator],mizuta2026-commutator-ideal-rigorous,analytical,,9.0,18.0,mizuta2026-theorem6,6.300000000000004,0.0014264038732150026,62126.0,62126.0,,44622.0,"[""error""]",195.7078909377345,18.0,,,2.2921710304522088e-08,1.2678553341243804e-28,2.7788431595786922e-42,1.2678553341243524e-28,1.2678553341243804e-28,2.292171030452209e-08,0.0014260634595635335,1.3719981362396362e-05,False,0.0012774140010508766,"[1.0000000000000002,1.0000000000000002,1.0000000000000002,1.0000000000000002,1.0000000000000002,1.0000000000000002,1.0000000000000002,1.0000000000000002,1.0000000000000002,1.0000000000000002,1.0000000000000002,1.0000000000000002,1.0000000000000002,1.0000000000000002,1.0000000000000002,1.0000000000000002,1.0000000000000002,1.0000000000000002,1.0000000000000002,1.0000000000000002,1.0000000000000002,1.0000000000000002,1.0000000000000002,1.0000000000000002,1.0000000000000002,1.0000000000000002,1.0000000000000002,1.0000000000000002,1.0000000000000002,1.0000000000000002,1.0000000000000002,1.0000000000000002,1.0000000000000002,1.0000000000000002,1.0000000000000002,1.0000000000000002,1.0000000000000002,1.0000000000000002,1.0000000000000002,1.0000000000000002,1.0000000000000002,1.0000000000000002,1.0000000000000002,1.0000000000000002,1.0000000000000002,1.0000000000000002,1.0000000000000002,1.0000000000000002,1.0000000000000002,1.0000000000000002,1.0000000000000002,1.0000000000000002,1.0000000000000002,1.0000000000000002,1.0000000000000002,1.0000000000000002,1.0000000000000002,1.0000000000000002,1.0000000000000002,1.0000000000000002,1.0000000000000002,1.0000000000000002,1.0000000000000002,1.0000000000000002,1.0000000000000002,1.0000000000000002,1.0000000000000002,1.0000000000000002,1.0000000000000002,1.0000000000000002,1.0000000000000002,1.0000000000000002,1.0000000000000002,1.0000000000000002,1.0000000000000002,1.0000000000000002,1.0000000000000002,1.0000000000000002,1.0000000000000002,1.0000000000000002,1.0000000000000002,1.0000000000000002,1.0000000000000002,1.0000000000000002,1.0000000000000002,1.0000000000000002,1.0000000000000002,1.0000000000000002,1.0000000000000002,1.0000000000000002,1.0000000000000002,1.0000000000000002,1.0000000000000002,1.0000000000000002,1.0000000000000002,1.0000000000000002,1.0000000000000002,1.0000000000000002,1.0000000000000002,1.0000000000000002,1.0000000000000002,1.0000000000000002,1.0000000000000002,1.0000000000000002,1.0000000000000002,1.0000000000000002,1.0000000000000002,1.0000000000000002,1.0000000000000002,1.0000000000000002,1.0000000000000002,1.0000000000000002,1.0000000000000002,1.0000000000000002,1.0000000000000002,1.0000000000000002,1.0000000000000002,1.0000000000000002,1.0000000000000002,1.0000000000000002,1.0000000000000002,1.0000000000000002,1.0000000000000002,1.0000000000000002,1.0000000000000002,1.0000000000000002,1.0000000000000002,1.0000000000000002,1.0000000000000002,1.0000000000000002,1.0000000000000002,1.0000000000000002,1.0000000000000002,1.0000000000000002,1.0000000000000002,1.0000000000000002,1.0000000000000002,1.0000000000000002,1.0000000000000002,1.0000000000000002,1.0000000000000002,1.0000000000000002,1.0000000000000002,1.0000000000000002,1.0000000000000002,1.0000000000000002,1.0000000000000002,1.0000000000000002,1.0000000000000002,1.0000000000000002,1.0000000000000002,1.0000000000000002,1.0000000000000002,1.0000000000000002,1.0000000000000002,1.0000000000000002,1.0000000000000002,1.0000000000000002,1.0000000000000002,1.0000000000000002,1.0000000000000002,1.0000000000000002,1.0000000000000002,1.0000000000000002,1.0000000000000002,1.0000000000000002,1.0000000000000002,1.0000000000000002,1.0000000000000002,1.0000000000000002,1.0000000000000002,1.0000000000000002,1.0000000000000002,1.0000000000000002,1.0000000000000002,1.0000000000000002,1.0000000000000002,1.0000000000000002,1.0000000000000002,1.0000000000000002,1.0000000000000002,1.0000000000000002,1.0000000000000002,1.0000000000000002,1.0000000000000002,1.0000000000000002,1.0000000000000002,1.0000000000000002,1.0000000000000002,1.0000000000000002,1.0000000000000002,1.0000000000000002,1.0000000000000002,1.0000000000000002,1.0000000000000002,1.0000000000000002,1.0000000000000002,1.0000000000000002,1.0000000000000002,1.0000000000000002,1.0000000000000002,1.0000000000000002,1.0000000000000002,1.0000000000000002,1.0000000000000002,1.0000000000000002,1.0000000000000002,1.0000000000000002,1.0000000000000002,1.0000000000000002,1.0000000000000002,1.0000000000000002,1.0000000000000002,1.0000000000000002,1.0000000000000002,1.0000000000000002,1.0000000000000002,1.0000000000000002,1.0000000000000002,1.0000000000000002,1.0000000000000002,1.0000000000000002,1.0000000000000002,1.0000000000000002,1.0000000000000002]",6.300000000000007,3.0,True,exact commutator transition cap reached; locality bound used,not-used,commutator,mizuta2026-commutator-ideal-rigorous,[],14910240.0,,,,0.0014260634595635335,1.177115873142261e+50,mizuta2026-commutator-ideal-rigorous,"Mizuta, Quantum 10, 1974 (2026), arXiv:2507.06557v4","Theorem 4, Eqs. (47)--(49), with direct Lemmas 9--10 BCH remainder","{""error_predicate_satisfied"":1.0,""extensiveness_g"":6.300000000000004,""joint_predicate_satisfied"":1.0,""legacy_first_condition_passed"":0.0,""legacy_first_time_limit"":1.3719981362396362e-05,""local_commutator_error"":2.2921710304522088e-08,""local_step_error"":2.292171030452209e-08,""local_truncated_bch_error"":1.2678553341243804e-28,""locality_k"":2.0,""mu_upper"":195.7078909377345,""refined_lemma10_remainder"":1.2678553341243524e-28,""refined_lemma9_remainder"":2.7788431595786922e-42,""refined_tail_fallback"":0.0,""repeated_global_error"":0.0014260634595635335,""schedule_weighted_extensiveness"":6.300000000000007,""second_time_limit"":0.0012774140010508766,""time_2_predicate_satisfied"":1.0,""total_branchwise_bch_remainder"":1.2678553341243804e-28,""truncation_order_p0"":18.0}",True,ideal-mpf,True,ordered individual Pauli terms,"[""individual Pauli summands define the ordered H_gamma decomposition"",""the actual Strang factors define schedule-weighted g_alpha extensiveness"",""Lemma 9 and Lemma 10 positive majorants directly certify the BCH remainder"",""the scalar-flow/Cauchy refined tail certificate is used"",""Theorem 4 second time hypothesis is satisfied"",""the repeated ideal MPF is composed with the Eq. (15) telescoping argument""]","exact Pauli recurrence would require 307800 transitions at order 4, above cap 250000; remaining orders use Mizuta 2026 Eq. (8)",18.0,3.0,True,True,"{""2"":1588.800000000002,""3"":26021.760000000057,""4"":34480081.03680006,""5"":3475592168.5094457,""6"":437924613232.18976,""7"":66214201520707.76,""8"":1.1680185148252828e+16,""9"":2.354725325887758e+18,""10"":5.3405170391134274e+20,""11"":1.345810293856585e+23,""12"":3.7305861345704733e+25,""13"":1.1281292470941247e+28,""14"":3.6957514134803366e+30,""15"":1.303861098675863e+33,""16"":4.9285949529947805e+35,""17"":1.987209485047489e+38,""18"":8.513205433943494e+40}",repeated-shared-ancilla-good-block,True,False,0.0014264038732150026,new,"[1,2,3,4,5,6,8,14,37]","[1.967691252631999e-13,-3.445506091008736e-08,2.544222523112307e-05,-0.0016199636587070087,0.021324279661958864,-0.07100801545469856,0.14994672471728007,-0.4079534241993221,1.3092849911631212]",1.9611628755355768,0.03883712446442322,80.0,registered-exact,True,9.0,4.0,2.0,5.0,11.0,5.0,6.0,3.0,2.0,3.0,2.0,one robust OAA round per segment,62126.0,branch register all-zero,,64.0,13394986860.0,7144490.0,-1.0,1942301672660.0,23435952508.0,analytical-model,0.00015848931924611142,,,,,,,,,,,,0.1.0,3.11.9,2.5.0,b58b31db18364511c43757e27fffc7abce8df2c1,True,ok,,
1.0,heisenberg_chain:N057,-2.9,commutator,330885.0,,,2.0,a8fa234e-a646-4911-8402-a67c302db4ae,2026-08-12T00:11:58.358108+00:00,c1ad72de628f71283ac69037e9bbe97c3e773952f5abde5eac91397ca322d1a6,resource-grid,heisenberg_chain,Heisenberg-57,"{""coupling"":1.0,""field_z"":0.3}",57,57.0,proportional,1.0,0.0012589254117941675,185.10000000000065,225,trotter-p2,trotter,Trotter p=2,analytical,analytical,2.0,,,,,,330885.0,,,,,,,,,,,,,,,,,,,,,,,,,,,,,,individual,225.0,0.0011330301998410872,669.839999999999,childs-commutator,"Childs, Su, Tran, Wiebe, and Zhu, arXiv:1912.08854",Propositions 9--10,"{""prefactor"":669.839999999999}",True,implemented-product-formula,True,,"[""the resolved ordered Hamiltonian groups match the implemented formula""]",,,,,,,implemented-product-formula,True,True,0.0011330328706147508,,,,,,,,,,,,,,,,,,,1.0,none,0.0,system register,1.0,57.0,148567365.0,0.0,-1.0,18719487990.0,221860599.0,analytical-model,0.00012589254117941674,,,,,,,,,,,,0.1.0,3.11.9,2.5.0,b58b31db18364511c43757e27fffc7abce8df2c1,True,ok,,
1.0,heisenberg_chain:N057,-2.9,empirical,100676.0,,,2.0,a8fa234e-a646-4911-8402-a67c302db4ae,2026-08-12T00:11:58.358108+00:00,c1ad72de628f71283ac69037e9bbe97c3e773952f5abde5eac91397ca322d1a6,resource-grid,heisenberg_chain,Heisenberg-57,"{""coupling"":1.0,""field_z"":0.3}",57,57.0,proportional,1.0,0.0012589254117941675,185.10000000000065,225,trotter-p2-empirical,trotter,Trotter p=2 [empirical],empirical-operator-norm,empirical,2.0,,,,,,100676.0,,,,,,,,,,,,,,,,,,,,,,,,,,,,,,individual,225.0,0.0011330241373976042,62.0106807611,empirical-operator-norm,Repository empirical operator-norm calibration study v1 (2026-08-10),reviewed calibration opnorm-v1-heisenberg-open-trotter-p2; artifact docs/calibration_data/empirical_1d_v1_accepted.json,"{""prefactor"":62.0106807611}",False,implemented-product-formula,False,,"[""the resolved ordered Hamiltonian groups match the implemented formula"",""the fixed formal-order powers in time and segments apply"",""the reviewed affine size calibration extrapolates as flagged""]",,,,,,,implemented-product-formula,False,False,0.0011330328706147508,,,,,,,,,,,,,,,,,,,1.0,none,0.0,system register,1.0,57.0,45203524.0,0.0,-1.0,5469626404.0,67503930.0,analytical-model,0.00012589254117941674,opnorm-v1-heisenberg-open-trotter-p2,heisenberg_chain,affine-aN-plus-b,62.0106807611,4.0,12.0,4.0,12.0,True,True,formula,0.1.0,3.11.9,2.5.0,b58b31db18364511c43757e27fffc7abce8df2c1,True,ok,,
1.0,heisenberg_chain:N057,-2.9,commutator,11952.0,,,2.0,a8fa234e-a646-4911-8402-a67c302db4ae,2026-08-12T00:11:58.358108+00:00,c1ad72de628f71283ac69037e9bbe97c3e773952f5abde5eac91397ca322d1a6,resource-grid,heisenberg_chain,Heisenberg-57,"{""coupling"":1.0,""field_z"":0.3}",57,57.0,proportional,1.0,0.0012589254117941675,185.10000000000065,225,trotter-p4,trotter,Trotter p=4,analytical,analytical,4.0,,,,,,11952.0,,,,,,,,,,,,,,,,,,,,,,,,,,,,,,commuting,3.0,0.0011329490038581086,38423.63263718384,schubert-mendl-commutator,"Schubert and Mendl, arXiv:2306.10603",Theorem 1,"{""prefactor"":38423.63263718384}",True,implemented-product-formula,True,,"[""the resolved ordered Hamiltonian groups match the implemented formula""]",,,,,,,implemented-product-formula,True,True,0.0011330328706147508,,,,,,,,,,,,,,,,,,,1.0,none,0.0,system register,1.0,57.0,23605200.0,0.0,-1.0,2785413600.0,35250432.0,analytical-model,0.00012589254117941674,,,,,,,,,,,,0.1.0,3.11.9,2.5.0,b58b31db18364511c43757e27fffc7abce8df2c1,True,ok,,
1.0,heisenberg_chain:N057,-2.9,empirical,1695.0,,,2.0,a8fa234e-a646-4911-8402-a67c302db4ae,2026-08-12T00:11:58.358108+00:00,c1ad72de628f71283ac69037e9bbe97c3e773952f5abde5eac91397ca322d1a6,resource-grid,heisenberg_chain,Heisenberg-57,"{""coupling"":1.0,""field_z"":0.3}",57,57.0,proportional,1.0,0.0012589254117941675,185.10000000000065,225,trotter-p4-empirical,trotter,Trotter p=4 [empirical],empirical-operator-norm,empirical,4.0,,,,,,1695.0,,,,,,,,,,,,,,,,,,,,,,,,,,,,,,commuting,3.0,0.001131426013206651,15.521392859299997,empirical-operator-norm,Repository empirical operator-norm calibration study v1 (2026-08-10),reviewed calibration opnorm-v1-heisenberg-open-trotter-p4; artifact docs/calibration_data/empirical_1d_v1_accepted.json,"{""prefactor"":15.521392859299997}",False,implemented-product-formula,False,,"[""the resolved ordered Hamiltonian groups match the implemented formula"",""the fixed formal-order powers in time and segments apply"",""the reviewed affine size calibration extrapolates as flagged""]",,,,,,,implemented-product-formula,False,False,0.0011330328706147508,,,,,,,,,,,,,,,,,,,1.0,none,0.0,system register,1.0,57.0,3347625.0,0.0,-1.0,368238750.0,4999120.0,analytical-model,0.00012589254117941674,opnorm-v1-heisenberg-open-trotter-p4,heisenberg_chain,affine-aN-plus-b,15.521392859299997,4.0,12.0,4.0,12.0,True,True,formula,0.1.0,3.11.9,2.5.0,b58b31db18364511c43757e27fffc7abce8df2c1,True,ok,,
1.0,heisenberg_chain:N057,-2.9,commutator,5404.0,,,2.0,a8fa234e-a646-4911-8402-a67c302db4ae,2026-08-12T00:11:58.358108+00:00,c1ad72de628f71283ac69037e9bbe97c3e773952f5abde5eac91397ca322d1a6,resource-grid,heisenberg_chain,Heisenberg-57,"{""coupling"":1.0,""field_z"":0.3}",57,57.0,proportional,1.0,0.0012589254117941675,185.10000000000065,225,trotter-p6,trotter,Trotter p=6,analytical,analytical,6.0,,,,,,5404.0,,,,,,,,,,,,,,,,,,,,,,,,,,,,,,commuting,3.0,0.0011328598639147643,14432588.951672671,schubert-mendl-commutator,"Schubert and Mendl, arXiv:2306.10603",Theorem 1,"{""prefactor"":14432588.951672671}",True,implemented-product-formula,True,,"[""the resolved ordered Hamiltonian groups match the implemented formula""]",,,,,,,implemented-product-formula,True,True,0.0011330328706147508,,,,,,,,,,,,,,,,,,,1.0,none,0.0,system register,1.0,57.0,53364500.0,0.0,-1.0,6510469000.0,79690987.0,analytical-model,0.00012589254117941674,,,,,,,,,,,,0.1.0,3.11.9,2.5.0,b58b31db18364511c43757e27fffc7abce8df2c1,True,ok,,
1.0,heisenberg_chain:N057,-2.9,empirical,342.0,,,2.0,a8fa234e-a646-4911-8402-a67c302db4ae,2026-08-12T00:11:58.358108+00:00,c1ad72de628f71283ac69037e9bbe97c3e773952f5abde5eac91397ca322d1a6,resource-grid,heisenberg_chain,Heisenberg-57,"{""coupling"":1.0,""field_z"":0.3}",57,57.0,proportional,1.0,0.0012589254117941675,185.10000000000065,225,trotter-p6-empirical,trotter,Trotter p=6 [empirical],empirical-operator-norm,empirical,6.0,,,,,,342.0,,,,,,,,,,,,,,,,,,,,,,,,,,,,,,commuting,3.0,0.00027534962853652305,0.225380917,empirical-operator-norm,Repository empirical operator-norm calibration study v1 (2026-08-10),reviewed calibration opnorm-v1-heisenberg-open-trotter-p6; artifact docs/calibration_data/empirical_1d_v1_accepted.json,"{""prefactor"":0.225380917}",False,implemented-product-formula,False,,"[""the resolved ordered Hamiltonian groups match the implemented formula"",""the fixed formal-order powers in time and segments apply"",""the reviewed affine size calibration extrapolates as flagged""]",,,,,,,implemented-product-formula,False,False,0.0011330328706147508,,,,,,,,,,,,,,,,,,,1.0,none,0.0,system register,1.0,57.0,3377250.0,0.0,-1.0,371497500.0,5043360.0,analytical-model,0.00012589254117941674,opnorm-v1-heisenberg-open-trotter-p6,heisenberg_chain,affine-aN-plus-b,0.225380917,4.0,12.0,4.0,12.0,True,True,asymptotic-domain,0.1.0,3.11.9,2.5.0,b58b31db18364511c43757e27fffc7abce8df2c1,True,ok,,
1.0,heisenberg_chain:N057,-2.9,jacobi-anger,,,,2.0,a8fa234e-a646-4911-8402-a67c302db4ae,2026-08-12T00:11:58.358108+00:00,c1ad72de628f71283ac69037e9bbe97c3e773952f5abde5eac91397ca322d1a6,resource-grid,heisenberg_chain,Heisenberg-57,"{""coupling"":1.0,""field_z"":0.3}",57,57.0,proportional,1.0,0.0012589254117941675,185.10000000000065,225,qsvt,qsvt,QSVT,jacobi-anger-rigorous,analytical,,,,,,,,,,,,,,,,,,,,,,,,,,,,,,,,,,,86067.0,14345.0,,,0.00017967575273344992,,jacobi-anger-polynomial-oaa,"Martyn et al., arXiv:2105.02859, Eqs. (76)--(77)",Jacobi--Anger tails plus exact cubic OAA identity,"{""oaa-unitarity-defect-distortion"":8.984392886538978e-05,""scaled-polynomial-error"":8.983182386806013e-05}",True,ideal-qsvt-oaa-good-block,True,,"[""the cosine and sine polynomials are implemented exactly"",""the unamplified good block is exactly Q/2""]",,,,,,,implemented-qsvt-floating-phase-circuit,False,False,0.0011330328706147508,,,,,,,,,,,,,,,,,,,2.0,one robust OAA round,1.0,"component, quadrature, and index registers all-zero",,75.0,44066316.0,156469932.0,-1.0,5957903964.0,1016365959.0,analytical-model,0.00012589254117941674,,,,,,,,,,,,0.1.0,3.11.9,2.5.0,b58b31db18364511c43757e27fffc7abce8df2c1,True,ok,,
1.0,heisenberg_chain:N057,-2.9,empirical,,9.0,,2.0,a8fa234e-a646-4911-8402-a67c302db4ae,2026-08-12T00:11:58.358108+00:00,c1ad72de628f71283ac69037e9bbe97c3e773952f5abde5eac91397ca322d1a6,resource-grid,heisenberg_chain,Heisenberg-57,"{""coupling"":1.0,""field_z"":0.3}",57,57.0,proportional,1.0,0.0012589254117941675,185.10000000000065,225,mpf-j-mizuta2026-theorem6-empirical-operator-norm,multiproduct,MPF J=Mizuta Theorem 6 (resolved per point) [empirical operator norm],empirical-operator-norm,,,9.0,18.0,mizuta2026-theorem6,6.300000000000004,0.0011330328706147508,,,,,,,,,,,,,,,,,,,,,,,,,,,,,,,,,,,,,,,,,,,,,,,,,,,,,0.0011330328706147508,,,,,,,,,,,,,,,,,,,,,,,,,,,,,,,,,,,,,,,,,,,0.1.0,3.11.9,2.5.0,b58b31db18364511c43757e27fffc7abce8df2c1,True,missing_empirical,UnsupportedEmpiricalCalibrationError,"no reviewed empirical operator-norm calibration for method=multiproduct, formal_order=18, model=heisenberg_chain, parameters={'coupling': 1.0, 'field_z': 0.3}, boundary=open, partition=None, schedule='new', formula='ordered-individual-pauli-strang-mpf-v1'"
1.0,heisenberg_chain:N057,-2.9,commutator,,9.0,62924.0,2.0,a8fa234e-a646-4911-8402-a67c302db4ae,2026-08-12T00:11:58.358108+00:00,c1ad72de628f71283ac69037e9bbe97c3e773952f5abde5eac91397ca322d1a6,resource-grid,heisenberg_chain,Heisenberg-57,"{""coupling"":1.0,""field_z"":0.3}",57,57.0,proportional,1.0,0.0012589254117941675,185.10000000000065,225,mpf-j-mizuta2026-theorem6-mizuta2026-commutator-ideal-rigorous,multiproduct,MPF J=Mizuta Theorem 6 (resolved per point) [Mizuta 2026 refined commutator],mizuta2026-commutator-ideal-rigorous,analytical,,9.0,18.0,mizuta2026-theorem6,6.300000000000004,0.0011330328706147508,62924.0,62924.0,,44622.0,"[""error""]",195.7078909377345,18.0,,,1.798586579632768e-08,9.934528507583547e-29,2.1799744241505577e-42,9.934528507583328e-29,9.934528507583547e-29,1.7985865796327682e-08,0.0011330241653995442,1.3719981362396362e-05,False,0.0012774140010508766,"[1.0000000000000002,1.0000000000000002,1.0000000000000002,1.0000000000000002,1.0000000000000002,1.0000000000000002,1.0000000000000002,1.0000000000000002,1.0000000000000002,1.0000000000000002,1.0000000000000002,1.0000000000000002,1.0000000000000002,1.0000000000000002,1.0000000000000002,1.0000000000000002,1.0000000000000002,1.0000000000000002,1.0000000000000002,1.0000000000000002,1.0000000000000002,1.0000000000000002,1.0000000000000002,1.0000000000000002,1.0000000000000002,1.0000000000000002,1.0000000000000002,1.0000000000000002,1.0000000000000002,1.0000000000000002,1.0000000000000002,1.0000000000000002,1.0000000000000002,1.0000000000000002,1.0000000000000002,1.0000000000000002,1.0000000000000002,1.0000000000000002,1.0000000000000002,1.0000000000000002,1.0000000000000002,1.0000000000000002,1.0000000000000002,1.0000000000000002,1.0000000000000002,1.0000000000000002,1.0000000000000002,1.0000000000000002,1.0000000000000002,1.0000000000000002,1.0000000000000002,1.0000000000000002,1.0000000000000002,1.0000000000000002,1.0000000000000002,1.0000000000000002,1.0000000000000002,1.0000000000000002,1.0000000000000002,1.0000000000000002,1.0000000000000002,1.0000000000000002,1.0000000000000002,1.0000000000000002,1.0000000000000002,1.0000000000000002,1.0000000000000002,1.0000000000000002,1.0000000000000002,1.0000000000000002,1.0000000000000002,1.0000000000000002,1.0000000000000002,1.0000000000000002,1.0000000000000002,1.0000000000000002,1.0000000000000002,1.0000000000000002,1.0000000000000002,1.0000000000000002,1.0000000000000002,1.0000000000000002,1.0000000000000002,1.0000000000000002,1.0000000000000002,1.0000000000000002,1.0000000000000002,1.0000000000000002,1.0000000000000002,1.0000000000000002,1.0000000000000002,1.0000000000000002,1.0000000000000002,1.0000000000000002,1.0000000000000002,1.0000000000000002,1.0000000000000002,1.0000000000000002,1.0000000000000002,1.0000000000000002,1.0000000000000002,1.0000000000000002,1.0000000000000002,1.0000000000000002,1.0000000000000002,1.0000000000000002,1.0000000000000002,1.0000000000000002,1.0000000000000002,1.0000000000000002,1.0000000000000002,1.0000000000000002,1.0000000000000002,1.0000000000000002,1.0000000000000002,1.0000000000000002,1.0000000000000002,1.0000000000000002,1.0000000000000002,1.0000000000000002,1.0000000000000002,1.0000000000000002,1.0000000000000002,1.0000000000000002,1.0000000000000002,1.0000000000000002,1.0000000000000002,1.0000000000000002,1.0000000000000002,1.0000000000000002,1.0000000000000002,1.0000000000000002,1.0000000000000002,1.0000000000000002,1.0000000000000002,1.0000000000000002,1.0000000000000002,1.0000000000000002,1.0000000000000002,1.0000000000000002,1.0000000000000002,1.0000000000000002,1.0000000000000002,1.0000000000000002,1.0000000000000002,1.0000000000000002,1.0000000000000002,1.0000000000000002,1.0000000000000002,1.0000000000000002,1.0000000000000002,1.0000000000000002,1.0000000000000002,1.0000000000000002,1.0000000000000002,1.0000000000000002,1.0000000000000002,1.0000000000000002,1.0000000000000002,1.0000000000000002,1.0000000000000002,1.0000000000000002,1.0000000000000002,1.0000000000000002,1.0000000000000002,1.0000000000000002,1.0000000000000002,1.0000000000000002,1.0000000000000002,1.0000000000000002,1.0000000000000002,1.0000000000000002,1.0000000000000002,1.0000000000000002,1.0000000000000002,1.0000000000000002,1.0000000000000002,1.0000000000000002,1.0000000000000002,1.0000000000000002,1.0000000000000002,1.0000000000000002,1.0000000000000002,1.0000000000000002,1.0000000000000002,1.0000000000000002,1.0000000000000002,1.0000000000000002,1.0000000000000002,1.0000000000000002,1.0000000000000002,1.0000000000000002,1.0000000000000002,1.0000000000000002,1.0000000000000002,1.0000000000000002,1.0000000000000002,1.0000000000000002,1.0000000000000002,1.0000000000000002,1.0000000000000002,1.0000000000000002,1.0000000000000002,1.0000000000000002,1.0000000000000002,1.0000000000000002,1.0000000000000002,1.0000000000000002,1.0000000000000002,1.0000000000000002,1.0000000000000002,1.0000000000000002,1.0000000000000002,1.0000000000000002,1.0000000000000002,1.0000000000000002,1.0000000000000002,1.0000000000000002,1.0000000000000002,1.0000000000000002,1.0000000000000002,1.0000000000000002,1.0000000000000002,1.0000000000000002,1.0000000000000002]",6.300000000000007,3.0,True,exact commutator transition cap reached; locality bound used,not-used,commutator,mizuta2026-commutator-ideal-rigorous,[],15101760.0,,,,0.0011330241653995442,1.177115873142261e+50,mizuta2026-commutator-ideal-rigorous,"Mizuta, Quantum 10, 1974 (2026), arXiv:2507.06557v4","Theorem 4, Eqs. (47)--(49), with direct Lemmas 9--10 BCH remainder","{""error_predicate_satisfied"":1.0,""extensiveness_g"":6.300000000000004,""joint_predicate_satisfied"":1.0,""legacy_first_condition_passed"":0.0,""legacy_first_time_limit"":1.3719981362396362e-05,""local_commutator_error"":1.798586579632768e-08,""local_step_error"":1.7985865796327682e-08,""local_truncated_bch_error"":9.934528507583547e-29,""locality_k"":2.0,""mu_upper"":195.7078909377345,""refined_lemma10_remainder"":9.934528507583328e-29,""refined_lemma9_remainder"":2.1799744241505577e-42,""refined_tail_fallback"":0.0,""repeated_global_error"":0.0011330241653995442,""schedule_weighted_extensiveness"":6.300000000000007,""second_time_limit"":0.0012774140010508766,""time_2_predicate_satisfied"":1.0,""total_branchwise_bch_remainder"":9.934528507583547e-29,""truncation_order_p0"":18.0}",True,ideal-mpf,True,ordered individual Pauli terms,"[""individual Pauli summands define the ordered H_gamma decomposition"",""the actual Strang factors define schedule-weighted g_alpha extensiveness"",""Lemma 9 and Lemma 10 positive majorants directly certify the BCH remainder"",""the scalar-flow/Cauchy refined tail certificate is used"",""Theorem 4 second time hypothesis is satisfied"",""the repeated ideal MPF is composed with the Eq. (15) telescoping argument""]","exact Pauli recurrence would require 307800 transitions at order 4, above cap 250000; remaining orders use Mizuta 2026 Eq. (8)",18.0,3.0,True,True,"{""2"":1588.800000000002,""3"":26021.760000000057,""4"":34480081.03680006,""5"":3475592168.5094457,""6"":437924613232.18976,""7"":66214201520707.76,""8"":1.1680185148252828e+16,""9"":2.354725325887758e+18,""10"":5.3405170391134274e+20,""11"":1.345810293856585e+23,""12"":3.7305861345704733e+25,""13"":1.1281292470941247e+28,""14"":3.6957514134803366e+30,""15"":1.303861098675863e+33,""16"":4.9285949529947805e+35,""17"":1.987209485047489e+38,""18"":8.513205433943494e+40}",repeated-shared-ancilla-good-block,True,False,0.0011330328706147508,new,"[1,2,3,4,5,6,8,14,37]","[1.967691252631999e-13,-3.445506091008736e-08,2.544222523112307e-05,-0.0016199636587070087,0.021324279661958864,-0.07100801545469856,0.14994672471728007,-0.4079534241993221,1.3092849911631212]",1.9611628755355768,0.03883712446442322,80.0,registered-exact,True,9.0,4.0,2.0,5.0,11.0,5.0,6.0,3.0,2.0,3.0,2.0,one robust OAA round per segment,62924.0,branch register all-zero,,64.0,13567043640.0,7236260.0,-1.0,1980817316480.0,23736984123.0,analytical-model,0.00012589254117941674,,,,,,,,,,,,0.1.0,3.11.9,2.5.0,b58b31db18364511c43757e27fffc7abce8df2c1,True,ok,,
1.0,heisenberg_chain:N057,-3.0,commutator,371259.0,,,2.0,a8fa234e-a646-4911-8402-a67c302db4ae,2026-08-12T00:11:58.358108+00:00,c1ad72de628f71283ac69037e9bbe97c3e773952f5abde5eac91397ca322d1a6,resource-grid,heisenberg_chain,Heisenberg-57,"{""coupling"":1.0,""field_z"":0.3}",57,57.0,proportional,1.0,0.001,185.10000000000065,225,trotter-p2,trotter,Trotter p=2,analytical,analytical,2.0,,,,,,371259.0,,,,,,,,,,,,,,,,,,,,,,,,,,,,,,individual,225.0,0.000899998248224512,669.839999999999,childs-commutator,"Childs, Su, Tran, Wiebe, and Zhu, arXiv:1912.08854",Propositions 9--10,"{""prefactor"":669.839999999999}",True,implemented-product-formula,True,,"[""the resolved ordered Hamiltonian groups match the implemented formula""]",,,,,,,implemented-product-formula,True,True,0.0009000000000000001,,,,,,,,,,,,,,,,,,,1.0,none,0.0,system register,1.0,57.0,166695291.0,0.0,-1.0,21336997248.0,248931635.0,analytical-model,0.0001,,,,,,,,,,,,0.1.0,3.11.9,2.5.0,b58b31db18364511c43757e27fffc7abce8df2c1,True,ok,,
1.0,heisenberg_chain:N057,-3.0,empirical,112960.0,,,2.0,a8fa234e-a646-4911-8402-a67c302db4ae,2026-08-12T00:11:58.358108+00:00,c1ad72de628f71283ac69037e9bbe97c3e773952f5abde5eac91397ca322d1a6,resource-grid,heisenberg_chain,Heisenberg-57,"{""coupling"":1.0,""field_z"":0.3}",57,57.0,proportional,1.0,0.001,185.10000000000065,225,trotter-p2-empirical,trotter,Trotter p=2 [empirical],empirical-operator-norm,empirical,2.0,,,,,,112960.0,,,,,,,,,,,,,,,,,,,,,,,,,,,,,,individual,225.0,0.0008999983199158222,62.0106807611,empirical-operator-norm,Repository empirical operator-norm calibration study v1 (2026-08-10),reviewed calibration opnorm-v1-heisenberg-open-trotter-p2; artifact docs/calibration_data/empirical_1d_v1_accepted.json,"{""prefactor"":62.0106807611}",False,implemented-product-formula,False,,"[""the resolved ordered Hamiltonian groups match the implemented formula"",""the fixed formal-order powers in time and segments apply"",""the reviewed affine size calibration extrapolates as flagged""]",,,,,,,implemented-product-formula,False,False,0.0009000000000000001,,,,,,,,,,,,,,,,,,,1.0,none,0.0,system register,1.0,57.0,50719040.0,0.0,-1.0,6187722880.0,75740434.0,analytical-model,0.0001,opnorm-v1-heisenberg-open-trotter-p2,heisenberg_chain,affine-aN-plus-b,62.0106807611,4.0,12.0,4.0,12.0,True,True,formula,0.1.0,3.11.9,2.5.0,b58b31db18364511c43757e27fffc7abce8df2c1,True,ok,,
1.0,heisenberg_chain:N057,-3.0,commutator,12660.0,,,2.0,a8fa234e-a646-4911-8402-a67c302db4ae,2026-08-12T00:11:58.358108+00:00,c1ad72de628f71283ac69037e9bbe97c3e773952f5abde5eac91397ca322d1a6,resource-grid,heisenberg_chain,Heisenberg-57,"{""coupling"":1.0,""field_z"":0.3}",57,57.0,proportional,1.0,0.001,185.10000000000065,225,trotter-p4,trotter,Trotter p=4,analytical,analytical,4.0,,,,,,12660.0,,,,,,,,,,,,,,,,,,,,,,,,,,,,,,commuting,3.0,0.0008999904002502251,38423.63263718384,schubert-mendl-commutator,"Schubert and Mendl, arXiv:2306.10603",Theorem 1,"{""prefactor"":38423.63263718384}",True,implemented-product-formula,True,,"[""the resolved ordered Hamiltonian groups match the implemented formula""]",,,,,,,implemented-product-formula,True,True,0.0009000000000000001,,,,,,,,,,,,,,,,,,,1.0,none,0.0,system register,1.0,57.0,25003500.0,0.0,-1.0,2975416500.0,37338560.0,analytical-model,0.0001,,,,,,,,,,,,0.1.0,3.11.9,2.5.0,b58b31db18364511c43757e27fffc7abce8df2c1,True,ok,,
1.0,heisenberg_chain:N057,-3.0,empirical,1795.0,,,2.0,a8fa234e-a646-4911-8402-a67c302db4ae,2026-08-12T00:11:58.358108+00:00,c1ad72de628f71283ac69037e9bbe97c3e773952f5abde5eac91397ca322d1a6,resource-grid,heisenberg_chain,Heisenberg-57,"{""coupling"":1.0,""field_z"":0.3}",57,57.0,proportional,1.0,0.001,185.10000000000065,225,trotter-p4-empirical,trotter,Trotter p=4 [empirical],empirical-operator-norm,empirical,4.0,,,,,,1795.0,,,,,,,,,,,,,,,,,,,,,,,,,,,,,,commuting,3.0,0.0008995952592818788,15.521392859299997,empirical-operator-norm,Repository empirical operator-norm calibration study v1 (2026-08-10),reviewed calibration opnorm-v1-heisenberg-open-trotter-p4; artifact docs/calibration_data/empirical_1d_v1_accepted.json,"{""prefactor"":15.521392859299997}",False,implemented-product-formula,False,,"[""the resolved ordered Hamiltonian groups match the implemented formula"",""the fixed formal-order powers in time and segments apply"",""the reviewed affine size calibration extrapolates as flagged""]",,,,,,,implemented-product-formula,False,False,0.0009000000000000001,,,,,,,,,,,,,,,,,,,1.0,none,0.0,system register,1.0,57.0,3545125.0,0.0,-1.0,393508875.0,5294054.0,analytical-model,0.0001,opnorm-v1-heisenberg-open-trotter-p4,heisenberg_chain,affine-aN-plus-b,15.521392859299997,4.0,12.0,4.0,12.0,True,True,formula,0.1.0,3.11.9,2.5.0,b58b31db18364511c43757e27fffc7abce8df2c1,True,ok,,
1.0,heisenberg_chain:N057,-3.0,commutator,5616.0,,,2.0,a8fa234e-a646-4911-8402-a67c302db4ae,2026-08-12T00:11:58.358108+00:00,c1ad72de628f71283ac69037e9bbe97c3e773952f5abde5eac91397ca322d1a6,resource-grid,heisenberg_chain,Heisenberg-57,"{""coupling"":1.0,""field_z"":0.3}",57,57.0,proportional,1.0,0.001,185.10000000000065,225,trotter-p6,trotter,Trotter p=6,analytical,analytical,6.0,,,,,,5616.0,,,,,,,,,,,,,,,,,,,,,,,,,,,,,,commuting,3.0,0.0008993021626745788,14432588.951672671,schubert-mendl-commutator,"Schubert and Mendl, arXiv:2306.10603",Theorem 1,"{""prefactor"":14432588.951672671}",True,implemented-product-formula,True,,"[""the resolved ordered Hamiltonian groups match the implemented formula""]",,,,,,,implemented-product-formula,True,True,0.0009000000000000001,,,,,,,,,,,,,,,,,,,1.0,none,0.0,system register,1.0,57.0,55458000.0,0.0,-1.0,6821334000.0,82817280.0,analytical-model,0.0001,,,,,,,,,,,,0.1.0,3.11.9,2.5.0,b58b31db18364511c43757e27fffc7abce8df2c1,True,ok,,
1.0,heisenberg_chain:N057,-3.0,empirical,342.0,,,2.0,a8fa234e-a646-4911-8402-a67c302db4ae,2026-08-12T00:11:58.358108+00:00,c1ad72de628f71283ac69037e9bbe97c3e773952f5abde5eac91397ca322d1a6,resource-grid,heisenberg_chain,Heisenberg-57,"{""coupling"":1.0,""field_z"":0.3}",57,57.0,proportional,1.0,0.001,185.10000000000065,225,trotter-p6-empirical,trotter,Trotter p=6 [empirical],empirical-operator-norm,empirical,6.0,,,,,,342.0,,,,,,,,,,,,,,,,,,,,,,,,,,,,,,commuting,3.0,0.00027534962853652305,0.225380917,empirical-operator-norm,Repository empirical operator-norm calibration study v1 (2026-08-10),reviewed calibration opnorm-v1-heisenberg-open-trotter-p6; artifact docs/calibration_data/empirical_1d_v1_accepted.json,"{""prefactor"":0.225380917}",False,implemented-product-formula,False,,"[""the resolved ordered Hamiltonian groups match the implemented formula"",""the fixed formal-order powers in time and segments apply"",""the reviewed affine size calibration extrapolates as flagged""]",,,,,,,implemented-product-formula,False,False,0.0009000000000000001,,,,,,,,,,,,,,,,,,,1.0,none,0.0,system register,1.0,57.0,3377250.0,0.0,-1.0,374874750.0,5043360.0,analytical-model,0.0001,opnorm-v1-heisenberg-open-trotter-p6,heisenberg_chain,affine-aN-plus-b,0.225380917,4.0,12.0,4.0,12.0,True,True,asymptotic-domain,0.1.0,3.11.9,2.5.0,b58b31db18364511c43757e27fffc7abce8df2c1,True,ok,,
1.0,heisenberg_chain:N057,-3.0,jacobi-anger,,,,2.0,a8fa234e-a646-4911-8402-a67c302db4ae,2026-08-12T00:11:58.358108+00:00,c1ad72de628f71283ac69037e9bbe97c3e773952f5abde5eac91397ca322d1a6,resource-grid,heisenberg_chain,Heisenberg-57,"{""coupling"":1.0,""field_z"":0.3}",57,57.0,proportional,1.0,0.001,185.10000000000065,225,qsvt,qsvt,QSVT,jacobi-anger-rigorous,analytical,,,,,,,,,,,,,,,,,,,,,,,,,,,,,,,,,,,86067.0,14345.0,,,0.00015378067012588364,,jacobi-anger-polynomial-oaa,"Martyn et al., arXiv:2105.02859, Eqs. (76)--(77)",Jacobi--Anger tails plus exact cubic OAA identity,"{""oaa-unitarity-defect-distortion"":7.689476875794032e-05,""scaled-polynomial-error"":7.688590136794332e-05}",True,ideal-qsvt-oaa-good-block,True,,"[""the cosine and sine polynomials are implemented exactly"",""the unamplified good block is exactly Q/2""]",,,,,,,implemented-qsvt-floating-phase-circuit,False,False,0.0009000000000000001,,,,,,,,,,,,,,,,,,,2.0,one robust OAA round,1.0,"component, quadrature, and index registers all-zero",,75.0,44066316.0,156469932.0,-1.0,6001970280.0,1016365959.0,analytical-model,0.0001,,,,,,,,,,,,0.1.0,3.11.9,2.5.0,b58b31db18364511c43757e27fffc7abce8df2c1,True,ok,,
1.0,heisenberg_chain:N057,-3.0,empirical,,9.0,,2.0,a8fa234e-a646-4911-8402-a67c302db4ae,2026-08-12T00:11:58.358108+00:00,c1ad72de628f71283ac69037e9bbe97c3e773952f5abde5eac91397ca322d1a6,resource-grid,heisenberg_chain,Heisenberg-57,"{""coupling"":1.0,""field_z"":0.3}",57,57.0,proportional,1.0,0.001,185.10000000000065,225,mpf-j-mizuta2026-theorem6-empirical-operator-norm,multiproduct,MPF J=Mizuta Theorem 6 (resolved per point) [empirical operator norm],empirical-operator-norm,,,9.0,18.0,mizuta2026-theorem6,6.300000000000004,0.0009000000000000001,,,,,,,,,,,,,,,,,,,,,,,,,,,,,,,,,,,,,,,,,,,,,,,,,,,,,0.0009000000000000001,,,,,,,,,,,,,,,,,,,,,,,,,,,,,,,,,,,,,,,,,,,0.1.0,3.11.9,2.5.0,b58b31db18364511c43757e27fffc7abce8df2c1,True,missing_empirical,UnsupportedEmpiricalCalibrationError,"no reviewed empirical operator-norm calibration for method=multiproduct, formal_order=18, model=heisenberg_chain, parameters={'coupling': 1.0, 'field_z': 0.3}, boundary=open, partition=None, schedule='new', formula='ordered-individual-pauli-strang-mpf-v1'"
1.0,heisenberg_chain:N057,-3.0,commutator,,9.0,63734.0,2.0,a8fa234e-a646-4911-8402-a67c302db4ae,2026-08-12T00:11:58.358108+00:00,c1ad72de628f71283ac69037e9bbe97c3e773952f5abde5eac91397ca322d1a6,resource-grid,heisenberg_chain,Heisenberg-57,"{""coupling"":1.0,""field_z"":0.3}",57,57.0,proportional,1.0,0.001,185.10000000000065,225,mpf-j-mizuta2026-theorem6-mizuta2026-commutator-ideal-rigorous,multiproduct,MPF J=Mizuta Theorem 6 (resolved per point) [Mizuta 2026 refined commutator],mizuta2026-commutator-ideal-rigorous,analytical,,9.0,18.0,mizuta2026-theorem6,6.300000000000004,0.0009000000000000001,63734.0,63734.0,,44622.0,"[""error""]",195.7078909377345,18.0,,,1.4105520920349373e-08,7.780463406543692e-29,1.7092802226590575e-42,7.78046340654352e-29,7.780463406543692e-29,1.4105520920349374e-08,0.0008998098243204027,1.3719981362396362e-05,False,0.0012774140010508766,"[1.0000000000000002,1.0000000000000002,1.0000000000000002,1.0000000000000002,1.0000000000000002,1.0000000000000002,1.0000000000000002,1.0000000000000002,1.0000000000000002,1.0000000000000002,1.0000000000000002,1.0000000000000002,1.0000000000000002,1.0000000000000002,1.0000000000000002,1.0000000000000002,1.0000000000000002,1.0000000000000002,1.0000000000000002,1.0000000000000002,1.0000000000000002,1.0000000000000002,1.0000000000000002,1.0000000000000002,1.0000000000000002,1.0000000000000002,1.0000000000000002,1.0000000000000002,1.0000000000000002,1.0000000000000002,1.0000000000000002,1.0000000000000002,1.0000000000000002,1.0000000000000002,1.0000000000000002,1.0000000000000002,1.0000000000000002,1.0000000000000002,1.0000000000000002,1.0000000000000002,1.0000000000000002,1.0000000000000002,1.0000000000000002,1.0000000000000002,1.0000000000000002,1.0000000000000002,1.0000000000000002,1.0000000000000002,1.0000000000000002,1.0000000000000002,1.0000000000000002,1.0000000000000002,1.0000000000000002,1.0000000000000002,1.0000000000000002,1.0000000000000002,1.0000000000000002,1.0000000000000002,1.0000000000000002,1.0000000000000002,1.0000000000000002,1.0000000000000002,1.0000000000000002,1.0000000000000002,1.0000000000000002,1.0000000000000002,1.0000000000000002,1.0000000000000002,1.0000000000000002,1.0000000000000002,1.0000000000000002,1.0000000000000002,1.0000000000000002,1.0000000000000002,1.0000000000000002,1.0000000000000002,1.0000000000000002,1.0000000000000002,1.0000000000000002,1.0000000000000002,1.0000000000000002,1.0000000000000002,1.0000000000000002,1.0000000000000002,1.0000000000000002,1.0000000000000002,1.0000000000000002,1.0000000000000002,1.0000000000000002,1.0000000000000002,1.0000000000000002,1.0000000000000002,1.0000000000000002,1.0000000000000002,1.0000000000000002,1.0000000000000002,1.0000000000000002,1.0000000000000002,1.0000000000000002,1.0000000000000002,1.0000000000000002,1.0000000000000002,1.0000000000000002,1.0000000000000002,1.0000000000000002,1.0000000000000002,1.0000000000000002,1.0000000000000002,1.0000000000000002,1.0000000000000002,1.0000000000000002,1.0000000000000002,1.0000000000000002,1.0000000000000002,1.0000000000000002,1.0000000000000002,1.0000000000000002,1.0000000000000002,1.0000000000000002,1.0000000000000002,1.0000000000000002,1.0000000000000002,1.0000000000000002,1.0000000000000002,1.0000000000000002,1.0000000000000002,1.0000000000000002,1.0000000000000002,1.0000000000000002,1.0000000000000002,1.0000000000000002,1.0000000000000002,1.0000000000000002,1.0000000000000002,1.0000000000000002,1.0000000000000002,1.0000000000000002,1.0000000000000002,1.0000000000000002,1.0000000000000002,1.0000000000000002,1.0000000000000002,1.0000000000000002,1.0000000000000002,1.0000000000000002,1.0000000000000002,1.0000000000000002,1.0000000000000002,1.0000000000000002,1.0000000000000002,1.0000000000000002,1.0000000000000002,1.0000000000000002,1.0000000000000002,1.0000000000000002,1.0000000000000002,1.0000000000000002,1.0000000000000002,1.0000000000000002,1.0000000000000002,1.0000000000000002,1.0000000000000002,1.0000000000000002,1.0000000000000002,1.0000000000000002,1.0000000000000002,1.0000000000000002,1.0000000000000002,1.0000000000000002,1.0000000000000002,1.0000000000000002,1.0000000000000002,1.0000000000000002,1.0000000000000002,1.0000000000000002,1.0000000000000002,1.0000000000000002,1.0000000000000002,1.0000000000000002,1.0000000000000002,1.0000000000000002,1.0000000000000002,1.0000000000000002,1.0000000000000002,1.0000000000000002,1.0000000000000002,1.0000000000000002,1.0000000000000002,1.0000000000000002,1.0000000000000002,1.0000000000000002,1.0000000000000002,1.0000000000000002,1.0000000000000002,1.0000000000000002,1.0000000000000002,1.0000000000000002,1.0000000000000002,1.0000000000000002,1.0000000000000002,1.0000000000000002,1.0000000000000002,1.0000000000000002,1.0000000000000002,1.0000000000000002,1.0000000000000002,1.0000000000000002,1.0000000000000002,1.0000000000000002,1.0000000000000002,1.0000000000000002,1.0000000000000002,1.0000000000000002,1.0000000000000002,1.0000000000000002,1.0000000000000002,1.0000000000000002,1.0000000000000002,1.0000000000000002,1.0000000000000002,1.0000000000000002,1.0000000000000002,1.0000000000000002,1.0000000000000002,1.0000000000000002]",6.300000000000007,3.0,True,exact commutator transition cap reached; locality bound used,not-used,commutator,mizuta2026-commutator-ideal-rigorous,[],15296160.0,,,,0.0008998098243204027,1.177115873142261e+50,mizuta2026-commutator-ideal-rigorous,"Mizuta, Quantum 10, 1974 (2026), arXiv:2507.06557v4","Theorem 4, Eqs. (47)--(49), with direct Lemmas 9--10 BCH remainder","{""error_predicate_satisfied"":1.0,""extensiveness_g"":6.300000000000004,""joint_predicate_satisfied"":1.0,""legacy_first_condition_passed"":0.0,""legacy_first_time_limit"":1.3719981362396362e-05,""local_commutator_error"":1.4105520920349373e-08,""local_step_error"":1.4105520920349374e-08,""local_truncated_bch_error"":7.780463406543692e-29,""locality_k"":2.0,""mu_upper"":195.7078909377345,""refined_lemma10_remainder"":7.78046340654352e-29,""refined_lemma9_remainder"":1.7092802226590575e-42,""refined_tail_fallback"":0.0,""repeated_global_error"":0.0008998098243204027,""schedule_weighted_extensiveness"":6.300000000000007,""second_time_limit"":0.0012774140010508766,""time_2_predicate_satisfied"":1.0,""total_branchwise_bch_remainder"":7.780463406543692e-29,""truncation_order_p0"":18.0}",True,ideal-mpf,True,ordered individual Pauli terms,"[""individual Pauli summands define the ordered H_gamma decomposition"",""the actual Strang factors define schedule-weighted g_alpha extensiveness"",""Lemma 9 and Lemma 10 positive majorants directly certify the BCH remainder"",""the scalar-flow/Cauchy refined tail certificate is used"",""Theorem 4 second time hypothesis is satisfied"",""the repeated ideal MPF is composed with the Eq. (15) telescoping argument""]","exact Pauli recurrence would require 307800 transitions at order 4, above cap 250000; remaining orders use Mizuta 2026 Eq. (8)",18.0,3.0,True,True,"{""2"":1588.800000000002,""3"":26021.760000000057,""4"":34480081.03680006,""5"":3475592168.5094457,""6"":437924613232.18976,""7"":66214201520707.76,""8"":1.1680185148252828e+16,""9"":2.354725325887758e+18,""10"":5.3405170391134274e+20,""11"":1.345810293856585e+23,""12"":3.7305861345704733e+25,""13"":1.1281292470941247e+28,""14"":3.6957514134803366e+30,""15"":1.303861098675863e+33,""16"":4.9285949529947805e+35,""17"":1.987209485047489e+38,""18"":8.513205433943494e+40}",repeated-shared-ancilla-good-block,True,False,0.0009000000000000001,new,"[1,2,3,4,5,6,8,14,37]","[1.967691252631999e-13,-3.445506091008736e-08,2.544222523112307e-05,-0.0016199636587070087,0.021324279661958864,-0.07100801545469856,0.14994672471728007,-0.4079534241993221,1.3092849911631212]",1.9611628755355768,0.03883712446442322,80.0,registered-exact,True,9.0,4.0,2.0,5.0,11.0,5.0,6.0,3.0,2.0,3.0,2.0,one robust OAA round per segment,63734.0,branch register all-zero,,64.0,13741687740.0,7329410.0,-1.0,2020057415420.0,24042542529.0,analytical-model,0.0001,,,,,,,,,,,,0.1.0,3.11.9,2.5.0,b58b31db18364511c43757e27fffc7abce8df2c1,True,ok,,
1.0,heisenberg_chain:N057,-3.1,commutator,416560.0,,,2.0,a8fa234e-a646-4911-8402-a67c302db4ae,2026-08-12T00:11:58.358108+00:00,c1ad72de628f71283ac69037e9bbe97c3e773952f5abde5eac91397ca322d1a6,resource-grid,heisenberg_chain,Heisenberg-57,"{""coupling"":1.0,""field_z"":0.3}",57,57.0,proportional,1.0,0.0007943282347242813,185.10000000000065,225,trotter-p2,trotter,Trotter p=2,analytical,analytical,2.0,,,,,,416560.0,,,,,,,,,,,,,,,,,,,,,,,,,,,,,,individual,225.0,0.0007148921296504094,669.839999999999,childs-commutator,"Childs, Su, Tran, Wiebe, and Zhu, arXiv:1912.08854",Propositions 9--10,"{""prefactor"":669.839999999999}",True,implemented-product-formula,True,,"[""the resolved ordered Hamiltonian groups match the implemented formula""]",,,,,,,implemented-product-formula,True,True,0.0007148954112518532,,,,,,,,,,,,,,,,,,,1.0,none,0.0,system register,1.0,57.0,187035440.0,0.0,-1.0,24127571760.0,279306258.0,analytical-model,7.943282347242814e-05,,,,,,,,,,,,0.1.0,3.11.9,2.5.0,b58b31db18364511c43757e27fffc7abce8df2c1,True,ok,,
1.0,heisenberg_chain:N057,-3.1,empirical,126744.0,,,2.0,a8fa234e-a646-4911-8402-a67c302db4ae,2026-08-12T00:11:58.358108+00:00,c1ad72de628f71283ac69037e9bbe97c3e773952f5abde5eac91397ca322d1a6,resource-grid,heisenberg_chain,Heisenberg-57,"{""coupling"":1.0,""field_z"":0.3}",57,57.0,proportional,1.0,0.0007943282347242813,185.10000000000065,225,trotter-p2-empirical,trotter,Trotter p=2 [empirical],empirical-operator-norm,empirical,2.0,,,,,,126744.0,,,,,,,,,,,,,,,,,,,,,,,,,,,,,,individual,225.0,0.000714885103879651,62.0106807611,empirical-operator-norm,Repository empirical operator-norm calibration study v1 (2026-08-10),reviewed calibration opnorm-v1-heisenberg-open-trotter-p2; artifact docs/calibration_data/empirical_1d_v1_accepted.json,"{""prefactor"":62.0106807611}",False,implemented-product-formula,False,,"[""the resolved ordered Hamiltonian groups match the implemented formula"",""the fixed formal-order powers in time and segments apply"",""the reviewed affine size calibration extrapolates as flagged""]",,,,,,,implemented-product-formula,False,False,0.0007148954112518532,,,,,,,,,,,,,,,,,,,1.0,none,0.0,system register,1.0,57.0,56908056.0,0.0,-1.0,7056598944.0,84982697.0,analytical-model,7.943282347242814e-05,opnorm-v1-heisenberg-open-trotter-p2,heisenberg_chain,affine-aN-plus-b,62.0106807611,4.0,12.0,4.0,12.0,True,True,formula,0.1.0,3.11.9,2.5.0,b58b31db18364511c43757e27fffc7abce8df2c1,True,ok,,
1.0,heisenberg_chain:N057,-3.1,commutator,13411.0,,,2.0,a8fa234e-a646-4911-8402-a67c302db4ae,2026-08-12T00:11:58.358108+00:00,c1ad72de628f71283ac69037e9bbe97c3e773952f5abde5eac91397ca322d1a6,resource-grid,heisenberg_chain,Heisenberg-57,"{""coupling"":1.0,""field_z"":0.3}",57,57.0,proportional,1.0,0.0007943282347242813,185.10000000000065,225,trotter-p4,trotter,Trotter p=4,analytical,analytical,4.0,,,,,,13411.0,,,,,,,,,,,,,,,,,,,,,,,,,,,,,,commuting,3.0,0.000714707023106785,38423.63263718384,schubert-mendl-commutator,"Schubert and Mendl, arXiv:2306.10603",Theorem 1,"{""prefactor"":38423.63263718384}",True,implemented-product-formula,True,,"[""the resolved ordered Hamiltonian groups match the implemented formula""]",,,,,,,implemented-product-formula,True,True,0.0007148954112518532,,,,,,,,,,,,,,,,,,,1.0,none,0.0,system register,1.0,57.0,26486725.0,0.0,-1.0,3204893725.0,39553510.0,analytical-model,7.943282347242814e-05,,,,,,,,,,,,0.1.0,3.11.9,2.5.0,b58b31db18364511c43757e27fffc7abce8df2c1,True,ok,,
1.0,heisenberg_chain:N057,-3.1,empirical,1902.0,,,2.0,a8fa234e-a646-4911-8402-a67c302db4ae,2026-08-12T00:11:58.358108+00:00,c1ad72de628f71283ac69037e9bbe97c3e773952f5abde5eac91397ca322d1a6,resource-grid,heisenberg_chain,Heisenberg-57,"{""coupling"":1.0,""field_z"":0.3}",57,57.0,proportional,1.0,0.0007943282347242813,185.10000000000065,225,trotter-p4-empirical,trotter,Trotter p=4 [empirical],empirical-operator-norm,empirical,4.0,,,,,,1902.0,,,,,,,,,,,,,,,,,,,,,,,,,,,,,,commuting,3.0,0.0007136132732739267,15.521392859299997,empirical-operator-norm,Repository empirical operator-norm calibration study v1 (2026-08-10),reviewed calibration opnorm-v1-heisenberg-open-trotter-p4; artifact docs/calibration_data/empirical_1d_v1_accepted.json,"{""prefactor"":15.521392859299997}",False,implemented-product-formula,False,,"[""the resolved ordered Hamiltonian groups match the implemented formula"",""the fixed formal-order powers in time and segments apply"",""the reviewed affine size calibration extrapolates as flagged""]",,,,,,,implemented-product-formula,False,False,0.0007148954112518532,,,,,,,,,,,,,,,,,,,1.0,none,0.0,system register,1.0,57.0,3756450.0,0.0,-1.0,420722400.0,5609632.0,analytical-model,7.943282347242814e-05,opnorm-v1-heisenberg-open-trotter-p4,heisenberg_chain,affine-aN-plus-b,15.521392859299997,4.0,12.0,4.0,12.0,True,True,formula,0.1.0,3.11.9,2.5.0,b58b31db18364511c43757e27fffc7abce8df2c1,True,ok,,
1.0,heisenberg_chain:N057,-3.1,commutator,5835.0,,,2.0,a8fa234e-a646-4911-8402-a67c302db4ae,2026-08-12T00:11:58.358108+00:00,c1ad72de628f71283ac69037e9bbe97c3e773952f5abde5eac91397ca322d1a6,resource-grid,heisenberg_chain,Heisenberg-57,"{""coupling"":1.0,""field_z"":0.3}",57,57.0,proportional,1.0,0.0007943282347242813,185.10000000000065,225,trotter-p6,trotter,Trotter p=6,analytical,analytical,6.0,,,,,,5835.0,,,,,,,,,,,,,,,,,,,,,,,,,,,,,,commuting,3.0,0.0007148634129954491,14432588.951672671,schubert-mendl-commutator,"Schubert and Mendl, arXiv:2306.10603",Theorem 1,"{""prefactor"":14432588.951672671}",True,implemented-product-formula,True,,"[""the resolved ordered Hamiltonian groups match the implemented formula""]",,,,,,,implemented-product-formula,True,True,0.0007148954112518532,,,,,,,,,,,,,,,,,,,1.0,none,0.0,system register,1.0,57.0,57620625.0,0.0,-1.0,7144957500.0,86046800.0,analytical-model,7.943282347242814e-05,,,,,,,,,,,,0.1.0,3.11.9,2.5.0,b58b31db18364511c43757e27fffc7abce8df2c1,True,ok,,
1.0,heisenberg_chain:N057,-3.1,empirical,342.0,,,2.0,a8fa234e-a646-4911-8402-a67c302db4ae,2026-08-12T00:11:58.358108+00:00,c1ad72de628f71283ac69037e9bbe97c3e773952f5abde5eac91397ca322d1a6,resource-grid,heisenberg_chain,Heisenberg-57,"{""coupling"":1.0,""field_z"":0.3}",57,57.0,proportional,1.0,0.0007943282347242813,185.10000000000065,225,trotter-p6-empirical,trotter,Trotter p=6 [empirical],empirical-operator-norm,empirical,6.0,,,,,,342.0,,,,,,,,,,,,,,,,,,,,,,,,,,,,,,commuting,3.0,0.00027534962853652305,0.225380917,empirical-operator-norm,Repository empirical operator-norm calibration study v1 (2026-08-10),reviewed calibration opnorm-v1-heisenberg-open-trotter-p6; artifact docs/calibration_data/empirical_1d_v1_accepted.json,"{""prefactor"":0.225380917}",False,implemented-product-formula,False,,"[""the resolved ordered Hamiltonian groups match the implemented formula"",""the fixed formal-order powers in time and segments apply"",""the reviewed affine size calibration extrapolates as flagged""]",,,,,,,implemented-product-formula,False,False,0.0007148954112518532,,,,,,,,,,,,,,,,,,,1.0,none,0.0,system register,1.0,57.0,3377250.0,0.0,-1.0,378252000.0,5043360.0,analytical-model,7.943282347242814e-05,opnorm-v1-heisenberg-open-trotter-p6,heisenberg_chain,affine-aN-plus-b,0.225380917,4.0,12.0,4.0,12.0,True,True,asymptotic-domain,0.1.0,3.11.9,2.5.0,b58b31db18364511c43757e27fffc7abce8df2c1,True,ok,,
1.0,heisenberg_chain:N057,-3.1,jacobi-anger,,,,2.0,a8fa234e-a646-4911-8402-a67c302db4ae,2026-08-12T00:11:58.358108+00:00,c1ad72de628f71283ac69037e9bbe97c3e773952f5abde5eac91397ca322d1a6,resource-grid,heisenberg_chain,Heisenberg-57,"{""coupling"":1.0,""field_z"":0.3}",57,57.0,proportional,1.0,0.0007943282347242813,185.10000000000065,225,qsvt,qsvt,QSVT,jacobi-anger-rigorous,analytical,,,,,,,,,,,,,,,,,,,,,,,,,,,,,,,,,,,86067.0,14345.0,,,0.000133211833208097,,jacobi-anger-polynomial-oaa,"Martyn et al., arXiv:2105.02859, Eqs. (76)--(77)",Jacobi--Anger tails plus exact cubic OAA identity,"{""oaa-unitarity-defect-distortion"":6.66092436066154e-05,""scaled-polynomial-error"":6.66025896014816e-05}",True,ideal-qsvt-oaa-good-block,True,,"[""the cosine and sine polynomials are implemented exactly"",""the unamplified good block is exactly Q/2""]",,,,,,,implemented-qsvt-floating-phase-circuit,False,False,0.0007148954112518532,,,,,,,,,,,,,,,,,,,2.0,one robust OAA round,1.0,"component, quadrature, and index registers all-zero",,75.0,44066316.0,156469932.0,-1.0,6046036596.0,1016365959.0,analytical-model,7.943282347242814e-05,,,,,,,,,,,,0.1.0,3.11.9,2.5.0,b58b31db18364511c43757e27fffc7abce8df2c1,True,ok,,
1.0,heisenberg_chain:N057,-3.1,empirical,,9.0,,2.0,a8fa234e-a646-4911-8402-a67c302db4ae,2026-08-12T00:11:58.358108+00:00,c1ad72de628f71283ac69037e9bbe97c3e773952f5abde5eac91397ca322d1a6,resource-grid,heisenberg_chain,Heisenberg-57,"{""coupling"":1.0,""field_z"":0.3}",57,57.0,proportional,1.0,0.0007943282347242813,185.10000000000065,225,mpf-j-mizuta2026-theorem6-empirical-operator-norm,multiproduct,MPF J=Mizuta Theorem 6 (resolved per point) [empirical operator norm],empirical-operator-norm,,,9.0,18.0,mizuta2026-theorem6,6.300000000000004,0.0007148954112518532,,,,,,,,,,,,,,,,,,,,,,,,,,,,,,,,,,,,,,,,,,,,,,,,,,,,,0.0007148954112518532,,,,,,,,,,,,,,,,,,,,,,,,,,,,,,,,,,,,,,,,,,,0.1.0,3.11.9,2.5.0,b58b31db18364511c43757e27fffc7abce8df2c1,True,missing_empirical,UnsupportedEmpiricalCalibrationError,"no reviewed empirical operator-norm calibration for method=multiproduct, formal_order=18, model=heisenberg_chain, parameters={'coupling': 1.0, 'field_z': 0.3}, boundary=open, partition=None, schedule='new', formula='ordered-individual-pauli-strang-mpf-v1'"
1.0,heisenberg_chain:N057,-3.1,commutator,,9.0,64554.0,2.0,a8fa234e-a646-4911-8402-a67c302db4ae,2026-08-12T00:11:58.358108+00:00,c1ad72de628f71283ac69037e9bbe97c3e773952f5abde5eac91397ca322d1a6,resource-grid,heisenberg_chain,Heisenberg-57,"{""coupling"":1.0,""field_z"":0.3}",57,57.0,proportional,1.0,0.0007943282347242813,185.10000000000065,225,mpf-j-mizuta2026-theorem6-mizuta2026-commutator-ideal-rigorous,multiproduct,MPF J=Mizuta Theorem 6 (resolved per point) [Mizuta 2026 refined commutator],mizuta2026-commutator-ideal-rigorous,analytical,,9.0,18.0,mizuta2026-theorem6,6.300000000000004,0.0007148954112518532,64554.0,64554.0,,44622.0,"[""error""]",195.7078909377345,18.0,,,1.1063727583634207e-08,6.094343299904345e-29,1.3403894371991698e-42,6.09434329990421e-29,6.094343299904345e-29,1.1063727583634208e-08,0.0007147181376053916,1.3719981362396362e-05,False,0.0012774140010508766,"[1.0000000000000002,1.0000000000000002,1.0000000000000002,1.0000000000000002,1.0000000000000002,1.0000000000000002,1.0000000000000002,1.0000000000000002,1.0000000000000002,1.0000000000000002,1.0000000000000002,1.0000000000000002,1.0000000000000002,1.0000000000000002,1.0000000000000002,1.0000000000000002,1.0000000000000002,1.0000000000000002,1.0000000000000002,1.0000000000000002,1.0000000000000002,1.0000000000000002,1.0000000000000002,1.0000000000000002,1.0000000000000002,1.0000000000000002,1.0000000000000002,1.0000000000000002,1.0000000000000002,1.0000000000000002,1.0000000000000002,1.0000000000000002,1.0000000000000002,1.0000000000000002,1.0000000000000002,1.0000000000000002,1.0000000000000002,1.0000000000000002,1.0000000000000002,1.0000000000000002,1.0000000000000002,1.0000000000000002,1.0000000000000002,1.0000000000000002,1.0000000000000002,1.0000000000000002,1.0000000000000002,1.0000000000000002,1.0000000000000002,1.0000000000000002,1.0000000000000002,1.0000000000000002,1.0000000000000002,1.0000000000000002,1.0000000000000002,1.0000000000000002,1.0000000000000002,1.0000000000000002,1.0000000000000002,1.0000000000000002,1.0000000000000002,1.0000000000000002,1.0000000000000002,1.0000000000000002,1.0000000000000002,1.0000000000000002,1.0000000000000002,1.0000000000000002,1.0000000000000002,1.0000000000000002,1.0000000000000002,1.0000000000000002,1.0000000000000002,1.0000000000000002,1.0000000000000002,1.0000000000000002,1.0000000000000002,1.0000000000000002,1.0000000000000002,1.0000000000000002,1.0000000000000002,1.0000000000000002,1.0000000000000002,1.0000000000000002,1.0000000000000002,1.0000000000000002,1.0000000000000002,1.0000000000000002,1.0000000000000002,1.0000000000000002,1.0000000000000002,1.0000000000000002,1.0000000000000002,1.0000000000000002,1.0000000000000002,1.0000000000000002,1.0000000000000002,1.0000000000000002,1.0000000000000002,1.0000000000000002,1.0000000000000002,1.0000000000000002,1.0000000000000002,1.0000000000000002,1.0000000000000002,1.0000000000000002,1.0000000000000002,1.0000000000000002,1.0000000000000002,1.0000000000000002,1.0000000000000002,1.0000000000000002,1.0000000000000002,1.0000000000000002,1.0000000000000002,1.0000000000000002,1.0000000000000002,1.0000000000000002,1.0000000000000002,1.0000000000000002,1.0000000000000002,1.0000000000000002,1.0000000000000002,1.0000000000000002,1.0000000000000002,1.0000000000000002,1.0000000000000002,1.0000000000000002,1.0000000000000002,1.0000000000000002,1.0000000000000002,1.0000000000000002,1.0000000000000002,1.0000000000000002,1.0000000000000002,1.0000000000000002,1.0000000000000002,1.0000000000000002,1.0000000000000002,1.0000000000000002,1.0000000000000002,1.0000000000000002,1.0000000000000002,1.0000000000000002,1.0000000000000002,1.0000000000000002,1.0000000000000002,1.0000000000000002,1.0000000000000002,1.0000000000000002,1.0000000000000002,1.0000000000000002,1.0000000000000002,1.0000000000000002,1.0000000000000002,1.0000000000000002,1.0000000000000002,1.0000000000000002,1.0000000000000002,1.0000000000000002,1.0000000000000002,1.0000000000000002,1.0000000000000002,1.0000000000000002,1.0000000000000002,1.0000000000000002,1.0000000000000002,1.0000000000000002,1.0000000000000002,1.0000000000000002,1.0000000000000002,1.0000000000000002,1.0000000000000002,1.0000000000000002,1.0000000000000002,1.0000000000000002,1.0000000000000002,1.0000000000000002,1.0000000000000002,1.0000000000000002,1.0000000000000002,1.0000000000000002,1.0000000000000002,1.0000000000000002,1.0000000000000002,1.0000000000000002,1.0000000000000002,1.0000000000000002,1.0000000000000002,1.0000000000000002,1.0000000000000002,1.0000000000000002,1.0000000000000002,1.0000000000000002,1.0000000000000002,1.0000000000000002,1.0000000000000002,1.0000000000000002,1.0000000000000002,1.0000000000000002,1.0000000000000002,1.0000000000000002,1.0000000000000002,1.0000000000000002,1.0000000000000002,1.0000000000000002,1.0000000000000002,1.0000000000000002,1.0000000000000002,1.0000000000000002,1.0000000000000002,1.0000000000000002,1.0000000000000002,1.0000000000000002,1.0000000000000002,1.0000000000000002,1.0000000000000002,1.0000000000000002,1.0000000000000002,1.0000000000000002,1.0000000000000002,1.0000000000000002,1.0000000000000002,1.0000000000000002,1.0000000000000002]",6.300000000000007,3.0,True,exact commutator transition cap reached; locality bound used,not-used,commutator,mizuta2026-commutator-ideal-rigorous,[],15492960.0,,,,0.0007147181376053916,1.177115873142261e+50,mizuta2026-commutator-ideal-rigorous,"Mizuta, Quantum 10, 1974 (2026), arXiv:2507.06557v4","Theorem 4, Eqs. (47)--(49), with direct Lemmas 9--10 BCH remainder","{""error_predicate_satisfied"":1.0,""extensiveness_g"":6.300000000000004,""joint_predicate_satisfied"":1.0,""legacy_first_condition_passed"":0.0,""legacy_first_time_limit"":1.3719981362396362e-05,""local_commutator_error"":1.1063727583634207e-08,""local_step_error"":1.1063727583634208e-08,""local_truncated_bch_error"":6.094343299904345e-29,""locality_k"":2.0,""mu_upper"":195.7078909377345,""refined_lemma10_remainder"":6.09434329990421e-29,""refined_lemma9_remainder"":1.3403894371991698e-42,""refined_tail_fallback"":0.0,""repeated_global_error"":0.0007147181376053916,""schedule_weighted_extensiveness"":6.300000000000007,""second_time_limit"":0.0012774140010508766,""time_2_predicate_satisfied"":1.0,""total_branchwise_bch_remainder"":6.094343299904345e-29,""truncation_order_p0"":18.0}",True,ideal-mpf,True,ordered individual Pauli terms,"[""individual Pauli summands define the ordered H_gamma decomposition"",""the actual Strang factors define schedule-weighted g_alpha extensiveness"",""Lemma 9 and Lemma 10 positive majorants directly certify the BCH remainder"",""the scalar-flow/Cauchy refined tail certificate is used"",""Theorem 4 second time hypothesis is satisfied"",""the repeated ideal MPF is composed with the Eq. (15) telescoping argument""]","exact Pauli recurrence would require 307800 transitions at order 4, above cap 250000; remaining orders use Mizuta 2026 Eq. (8)",18.0,3.0,True,True,"{""2"":1588.800000000002,""3"":26021.760000000057,""4"":34480081.03680006,""5"":3475592168.5094457,""6"":437924613232.18976,""7"":66214201520707.76,""8"":1.1680185148252828e+16,""9"":2.354725325887758e+18,""10"":5.3405170391134274e+20,""11"":1.345810293856585e+23,""12"":3.7305861345704733e+25,""13"":1.1281292470941247e+28,""14"":3.6957514134803366e+30,""15"":1.303861098675863e+33,""16"":4.9285949529947805e+35,""17"":1.987209485047489e+38,""18"":8.513205433943494e+40}",repeated-shared-ancilla-good-block,True,False,0.0007148954112518532,new,"[1,2,3,4,5,6,8,14,37]","[1.967691252631999e-13,-3.445506091008736e-08,2.544222523112307e-05,-0.0016199636587070087,0.021324279661958864,-0.07100801545469856,0.14994672471728007,-0.4079534241993221,1.3092849911631212]",1.9611628755355768,0.03883712446442322,80.0,registered-exact,True,9.0,4.0,2.0,5.0,11.0,5.0,6.0,3.0,2.0,3.0,2.0,one robust OAA round per segment,64554.0,branch register all-zero,,64.0,13918487940.0,7423710.0,-1.0,2059965909960.0,24351873261.0,analytical-model,7.943282347242814e-05,,,,,,,,,,,,0.1.0,3.11.9,2.5.0,b58b31db18364511c43757e27fffc7abce8df2c1,True,ok,,
1.0,heisenberg_chain:N057,-3.2,commutator,467387.0,,,2.0,a8fa234e-a646-4911-8402-a67c302db4ae,2026-08-12T00:11:58.358108+00:00,c1ad72de628f71283ac69037e9bbe97c3e773952f5abde5eac91397ca322d1a6,resource-grid,heisenberg_chain,Heisenberg-57,"{""coupling"":1.0,""field_z"":0.3}",57,57.0,proportional,1.0,0.000630957344480193,185.10000000000065,225,trotter-p2,trotter,Trotter p=2,analytical,analytical,2.0,,,,,,467387.0,,,,,,,,,,,,,,,,,,,,,,,,,,,,,,individual,225.0,0.0005678614510936762,669.839999999999,childs-commutator,"Childs, Su, Tran, Wiebe, and Zhu, arXiv:1912.08854",Propositions 9--10,"{""prefactor"":669.839999999999}",True,implemented-product-formula,True,,"[""the resolved ordered Hamiltonian groups match the implemented formula""]",,,,,,,implemented-product-formula,True,True,0.0005678616100321737,,,,,,,,,,,,,,,,,,,1.0,none,0.0,system register,1.0,57.0,209856763.0,0.0,-1.0,27491235953.0,313386100.0,analytical-model,6.30957344480193e-05,,,,,,,,,,,,0.1.0,3.11.9,2.5.0,b58b31db18364511c43757e27fffc7abce8df2c1,True,ok,,
1.0,heisenberg_chain:N057,-3.2,empirical,142209.0,,,2.0,a8fa234e-a646-4911-8402-a67c302db4ae,2026-08-12T00:11:58.358108+00:00,c1ad72de628f71283ac69037e9bbe97c3e773952f5abde5eac91397ca322d1a6,resource-grid,heisenberg_chain,Heisenberg-57,"{""coupling"":1.0,""field_z"":0.3}",57,57.0,proportional,1.0,0.000630957344480193,185.10000000000065,225,trotter-p2-empirical,trotter,Trotter p=2 [empirical],empirical-operator-norm,empirical,2.0,,,,,,142209.0,,,,,,,,,,,,,,,,,,,,,,,,,,,,,,individual,225.0,0.0005678542768938914,62.0106807611,empirical-operator-norm,Repository empirical operator-norm calibration study v1 (2026-08-10),reviewed calibration opnorm-v1-heisenberg-open-trotter-p2; artifact docs/calibration_data/empirical_1d_v1_accepted.json,"{""prefactor"":62.0106807611}",False,implemented-product-formula,False,,"[""the resolved ordered Hamiltonian groups match the implemented formula"",""the fixed formal-order powers in time and segments apply"",""the reviewed affine size calibration extrapolates as flagged""]",,,,,,,implemented-product-formula,False,False,0.0005678616100321737,,,,,,,,,,,,,,,,,,,1.0,none,0.0,system register,1.0,57.0,63851841.0,0.0,-1.0,7981480125.0,95352083.0,analytical-model,6.30957344480193e-05,opnorm-v1-heisenberg-open-trotter-p2,heisenberg_chain,affine-aN-plus-b,62.0106807611,4.0,12.0,4.0,12.0,True,True,formula,0.1.0,3.11.9,2.5.0,b58b31db18364511c43757e27fffc7abce8df2c1,True,ok,,
1.0,heisenberg_chain:N057,-3.2,commutator,14205.0,,,2.0,a8fa234e-a646-4911-8402-a67c302db4ae,2026-08-12T00:11:58.358108+00:00,c1ad72de628f71283ac69037e9bbe97c3e773952f5abde5eac91397ca322d1a6,resource-grid,heisenberg_chain,Heisenberg-57,"{""coupling"":1.0,""field_z"":0.3}",57,57.0,proportional,1.0,0.000630957344480193,185.10000000000065,225,trotter-p4,trotter,Trotter p=4,analytical,analytical,4.0,,,,,,14205.0,,,,,,,,,,,,,,,,,,,,,,,,,,,,,,commuting,3.0,0.0005678161589545491,38423.63263718384,schubert-mendl-commutator,"Schubert and Mendl, arXiv:2306.10603",Theorem 1,"{""prefactor"":38423.63263718384}",True,implemented-product-formula,True,,"[""the resolved ordered Hamiltonian groups match the implemented formula""]",,,,,,,implemented-product-formula,True,True,0.0005678616100321737,,,,,,,,,,,,,,,,,,,1.0,none,0.0,system register,1.0,57.0,28054875.0,0.0,-1.0,3422694750.0,41895280.0,analytical-model,6.30957344480193e-05,,,,,,,,,,,,0.1.0,3.11.9,2.5.0,b58b31db18364511c43757e27fffc7abce8df2c1,True,ok,,
1.0,heisenberg_chain:N057,-3.2,empirical,2014.0,,,2.0,a8fa234e-a646-4911-8402-a67c302db4ae,2026-08-12T00:11:58.358108+00:00,c1ad72de628f71283ac69037e9bbe97c3e773952f5abde5eac91397ca322d1a6,resource-grid,heisenberg_chain,Heisenberg-57,"{""coupling"":1.0,""field_z"":0.3}",57,57.0,proportional,1.0,0.000630957344480193,185.10000000000065,225,trotter-p4-empirical,trotter,Trotter p=4 [empirical],empirical-operator-norm,empirical,4.0,,,,,,2014.0,,,,,,,,,,,,,,,,,,,,,,,,,,,,,,commuting,3.0,0.0005676323061878947,15.521392859299997,empirical-operator-norm,Repository empirical operator-norm calibration study v1 (2026-08-10),reviewed calibration opnorm-v1-heisenberg-open-trotter-p4; artifact docs/calibration_data/empirical_1d_v1_accepted.json,"{""prefactor"":15.521392859299997}",False,implemented-product-formula,False,,"[""the resolved ordered Hamiltonian groups match the implemented formula"",""the fixed formal-order powers in time and segments apply"",""the reviewed affine size calibration extrapolates as flagged""]",,,,,,,implemented-product-formula,False,False,0.0005678616100321737,,,,,,,,,,,,,,,,,,,1.0,none,0.0,system register,1.0,57.0,3977650.0,0.0,-1.0,449474450.0,5939958.0,analytical-model,6.30957344480193e-05,opnorm-v1-heisenberg-open-trotter-p4,heisenberg_chain,affine-aN-plus-b,15.521392859299997,4.0,12.0,4.0,12.0,True,True,formula,0.1.0,3.11.9,2.5.0,b58b31db18364511c43757e27fffc7abce8df2c1,True,ok,,
1.0,heisenberg_chain:N057,-3.2,commutator,6064.0,,,2.0,a8fa234e-a646-4911-8402-a67c302db4ae,2026-08-12T00:11:58.358108+00:00,c1ad72de628f71283ac69037e9bbe97c3e773952f5abde5eac91397ca322d1a6,resource-grid,heisenberg_chain,Heisenberg-57,"{""coupling"":1.0,""field_z"":0.3}",57,57.0,proportional,1.0,0.000630957344480193,185.10000000000065,225,trotter-p6,trotter,Trotter p=6,analytical,analytical,6.0,,,,,,6064.0,,,,,,,,,,,,,,,,,,,,,,,,,,,,,,commuting,3.0,0.0005674310238321553,14432588.951672671,schubert-mendl-commutator,"Schubert and Mendl, arXiv:2306.10603",Theorem 1,"{""prefactor"":14432588.951672671}",True,implemented-product-formula,True,,"[""the resolved ordered Hamiltonian groups match the implemented formula""]",,,,,,,implemented-product-formula,True,True,0.0005678616100321737,,,,,,,,,,,,,,,,,,,1.0,none,0.0,system register,1.0,57.0,59882000.0,0.0,-1.0,7485250000.0,89423787.0,analytical-model,6.30957344480193e-05,,,,,,,,,,,,0.1.0,3.11.9,2.5.0,b58b31db18364511c43757e27fffc7abce8df2c1,True,ok,,
1.0,heisenberg_chain:N057,-3.2,empirical,342.0,,,2.0,a8fa234e-a646-4911-8402-a67c302db4ae,2026-08-12T00:11:58.358108+00:00,c1ad72de628f71283ac69037e9bbe97c3e773952f5abde5eac91397ca322d1a6,resource-grid,heisenberg_chain,Heisenberg-57,"{""coupling"":1.0,""field_z"":0.3}",57,57.0,proportional,1.0,0.000630957344480193,185.10000000000065,225,trotter-p6-empirical,trotter,Trotter p=6 [empirical],empirical-operator-norm,empirical,6.0,,,,,,342.0,,,,,,,,,,,,,,,,,,,,,,,,,,,,,,commuting,3.0,0.00027534962853652305,0.225380917,empirical-operator-norm,Repository empirical operator-norm calibration study v1 (2026-08-10),reviewed calibration opnorm-v1-heisenberg-open-trotter-p6; artifact docs/calibration_data/empirical_1d_v1_accepted.json,"{""prefactor"":0.225380917}",False,implemented-product-formula,False,,"[""the resolved ordered Hamiltonian groups match the implemented formula"",""the fixed formal-order powers in time and segments apply"",""the reviewed affine size calibration extrapolates as flagged""]",,,,,,,implemented-product-formula,False,False,0.0005678616100321737,,,,,,,,,,,,,,,,,,,1.0,none,0.0,system register,1.0,57.0,3377250.0,0.0,-1.0,381629250.0,5043360.0,analytical-model,6.30957344480193e-05,opnorm-v1-heisenberg-open-trotter-p6,heisenberg_chain,affine-aN-plus-b,0.225380917,4.0,12.0,4.0,12.0,True,True,asymptotic-domain,0.1.0,3.11.9,2.5.0,b58b31db18364511c43757e27fffc7abce8df2c1,True,ok,,
1.0,heisenberg_chain:N057,-3.2,jacobi-anger,,,,2.0,a8fa234e-a646-4911-8402-a67c302db4ae,2026-08-12T00:11:58.358108+00:00,c1ad72de628f71283ac69037e9bbe97c3e773952f5abde5eac91397ca322d1a6,resource-grid,heisenberg_chain,Heisenberg-57,"{""coupling"":1.0,""field_z"":0.3}",57,57.0,proportional,1.0,0.000630957344480193,185.10000000000065,225,qsvt,qsvt,QSVT,jacobi-anger-rigorous,analytical,,,,,,,,,,,,,,,,,,,,,,,,,,,,,,,,,,,86067.0,14345.0,,,0.00011687365138272858,,jacobi-anger-polynomial-oaa,"Martyn et al., arXiv:2105.02859, Eqs. (76)--(77)",Jacobi--Anger tails plus exact cubic OAA identity,"{""oaa-unitarity-defect-distortion"":5.84393866637161e-05,""scaled-polynomial-error"":5.8434264719012474e-05}",True,ideal-qsvt-oaa-good-block,True,,"[""the cosine and sine polynomials are implemented exactly"",""the unamplified good block is exactly Q/2""]",,,,,,,implemented-qsvt-floating-phase-circuit,False,False,0.0005678616100321737,,,,,,,,,,,,,,,,,,,2.0,one robust OAA round,1.0,"component, quadrature, and index registers all-zero",,75.0,44066316.0,156469932.0,-1.0,6090102912.0,1016365959.0,analytical-model,6.30957344480193e-05,,,,,,,,,,,,0.1.0,3.11.9,2.5.0,b58b31db18364511c43757e27fffc7abce8df2c1,True,ok,,
1.0,heisenberg_chain:N057,-3.2,empirical,,9.0,,2.0,a8fa234e-a646-4911-8402-a67c302db4ae,2026-08-12T00:11:58.358108+00:00,c1ad72de628f71283ac69037e9bbe97c3e773952f5abde5eac91397ca322d1a6,resource-grid,heisenberg_chain,Heisenberg-57,"{""coupling"":1.0,""field_z"":0.3}",57,57.0,proportional,1.0,0.000630957344480193,185.10000000000065,225,mpf-j-mizuta2026-theorem6-empirical-operator-norm,multiproduct,MPF J=Mizuta Theorem 6 (resolved per point) [empirical operator norm],empirical-operator-norm,,,9.0,18.0,mizuta2026-theorem6,6.300000000000004,0.0005678616100321737,,,,,,,,,,,,,,,,,,,,,,,,,,,,,,,,,,,,,,,,,,,,,,,,,,,,,0.0005678616100321737,,,,,,,,,,,,,,,,,,,,,,,,,,,,,,,,,,,,,,,,,,,0.1.0,3.11.9,2.5.0,b58b31db18364511c43757e27fffc7abce8df2c1,True,missing_empirical,UnsupportedEmpiricalCalibrationError,"no reviewed empirical operator-norm calibration for method=multiproduct, formal_order=18, model=heisenberg_chain, parameters={'coupling': 1.0, 'field_z': 0.3}, boundary=open, partition=None, schedule='new', formula='ordered-individual-pauli-strang-mpf-v1'"
1.0,heisenberg_chain:N057,-3.2,commutator,,9.0,65384.0,2.0,a8fa234e-a646-4911-8402-a67c302db4ae,2026-08-12T00:11:58.358108+00:00,c1ad72de628f71283ac69037e9bbe97c3e773952f5abde5eac91397ca322d1a6,resource-grid,heisenberg_chain,Heisenberg-57,"{""coupling"":1.0,""field_z"":0.3}",57,57.0,proportional,1.0,0.000630957344480193,185.10000000000065,225,mpf-j-mizuta2026-theorem6-mizuta2026-commutator-ideal-rigorous,multiproduct,MPF J=Mizuta Theorem 6 (resolved per point) [Mizuta 2026 refined commutator],mizuta2026-commutator-ideal-rigorous,analytical,,9.0,18.0,mizuta2026-theorem6,6.300000000000004,0.0005678616100321737,65384.0,65384.0,,44622.0,"[""error""]",195.7078909377345,18.0,,,8.679270853437805e-09,4.774483672019239e-29,1.0512825122453108e-42,4.774483672019133e-29,4.774483672019239e-29,8.679270853437806e-09,0.0005678075716761741,1.3719981362396362e-05,False,0.0012774140010508766,"[1.0000000000000002,1.0000000000000002,1.0000000000000002,1.0000000000000002,1.0000000000000002,1.0000000000000002,1.0000000000000002,1.0000000000000002,1.0000000000000002,1.0000000000000002,1.0000000000000002,1.0000000000000002,1.0000000000000002,1.0000000000000002,1.0000000000000002,1.0000000000000002,1.0000000000000002,1.0000000000000002,1.0000000000000002,1.0000000000000002,1.0000000000000002,1.0000000000000002,1.0000000000000002,1.0000000000000002,1.0000000000000002,1.0000000000000002,1.0000000000000002,1.0000000000000002,1.0000000000000002,1.0000000000000002,1.0000000000000002,1.0000000000000002,1.0000000000000002,1.0000000000000002,1.0000000000000002,1.0000000000000002,1.0000000000000002,1.0000000000000002,1.0000000000000002,1.0000000000000002,1.0000000000000002,1.0000000000000002,1.0000000000000002,1.0000000000000002,1.0000000000000002,1.0000000000000002,1.0000000000000002,1.0000000000000002,1.0000000000000002,1.0000000000000002,1.0000000000000002,1.0000000000000002,1.0000000000000002,1.0000000000000002,1.0000000000000002,1.0000000000000002,1.0000000000000002,1.0000000000000002,1.0000000000000002,1.0000000000000002,1.0000000000000002,1.0000000000000002,1.0000000000000002,1.0000000000000002,1.0000000000000002,1.0000000000000002,1.0000000000000002,1.0000000000000002,1.0000000000000002,1.0000000000000002,1.0000000000000002,1.0000000000000002,1.0000000000000002,1.0000000000000002,1.0000000000000002,1.0000000000000002,1.0000000000000002,1.0000000000000002,1.0000000000000002,1.0000000000000002,1.0000000000000002,1.0000000000000002,1.0000000000000002,1.0000000000000002,1.0000000000000002,1.0000000000000002,1.0000000000000002,1.0000000000000002,1.0000000000000002,1.0000000000000002,1.0000000000000002,1.0000000000000002,1.0000000000000002,1.0000000000000002,1.0000000000000002,1.0000000000000002,1.0000000000000002,1.0000000000000002,1.0000000000000002,1.0000000000000002,1.0000000000000002,1.0000000000000002,1.0000000000000002,1.0000000000000002,1.0000000000000002,1.0000000000000002,1.0000000000000002,1.0000000000000002,1.0000000000000002,1.0000000000000002,1.0000000000000002,1.0000000000000002,1.0000000000000002,1.0000000000000002,1.0000000000000002,1.0000000000000002,1.0000000000000002,1.0000000000000002,1.0000000000000002,1.0000000000000002,1.0000000000000002,1.0000000000000002,1.0000000000000002,1.0000000000000002,1.0000000000000002,1.0000000000000002,1.0000000000000002,1.0000000000000002,1.0000000000000002,1.0000000000000002,1.0000000000000002,1.0000000000000002,1.0000000000000002,1.0000000000000002,1.0000000000000002,1.0000000000000002,1.0000000000000002,1.0000000000000002,1.0000000000000002,1.0000000000000002,1.0000000000000002,1.0000000000000002,1.0000000000000002,1.0000000000000002,1.0000000000000002,1.0000000000000002,1.0000000000000002,1.0000000000000002,1.0000000000000002,1.0000000000000002,1.0000000000000002,1.0000000000000002,1.0000000000000002,1.0000000000000002,1.0000000000000002,1.0000000000000002,1.0000000000000002,1.0000000000000002,1.0000000000000002,1.0000000000000002,1.0000000000000002,1.0000000000000002,1.0000000000000002,1.0000000000000002,1.0000000000000002,1.0000000000000002,1.0000000000000002,1.0000000000000002,1.0000000000000002,1.0000000000000002,1.0000000000000002,1.0000000000000002,1.0000000000000002,1.0000000000000002,1.0000000000000002,1.0000000000000002,1.0000000000000002,1.0000000000000002,1.0000000000000002,1.0000000000000002,1.0000000000000002,1.0000000000000002,1.0000000000000002,1.0000000000000002,1.0000000000000002,1.0000000000000002,1.0000000000000002,1.0000000000000002,1.0000000000000002,1.0000000000000002,1.0000000000000002,1.0000000000000002,1.0000000000000002,1.0000000000000002,1.0000000000000002,1.0000000000000002,1.0000000000000002,1.0000000000000002,1.0000000000000002,1.0000000000000002,1.0000000000000002,1.0000000000000002,1.0000000000000002,1.0000000000000002,1.0000000000000002,1.0000000000000002,1.0000000000000002,1.0000000000000002,1.0000000000000002,1.0000000000000002,1.0000000000000002,1.0000000000000002,1.0000000000000002,1.0000000000000002,1.0000000000000002,1.0000000000000002,1.0000000000000002,1.0000000000000002,1.0000000000000002,1.0000000000000002,1.0000000000000002,1.0000000000000002,1.0000000000000002,1.0000000000000002,1.0000000000000002]",6.300000000000007,3.0,True,exact commutator transition cap reached; locality bound used,not-used,commutator,mizuta2026-commutator-ideal-rigorous,[],15692160.0,,,,0.0005678075716761741,1.177115873142261e+50,mizuta2026-commutator-ideal-rigorous,"Mizuta, Quantum 10, 1974 (2026), arXiv:2507.06557v4","Theorem 4, Eqs. (47)--(49), with direct Lemmas 9--10 BCH remainder","{""error_predicate_satisfied"":1.0,""extensiveness_g"":6.300000000000004,""joint_predicate_satisfied"":1.0,""legacy_first_condition_passed"":0.0,""legacy_first_time_limit"":1.3719981362396362e-05,""local_commutator_error"":8.679270853437805e-09,""local_step_error"":8.679270853437806e-09,""local_truncated_bch_error"":4.774483672019239e-29,""locality_k"":2.0,""mu_upper"":195.7078909377345,""refined_lemma10_remainder"":4.774483672019133e-29,""refined_lemma9_remainder"":1.0512825122453108e-42,""refined_tail_fallback"":0.0,""repeated_global_error"":0.0005678075716761741,""schedule_weighted_extensiveness"":6.300000000000007,""second_time_limit"":0.0012774140010508766,""time_2_predicate_satisfied"":1.0,""total_branchwise_bch_remainder"":4.774483672019239e-29,""truncation_order_p0"":18.0}",True,ideal-mpf,True,ordered individual Pauli terms,"[""individual Pauli summands define the ordered H_gamma decomposition"",""the actual Strang factors define schedule-weighted g_alpha extensiveness"",""Lemma 9 and Lemma 10 positive majorants directly certify the BCH remainder"",""the scalar-flow/Cauchy refined tail certificate is used"",""Theorem 4 second time hypothesis is satisfied"",""the repeated ideal MPF is composed with the Eq. (15) telescoping argument""]","exact Pauli recurrence would require 307800 transitions at order 4, above cap 250000; remaining orders use Mizuta 2026 Eq. (8)",18.0,3.0,True,True,"{""2"":1588.800000000002,""3"":26021.760000000057,""4"":34480081.03680006,""5"":3475592168.5094457,""6"":437924613232.18976,""7"":66214201520707.76,""8"":1.1680185148252828e+16,""9"":2.354725325887758e+18,""10"":5.3405170391134274e+20,""11"":1.345810293856585e+23,""12"":3.7305861345704733e+25,""13"":1.1281292470941247e+28,""14"":3.6957514134803366e+30,""15"":1.303861098675863e+33,""16"":4.9285949529947805e+35,""17"":1.987209485047489e+38,""18"":8.513205433943494e+40}",repeated-shared-ancilla-good-block,True,False,0.0005678616100321737,new,"[1,2,3,4,5,6,8,14,37]","[1.967691252631999e-13,-3.445506091008736e-08,2.544222523112307e-05,-0.0016199636587070087,0.021324279661958864,-0.07100801545469856,0.14994672471728007,-0.4079534241993221,1.3092849911631212]",1.9611628755355768,0.03883712446442322,80.0,registered-exact,True,9.0,4.0,2.0,5.0,11.0,5.0,6.0,3.0,2.0,3.0,2.0,one robust OAA round per segment,65384.0,branch register all-zero,,64.0,14097444240.0,7519160.0,-1.0,2100549268400.0,24664976319.0,analytical-model,6.30957344480193e-05,,,,,,,,,,,,0.1.0,3.11.9,2.5.0,b58b31db18364511c43757e27fffc7abce8df2c1,True,ok,,
1.0,heisenberg_chain:N057,-3.3,commutator,524417.0,,,2.0,a8fa234e-a646-4911-8402-a67c302db4ae,2026-08-12T00:11:58.358108+00:00,c1ad72de628f71283ac69037e9bbe97c3e773952f5abde5eac91397ca322d1a6,resource-grid,heisenberg_chain,Heisenberg-57,"{""coupling"":1.0,""field_z"":0.3}",57,57.0,proportional,1.0,0.0005011872336272725,185.10000000000065,225,trotter-p2,trotter,Trotter p=2,analytical,analytical,2.0,,,,,,524417.0,,,,,,,,,,,,,,,,,,,,,,,,,,,,,,individual,225.0,0.0004510681075699256,669.839999999999,childs-commutator,"Childs, Su, Tran, Wiebe, and Zhu, arXiv:1912.08854",Propositions 9--10,"{""prefactor"":669.839999999999}",True,implemented-product-formula,True,,"[""the resolved ordered Hamiltonian groups match the implemented formula""]",,,,,,,implemented-product-formula,True,True,0.0004510685102645453,,,,,,,,,,,,,,,,,,,1.0,none,0.0,system register,1.0,57.0,235463233.0,0.0,-1.0,31081146756.0,351625095.0,analytical-model,5.011872336272726e-05,,,,,,,,,,,,0.1.0,3.11.9,2.5.0,b58b31db18364511c43757e27fffc7abce8df2c1,True,ok,,
1.0,heisenberg_chain:N057,-3.3,empirical,159561.0,,,2.0,a8fa234e-a646-4911-8402-a67c302db4ae,2026-08-12T00:11:58.358108+00:00,c1ad72de628f71283ac69037e9bbe97c3e773952f5abde5eac91397ca322d1a6,resource-grid,heisenberg_chain,Heisenberg-57,"{""coupling"":1.0,""field_z"":0.3}",57,57.0,proportional,1.0,0.0005011872336272725,185.10000000000065,225,trotter-p2-empirical,trotter,Trotter p=2 [empirical],empirical-operator-norm,empirical,2.0,,,,,,159561.0,,,,,,,,,,,,,,,,,,,,,,,,,,,,,,individual,225.0,0.0004510633771887802,62.0106807611,empirical-operator-norm,Repository empirical operator-norm calibration study v1 (2026-08-10),reviewed calibration opnorm-v1-heisenberg-open-trotter-p2; artifact docs/calibration_data/empirical_1d_v1_accepted.json,"{""prefactor"":62.0106807611}",False,implemented-product-formula,False,,"[""the resolved ordered Hamiltonian groups match the implemented formula"",""the fixed formal-order powers in time and segments apply"",""the reviewed affine size calibration extrapolates as flagged""]",,,,,,,implemented-product-formula,False,False,0.0004510685102645453,,,,,,,,,,,,,,,,,,,1.0,none,0.0,system register,1.0,57.0,71642889.0,0.0,-1.0,9098646903.0,106986715.0,analytical-model,5.011872336272726e-05,opnorm-v1-heisenberg-open-trotter-p2,heisenberg_chain,affine-aN-plus-b,62.0106807611,4.0,12.0,4.0,12.0,True,True,formula,0.1.0,3.11.9,2.5.0,b58b31db18364511c43757e27fffc7abce8df2c1,True,ok,,
1.0,heisenberg_chain:N057,-3.3,commutator,15047.0,,,2.0,a8fa234e-a646-4911-8402-a67c302db4ae,2026-08-12T00:11:58.358108+00:00,c1ad72de628f71283ac69037e9bbe97c3e773952f5abde5eac91397ca322d1a6,resource-grid,heisenberg_chain,Heisenberg-57,"{""coupling"":1.0,""field_z"":0.3}",57,57.0,proportional,1.0,0.0005011872336272725,185.10000000000065,225,trotter-p4,trotter,Trotter p=4,analytical,analytical,4.0,,,,,,15047.0,,,,,,,,,,,,,,,,,,,,,,,,,,,,,,commuting,3.0,0.000450996338405966,38423.63263718384,schubert-mendl-commutator,"Schubert and Mendl, arXiv:2306.10603",Theorem 1,"{""prefactor"":38423.63263718384}",True,implemented-product-formula,True,,"[""the resolved ordered Hamiltonian groups match the implemented formula""]",,,,,,,implemented-product-formula,True,True,0.0004510685102645453,,,,,,,,,,,,,,,,,,,1.0,none,0.0,system register,1.0,57.0,29717825.0,0.0,-1.0,3655292475.0,44378619.0,analytical-model,5.011872336272726e-05,,,,,,,,,,,,0.1.0,3.11.9,2.5.0,b58b31db18364511c43757e27fffc7abce8df2c1,True,ok,,
1.0,heisenberg_chain:N057,-3.3,empirical,2134.0,,,2.0,a8fa234e-a646-4911-8402-a67c302db4ae,2026-08-12T00:11:58.358108+00:00,c1ad72de628f71283ac69037e9bbe97c3e773952f5abde5eac91397ca322d1a6,resource-grid,heisenberg_chain,Heisenberg-57,"{""coupling"":1.0,""field_z"":0.3}",57,57.0,proportional,1.0,0.0005011872336272725,185.10000000000065,225,trotter-p4-empirical,trotter,Trotter p=4 [empirical],empirical-operator-norm,empirical,4.0,,,,,,2134.0,,,,,,,,,,,,,,,,,,,,,,,,,,,,,,commuting,3.0,0.000450326297927531,15.521392859299997,empirical-operator-norm,Repository empirical operator-norm calibration study v1 (2026-08-10),reviewed calibration opnorm-v1-heisenberg-open-trotter-p4; artifact docs/calibration_data/empirical_1d_v1_accepted.json,"{""prefactor"":15.521392859299997}",False,implemented-product-formula,False,,"[""the resolved ordered Hamiltonian groups match the implemented formula"",""the fixed formal-order powers in time and segments apply"",""the reviewed affine size calibration extrapolates as flagged""]",,,,,,,implemented-product-formula,False,False,0.0004510685102645453,,,,,,,,,,,,,,,,,,,1.0,none,0.0,system register,1.0,57.0,4214650.0,0.0,-1.0,484684750.0,6293878.0,analytical-model,5.011872336272726e-05,opnorm-v1-heisenberg-open-trotter-p4,heisenberg_chain,affine-aN-plus-b,15.521392859299997,4.0,12.0,4.0,12.0,True,True,formula,0.1.0,3.11.9,2.5.0,b58b31db18364511c43757e27fffc7abce8df2c1,True,ok,,
1.0,heisenberg_chain:N057,-3.3,commutator,6301.0,,,2.0,a8fa234e-a646-4911-8402-a67c302db4ae,2026-08-12T00:11:58.358108+00:00,c1ad72de628f71283ac69037e9bbe97c3e773952f5abde5eac91397ca322d1a6,resource-grid,heisenberg_chain,Heisenberg-57,"{""coupling"":1.0,""field_z"":0.3}",57,57.0,proportional,1.0,0.0005011872336272725,185.10000000000065,225,trotter-p6,trotter,Trotter p=6,analytical,analytical,6.0,,,,,,6301.0,,,,,,,,,,,,,,,,,,,,,,,,,,,,,,commuting,3.0,0.0004508284915395282,14432588.951672671,schubert-mendl-commutator,"Schubert and Mendl, arXiv:2306.10603",Theorem 1,"{""prefactor"":14432588.951672671}",True,implemented-product-formula,True,,"[""the resolved ordered Hamiltonian groups match the implemented formula""]",,,,,,,implemented-product-formula,True,True,0.0004510685102645453,,,,,,,,,,,,,,,,,,,1.0,none,0.0,system register,1.0,57.0,62222375.0,0.0,-1.0,7840019250.0,92918747.0,analytical-model,5.011872336272726e-05,,,,,,,,,,,,0.1.0,3.11.9,2.5.0,b58b31db18364511c43757e27fffc7abce8df2c1,True,ok,,
1.0,heisenberg_chain:N057,-3.3,empirical,342.0,,,2.0,a8fa234e-a646-4911-8402-a67c302db4ae,2026-08-12T00:11:58.358108+00:00,c1ad72de628f71283ac69037e9bbe97c3e773952f5abde5eac91397ca322d1a6,resource-grid,heisenberg_chain,Heisenberg-57,"{""coupling"":1.0,""field_z"":0.3}",57,57.0,proportional,1.0,0.0005011872336272725,185.10000000000065,225,trotter-p6-empirical,trotter,Trotter p=6 [empirical],empirical-operator-norm,empirical,6.0,,,,,,342.0,,,,,,,,,,,,,,,,,,,,,,,,,,,,,,commuting,3.0,0.00027534962853652305,0.225380917,empirical-operator-norm,Repository empirical operator-norm calibration study v1 (2026-08-10),reviewed calibration opnorm-v1-heisenberg-open-trotter-p6; artifact docs/calibration_data/empirical_1d_v1_accepted.json,"{""prefactor"":0.225380917}",False,implemented-product-formula,False,,"[""the resolved ordered Hamiltonian groups match the implemented formula"",""the fixed formal-order powers in time and segments apply"",""the reviewed affine size calibration extrapolates as flagged""]",,,,,,,implemented-product-formula,False,False,0.0004510685102645453,,,,,,,,,,,,,,,,,,,1.0,none,0.0,system register,1.0,57.0,3377250.0,0.0,-1.0,385006500.0,5043360.0,analytical-model,5.011872336272726e-05,opnorm-v1-heisenberg-open-trotter-p6,heisenberg_chain,affine-aN-plus-b,0.225380917,4.0,12.0,4.0,12.0,True,True,asymptotic-domain,0.1.0,3.11.9,2.5.0,b58b31db18364511c43757e27fffc7abce8df2c1,True,ok,,
1.0,heisenberg_chain:N057,-3.3,jacobi-anger,,,,2.0,a8fa234e-a646-4911-8402-a67c302db4ae,2026-08-12T00:11:58.358108+00:00,c1ad72de628f71283ac69037e9bbe97c3e773952f5abde5eac91397ca322d1a6,resource-grid,heisenberg_chain,Heisenberg-57,"{""coupling"":1.0,""field_z"":0.3}",57,57.0,proportional,1.0,0.0005011872336272725,185.10000000000065,225,qsvt,qsvt,QSVT,jacobi-anger-rigorous,analytical,,,,,,,,,,,,,,,,,,,,,,,,,,,,,,,,,,,86067.0,14345.0,,,0.00010389591490895858,,jacobi-anger-polynomial-oaa,"Martyn et al., arXiv:2105.02859, Eqs. (76)--(77)",Jacobi--Anger tails plus exact cubic OAA identity,"{""oaa-unitarity-defect-distortion"":5.194998127453762e-05,""scaled-polynomial-error"":5.194593363442096e-05}",True,ideal-qsvt-oaa-good-block,True,,"[""the cosine and sine polynomials are implemented exactly"",""the unamplified good block is exactly Q/2""]",,,,,,,implemented-qsvt-floating-phase-circuit,False,False,0.0004510685102645453,,,,,,,,,,,,,,,,,,,2.0,one robust OAA round,1.0,"component, quadrature, and index registers all-zero",,75.0,44066316.0,156469932.0,-1.0,6134169228.0,1016365959.0,analytical-model,5.011872336272726e-05,,,,,,,,,,,,0.1.0,3.11.9,2.5.0,b58b31db18364511c43757e27fffc7abce8df2c1,True,ok,,
1.0,heisenberg_chain:N057,-3.3,empirical,,9.0,,2.0,a8fa234e-a646-4911-8402-a67c302db4ae,2026-08-12T00:11:58.358108+00:00,c1ad72de628f71283ac69037e9bbe97c3e773952f5abde5eac91397ca322d1a6,resource-grid,heisenberg_chain,Heisenberg-57,"{""coupling"":1.0,""field_z"":0.3}",57,57.0,proportional,1.0,0.0005011872336272725,185.10000000000065,225,mpf-j-mizuta2026-theorem6-empirical-operator-norm,multiproduct,MPF J=Mizuta Theorem 6 (resolved per point) [empirical operator norm],empirical-operator-norm,,,9.0,18.0,mizuta2026-theorem6,6.300000000000004,0.0004510685102645453,,,,,,,,,,,,,,,,,,,,,,,,,,,,,,,,,,,,,,,,,,,,,,,,,,,,,0.0004510685102645453,,,,,,,,,,,,,,,,,,,,,,,,,,,,,,,,,,,,,,,,,,,0.1.0,3.11.9,2.5.0,b58b31db18364511c43757e27fffc7abce8df2c1,True,missing_empirical,UnsupportedEmpiricalCalibrationError,"no reviewed empirical operator-norm calibration for method=multiproduct, formal_order=18, model=heisenberg_chain, parameters={'coupling': 1.0, 'field_z': 0.3}, boundary=open, partition=None, schedule='new', formula='ordered-individual-pauli-strang-mpf-v1'"
1.0,heisenberg_chain:N057,-3.3,commutator,,9.0,66225.0,2.0,a8fa234e-a646-4911-8402-a67c302db4ae,2026-08-12T00:11:58.358108+00:00,c1ad72de628f71283ac69037e9bbe97c3e773952f5abde5eac91397ca322d1a6,resource-grid,heisenberg_chain,Heisenberg-57,"{""coupling"":1.0,""field_z"":0.3}",57,57.0,proportional,1.0,0.0005011872336272725,185.10000000000065,225,mpf-j-mizuta2026-theorem6-mizuta2026-commutator-ideal-rigorous,multiproduct,MPF J=Mizuta Theorem 6 (resolved per point) [Mizuta 2026 refined commutator],mizuta2026-commutator-ideal-rigorous,analytical,,9.0,18.0,mizuta2026-theorem6,6.300000000000004,0.0004510685102645453,66225.0,66225.0,,44622.0,"[""error""]",195.7078909377345,18.0,,,6.808071394990712e-09,3.740183317291158e-29,8.244572701584691e-43,3.740183317291075e-29,3.740183317291158e-29,6.8080713949907126e-09,0.0004510678497168871,1.3719981362396362e-05,False,0.0012774140010508766,"[1.0000000000000002,1.0000000000000002,1.0000000000000002,1.0000000000000002,1.0000000000000002,1.0000000000000002,1.0000000000000002,1.0000000000000002,1.0000000000000002,1.0000000000000002,1.0000000000000002,1.0000000000000002,1.0000000000000002,1.0000000000000002,1.0000000000000002,1.0000000000000002,1.0000000000000002,1.0000000000000002,1.0000000000000002,1.0000000000000002,1.0000000000000002,1.0000000000000002,1.0000000000000002,1.0000000000000002,1.0000000000000002,1.0000000000000002,1.0000000000000002,1.0000000000000002,1.0000000000000002,1.0000000000000002,1.0000000000000002,1.0000000000000002,1.0000000000000002,1.0000000000000002,1.0000000000000002,1.0000000000000002,1.0000000000000002,1.0000000000000002,1.0000000000000002,1.0000000000000002,1.0000000000000002,1.0000000000000002,1.0000000000000002,1.0000000000000002,1.0000000000000002,1.0000000000000002,1.0000000000000002,1.0000000000000002,1.0000000000000002,1.0000000000000002,1.0000000000000002,1.0000000000000002,1.0000000000000002,1.0000000000000002,1.0000000000000002,1.0000000000000002,1.0000000000000002,1.0000000000000002,1.0000000000000002,1.0000000000000002,1.0000000000000002,1.0000000000000002,1.0000000000000002,1.0000000000000002,1.0000000000000002,1.0000000000000002,1.0000000000000002,1.0000000000000002,1.0000000000000002,1.0000000000000002,1.0000000000000002,1.0000000000000002,1.0000000000000002,1.0000000000000002,1.0000000000000002,1.0000000000000002,1.0000000000000002,1.0000000000000002,1.0000000000000002,1.0000000000000002,1.0000000000000002,1.0000000000000002,1.0000000000000002,1.0000000000000002,1.0000000000000002,1.0000000000000002,1.0000000000000002,1.0000000000000002,1.0000000000000002,1.0000000000000002,1.0000000000000002,1.0000000000000002,1.0000000000000002,1.0000000000000002,1.0000000000000002,1.0000000000000002,1.0000000000000002,1.0000000000000002,1.0000000000000002,1.0000000000000002,1.0000000000000002,1.0000000000000002,1.0000000000000002,1.0000000000000002,1.0000000000000002,1.0000000000000002,1.0000000000000002,1.0000000000000002,1.0000000000000002,1.0000000000000002,1.0000000000000002,1.0000000000000002,1.0000000000000002,1.0000000000000002,1.0000000000000002,1.0000000000000002,1.0000000000000002,1.0000000000000002,1.0000000000000002,1.0000000000000002,1.0000000000000002,1.0000000000000002,1.0000000000000002,1.0000000000000002,1.0000000000000002,1.0000000000000002,1.0000000000000002,1.0000000000000002,1.0000000000000002,1.0000000000000002,1.0000000000000002,1.0000000000000002,1.0000000000000002,1.0000000000000002,1.0000000000000002,1.0000000000000002,1.0000000000000002,1.0000000000000002,1.0000000000000002,1.0000000000000002,1.0000000000000002,1.0000000000000002,1.0000000000000002,1.0000000000000002,1.0000000000000002,1.0000000000000002,1.0000000000000002,1.0000000000000002,1.0000000000000002,1.0000000000000002,1.0000000000000002,1.0000000000000002,1.0000000000000002,1.0000000000000002,1.0000000000000002,1.0000000000000002,1.0000000000000002,1.0000000000000002,1.0000000000000002,1.0000000000000002,1.0000000000000002,1.0000000000000002,1.0000000000000002,1.0000000000000002,1.0000000000000002,1.0000000000000002,1.0000000000000002,1.0000000000000002,1.0000000000000002,1.0000000000000002,1.0000000000000002,1.0000000000000002,1.0000000000000002,1.0000000000000002,1.0000000000000002,1.0000000000000002,1.0000000000000002,1.0000000000000002,1.0000000000000002,1.0000000000000002,1.0000000000000002,1.0000000000000002,1.0000000000000002,1.0000000000000002,1.0000000000000002,1.0000000000000002,1.0000000000000002,1.0000000000000002,1.0000000000000002,1.0000000000000002,1.0000000000000002,1.0000000000000002,1.0000000000000002,1.0000000000000002,1.0000000000000002,1.0000000000000002,1.0000000000000002,1.0000000000000002,1.0000000000000002,1.0000000000000002,1.0000000000000002,1.0000000000000002,1.0000000000000002,1.0000000000000002,1.0000000000000002,1.0000000000000002,1.0000000000000002,1.0000000000000002,1.0000000000000002,1.0000000000000002,1.0000000000000002,1.0000000000000002,1.0000000000000002,1.0000000000000002,1.0000000000000002,1.0000000000000002,1.0000000000000002,1.0000000000000002,1.0000000000000002,1.0000000000000002,1.0000000000000002,1.0000000000000002,1.0000000000000002,1.0000000000000002,1.0000000000000002]",6.300000000000007,3.0,True,exact commutator transition cap reached; locality bound used,not-used,commutator,mizuta2026-commutator-ideal-rigorous,[],15894000.0,,,,0.0004510678497168871,1.177115873142261e+50,mizuta2026-commutator-ideal-rigorous,"Mizuta, Quantum 10, 1974 (2026), arXiv:2507.06557v4","Theorem 4, Eqs. (47)--(49), with direct Lemmas 9--10 BCH remainder","{""error_predicate_satisfied"":1.0,""extensiveness_g"":6.300000000000004,""joint_predicate_satisfied"":1.0,""legacy_first_condition_passed"":0.0,""legacy_first_time_limit"":1.3719981362396362e-05,""local_commutator_error"":6.808071394990712e-09,""local_step_error"":6.8080713949907126e-09,""local_truncated_bch_error"":3.740183317291158e-29,""locality_k"":2.0,""mu_upper"":195.7078909377345,""refined_lemma10_remainder"":3.740183317291075e-29,""refined_lemma9_remainder"":8.244572701584691e-43,""refined_tail_fallback"":0.0,""repeated_global_error"":0.0004510678497168871,""schedule_weighted_extensiveness"":6.300000000000007,""second_time_limit"":0.0012774140010508766,""time_2_predicate_satisfied"":1.0,""total_branchwise_bch_remainder"":3.740183317291158e-29,""truncation_order_p0"":18.0}",True,ideal-mpf,True,ordered individual Pauli terms,"[""individual Pauli summands define the ordered H_gamma decomposition"",""the actual Strang factors define schedule-weighted g_alpha extensiveness"",""Lemma 9 and Lemma 10 positive majorants directly certify the BCH remainder"",""the scalar-flow/Cauchy refined tail certificate is used"",""Theorem 4 second time hypothesis is satisfied"",""the repeated ideal MPF is composed with the Eq. (15) telescoping argument""]","exact Pauli recurrence would require 307800 transitions at order 4, above cap 250000; remaining orders use Mizuta 2026 Eq. (8)",18.0,3.0,True,True,"{""2"":1588.800000000002,""3"":26021.760000000057,""4"":34480081.03680006,""5"":3475592168.5094457,""6"":437924613232.18976,""7"":66214201520707.76,""8"":1.1680185148252828e+16,""9"":2.354725325887758e+18,""10"":5.3405170391134274e+20,""11"":1.345810293856585e+23,""12"":3.7305861345704733e+25,""13"":1.1281292470941247e+28,""14"":3.6957514134803366e+30,""15"":1.303861098675863e+33,""16"":4.9285949529947805e+35,""17"":1.987209485047489e+38,""18"":8.513205433943494e+40}",repeated-shared-ancilla-good-block,True,False,0.0004510685102645453,new,"[1,2,3,4,5,6,8,14,37]","[1.967691252631999e-13,-3.445506091008736e-08,2.544222523112307e-05,-0.0016199636587070087,0.021324279661958864,-0.07100801545469856,0.14994672471728007,-0.4079534241993221,1.3092849911631212]",1.9611628755355768,0.03883712446442322,80.0,registered-exact,True,9.0,4.0,2.0,5.0,11.0,5.0,6.0,3.0,2.0,3.0,2.0,one robust OAA round per segment,66225.0,branch register all-zero,,64.0,14278772250.0,7615875.0,-1.0,2141846301000.0,24982228935.0,analytical-model,5.011872336272726e-05,,,,,,,,,,,,0.1.0,3.11.9,2.5.0,b58b31db18364511c43757e27fffc7abce8df2c1,True,ok,,
1.0,heisenberg_chain:N057,-3.4,commutator,588406.0,,,2.0,a8fa234e-a646-4911-8402-a67c302db4ae,2026-08-12T00:11:58.358108+00:00,c1ad72de628f71283ac69037e9bbe97c3e773952f5abde5eac91397ca322d1a6,resource-grid,heisenberg_chain,Heisenberg-57,"{""coupling"":1.0,""field_z"":0.3}",57,57.0,proportional,1.0,0.00039810717055349735,185.10000000000065,225,trotter-p2,trotter,Trotter p=2,analytical,analytical,2.0,,,,,,588406.0,,,,,,,,,,,,,,,,,,,,,,,,,,,,,,individual,225.0,0.0003582955877234493,669.839999999999,childs-commutator,"Childs, Su, Tran, Wiebe, and Zhu, arXiv:1912.08854",Propositions 9--10,"{""prefactor"":669.839999999999}",True,implemented-product-formula,True,,"[""the resolved ordered Hamiltonian groups match the implemented formula""]",,,,,,,implemented-product-formula,True,True,0.00035829645349814764,,,,,,,,,,,,,,,,,,,1.0,none,0.0,system register,1.0,57.0,264194294.0,0.0,-1.0,35402035396.0,394530146.0,analytical-model,3.9810717055349735e-05,,,,,,,,,,,,0.1.0,3.11.9,2.5.0,b58b31db18364511c43757e27fffc7abce8df2c1,True,ok,,
1.0,heisenberg_chain:N057,-3.4,empirical,179030.0,,,2.0,a8fa234e-a646-4911-8402-a67c302db4ae,2026-08-12T00:11:58.358108+00:00,c1ad72de628f71283ac69037e9bbe97c3e773952f5abde5eac91397ca322d1a6,resource-grid,heisenberg_chain,Heisenberg-57,"{""coupling"":1.0,""field_z"":0.3}",57,57.0,proportional,1.0,0.00039810717055349735,185.10000000000065,225,trotter-p2-empirical,trotter,Trotter p=2 [empirical],empirical-operator-norm,empirical,2.0,,,,,,179030.0,,,,,,,,,,,,,,,,,,,,,,,,,,,,,,individual,225.0,0.0003582939235038685,62.0106807611,empirical-operator-norm,Repository empirical operator-norm calibration study v1 (2026-08-10),reviewed calibration opnorm-v1-heisenberg-open-trotter-p2; artifact docs/calibration_data/empirical_1d_v1_accepted.json,"{""prefactor"":62.0106807611}",False,implemented-product-formula,False,,"[""the resolved ordered Hamiltonian groups match the implemented formula"",""the fixed formal-order powers in time and segments apply"",""the reviewed affine size calibration extrapolates as flagged""]",,,,,,,implemented-product-formula,False,False,0.00035829645349814764,,,,,,,,,,,,,,,,,,,1.0,none,0.0,system register,1.0,57.0,80384470.0,0.0,-1.0,10289212160.0,120040809.0,analytical-model,3.9810717055349735e-05,opnorm-v1-heisenberg-open-trotter-p2,heisenberg_chain,affine-aN-plus-b,62.0106807611,4.0,12.0,4.0,12.0,True,True,formula,0.1.0,3.11.9,2.5.0,b58b31db18364511c43757e27fffc7abce8df2c1,True,ok,,
1.0,heisenberg_chain:N057,-3.4,commutator,15938.0,,,2.0,a8fa234e-a646-4911-8402-a67c302db4ae,2026-08-12T00:11:58.358108+00:00,c1ad72de628f71283ac69037e9bbe97c3e773952f5abde5eac91397ca322d1a6,resource-grid,heisenberg_chain,Heisenberg-57,"{""coupling"":1.0,""field_z"":0.3}",57,57.0,proportional,1.0,0.00039810717055349735,185.10000000000065,225,trotter-p4,trotter,Trotter p=4,analytical,analytical,4.0,,,,,,15938.0,,,,,,,,,,,,,,,,,,,,,,,,,,,,,,commuting,3.0,0.00035829224630341464,38423.63263718384,schubert-mendl-commutator,"Schubert and Mendl, arXiv:2306.10603",Theorem 1,"{""prefactor"":38423.63263718384}",True,implemented-product-formula,True,,"[""the resolved ordered Hamiltonian groups match the implemented formula""]",,,,,,,implemented-product-formula,True,True,0.00035829645349814764,,,,,,,,,,,,,,,,,,,1.0,none,0.0,system register,1.0,57.0,31477550.0,0.0,-1.0,3903216200.0,47006475.0,analytical-model,3.9810717055349735e-05,,,,,,,,,,,,0.1.0,3.11.9,2.5.0,b58b31db18364511c43757e27fffc7abce8df2c1,True,ok,,
1.0,heisenberg_chain:N057,-3.4,empirical,2260.0,,,2.0,a8fa234e-a646-4911-8402-a67c302db4ae,2026-08-12T00:11:58.358108+00:00,c1ad72de628f71283ac69037e9bbe97c3e773952f5abde5eac91397ca322d1a6,resource-grid,heisenberg_chain,Heisenberg-57,"{""coupling"":1.0,""field_z"":0.3}",57,57.0,proportional,1.0,0.00039810717055349735,185.10000000000065,225,trotter-p4-empirical,trotter,Trotter p=4 [empirical],empirical-operator-norm,empirical,4.0,,,,,,2260.0,,,,,,,,,,,,,,,,,,,,,,,,,,,,,,commuting,3.0,0.00035799026199116713,15.521392859299997,empirical-operator-norm,Repository empirical operator-norm calibration study v1 (2026-08-10),reviewed calibration opnorm-v1-heisenberg-open-trotter-p4; artifact docs/calibration_data/empirical_1d_v1_accepted.json,"{""prefactor"":15.521392859299997}",False,implemented-product-formula,False,,"[""the resolved ordered Hamiltonian groups match the implemented formula"",""the fixed formal-order powers in time and segments apply"",""the reviewed affine size calibration extrapolates as flagged""]",,,,,,,implemented-product-formula,False,False,0.00035829645349814764,,,,,,,,,,,,,,,,,,,1.0,none,0.0,system register,1.0,57.0,4463500.0,0.0,-1.0,517766000.0,6665494.0,analytical-model,3.9810717055349735e-05,opnorm-v1-heisenberg-open-trotter-p4,heisenberg_chain,affine-aN-plus-b,15.521392859299997,4.0,12.0,4.0,12.0,True,True,formula,0.1.0,3.11.9,2.5.0,b58b31db18364511c43757e27fffc7abce8df2c1,True,ok,,
1.0,heisenberg_chain:N057,-3.4,commutator,6547.0,,,2.0,a8fa234e-a646-4911-8402-a67c302db4ae,2026-08-12T00:11:58.358108+00:00,c1ad72de628f71283ac69037e9bbe97c3e773952f5abde5eac91397ca322d1a6,resource-grid,heisenberg_chain,Heisenberg-57,"{""coupling"":1.0,""field_z"":0.3}",57,57.0,proportional,1.0,0.00039810717055349735,185.10000000000065,225,trotter-p6,trotter,Trotter p=6,analytical,analytical,6.0,,,,,,6547.0,,,,,,,,,,,,,,,,,,,,,,,,,,,,,,commuting,3.0,0.0003582730880357987,14432588.951672671,schubert-mendl-commutator,"Schubert and Mendl, arXiv:2306.10603",Theorem 1,"{""prefactor"":14432588.951672671}",True,implemented-product-formula,True,,"[""the resolved ordered Hamiltonian groups match the implemented formula""]",,,,,,,implemented-product-formula,True,True,0.00035829645349814764,,,,,,,,,,,,,,,,,,,1.0,none,0.0,system register,1.0,57.0,64651625.0,0.0,-1.0,8275408000.0,96546427.0,analytical-model,3.9810717055349735e-05,,,,,,,,,,,,0.1.0,3.11.9,2.5.0,b58b31db18364511c43757e27fffc7abce8df2c1,True,ok,,
1.0,heisenberg_chain:N057,-3.4,empirical,342.0,,,2.0,a8fa234e-a646-4911-8402-a67c302db4ae,2026-08-12T00:11:58.358108+00:00,c1ad72de628f71283ac69037e9bbe97c3e773952f5abde5eac91397ca322d1a6,resource-grid,heisenberg_chain,Heisenberg-57,"{""coupling"":1.0,""field_z"":0.3}",57,57.0,proportional,1.0,0.00039810717055349735,185.10000000000065,225,trotter-p6-empirical,trotter,Trotter p=6 [empirical],empirical-operator-norm,empirical,6.0,,,,,,342.0,,,,,,,,,,,,,,,,,,,,,,,,,,,,,,commuting,3.0,0.00027534962853652305,0.225380917,empirical-operator-norm,Repository empirical operator-norm calibration study v1 (2026-08-10),reviewed calibration opnorm-v1-heisenberg-open-trotter-p6; artifact docs/calibration_data/empirical_1d_v1_accepted.json,"{""prefactor"":0.225380917}",False,implemented-product-formula,False,,"[""the resolved ordered Hamiltonian groups match the implemented formula"",""the fixed formal-order powers in time and segments apply"",""the reviewed affine size calibration extrapolates as flagged""]",,,,,,,implemented-product-formula,False,False,0.00035829645349814764,,,,,,,,,,,,,,,,,,,1.0,none,0.0,system register,1.0,57.0,3377250.0,0.0,-1.0,388383750.0,5043360.0,analytical-model,3.9810717055349735e-05,opnorm-v1-heisenberg-open-trotter-p6,heisenberg_chain,affine-aN-plus-b,0.225380917,4.0,12.0,4.0,12.0,True,True,asymptotic-domain,0.1.0,3.11.9,2.5.0,b58b31db18364511c43757e27fffc7abce8df2c1,True,ok,,
1.0,heisenberg_chain:N057,-3.4,jacobi-anger,,,,2.0,a8fa234e-a646-4911-8402-a67c302db4ae,2026-08-12T00:11:58.358108+00:00,c1ad72de628f71283ac69037e9bbe97c3e773952f5abde5eac91397ca322d1a6,resource-grid,heisenberg_chain,Heisenberg-57,"{""coupling"":1.0,""field_z"":0.3}",57,57.0,proportional,1.0,0.00039810717055349735,185.10000000000065,225,qsvt,qsvt,QSVT,jacobi-anger-rigorous,analytical,,,,,,,,,,,,,,,,,,,,,,,,,,,,,,,,,,,86067.0,14345.0,,,9.358742241314264e-05,,jacobi-anger-polynomial-oaa,"Martyn et al., arXiv:2105.02859, Eqs. (76)--(77)",Jacobi--Anger tails plus exact cubic OAA identity,"{""oaa-unitarity-defect-distortion"":4.679535335547913e-05,""scaled-polynomial-error"":4.6792069057663513e-05}",True,ideal-qsvt-oaa-good-block,True,,"[""the cosine and sine polynomials are implemented exactly"",""the unamplified good block is exactly Q/2""]",,,,,,,implemented-qsvt-floating-phase-circuit,False,False,0.00035829645349814764,,,,,,,,,,,,,,,,,,,2.0,one robust OAA round,1.0,"component, quadrature, and index registers all-zero",,75.0,44066316.0,156469932.0,-1.0,6178235544.0,1016365959.0,analytical-model,3.9810717055349735e-05,,,,,,,,,,,,0.1.0,3.11.9,2.5.0,b58b31db18364511c43757e27fffc7abce8df2c1,True,ok,,
1.0,heisenberg_chain:N057,-3.4,empirical,,9.0,,2.0,a8fa234e-a646-4911-8402-a67c302db4ae,2026-08-12T00:11:58.358108+00:00,c1ad72de628f71283ac69037e9bbe97c3e773952f5abde5eac91397ca322d1a6,resource-grid,heisenberg_chain,Heisenberg-57,"{""coupling"":1.0,""field_z"":0.3}",57,57.0,proportional,1.0,0.00039810717055349735,185.10000000000065,225,mpf-j-mizuta2026-theorem6-empirical-operator-norm,multiproduct,MPF J=Mizuta Theorem 6 (resolved per point) [empirical operator norm],empirical-operator-norm,,,9.0,18.0,mizuta2026-theorem6,6.300000000000004,0.00035829645349814764,,,,,,,,,,,,,,,,,,,,,,,,,,,,,,,,,,,,,,,,,,,,,,,,,,,,,0.00035829645349814764,,,,,,,,,,,,,,,,,,,,,,,,,,,,,,,,,,,,,,,,,,,0.1.0,3.11.9,2.5.0,b58b31db18364511c43757e27fffc7abce8df2c1,True,missing_empirical,UnsupportedEmpiricalCalibrationError,"no reviewed empirical operator-norm calibration for method=multiproduct, formal_order=18, model=heisenberg_chain, parameters={'coupling': 1.0, 'field_z': 0.3}, boundary=open, partition=None, schedule='new', formula='ordered-individual-pauli-strang-mpf-v1'"
1.0,heisenberg_chain:N057,-3.4,commutator,,9.0,67078.0,2.0,a8fa234e-a646-4911-8402-a67c302db4ae,2026-08-12T00:11:58.358108+00:00,c1ad72de628f71283ac69037e9bbe97c3e773952f5abde5eac91397ca322d1a6,resource-grid,heisenberg_chain,Heisenberg-57,"{""coupling"":1.0,""field_z"":0.3}",57,57.0,proportional,1.0,0.00039810717055349735,185.10000000000065,225,mpf-j-mizuta2026-theorem6-mizuta2026-commutator-ideal-rigorous,multiproduct,MPF J=Mizuta Theorem 6 (resolved per point) [Mizuta 2026 refined commutator],mizuta2026-commutator-ideal-rigorous,analytical,,9.0,18.0,mizuta2026-theorem6,6.300000000000004,0.00035829645349814764,67078.0,67078.0,,44622.0,"[""error""]",195.7078909377345,18.0,,,5.33850280584127e-09,2.929011618916418e-29,6.4635699021398435e-43,2.929011618916353e-29,2.929011618916418e-29,5.338502805841271e-09,0.0003582243450706116,1.3719981362396362e-05,False,0.0012774140010508766,"[1.0000000000000002,1.0000000000000002,1.0000000000000002,1.0000000000000002,1.0000000000000002,1.0000000000000002,1.0000000000000002,1.0000000000000002,1.0000000000000002,1.0000000000000002,1.0000000000000002,1.0000000000000002,1.0000000000000002,1.0000000000000002,1.0000000000000002,1.0000000000000002,1.0000000000000002,1.0000000000000002,1.0000000000000002,1.0000000000000002,1.0000000000000002,1.0000000000000002,1.0000000000000002,1.0000000000000002,1.0000000000000002,1.0000000000000002,1.0000000000000002,1.0000000000000002,1.0000000000000002,1.0000000000000002,1.0000000000000002,1.0000000000000002,1.0000000000000002,1.0000000000000002,1.0000000000000002,1.0000000000000002,1.0000000000000002,1.0000000000000002,1.0000000000000002,1.0000000000000002,1.0000000000000002,1.0000000000000002,1.0000000000000002,1.0000000000000002,1.0000000000000002,1.0000000000000002,1.0000000000000002,1.0000000000000002,1.0000000000000002,1.0000000000000002,1.0000000000000002,1.0000000000000002,1.0000000000000002,1.0000000000000002,1.0000000000000002,1.0000000000000002,1.0000000000000002,1.0000000000000002,1.0000000000000002,1.0000000000000002,1.0000000000000002,1.0000000000000002,1.0000000000000002,1.0000000000000002,1.0000000000000002,1.0000000000000002,1.0000000000000002,1.0000000000000002,1.0000000000000002,1.0000000000000002,1.0000000000000002,1.0000000000000002,1.0000000000000002,1.0000000000000002,1.0000000000000002,1.0000000000000002,1.0000000000000002,1.0000000000000002,1.0000000000000002,1.0000000000000002,1.0000000000000002,1.0000000000000002,1.0000000000000002,1.0000000000000002,1.0000000000000002,1.0000000000000002,1.0000000000000002,1.0000000000000002,1.0000000000000002,1.0000000000000002,1.0000000000000002,1.0000000000000002,1.0000000000000002,1.0000000000000002,1.0000000000000002,1.0000000000000002,1.0000000000000002,1.0000000000000002,1.0000000000000002,1.0000000000000002,1.0000000000000002,1.0000000000000002,1.0000000000000002,1.0000000000000002,1.0000000000000002,1.0000000000000002,1.0000000000000002,1.0000000000000002,1.0000000000000002,1.0000000000000002,1.0000000000000002,1.0000000000000002,1.0000000000000002,1.0000000000000002,1.0000000000000002,1.0000000000000002,1.0000000000000002,1.0000000000000002,1.0000000000000002,1.0000000000000002,1.0000000000000002,1.0000000000000002,1.0000000000000002,1.0000000000000002,1.0000000000000002,1.0000000000000002,1.0000000000000002,1.0000000000000002,1.0000000000000002,1.0000000000000002,1.0000000000000002,1.0000000000000002,1.0000000000000002,1.0000000000000002,1.0000000000000002,1.0000000000000002,1.0000000000000002,1.0000000000000002,1.0000000000000002,1.0000000000000002,1.0000000000000002,1.0000000000000002,1.0000000000000002,1.0000000000000002,1.0000000000000002,1.0000000000000002,1.0000000000000002,1.0000000000000002,1.0000000000000002,1.0000000000000002,1.0000000000000002,1.0000000000000002,1.0000000000000002,1.0000000000000002,1.0000000000000002,1.0000000000000002,1.0000000000000002,1.0000000000000002,1.0000000000000002,1.0000000000000002,1.0000000000000002,1.0000000000000002,1.0000000000000002,1.0000000000000002,1.0000000000000002,1.0000000000000002,1.0000000000000002,1.0000000000000002,1.0000000000000002,1.0000000000000002,1.0000000000000002,1.0000000000000002,1.0000000000000002,1.0000000000000002,1.0000000000000002,1.0000000000000002,1.0000000000000002,1.0000000000000002,1.0000000000000002,1.0000000000000002,1.0000000000000002,1.0000000000000002,1.0000000000000002,1.0000000000000002,1.0000000000000002,1.0000000000000002,1.0000000000000002,1.0000000000000002,1.0000000000000002,1.0000000000000002,1.0000000000000002,1.0000000000000002,1.0000000000000002,1.0000000000000002,1.0000000000000002,1.0000000000000002,1.0000000000000002,1.0000000000000002,1.0000000000000002,1.0000000000000002,1.0000000000000002,1.0000000000000002,1.0000000000000002,1.0000000000000002,1.0000000000000002,1.0000000000000002,1.0000000000000002,1.0000000000000002,1.0000000000000002,1.0000000000000002,1.0000000000000002,1.0000000000000002,1.0000000000000002,1.0000000000000002,1.0000000000000002,1.0000000000000002,1.0000000000000002,1.0000000000000002,1.0000000000000002,1.0000000000000002,1.0000000000000002,1.0000000000000002,1.0000000000000002,1.0000000000000002,1.0000000000000002]",6.300000000000007,3.0,True,exact commutator transition cap reached; locality bound used,not-used,commutator,mizuta2026-commutator-ideal-rigorous,[],16098720.0,,,,0.0003582243450706116,1.177115873142261e+50,mizuta2026-commutator-ideal-rigorous,"Mizuta, Quantum 10, 1974 (2026), arXiv:2507.06557v4","Theorem 4, Eqs. (47)--(49), with direct Lemmas 9--10 BCH remainder","{""error_predicate_satisfied"":1.0,""extensiveness_g"":6.300000000000004,""joint_predicate_satisfied"":1.0,""legacy_first_condition_passed"":0.0,""legacy_first_time_limit"":1.3719981362396362e-05,""local_commutator_error"":5.33850280584127e-09,""local_step_error"":5.338502805841271e-09,""local_truncated_bch_error"":2.929011618916418e-29,""locality_k"":2.0,""mu_upper"":195.7078909377345,""refined_lemma10_remainder"":2.929011618916353e-29,""refined_lemma9_remainder"":6.4635699021398435e-43,""refined_tail_fallback"":0.0,""repeated_global_error"":0.0003582243450706116,""schedule_weighted_extensiveness"":6.300000000000007,""second_time_limit"":0.0012774140010508766,""time_2_predicate_satisfied"":1.0,""total_branchwise_bch_remainder"":2.929011618916418e-29,""truncation_order_p0"":18.0}",True,ideal-mpf,True,ordered individual Pauli terms,"[""individual Pauli summands define the ordered H_gamma decomposition"",""the actual Strang factors define schedule-weighted g_alpha extensiveness"",""Lemma 9 and Lemma 10 positive majorants directly certify the BCH remainder"",""the scalar-flow/Cauchy refined tail certificate is used"",""Theorem 4 second time hypothesis is satisfied"",""the repeated ideal MPF is composed with the Eq. (15) telescoping argument""]","exact Pauli recurrence would require 307800 transitions at order 4, above cap 250000; remaining orders use Mizuta 2026 Eq. (8)",18.0,3.0,True,True,"{""2"":1588.800000000002,""3"":26021.760000000057,""4"":34480081.03680006,""5"":3475592168.5094457,""6"":437924613232.18976,""7"":66214201520707.76,""8"":1.1680185148252828e+16,""9"":2.354725325887758e+18,""10"":5.3405170391134274e+20,""11"":1.345810293856585e+23,""12"":3.7305861345704733e+25,""13"":1.1281292470941247e+28,""14"":3.6957514134803366e+30,""15"":1.303861098675863e+33,""16"":4.9285949529947805e+35,""17"":1.987209485047489e+38,""18"":8.513205433943494e+40}",repeated-shared-ancilla-good-block,True,False,0.00035829645349814764,new,"[1,2,3,4,5,6,8,14,37]","[1.967691252631999e-13,-3.445506091008736e-08,2.544222523112307e-05,-0.0016199636587070087,0.021324279661958864,-0.07100801545469856,0.14994672471728007,-0.4079534241993221,1.3092849911631212]",1.9611628755355768,0.03883712446442322,80.0,registered-exact,True,9.0,4.0,2.0,5.0,11.0,5.0,6.0,3.0,2.0,3.0,2.0,one robust OAA round per segment,67078.0,branch register all-zero,,64.0,14462687580.0,7713970.0,-1.0,2183896680460.0,25304008343.0,analytical-model,3.9810717055349735e-05,,,,,,,,,,,,0.1.0,3.11.9,2.5.0,b58b31db18364511c43757e27fffc7abce8df2c1,True,ok,,
1.0,heisenberg_chain:N057,-3.5,commutator,660202.0,,,2.0,a8fa234e-a646-4911-8402-a67c302db4ae,2026-08-12T00:11:58.358108+00:00,c1ad72de628f71283ac69037e9bbe97c3e773952f5abde5eac91397ca322d1a6,resource-grid,heisenberg_chain,Heisenberg-57,"{""coupling"":1.0,""field_z"":0.3}",57,57.0,proportional,1.0,0.00031622776601683794,185.10000000000065,225,trotter-p2,trotter,Trotter p=2,analytical,analytical,2.0,,,,,,660202.0,,,,,,,,,,,,,,,,,,,,,,,,,,,,,,individual,225.0,0.0002846046384898651,669.839999999999,childs-commutator,"Childs, Su, Tran, Wiebe, and Zhu, arXiv:1912.08854",Propositions 9--10,"{""prefactor"":669.839999999999}",True,implemented-product-formula,True,,"[""the resolved ordered Hamiltonian groups match the implemented formula""]",,,,,,,implemented-product-formula,True,True,0.0002846049894151542,,,,,,,,,,,,,,,,,,,1.0,none,0.0,system register,1.0,57.0,296430698.0,0.0,-1.0,40018144230.0,442669843.0,analytical-model,3.1622776601683795e-05,,,,,,,,,,,,0.1.0,3.11.9,2.5.0,b58b31db18364511c43757e27fffc7abce8df2c1,True,ok,,
1.0,heisenberg_chain:N057,-3.5,empirical,200875.0,,,2.0,a8fa234e-a646-4911-8402-a67c302db4ae,2026-08-12T00:11:58.358108+00:00,c1ad72de628f71283ac69037e9bbe97c3e773952f5abde5eac91397ca322d1a6,resource-grid,heisenberg_chain,Heisenberg-57,"{""coupling"":1.0,""field_z"":0.3}",57,57.0,proportional,1.0,0.00031622776601683794,185.10000000000065,225,trotter-p2-empirical,trotter,Trotter p=2 [empirical],empirical-operator-norm,empirical,2.0,,,,,,200875.0,,,,,,,,,,,,,,,,,,,,,,,,,,,,,,individual,225.0,0.0002846028774005552,62.0106807611,empirical-operator-norm,Repository empirical operator-norm calibration study v1 (2026-08-10),reviewed calibration opnorm-v1-heisenberg-open-trotter-p2; artifact docs/calibration_data/empirical_1d_v1_accepted.json,"{""prefactor"":62.0106807611}",False,implemented-product-formula,False,,"[""the resolved ordered Hamiltonian groups match the implemented formula"",""the fixed formal-order powers in time and segments apply"",""the reviewed affine size calibration extrapolates as flagged""]",,,,,,,implemented-product-formula,False,False,0.0002846049894151542,,,,,,,,,,,,,,,,,,,1.0,none,0.0,system register,1.0,57.0,90192875.0,0.0,-1.0,11725073750.0,134688027.0,analytical-model,3.1622776601683795e-05,opnorm-v1-heisenberg-open-trotter-p2,heisenberg_chain,affine-aN-plus-b,62.0106807611,4.0,12.0,4.0,12.0,True,True,formula,0.1.0,3.11.9,2.5.0,b58b31db18364511c43757e27fffc7abce8df2c1,True,ok,,
1.0,heisenberg_chain:N057,-3.5,commutator,16883.0,,,2.0,a8fa234e-a646-4911-8402-a67c302db4ae,2026-08-12T00:11:58.358108+00:00,c1ad72de628f71283ac69037e9bbe97c3e773952f5abde5eac91397ca322d1a6,resource-grid,heisenberg_chain,Heisenberg-57,"{""coupling"":1.0,""field_z"":0.3}",57,57.0,proportional,1.0,0.00031622776601683794,185.10000000000065,225,trotter-p4,trotter,Trotter p=4,analytical,analytical,4.0,,,,,,16883.0,,,,,,,,,,,,,,,,,,,,,,,,,,,,,,commuting,3.0,0.0002845602396344739,38423.63263718384,schubert-mendl-commutator,"Schubert and Mendl, arXiv:2306.10603",Theorem 1,"{""prefactor"":38423.63263718384}",True,implemented-product-formula,True,,"[""the resolved ordered Hamiltonian groups match the implemented formula""]",,,,,,,implemented-product-formula,True,True,0.0002846049894151542,,,,,,,,,,,,,,,,,,,1.0,none,0.0,system register,1.0,57.0,33343925.0,0.0,-1.0,4201334550.0,49793595.0,analytical-model,3.1622776601683795e-05,,,,,,,,,,,,0.1.0,3.11.9,2.5.0,b58b31db18364511c43757e27fffc7abce8df2c1,True,ok,,
1.0,heisenberg_chain:N057,-3.5,empirical,2394.0,,,2.0,a8fa234e-a646-4911-8402-a67c302db4ae,2026-08-12T00:11:58.358108+00:00,c1ad72de628f71283ac69037e9bbe97c3e773952f5abde5eac91397ca322d1a6,resource-grid,heisenberg_chain,Heisenberg-57,"{""coupling"":1.0,""field_z"":0.3}",57,57.0,proportional,1.0,0.00031622776601683794,185.10000000000065,225,trotter-p4-empirical,trotter,Trotter p=4 [empirical],empirical-operator-norm,empirical,4.0,,,,,,2394.0,,,,,,,,,,,,,,,,,,,,,,,,,,,,,,commuting,3.0,0.00028432063832074247,15.521392859299997,empirical-operator-norm,Repository empirical operator-norm calibration study v1 (2026-08-10),reviewed calibration opnorm-v1-heisenberg-open-trotter-p4; artifact docs/calibration_data/empirical_1d_v1_accepted.json,"{""prefactor"":15.521392859299997}",False,implemented-product-formula,False,,"[""the resolved ordered Hamiltonian groups match the implemented formula"",""the fixed formal-order powers in time and segments apply"",""the reviewed affine size calibration extrapolates as flagged""]",,,,,,,implemented-product-formula,False,False,0.0002846049894151542,,,,,,,,,,,,,,,,,,,1.0,none,0.0,system register,1.0,57.0,4728150.0,0.0,-1.0,553193550.0,7060704.0,analytical-model,3.1622776601683795e-05,opnorm-v1-heisenberg-open-trotter-p4,heisenberg_chain,affine-aN-plus-b,15.521392859299997,4.0,12.0,4.0,12.0,True,True,formula,0.1.0,3.11.9,2.5.0,b58b31db18364511c43757e27fffc7abce8df2c1,True,ok,,
1.0,heisenberg_chain:N057,-3.5,commutator,6804.0,,,2.0,a8fa234e-a646-4911-8402-a67c302db4ae,2026-08-12T00:11:58.358108+00:00,c1ad72de628f71283ac69037e9bbe97c3e773952f5abde5eac91397ca322d1a6,resource-grid,heisenberg_chain,Heisenberg-57,"{""coupling"":1.0,""field_z"":0.3}",57,57.0,proportional,1.0,0.00031622776601683794,185.10000000000065,225,trotter-p6,trotter,Trotter p=6,analytical,analytical,6.0,,,,,,6804.0,,,,,,,,,,,,,,,,,,,,,,,,,,,,,,commuting,3.0,0.0002843690996194837,14432588.951672671,schubert-mendl-commutator,"Schubert and Mendl, arXiv:2306.10603",Theorem 1,"{""prefactor"":14432588.951672671}",True,implemented-product-formula,True,,"[""the resolved ordered Hamiltonian groups match the implemented formula""]",,,,,,,implemented-product-formula,True,True,0.0002846049894151542,,,,,,,,,,,,,,,,,,,1.0,none,0.0,system register,1.0,57.0,67189500.0,0.0,-1.0,8667445500.0,100336320.0,analytical-model,3.1622776601683795e-05,,,,,,,,,,,,0.1.0,3.11.9,2.5.0,b58b31db18364511c43757e27fffc7abce8df2c1,True,ok,,
1.0,heisenberg_chain:N057,-3.5,empirical,342.0,,,2.0,a8fa234e-a646-4911-8402-a67c302db4ae,2026-08-12T00:11:58.358108+00:00,c1ad72de628f71283ac69037e9bbe97c3e773952f5abde5eac91397ca322d1a6,resource-grid,heisenberg_chain,Heisenberg-57,"{""coupling"":1.0,""field_z"":0.3}",57,57.0,proportional,1.0,0.00031622776601683794,185.10000000000065,225,trotter-p6-empirical,trotter,Trotter p=6 [empirical],empirical-operator-norm,empirical,6.0,,,,,,342.0,,,,,,,,,,,,,,,,,,,,,,,,,,,,,,commuting,3.0,0.00027534962853652305,0.225380917,empirical-operator-norm,Repository empirical operator-norm calibration study v1 (2026-08-10),reviewed calibration opnorm-v1-heisenberg-open-trotter-p6; artifact docs/calibration_data/empirical_1d_v1_accepted.json,"{""prefactor"":0.225380917}",False,implemented-product-formula,False,,"[""the resolved ordered Hamiltonian groups match the implemented formula"",""the fixed formal-order powers in time and segments apply"",""the reviewed affine size calibration extrapolates as flagged""]",,,,,,,implemented-product-formula,False,False,0.0002846049894151542,,,,,,,,,,,,,,,,,,,1.0,none,0.0,system register,1.0,57.0,3377250.0,0.0,-1.0,391761000.0,5043360.0,analytical-model,3.1622776601683795e-05,opnorm-v1-heisenberg-open-trotter-p6,heisenberg_chain,affine-aN-plus-b,0.225380917,4.0,12.0,4.0,12.0,True,True,asymptotic-domain,0.1.0,3.11.9,2.5.0,b58b31db18364511c43757e27fffc7abce8df2c1,True,ok,,
1.0,heisenberg_chain:N057,-3.5,jacobi-anger,,,,2.0,a8fa234e-a646-4911-8402-a67c302db4ae,2026-08-12T00:11:58.358108+00:00,c1ad72de628f71283ac69037e9bbe97c3e773952f5abde5eac91397ca322d1a6,resource-grid,heisenberg_chain,Heisenberg-57,"{""coupling"":1.0,""field_z"":0.3}",57,57.0,proportional,1.0,0.00031622776601683794,185.10000000000065,225,qsvt,qsvt,QSVT,jacobi-anger-rigorous,analytical,,,,,,,,,,,,,,,,,,,,,,,,,,,,,,,,,,,86079.0,14347.0,,,3.889282242820936e-05,,jacobi-anger-polynomial-oaa,"Martyn et al., arXiv:2105.02859, Eqs. (76)--(77)",Jacobi--Anger tails plus exact cubic OAA identity,"{""oaa-unitarity-defect-distortion"":1.944669482985201e-05,""scaled-polynomial-error"":1.9446127598357353e-05}",True,ideal-qsvt-oaa-good-block,True,,"[""the cosine and sine polynomials are implemented exactly"",""the unamplified good block is exactly Q/2""]",,,,,,,implemented-qsvt-floating-phase-circuit,False,False,0.0002846049894151542,,,,,,,,,,,,,,,,,,,2.0,one robust OAA round,1.0,"component, quadrature, and index registers all-zero",,75.0,44072460.0,156491748.0,-1.0,6223169412.0,1016507667.0,analytical-model,3.1622776601683795e-05,,,,,,,,,,,,0.1.0,3.11.9,2.5.0,b58b31db18364511c43757e27fffc7abce8df2c1,True,ok,,
1.0,heisenberg_chain:N057,-3.5,empirical,,10.0,,2.0,a8fa234e-a646-4911-8402-a67c302db4ae,2026-08-12T00:11:58.358108+00:00,c1ad72de628f71283ac69037e9bbe97c3e773952f5abde5eac91397ca322d1a6,resource-grid,heisenberg_chain,Heisenberg-57,"{""coupling"":1.0,""field_z"":0.3}",57,57.0,proportional,1.0,0.00031622776601683794,185.10000000000065,225,mpf-j-mizuta2026-theorem6-empirical-operator-norm,multiproduct,MPF J=Mizuta Theorem 6 (resolved per point) [empirical operator norm],empirical-operator-norm,,,10.0,20.0,mizuta2026-theorem6,6.300000000000004,0.0002846049894151542,,,,,,,,,,,,,,,,,,,,,,,,,,,,,,,,,,,,,,,,,,,,,,,,,,,,,0.0002846049894151542,,,,,,,,,,,,,,,,,,,,,,,,,,,,,,,,,,,,,,,,,,,0.1.0,3.11.9,2.5.0,b58b31db18364511c43757e27fffc7abce8df2c1,True,missing_empirical,UnsupportedEmpiricalCalibrationError,"no reviewed empirical operator-norm calibration for method=multiproduct, formal_order=20, model=heisenberg_chain, parameters={'coupling': 1.0, 'field_z': 0.3}, boundary=open, partition=None, schedule='new', formula='ordered-individual-pauli-strang-mpf-v1'"
1.0,heisenberg_chain:N057,-3.5,commutator,,10.0,66389.0,2.0,a8fa234e-a646-4911-8402-a67c302db4ae,2026-08-12T00:11:58.358108+00:00,c1ad72de628f71283ac69037e9bbe97c3e773952f5abde5eac91397ca322d1a6,resource-grid,heisenberg_chain,Heisenberg-57,"{""coupling"":1.0,""field_z"":0.3}",57,57.0,proportional,1.0,0.00031622776601683794,185.10000000000065,225,mpf-j-mizuta2026-theorem6-mizuta2026-commutator-ideal-rigorous,multiproduct,MPF J=Mizuta Theorem 6 (resolved per point) [Mizuta 2026 refined commutator],mizuta2026-commutator-ideal-rigorous,analytical,,10.0,20.0,mizuta2026-theorem6,6.300000000000004,0.0002846049894151542,66389.0,66389.0,,48535.0,"[""error""]",212.8718604247946,20.0,,,4.285210404562301e-09,3.0812469563512953e-32,2.3450506119557693e-48,3.081246956351295e-32,3.0812469563512953e-32,4.2852104045623015e-09,0.0002845717788769661,1.2347983226156727e-05,False,0.0011744154417644244,"[1.0000000000000002,1.0000000000000002,1.0000000000000002,1.0000000000000002,1.0000000000000002,1.0000000000000002,1.0000000000000002,1.0000000000000002,1.0000000000000002,1.0000000000000002,1.0000000000000002,1.0000000000000002,1.0000000000000002,1.0000000000000002,1.0000000000000002,1.0000000000000002,1.0000000000000002,1.0000000000000002,1.0000000000000002,1.0000000000000002,1.0000000000000002,1.0000000000000002,1.0000000000000002,1.0000000000000002,1.0000000000000002,1.0000000000000002,1.0000000000000002,1.0000000000000002,1.0000000000000002,1.0000000000000002,1.0000000000000002,1.0000000000000002,1.0000000000000002,1.0000000000000002,1.0000000000000002,1.0000000000000002,1.0000000000000002,1.0000000000000002,1.0000000000000002,1.0000000000000002,1.0000000000000002,1.0000000000000002,1.0000000000000002,1.0000000000000002,1.0000000000000002,1.0000000000000002,1.0000000000000002,1.0000000000000002,1.0000000000000002,1.0000000000000002,1.0000000000000002,1.0000000000000002,1.0000000000000002,1.0000000000000002,1.0000000000000002,1.0000000000000002,1.0000000000000002,1.0000000000000002,1.0000000000000002,1.0000000000000002,1.0000000000000002,1.0000000000000002,1.0000000000000002,1.0000000000000002,1.0000000000000002,1.0000000000000002,1.0000000000000002,1.0000000000000002,1.0000000000000002,1.0000000000000002,1.0000000000000002,1.0000000000000002,1.0000000000000002,1.0000000000000002,1.0000000000000002,1.0000000000000002,1.0000000000000002,1.0000000000000002,1.0000000000000002,1.0000000000000002,1.0000000000000002,1.0000000000000002,1.0000000000000002,1.0000000000000002,1.0000000000000002,1.0000000000000002,1.0000000000000002,1.0000000000000002,1.0000000000000002,1.0000000000000002,1.0000000000000002,1.0000000000000002,1.0000000000000002,1.0000000000000002,1.0000000000000002,1.0000000000000002,1.0000000000000002,1.0000000000000002,1.0000000000000002,1.0000000000000002,1.0000000000000002,1.0000000000000002,1.0000000000000002,1.0000000000000002,1.0000000000000002,1.0000000000000002,1.0000000000000002,1.0000000000000002,1.0000000000000002,1.0000000000000002,1.0000000000000002,1.0000000000000002,1.0000000000000002,1.0000000000000002,1.0000000000000002,1.0000000000000002,1.0000000000000002,1.0000000000000002,1.0000000000000002,1.0000000000000002,1.0000000000000002,1.0000000000000002,1.0000000000000002,1.0000000000000002,1.0000000000000002,1.0000000000000002,1.0000000000000002,1.0000000000000002,1.0000000000000002,1.0000000000000002,1.0000000000000002,1.0000000000000002,1.0000000000000002,1.0000000000000002,1.0000000000000002,1.0000000000000002,1.0000000000000002,1.0000000000000002,1.0000000000000002,1.0000000000000002,1.0000000000000002,1.0000000000000002,1.0000000000000002,1.0000000000000002,1.0000000000000002,1.0000000000000002,1.0000000000000002,1.0000000000000002,1.0000000000000002,1.0000000000000002,1.0000000000000002,1.0000000000000002,1.0000000000000002,1.0000000000000002,1.0000000000000002,1.0000000000000002,1.0000000000000002,1.0000000000000002,1.0000000000000002,1.0000000000000002,1.0000000000000002,1.0000000000000002,1.0000000000000002,1.0000000000000002,1.0000000000000002,1.0000000000000002,1.0000000000000002,1.0000000000000002,1.0000000000000002,1.0000000000000002,1.0000000000000002,1.0000000000000002,1.0000000000000002,1.0000000000000002,1.0000000000000002,1.0000000000000002,1.0000000000000002,1.0000000000000002,1.0000000000000002,1.0000000000000002,1.0000000000000002,1.0000000000000002,1.0000000000000002,1.0000000000000002,1.0000000000000002,1.0000000000000002,1.0000000000000002,1.0000000000000002,1.0000000000000002,1.0000000000000002,1.0000000000000002,1.0000000000000002,1.0000000000000002,1.0000000000000002,1.0000000000000002,1.0000000000000002,1.0000000000000002,1.0000000000000002,1.0000000000000002,1.0000000000000002,1.0000000000000002,1.0000000000000002,1.0000000000000002,1.0000000000000002,1.0000000000000002,1.0000000000000002,1.0000000000000002,1.0000000000000002,1.0000000000000002,1.0000000000000002,1.0000000000000002,1.0000000000000002,1.0000000000000002,1.0000000000000002,1.0000000000000002,1.0000000000000002,1.0000000000000002,1.0000000000000002,1.0000000000000002,1.0000000000000002,1.0000000000000002,1.0000000000000002,1.0000000000000002,1.0000000000000002,1.0000000000000002]",6.300000000000007,3.0,True,exact commutator transition cap reached; locality bound used,not-used,commutator,mizuta2026-commutator-ideal-rigorous,[],20315034.0,,,,0.0002845717788769661,1.0534619387045217e+56,mizuta2026-commutator-ideal-rigorous,"Mizuta, Quantum 10, 1974 (2026), arXiv:2507.06557v4","Theorem 4, Eqs. (47)--(49), with direct Lemmas 9--10 BCH remainder","{""error_predicate_satisfied"":1.0,""extensiveness_g"":6.300000000000004,""joint_predicate_satisfied"":1.0,""legacy_first_condition_passed"":0.0,""legacy_first_time_limit"":1.2347983226156727e-05,""local_commutator_error"":4.285210404562301e-09,""local_step_error"":4.2852104045623015e-09,""local_truncated_bch_error"":3.0812469563512953e-32,""locality_k"":2.0,""mu_upper"":212.8718604247946,""refined_lemma10_remainder"":3.081246956351295e-32,""refined_lemma9_remainder"":2.3450506119557693e-48,""refined_tail_fallback"":0.0,""repeated_global_error"":0.0002845717788769661,""schedule_weighted_extensiveness"":6.300000000000007,""second_time_limit"":0.0011744154417644244,""time_2_predicate_satisfied"":1.0,""total_branchwise_bch_remainder"":3.0812469563512953e-32,""truncation_order_p0"":20.0}",True,ideal-mpf,True,ordered individual Pauli terms,"[""individual Pauli summands define the ordered H_gamma decomposition"",""the actual Strang factors define schedule-weighted g_alpha extensiveness"",""Lemma 9 and Lemma 10 positive majorants directly certify the BCH remainder"",""the scalar-flow/Cauchy refined tail certificate is used"",""Theorem 4 second time hypothesis is satisfied"",""the repeated ideal MPF is composed with the Eq. (15) telescoping argument""]","exact Pauli recurrence would require 307800 transitions at order 4, above cap 250000; remaining orders use Mizuta 2026 Eq. (8)",20.0,3.0,True,True,"{""2"":1588.800000000002,""3"":26021.760000000057,""4"":34480081.03680006,""5"":3475592168.5094457,""6"":437924613232.18976,""7"":66214201520707.76,""8"":1.1680185148252828e+16,""9"":2.354725325887758e+18,""10"":5.3405170391134274e+20,""11"":1.345810293856585e+23,""12"":3.7305861345704733e+25,""13"":1.1281292470941247e+28,""14"":3.6957514134803366e+30,""15"":1.303861098675863e+33,""16"":4.9285949529947805e+35,""17"":1.987209485047489e+38,""18"":8.513205433943494e+40,""19"":3.861589984836771e+43,""20"":1.8489292847398422e+46}",repeated-shared-ancilla-good-block,True,False,0.0002846049894151542,new,"[1,2,3,4,5,6,7,10,18,46]","[-1.018659142049789e-15,7.422846929019768e-10,-1.3257582359573536e-06,0.00016899488366474386,-0.004245967231050632,0.03062942826404365,-0.06314501886386865,0.12451536167559175,-0.4127707622244733,1.3248492885120446]",1.960326148155259,0.03967385184474104,102.0,registered-exact,True,10.0,5.0,2.0,6.0,12.0,4.0,6.0,3.0,2.0,3.0,2.0,one robust OAA round per segment,66389.0,branch register all-zero,,64.0,18248875542.0,8630570.0,-1.0,2792112480206.0,31922954139.0,analytical-model,3.1622776601683795e-05,,,,,,,,,,,,0.1.0,3.11.9,2.5.0,b58b31db18364511c43757e27fffc7abce8df2c1,True,ok,,
1.0,heisenberg_chain:N057,-3.6,commutator,740759.0,,,2.0,a8fa234e-a646-4911-8402-a67c302db4ae,2026-08-12T00:11:58.358108+00:00,c1ad72de628f71283ac69037e9bbe97c3e773952f5abde5eac91397ca322d1a6,resource-grid,heisenberg_chain,Heisenberg-57,"{""coupling"":1.0,""field_z"":0.3}",57,57.0,proportional,1.0,0.00025118864315095795,185.10000000000065,225,trotter-p2,trotter,Trotter p=2,analytical,analytical,2.0,,,,,,740759.0,,,,,,,,,,,,,,,,,,,,,,,,,,,,,,individual,225.0,0.00022606939483766933,669.839999999999,childs-commutator,"Childs, Su, Tran, Wiebe, and Zhu, arXiv:1912.08854",Propositions 9--10,"{""prefactor"":669.839999999999}",True,implemented-product-formula,True,,"[""the resolved ordered Hamiltonian groups match the implemented formula""]",,,,,,,implemented-product-formula,True,True,0.00022606977883586217,,,,,,,,,,,,,,,,,,,1.0,none,0.0,system register,1.0,57.0,332600791.0,0.0,-1.0,45566308367.0,496683848.0,analytical-model,2.5118864315095798e-05,,,,,,,,,,,,0.1.0,3.11.9,2.5.0,b58b31db18364511c43757e27fffc7abce8df2c1,True,ok,,
1.0,heisenberg_chain:N057,-3.6,empirical,225385.0,,,2.0,a8fa234e-a646-4911-8402-a67c302db4ae,2026-08-12T00:11:58.358108+00:00,c1ad72de628f71283ac69037e9bbe97c3e773952f5abde5eac91397ca322d1a6,resource-grid,heisenberg_chain,Heisenberg-57,"{""coupling"":1.0,""field_z"":0.3}",57,57.0,proportional,1.0,0.00025118864315095795,185.10000000000065,225,trotter-p2-empirical,trotter,Trotter p=2 [empirical],empirical-operator-norm,empirical,2.0,,,,,,225385.0,,,,,,,,,,,,,,,,,,,,,,,,,,,,,,individual,225.0,0.00022606901798999417,62.0106807611,empirical-operator-norm,Repository empirical operator-norm calibration study v1 (2026-08-10),reviewed calibration opnorm-v1-heisenberg-open-trotter-p2; artifact docs/calibration_data/empirical_1d_v1_accepted.json,"{""prefactor"":62.0106807611}",False,implemented-product-formula,False,,"[""the resolved ordered Hamiltonian groups match the implemented formula"",""the fixed formal-order powers in time and segments apply"",""the reviewed affine size calibration extrapolates as flagged""]",,,,,,,implemented-product-formula,False,False,0.00022606977883586217,,,,,,,,,,,,,,,,,,,1.0,none,0.0,system register,1.0,57.0,101197865.0,0.0,-1.0,13358118180.0,151122146.0,analytical-model,2.5118864315095798e-05,opnorm-v1-heisenberg-open-trotter-p2,heisenberg_chain,affine-aN-plus-b,62.0106807611,4.0,12.0,4.0,12.0,True,True,formula,0.1.0,3.11.9,2.5.0,b58b31db18364511c43757e27fffc7abce8df2c1,True,ok,,
1.0,heisenberg_chain:N057,-3.6,commutator,17883.0,,,2.0,a8fa234e-a646-4911-8402-a67c302db4ae,2026-08-12T00:11:58.358108+00:00,c1ad72de628f71283ac69037e9bbe97c3e773952f5abde5eac91397ca322d1a6,resource-grid,heisenberg_chain,Heisenberg-57,"{""coupling"":1.0,""field_z"":0.3}",57,57.0,proportional,1.0,0.00025118864315095795,185.10000000000065,225,trotter-p4,trotter,Trotter p=4,analytical,analytical,4.0,,,,,,17883.0,,,,,,,,,,,,,,,,,,,,,,,,,,,,,,commuting,3.0,0.00022605347811766182,38423.63263718384,schubert-mendl-commutator,"Schubert and Mendl, arXiv:2306.10603",Theorem 1,"{""prefactor"":38423.63263718384}",True,implemented-product-formula,True,,"[""the resolved ordered Hamiltonian groups match the implemented formula""]",,,,,,,implemented-product-formula,True,True,0.00022606977883586217,,,,,,,,,,,,,,,,,,,1.0,none,0.0,system register,1.0,57.0,35318925.0,0.0,-1.0,4485503475.0,52742928.0,analytical-model,2.5118864315095798e-05,,,,,,,,,,,,0.1.0,3.11.9,2.5.0,b58b31db18364511c43757e27fffc7abce8df2c1,True,ok,,
1.0,heisenberg_chain:N057,-3.6,empirical,2536.0,,,2.0,a8fa234e-a646-4911-8402-a67c302db4ae,2026-08-12T00:11:58.358108+00:00,c1ad72de628f71283ac69037e9bbe97c3e773952f5abde5eac91397ca322d1a6,resource-grid,heisenberg_chain,Heisenberg-57,"{""coupling"":1.0,""field_z"":0.3}",57,57.0,proportional,1.0,0.00025118864315095795,185.10000000000065,225,trotter-p4-empirical,trotter,Trotter p=4 [empirical],empirical-operator-norm,empirical,4.0,,,,,,2536.0,,,,,,,,,,,,,,,,,,,,,,,,,,,,,,commuting,3.0,0.0002257916997468285,15.521392859299997,empirical-operator-norm,Repository empirical operator-norm calibration study v1 (2026-08-10),reviewed calibration opnorm-v1-heisenberg-open-trotter-p4; artifact docs/calibration_data/empirical_1d_v1_accepted.json,"{""prefactor"":15.521392859299997}",False,implemented-product-formula,False,,"[""the resolved ordered Hamiltonian groups match the implemented formula"",""the fixed formal-order powers in time and segments apply"",""the reviewed affine size calibration extrapolates as flagged""]",,,,,,,implemented-product-formula,False,False,0.00022606977883586217,,,,,,,,,,,,,,,,,,,1.0,none,0.0,system register,1.0,57.0,5008600.0,0.0,-1.0,591014800.0,7479510.0,analytical-model,2.5118864315095798e-05,opnorm-v1-heisenberg-open-trotter-p4,heisenberg_chain,affine-aN-plus-b,15.521392859299997,4.0,12.0,4.0,12.0,True,True,formula,0.1.0,3.11.9,2.5.0,b58b31db18364511c43757e27fffc7abce8df2c1,True,ok,,
1.0,heisenberg_chain:N057,-3.6,commutator,7070.0,,,2.0,a8fa234e-a646-4911-8402-a67c302db4ae,2026-08-12T00:11:58.358108+00:00,c1ad72de628f71283ac69037e9bbe97c3e773952f5abde5eac91397ca322d1a6,resource-grid,heisenberg_chain,Heisenberg-57,"{""coupling"":1.0,""field_z"":0.3}",57,57.0,proportional,1.0,0.00025118864315095795,185.10000000000065,225,trotter-p6,trotter,Trotter p=6,analytical,analytical,6.0,,,,,,7070.0,,,,,,,,,,,,,,,,,,,,,,,,,,,,,,commuting,3.0,0.00022591847602677594,14432588.951672671,schubert-mendl-commutator,"Schubert and Mendl, arXiv:2306.10603",Theorem 1,"{""prefactor"":14432588.951672671}",True,implemented-product-formula,True,,"[""the resolved ordered Hamiltonian groups match the implemented formula""]",,,,,,,implemented-product-formula,True,True,0.00022606977883586217,,,,,,,,,,,,,,,,,,,1.0,none,0.0,system register,1.0,57.0,69816250.0,0.0,-1.0,9076112500.0,104258934.0,analytical-model,2.5118864315095798e-05,,,,,,,,,,,,0.1.0,3.11.9,2.5.0,b58b31db18364511c43757e27fffc7abce8df2c1,True,ok,,
1.0,heisenberg_chain:N057,-3.6,empirical,354.0,,,2.0,a8fa234e-a646-4911-8402-a67c302db4ae,2026-08-12T00:11:58.358108+00:00,c1ad72de628f71283ac69037e9bbe97c3e773952f5abde5eac91397ca322d1a6,resource-grid,heisenberg_chain,Heisenberg-57,"{""coupling"":1.0,""field_z"":0.3}",57,57.0,proportional,1.0,0.00025118864315095795,185.10000000000065,225,trotter-p6-empirical,trotter,Trotter p=6 [empirical],empirical-operator-norm,empirical,6.0,,,,,,354.0,,,,,,,,,,,,,,,,,,,,,,,,,,,,,,commuting,3.0,0.0002238832275216971,0.225380917,empirical-operator-norm,Repository empirical operator-norm calibration study v1 (2026-08-10),reviewed calibration opnorm-v1-heisenberg-open-trotter-p6; artifact docs/calibration_data/empirical_1d_v1_accepted.json,"{""prefactor"":0.225380917}",False,implemented-product-formula,False,,"[""the resolved ordered Hamiltonian groups match the implemented formula"",""the fixed formal-order powers in time and segments apply"",""the reviewed affine size calibration extrapolates as flagged""]",,,,,,,implemented-product-formula,False,False,0.00022606977883586217,,,,,,,,,,,,,,,,,,,1.0,none,0.0,system register,1.0,57.0,3495750.0,0.0,-1.0,409002750.0,5220320.0,analytical-model,2.5118864315095798e-05,opnorm-v1-heisenberg-open-trotter-p6,heisenberg_chain,affine-aN-plus-b,0.225380917,4.0,12.0,4.0,12.0,True,True,formula,0.1.0,3.11.9,2.5.0,b58b31db18364511c43757e27fffc7abce8df2c1,True,ok,,
1.0,heisenberg_chain:N057,-3.6,jacobi-anger,,,,2.0,a8fa234e-a646-4911-8402-a67c302db4ae,2026-08-12T00:11:58.358108+00:00,c1ad72de628f71283ac69037e9bbe97c3e773952f5abde5eac91397ca322d1a6,resource-grid,heisenberg_chain,Heisenberg-57,"{""coupling"":1.0,""field_z"":0.3}",57,57.0,proportional,1.0,0.00025118864315095795,185.10000000000065,225,qsvt,qsvt,QSVT,jacobi-anger-rigorous,analytical,,,,,,,,,,,,,,,,,,,,,,,,,,,,,,,,,,,86079.0,14347.0,,,3.238875992985829e-05,,jacobi-anger-polynomial-oaa,"Martyn et al., arXiv:2105.02859, Eqs. (76)--(77)",Jacobi--Anger tails plus exact cubic OAA identity,"{""oaa-unitarity-defect-distortion"":1.6194576654669847e-05,""scaled-polynomial-error"":1.619418327518844e-05}",True,ideal-qsvt-oaa-good-block,True,,"[""the cosine and sine polynomials are implemented exactly"",""the unamplified good block is exactly Q/2""]",,,,,,,implemented-qsvt-floating-phase-circuit,False,False,0.00022606977883586217,,,,,,,,,,,,,,,,,,,2.0,one robust OAA round,1.0,"component, quadrature, and index registers all-zero",,75.0,44072460.0,156491748.0,-1.0,6267241872.0,1016507667.0,analytical-model,2.5118864315095798e-05,,,,,,,,,,,,0.1.0,3.11.9,2.5.0,b58b31db18364511c43757e27fffc7abce8df2c1,True,ok,,
1.0,heisenberg_chain:N057,-3.6,empirical,,10.0,,2.0,a8fa234e-a646-4911-8402-a67c302db4ae,2026-08-12T00:11:58.358108+00:00,c1ad72de628f71283ac69037e9bbe97c3e773952f5abde5eac91397ca322d1a6,resource-grid,heisenberg_chain,Heisenberg-57,"{""coupling"":1.0,""field_z"":0.3}",57,57.0,proportional,1.0,0.00025118864315095795,185.10000000000065,225,mpf-j-mizuta2026-theorem6-empirical-operator-norm,multiproduct,MPF J=Mizuta Theorem 6 (resolved per point) [empirical operator norm],empirical-operator-norm,,,10.0,20.0,mizuta2026-theorem6,6.300000000000004,0.00022606977883586217,,,,,,,,,,,,,,,,,,,,,,,,,,,,,,,,,,,,,,,,,,,,,,,,,,,,,0.00022606977883586217,,,,,,,,,,,,,,,,,,,,,,,,,,,,,,,,,,,,,,,,,,,0.1.0,3.11.9,2.5.0,b58b31db18364511c43757e27fffc7abce8df2c1,True,missing_empirical,UnsupportedEmpiricalCalibrationError,"no reviewed empirical operator-norm calibration for method=multiproduct, formal_order=20, model=heisenberg_chain, parameters={'coupling': 1.0, 'field_z': 0.3}, boundary=open, partition=None, schedule='new', formula='ordered-individual-pauli-strang-mpf-v1'"
1.0,heisenberg_chain:N057,-3.6,commutator,,10.0,67158.0,2.0,a8fa234e-a646-4911-8402-a67c302db4ae,2026-08-12T00:11:58.358108+00:00,c1ad72de628f71283ac69037e9bbe97c3e773952f5abde5eac91397ca322d1a6,resource-grid,heisenberg_chain,Heisenberg-57,"{""coupling"":1.0,""field_z"":0.3}",57,57.0,proportional,1.0,0.00025118864315095795,185.10000000000065,225,mpf-j-mizuta2026-theorem6-mizuta2026-commutator-ideal-rigorous,multiproduct,MPF J=Mizuta Theorem 6 (resolved per point) [Mizuta 2026 refined commutator],mizuta2026-commutator-ideal-rigorous,analytical,,10.0,20.0,mizuta2026-theorem6,6.300000000000004,0.00022606977883586217,67158.0,67158.0,,48535.0,"[""error""]",212.8718604247946,20.0,,,3.3646351789494303e-09,2.4162546348115358e-32,1.8409359937741623e-48,2.4162546348115352e-32,2.4162546348115358e-32,3.3646351789494307e-09,0.00022601323325844878,1.2347983226156727e-05,False,0.0011744154417644244,"[1.0000000000000002,1.0000000000000002,1.0000000000000002,1.0000000000000002,1.0000000000000002,1.0000000000000002,1.0000000000000002,1.0000000000000002,1.0000000000000002,1.0000000000000002,1.0000000000000002,1.0000000000000002,1.0000000000000002,1.0000000000000002,1.0000000000000002,1.0000000000000002,1.0000000000000002,1.0000000000000002,1.0000000000000002,1.0000000000000002,1.0000000000000002,1.0000000000000002,1.0000000000000002,1.0000000000000002,1.0000000000000002,1.0000000000000002,1.0000000000000002,1.0000000000000002,1.0000000000000002,1.0000000000000002,1.0000000000000002,1.0000000000000002,1.0000000000000002,1.0000000000000002,1.0000000000000002,1.0000000000000002,1.0000000000000002,1.0000000000000002,1.0000000000000002,1.0000000000000002,1.0000000000000002,1.0000000000000002,1.0000000000000002,1.0000000000000002,1.0000000000000002,1.0000000000000002,1.0000000000000002,1.0000000000000002,1.0000000000000002,1.0000000000000002,1.0000000000000002,1.0000000000000002,1.0000000000000002,1.0000000000000002,1.0000000000000002,1.0000000000000002,1.0000000000000002,1.0000000000000002,1.0000000000000002,1.0000000000000002,1.0000000000000002,1.0000000000000002,1.0000000000000002,1.0000000000000002,1.0000000000000002,1.0000000000000002,1.0000000000000002,1.0000000000000002,1.0000000000000002,1.0000000000000002,1.0000000000000002,1.0000000000000002,1.0000000000000002,1.0000000000000002,1.0000000000000002,1.0000000000000002,1.0000000000000002,1.0000000000000002,1.0000000000000002,1.0000000000000002,1.0000000000000002,1.0000000000000002,1.0000000000000002,1.0000000000000002,1.0000000000000002,1.0000000000000002,1.0000000000000002,1.0000000000000002,1.0000000000000002,1.0000000000000002,1.0000000000000002,1.0000000000000002,1.0000000000000002,1.0000000000000002,1.0000000000000002,1.0000000000000002,1.0000000000000002,1.0000000000000002,1.0000000000000002,1.0000000000000002,1.0000000000000002,1.0000000000000002,1.0000000000000002,1.0000000000000002,1.0000000000000002,1.0000000000000002,1.0000000000000002,1.0000000000000002,1.0000000000000002,1.0000000000000002,1.0000000000000002,1.0000000000000002,1.0000000000000002,1.0000000000000002,1.0000000000000002,1.0000000000000002,1.0000000000000002,1.0000000000000002,1.0000000000000002,1.0000000000000002,1.0000000000000002,1.0000000000000002,1.0000000000000002,1.0000000000000002,1.0000000000000002,1.0000000000000002,1.0000000000000002,1.0000000000000002,1.0000000000000002,1.0000000000000002,1.0000000000000002,1.0000000000000002,1.0000000000000002,1.0000000000000002,1.0000000000000002,1.0000000000000002,1.0000000000000002,1.0000000000000002,1.0000000000000002,1.0000000000000002,1.0000000000000002,1.0000000000000002,1.0000000000000002,1.0000000000000002,1.0000000000000002,1.0000000000000002,1.0000000000000002,1.0000000000000002,1.0000000000000002,1.0000000000000002,1.0000000000000002,1.0000000000000002,1.0000000000000002,1.0000000000000002,1.0000000000000002,1.0000000000000002,1.0000000000000002,1.0000000000000002,1.0000000000000002,1.0000000000000002,1.0000000000000002,1.0000000000000002,1.0000000000000002,1.0000000000000002,1.0000000000000002,1.0000000000000002,1.0000000000000002,1.0000000000000002,1.0000000000000002,1.0000000000000002,1.0000000000000002,1.0000000000000002,1.0000000000000002,1.0000000000000002,1.0000000000000002,1.0000000000000002,1.0000000000000002,1.0000000000000002,1.0000000000000002,1.0000000000000002,1.0000000000000002,1.0000000000000002,1.0000000000000002,1.0000000000000002,1.0000000000000002,1.0000000000000002,1.0000000000000002,1.0000000000000002,1.0000000000000002,1.0000000000000002,1.0000000000000002,1.0000000000000002,1.0000000000000002,1.0000000000000002,1.0000000000000002,1.0000000000000002,1.0000000000000002,1.0000000000000002,1.0000000000000002,1.0000000000000002,1.0000000000000002,1.0000000000000002,1.0000000000000002,1.0000000000000002,1.0000000000000002,1.0000000000000002,1.0000000000000002,1.0000000000000002,1.0000000000000002,1.0000000000000002,1.0000000000000002,1.0000000000000002,1.0000000000000002,1.0000000000000002,1.0000000000000002,1.0000000000000002,1.0000000000000002,1.0000000000000002,1.0000000000000002,1.0000000000000002,1.0000000000000002,1.0000000000000002,1.0000000000000002,1.0000000000000002,1.0000000000000002]",6.300000000000007,3.0,True,exact commutator transition cap reached; locality bound used,not-used,commutator,mizuta2026-commutator-ideal-rigorous,[],20550348.0,,,,0.00022601323325844878,1.0534619387045217e+56,mizuta2026-commutator-ideal-rigorous,"Mizuta, Quantum 10, 1974 (2026), arXiv:2507.06557v4","Theorem 4, Eqs. (47)--(49), with direct Lemmas 9--10 BCH remainder","{""error_predicate_satisfied"":1.0,""extensiveness_g"":6.300000000000004,""joint_predicate_satisfied"":1.0,""legacy_first_condition_passed"":0.0,""legacy_first_time_limit"":1.2347983226156727e-05,""local_commutator_error"":3.3646351789494303e-09,""local_step_error"":3.3646351789494307e-09,""local_truncated_bch_error"":2.4162546348115358e-32,""locality_k"":2.0,""mu_upper"":212.8718604247946,""refined_lemma10_remainder"":2.4162546348115352e-32,""refined_lemma9_remainder"":1.8409359937741623e-48,""refined_tail_fallback"":0.0,""repeated_global_error"":0.00022601323325844878,""schedule_weighted_extensiveness"":6.300000000000007,""second_time_limit"":0.0011744154417644244,""time_2_predicate_satisfied"":1.0,""total_branchwise_bch_remainder"":2.4162546348115358e-32,""truncation_order_p0"":20.0}",True,ideal-mpf,True,ordered individual Pauli terms,"[""individual Pauli summands define the ordered H_gamma decomposition"",""the actual Strang factors define schedule-weighted g_alpha extensiveness"",""Lemma 9 and Lemma 10 positive majorants directly certify the BCH remainder"",""the scalar-flow/Cauchy refined tail certificate is used"",""Theorem 4 second time hypothesis is satisfied"",""the repeated ideal MPF is composed with the Eq. (15) telescoping argument""]","exact Pauli recurrence would require 307800 transitions at order 4, above cap 250000; remaining orders use Mizuta 2026 Eq. (8)",20.0,3.0,True,True,"{""2"":1588.800000000002,""3"":26021.760000000057,""4"":34480081.03680006,""5"":3475592168.5094457,""6"":437924613232.18976,""7"":66214201520707.76,""8"":1.1680185148252828e+16,""9"":2.354725325887758e+18,""10"":5.3405170391134274e+20,""11"":1.345810293856585e+23,""12"":3.7305861345704733e+25,""13"":1.1281292470941247e+28,""14"":3.6957514134803366e+30,""15"":1.303861098675863e+33,""16"":4.9285949529947805e+35,""17"":1.987209485047489e+38,""18"":8.513205433943494e+40,""19"":3.861589984836771e+43,""20"":1.8489292847398422e+46}",repeated-shared-ancilla-good-block,True,False,0.00022606977883586217,new,"[1,2,3,4,5,6,7,10,18,46]","[-1.018659142049789e-15,7.422846929019768e-10,-1.3257582359573536e-06,0.00016899488366474386,-0.004245967231050632,0.03062942826404365,-0.06314501886386865,0.12451536167559175,-0.4127707622244733,1.3248492885120446]",1.960326148155259,0.03967385184474104,102.0,registered-exact,True,10.0,5.0,2.0,6.0,12.0,4.0,6.0,3.0,2.0,3.0,2.0,one robust OAA round per segment,67158.0,branch register all-zero,,64.0,18460256724.0,8730540.0,-1.0,2842914457656.0,32292725513.0,analytical-model,2.5118864315095798e-05,,,,,,,,,,,,0.1.0,3.11.9,2.5.0,b58b31db18364511c43757e27fffc7abce8df2c1,True,ok,,
1.0,heisenberg_chain:N057,-3.7,commutator,831145.0,,,2.0,a8fa234e-a646-4911-8402-a67c302db4ae,2026-08-12T00:11:58.358108+00:00,c1ad72de628f71283ac69037e9bbe97c3e773952f5abde5eac91397ca322d1a6,resource-grid,heisenberg_chain,Heisenberg-57,"{""coupling"":1.0,""field_z"":0.3}",57,57.0,proportional,1.0,0.00019952623149688788,185.10000000000065,225,trotter-p2,trotter,Trotter p=2,analytical,analytical,2.0,,,,,,831145.0,,,,,,,,,,,,,,,,,,,,,,,,,,,,,,individual,225.0,0.00017957341921448242,669.839999999999,childs-commutator,"Childs, Su, Tran, Wiebe, and Zhu, arXiv:1912.08854",Propositions 9--10,"{""prefactor"":669.839999999999}",True,implemented-product-formula,True,,"[""the resolved ordered Hamiltonian groups match the implemented formula""]",,,,,,,implemented-product-formula,True,True,0.0001795736083471991,,,,,,,,,,,,,,,,,,,1.0,none,0.0,system register,1.0,57.0,373184105.0,0.0,-1.0,51499406490.0,557288264.0,analytical-model,1.995262314968879e-05,,,,,,,,,,,,0.1.0,3.11.9,2.5.0,b58b31db18364511c43757e27fffc7abce8df2c1,True,ok,,
1.0,heisenberg_chain:N057,-3.7,empirical,252886.0,,,2.0,a8fa234e-a646-4911-8402-a67c302db4ae,2026-08-12T00:11:58.358108+00:00,c1ad72de628f71283ac69037e9bbe97c3e773952f5abde5eac91397ca322d1a6,resource-grid,heisenberg_chain,Heisenberg-57,"{""coupling"":1.0,""field_z"":0.3}",57,57.0,proportional,1.0,0.00019952623149688788,185.10000000000065,225,trotter-p2-empirical,trotter,Trotter p=2 [empirical],empirical-operator-norm,empirical,2.0,,,,,,252886.0,,,,,,,,,,,,,,,,,,,,,,,,,,,,,,individual,225.0,0.00017957318764882414,62.0106807611,empirical-operator-norm,Repository empirical operator-norm calibration study v1 (2026-08-10),reviewed calibration opnorm-v1-heisenberg-open-trotter-p2; artifact docs/calibration_data/empirical_1d_v1_accepted.json,"{""prefactor"":62.0106807611}",False,implemented-product-formula,False,,"[""the resolved ordered Hamiltonian groups match the implemented formula"",""the fixed formal-order powers in time and segments apply"",""the reviewed affine size calibration extrapolates as flagged""]",,,,,,,implemented-product-formula,False,False,0.0001795736083471991,,,,,,,,,,,,,,,,,,,1.0,none,0.0,system register,1.0,57.0,113545814.0,0.0,-1.0,15101593262.0,169561749.0,analytical-model,1.995262314968879e-05,opnorm-v1-heisenberg-open-trotter-p2,heisenberg_chain,affine-aN-plus-b,62.0106807611,4.0,12.0,4.0,12.0,True,True,formula,0.1.0,3.11.9,2.5.0,b58b31db18364511c43757e27fffc7abce8df2c1,True,ok,,
1.0,heisenberg_chain:N057,-3.7,commutator,18943.0,,,2.0,a8fa234e-a646-4911-8402-a67c302db4ae,2026-08-12T00:11:58.358108+00:00,c1ad72de628f71283ac69037e9bbe97c3e773952f5abde5eac91397ca322d1a6,resource-grid,heisenberg_chain,Heisenberg-57,"{""coupling"":1.0,""field_z"":0.3}",57,57.0,proportional,1.0,0.00019952623149688788,185.10000000000065,225,trotter-p4,trotter,Trotter p=4,analytical,analytical,4.0,,,,,,18943.0,,,,,,,,,,,,,,,,,,,,,,,,,,,,,,commuting,3.0,0.0001795467973029699,38423.63263718384,schubert-mendl-commutator,"Schubert and Mendl, arXiv:2306.10603",Theorem 1,"{""prefactor"":38423.63263718384}",True,implemented-product-formula,True,,"[""the resolved ordered Hamiltonian groups match the implemented formula""]",,,,,,,implemented-product-formula,True,True,0.0001795736083471991,,,,,,,,,,,,,,,,,,,1.0,none,0.0,system register,1.0,57.0,37412425.0,0.0,-1.0,4788790400.0,55869222.0,analytical-model,1.995262314968879e-05,,,,,,,,,,,,0.1.0,3.11.9,2.5.0,b58b31db18364511c43757e27fffc7abce8df2c1,True,ok,,
1.0,heisenberg_chain:N057,-3.7,empirical,2686.0,,,2.0,a8fa234e-a646-4911-8402-a67c302db4ae,2026-08-12T00:11:58.358108+00:00,c1ad72de628f71283ac69037e9bbe97c3e773952f5abde5eac91397ca322d1a6,resource-grid,heisenberg_chain,Heisenberg-57,"{""coupling"":1.0,""field_z"":0.3}",57,57.0,proportional,1.0,0.00019952623149688788,185.10000000000065,225,trotter-p4-empirical,trotter,Trotter p=4 [empirical],empirical-operator-norm,empirical,4.0,,,,,,2686.0,,,,,,,,,,,,,,,,,,,,,,,,,,,,,,commuting,3.0,0.0001794241660892999,15.521392859299997,empirical-operator-norm,Repository empirical operator-norm calibration study v1 (2026-08-10),reviewed calibration opnorm-v1-heisenberg-open-trotter-p4; artifact docs/calibration_data/empirical_1d_v1_accepted.json,"{""prefactor"":15.521392859299997}",False,implemented-product-formula,False,,"[""the resolved ordered Hamiltonian groups match the implemented formula"",""the fixed formal-order powers in time and segments apply"",""the reviewed affine size calibration extrapolates as flagged""]",,,,,,,implemented-product-formula,False,False,0.0001795736083471991,,,,,,,,,,,,,,,,,,,1.0,none,0.0,system register,1.0,57.0,5304850.0,0.0,-1.0,636582000.0,7921910.0,analytical-model,1.995262314968879e-05,opnorm-v1-heisenberg-open-trotter-p4,heisenberg_chain,affine-aN-plus-b,15.521392859299997,4.0,12.0,4.0,12.0,True,True,formula,0.1.0,3.11.9,2.5.0,b58b31db18364511c43757e27fffc7abce8df2c1,True,ok,,
1.0,heisenberg_chain:N057,-3.7,commutator,7346.0,,,2.0,a8fa234e-a646-4911-8402-a67c302db4ae,2026-08-12T00:11:58.358108+00:00,c1ad72de628f71283ac69037e9bbe97c3e773952f5abde5eac91397ca322d1a6,resource-grid,heisenberg_chain,Heisenberg-57,"{""coupling"":1.0,""field_z"":0.3}",57,57.0,proportional,1.0,0.00019952623149688788,185.10000000000065,225,trotter-p6,trotter,Trotter p=6,analytical,analytical,6.0,,,,,,7346.0,,,,,,,,,,,,,,,,,,,,,,,,,,,,,,commuting,3.0,0.0001795406067362443,14432588.951672671,schubert-mendl-commutator,"Schubert and Mendl, arXiv:2306.10603",Theorem 1,"{""prefactor"":14432588.951672671}",True,implemented-product-formula,True,,"[""the resolved ordered Hamiltonian groups match the implemented formula""]",,,,,,,implemented-product-formula,True,True,0.0001795736083471991,,,,,,,,,,,,,,,,,,,1.0,none,0.0,system register,1.0,57.0,72541750.0,0.0,-1.0,9502969250.0,108329014.0,analytical-model,1.995262314968879e-05,,,,,,,,,,,,0.1.0,3.11.9,2.5.0,b58b31db18364511c43757e27fffc7abce8df2c1,True,ok,,
1.0,heisenberg_chain:N057,-3.7,empirical,368.0,,,2.0,a8fa234e-a646-4911-8402-a67c302db4ae,2026-08-12T00:11:58.358108+00:00,c1ad72de628f71283ac69037e9bbe97c3e773952f5abde5eac91397ca322d1a6,resource-grid,heisenberg_chain,Heisenberg-57,"{""coupling"":1.0,""field_z"":0.3}",57,57.0,proportional,1.0,0.00019952623149688788,185.10000000000065,225,trotter-p6-empirical,trotter,Trotter p=6 [empirical],empirical-operator-norm,empirical,6.0,,,,,,368.0,,,,,,,,,,,,,,,,,,,,,,,,,,,,,,commuting,3.0,0.00017740024661009365,0.225380917,empirical-operator-norm,Repository empirical operator-norm calibration study v1 (2026-08-10),reviewed calibration opnorm-v1-heisenberg-open-trotter-p6; artifact docs/calibration_data/empirical_1d_v1_accepted.json,"{""prefactor"":0.225380917}",False,implemented-product-formula,False,,"[""the resolved ordered Hamiltonian groups match the implemented formula"",""the fixed formal-order powers in time and segments apply"",""the reviewed affine size calibration extrapolates as flagged""]",,,,,,,implemented-product-formula,False,False,0.0001795736083471991,,,,,,,,,,,,,,,,,,,1.0,none,0.0,system register,1.0,57.0,3634000.0,0.0,-1.0,428812000.0,5426774.0,analytical-model,1.995262314968879e-05,opnorm-v1-heisenberg-open-trotter-p6,heisenberg_chain,affine-aN-plus-b,0.225380917,4.0,12.0,4.0,12.0,True,True,formula,0.1.0,3.11.9,2.5.0,b58b31db18364511c43757e27fffc7abce8df2c1,True,ok,,
1.0,heisenberg_chain:N057,-3.7,jacobi-anger,,,,2.0,a8fa234e-a646-4911-8402-a67c302db4ae,2026-08-12T00:11:58.358108+00:00,c1ad72de628f71283ac69037e9bbe97c3e773952f5abde5eac91397ca322d1a6,resource-grid,heisenberg_chain,Heisenberg-57,"{""coupling"":1.0,""field_z"":0.3}",57,57.0,proportional,1.0,0.00019952623149688788,185.10000000000065,225,qsvt,qsvt,QSVT,jacobi-anger-rigorous,analytical,,,,,,,,,,,,,,,,,,,,,,,,,,,,,,,,,,,86079.0,14347.0,,,2.722242205648836e-05,,jacobi-anger-polynomial-oaa,"Martyn et al., arXiv:2105.02859, Eqs. (76)--(77)",Jacobi--Anger tails plus exact cubic OAA identity,"{""oaa-unitarity-defect-distortion"":1.361134997483699e-05,""scaled-polynomial-error"":1.3611072081651368e-05}",True,ideal-qsvt-oaa-good-block,True,,"[""the cosine and sine polynomials are implemented exactly"",""the unamplified good block is exactly Q/2""]",,,,,,,implemented-qsvt-floating-phase-circuit,False,False,0.0001795736083471991,,,,,,,,,,,,,,,,,,,2.0,one robust OAA round,1.0,"component, quadrature, and index registers all-zero",,75.0,44072460.0,156491748.0,-1.0,6311314332.0,1016507667.0,analytical-model,1.995262314968879e-05,,,,,,,,,,,,0.1.0,3.11.9,2.5.0,b58b31db18364511c43757e27fffc7abce8df2c1,True,ok,,
1.0,heisenberg_chain:N057,-3.7,empirical,,10.0,,2.0,a8fa234e-a646-4911-8402-a67c302db4ae,2026-08-12T00:11:58.358108+00:00,c1ad72de628f71283ac69037e9bbe97c3e773952f5abde5eac91397ca322d1a6,resource-grid,heisenberg_chain,Heisenberg-57,"{""coupling"":1.0,""field_z"":0.3}",57,57.0,proportional,1.0,0.00019952623149688788,185.10000000000065,225,mpf-j-mizuta2026-theorem6-empirical-operator-norm,multiproduct,MPF J=Mizuta Theorem 6 (resolved per point) [empirical operator norm],empirical-operator-norm,,,10.0,20.0,mizuta2026-theorem6,6.300000000000004,0.0001795736083471991,,,,,,,,,,,,,,,,,,,,,,,,,,,,,,,,,,,,,,,,,,,,,,,,,,,,,0.0001795736083471991,,,,,,,,,,,,,,,,,,,,,,,,,,,,,,,,,,,,,,,,,,,0.1.0,3.11.9,2.5.0,b58b31db18364511c43757e27fffc7abce8df2c1,True,missing_empirical,UnsupportedEmpiricalCalibrationError,"no reviewed empirical operator-norm calibration for method=multiproduct, formal_order=20, model=heisenberg_chain, parameters={'coupling': 1.0, 'field_z': 0.3}, boundary=open, partition=None, schedule='new', formula='ordered-individual-pauli-strang-mpf-v1'"
1.0,heisenberg_chain:N057,-3.7,commutator,,10.0,67935.0,2.0,a8fa234e-a646-4911-8402-a67c302db4ae,2026-08-12T00:11:58.358108+00:00,c1ad72de628f71283ac69037e9bbe97c3e773952f5abde5eac91397ca322d1a6,resource-grid,heisenberg_chain,Heisenberg-57,"{""coupling"":1.0,""field_z"":0.3}",57,57.0,proportional,1.0,0.00019952623149688788,185.10000000000065,225,mpf-j-mizuta2026-theorem6-mizuta2026-commutator-ideal-rigorous,multiproduct,MPF J=Mizuta Theorem 6 (resolved per point) [Mizuta 2026 refined commutator],mizuta2026-commutator-ideal-rigorous,analytical,,10.0,20.0,mizuta2026-theorem6,6.300000000000004,0.0001795736083471991,67935.0,67935.0,,48535.0,"[""error""]",212.8718604247946,20.0,,,2.642564788906515e-09,1.8953450583284392e-32,1.4455995658167747e-48,1.8953450583284387e-32,1.8953450583284392e-32,2.6425647889065153e-09,0.00017955486973076097,1.2347983226156727e-05,False,0.0011744154417644244,"[1.0000000000000002,1.0000000000000002,1.0000000000000002,1.0000000000000002,1.0000000000000002,1.0000000000000002,1.0000000000000002,1.0000000000000002,1.0000000000000002,1.0000000000000002,1.0000000000000002,1.0000000000000002,1.0000000000000002,1.0000000000000002,1.0000000000000002,1.0000000000000002,1.0000000000000002,1.0000000000000002,1.0000000000000002,1.0000000000000002,1.0000000000000002,1.0000000000000002,1.0000000000000002,1.0000000000000002,1.0000000000000002,1.0000000000000002,1.0000000000000002,1.0000000000000002,1.0000000000000002,1.0000000000000002,1.0000000000000002,1.0000000000000002,1.0000000000000002,1.0000000000000002,1.0000000000000002,1.0000000000000002,1.0000000000000002,1.0000000000000002,1.0000000000000002,1.0000000000000002,1.0000000000000002,1.0000000000000002,1.0000000000000002,1.0000000000000002,1.0000000000000002,1.0000000000000002,1.0000000000000002,1.0000000000000002,1.0000000000000002,1.0000000000000002,1.0000000000000002,1.0000000000000002,1.0000000000000002,1.0000000000000002,1.0000000000000002,1.0000000000000002,1.0000000000000002,1.0000000000000002,1.0000000000000002,1.0000000000000002,1.0000000000000002,1.0000000000000002,1.0000000000000002,1.0000000000000002,1.0000000000000002,1.0000000000000002,1.0000000000000002,1.0000000000000002,1.0000000000000002,1.0000000000000002,1.0000000000000002,1.0000000000000002,1.0000000000000002,1.0000000000000002,1.0000000000000002,1.0000000000000002,1.0000000000000002,1.0000000000000002,1.0000000000000002,1.0000000000000002,1.0000000000000002,1.0000000000000002,1.0000000000000002,1.0000000000000002,1.0000000000000002,1.0000000000000002,1.0000000000000002,1.0000000000000002,1.0000000000000002,1.0000000000000002,1.0000000000000002,1.0000000000000002,1.0000000000000002,1.0000000000000002,1.0000000000000002,1.0000000000000002,1.0000000000000002,1.0000000000000002,1.0000000000000002,1.0000000000000002,1.0000000000000002,1.0000000000000002,1.0000000000000002,1.0000000000000002,1.0000000000000002,1.0000000000000002,1.0000000000000002,1.0000000000000002,1.0000000000000002,1.0000000000000002,1.0000000000000002,1.0000000000000002,1.0000000000000002,1.0000000000000002,1.0000000000000002,1.0000000000000002,1.0000000000000002,1.0000000000000002,1.0000000000000002,1.0000000000000002,1.0000000000000002,1.0000000000000002,1.0000000000000002,1.0000000000000002,1.0000000000000002,1.0000000000000002,1.0000000000000002,1.0000000000000002,1.0000000000000002,1.0000000000000002,1.0000000000000002,1.0000000000000002,1.0000000000000002,1.0000000000000002,1.0000000000000002,1.0000000000000002,1.0000000000000002,1.0000000000000002,1.0000000000000002,1.0000000000000002,1.0000000000000002,1.0000000000000002,1.0000000000000002,1.0000000000000002,1.0000000000000002,1.0000000000000002,1.0000000000000002,1.0000000000000002,1.0000000000000002,1.0000000000000002,1.0000000000000002,1.0000000000000002,1.0000000000000002,1.0000000000000002,1.0000000000000002,1.0000000000000002,1.0000000000000002,1.0000000000000002,1.0000000000000002,1.0000000000000002,1.0000000000000002,1.0000000000000002,1.0000000000000002,1.0000000000000002,1.0000000000000002,1.0000000000000002,1.0000000000000002,1.0000000000000002,1.0000000000000002,1.0000000000000002,1.0000000000000002,1.0000000000000002,1.0000000000000002,1.0000000000000002,1.0000000000000002,1.0000000000000002,1.0000000000000002,1.0000000000000002,1.0000000000000002,1.0000000000000002,1.0000000000000002,1.0000000000000002,1.0000000000000002,1.0000000000000002,1.0000000000000002,1.0000000000000002,1.0000000000000002,1.0000000000000002,1.0000000000000002,1.0000000000000002,1.0000000000000002,1.0000000000000002,1.0000000000000002,1.0000000000000002,1.0000000000000002,1.0000000000000002,1.0000000000000002,1.0000000000000002,1.0000000000000002,1.0000000000000002,1.0000000000000002,1.0000000000000002,1.0000000000000002,1.0000000000000002,1.0000000000000002,1.0000000000000002,1.0000000000000002,1.0000000000000002,1.0000000000000002,1.0000000000000002,1.0000000000000002,1.0000000000000002,1.0000000000000002,1.0000000000000002,1.0000000000000002,1.0000000000000002,1.0000000000000002,1.0000000000000002,1.0000000000000002,1.0000000000000002,1.0000000000000002,1.0000000000000002,1.0000000000000002,1.0000000000000002,1.0000000000000002]",6.300000000000007,3.0,True,exact commutator transition cap reached; locality bound used,not-used,commutator,mizuta2026-commutator-ideal-rigorous,[],20788110.0,,,,0.00017955486973076097,1.0534619387045217e+56,mizuta2026-commutator-ideal-rigorous,"Mizuta, Quantum 10, 1974 (2026), arXiv:2507.06557v4","Theorem 4, Eqs. (47)--(49), with direct Lemmas 9--10 BCH remainder","{""error_predicate_satisfied"":1.0,""extensiveness_g"":6.300000000000004,""joint_predicate_satisfied"":1.0,""legacy_first_condition_passed"":0.0,""legacy_first_time_limit"":1.2347983226156727e-05,""local_commutator_error"":2.642564788906515e-09,""local_step_error"":2.6425647889065153e-09,""local_truncated_bch_error"":1.8953450583284392e-32,""locality_k"":2.0,""mu_upper"":212.8718604247946,""refined_lemma10_remainder"":1.8953450583284387e-32,""refined_lemma9_remainder"":1.4455995658167747e-48,""refined_tail_fallback"":0.0,""repeated_global_error"":0.00017955486973076097,""schedule_weighted_extensiveness"":6.300000000000007,""second_time_limit"":0.0011744154417644244,""time_2_predicate_satisfied"":1.0,""total_branchwise_bch_remainder"":1.8953450583284392e-32,""truncation_order_p0"":20.0}",True,ideal-mpf,True,ordered individual Pauli terms,"[""individual Pauli summands define the ordered H_gamma decomposition"",""the actual Strang factors define schedule-weighted g_alpha extensiveness"",""Lemma 9 and Lemma 10 positive majorants directly certify the BCH remainder"",""the scalar-flow/Cauchy refined tail certificate is used"",""Theorem 4 second time hypothesis is satisfied"",""the repeated ideal MPF is composed with the Eq. (15) telescoping argument""]","exact Pauli recurrence would require 307800 transitions at order 4, above cap 250000; remaining orders use Mizuta 2026 Eq. (8)",20.0,3.0,True,True,"{""2"":1588.800000000002,""3"":26021.760000000057,""4"":34480081.03680006,""5"":3475592168.5094457,""6"":437924613232.18976,""7"":66214201520707.76,""8"":1.1680185148252828e+16,""9"":2.354725325887758e+18,""10"":5.3405170391134274e+20,""11"":1.345810293856585e+23,""12"":3.7305861345704733e+25,""13"":1.1281292470941247e+28,""14"":3.6957514134803366e+30,""15"":1.303861098675863e+33,""16"":4.9285949529947805e+35,""17"":1.987209485047489e+38,""18"":8.513205433943494e+40,""19"":3.861589984836771e+43,""20"":1.8489292847398422e+46}",repeated-shared-ancilla-good-block,True,False,0.0001795736083471991,new,"[1,2,3,4,5,6,7,10,18,46]","[-1.018659142049789e-15,7.422846929019768e-10,-1.3257582359573536e-06,0.00016899488366474386,-0.004245967231050632,0.03062942826404365,-0.06314501886386865,0.12451536167559175,-0.4127707622244733,1.3248492885120446]",1.960326148155259,0.03967385184474104,102.0,registered-exact,True,10.0,5.0,2.0,6.0,12.0,4.0,6.0,3.0,2.0,3.0,2.0,one robust OAA round per segment,67935.0,branch register all-zero,,64.0,18673836930.0,8831550.0,-1.0,2894480050350.0,32666343663.0,analytical-model,1.995262314968879e-05,,,,,,,,,,,,0.1.0,3.11.9,2.5.0,b58b31db18364511c43757e27fffc7abce8df2c1,True,ok,,
1.0,heisenberg_chain:N057,-3.8,commutator,932560.0,,,2.0,a8fa234e-a646-4911-8402-a67c302db4ae,2026-08-12T00:11:58.358108+00:00,c1ad72de628f71283ac69037e9bbe97c3e773952f5abde5eac91397ca322d1a6,resource-grid,heisenberg_chain,Heisenberg-57,"{""coupling"":1.0,""field_z"":0.3}",57,57.0,proportional,1.0,0.00015848931924611142,185.10000000000065,225,trotter-p2,trotter,Trotter p=2,analytical,analytical,2.0,,,,,,932560.0,,,,,,,,,,,,,,,,,,,,,,,,,,,,,,individual,225.0,0.0001426402457149833,669.839999999999,childs-commutator,"Childs, Su, Tran, Wiebe, and Zhu, arXiv:1912.08854",Propositions 9--10,"{""prefactor"":669.839999999999}",True,implemented-product-formula,True,,"[""the resolved ordered Hamiltonian groups match the implemented formula""]",,,,,,,implemented-product-formula,True,True,0.0001426403873215003,,,,,,,,,,,,,,,,,,,1.0,none,0.0,system register,1.0,57.0,418719440.0,0.0,-1.0,58620721600.0,625287698.0,analytical-model,1.584893192461114e-05,,,,,,,,,,,,0.1.0,3.11.9,2.5.0,b58b31db18364511c43757e27fffc7abce8df2c1,True,ok,,
1.0,heisenberg_chain:N057,-3.8,empirical,283743.0,,,2.0,a8fa234e-a646-4911-8402-a67c302db4ae,2026-08-12T00:11:58.358108+00:00,c1ad72de628f71283ac69037e9bbe97c3e773952f5abde5eac91397ca322d1a6,resource-grid,heisenberg_chain,Heisenberg-57,"{""coupling"":1.0,""field_z"":0.3}",57,57.0,proportional,1.0,0.00015848931924611142,185.10000000000065,225,trotter-p2-empirical,trotter,Trotter p=2 [empirical],empirical-operator-norm,empirical,2.0,,,,,,283743.0,,,,,,,,,,,,,,,,,,,,,,,,,,,,,,individual,225.0,0.000142639810677159,62.0106807611,empirical-operator-norm,Repository empirical operator-norm calibration study v1 (2026-08-10),reviewed calibration opnorm-v1-heisenberg-open-trotter-p2; artifact docs/calibration_data/empirical_1d_v1_accepted.json,"{""prefactor"":62.0106807611}",False,implemented-product-formula,False,,"[""the resolved ordered Hamiltonian groups match the implemented formula"",""the fixed formal-order powers in time and segments apply"",""the reviewed affine size calibration extrapolates as flagged""]",,,,,,,implemented-product-formula,False,False,0.0001426403873215003,,,,,,,,,,,,,,,,,,,1.0,none,0.0,system register,1.0,57.0,127400607.0,0.0,-1.0,17199081945.0,190251574.0,analytical-model,1.584893192461114e-05,opnorm-v1-heisenberg-open-trotter-p2,heisenberg_chain,affine-aN-plus-b,62.0106807611,4.0,12.0,4.0,12.0,True,True,formula,0.1.0,3.11.9,2.5.0,b58b31db18364511c43757e27fffc7abce8df2c1,True,ok,,
1.0,heisenberg_chain:N057,-3.8,commutator,20065.0,,,2.0,a8fa234e-a646-4911-8402-a67c302db4ae,2026-08-12T00:11:58.358108+00:00,c1ad72de628f71283ac69037e9bbe97c3e773952f5abde5eac91397ca322d1a6,resource-grid,heisenberg_chain,Heisenberg-57,"{""coupling"":1.0,""field_z"":0.3}",57,57.0,proportional,1.0,0.00015848931924611142,185.10000000000065,225,trotter-p4,trotter,Trotter p=4,analytical,analytical,4.0,,,,,,20065.0,,,,,,,,,,,,,,,,,,,,,,,,,,,,,,commuting,3.0,0.0001426316950723534,38423.63263718384,schubert-mendl-commutator,"Schubert and Mendl, arXiv:2306.10603",Theorem 1,"{""prefactor"":38423.63263718384}",True,implemented-product-formula,True,,"[""the resolved ordered Hamiltonian groups match the implemented formula""]",,,,,,,implemented-product-formula,True,True,0.0001426403873215003,,,,,,,,,,,,,,,,,,,1.0,none,0.0,system register,1.0,57.0,39628375.0,0.0,-1.0,5112060375.0,59178374.0,analytical-model,1.584893192461114e-05,,,,,,,,,,,,0.1.0,3.11.9,2.5.0,b58b31db18364511c43757e27fffc7abce8df2c1,True,ok,,
1.0,heisenberg_chain:N057,-3.8,empirical,2845.0,,,2.0,a8fa234e-a646-4911-8402-a67c302db4ae,2026-08-12T00:11:58.358108+00:00,c1ad72de628f71283ac69037e9bbe97c3e773952f5abde5eac91397ca322d1a6,resource-grid,heisenberg_chain,Heisenberg-57,"{""coupling"":1.0,""field_z"":0.3}",57,57.0,proportional,1.0,0.00015848931924611142,185.10000000000065,225,trotter-p4-empirical,trotter,Trotter p=4 [empirical],empirical-operator-norm,empirical,4.0,,,,,,2845.0,,,,,,,,,,,,,,,,,,,,,,,,,,,,,,commuting,3.0,0.00014255284423639013,15.521392859299997,empirical-operator-norm,Repository empirical operator-norm calibration study v1 (2026-08-10),reviewed calibration opnorm-v1-heisenberg-open-trotter-p4; artifact docs/calibration_data/empirical_1d_v1_accepted.json,"{""prefactor"":15.521392859299997}",False,implemented-product-formula,False,,"[""the resolved ordered Hamiltonian groups match the implemented formula"",""the fixed formal-order powers in time and segments apply"",""the reviewed affine size calibration extrapolates as flagged""]",,,,,,,implemented-product-formula,False,False,0.0001426403873215003,,,,,,,,,,,,,,,,,,,1.0,none,0.0,system register,1.0,57.0,5618875.0,0.0,-1.0,679883875.0,8390854.0,analytical-model,1.584893192461114e-05,opnorm-v1-heisenberg-open-trotter-p4,heisenberg_chain,affine-aN-plus-b,15.521392859299997,4.0,12.0,4.0,12.0,True,True,formula,0.1.0,3.11.9,2.5.0,b58b31db18364511c43757e27fffc7abce8df2c1,True,ok,,
1.0,heisenberg_chain:N057,-3.8,commutator,7634.0,,,2.0,a8fa234e-a646-4911-8402-a67c302db4ae,2026-08-12T00:11:58.358108+00:00,c1ad72de628f71283ac69037e9bbe97c3e773952f5abde5eac91397ca322d1a6,resource-grid,heisenberg_chain,Heisenberg-57,"{""coupling"":1.0,""field_z"":0.3}",57,57.0,proportional,1.0,0.00015848931924611142,185.10000000000065,225,trotter-p6,trotter,Trotter p=6,analytical,analytical,6.0,,,,,,7634.0,,,,,,,,,,,,,,,,,,,,,,,,,,,,,,commuting,3.0,0.00014254608660061618,14432588.951672671,schubert-mendl-commutator,"Schubert and Mendl, arXiv:2306.10603",Theorem 1,"{""prefactor"":14432588.951672671}",True,implemented-product-formula,True,,"[""the resolved ordered Hamiltonian groups match the implemented formula""]",,,,,,,implemented-product-formula,True,True,0.0001426403873215003,,,,,,,,,,,,,,,,,,,1.0,none,0.0,system register,1.0,57.0,75385750.0,0.0,-1.0,9950919000.0,112576054.0,analytical-model,1.584893192461114e-05,,,,,,,,,,,,0.1.0,3.11.9,2.5.0,b58b31db18364511c43757e27fffc7abce8df2c1,True,ok,,
1.0,heisenberg_chain:N057,-3.8,empirical,382.0,,,2.0,a8fa234e-a646-4911-8402-a67c302db4ae,2026-08-12T00:11:58.358108+00:00,c1ad72de628f71283ac69037e9bbe97c3e773952f5abde5eac91397ca322d1a6,resource-grid,heisenberg_chain,Heisenberg-57,"{""coupling"":1.0,""field_z"":0.3}",57,57.0,proportional,1.0,0.00015848931924611142,185.10000000000065,225,trotter-p6-empirical,trotter,Trotter p=6 [empirical],empirical-operator-norm,empirical,6.0,,,,,,382.0,,,,,,,,,,,,,,,,,,,,,,,,,,,,,,commuting,3.0,0.00014179501202974749,0.225380917,empirical-operator-norm,Repository empirical operator-norm calibration study v1 (2026-08-10),reviewed calibration opnorm-v1-heisenberg-open-trotter-p6; artifact docs/calibration_data/empirical_1d_v1_accepted.json,"{""prefactor"":0.225380917}",False,implemented-product-formula,False,,"[""the resolved ordered Hamiltonian groups match the implemented formula"",""the fixed formal-order powers in time and segments apply"",""the reviewed affine size calibration extrapolates as flagged""]",,,,,,,implemented-product-formula,False,False,0.0001426403873215003,,,,,,,,,,,,,,,,,,,1.0,none,0.0,system register,1.0,57.0,3772250.0,0.0,-1.0,448897750.0,5633227.0,analytical-model,1.584893192461114e-05,opnorm-v1-heisenberg-open-trotter-p6,heisenberg_chain,affine-aN-plus-b,0.225380917,4.0,12.0,4.0,12.0,True,True,formula,0.1.0,3.11.9,2.5.0,b58b31db18364511c43757e27fffc7abce8df2c1,True,ok,,
1.0,heisenberg_chain:N057,-3.8,jacobi-anger,,,,2.0,a8fa234e-a646-4911-8402-a67c302db4ae,2026-08-12T00:11:58.358108+00:00,c1ad72de628f71283ac69037e9bbe97c3e773952f5abde5eac91397ca322d1a6,resource-grid,heisenberg_chain,Heisenberg-57,"{""coupling"":1.0,""field_z"":0.3}",57,57.0,proportional,1.0,0.00015848931924611142,185.10000000000065,225,qsvt,qsvt,QSVT,jacobi-anger-rigorous,analytical,,,,,,,,,,,,,,,,,,,,,,,,,,,,,,,,,,,86079.0,14347.0,,,2.3118668278937347e-05,,jacobi-anger-polynomial-oaa,"Martyn et al., arXiv:2105.02859, Eqs. (76)--(77)",Jacobi--Anger tails plus exact cubic OAA identity,"{""oaa-unitarity-defect-distortion"":1.1559434351771536e-05,""scaled-polynomial-error"":1.1559233927165811e-05}",True,ideal-qsvt-oaa-good-block,True,,"[""the cosine and sine polynomials are implemented exactly"",""the unamplified good block is exactly Q/2""]",,,,,,,implemented-qsvt-floating-phase-circuit,False,False,0.0001426403873215003,,,,,,,,,,,,,,,,,,,2.0,one robust OAA round,1.0,"component, quadrature, and index registers all-zero",,75.0,44072460.0,156491748.0,-1.0,6355386792.0,1016507667.0,analytical-model,1.584893192461114e-05,,,,,,,,,,,,0.1.0,3.11.9,2.5.0,b58b31db18364511c43757e27fffc7abce8df2c1,True,ok,,
1.0,heisenberg_chain:N057,-3.8,empirical,,10.0,,2.0,a8fa234e-a646-4911-8402-a67c302db4ae,2026-08-12T00:11:58.358108+00:00,c1ad72de628f71283ac69037e9bbe97c3e773952f5abde5eac91397ca322d1a6,resource-grid,heisenberg_chain,Heisenberg-57,"{""coupling"":1.0,""field_z"":0.3}",57,57.0,proportional,1.0,0.00015848931924611142,185.10000000000065,225,mpf-j-mizuta2026-theorem6-empirical-operator-norm,multiproduct,MPF J=Mizuta Theorem 6 (resolved per point) [empirical operator norm],empirical-operator-norm,,,10.0,20.0,mizuta2026-theorem6,6.300000000000004,0.0001426403873215003,,,,,,,,,,,,,,,,,,,,,,,,,,,,,,,,,,,,,,,,,,,,,,,,,,,,,0.0001426403873215003,,,,,,,,,,,,,,,,,,,,,,,,,,,,,,,,,,,,,,,,,,,0.1.0,3.11.9,2.5.0,b58b31db18364511c43757e27fffc7abce8df2c1,True,missing_empirical,UnsupportedEmpiricalCalibrationError,"no reviewed empirical operator-norm calibration for method=multiproduct, formal_order=20, model=heisenberg_chain, parameters={'coupling': 1.0, 'field_z': 0.3}, boundary=open, partition=None, schedule='new', formula='ordered-individual-pauli-strang-mpf-v1'"
1.0,heisenberg_chain:N057,-3.8,commutator,,10.0,68722.0,2.0,a8fa234e-a646-4911-8402-a67c302db4ae,2026-08-12T00:11:58.358108+00:00,c1ad72de628f71283ac69037e9bbe97c3e773952f5abde5eac91397ca322d1a6,resource-grid,heisenberg_chain,Heisenberg-57,"{""coupling"":1.0,""field_z"":0.3}",57,57.0,proportional,1.0,0.00015848931924611142,185.10000000000065,225,mpf-j-mizuta2026-theorem6-mizuta2026-commutator-ideal-rigorous,multiproduct,MPF J=Mizuta Theorem 6 (resolved per point) [Mizuta 2026 refined commutator],mizuta2026-commutator-ideal-rigorous,analytical,,10.0,20.0,mizuta2026-theorem6,6.300000000000004,0.0001426403873215003,68722.0,68722.0,,48535.0,"[""error""]",212.8718604247946,20.0,,,2.0748142624627542e-09,1.4862981568659966e-32,1.134812379478607e-48,1.4862981568659963e-32,1.4862981568659966e-32,2.0748142624627546e-09,0.00014260571749078363,1.2347983226156727e-05,False,0.0011744154417644244,"[1.0000000000000002,1.0000000000000002,1.0000000000000002,1.0000000000000002,1.0000000000000002,1.0000000000000002,1.0000000000000002,1.0000000000000002,1.0000000000000002,1.0000000000000002,1.0000000000000002,1.0000000000000002,1.0000000000000002,1.0000000000000002,1.0000000000000002,1.0000000000000002,1.0000000000000002,1.0000000000000002,1.0000000000000002,1.0000000000000002,1.0000000000000002,1.0000000000000002,1.0000000000000002,1.0000000000000002,1.0000000000000002,1.0000000000000002,1.0000000000000002,1.0000000000000002,1.0000000000000002,1.0000000000000002,1.0000000000000002,1.0000000000000002,1.0000000000000002,1.0000000000000002,1.0000000000000002,1.0000000000000002,1.0000000000000002,1.0000000000000002,1.0000000000000002,1.0000000000000002,1.0000000000000002,1.0000000000000002,1.0000000000000002,1.0000000000000002,1.0000000000000002,1.0000000000000002,1.0000000000000002,1.0000000000000002,1.0000000000000002,1.0000000000000002,1.0000000000000002,1.0000000000000002,1.0000000000000002,1.0000000000000002,1.0000000000000002,1.0000000000000002,1.0000000000000002,1.0000000000000002,1.0000000000000002,1.0000000000000002,1.0000000000000002,1.0000000000000002,1.0000000000000002,1.0000000000000002,1.0000000000000002,1.0000000000000002,1.0000000000000002,1.0000000000000002,1.0000000000000002,1.0000000000000002,1.0000000000000002,1.0000000000000002,1.0000000000000002,1.0000000000000002,1.0000000000000002,1.0000000000000002,1.0000000000000002,1.0000000000000002,1.0000000000000002,1.0000000000000002,1.0000000000000002,1.0000000000000002,1.0000000000000002,1.0000000000000002,1.0000000000000002,1.0000000000000002,1.0000000000000002,1.0000000000000002,1.0000000000000002,1.0000000000000002,1.0000000000000002,1.0000000000000002,1.0000000000000002,1.0000000000000002,1.0000000000000002,1.0000000000000002,1.0000000000000002,1.0000000000000002,1.0000000000000002,1.0000000000000002,1.0000000000000002,1.0000000000000002,1.0000000000000002,1.0000000000000002,1.0000000000000002,1.0000000000000002,1.0000000000000002,1.0000000000000002,1.0000000000000002,1.0000000000000002,1.0000000000000002,1.0000000000000002,1.0000000000000002,1.0000000000000002,1.0000000000000002,1.0000000000000002,1.0000000000000002,1.0000000000000002,1.0000000000000002,1.0000000000000002,1.0000000000000002,1.0000000000000002,1.0000000000000002,1.0000000000000002,1.0000000000000002,1.0000000000000002,1.0000000000000002,1.0000000000000002,1.0000000000000002,1.0000000000000002,1.0000000000000002,1.0000000000000002,1.0000000000000002,1.0000000000000002,1.0000000000000002,1.0000000000000002,1.0000000000000002,1.0000000000000002,1.0000000000000002,1.0000000000000002,1.0000000000000002,1.0000000000000002,1.0000000000000002,1.0000000000000002,1.0000000000000002,1.0000000000000002,1.0000000000000002,1.0000000000000002,1.0000000000000002,1.0000000000000002,1.0000000000000002,1.0000000000000002,1.0000000000000002,1.0000000000000002,1.0000000000000002,1.0000000000000002,1.0000000000000002,1.0000000000000002,1.0000000000000002,1.0000000000000002,1.0000000000000002,1.0000000000000002,1.0000000000000002,1.0000000000000002,1.0000000000000002,1.0000000000000002,1.0000000000000002,1.0000000000000002,1.0000000000000002,1.0000000000000002,1.0000000000000002,1.0000000000000002,1.0000000000000002,1.0000000000000002,1.0000000000000002,1.0000000000000002,1.0000000000000002,1.0000000000000002,1.0000000000000002,1.0000000000000002,1.0000000000000002,1.0000000000000002,1.0000000000000002,1.0000000000000002,1.0000000000000002,1.0000000000000002,1.0000000000000002,1.0000000000000002,1.0000000000000002,1.0000000000000002,1.0000000000000002,1.0000000000000002,1.0000000000000002,1.0000000000000002,1.0000000000000002,1.0000000000000002,1.0000000000000002,1.0000000000000002,1.0000000000000002,1.0000000000000002,1.0000000000000002,1.0000000000000002,1.0000000000000002,1.0000000000000002,1.0000000000000002,1.0000000000000002,1.0000000000000002,1.0000000000000002,1.0000000000000002,1.0000000000000002,1.0000000000000002,1.0000000000000002,1.0000000000000002,1.0000000000000002,1.0000000000000002,1.0000000000000002,1.0000000000000002,1.0000000000000002,1.0000000000000002,1.0000000000000002,1.0000000000000002,1.0000000000000002,1.0000000000000002,1.0000000000000002,1.0000000000000002]",6.300000000000007,3.0,True,exact commutator transition cap reached; locality bound used,not-used,commutator,mizuta2026-commutator-ideal-rigorous,[],21028932.0,,,,0.00014260571749078363,1.0534619387045217e+56,mizuta2026-commutator-ideal-rigorous,"Mizuta, Quantum 10, 1974 (2026), arXiv:2507.06557v4","Theorem 4, Eqs. (47)--(49), with direct Lemmas 9--10 BCH remainder","{""error_predicate_satisfied"":1.0,""extensiveness_g"":6.300000000000004,""joint_predicate_satisfied"":1.0,""legacy_first_condition_passed"":0.0,""legacy_first_time_limit"":1.2347983226156727e-05,""local_commutator_error"":2.0748142624627542e-09,""local_step_error"":2.0748142624627546e-09,""local_truncated_bch_error"":1.4862981568659966e-32,""locality_k"":2.0,""mu_upper"":212.8718604247946,""refined_lemma10_remainder"":1.4862981568659963e-32,""refined_lemma9_remainder"":1.134812379478607e-48,""refined_tail_fallback"":0.0,""repeated_global_error"":0.00014260571749078363,""schedule_weighted_extensiveness"":6.300000000000007,""second_time_limit"":0.0011744154417644244,""time_2_predicate_satisfied"":1.0,""total_branchwise_bch_remainder"":1.4862981568659966e-32,""truncation_order_p0"":20.0}",True,ideal-mpf,True,ordered individual Pauli terms,"[""individual Pauli summands define the ordered H_gamma decomposition"",""the actual Strang factors define schedule-weighted g_alpha extensiveness"",""Lemma 9 and Lemma 10 positive majorants directly certify the BCH remainder"",""the scalar-flow/Cauchy refined tail certificate is used"",""Theorem 4 second time hypothesis is satisfied"",""the repeated ideal MPF is composed with the Eq. (15) telescoping argument""]","exact Pauli recurrence would require 307800 transitions at order 4, above cap 250000; remaining orders use Mizuta 2026 Eq. (8)",20.0,3.0,True,True,"{""2"":1588.800000000002,""3"":26021.760000000057,""4"":34480081.03680006,""5"":3475592168.5094457,""6"":437924613232.18976,""7"":66214201520707.76,""8"":1.1680185148252828e+16,""9"":2.354725325887758e+18,""10"":5.3405170391134274e+20,""11"":1.345810293856585e+23,""12"":3.7305861345704733e+25,""13"":1.1281292470941247e+28,""14"":3.6957514134803366e+30,""15"":1.303861098675863e+33,""16"":4.9285949529947805e+35,""17"":1.987209485047489e+38,""18"":8.513205433943494e+40,""19"":3.861589984836771e+43,""20"":1.8489292847398422e+46}",repeated-shared-ancilla-good-block,True,False,0.0001426403873215003,new,"[1,2,3,4,5,6,7,10,18,46]","[-1.018659142049789e-15,7.422846929019768e-10,-1.3257582359573536e-06,0.00016899488366474386,-0.004245967231050632,0.03062942826404365,-0.06314501886386865,0.12451536167559175,-0.4127707622244733,1.3248492885120446]",1.960326148155259,0.03967385184474104,102.0,registered-exact,True,10.0,5.0,2.0,6.0,12.0,4.0,6.0,3.0,2.0,3.0,2.0,one robust OAA round per segment,68722.0,branch register all-zero,,64.0,18890165916.0,8933860.0,-1.0,2946901618336.0,33044770283.0,analytical-model,1.584893192461114e-05,,,,,,,,,,,,0.1.0,3.11.9,2.5.0,b58b31db18364511c43757e27fffc7abce8df2c1,True,ok,,
1.0,heisenberg_chain:N057,-3.9,commutator,1046350.0,,,2.0,a8fa234e-a646-4911-8402-a67c302db4ae,2026-08-12T00:11:58.358108+00:00,c1ad72de628f71283ac69037e9bbe97c3e773952f5abde5eac91397ca322d1a6,resource-grid,heisenberg_chain,Heisenberg-57,"{""coupling"":1.0,""field_z"":0.3}",57,57.0,proportional,1.0,0.00012589254117941674,185.10000000000065,225,trotter-p2,trotter,Trotter p=2,analytical,analytical,2.0,,,,,,1046350.0,,,,,,,,,,,,,,,,,,,,,,,,,,,,,,individual,225.0,0.00011330307273681723,669.839999999999,childs-commutator,"Childs, Su, Tran, Wiebe, and Zhu, arXiv:1912.08854",Propositions 9--10,"{""prefactor"":669.839999999999}",True,implemented-product-formula,True,,"[""the resolved ordered Hamiltonian groups match the implemented formula""]",,,,,,,implemented-product-formula,True,True,0.00011330328706147508,,,,,,,,,,,,,,,,,,,1.0,none,0.0,system register,1.0,57.0,469811150.0,0.0,-1.0,66243372150.0,701584651.0,analytical-model,1.2589254117941675e-05,,,,,,,,,,,,0.1.0,3.11.9,2.5.0,b58b31db18364511c43757e27fffc7abce8df2c1,True,ok,,
1.0,heisenberg_chain:N057,-3.9,empirical,318365.0,,,2.0,a8fa234e-a646-4911-8402-a67c302db4ae,2026-08-12T00:11:58.358108+00:00,c1ad72de628f71283ac69037e9bbe97c3e773952f5abde5eac91397ca322d1a6,resource-grid,heisenberg_chain,Heisenberg-57,"{""coupling"":1.0,""field_z"":0.3}",57,57.0,proportional,1.0,0.00012589254117941674,185.10000000000065,225,trotter-p2-empirical,trotter,Trotter p=2 [empirical],empirical-operator-norm,empirical,2.0,,,,,,318365.0,,,,,,,,,,,,,,,,,,,,,,,,,,,,,,individual,225.0,0.00011330274522522446,62.0106807611,empirical-operator-norm,Repository empirical operator-norm calibration study v1 (2026-08-10),reviewed calibration opnorm-v1-heisenberg-open-trotter-p2; artifact docs/calibration_data/empirical_1d_v1_accepted.json,"{""prefactor"":62.0106807611}",False,implemented-product-formula,False,,"[""the resolved ordered Hamiltonian groups match the implemented formula"",""the fixed formal-order powers in time and segments apply"",""the reviewed affine size calibration extrapolates as flagged""]",,,,,,,implemented-product-formula,False,False,0.00011330328706147508,,,,,,,,,,,,,,,,,,,1.0,none,0.0,system register,1.0,57.0,142945885.0,0.0,-1.0,19440640360.0,213465855.0,analytical-model,1.2589254117941675e-05,opnorm-v1-heisenberg-open-trotter-p2,heisenberg_chain,affine-aN-plus-b,62.0106807611,4.0,12.0,4.0,12.0,True,True,formula,0.1.0,3.11.9,2.5.0,b58b31db18364511c43757e27fffc7abce8df2c1,True,ok,,
1.0,heisenberg_chain:N057,-3.9,commutator,21254.0,,,2.0,a8fa234e-a646-4911-8402-a67c302db4ae,2026-08-12T00:11:58.358108+00:00,c1ad72de628f71283ac69037e9bbe97c3e773952f5abde5eac91397ca322d1a6,resource-grid,heisenberg_chain,Heisenberg-57,"{""coupling"":1.0,""field_z"":0.3}",57,57.0,proportional,1.0,0.00012589254117941674,185.10000000000065,225,trotter-p4,trotter,Trotter p=4,analytical,analytical,4.0,,,,,,21254.0,,,,,,,,,,,,,,,,,,,,,,,,,,,,,,commuting,3.0,0.00011329480462377614,38423.63263718384,schubert-mendl-commutator,"Schubert and Mendl, arXiv:2306.10603",Theorem 1,"{""prefactor"":38423.63263718384}",True,implemented-product-formula,True,,"[""the resolved ordered Hamiltonian groups match the implemented formula""]",,,,,,,implemented-product-formula,True,True,0.00011330328706147508,,,,,,,,,,,,,,,,,,,1.0,none,0.0,system register,1.0,57.0,41976650.0,0.0,-1.0,5498941150.0,62685131.0,analytical-model,1.2589254117941675e-05,,,,,,,,,,,,0.1.0,3.11.9,2.5.0,b58b31db18364511c43757e27fffc7abce8df2c1,True,ok,,
1.0,heisenberg_chain:N057,-3.9,empirical,3014.0,,,2.0,a8fa234e-a646-4911-8402-a67c302db4ae,2026-08-12T00:11:58.358108+00:00,c1ad72de628f71283ac69037e9bbe97c3e773952f5abde5eac91397ca322d1a6,resource-grid,heisenberg_chain,Heisenberg-57,"{""coupling"":1.0,""field_z"":0.3}",57,57.0,proportional,1.0,0.00012589254117941674,185.10000000000065,225,trotter-p4-empirical,trotter,Trotter p=4 [empirical],empirical-operator-norm,empirical,4.0,,,,,,3014.0,,,,,,,,,,,,,,,,,,,,,,,,,,,,,,commuting,3.0,0.00011317017249729317,15.521392859299997,empirical-operator-norm,Repository empirical operator-norm calibration study v1 (2026-08-10),reviewed calibration opnorm-v1-heisenberg-open-trotter-p4; artifact docs/calibration_data/empirical_1d_v1_accepted.json,"{""prefactor"":15.521392859299997}",False,implemented-product-formula,False,,"[""the resolved ordered Hamiltonian groups match the implemented formula"",""the fixed formal-order powers in time and segments apply"",""the reviewed affine size calibration extrapolates as flagged""]",,,,,,,implemented-product-formula,False,False,0.00011330328706147508,,,,,,,,,,,,,,,,,,,1.0,none,0.0,system register,1.0,57.0,5952650.0,0.0,-1.0,726223300.0,8889291.0,analytical-model,1.2589254117941675e-05,opnorm-v1-heisenberg-open-trotter-p4,heisenberg_chain,affine-aN-plus-b,15.521392859299997,4.0,12.0,4.0,12.0,True,True,formula,0.1.0,3.11.9,2.5.0,b58b31db18364511c43757e27fffc7abce8df2c1,True,ok,,
1.0,heisenberg_chain:N057,-3.9,commutator,7932.0,,,2.0,a8fa234e-a646-4911-8402-a67c302db4ae,2026-08-12T00:11:58.358108+00:00,c1ad72de628f71283ac69037e9bbe97c3e773952f5abde5eac91397ca322d1a6,resource-grid,heisenberg_chain,Heisenberg-57,"{""coupling"":1.0,""field_z"":0.3}",57,57.0,proportional,1.0,0.00012589254117941674,185.10000000000065,225,trotter-p6,trotter,Trotter p=6,analytical,analytical,6.0,,,,,,7932.0,,,,,,,,,,,,,,,,,,,,,,,,,,,,,,commuting,3.0,0.00011328489314579922,14432588.951672671,schubert-mendl-commutator,"Schubert and Mendl, arXiv:2306.10603",Theorem 1,"{""prefactor"":14432588.951672671}",True,implemented-product-formula,True,,"[""the resolved ordered Hamiltonian groups match the implemented formula""]",,,,,,,implemented-product-formula,True,True,0.00011330328706147508,,,,,,,,,,,,,,,,,,,1.0,none,0.0,system register,1.0,57.0,78328500.0,0.0,-1.0,10417690500.0,116970560.0,analytical-model,1.2589254117941675e-05,,,,,,,,,,,,0.1.0,3.11.9,2.5.0,b58b31db18364511c43757e27fffc7abce8df2c1,True,ok,,
1.0,heisenberg_chain:N057,-3.9,empirical,397.0,,,2.0,a8fa234e-a646-4911-8402-a67c302db4ae,2026-08-12T00:11:58.358108+00:00,c1ad72de628f71283ac69037e9bbe97c3e773952f5abde5eac91397ca322d1a6,resource-grid,heisenberg_chain,Heisenberg-57,"{""coupling"":1.0,""field_z"":0.3}",57,57.0,proportional,1.0,0.00012589254117941674,185.10000000000065,225,trotter-p6-empirical,trotter,Trotter p=6 [empirical],empirical-operator-norm,empirical,6.0,,,,,,397.0,,,,,,,,,,,,,,,,,,,,,,,,,,,,,,commuting,3.0,0.00011253771443660369,0.225380917,empirical-operator-norm,Repository empirical operator-norm calibration study v1 (2026-08-10),reviewed calibration opnorm-v1-heisenberg-open-trotter-p6; artifact docs/calibration_data/empirical_1d_v1_accepted.json,"{""prefactor"":0.225380917}",False,implemented-product-formula,False,,"[""the resolved ordered Hamiltonian groups match the implemented formula"",""the fixed formal-order powers in time and segments apply"",""the reviewed affine size calibration extrapolates as flagged""]",,,,,,,implemented-product-formula,False,False,0.00011330328706147508,,,,,,,,,,,,,,,,,,,1.0,none,0.0,system register,1.0,57.0,3920375.0,0.0,-1.0,470445000.0,5854427.0,analytical-model,1.2589254117941675e-05,opnorm-v1-heisenberg-open-trotter-p6,heisenberg_chain,affine-aN-plus-b,0.225380917,4.0,12.0,4.0,12.0,True,True,formula,0.1.0,3.11.9,2.5.0,b58b31db18364511c43757e27fffc7abce8df2c1,True,ok,,
1.0,heisenberg_chain:N057,-3.9,jacobi-anger,,,,2.0,a8fa234e-a646-4911-8402-a67c302db4ae,2026-08-12T00:11:58.358108+00:00,c1ad72de628f71283ac69037e9bbe97c3e773952f5abde5eac91397ca322d1a6,resource-grid,heisenberg_chain,Heisenberg-57,"{""coupling"":1.0,""field_z"":0.3}",57,57.0,proportional,1.0,0.00012589254117941674,185.10000000000065,225,qsvt,qsvt,QSVT,jacobi-anger-rigorous,analytical,,,,,,,,,,,,,,,,,,,,,,,,,,,,,,,,,,,86079.0,14347.0,,,1.9858949785803868e-05,,jacobi-anger-polynomial-oaa,"Martyn et al., arXiv:2105.02859, Eqs. (76)--(77)",Jacobi--Anger tails plus exact cubic OAA identity,"{""oaa-unitarity-defect-distortion"":9.929548837899064e-06,""scaled-polynomial-error"":9.929400947904803e-06}",True,ideal-qsvt-oaa-good-block,True,,"[""the cosine and sine polynomials are implemented exactly"",""the unamplified good block is exactly Q/2""]",,,,,,,implemented-qsvt-floating-phase-circuit,False,False,0.00011330328706147508,,,,,,,,,,,,,,,,,,,2.0,one robust OAA round,1.0,"component, quadrature, and index registers all-zero",,75.0,44072460.0,156491748.0,-1.0,6399459252.0,1016507667.0,analytical-model,1.2589254117941675e-05,,,,,,,,,,,,0.1.0,3.11.9,2.5.0,b58b31db18364511c43757e27fffc7abce8df2c1,True,ok,,
1.0,heisenberg_chain:N057,-3.9,empirical,,10.0,,2.0,a8fa234e-a646-4911-8402-a67c302db4ae,2026-08-12T00:11:58.358108+00:00,c1ad72de628f71283ac69037e9bbe97c3e773952f5abde5eac91397ca322d1a6,resource-grid,heisenberg_chain,Heisenberg-57,"{""coupling"":1.0,""field_z"":0.3}",57,57.0,proportional,1.0,0.00012589254117941674,185.10000000000065,225,mpf-j-mizuta2026-theorem6-empirical-operator-norm,multiproduct,MPF J=Mizuta Theorem 6 (resolved per point) [empirical operator norm],empirical-operator-norm,,,10.0,20.0,mizuta2026-theorem6,6.300000000000004,0.00011330328706147508,,,,,,,,,,,,,,,,,,,,,,,,,,,,,,,,,,,,,,,,,,,,,,,,,,,,,0.00011330328706147508,,,,,,,,,,,,,,,,,,,,,,,,,,,,,,,,,,,,,,,,,,,0.1.0,3.11.9,2.5.0,b58b31db18364511c43757e27fffc7abce8df2c1,True,missing_empirical,UnsupportedEmpiricalCalibrationError,"no reviewed empirical operator-norm calibration for method=multiproduct, formal_order=20, model=heisenberg_chain, parameters={'coupling': 1.0, 'field_z': 0.3}, boundary=open, partition=None, schedule='new', formula='ordered-individual-pauli-strang-mpf-v1'"
1.0,heisenberg_chain:N057,-3.9,commutator,,10.0,69517.0,2.0,a8fa234e-a646-4911-8402-a67c302db4ae,2026-08-12T00:11:58.358108+00:00,c1ad72de628f71283ac69037e9bbe97c3e773952f5abde5eac91397ca322d1a6,resource-grid,heisenberg_chain,Heisenberg-57,"{""coupling"":1.0,""field_z"":0.3}",57,57.0,proportional,1.0,0.00012589254117941674,185.10000000000065,225,mpf-j-mizuta2026-theorem6-mizuta2026-commutator-ideal-rigorous,multiproduct,MPF J=Mizuta Theorem 6 (resolved per point) [Mizuta 2026 refined commutator],mizuta2026-commutator-ideal-rigorous,analytical,,10.0,20.0,mizuta2026-theorem6,6.300000000000004,0.00011330328706147508,69517.0,69517.0,,48535.0,"[""error""]",212.8718604247946,20.0,,,1.6295937802534484e-09,1.1659438269529088e-32,8.911435882557846e-49,1.1659438269529086e-32,1.1659438269529088e-32,1.6295937802534486e-09,0.00011329730473550766,1.2347983226156727e-05,False,0.0011744154417644244,"[1.0000000000000002,1.0000000000000002,1.0000000000000002,1.0000000000000002,1.0000000000000002,1.0000000000000002,1.0000000000000002,1.0000000000000002,1.0000000000000002,1.0000000000000002,1.0000000000000002,1.0000000000000002,1.0000000000000002,1.0000000000000002,1.0000000000000002,1.0000000000000002,1.0000000000000002,1.0000000000000002,1.0000000000000002,1.0000000000000002,1.0000000000000002,1.0000000000000002,1.0000000000000002,1.0000000000000002,1.0000000000000002,1.0000000000000002,1.0000000000000002,1.0000000000000002,1.0000000000000002,1.0000000000000002,1.0000000000000002,1.0000000000000002,1.0000000000000002,1.0000000000000002,1.0000000000000002,1.0000000000000002,1.0000000000000002,1.0000000000000002,1.0000000000000002,1.0000000000000002,1.0000000000000002,1.0000000000000002,1.0000000000000002,1.0000000000000002,1.0000000000000002,1.0000000000000002,1.0000000000000002,1.0000000000000002,1.0000000000000002,1.0000000000000002,1.0000000000000002,1.0000000000000002,1.0000000000000002,1.0000000000000002,1.0000000000000002,1.0000000000000002,1.0000000000000002,1.0000000000000002,1.0000000000000002,1.0000000000000002,1.0000000000000002,1.0000000000000002,1.0000000000000002,1.0000000000000002,1.0000000000000002,1.0000000000000002,1.0000000000000002,1.0000000000000002,1.0000000000000002,1.0000000000000002,1.0000000000000002,1.0000000000000002,1.0000000000000002,1.0000000000000002,1.0000000000000002,1.0000000000000002,1.0000000000000002,1.0000000000000002,1.0000000000000002,1.0000000000000002,1.0000000000000002,1.0000000000000002,1.0000000000000002,1.0000000000000002,1.0000000000000002,1.0000000000000002,1.0000000000000002,1.0000000000000002,1.0000000000000002,1.0000000000000002,1.0000000000000002,1.0000000000000002,1.0000000000000002,1.0000000000000002,1.0000000000000002,1.0000000000000002,1.0000000000000002,1.0000000000000002,1.0000000000000002,1.0000000000000002,1.0000000000000002,1.0000000000000002,1.0000000000000002,1.0000000000000002,1.0000000000000002,1.0000000000000002,1.0000000000000002,1.0000000000000002,1.0000000000000002,1.0000000000000002,1.0000000000000002,1.0000000000000002,1.0000000000000002,1.0000000000000002,1.0000000000000002,1.0000000000000002,1.0000000000000002,1.0000000000000002,1.0000000000000002,1.0000000000000002,1.0000000000000002,1.0000000000000002,1.0000000000000002,1.0000000000000002,1.0000000000000002,1.0000000000000002,1.0000000000000002,1.0000000000000002,1.0000000000000002,1.0000000000000002,1.0000000000000002,1.0000000000000002,1.0000000000000002,1.0000000000000002,1.0000000000000002,1.0000000000000002,1.0000000000000002,1.0000000000000002,1.0000000000000002,1.0000000000000002,1.0000000000000002,1.0000000000000002,1.0000000000000002,1.0000000000000002,1.0000000000000002,1.0000000000000002,1.0000000000000002,1.0000000000000002,1.0000000000000002,1.0000000000000002,1.0000000000000002,1.0000000000000002,1.0000000000000002,1.0000000000000002,1.0000000000000002,1.0000000000000002,1.0000000000000002,1.0000000000000002,1.0000000000000002,1.0000000000000002,1.0000000000000002,1.0000000000000002,1.0000000000000002,1.0000000000000002,1.0000000000000002,1.0000000000000002,1.0000000000000002,1.0000000000000002,1.0000000000000002,1.0000000000000002,1.0000000000000002,1.0000000000000002,1.0000000000000002,1.0000000000000002,1.0000000000000002,1.0000000000000002,1.0000000000000002,1.0000000000000002,1.0000000000000002,1.0000000000000002,1.0000000000000002,1.0000000000000002,1.0000000000000002,1.0000000000000002,1.0000000000000002,1.0000000000000002,1.0000000000000002,1.0000000000000002,1.0000000000000002,1.0000000000000002,1.0000000000000002,1.0000000000000002,1.0000000000000002,1.0000000000000002,1.0000000000000002,1.0000000000000002,1.0000000000000002,1.0000000000000002,1.0000000000000002,1.0000000000000002,1.0000000000000002,1.0000000000000002,1.0000000000000002,1.0000000000000002,1.0000000000000002,1.0000000000000002,1.0000000000000002,1.0000000000000002,1.0000000000000002,1.0000000000000002,1.0000000000000002,1.0000000000000002,1.0000000000000002,1.0000000000000002,1.0000000000000002,1.0000000000000002,1.0000000000000002,1.0000000000000002,1.0000000000000002,1.0000000000000002,1.0000000000000002,1.0000000000000002,1.0000000000000002,1.0000000000000002,1.0000000000000002]",6.300000000000007,3.0,True,exact commutator transition cap reached; locality bound used,not-used,commutator,mizuta2026-commutator-ideal-rigorous,[],21272202.0,,,,0.00011329730473550766,1.0534619387045217e+56,mizuta2026-commutator-ideal-rigorous,"Mizuta, Quantum 10, 1974 (2026), arXiv:2507.06557v4","Theorem 4, Eqs. (47)--(49), with direct Lemmas 9--10 BCH remainder","{""error_predicate_satisfied"":1.0,""extensiveness_g"":6.300000000000004,""joint_predicate_satisfied"":1.0,""legacy_first_condition_passed"":0.0,""legacy_first_time_limit"":1.2347983226156727e-05,""local_commutator_error"":1.6295937802534484e-09,""local_step_error"":1.6295937802534486e-09,""local_truncated_bch_error"":1.1659438269529088e-32,""locality_k"":2.0,""mu_upper"":212.8718604247946,""refined_lemma10_remainder"":1.1659438269529086e-32,""refined_lemma9_remainder"":8.911435882557846e-49,""refined_tail_fallback"":0.0,""repeated_global_error"":0.00011329730473550766,""schedule_weighted_extensiveness"":6.300000000000007,""second_time_limit"":0.0011744154417644244,""time_2_predicate_satisfied"":1.0,""total_branchwise_bch_remainder"":1.1659438269529088e-32,""truncation_order_p0"":20.0}",True,ideal-mpf,True,ordered individual Pauli terms,"[""individual Pauli summands define the ordered H_gamma decomposition"",""the actual Strang factors define schedule-weighted g_alpha extensiveness"",""Lemma 9 and Lemma 10 positive majorants directly certify the BCH remainder"",""the scalar-flow/Cauchy refined tail certificate is used"",""Theorem 4 second time hypothesis is satisfied"",""the repeated ideal MPF is composed with the Eq. (15) telescoping argument""]","exact Pauli recurrence would require 307800 transitions at order 4, above cap 250000; remaining orders use Mizuta 2026 Eq. (8)",20.0,3.0,True,True,"{""2"":1588.800000000002,""3"":26021.760000000057,""4"":34480081.03680006,""5"":3475592168.5094457,""6"":437924613232.18976,""7"":66214201520707.76,""8"":1.1680185148252828e+16,""9"":2.354725325887758e+18,""10"":5.3405170391134274e+20,""11"":1.345810293856585e+23,""12"":3.7305861345704733e+25,""13"":1.1281292470941247e+28,""14"":3.6957514134803366e+30,""15"":1.303861098675863e+33,""16"":4.9285949529947805e+35,""17"":1.987209485047489e+38,""18"":8.513205433943494e+40,""19"":3.861589984836771e+43,""20"":1.8489292847398422e+46}",repeated-shared-ancilla-good-block,True,False,0.00011330328706147508,new,"[1,2,3,4,5,6,7,10,18,46]","[-1.018659142049789e-15,7.422846929019768e-10,-1.3257582359573536e-06,0.00016899488366474386,-0.004245967231050632,0.03062942826404365,-0.06314501886386865,0.12451536167559175,-0.4127707622244733,1.3248492885120446]",1.960326148155259,0.03967385184474104,102.0,registered-exact,True,10.0,5.0,2.0,6.0,12.0,4.0,6.0,3.0,2.0,3.0,2.0,one robust OAA round per segment,69517.0,branch register all-zero,,64.0,19108693926.0,9037210.0,-1.0,3000101095222.0,33427043680.0,analytical-model,1.2589254117941675e-05,,,,,,,,,,,,0.1.0,3.11.9,2.5.0,b58b31db18364511c43757e27fffc7abce8df2c1,True,ok,,
1.0,heisenberg_chain:N057,-4.0,commutator,1174023.0,,,2.0,a8fa234e-a646-4911-8402-a67c302db4ae,2026-08-12T00:11:58.358108+00:00,c1ad72de628f71283ac69037e9bbe97c3e773952f5abde5eac91397ca322d1a6,resource-grid,heisenberg_chain,Heisenberg-57,"{""coupling"":1.0,""field_z"":0.3}",57,57.0,proportional,1.0,0.0001,185.10000000000065,225,trotter-p2,trotter,Trotter p=2,analytical,analytical,2.0,,,,,,1174023.0,,,,,,,,,,,,,,,,,,,,,,,,,,,,,,individual,225.0,8.99999845555055e-05,669.839999999999,childs-commutator,"Childs, Su, Tran, Wiebe, and Zhu, arXiv:1912.08854",Propositions 9--10,"{""prefactor"":669.839999999999}",True,implemented-product-formula,True,,"[""the resolved ordered Hamiltonian groups match the implemented formula""]",,,,,,,implemented-product-formula,True,True,9e-05,,,,,,,,,,,,,,,,,,,1.0,none,0.0,system register,1.0,57.0,527136327.0,0.0,-1.0,75380494761.0,787190249.0,analytical-model,1e-05,,,,,,,,,,,,0.1.0,3.11.9,2.5.0,b58b31db18364511c43757e27fffc7abce8df2c1,True,ok,,
1.0,heisenberg_chain:N057,-4.0,empirical,357211.0,,,2.0,a8fa234e-a646-4911-8402-a67c302db4ae,2026-08-12T00:11:58.358108+00:00,c1ad72de628f71283ac69037e9bbe97c3e773952f5abde5eac91397ca322d1a6,resource-grid,heisenberg_chain,Heisenberg-57,"{""coupling"":1.0,""field_z"":0.3}",57,57.0,proportional,1.0,0.0001,185.10000000000065,225,trotter-p2-empirical,trotter,Trotter p=2 [empirical],empirical-operator-norm,empirical,2.0,,,,,,357211.0,,,,,,,,,,,,,,,,,,,,,,,,,,,,,,individual,225.0,8.999977378708607e-05,62.0106807611,empirical-operator-norm,Repository empirical operator-norm calibration study v1 (2026-08-10),reviewed calibration opnorm-v1-heisenberg-open-trotter-p2; artifact docs/calibration_data/empirical_1d_v1_accepted.json,"{""prefactor"":62.0106807611}",False,implemented-product-formula,False,,"[""the resolved ordered Hamiltonian groups match the implemented formula"",""the fixed formal-order powers in time and segments apply"",""the reviewed affine size calibration extrapolates as flagged""]",,,,,,,implemented-product-formula,False,False,9e-05,,,,,,,,,,,,,,,,,,,1.0,none,0.0,system register,1.0,57.0,160387739.0,0.0,-1.0,22133507982.0,239512357.0,analytical-model,1e-05,opnorm-v1-heisenberg-open-trotter-p2,heisenberg_chain,affine-aN-plus-b,62.0106807611,4.0,12.0,4.0,12.0,True,True,formula,0.1.0,3.11.9,2.5.0,b58b31db18364511c43757e27fffc7abce8df2c1,True,ok,,
1.0,heisenberg_chain:N057,-4.0,commutator,22513.0,,,2.0,a8fa234e-a646-4911-8402-a67c302db4ae,2026-08-12T00:11:58.358108+00:00,c1ad72de628f71283ac69037e9bbe97c3e773952f5abde5eac91397ca322d1a6,resource-grid,heisenberg_chain,Heisenberg-57,"{""coupling"":1.0,""field_z"":0.3}",57,57.0,proportional,1.0,0.0001,185.10000000000065,225,trotter-p4,trotter,Trotter p=4,analytical,analytical,4.0,,,,,,22513.0,,,,,,,,,,,,,,,,,,,,,,,,,,,,,,commuting,3.0,8.999931715974687e-05,38423.63263718384,schubert-mendl-commutator,"Schubert and Mendl, arXiv:2306.10603",Theorem 1,"{""prefactor"":38423.63263718384}",True,implemented-product-formula,True,,"[""the resolved ordered Hamiltonian groups match the implemented formula""]",,,,,,,implemented-product-formula,True,True,9e-05,,,,,,,,,,,,,,,,,,,1.0,none,0.0,system register,1.0,57.0,44463175.0,0.0,-1.0,5869139100.0,66398342.0,analytical-model,1e-05,,,,,,,,,,,,0.1.0,3.11.9,2.5.0,b58b31db18364511c43757e27fffc7abce8df2c1,True,ok,,
1.0,heisenberg_chain:N057,-4.0,empirical,3192.0,,,2.0,a8fa234e-a646-4911-8402-a67c302db4ae,2026-08-12T00:11:58.358108+00:00,c1ad72de628f71283ac69037e9bbe97c3e773952f5abde5eac91397ca322d1a6,resource-grid,heisenberg_chain,Heisenberg-57,"{""coupling"":1.0,""field_z"":0.3}",57,57.0,proportional,1.0,0.0001,185.10000000000065,225,trotter-p4-empirical,trotter,Trotter p=4 [empirical],empirical-operator-norm,empirical,4.0,,,,,,3192.0,,,,,,,,,,,,,,,,,,,,,,,,,,,,,,commuting,3.0,8.996082696867248e-05,15.521392859299997,empirical-operator-norm,Repository empirical operator-norm calibration study v1 (2026-08-10),reviewed calibration opnorm-v1-heisenberg-open-trotter-p4; artifact docs/calibration_data/empirical_1d_v1_accepted.json,"{""prefactor"":15.521392859299997}",False,implemented-product-formula,False,,"[""the resolved ordered Hamiltonian groups match the implemented formula"",""the fixed formal-order powers in time and segments apply"",""the reviewed affine size calibration extrapolates as flagged""]",,,,,,,implemented-product-formula,False,False,9e-05,,,,,,,,,,,,,,,,,,,1.0,none,0.0,system register,1.0,57.0,6304200.0,0.0,-1.0,775416600.0,9414272.0,analytical-model,1e-05,opnorm-v1-heisenberg-open-trotter-p4,heisenberg_chain,affine-aN-plus-b,15.521392859299997,4.0,12.0,4.0,12.0,True,True,formula,0.1.0,3.11.9,2.5.0,b58b31db18364511c43757e27fffc7abce8df2c1,True,ok,,
1.0,heisenberg_chain:N057,-4.0,commutator,8243.0,,,2.0,a8fa234e-a646-4911-8402-a67c302db4ae,2026-08-12T00:11:58.358108+00:00,c1ad72de628f71283ac69037e9bbe97c3e773952f5abde5eac91397ca322d1a6,resource-grid,heisenberg_chain,Heisenberg-57,"{""coupling"":1.0,""field_z"":0.3}",57,57.0,proportional,1.0,0.0001,185.10000000000065,225,trotter-p6,trotter,Trotter p=6,analytical,analytical,6.0,,,,,,8243.0,,,,,,,,,,,,,,,,,,,,,,,,,,,,,,commuting,3.0,8.994073524197381e-05,14432588.951672671,schubert-mendl-commutator,"Schubert and Mendl, arXiv:2306.10603",Theorem 1,"{""prefactor"":14432588.951672671}",True,implemented-product-formula,True,,"[""the resolved ordered Hamiltonian groups match the implemented formula""]",,,,,,,implemented-product-formula,True,True,9e-05,,,,,,,,,,,,,,,,,,,1.0,none,0.0,system register,1.0,57.0,81399625.0,0.0,-1.0,10988949375.0,121556774.0,analytical-model,1e-05,,,,,,,,,,,,0.1.0,3.11.9,2.5.0,b58b31db18364511c43757e27fffc7abce8df2c1,True,ok,,
1.0,heisenberg_chain:N057,-4.0,empirical,413.0,,,2.0,a8fa234e-a646-4911-8402-a67c302db4ae,2026-08-12T00:11:58.358108+00:00,c1ad72de628f71283ac69037e9bbe97c3e773952f5abde5eac91397ca322d1a6,resource-grid,heisenberg_chain,Heisenberg-57,"{""coupling"":1.0,""field_z"":0.3}",57,57.0,proportional,1.0,0.0001,185.10000000000065,225,trotter-p6-empirical,trotter,Trotter p=6 [empirical],empirical-operator-norm,empirical,6.0,,,,,,413.0,,,,,,,,,,,,,,,,,,,,,,,,,,,,,,commuting,3.0,8.878524988102148e-05,0.225380917,empirical-operator-norm,Repository empirical operator-norm calibration study v1 (2026-08-10),reviewed calibration opnorm-v1-heisenberg-open-trotter-p6; artifact docs/calibration_data/empirical_1d_v1_accepted.json,"{""prefactor"":0.225380917}",False,implemented-product-formula,False,,"[""the resolved ordered Hamiltonian groups match the implemented formula"",""the fixed formal-order powers in time and segments apply"",""the reviewed affine size calibration extrapolates as flagged""]",,,,,,,implemented-product-formula,False,False,9e-05,,,,,,,,,,,,,,,,,,,1.0,none,0.0,system register,1.0,57.0,4078375.0,0.0,-1.0,493483375.0,6090374.0,analytical-model,1e-05,opnorm-v1-heisenberg-open-trotter-p6,heisenberg_chain,affine-aN-plus-b,0.225380917,4.0,12.0,4.0,12.0,True,True,formula,0.1.0,3.11.9,2.5.0,b58b31db18364511c43757e27fffc7abce8df2c1,True,ok,,
1.0,heisenberg_chain:N057,-4.0,jacobi-anger,,,,2.0,a8fa234e-a646-4911-8402-a67c302db4ae,2026-08-12T00:11:58.358108+00:00,c1ad72de628f71283ac69037e9bbe97c3e773952f5abde5eac91397ca322d1a6,resource-grid,heisenberg_chain,Heisenberg-57,"{""coupling"":1.0,""field_z"":0.3}",57,57.0,proportional,1.0,0.0001,185.10000000000065,225,qsvt,qsvt,QSVT,jacobi-anger-rigorous,analytical,,,,,,,,,,,,,,,,,,,,,,,,,,,,,,,,,,,86079.0,14347.0,,,1.7269669028866422e-05,,jacobi-anger-polynomial-oaa,"Martyn et al., arXiv:2105.02859, Eqs. (76)--(77)",Jacobi--Anger tails plus exact cubic OAA identity,"{""oaa-unitarity-defect-distortion"":8.634890434145197e-06,""scaled-polynomial-error"":8.634778594721225e-06}",True,ideal-qsvt-oaa-good-block,True,,"[""the cosine and sine polynomials are implemented exactly"",""the unamplified good block is exactly Q/2""]",,,,,,,implemented-qsvt-floating-phase-circuit,False,False,9e-05,,,,,,,,,,,,,,,,,,,2.0,one robust OAA round,1.0,"component, quadrature, and index registers all-zero",,75.0,44072460.0,156491748.0,-1.0,6443531712.0,1016507667.0,analytical-model,1e-05,,,,,,,,,,,,0.1.0,3.11.9,2.5.0,b58b31db18364511c43757e27fffc7abce8df2c1,True,ok,,
1.0,heisenberg_chain:N057,-4.0,empirical,,10.0,,2.0,a8fa234e-a646-4911-8402-a67c302db4ae,2026-08-12T00:11:58.358108+00:00,c1ad72de628f71283ac69037e9bbe97c3e773952f5abde5eac91397ca322d1a6,resource-grid,heisenberg_chain,Heisenberg-57,"{""coupling"":1.0,""field_z"":0.3}",57,57.0,proportional,1.0,0.0001,185.10000000000065,225,mpf-j-mizuta2026-theorem6-empirical-operator-norm,multiproduct,MPF J=Mizuta Theorem 6 (resolved per point) [empirical operator norm],empirical-operator-norm,,,10.0,20.0,mizuta2026-theorem6,6.300000000000004,9e-05,,,,,,,,,,,,,,,,,,,,,,,,,,,,,,,,,,,,,,,,,,,,,,,,,,,,,9e-05,,,,,,,,,,,,,,,,,,,,,,,,,,,,,,,,,,,,,,,,,,,0.1.0,3.11.9,2.5.0,b58b31db18364511c43757e27fffc7abce8df2c1,True,missing_empirical,UnsupportedEmpiricalCalibrationError,"no reviewed empirical operator-norm calibration for method=multiproduct, formal_order=20, model=heisenberg_chain, parameters={'coupling': 1.0, 'field_z': 0.3}, boundary=open, partition=None, schedule='new', formula='ordered-individual-pauli-strang-mpf-v1'"
1.0,heisenberg_chain:N057,-4.0,commutator,,10.0,70322.0,2.0,a8fa234e-a646-4911-8402-a67c302db4ae,2026-08-12T00:11:58.358108+00:00,c1ad72de628f71283ac69037e9bbe97c3e773952f5abde5eac91397ca322d1a6,resource-grid,heisenberg_chain,Heisenberg-57,"{""coupling"":1.0,""field_z"":0.3}",57,57.0,proportional,1.0,0.0001,185.10000000000065,225,mpf-j-mizuta2026-theorem6-mizuta2026-commutator-ideal-rigorous,multiproduct,MPF J=Mizuta Theorem 6 (resolved per point) [Mizuta 2026 refined commutator],mizuta2026-commutator-ideal-rigorous,analytical,,10.0,20.0,mizuta2026-theorem6,6.300000000000004,9e-05,70322.0,70322.0,,48535.0,"[""error""]",212.8718604247946,20.0,,,1.2796032304293238e-09,9.144317047031345e-33,6.996292586382326e-49,9.144317047031342e-33,9.144317047031345e-33,1.279603230429324e-09,8.99923557861654e-05,1.2347983226156727e-05,False,0.0011744154417644244,"[1.0000000000000002,1.0000000000000002,1.0000000000000002,1.0000000000000002,1.0000000000000002,1.0000000000000002,1.0000000000000002,1.0000000000000002,1.0000000000000002,1.0000000000000002,1.0000000000000002,1.0000000000000002,1.0000000000000002,1.0000000000000002,1.0000000000000002,1.0000000000000002,1.0000000000000002,1.0000000000000002,1.0000000000000002,1.0000000000000002,1.0000000000000002,1.0000000000000002,1.0000000000000002,1.0000000000000002,1.0000000000000002,1.0000000000000002,1.0000000000000002,1.0000000000000002,1.0000000000000002,1.0000000000000002,1.0000000000000002,1.0000000000000002,1.0000000000000002,1.0000000000000002,1.0000000000000002,1.0000000000000002,1.0000000000000002,1.0000000000000002,1.0000000000000002,1.0000000000000002,1.0000000000000002,1.0000000000000002,1.0000000000000002,1.0000000000000002,1.0000000000000002,1.0000000000000002,1.0000000000000002,1.0000000000000002,1.0000000000000002,1.0000000000000002,1.0000000000000002,1.0000000000000002,1.0000000000000002,1.0000000000000002,1.0000000000000002,1.0000000000000002,1.0000000000000002,1.0000000000000002,1.0000000000000002,1.0000000000000002,1.0000000000000002,1.0000000000000002,1.0000000000000002,1.0000000000000002,1.0000000000000002,1.0000000000000002,1.0000000000000002,1.0000000000000002,1.0000000000000002,1.0000000000000002,1.0000000000000002,1.0000000000000002,1.0000000000000002,1.0000000000000002,1.0000000000000002,1.0000000000000002,1.0000000000000002,1.0000000000000002,1.0000000000000002,1.0000000000000002,1.0000000000000002,1.0000000000000002,1.0000000000000002,1.0000000000000002,1.0000000000000002,1.0000000000000002,1.0000000000000002,1.0000000000000002,1.0000000000000002,1.0000000000000002,1.0000000000000002,1.0000000000000002,1.0000000000000002,1.0000000000000002,1.0000000000000002,1.0000000000000002,1.0000000000000002,1.0000000000000002,1.0000000000000002,1.0000000000000002,1.0000000000000002,1.0000000000000002,1.0000000000000002,1.0000000000000002,1.0000000000000002,1.0000000000000002,1.0000000000000002,1.0000000000000002,1.0000000000000002,1.0000000000000002,1.0000000000000002,1.0000000000000002,1.0000000000000002,1.0000000000000002,1.0000000000000002,1.0000000000000002,1.0000000000000002,1.0000000000000002,1.0000000000000002,1.0000000000000002,1.0000000000000002,1.0000000000000002,1.0000000000000002,1.0000000000000002,1.0000000000000002,1.0000000000000002,1.0000000000000002,1.0000000000000002,1.0000000000000002,1.0000000000000002,1.0000000000000002,1.0000000000000002,1.0000000000000002,1.0000000000000002,1.0000000000000002,1.0000000000000002,1.0000000000000002,1.0000000000000002,1.0000000000000002,1.0000000000000002,1.0000000000000002,1.0000000000000002,1.0000000000000002,1.0000000000000002,1.0000000000000002,1.0000000000000002,1.0000000000000002,1.0000000000000002,1.0000000000000002,1.0000000000000002,1.0000000000000002,1.0000000000000002,1.0000000000000002,1.0000000000000002,1.0000000000000002,1.0000000000000002,1.0000000000000002,1.0000000000000002,1.0000000000000002,1.0000000000000002,1.0000000000000002,1.0000000000000002,1.0000000000000002,1.0000000000000002,1.0000000000000002,1.0000000000000002,1.0000000000000002,1.0000000000000002,1.0000000000000002,1.0000000000000002,1.0000000000000002,1.0000000000000002,1.0000000000000002,1.0000000000000002,1.0000000000000002,1.0000000000000002,1.0000000000000002,1.0000000000000002,1.0000000000000002,1.0000000000000002,1.0000000000000002,1.0000000000000002,1.0000000000000002,1.0000000000000002,1.0000000000000002,1.0000000000000002,1.0000000000000002,1.0000000000000002,1.0000000000000002,1.0000000000000002,1.0000000000000002,1.0000000000000002,1.0000000000000002,1.0000000000000002,1.0000000000000002,1.0000000000000002,1.0000000000000002,1.0000000000000002,1.0000000000000002,1.0000000000000002,1.0000000000000002,1.0000000000000002,1.0000000000000002,1.0000000000000002,1.0000000000000002,1.0000000000000002,1.0000000000000002,1.0000000000000002,1.0000000000000002,1.0000000000000002,1.0000000000000002,1.0000000000000002,1.0000000000000002,1.0000000000000002,1.0000000000000002,1.0000000000000002,1.0000000000000002,1.0000000000000002,1.0000000000000002,1.0000000000000002,1.0000000000000002,1.0000000000000002,1.0000000000000002,1.0000000000000002,1.0000000000000002]",6.300000000000007,3.0,True,exact commutator transition cap reached; locality bound used,not-used,commutator,mizuta2026-commutator-ideal-rigorous,[],21518532.0,,,,8.99923557861654e-05,1.0534619387045217e+56,mizuta2026-commutator-ideal-rigorous,"Mizuta, Quantum 10, 1974 (2026), arXiv:2507.06557v4","Theorem 4, Eqs. (47)--(49), with direct Lemmas 9--10 BCH remainder","{""error_predicate_satisfied"":1.0,""extensiveness_g"":6.300000000000004,""joint_predicate_satisfied"":1.0,""legacy_first_condition_passed"":0.0,""legacy_first_time_limit"":1.2347983226156727e-05,""local_commutator_error"":1.2796032304293238e-09,""local_step_error"":1.279603230429324e-09,""local_truncated_bch_error"":9.144317047031345e-33,""locality_k"":2.0,""mu_upper"":212.8718604247946,""refined_lemma10_remainder"":9.144317047031342e-33,""refined_lemma9_remainder"":6.996292586382326e-49,""refined_tail_fallback"":0.0,""repeated_global_error"":8.99923557861654e-05,""schedule_weighted_extensiveness"":6.300000000000007,""second_time_limit"":0.0011744154417644244,""time_2_predicate_satisfied"":1.0,""total_branchwise_bch_remainder"":9.144317047031345e-33,""truncation_order_p0"":20.0}",True,ideal-mpf,True,ordered individual Pauli terms,"[""individual Pauli summands define the ordered H_gamma decomposition"",""the actual Strang factors define schedule-weighted g_alpha extensiveness"",""Lemma 9 and Lemma 10 positive majorants directly certify the BCH remainder"",""the scalar-flow/Cauchy refined tail certificate is used"",""Theorem 4 second time hypothesis is satisfied"",""the repeated ideal MPF is composed with the Eq. (15) telescoping argument""]","exact Pauli recurrence would require 307800 transitions at order 4, above cap 250000; remaining orders use Mizuta 2026 Eq. (8)",20.0,3.0,True,True,"{""2"":1588.800000000002,""3"":26021.760000000057,""4"":34480081.03680006,""5"":3475592168.5094457,""6"":437924613232.18976,""7"":66214201520707.76,""8"":1.1680185148252828e+16,""9"":2.354725325887758e+18,""10"":5.3405170391134274e+20,""11"":1.345810293856585e+23,""12"":3.7305861345704733e+25,""13"":1.1281292470941247e+28,""14"":3.6957514134803366e+30,""15"":1.303861098675863e+33,""16"":4.9285949529947805e+35,""17"":1.987209485047489e+38,""18"":8.513205433943494e+40,""19"":3.861589984836771e+43,""20"":1.8489292847398422e+46}",repeated-shared-ancilla-good-block,True,False,9e-05,new,"[1,2,3,4,5,6,7,10,18,46]","[-1.018659142049789e-15,7.422846929019768e-10,-1.3257582359573536e-06,0.00016899488366474386,-0.004245967231050632,0.03062942826404365,-0.06314501886386865,0.12451536167559175,-0.4127707622244733,1.3248492885120446]",1.960326148155259,0.03967385184474104,102.0,registered-exact,True,10.0,5.0,2.0,6.0,12.0,4.0,6.0,3.0,2.0,3.0,2.0,one robust OAA round per segment,70322.0,branch register all-zero,,64.0,19329970716.0,9141860.0,-1.0,3073501911284.0,33814125547.0,analytical-model,1e-05,,,,,,,,,,,,0.1.0,3.11.9,2.5.0,b58b31db18364511c43757e27fffc7abce8df2c1,True,ok,,
